model params: 6,045,569
device: cuda
puzzle: state_size=120 moves=24
training: {'n_epochs': 4000, 'samples_per_epoch': 1000000, 'batch_size': 16384, 'k_max': 80, 'lr': 0.002, 'weight_decay': 0.0, 'checkpoint_every_epochs': 200, 'n_back': 1, 'loss': 'mse', 'amp': True, 'compile_model': True, 'fused_optimizer': True, 'device': 'cuda', 'seed': 10}
epoch    0 | loss 494.5628 | lr 2.00e-03 | 30.3s
epoch    1 | loss 130.0162 | lr 2.00e-03 | 1.3s
epoch    2 | loss 110.9851 | lr 2.00e-03 | 1.2s
epoch    3 | loss 108.2878 | lr 2.00e-03 | 1.2s
epoch    4 | loss 106.0819 | lr 2.00e-03 | 1.2s
epoch    5 | loss 103.2700 | lr 2.00e-03 | 1.2s
epoch    6 | loss 97.4569 | lr 2.00e-03 | 1.2s
epoch    7 | loss 94.5434 | lr 2.00e-03 | 1.2s
epoch    8 | loss 94.9559 | lr 2.00e-03 | 1.2s
epoch    9 | loss 88.8676 | lr 2.00e-03 | 1.2s
epoch   10 | loss 85.6104 | lr 2.00e-03 | 1.2s
epoch   11 | loss 83.9992 | lr 2.00e-03 | 1.3s
epoch   12 | loss 84.1139 | lr 2.00e-03 | 1.2s
epoch   13 | loss 82.6100 | lr 2.00e-03 | 1.2s
epoch   14 | loss 84.5175 | lr 2.00e-03 | 1.2s
epoch   15 | loss 79.8664 | lr 2.00e-03 | 1.2s
epoch   16 | loss 82.1660 | lr 2.00e-03 | 1.2s
epoch   17 | loss 78.9115 | lr 2.00e-03 | 1.2s
epoch   18 | loss 79.6375 | lr 2.00e-03 | 1.3s
epoch   19 | loss 81.5307 | lr 2.00e-03 | 1.2s
epoch   20 | loss 77.6439 | lr 2.00e-03 | 1.2s
epoch   21 | loss 77.8728 | lr 2.00e-03 | 1.2s
epoch   22 | loss 78.0212 | lr 2.00e-03 | 1.2s
epoch   23 | loss 77.4659 | lr 2.00e-03 | 1.2s
epoch   24 | loss 77.1777 | lr 2.00e-03 | 1.2s
epoch   25 | loss 77.9340 | lr 2.00e-03 | 1.2s
epoch   26 | loss 76.7416 | lr 2.00e-03 | 1.2s
epoch   27 | loss 77.1950 | lr 2.00e-03 | 1.2s
epoch   28 | loss 75.4468 | lr 2.00e-03 | 1.2s
epoch   29 | loss 76.0670 | lr 2.00e-03 | 1.2s
epoch   30 | loss 76.6097 | lr 2.00e-03 | 1.2s
epoch   31 | loss 75.3407 | lr 2.00e-03 | 1.2s
epoch   32 | loss 74.6858 | lr 2.00e-03 | 1.2s
epoch   33 | loss 75.1317 | lr 2.00e-03 | 1.2s
epoch   34 | loss 75.4071 | lr 2.00e-03 | 1.2s
epoch   35 | loss 74.6036 | lr 2.00e-03 | 1.2s
epoch   36 | loss 73.9837 | lr 2.00e-03 | 1.2s
epoch   37 | loss 74.8126 | lr 2.00e-03 | 1.2s
epoch   38 | loss 74.3620 | lr 2.00e-03 | 1.2s
epoch   39 | loss 74.1511 | lr 2.00e-03 | 1.2s
epoch   40 | loss 74.0924 | lr 2.00e-03 | 1.2s
epoch   41 | loss 74.8672 | lr 2.00e-03 | 1.2s
epoch   42 | loss 73.3048 | lr 2.00e-03 | 1.2s
epoch   43 | loss 73.1611 | lr 2.00e-03 | 1.2s
epoch   44 | loss 73.7496 | lr 2.00e-03 | 1.2s
epoch   45 | loss 73.1244 | lr 2.00e-03 | 1.2s
epoch   46 | loss 72.6220 | lr 2.00e-03 | 1.2s
epoch   47 | loss 72.5739 | lr 2.00e-03 | 1.2s
epoch   48 | loss 72.4210 | lr 2.00e-03 | 1.2s
epoch   49 | loss 72.7425 | lr 2.00e-03 | 1.2s
epoch   50 | loss 71.9764 | lr 2.00e-03 | 1.2s
epoch   51 | loss 72.4573 | lr 2.00e-03 | 1.2s
epoch   52 | loss 71.8131 | lr 2.00e-03 | 1.2s
epoch   53 | loss 72.3619 | lr 2.00e-03 | 1.2s
epoch   54 | loss 71.6210 | lr 2.00e-03 | 1.2s
epoch   55 | loss 72.1599 | lr 2.00e-03 | 1.2s
epoch   56 | loss 71.1969 | lr 2.00e-03 | 1.2s
epoch   57 | loss 71.3703 | lr 2.00e-03 | 1.2s
epoch   58 | loss 72.2595 | lr 2.00e-03 | 1.2s
epoch   59 | loss 71.5851 | lr 2.00e-03 | 1.2s
epoch   60 | loss 71.4877 | lr 2.00e-03 | 1.2s
epoch   61 | loss 71.7013 | lr 2.00e-03 | 1.2s
epoch   62 | loss 71.2377 | lr 2.00e-03 | 1.2s
epoch   63 | loss 71.8655 | lr 2.00e-03 | 1.2s
epoch   64 | loss 71.1073 | lr 2.00e-03 | 1.2s
epoch   65 | loss 71.1804 | lr 2.00e-03 | 1.2s
epoch   66 | loss 70.2016 | lr 2.00e-03 | 1.2s
epoch   67 | loss 70.9105 | lr 2.00e-03 | 1.2s
epoch   68 | loss 70.5177 | lr 2.00e-03 | 1.2s
epoch   69 | loss 70.2780 | lr 2.00e-03 | 1.2s
epoch   70 | loss 70.8092 | lr 2.00e-03 | 1.2s
epoch   71 | loss 70.6609 | lr 2.00e-03 | 1.2s
epoch   72 | loss 70.6057 | lr 2.00e-03 | 1.2s
epoch   73 | loss 69.9695 | lr 2.00e-03 | 1.2s
epoch   74 | loss 71.0082 | lr 2.00e-03 | 1.2s
epoch   75 | loss 70.2642 | lr 2.00e-03 | 1.2s
epoch   76 | loss 70.1908 | lr 2.00e-03 | 1.2s
epoch   77 | loss 69.8569 | lr 2.00e-03 | 1.2s
epoch   78 | loss 70.6911 | lr 2.00e-03 | 1.2s
epoch   79 | loss 69.7566 | lr 2.00e-03 | 1.2s
epoch   80 | loss 69.8626 | lr 2.00e-03 | 1.2s
epoch   81 | loss 69.8858 | lr 2.00e-03 | 1.2s
epoch   82 | loss 69.4541 | lr 2.00e-03 | 1.2s
epoch   83 | loss 69.8899 | lr 2.00e-03 | 1.2s
epoch   84 | loss 70.7235 | lr 2.00e-03 | 1.2s
epoch   85 | loss 69.3783 | lr 2.00e-03 | 1.2s
epoch   86 | loss 70.6648 | lr 2.00e-03 | 1.2s
epoch   87 | loss 69.5986 | lr 2.00e-03 | 1.2s
epoch   88 | loss 70.4929 | lr 2.00e-03 | 1.2s
epoch   89 | loss 69.4553 | lr 2.00e-03 | 1.2s
epoch   90 | loss 69.0605 | lr 2.00e-03 | 1.2s
epoch   91 | loss 69.5399 | lr 2.00e-03 | 1.2s
epoch   92 | loss 69.4243 | lr 2.00e-03 | 1.2s
epoch   93 | loss 69.8969 | lr 2.00e-03 | 1.2s
epoch   94 | loss 70.1752 | lr 2.00e-03 | 1.2s
epoch   95 | loss 69.1493 | lr 2.00e-03 | 1.2s
epoch   96 | loss 69.2210 | lr 2.00e-03 | 1.2s
epoch   97 | loss 69.6784 | lr 2.00e-03 | 1.2s
epoch   98 | loss 69.4167 | lr 2.00e-03 | 1.2s
epoch   99 | loss 69.5570 | lr 2.00e-03 | 1.2s
epoch  100 | loss 69.3057 | lr 2.00e-03 | 1.2s
epoch  101 | loss 69.3500 | lr 2.00e-03 | 1.2s
epoch  102 | loss 68.5488 | lr 2.00e-03 | 1.2s
epoch  103 | loss 68.8853 | lr 2.00e-03 | 1.2s
epoch  104 | loss 68.6659 | lr 2.00e-03 | 1.2s
epoch  105 | loss 68.4046 | lr 2.00e-03 | 1.2s
epoch  106 | loss 69.4238 | lr 2.00e-03 | 1.2s
epoch  107 | loss 68.3682 | lr 2.00e-03 | 1.2s
epoch  108 | loss 69.2109 | lr 2.00e-03 | 1.2s
epoch  109 | loss 69.1696 | lr 2.00e-03 | 1.2s
epoch  110 | loss 67.9121 | lr 2.00e-03 | 1.2s
epoch  111 | loss 69.9050 | lr 2.00e-03 | 1.2s
epoch  112 | loss 68.7313 | lr 2.00e-03 | 1.2s
epoch  113 | loss 68.5133 | lr 2.00e-03 | 1.2s
epoch  114 | loss 68.1373 | lr 2.00e-03 | 1.2s
epoch  115 | loss 68.4556 | lr 2.00e-03 | 1.2s
epoch  116 | loss 68.3394 | lr 2.00e-03 | 1.2s
epoch  117 | loss 68.3326 | lr 2.00e-03 | 1.2s
epoch  118 | loss 69.0956 | lr 2.00e-03 | 1.2s
epoch  119 | loss 68.5675 | lr 2.00e-03 | 1.2s
epoch  120 | loss 68.2630 | lr 2.00e-03 | 1.2s
epoch  121 | loss 67.5365 | lr 2.00e-03 | 1.2s
epoch  122 | loss 67.8667 | lr 2.00e-03 | 1.2s
epoch  123 | loss 68.4068 | lr 2.00e-03 | 1.2s
epoch  124 | loss 69.2442 | lr 2.00e-03 | 1.2s
epoch  125 | loss 69.7899 | lr 2.00e-03 | 1.2s
epoch  126 | loss 69.2608 | lr 2.00e-03 | 1.2s
epoch  127 | loss 68.9474 | lr 1.99e-03 | 1.2s
epoch  128 | loss 68.4445 | lr 1.99e-03 | 1.2s
epoch  129 | loss 68.1592 | lr 1.99e-03 | 1.2s
epoch  130 | loss 67.8679 | lr 1.99e-03 | 1.2s
epoch  131 | loss 68.4022 | lr 1.99e-03 | 1.2s
epoch  132 | loss 68.0933 | lr 1.99e-03 | 1.2s
epoch  133 | loss 67.9740 | lr 1.99e-03 | 1.2s
epoch  134 | loss 68.1955 | lr 1.99e-03 | 1.2s
epoch  135 | loss 67.6896 | lr 1.99e-03 | 1.2s
epoch  136 | loss 67.5435 | lr 1.99e-03 | 1.2s
epoch  137 | loss 67.7657 | lr 1.99e-03 | 1.2s
epoch  138 | loss 67.8471 | lr 1.99e-03 | 1.2s
epoch  139 | loss 67.3599 | lr 1.99e-03 | 1.2s
epoch  140 | loss 68.0639 | lr 1.99e-03 | 1.2s
epoch  141 | loss 68.4740 | lr 1.99e-03 | 1.2s
epoch  142 | loss 67.5973 | lr 1.99e-03 | 1.2s
epoch  143 | loss 67.7006 | lr 1.99e-03 | 1.2s
epoch  144 | loss 67.4877 | lr 1.99e-03 | 1.2s
epoch  145 | loss 67.8003 | lr 1.99e-03 | 1.2s
epoch  146 | loss 67.1023 | lr 1.99e-03 | 1.2s
epoch  147 | loss 67.5114 | lr 1.99e-03 | 1.2s
epoch  148 | loss 67.7216 | lr 1.99e-03 | 1.2s
epoch  149 | loss 67.2238 | lr 1.99e-03 | 1.2s
epoch  150 | loss 67.7897 | lr 1.99e-03 | 1.2s
epoch  151 | loss 67.4669 | lr 1.99e-03 | 1.2s
epoch  152 | loss 67.5286 | lr 1.99e-03 | 1.2s
epoch  153 | loss 68.0411 | lr 1.99e-03 | 1.2s
epoch  154 | loss 68.7060 | lr 1.99e-03 | 1.2s
epoch  155 | loss 68.0266 | lr 1.99e-03 | 1.2s
epoch  156 | loss 67.3653 | lr 1.99e-03 | 1.2s
epoch  157 | loss 67.9177 | lr 1.99e-03 | 1.2s
epoch  158 | loss 68.2714 | lr 1.99e-03 | 1.2s
epoch  159 | loss 67.6205 | lr 1.99e-03 | 1.2s
epoch  160 | loss 67.8653 | lr 1.99e-03 | 1.2s
epoch  161 | loss 67.7556 | lr 1.99e-03 | 1.2s
epoch  162 | loss 67.5770 | lr 1.99e-03 | 1.2s
epoch  163 | loss 67.7223 | lr 1.99e-03 | 1.2s
epoch  164 | loss 67.3002 | lr 1.99e-03 | 1.2s
epoch  165 | loss 67.9900 | lr 1.99e-03 | 1.2s
epoch  166 | loss 67.6452 | lr 1.99e-03 | 1.2s
epoch  167 | loss 67.5352 | lr 1.99e-03 | 1.2s
epoch  168 | loss 67.8006 | lr 1.99e-03 | 1.2s
epoch  169 | loss 67.4453 | lr 1.99e-03 | 1.2s
epoch  170 | loss 68.1280 | lr 1.99e-03 | 1.2s
epoch  171 | loss 67.2785 | lr 1.99e-03 | 1.2s
epoch  172 | loss 67.1555 | lr 1.99e-03 | 1.2s
epoch  173 | loss 67.7833 | lr 1.99e-03 | 1.2s
epoch  174 | loss 67.5288 | lr 1.99e-03 | 1.2s
epoch  175 | loss 66.9638 | lr 1.99e-03 | 1.2s
epoch  176 | loss 67.1351 | lr 1.99e-03 | 1.2s
epoch  177 | loss 67.2059 | lr 1.99e-03 | 1.2s
epoch  178 | loss 67.2709 | lr 1.99e-03 | 1.2s
epoch  179 | loss 67.0660 | lr 1.99e-03 | 1.2s
epoch  180 | loss 67.4169 | lr 1.99e-03 | 1.2s
epoch  181 | loss 67.6354 | lr 1.99e-03 | 1.2s
epoch  182 | loss 67.3163 | lr 1.99e-03 | 1.2s
epoch  183 | loss 67.3852 | lr 1.99e-03 | 1.2s
epoch  184 | loss 68.1172 | lr 1.99e-03 | 1.2s
epoch  185 | loss 67.2701 | lr 1.99e-03 | 1.2s
epoch  186 | loss 67.2385 | lr 1.99e-03 | 1.2s
epoch  187 | loss 66.9512 | lr 1.99e-03 | 1.2s
epoch  188 | loss 67.3517 | lr 1.99e-03 | 1.2s
epoch  189 | loss 66.5130 | lr 1.99e-03 | 1.2s
epoch  190 | loss 67.0762 | lr 1.99e-03 | 1.2s
epoch  191 | loss 67.5106 | lr 1.99e-03 | 1.2s
epoch  192 | loss 67.4713 | lr 1.99e-03 | 1.2s
epoch  193 | loss 67.1612 | lr 1.99e-03 | 1.2s
epoch  194 | loss 66.8893 | lr 1.99e-03 | 1.2s
epoch  195 | loss 66.8852 | lr 1.99e-03 | 1.3s
epoch  196 | loss 67.4032 | lr 1.99e-03 | 1.2s
epoch  197 | loss 67.8320 | lr 1.99e-03 | 1.2s
epoch  198 | loss 66.6968 | lr 1.99e-03 | 1.2s
epoch  199 | loss 67.4140 | lr 1.99e-03 | 1.2s
epoch  200 | loss 67.6505 | lr 1.99e-03 | 1.2s
epoch  201 | loss 66.6175 | lr 1.99e-03 | 1.2s
epoch  202 | loss 66.8636 | lr 1.99e-03 | 1.2s
epoch  203 | loss 67.4568 | lr 1.99e-03 | 1.2s
epoch  204 | loss 66.5325 | lr 1.99e-03 | 1.2s
epoch  205 | loss 66.8942 | lr 1.99e-03 | 1.2s
epoch  206 | loss 66.6502 | lr 1.99e-03 | 1.2s
epoch  207 | loss 67.2303 | lr 1.99e-03 | 1.2s
epoch  208 | loss 66.4088 | lr 1.99e-03 | 1.2s
epoch  209 | loss 66.7278 | lr 1.99e-03 | 1.2s
epoch  210 | loss 67.5080 | lr 1.99e-03 | 1.2s
epoch  211 | loss 66.8857 | lr 1.99e-03 | 1.2s
epoch  212 | loss 67.2825 | lr 1.99e-03 | 1.2s
epoch  213 | loss 67.2294 | lr 1.99e-03 | 1.2s
epoch  214 | loss 67.1315 | lr 1.99e-03 | 1.2s
epoch  215 | loss 66.7647 | lr 1.99e-03 | 1.2s
epoch  216 | loss 67.8504 | lr 1.99e-03 | 1.2s
epoch  217 | loss 67.1245 | lr 1.99e-03 | 1.2s
epoch  218 | loss 67.2363 | lr 1.99e-03 | 1.2s
epoch  219 | loss 67.2456 | lr 1.99e-03 | 1.2s
epoch  220 | loss 66.7944 | lr 1.98e-03 | 1.2s
epoch  221 | loss 66.8436 | lr 1.98e-03 | 1.2s
epoch  222 | loss 66.8336 | lr 1.98e-03 | 1.2s
epoch  223 | loss 67.7346 | lr 1.98e-03 | 1.2s
epoch  224 | loss 67.3649 | lr 1.98e-03 | 1.2s
epoch  225 | loss 66.5199 | lr 1.98e-03 | 1.2s
epoch  226 | loss 66.8789 | lr 1.98e-03 | 1.2s
epoch  227 | loss 65.8639 | lr 1.98e-03 | 1.2s
epoch  228 | loss 67.1578 | lr 1.98e-03 | 1.2s
epoch  229 | loss 66.4184 | lr 1.98e-03 | 1.2s
epoch  230 | loss 66.5675 | lr 1.98e-03 | 1.2s
epoch  231 | loss 67.5180 | lr 1.98e-03 | 1.2s
epoch  232 | loss 67.2032 | lr 1.98e-03 | 1.2s
epoch  233 | loss 66.2838 | lr 1.98e-03 | 1.2s
epoch  234 | loss 66.6492 | lr 1.98e-03 | 1.2s
epoch  235 | loss 65.9346 | lr 1.98e-03 | 1.2s
epoch  236 | loss 66.5686 | lr 1.98e-03 | 1.2s
epoch  237 | loss 66.5039 | lr 1.98e-03 | 1.2s
epoch  238 | loss 65.8053 | lr 1.98e-03 | 1.2s
epoch  239 | loss 66.0387 | lr 1.98e-03 | 1.2s
epoch  240 | loss 66.8556 | lr 1.98e-03 | 1.2s
epoch  241 | loss 67.3541 | lr 1.98e-03 | 1.2s
epoch  242 | loss 66.6663 | lr 1.98e-03 | 1.2s
epoch  243 | loss 65.7786 | lr 1.98e-03 | 1.2s
epoch  244 | loss 66.4298 | lr 1.98e-03 | 1.2s
epoch  245 | loss 66.4329 | lr 1.98e-03 | 1.2s
epoch  246 | loss 66.6210 | lr 1.98e-03 | 1.2s
epoch  247 | loss 66.0077 | lr 1.98e-03 | 1.2s
epoch  248 | loss 66.2061 | lr 1.98e-03 | 1.2s
epoch  249 | loss 66.5444 | lr 1.98e-03 | 1.2s
epoch  250 | loss 66.4128 | lr 1.98e-03 | 1.2s
epoch  251 | loss 66.3933 | lr 1.98e-03 | 1.2s
epoch  252 | loss 66.2766 | lr 1.98e-03 | 1.2s
epoch  253 | loss 66.6931 | lr 1.98e-03 | 1.2s
epoch  254 | loss 66.2727 | lr 1.98e-03 | 1.2s
epoch  255 | loss 66.4301 | lr 1.98e-03 | 1.2s
epoch  256 | loss 65.9604 | lr 1.98e-03 | 1.2s
epoch  257 | loss 66.9152 | lr 1.98e-03 | 1.2s
epoch  258 | loss 66.7939 | lr 1.98e-03 | 1.2s
epoch  259 | loss 66.1390 | lr 1.98e-03 | 1.2s
epoch  260 | loss 66.8284 | lr 1.98e-03 | 1.2s
epoch  261 | loss 66.1944 | lr 1.98e-03 | 1.2s
epoch  262 | loss 66.5028 | lr 1.98e-03 | 1.2s
epoch  263 | loss 66.2802 | lr 1.98e-03 | 1.2s
epoch  264 | loss 66.3821 | lr 1.98e-03 | 1.2s
epoch  265 | loss 66.0190 | lr 1.98e-03 | 1.2s
epoch  266 | loss 66.3098 | lr 1.98e-03 | 1.2s
epoch  267 | loss 66.3538 | lr 1.98e-03 | 1.2s
epoch  268 | loss 67.0446 | lr 1.98e-03 | 1.2s
epoch  269 | loss 66.6340 | lr 1.98e-03 | 1.2s
epoch  270 | loss 65.7394 | lr 1.98e-03 | 1.2s
epoch  271 | loss 66.6086 | lr 1.98e-03 | 1.2s
epoch  272 | loss 65.9992 | lr 1.98e-03 | 1.2s
epoch  273 | loss 66.6394 | lr 1.98e-03 | 1.2s
epoch  274 | loss 66.3070 | lr 1.98e-03 | 1.2s
epoch  275 | loss 66.8858 | lr 1.98e-03 | 1.2s
epoch  276 | loss 65.5424 | lr 1.98e-03 | 1.2s
epoch  277 | loss 66.3332 | lr 1.98e-03 | 1.2s
epoch  278 | loss 66.5177 | lr 1.98e-03 | 1.2s
epoch  279 | loss 66.0778 | lr 1.98e-03 | 1.2s
epoch  280 | loss 66.3646 | lr 1.98e-03 | 1.2s
epoch  281 | loss 65.9190 | lr 1.98e-03 | 1.2s
epoch  282 | loss 66.0211 | lr 1.98e-03 | 1.2s
epoch  283 | loss 66.1164 | lr 1.98e-03 | 1.2s
epoch  284 | loss 66.5028 | lr 1.98e-03 | 1.2s
epoch  285 | loss 65.2118 | lr 1.97e-03 | 1.2s
epoch  286 | loss 65.9024 | lr 1.97e-03 | 1.2s
epoch  287 | loss 65.8029 | lr 1.97e-03 | 1.2s
epoch  288 | loss 66.1890 | lr 1.97e-03 | 1.2s
epoch  289 | loss 66.5940 | lr 1.97e-03 | 1.2s
epoch  290 | loss 65.5874 | lr 1.97e-03 | 1.2s
epoch  291 | loss 65.8186 | lr 1.97e-03 | 1.2s
epoch  292 | loss 66.1062 | lr 1.97e-03 | 1.2s
epoch  293 | loss 66.1447 | lr 1.97e-03 | 1.2s
epoch  294 | loss 65.8264 | lr 1.97e-03 | 1.2s
epoch  295 | loss 65.9430 | lr 1.97e-03 | 1.2s
epoch  296 | loss 66.2225 | lr 1.97e-03 | 1.2s
epoch  297 | loss 65.7864 | lr 1.97e-03 | 1.2s
epoch  298 | loss 66.5104 | lr 1.97e-03 | 1.2s
epoch  299 | loss 65.4149 | lr 1.97e-03 | 1.2s
epoch  300 | loss 65.5287 | lr 1.97e-03 | 1.2s
epoch  301 | loss 65.7494 | lr 1.97e-03 | 1.2s
epoch  302 | loss 66.1538 | lr 1.97e-03 | 1.2s
epoch  303 | loss 65.9064 | lr 1.97e-03 | 1.2s
epoch  304 | loss 65.8154 | lr 1.97e-03 | 1.2s
epoch  305 | loss 65.7646 | lr 1.97e-03 | 1.2s
epoch  306 | loss 66.3918 | lr 1.97e-03 | 1.2s
epoch  307 | loss 66.0372 | lr 1.97e-03 | 1.2s
epoch  308 | loss 65.6342 | lr 1.97e-03 | 1.2s
epoch  309 | loss 65.4953 | lr 1.97e-03 | 1.2s
epoch  310 | loss 65.8566 | lr 1.97e-03 | 1.2s
epoch  311 | loss 65.3493 | lr 1.97e-03 | 1.2s
epoch  312 | loss 65.9923 | lr 1.97e-03 | 1.2s
epoch  313 | loss 66.5074 | lr 1.97e-03 | 1.2s
epoch  314 | loss 66.2602 | lr 1.97e-03 | 1.2s
epoch  315 | loss 66.4191 | lr 1.97e-03 | 1.2s
epoch  316 | loss 66.2603 | lr 1.97e-03 | 1.2s
epoch  317 | loss 66.3862 | lr 1.97e-03 | 1.2s
epoch  318 | loss 65.8483 | lr 1.97e-03 | 1.2s
epoch  319 | loss 66.2206 | lr 1.97e-03 | 1.2s
epoch  320 | loss 65.9404 | lr 1.97e-03 | 1.2s
epoch  321 | loss 66.4461 | lr 1.97e-03 | 1.2s
epoch  322 | loss 66.1173 | lr 1.97e-03 | 1.2s
epoch  323 | loss 65.7628 | lr 1.97e-03 | 1.2s
epoch  324 | loss 65.9203 | lr 1.97e-03 | 1.2s
epoch  325 | loss 65.3411 | lr 1.97e-03 | 1.2s
epoch  326 | loss 66.7114 | lr 1.97e-03 | 1.2s
epoch  327 | loss 66.0766 | lr 1.97e-03 | 1.2s
epoch  328 | loss 65.8442 | lr 1.97e-03 | 1.2s
epoch  329 | loss 65.8986 | lr 1.97e-03 | 1.2s
epoch  330 | loss 65.6311 | lr 1.97e-03 | 1.2s
epoch  331 | loss 65.4478 | lr 1.97e-03 | 1.2s
epoch  332 | loss 66.0423 | lr 1.97e-03 | 1.2s
epoch  333 | loss 65.6972 | lr 1.97e-03 | 1.2s
epoch  334 | loss 65.8421 | lr 1.97e-03 | 1.2s
epoch  335 | loss 65.5542 | lr 1.97e-03 | 1.2s
epoch  336 | loss 65.6986 | lr 1.97e-03 | 1.2s
epoch  337 | loss 65.8159 | lr 1.96e-03 | 1.2s
epoch  338 | loss 65.7322 | lr 1.96e-03 | 1.2s
epoch  339 | loss 65.7673 | lr 1.96e-03 | 1.2s
epoch  340 | loss 66.5027 | lr 1.96e-03 | 1.2s
epoch  341 | loss 66.2935 | lr 1.96e-03 | 1.2s
epoch  342 | loss 66.1876 | lr 1.96e-03 | 1.2s
epoch  343 | loss 64.9632 | lr 1.96e-03 | 1.2s
epoch  344 | loss 65.4928 | lr 1.96e-03 | 1.2s
epoch  345 | loss 65.3814 | lr 1.96e-03 | 1.2s
epoch  346 | loss 65.9873 | lr 1.96e-03 | 1.2s
epoch  347 | loss 65.4405 | lr 1.96e-03 | 1.2s
epoch  348 | loss 65.4982 | lr 1.96e-03 | 1.2s
epoch  349 | loss 65.5894 | lr 1.96e-03 | 1.2s
epoch  350 | loss 65.7909 | lr 1.96e-03 | 1.2s
epoch  351 | loss 65.1960 | lr 1.96e-03 | 1.2s
epoch  352 | loss 65.9364 | lr 1.96e-03 | 1.2s
epoch  353 | loss 65.5405 | lr 1.96e-03 | 1.2s
epoch  354 | loss 65.3572 | lr 1.96e-03 | 1.2s
epoch  355 | loss 64.8654 | lr 1.96e-03 | 1.2s
epoch  356 | loss 65.9837 | lr 1.96e-03 | 1.2s
epoch  357 | loss 65.8902 | lr 1.96e-03 | 1.2s
epoch  358 | loss 65.3596 | lr 1.96e-03 | 1.2s
epoch  359 | loss 65.8143 | lr 1.96e-03 | 1.2s
epoch  360 | loss 65.9012 | lr 1.96e-03 | 1.2s
epoch  361 | loss 66.2603 | lr 1.96e-03 | 1.2s
epoch  362 | loss 66.0537 | lr 1.96e-03 | 1.2s
epoch  363 | loss 65.6816 | lr 1.96e-03 | 1.2s
epoch  364 | loss 65.2652 | lr 1.96e-03 | 1.2s
epoch  365 | loss 65.1471 | lr 1.96e-03 | 1.2s
epoch  366 | loss 65.6762 | lr 1.96e-03 | 1.2s
epoch  367 | loss 66.5367 | lr 1.96e-03 | 1.2s
epoch  368 | loss 65.5941 | lr 1.96e-03 | 1.2s
epoch  369 | loss 65.1974 | lr 1.96e-03 | 1.2s
epoch  370 | loss 65.4568 | lr 1.96e-03 | 1.2s
epoch  371 | loss 65.3270 | lr 1.96e-03 | 1.2s
epoch  372 | loss 65.5250 | lr 1.96e-03 | 1.2s
epoch  373 | loss 65.6863 | lr 1.96e-03 | 1.2s
epoch  374 | loss 65.1743 | lr 1.96e-03 | 1.2s
epoch  375 | loss 65.0181 | lr 1.96e-03 | 1.2s
epoch  376 | loss 65.2691 | lr 1.96e-03 | 1.2s
epoch  377 | loss 65.6843 | lr 1.96e-03 | 1.2s
epoch  378 | loss 66.0075 | lr 1.96e-03 | 1.2s
epoch  379 | loss 65.3272 | lr 1.96e-03 | 1.2s
epoch  380 | loss 65.5472 | lr 1.96e-03 | 1.2s
epoch  381 | loss 65.6705 | lr 1.96e-03 | 1.2s
epoch  382 | loss 66.1131 | lr 1.96e-03 | 1.2s
epoch  383 | loss 65.2619 | lr 1.95e-03 | 1.2s
epoch  384 | loss 65.6138 | lr 1.95e-03 | 1.2s
epoch  385 | loss 65.5959 | lr 1.95e-03 | 1.2s
epoch  386 | loss 65.0619 | lr 1.95e-03 | 1.2s
epoch  387 | loss 65.5347 | lr 1.95e-03 | 1.2s
epoch  388 | loss 64.8840 | lr 1.95e-03 | 1.2s
epoch  389 | loss 65.1169 | lr 1.95e-03 | 1.2s
epoch  390 | loss 65.7757 | lr 1.95e-03 | 1.2s
epoch  391 | loss 65.0909 | lr 1.95e-03 | 1.2s
epoch  392 | loss 64.7882 | lr 1.95e-03 | 1.2s
epoch  393 | loss 65.5543 | lr 1.95e-03 | 1.2s
epoch  394 | loss 65.9000 | lr 1.95e-03 | 1.2s
epoch  395 | loss 65.5882 | lr 1.95e-03 | 1.2s
epoch  396 | loss 64.7846 | lr 1.95e-03 | 1.2s
epoch  397 | loss 65.2542 | lr 1.95e-03 | 1.2s
epoch  398 | loss 65.2364 | lr 1.95e-03 | 1.2s
epoch  399 | loss 65.3172 | lr 1.95e-03 | 1.2s
epoch  400 | loss 65.5880 | lr 1.95e-03 | 1.2s
epoch  401 | loss 64.0817 | lr 1.95e-03 | 1.2s
epoch  402 | loss 65.3482 | lr 1.95e-03 | 1.2s
epoch  403 | loss 65.9414 | lr 1.95e-03 | 1.2s
epoch  404 | loss 65.9585 | lr 1.95e-03 | 1.2s
epoch  405 | loss 65.2741 | lr 1.95e-03 | 1.2s
epoch  406 | loss 64.9709 | lr 1.95e-03 | 1.2s
epoch  407 | loss 65.3188 | lr 1.95e-03 | 1.2s
epoch  408 | loss 65.9639 | lr 1.95e-03 | 1.2s
epoch  409 | loss 64.8733 | lr 1.95e-03 | 1.2s
epoch  410 | loss 65.3444 | lr 1.95e-03 | 1.2s
epoch  411 | loss 64.5622 | lr 1.95e-03 | 1.2s
epoch  412 | loss 65.2927 | lr 1.95e-03 | 1.2s
epoch  413 | loss 65.6168 | lr 1.95e-03 | 1.2s
epoch  414 | loss 65.4527 | lr 1.95e-03 | 1.2s
epoch  415 | loss 65.3729 | lr 1.95e-03 | 1.2s
epoch  416 | loss 65.4512 | lr 1.95e-03 | 1.2s
epoch  417 | loss 65.5027 | lr 1.95e-03 | 1.2s
epoch  418 | loss 64.9138 | lr 1.95e-03 | 1.2s
epoch  419 | loss 65.1676 | lr 1.95e-03 | 1.2s
epoch  420 | loss 65.4681 | lr 1.95e-03 | 1.2s
epoch  421 | loss 65.1956 | lr 1.95e-03 | 1.2s
epoch  422 | loss 65.6646 | lr 1.95e-03 | 1.2s
epoch  423 | loss 64.9796 | lr 1.95e-03 | 1.2s
epoch  424 | loss 64.8974 | lr 1.94e-03 | 1.2s
epoch  425 | loss 64.9400 | lr 1.94e-03 | 1.2s
epoch  426 | loss 65.3538 | lr 1.94e-03 | 1.2s
epoch  427 | loss 65.6132 | lr 1.94e-03 | 1.2s
epoch  428 | loss 65.3388 | lr 1.94e-03 | 1.2s
epoch  429 | loss 64.9758 | lr 1.94e-03 | 1.2s
epoch  430 | loss 64.8764 | lr 1.94e-03 | 1.2s
epoch  431 | loss 65.0633 | lr 1.94e-03 | 1.2s
epoch  432 | loss 66.0499 | lr 1.94e-03 | 1.2s
epoch  433 | loss 65.1866 | lr 1.94e-03 | 1.2s
epoch  434 | loss 64.7586 | lr 1.94e-03 | 1.2s
epoch  435 | loss 65.2852 | lr 1.94e-03 | 1.2s
epoch  436 | loss 65.2860 | lr 1.94e-03 | 1.2s
epoch  437 | loss 65.0271 | lr 1.94e-03 | 1.2s
epoch  438 | loss 65.5269 | lr 1.94e-03 | 1.2s
epoch  439 | loss 64.8304 | lr 1.94e-03 | 1.2s
epoch  440 | loss 65.4469 | lr 1.94e-03 | 1.2s
epoch  441 | loss 65.6773 | lr 1.94e-03 | 1.2s
epoch  442 | loss 65.2597 | lr 1.94e-03 | 1.2s
epoch  443 | loss 65.0578 | lr 1.94e-03 | 1.2s
epoch  444 | loss 65.0159 | lr 1.94e-03 | 1.2s
epoch  445 | loss 65.6602 | lr 1.94e-03 | 1.2s
epoch  446 | loss 65.4820 | lr 1.94e-03 | 1.2s
epoch  447 | loss 64.7477 | lr 1.94e-03 | 1.2s
epoch  448 | loss 65.9352 | lr 1.94e-03 | 1.2s
epoch  449 | loss 65.4775 | lr 1.94e-03 | 1.2s
epoch  450 | loss 65.9955 | lr 1.94e-03 | 1.2s
epoch  451 | loss 64.9933 | lr 1.94e-03 | 1.2s
epoch  452 | loss 64.5694 | lr 1.94e-03 | 1.2s
epoch  453 | loss 64.7289 | lr 1.94e-03 | 1.2s
epoch  454 | loss 64.3178 | lr 1.94e-03 | 1.2s
epoch  455 | loss 65.6864 | lr 1.94e-03 | 1.2s
epoch  456 | loss 65.5063 | lr 1.94e-03 | 1.2s
epoch  457 | loss 65.1169 | lr 1.94e-03 | 1.2s
epoch  458 | loss 64.6339 | lr 1.94e-03 | 1.3s
epoch  459 | loss 65.3280 | lr 1.94e-03 | 1.2s
epoch  460 | loss 64.6622 | lr 1.94e-03 | 1.2s
epoch  461 | loss 64.8157 | lr 1.93e-03 | 1.2s
epoch  462 | loss 65.2011 | lr 1.93e-03 | 1.2s
epoch  463 | loss 64.6292 | lr 1.93e-03 | 1.2s
epoch  464 | loss 65.1513 | lr 1.93e-03 | 1.2s
epoch  465 | loss 64.9362 | lr 1.93e-03 | 1.2s
epoch  466 | loss 64.5733 | lr 1.93e-03 | 1.2s
epoch  467 | loss 65.1428 | lr 1.93e-03 | 1.3s
epoch  468 | loss 64.5200 | lr 1.93e-03 | 1.2s
epoch  469 | loss 65.3707 | lr 1.93e-03 | 1.2s
epoch  470 | loss 64.9125 | lr 1.93e-03 | 1.2s
epoch  471 | loss 65.3884 | lr 1.93e-03 | 1.2s
epoch  472 | loss 64.9841 | lr 1.93e-03 | 1.2s
epoch  473 | loss 64.5330 | lr 1.93e-03 | 1.3s
epoch  474 | loss 64.8371 | lr 1.93e-03 | 1.2s
epoch  475 | loss 64.8872 | lr 1.93e-03 | 1.2s
epoch  476 | loss 65.5202 | lr 1.93e-03 | 1.2s
epoch  477 | loss 65.2720 | lr 1.93e-03 | 1.2s
epoch  478 | loss 65.5344 | lr 1.93e-03 | 1.2s
epoch  479 | loss 65.3258 | lr 1.93e-03 | 1.2s
epoch  480 | loss 64.4452 | lr 1.93e-03 | 1.2s
epoch  481 | loss 65.2939 | lr 1.93e-03 | 1.2s
epoch  482 | loss 64.5928 | lr 1.93e-03 | 1.2s
epoch  483 | loss 64.3110 | lr 1.93e-03 | 1.2s
epoch  484 | loss 64.5861 | lr 1.93e-03 | 1.2s
epoch  485 | loss 64.8138 | lr 1.93e-03 | 1.2s
epoch  486 | loss 65.8583 | lr 1.93e-03 | 1.2s
epoch  487 | loss 64.9576 | lr 1.93e-03 | 1.2s
epoch  488 | loss 65.3209 | lr 1.93e-03 | 1.2s
epoch  489 | loss 65.1893 | lr 1.93e-03 | 1.2s
epoch  490 | loss 64.5371 | lr 1.93e-03 | 1.2s
epoch  491 | loss 65.2403 | lr 1.93e-03 | 1.2s
epoch  492 | loss 65.0839 | lr 1.93e-03 | 1.2s
epoch  493 | loss 65.2323 | lr 1.93e-03 | 1.2s
epoch  494 | loss 65.0511 | lr 1.93e-03 | 1.2s
epoch  495 | loss 64.7592 | lr 1.93e-03 | 1.2s
epoch  496 | loss 64.8140 | lr 1.92e-03 | 1.2s
epoch  497 | loss 64.3383 | lr 1.92e-03 | 1.2s
epoch  498 | loss 64.6936 | lr 1.92e-03 | 1.2s
epoch  499 | loss 64.7401 | lr 1.92e-03 | 1.2s
epoch  500 | loss 64.5718 | lr 1.92e-03 | 1.2s
epoch  501 | loss 65.3682 | lr 1.92e-03 | 1.2s
epoch  502 | loss 64.5645 | lr 1.92e-03 | 1.2s
epoch  503 | loss 64.6294 | lr 1.92e-03 | 1.2s
epoch  504 | loss 65.0084 | lr 1.92e-03 | 1.2s
epoch  505 | loss 64.6211 | lr 1.92e-03 | 1.2s
epoch  506 | loss 65.3325 | lr 1.92e-03 | 1.2s
epoch  507 | loss 64.5819 | lr 1.92e-03 | 1.2s
epoch  508 | loss 64.6934 | lr 1.92e-03 | 1.2s
epoch  509 | loss 64.5420 | lr 1.92e-03 | 1.2s
epoch  510 | loss 65.1132 | lr 1.92e-03 | 1.2s
epoch  511 | loss 65.0139 | lr 1.92e-03 | 1.2s
epoch  512 | loss 64.4697 | lr 1.92e-03 | 1.2s
epoch  513 | loss 64.7334 | lr 1.92e-03 | 1.2s
epoch  514 | loss 64.6604 | lr 1.92e-03 | 1.2s
epoch  515 | loss 64.8999 | lr 1.92e-03 | 1.3s
epoch  516 | loss 65.5157 | lr 1.92e-03 | 1.4s
epoch  517 | loss 64.7049 | lr 1.92e-03 | 1.4s
epoch  518 | loss 65.2142 | lr 1.92e-03 | 1.3s
epoch  519 | loss 65.1499 | lr 1.92e-03 | 1.2s
epoch  520 | loss 65.0213 | lr 1.92e-03 | 1.2s
epoch  521 | loss 65.0072 | lr 1.92e-03 | 1.2s
epoch  522 | loss 64.6921 | lr 1.92e-03 | 1.2s
epoch  523 | loss 65.4771 | lr 1.92e-03 | 1.2s
epoch  524 | loss 64.9673 | lr 1.92e-03 | 1.2s
epoch  525 | loss 65.1056 | lr 1.92e-03 | 1.2s
epoch  526 | loss 64.6766 | lr 1.92e-03 | 1.2s
epoch  527 | loss 65.2815 | lr 1.92e-03 | 1.2s
epoch  528 | loss 64.9560 | lr 1.91e-03 | 1.2s
epoch  529 | loss 64.8431 | lr 1.91e-03 | 1.2s
epoch  530 | loss 64.3023 | lr 1.91e-03 | 1.2s
epoch  531 | loss 65.3972 | lr 1.91e-03 | 1.2s
epoch  532 | loss 64.8752 | lr 1.91e-03 | 1.2s
epoch  533 | loss 64.9728 | lr 1.91e-03 | 1.2s
epoch  534 | loss 64.9930 | lr 1.91e-03 | 1.2s
epoch  535 | loss 65.0301 | lr 1.91e-03 | 1.2s
epoch  536 | loss 65.0131 | lr 1.91e-03 | 1.2s
epoch  537 | loss 64.4765 | lr 1.91e-03 | 1.2s
epoch  538 | loss 64.9310 | lr 1.91e-03 | 1.2s
epoch  539 | loss 65.1782 | lr 1.91e-03 | 1.2s
epoch  540 | loss 65.4060 | lr 1.91e-03 | 1.2s
epoch  541 | loss 64.7003 | lr 1.91e-03 | 1.2s
epoch  542 | loss 64.7316 | lr 1.91e-03 | 1.2s
epoch  543 | loss 64.8217 | lr 1.91e-03 | 1.2s
epoch  544 | loss 64.7873 | lr 1.91e-03 | 1.2s
epoch  545 | loss 64.7669 | lr 1.91e-03 | 1.2s
epoch  546 | loss 64.9159 | lr 1.91e-03 | 1.2s
epoch  547 | loss 64.9964 | lr 1.91e-03 | 1.2s
epoch  548 | loss 64.7351 | lr 1.91e-03 | 1.2s
epoch  549 | loss 64.3649 | lr 1.91e-03 | 1.2s
epoch  550 | loss 65.0493 | lr 1.91e-03 | 1.2s
epoch  551 | loss 64.4072 | lr 1.91e-03 | 1.2s
epoch  552 | loss 64.6760 | lr 1.91e-03 | 1.2s
epoch  553 | loss 64.2959 | lr 1.91e-03 | 1.2s
epoch  554 | loss 64.2033 | lr 1.91e-03 | 1.2s
epoch  555 | loss 64.8096 | lr 1.91e-03 | 1.2s
epoch  556 | loss 64.6510 | lr 1.91e-03 | 1.2s
epoch  557 | loss 63.8034 | lr 1.91e-03 | 1.2s
epoch  558 | loss 64.4430 | lr 1.91e-03 | 1.2s
epoch  559 | loss 64.4569 | lr 1.90e-03 | 1.2s
epoch  560 | loss 64.3781 | lr 1.90e-03 | 1.2s
epoch  561 | loss 64.6837 | lr 1.90e-03 | 1.2s
epoch  562 | loss 64.4992 | lr 1.90e-03 | 1.2s
epoch  563 | loss 64.5829 | lr 1.90e-03 | 1.2s
epoch  564 | loss 64.7131 | lr 1.90e-03 | 1.2s
epoch  565 | loss 65.0856 | lr 1.90e-03 | 1.2s
epoch  566 | loss 64.2007 | lr 1.90e-03 | 1.2s
epoch  567 | loss 64.9606 | lr 1.90e-03 | 1.2s
epoch  568 | loss 64.7588 | lr 1.90e-03 | 1.2s
epoch  569 | loss 65.1103 | lr 1.90e-03 | 1.2s
epoch  570 | loss 64.7038 | lr 1.90e-03 | 1.2s
epoch  571 | loss 63.9858 | lr 1.90e-03 | 1.2s
epoch  572 | loss 64.3512 | lr 1.90e-03 | 1.2s
epoch  573 | loss 64.9095 | lr 1.90e-03 | 1.2s
epoch  574 | loss 64.7985 | lr 1.90e-03 | 1.2s
epoch  575 | loss 65.4233 | lr 1.90e-03 | 1.2s
epoch  576 | loss 64.8302 | lr 1.90e-03 | 1.2s
epoch  577 | loss 64.7633 | lr 1.90e-03 | 1.2s
epoch  578 | loss 65.0286 | lr 1.90e-03 | 1.2s
epoch  579 | loss 64.5626 | lr 1.90e-03 | 1.2s
epoch  580 | loss 63.8209 | lr 1.90e-03 | 1.2s
epoch  581 | loss 65.0988 | lr 1.90e-03 | 1.2s
epoch  582 | loss 64.7750 | lr 1.90e-03 | 1.2s
epoch  583 | loss 64.5118 | lr 1.90e-03 | 1.2s
epoch  584 | loss 64.5476 | lr 1.90e-03 | 1.2s
epoch  585 | loss 65.1581 | lr 1.90e-03 | 1.2s
epoch  586 | loss 64.8561 | lr 1.90e-03 | 1.2s
epoch  587 | loss 64.3398 | lr 1.90e-03 | 1.3s
epoch  588 | loss 64.7560 | lr 1.89e-03 | 1.2s
epoch  589 | loss 64.6232 | lr 1.89e-03 | 1.2s
epoch  590 | loss 64.7659 | lr 1.89e-03 | 1.2s
epoch  591 | loss 64.6540 | lr 1.89e-03 | 1.2s
epoch  592 | loss 65.2542 | lr 1.89e-03 | 1.2s
epoch  593 | loss 64.4248 | lr 1.89e-03 | 1.2s
epoch  594 | loss 64.1505 | lr 1.89e-03 | 1.2s
epoch  595 | loss 64.9970 | lr 1.89e-03 | 1.3s
epoch  596 | loss 64.8921 | lr 1.89e-03 | 1.2s
epoch  597 | loss 64.4911 | lr 1.89e-03 | 1.2s
epoch  598 | loss 64.2593 | lr 1.89e-03 | 1.2s
epoch  599 | loss 65.0652 | lr 1.89e-03 | 1.2s
epoch  600 | loss 65.1366 | lr 1.89e-03 | 1.2s
epoch  601 | loss 65.4490 | lr 1.89e-03 | 1.2s
epoch  602 | loss 64.3758 | lr 1.89e-03 | 1.2s
epoch  603 | loss 64.8550 | lr 1.89e-03 | 1.2s
epoch  604 | loss 64.7113 | lr 1.89e-03 | 1.3s
epoch  605 | loss 64.7255 | lr 1.89e-03 | 1.2s
epoch  606 | loss 65.8523 | lr 1.89e-03 | 1.2s
epoch  607 | loss 64.4078 | lr 1.89e-03 | 1.2s
epoch  608 | loss 64.1581 | lr 1.89e-03 | 1.2s
epoch  609 | loss 64.9980 | lr 1.89e-03 | 1.2s
epoch  610 | loss 64.4841 | lr 1.89e-03 | 1.2s
epoch  611 | loss 65.1865 | lr 1.89e-03 | 1.2s
epoch  612 | loss 64.8829 | lr 1.89e-03 | 1.2s
epoch  613 | loss 64.8691 | lr 1.89e-03 | 1.2s
epoch  614 | loss 64.6213 | lr 1.89e-03 | 1.2s
epoch  615 | loss 65.1174 | lr 1.89e-03 | 1.2s
epoch  616 | loss 64.6949 | lr 1.88e-03 | 1.2s
epoch  617 | loss 64.5998 | lr 1.88e-03 | 1.2s
epoch  618 | loss 65.1297 | lr 1.88e-03 | 1.2s
epoch  619 | loss 64.5252 | lr 1.88e-03 | 1.2s
epoch  620 | loss 64.5533 | lr 1.88e-03 | 1.2s
epoch  621 | loss 65.4132 | lr 1.88e-03 | 1.2s
epoch  622 | loss 65.2397 | lr 1.88e-03 | 1.2s
epoch  623 | loss 64.5543 | lr 1.88e-03 | 1.2s
epoch  624 | loss 64.0540 | lr 1.88e-03 | 1.2s
epoch  625 | loss 64.5922 | lr 1.88e-03 | 1.2s
epoch  626 | loss 64.0329 | lr 1.88e-03 | 1.2s
epoch  627 | loss 64.5265 | lr 1.88e-03 | 1.2s
epoch  628 | loss 65.0958 | lr 1.88e-03 | 1.2s
epoch  629 | loss 64.9005 | lr 1.88e-03 | 1.2s
epoch  630 | loss 64.5560 | lr 1.88e-03 | 1.2s
epoch  631 | loss 65.1920 | lr 1.88e-03 | 1.2s
epoch  632 | loss 64.9876 | lr 1.88e-03 | 1.2s
epoch  633 | loss 64.6469 | lr 1.88e-03 | 1.2s
epoch  634 | loss 65.0466 | lr 1.88e-03 | 1.2s
epoch  635 | loss 64.4163 | lr 1.88e-03 | 1.2s
epoch  636 | loss 64.3296 | lr 1.88e-03 | 1.2s
epoch  637 | loss 64.2008 | lr 1.88e-03 | 1.2s
epoch  638 | loss 64.3745 | lr 1.88e-03 | 1.2s
epoch  639 | loss 64.5994 | lr 1.88e-03 | 1.2s
epoch  640 | loss 64.6213 | lr 1.88e-03 | 1.2s
epoch  641 | loss 64.9613 | lr 1.88e-03 | 1.2s
epoch  642 | loss 64.5747 | lr 1.88e-03 | 1.2s
epoch  643 | loss 64.4340 | lr 1.87e-03 | 1.2s
epoch  644 | loss 63.6442 | lr 1.87e-03 | 1.2s
epoch  645 | loss 64.0909 | lr 1.87e-03 | 1.2s
epoch  646 | loss 64.8737 | lr 1.87e-03 | 1.2s
epoch  647 | loss 64.3550 | lr 1.87e-03 | 1.2s
epoch  648 | loss 64.3964 | lr 1.87e-03 | 1.2s
epoch  649 | loss 64.5987 | lr 1.87e-03 | 1.2s
epoch  650 | loss 65.0234 | lr 1.87e-03 | 1.2s
epoch  651 | loss 64.9996 | lr 1.87e-03 | 1.2s
epoch  652 | loss 64.5179 | lr 1.87e-03 | 1.2s
epoch  653 | loss 64.3401 | lr 1.87e-03 | 1.2s
epoch  654 | loss 64.6826 | lr 1.87e-03 | 1.2s
epoch  655 | loss 64.4559 | lr 1.87e-03 | 1.2s
epoch  656 | loss 64.8713 | lr 1.87e-03 | 1.2s
epoch  657 | loss 65.1456 | lr 1.87e-03 | 1.2s
epoch  658 | loss 64.8464 | lr 1.87e-03 | 1.2s
epoch  659 | loss 64.8788 | lr 1.87e-03 | 1.2s
epoch  660 | loss 64.3983 | lr 1.87e-03 | 1.2s
epoch  661 | loss 64.7312 | lr 1.87e-03 | 1.2s
epoch  662 | loss 64.0179 | lr 1.87e-03 | 1.2s
epoch  663 | loss 65.2828 | lr 1.87e-03 | 1.2s
epoch  664 | loss 64.7476 | lr 1.87e-03 | 1.2s
epoch  665 | loss 64.4437 | lr 1.87e-03 | 1.2s
epoch  666 | loss 64.1410 | lr 1.87e-03 | 1.2s
epoch  667 | loss 64.0580 | lr 1.87e-03 | 1.2s
epoch  668 | loss 64.7716 | lr 1.87e-03 | 1.2s
epoch  669 | loss 64.8877 | lr 1.86e-03 | 1.2s
epoch  670 | loss 64.0344 | lr 1.86e-03 | 1.2s
epoch  671 | loss 65.0714 | lr 1.86e-03 | 1.2s
epoch  672 | loss 64.1610 | lr 1.86e-03 | 1.2s
epoch  673 | loss 64.3960 | lr 1.86e-03 | 1.2s
epoch  674 | loss 64.6925 | lr 1.86e-03 | 1.2s
epoch  675 | loss 64.2685 | lr 1.86e-03 | 1.2s
epoch  676 | loss 64.4540 | lr 1.86e-03 | 1.2s
epoch  677 | loss 64.5663 | lr 1.86e-03 | 1.2s
epoch  678 | loss 64.4046 | lr 1.86e-03 | 1.2s
epoch  679 | loss 64.3703 | lr 1.86e-03 | 1.2s
epoch  680 | loss 64.6573 | lr 1.86e-03 | 1.2s
epoch  681 | loss 64.6615 | lr 1.86e-03 | 1.2s
epoch  682 | loss 64.4397 | lr 1.86e-03 | 1.2s
epoch  683 | loss 64.9759 | lr 1.86e-03 | 1.2s
epoch  684 | loss 64.4223 | lr 1.86e-03 | 1.2s
epoch  685 | loss 64.1175 | lr 1.86e-03 | 1.2s
epoch  686 | loss 64.3470 | lr 1.86e-03 | 1.2s
epoch  687 | loss 64.3485 | lr 1.86e-03 | 1.2s
epoch  688 | loss 65.0443 | lr 1.86e-03 | 1.2s
epoch  689 | loss 63.9935 | lr 1.86e-03 | 1.2s
epoch  690 | loss 65.1783 | lr 1.86e-03 | 1.2s
epoch  691 | loss 64.3911 | lr 1.86e-03 | 1.2s
epoch  692 | loss 64.3148 | lr 1.86e-03 | 1.2s
epoch  693 | loss 64.7417 | lr 1.86e-03 | 1.2s
epoch  694 | loss 64.9714 | lr 1.85e-03 | 1.2s
epoch  695 | loss 64.7716 | lr 1.85e-03 | 1.2s
epoch  696 | loss 63.6039 | lr 1.85e-03 | 1.2s
epoch  697 | loss 64.1980 | lr 1.85e-03 | 1.2s
epoch  698 | loss 64.7147 | lr 1.85e-03 | 1.2s
epoch  699 | loss 64.3924 | lr 1.85e-03 | 1.2s
epoch  700 | loss 64.1338 | lr 1.85e-03 | 1.2s
epoch  701 | loss 64.9136 | lr 1.85e-03 | 1.2s
epoch  702 | loss 64.5082 | lr 1.85e-03 | 1.2s
epoch  703 | loss 64.3712 | lr 1.85e-03 | 1.2s
epoch  704 | loss 64.3879 | lr 1.85e-03 | 1.2s
epoch  705 | loss 64.8518 | lr 1.85e-03 | 1.2s
epoch  706 | loss 65.0583 | lr 1.85e-03 | 1.2s
epoch  707 | loss 64.5254 | lr 1.85e-03 | 1.2s
epoch  708 | loss 64.3958 | lr 1.85e-03 | 1.2s
epoch  709 | loss 64.1324 | lr 1.85e-03 | 1.2s
epoch  710 | loss 64.9642 | lr 1.85e-03 | 1.2s
epoch  711 | loss 64.3189 | lr 1.85e-03 | 1.2s
epoch  712 | loss 64.3049 | lr 1.85e-03 | 1.2s
epoch  713 | loss 64.0865 | lr 1.85e-03 | 1.2s
epoch  714 | loss 64.8113 | lr 1.85e-03 | 1.2s
epoch  715 | loss 64.1540 | lr 1.85e-03 | 1.3s
epoch  716 | loss 64.0664 | lr 1.85e-03 | 1.3s
epoch  717 | loss 64.2164 | lr 1.85e-03 | 1.2s
epoch  718 | loss 64.5241 | lr 1.84e-03 | 1.2s
epoch  719 | loss 64.9662 | lr 1.84e-03 | 1.2s
epoch  720 | loss 64.1522 | lr 1.84e-03 | 1.2s
epoch  721 | loss 64.2634 | lr 1.84e-03 | 1.2s
epoch  722 | loss 65.1646 | lr 1.84e-03 | 1.2s
epoch  723 | loss 64.9977 | lr 1.84e-03 | 1.2s
epoch  724 | loss 64.3057 | lr 1.84e-03 | 1.2s
epoch  725 | loss 63.9818 | lr 1.84e-03 | 1.2s
epoch  726 | loss 64.4866 | lr 1.84e-03 | 1.2s
epoch  727 | loss 64.7073 | lr 1.84e-03 | 1.2s
epoch  728 | loss 64.9023 | lr 1.84e-03 | 1.2s
epoch  729 | loss 64.6021 | lr 1.84e-03 | 1.2s
epoch  730 | loss 64.7263 | lr 1.84e-03 | 1.2s
epoch  731 | loss 64.8644 | lr 1.84e-03 | 1.2s
epoch  732 | loss 64.4497 | lr 1.84e-03 | 1.2s
epoch  733 | loss 64.8350 | lr 1.84e-03 | 1.2s
epoch  734 | loss 64.9751 | lr 1.84e-03 | 1.2s
epoch  735 | loss 64.9883 | lr 1.84e-03 | 1.2s
epoch  736 | loss 64.3753 | lr 1.84e-03 | 1.2s
epoch  737 | loss 64.4587 | lr 1.84e-03 | 1.2s
epoch  738 | loss 64.6844 | lr 1.84e-03 | 1.2s
epoch  739 | loss 64.4425 | lr 1.84e-03 | 1.2s
epoch  740 | loss 64.9304 | lr 1.84e-03 | 1.2s
epoch  741 | loss 64.7845 | lr 1.83e-03 | 1.2s
epoch  742 | loss 65.0984 | lr 1.83e-03 | 1.2s
epoch  743 | loss 64.8478 | lr 1.83e-03 | 1.2s
epoch  744 | loss 64.2790 | lr 1.83e-03 | 1.2s
epoch  745 | loss 64.4375 | lr 1.83e-03 | 1.2s
epoch  746 | loss 63.8694 | lr 1.83e-03 | 1.2s
epoch  747 | loss 63.8204 | lr 1.83e-03 | 1.2s
epoch  748 | loss 64.4800 | lr 1.83e-03 | 1.2s
epoch  749 | loss 64.9657 | lr 1.83e-03 | 1.2s
epoch  750 | loss 64.7814 | lr 1.83e-03 | 1.2s
epoch  751 | loss 64.5153 | lr 1.83e-03 | 1.2s
epoch  752 | loss 64.2148 | lr 1.83e-03 | 1.2s
epoch  753 | loss 64.7257 | lr 1.83e-03 | 1.2s
epoch  754 | loss 64.9341 | lr 1.83e-03 | 1.2s
epoch  755 | loss 65.0283 | lr 1.83e-03 | 1.2s
epoch  756 | loss 64.5261 | lr 1.83e-03 | 1.2s
epoch  757 | loss 63.7847 | lr 1.83e-03 | 1.2s
epoch  758 | loss 63.9501 | lr 1.83e-03 | 1.2s
epoch  759 | loss 64.4173 | lr 1.83e-03 | 1.2s
epoch  760 | loss 64.5254 | lr 1.83e-03 | 1.2s
epoch  761 | loss 64.3501 | lr 1.83e-03 | 1.3s
epoch  762 | loss 64.4412 | lr 1.83e-03 | 1.2s
epoch  763 | loss 64.7068 | lr 1.83e-03 | 1.2s
epoch  764 | loss 64.1581 | lr 1.82e-03 | 1.2s
epoch  765 | loss 64.3603 | lr 1.82e-03 | 1.2s
epoch  766 | loss 64.0557 | lr 1.82e-03 | 1.2s
epoch  767 | loss 64.3805 | lr 1.82e-03 | 1.2s
epoch  768 | loss 64.8388 | lr 1.82e-03 | 1.2s
epoch  769 | loss 64.2730 | lr 1.82e-03 | 1.2s
epoch  770 | loss 64.3750 | lr 1.82e-03 | 1.2s
epoch  771 | loss 64.4411 | lr 1.82e-03 | 1.2s
epoch  772 | loss 64.5644 | lr 1.82e-03 | 1.2s
epoch  773 | loss 64.3242 | lr 1.82e-03 | 1.2s
epoch  774 | loss 64.2738 | lr 1.82e-03 | 1.2s
epoch  775 | loss 64.1877 | lr 1.82e-03 | 1.2s
epoch  776 | loss 64.6171 | lr 1.82e-03 | 1.2s
epoch  777 | loss 64.5582 | lr 1.82e-03 | 1.2s
epoch  778 | loss 64.8515 | lr 1.82e-03 | 1.2s
epoch  779 | loss 64.5650 | lr 1.82e-03 | 1.2s
epoch  780 | loss 63.9023 | lr 1.82e-03 | 1.2s
epoch  781 | loss 63.9419 | lr 1.82e-03 | 1.2s
epoch  782 | loss 64.0938 | lr 1.82e-03 | 1.2s
epoch  783 | loss 64.6620 | lr 1.82e-03 | 1.2s
epoch  784 | loss 64.9041 | lr 1.82e-03 | 1.2s
epoch  785 | loss 64.1733 | lr 1.82e-03 | 1.2s
epoch  786 | loss 65.1622 | lr 1.81e-03 | 1.2s
epoch  787 | loss 64.1574 | lr 1.81e-03 | 1.2s
epoch  788 | loss 64.8161 | lr 1.81e-03 | 1.2s
epoch  789 | loss 64.8691 | lr 1.81e-03 | 1.2s
epoch  790 | loss 64.6939 | lr 1.81e-03 | 1.2s
epoch  791 | loss 63.9878 | lr 1.81e-03 | 1.2s
epoch  792 | loss 63.9578 | lr 1.81e-03 | 1.2s
epoch  793 | loss 64.6847 | lr 1.81e-03 | 1.2s
epoch  794 | loss 65.3104 | lr 1.81e-03 | 1.2s
epoch  795 | loss 63.8543 | lr 1.81e-03 | 1.2s
epoch  796 | loss 64.8663 | lr 1.81e-03 | 1.2s
epoch  797 | loss 64.0706 | lr 1.81e-03 | 1.2s
epoch  798 | loss 64.0874 | lr 1.81e-03 | 1.2s
epoch  799 | loss 64.7083 | lr 1.81e-03 | 1.2s
epoch  800 | loss 64.2822 | lr 1.81e-03 | 1.2s
epoch  801 | loss 64.4060 | lr 1.81e-03 | 1.2s
epoch  802 | loss 64.2921 | lr 1.81e-03 | 1.2s
epoch  803 | loss 64.5054 | lr 1.81e-03 | 1.2s
epoch  804 | loss 64.0065 | lr 1.81e-03 | 1.2s
epoch  805 | loss 65.3620 | lr 1.81e-03 | 1.2s
epoch  806 | loss 64.3147 | lr 1.81e-03 | 1.2s
epoch  807 | loss 64.1933 | lr 1.81e-03 | 1.2s
epoch  808 | loss 64.2973 | lr 1.80e-03 | 1.2s
epoch  809 | loss 64.2958 | lr 1.80e-03 | 1.2s
epoch  810 | loss 64.5036 | lr 1.80e-03 | 1.2s
epoch  811 | loss 64.7425 | lr 1.80e-03 | 1.2s
epoch  812 | loss 63.6639 | lr 1.80e-03 | 1.2s
epoch  813 | loss 64.2935 | lr 1.80e-03 | 1.3s
epoch  814 | loss 63.9614 | lr 1.80e-03 | 1.2s
epoch  815 | loss 64.0888 | lr 1.80e-03 | 1.2s
epoch  816 | loss 64.6149 | lr 1.80e-03 | 1.2s
epoch  817 | loss 64.4206 | lr 1.80e-03 | 1.2s
epoch  818 | loss 64.7568 | lr 1.80e-03 | 1.2s
epoch  819 | loss 64.7126 | lr 1.80e-03 | 1.2s
epoch  820 | loss 65.2489 | lr 1.80e-03 | 1.2s
epoch  821 | loss 64.4250 | lr 1.80e-03 | 1.2s
epoch  822 | loss 64.2901 | lr 1.80e-03 | 1.2s
epoch  823 | loss 64.4652 | lr 1.80e-03 | 1.2s
epoch  824 | loss 64.0255 | lr 1.80e-03 | 1.2s
epoch  825 | loss 64.9032 | lr 1.80e-03 | 1.2s
epoch  826 | loss 64.3117 | lr 1.80e-03 | 1.2s
epoch  827 | loss 64.3866 | lr 1.80e-03 | 1.2s
epoch  828 | loss 64.2343 | lr 1.80e-03 | 1.2s
epoch  829 | loss 64.7783 | lr 1.79e-03 | 1.2s
epoch  830 | loss 64.2894 | lr 1.79e-03 | 1.2s
epoch  831 | loss 64.4974 | lr 1.79e-03 | 1.2s
epoch  832 | loss 64.2260 | lr 1.79e-03 | 1.2s
epoch  833 | loss 64.1898 | lr 1.79e-03 | 1.2s
epoch  834 | loss 64.6261 | lr 1.79e-03 | 1.2s
epoch  835 | loss 63.6064 | lr 1.79e-03 | 1.2s
epoch  836 | loss 64.7750 | lr 1.79e-03 | 1.2s
epoch  837 | loss 63.9497 | lr 1.79e-03 | 1.2s
epoch  838 | loss 63.9551 | lr 1.79e-03 | 1.2s
epoch  839 | loss 64.9864 | lr 1.79e-03 | 1.2s
epoch  840 | loss 64.3998 | lr 1.79e-03 | 1.2s
epoch  841 | loss 64.0348 | lr 1.79e-03 | 1.2s
epoch  842 | loss 64.2137 | lr 1.79e-03 | 1.2s
epoch  843 | loss 64.5279 | lr 1.79e-03 | 1.2s
epoch  844 | loss 64.4890 | lr 1.79e-03 | 1.2s
epoch  845 | loss 64.7318 | lr 1.79e-03 | 1.2s
epoch  846 | loss 64.5978 | lr 1.79e-03 | 1.2s
epoch  847 | loss 64.2203 | lr 1.79e-03 | 1.2s
epoch  848 | loss 64.0823 | lr 1.79e-03 | 1.2s
epoch  849 | loss 64.7043 | lr 1.79e-03 | 1.2s
epoch  850 | loss 64.4350 | lr 1.78e-03 | 1.2s
epoch  851 | loss 64.2928 | lr 1.78e-03 | 1.2s
epoch  852 | loss 64.7843 | lr 1.78e-03 | 1.2s
epoch  853 | loss 64.1708 | lr 1.78e-03 | 1.2s
epoch  854 | loss 63.6450 | lr 1.78e-03 | 1.2s
epoch  855 | loss 64.1884 | lr 1.78e-03 | 1.2s
epoch  856 | loss 64.4076 | lr 1.78e-03 | 1.2s
epoch  857 | loss 64.4802 | lr 1.78e-03 | 1.2s
epoch  858 | loss 64.2982 | lr 1.78e-03 | 1.2s
epoch  859 | loss 64.6018 | lr 1.78e-03 | 1.2s
epoch  860 | loss 63.8392 | lr 1.78e-03 | 1.2s
epoch  861 | loss 63.6381 | lr 1.78e-03 | 1.2s
epoch  862 | loss 64.2993 | lr 1.78e-03 | 1.2s
epoch  863 | loss 63.6463 | lr 1.78e-03 | 1.2s
epoch  864 | loss 64.4180 | lr 1.78e-03 | 1.2s
epoch  865 | loss 64.2736 | lr 1.78e-03 | 1.2s
epoch  866 | loss 64.1801 | lr 1.78e-03 | 1.2s
epoch  867 | loss 64.4700 | lr 1.78e-03 | 1.2s
epoch  868 | loss 64.4487 | lr 1.78e-03 | 1.2s
epoch  869 | loss 64.0694 | lr 1.78e-03 | 1.2s
epoch  870 | loss 64.4289 | lr 1.77e-03 | 1.2s
epoch  871 | loss 64.0416 | lr 1.77e-03 | 1.2s
epoch  872 | loss 64.3691 | lr 1.77e-03 | 1.2s
epoch  873 | loss 64.3430 | lr 1.77e-03 | 1.2s
epoch  874 | loss 64.7248 | lr 1.77e-03 | 1.2s
epoch  875 | loss 63.7424 | lr 1.77e-03 | 1.2s
epoch  876 | loss 63.9490 | lr 1.77e-03 | 1.2s
epoch  877 | loss 64.5698 | lr 1.77e-03 | 1.2s
epoch  878 | loss 64.3774 | lr 1.77e-03 | 1.2s
epoch  879 | loss 64.1462 | lr 1.77e-03 | 1.2s
epoch  880 | loss 64.3122 | lr 1.77e-03 | 1.2s
epoch  881 | loss 64.3975 | lr 1.77e-03 | 1.2s
epoch  882 | loss 64.8613 | lr 1.77e-03 | 1.2s
epoch  883 | loss 63.9849 | lr 1.77e-03 | 1.2s
epoch  884 | loss 64.3738 | lr 1.77e-03 | 1.2s
epoch  885 | loss 63.8561 | lr 1.77e-03 | 1.2s
epoch  886 | loss 64.4045 | lr 1.77e-03 | 1.2s
epoch  887 | loss 64.3408 | lr 1.77e-03 | 1.2s
epoch  888 | loss 64.2141 | lr 1.77e-03 | 1.2s
epoch  889 | loss 64.1378 | lr 1.77e-03 | 1.2s
epoch  890 | loss 64.7667 | lr 1.76e-03 | 1.2s
epoch  891 | loss 64.7463 | lr 1.76e-03 | 1.2s
epoch  892 | loss 64.6785 | lr 1.76e-03 | 1.2s
epoch  893 | loss 64.6034 | lr 1.76e-03 | 1.2s
epoch  894 | loss 64.2511 | lr 1.76e-03 | 1.2s
epoch  895 | loss 64.3690 | lr 1.76e-03 | 1.2s
epoch  896 | loss 63.8096 | lr 1.76e-03 | 1.2s
epoch  897 | loss 64.8459 | lr 1.76e-03 | 1.2s
epoch  898 | loss 64.4234 | lr 1.76e-03 | 1.2s
epoch  899 | loss 64.3052 | lr 1.76e-03 | 1.2s
epoch  900 | loss 63.9289 | lr 1.76e-03 | 1.2s
epoch  901 | loss 63.4927 | lr 1.76e-03 | 1.2s
epoch  902 | loss 64.1436 | lr 1.76e-03 | 1.2s
epoch  903 | loss 64.0156 | lr 1.76e-03 | 1.2s
epoch  904 | loss 64.3947 | lr 1.76e-03 | 1.2s
epoch  905 | loss 64.3931 | lr 1.76e-03 | 1.2s
epoch  906 | loss 64.4616 | lr 1.76e-03 | 1.2s
epoch  907 | loss 64.5092 | lr 1.76e-03 | 1.2s
epoch  908 | loss 64.1075 | lr 1.76e-03 | 1.2s
epoch  909 | loss 64.1431 | lr 1.76e-03 | 1.2s
epoch  910 | loss 64.6348 | lr 1.75e-03 | 1.2s
epoch  911 | loss 64.4753 | lr 1.75e-03 | 1.2s
epoch  912 | loss 64.2600 | lr 1.75e-03 | 1.2s
epoch  913 | loss 63.8839 | lr 1.75e-03 | 1.2s
epoch  914 | loss 64.2668 | lr 1.75e-03 | 1.2s
epoch  915 | loss 64.2722 | lr 1.75e-03 | 1.2s
epoch  916 | loss 63.8194 | lr 1.75e-03 | 1.2s
epoch  917 | loss 64.2820 | lr 1.75e-03 | 1.2s
epoch  918 | loss 64.6255 | lr 1.75e-03 | 1.2s
epoch  919 | loss 64.6355 | lr 1.75e-03 | 1.2s
epoch  920 | loss 64.0132 | lr 1.75e-03 | 1.2s
epoch  921 | loss 64.2530 | lr 1.75e-03 | 1.2s
epoch  922 | loss 64.4903 | lr 1.75e-03 | 1.2s
epoch  923 | loss 63.7359 | lr 1.75e-03 | 1.2s
epoch  924 | loss 63.5750 | lr 1.75e-03 | 1.2s
epoch  925 | loss 64.5589 | lr 1.75e-03 | 1.2s
epoch  926 | loss 64.0029 | lr 1.75e-03 | 1.2s
epoch  927 | loss 64.0677 | lr 1.75e-03 | 1.2s
epoch  928 | loss 63.8310 | lr 1.75e-03 | 1.2s
epoch  929 | loss 64.0519 | lr 1.74e-03 | 1.2s
epoch  930 | loss 63.5573 | lr 1.74e-03 | 1.2s
epoch  931 | loss 63.8614 | lr 1.74e-03 | 1.2s
epoch  932 | loss 65.0182 | lr 1.74e-03 | 1.2s
epoch  933 | loss 64.3767 | lr 1.74e-03 | 1.2s
epoch  934 | loss 64.3058 | lr 1.74e-03 | 1.2s
epoch  935 | loss 64.7728 | lr 1.74e-03 | 1.2s
epoch  936 | loss 64.7255 | lr 1.74e-03 | 1.2s
epoch  937 | loss 64.0475 | lr 1.74e-03 | 1.2s
epoch  938 | loss 64.2533 | lr 1.74e-03 | 1.2s
epoch  939 | loss 64.3195 | lr 1.74e-03 | 1.2s
epoch  940 | loss 63.9828 | lr 1.74e-03 | 1.2s
epoch  941 | loss 63.9623 | lr 1.74e-03 | 1.2s
epoch  942 | loss 63.8322 | lr 1.74e-03 | 1.2s
epoch  943 | loss 64.6911 | lr 1.74e-03 | 1.2s
epoch  944 | loss 64.2692 | lr 1.74e-03 | 1.2s
epoch  945 | loss 64.3506 | lr 1.74e-03 | 1.2s
epoch  946 | loss 64.4713 | lr 1.74e-03 | 1.2s
epoch  947 | loss 64.6546 | lr 1.74e-03 | 1.2s
epoch  948 | loss 64.9693 | lr 1.73e-03 | 1.2s
epoch  949 | loss 64.3346 | lr 1.73e-03 | 1.2s
epoch  950 | loss 64.3221 | lr 1.73e-03 | 1.2s
epoch  951 | loss 63.7224 | lr 1.73e-03 | 1.2s
epoch  952 | loss 64.1596 | lr 1.73e-03 | 1.2s
epoch  953 | loss 63.6037 | lr 1.73e-03 | 1.2s
epoch  954 | loss 64.7993 | lr 1.73e-03 | 1.2s
epoch  955 | loss 63.5995 | lr 1.73e-03 | 1.3s
epoch  956 | loss 64.4609 | lr 1.73e-03 | 1.2s
epoch  957 | loss 64.5412 | lr 1.73e-03 | 1.2s
epoch  958 | loss 64.1831 | lr 1.73e-03 | 1.2s
epoch  959 | loss 63.6151 | lr 1.73e-03 | 1.2s
epoch  960 | loss 63.6972 | lr 1.73e-03 | 1.2s
epoch  961 | loss 64.0318 | lr 1.73e-03 | 1.2s
epoch  962 | loss 63.9851 | lr 1.73e-03 | 1.2s
epoch  963 | loss 64.2825 | lr 1.73e-03 | 1.2s
epoch  964 | loss 64.2557 | lr 1.73e-03 | 1.3s
epoch  965 | loss 63.5246 | lr 1.73e-03 | 1.2s
epoch  966 | loss 64.3314 | lr 1.73e-03 | 1.2s
epoch  967 | loss 64.7104 | lr 1.72e-03 | 1.2s
epoch  968 | loss 63.8372 | lr 1.72e-03 | 1.2s
epoch  969 | loss 63.6609 | lr 1.72e-03 | 1.2s
epoch  970 | loss 64.3409 | lr 1.72e-03 | 1.2s
epoch  971 | loss 64.4828 | lr 1.72e-03 | 1.2s
epoch  972 | loss 63.6416 | lr 1.72e-03 | 1.2s
epoch  973 | loss 63.9379 | lr 1.72e-03 | 1.2s
epoch  974 | loss 64.0083 | lr 1.72e-03 | 1.2s
epoch  975 | loss 64.2532 | lr 1.72e-03 | 1.2s
epoch  976 | loss 64.5775 | lr 1.72e-03 | 1.2s
epoch  977 | loss 64.4572 | lr 1.72e-03 | 1.2s
epoch  978 | loss 64.8321 | lr 1.72e-03 | 1.2s
epoch  979 | loss 64.3755 | lr 1.72e-03 | 1.2s
epoch  980 | loss 64.0900 | lr 1.72e-03 | 1.2s
epoch  981 | loss 64.2932 | lr 1.72e-03 | 1.2s
epoch  982 | loss 63.7455 | lr 1.72e-03 | 1.2s
epoch  983 | loss 64.0532 | lr 1.72e-03 | 1.2s
epoch  984 | loss 64.6367 | lr 1.72e-03 | 1.2s
epoch  985 | loss 64.2164 | lr 1.71e-03 | 1.2s
epoch  986 | loss 64.2981 | lr 1.71e-03 | 1.2s
epoch  987 | loss 64.8767 | lr 1.71e-03 | 1.2s
epoch  988 | loss 63.7211 | lr 1.71e-03 | 1.2s
epoch  989 | loss 63.9161 | lr 1.71e-03 | 1.2s
epoch  990 | loss 64.8300 | lr 1.71e-03 | 1.2s
epoch  991 | loss 64.9748 | lr 1.71e-03 | 1.2s
epoch  992 | loss 64.5084 | lr 1.71e-03 | 1.2s
epoch  993 | loss 64.9542 | lr 1.71e-03 | 1.2s
epoch  994 | loss 63.4198 | lr 1.71e-03 | 1.2s
epoch  995 | loss 64.4919 | lr 1.71e-03 | 1.2s
epoch  996 | loss 64.2680 | lr 1.71e-03 | 1.2s
epoch  997 | loss 63.8531 | lr 1.71e-03 | 1.2s
epoch  998 | loss 64.5071 | lr 1.71e-03 | 1.2s
epoch  999 | loss 64.4274 | lr 1.71e-03 | 1.2s
epoch 1000 | loss 64.3821 | lr 1.71e-03 | 1.2s
epoch 1001 | loss 64.2569 | lr 1.71e-03 | 1.2s
epoch 1002 | loss 64.1581 | lr 1.71e-03 | 1.2s
epoch 1003 | loss 64.0667 | lr 1.70e-03 | 1.2s
epoch 1004 | loss 64.2169 | lr 1.70e-03 | 1.2s
epoch 1005 | loss 64.1643 | lr 1.70e-03 | 1.2s
epoch 1006 | loss 63.5429 | lr 1.70e-03 | 1.2s
epoch 1007 | loss 64.6829 | lr 1.70e-03 | 1.2s
epoch 1008 | loss 64.2098 | lr 1.70e-03 | 1.2s
epoch 1009 | loss 64.0767 | lr 1.70e-03 | 1.2s
epoch 1010 | loss 64.0087 | lr 1.70e-03 | 1.2s
epoch 1011 | loss 64.4794 | lr 1.70e-03 | 1.2s
epoch 1012 | loss 63.6033 | lr 1.70e-03 | 1.2s
epoch 1013 | loss 63.4948 | lr 1.70e-03 | 1.2s
epoch 1014 | loss 64.1127 | lr 1.70e-03 | 1.2s
epoch 1015 | loss 64.2615 | lr 1.70e-03 | 1.2s
epoch 1016 | loss 64.7365 | lr 1.70e-03 | 1.2s
epoch 1017 | loss 64.3711 | lr 1.70e-03 | 1.2s
epoch 1018 | loss 64.2708 | lr 1.70e-03 | 1.2s
epoch 1019 | loss 64.0539 | lr 1.70e-03 | 1.2s
epoch 1020 | loss 63.5934 | lr 1.70e-03 | 1.2s
epoch 1021 | loss 64.6001 | lr 1.69e-03 | 1.2s
epoch 1022 | loss 63.8114 | lr 1.69e-03 | 1.2s
epoch 1023 | loss 64.1409 | lr 1.69e-03 | 1.3s
epoch 1024 | loss 63.7131 | lr 1.69e-03 | 1.2s
epoch 1025 | loss 64.4045 | lr 1.69e-03 | 1.2s
epoch 1026 | loss 63.6596 | lr 1.69e-03 | 1.2s
epoch 1027 | loss 64.5278 | lr 1.69e-03 | 1.2s
epoch 1028 | loss 64.0843 | lr 1.69e-03 | 1.2s
epoch 1029 | loss 63.7125 | lr 1.69e-03 | 1.2s
epoch 1030 | loss 64.5542 | lr 1.69e-03 | 1.2s
epoch 1031 | loss 64.0026 | lr 1.69e-03 | 1.2s
epoch 1032 | loss 64.3489 | lr 1.69e-03 | 1.2s
epoch 1033 | loss 63.5512 | lr 1.69e-03 | 1.2s
epoch 1034 | loss 63.8968 | lr 1.69e-03 | 1.2s
epoch 1035 | loss 64.3892 | lr 1.69e-03 | 1.2s
epoch 1036 | loss 63.8904 | lr 1.69e-03 | 1.2s
epoch 1037 | loss 64.1236 | lr 1.69e-03 | 1.2s
epoch 1038 | loss 64.5351 | lr 1.69e-03 | 1.2s
epoch 1039 | loss 64.2884 | lr 1.68e-03 | 1.2s
epoch 1040 | loss 64.1697 | lr 1.68e-03 | 1.2s
epoch 1041 | loss 63.9757 | lr 1.68e-03 | 1.2s
epoch 1042 | loss 64.4556 | lr 1.68e-03 | 1.2s
epoch 1043 | loss 64.2270 | lr 1.68e-03 | 1.2s
epoch 1044 | loss 64.9203 | lr 1.68e-03 | 1.2s
epoch 1045 | loss 63.3287 | lr 1.68e-03 | 1.2s
epoch 1046 | loss 64.1048 | lr 1.68e-03 | 1.2s
epoch 1047 | loss 64.5096 | lr 1.68e-03 | 1.2s
epoch 1048 | loss 64.3155 | lr 1.68e-03 | 1.2s
epoch 1049 | loss 64.0351 | lr 1.68e-03 | 1.2s
epoch 1050 | loss 64.0341 | lr 1.68e-03 | 1.2s
epoch 1051 | loss 64.3514 | lr 1.68e-03 | 1.2s
epoch 1052 | loss 64.1590 | lr 1.68e-03 | 1.2s
epoch 1053 | loss 64.6359 | lr 1.68e-03 | 1.2s
epoch 1054 | loss 64.0999 | lr 1.68e-03 | 1.2s
epoch 1055 | loss 64.1278 | lr 1.68e-03 | 1.2s
epoch 1056 | loss 64.5835 | lr 1.67e-03 | 1.2s
epoch 1057 | loss 63.7263 | lr 1.67e-03 | 1.2s
epoch 1058 | loss 64.5398 | lr 1.67e-03 | 1.2s
epoch 1059 | loss 64.4491 | lr 1.67e-03 | 1.3s
epoch 1060 | loss 64.2748 | lr 1.67e-03 | 1.2s
epoch 1061 | loss 64.2718 | lr 1.67e-03 | 1.2s
epoch 1062 | loss 64.3155 | lr 1.67e-03 | 1.2s
epoch 1063 | loss 64.2440 | lr 1.67e-03 | 1.2s
epoch 1064 | loss 64.2108 | lr 1.67e-03 | 1.2s
epoch 1065 | loss 63.5895 | lr 1.67e-03 | 1.2s
epoch 1066 | loss 63.7218 | lr 1.67e-03 | 1.2s
epoch 1067 | loss 64.0002 | lr 1.67e-03 | 1.2s
epoch 1068 | loss 64.0984 | lr 1.67e-03 | 1.2s
epoch 1069 | loss 64.4197 | lr 1.67e-03 | 1.2s
epoch 1070 | loss 64.3869 | lr 1.67e-03 | 1.2s
epoch 1071 | loss 64.1790 | lr 1.67e-03 | 1.2s
epoch 1072 | loss 63.8448 | lr 1.67e-03 | 1.2s
epoch 1073 | loss 64.1769 | lr 1.66e-03 | 1.2s
epoch 1074 | loss 64.5900 | lr 1.66e-03 | 1.2s
epoch 1075 | loss 64.0671 | lr 1.66e-03 | 1.2s
epoch 1076 | loss 64.5893 | lr 1.66e-03 | 1.2s
epoch 1077 | loss 64.9248 | lr 1.66e-03 | 1.2s
epoch 1078 | loss 63.6218 | lr 1.66e-03 | 1.2s
epoch 1079 | loss 64.0334 | lr 1.66e-03 | 1.2s
epoch 1080 | loss 64.0430 | lr 1.66e-03 | 1.2s
epoch 1081 | loss 64.5087 | lr 1.66e-03 | 1.2s
epoch 1082 | loss 63.7590 | lr 1.66e-03 | 1.2s
epoch 1083 | loss 64.3681 | lr 1.66e-03 | 1.2s
epoch 1084 | loss 63.9862 | lr 1.66e-03 | 1.2s
epoch 1085 | loss 64.3657 | lr 1.66e-03 | 1.2s
epoch 1086 | loss 63.9145 | lr 1.66e-03 | 1.2s
epoch 1087 | loss 64.5851 | lr 1.66e-03 | 1.2s
epoch 1088 | loss 63.7406 | lr 1.66e-03 | 1.2s
epoch 1089 | loss 64.3431 | lr 1.66e-03 | 1.2s
epoch 1090 | loss 63.9129 | lr 1.65e-03 | 1.2s
epoch 1091 | loss 64.3487 | lr 1.65e-03 | 1.2s
epoch 1092 | loss 64.3620 | lr 1.65e-03 | 1.2s
epoch 1093 | loss 64.8691 | lr 1.65e-03 | 1.2s
epoch 1094 | loss 64.2323 | lr 1.65e-03 | 1.2s
epoch 1095 | loss 64.3495 | lr 1.65e-03 | 1.2s
epoch 1096 | loss 64.3662 | lr 1.65e-03 | 1.3s
epoch 1097 | loss 63.9110 | lr 1.65e-03 | 1.2s
epoch 1098 | loss 64.2954 | lr 1.65e-03 | 1.2s
epoch 1099 | loss 64.3148 | lr 1.65e-03 | 1.2s
epoch 1100 | loss 63.6214 | lr 1.65e-03 | 1.2s
epoch 1101 | loss 64.0611 | lr 1.65e-03 | 1.2s
epoch 1102 | loss 63.9651 | lr 1.65e-03 | 1.2s
epoch 1103 | loss 64.0601 | lr 1.65e-03 | 1.2s
epoch 1104 | loss 64.2046 | lr 1.65e-03 | 1.2s
epoch 1105 | loss 64.5483 | lr 1.65e-03 | 1.2s
epoch 1106 | loss 63.7073 | lr 1.65e-03 | 1.2s
epoch 1107 | loss 64.0203 | lr 1.64e-03 | 1.2s
epoch 1108 | loss 64.5121 | lr 1.64e-03 | 1.2s
epoch 1109 | loss 64.0033 | lr 1.64e-03 | 1.2s
epoch 1110 | loss 64.7546 | lr 1.64e-03 | 1.2s
epoch 1111 | loss 63.9065 | lr 1.64e-03 | 1.2s
epoch 1112 | loss 64.2170 | lr 1.64e-03 | 1.2s
epoch 1113 | loss 64.9304 | lr 1.64e-03 | 1.2s
epoch 1114 | loss 64.2305 | lr 1.64e-03 | 1.2s
epoch 1115 | loss 64.3017 | lr 1.64e-03 | 1.2s
epoch 1116 | loss 64.2773 | lr 1.64e-03 | 1.2s
epoch 1117 | loss 63.6155 | lr 1.64e-03 | 1.2s
epoch 1118 | loss 63.8216 | lr 1.64e-03 | 1.2s
epoch 1119 | loss 64.3782 | lr 1.64e-03 | 1.2s
epoch 1120 | loss 64.3701 | lr 1.64e-03 | 1.2s
epoch 1121 | loss 64.2003 | lr 1.64e-03 | 1.2s
epoch 1122 | loss 64.1874 | lr 1.64e-03 | 1.2s
epoch 1123 | loss 64.1840 | lr 1.64e-03 | 1.2s
epoch 1124 | loss 64.6092 | lr 1.63e-03 | 1.2s
epoch 1125 | loss 63.8528 | lr 1.63e-03 | 1.2s
epoch 1126 | loss 64.6406 | lr 1.63e-03 | 1.2s
epoch 1127 | loss 63.3420 | lr 1.63e-03 | 1.3s
epoch 1128 | loss 64.1067 | lr 1.63e-03 | 1.2s
epoch 1129 | loss 64.1113 | lr 1.63e-03 | 1.2s
epoch 1130 | loss 63.5965 | lr 1.63e-03 | 1.2s
epoch 1131 | loss 63.7896 | lr 1.63e-03 | 1.2s
epoch 1132 | loss 63.8445 | lr 1.63e-03 | 1.2s
epoch 1133 | loss 64.4352 | lr 1.63e-03 | 1.2s
epoch 1134 | loss 64.5347 | lr 1.63e-03 | 1.2s
epoch 1135 | loss 63.5700 | lr 1.63e-03 | 1.2s
epoch 1136 | loss 64.3418 | lr 1.63e-03 | 1.2s
epoch 1137 | loss 64.0272 | lr 1.63e-03 | 1.2s
epoch 1138 | loss 64.6148 | lr 1.63e-03 | 1.2s
epoch 1139 | loss 63.8122 | lr 1.63e-03 | 1.2s
epoch 1140 | loss 64.3696 | lr 1.62e-03 | 1.2s
epoch 1141 | loss 64.2347 | lr 1.62e-03 | 1.2s
epoch 1142 | loss 64.0529 | lr 1.62e-03 | 1.2s
epoch 1143 | loss 64.1509 | lr 1.62e-03 | 1.2s
epoch 1144 | loss 63.6597 | lr 1.62e-03 | 1.2s
epoch 1145 | loss 64.2504 | lr 1.62e-03 | 1.2s
epoch 1146 | loss 63.8251 | lr 1.62e-03 | 1.2s
epoch 1147 | loss 64.0708 | lr 1.62e-03 | 1.2s
epoch 1148 | loss 64.0726 | lr 1.62e-03 | 1.2s
epoch 1149 | loss 63.7235 | lr 1.62e-03 | 1.2s
epoch 1150 | loss 63.8216 | lr 1.62e-03 | 1.2s
epoch 1151 | loss 64.3265 | lr 1.62e-03 | 1.2s
epoch 1152 | loss 64.2599 | lr 1.62e-03 | 1.2s
epoch 1153 | loss 64.0728 | lr 1.62e-03 | 1.2s
epoch 1154 | loss 63.7699 | lr 1.62e-03 | 1.2s
epoch 1155 | loss 63.7899 | lr 1.62e-03 | 1.2s
epoch 1156 | loss 63.8281 | lr 1.61e-03 | 1.2s
epoch 1157 | loss 64.2816 | lr 1.61e-03 | 1.2s
epoch 1158 | loss 64.0100 | lr 1.61e-03 | 1.2s
epoch 1159 | loss 63.8144 | lr 1.61e-03 | 1.2s
epoch 1160 | loss 63.7369 | lr 1.61e-03 | 1.2s
epoch 1161 | loss 64.4493 | lr 1.61e-03 | 1.2s
epoch 1162 | loss 63.5110 | lr 1.61e-03 | 1.2s
epoch 1163 | loss 64.7956 | lr 1.61e-03 | 1.2s
epoch 1164 | loss 64.0981 | lr 1.61e-03 | 1.2s
epoch 1165 | loss 64.1239 | lr 1.61e-03 | 1.2s
epoch 1166 | loss 64.6277 | lr 1.61e-03 | 1.2s
epoch 1167 | loss 63.9543 | lr 1.61e-03 | 1.2s
epoch 1168 | loss 64.7018 | lr 1.61e-03 | 1.2s
epoch 1169 | loss 64.4825 | lr 1.61e-03 | 1.2s
epoch 1170 | loss 63.4175 | lr 1.61e-03 | 1.2s
epoch 1171 | loss 64.3453 | lr 1.61e-03 | 1.2s
epoch 1172 | loss 63.9505 | lr 1.60e-03 | 1.2s
epoch 1173 | loss 64.0147 | lr 1.60e-03 | 1.2s
epoch 1174 | loss 64.2616 | lr 1.60e-03 | 1.2s
epoch 1175 | loss 63.7954 | lr 1.60e-03 | 1.2s
epoch 1176 | loss 63.9393 | lr 1.60e-03 | 1.2s
epoch 1177 | loss 64.2720 | lr 1.60e-03 | 1.2s
epoch 1178 | loss 64.8588 | lr 1.60e-03 | 1.2s
epoch 1179 | loss 64.3264 | lr 1.60e-03 | 1.2s
epoch 1180 | loss 63.9747 | lr 1.60e-03 | 1.2s
epoch 1181 | loss 64.0570 | lr 1.60e-03 | 1.2s
epoch 1182 | loss 64.2220 | lr 1.60e-03 | 1.2s
epoch 1183 | loss 63.9229 | lr 1.60e-03 | 1.2s
epoch 1184 | loss 63.6454 | lr 1.60e-03 | 1.2s
epoch 1185 | loss 63.7633 | lr 1.60e-03 | 1.2s
epoch 1186 | loss 63.6776 | lr 1.60e-03 | 1.2s
epoch 1187 | loss 64.5341 | lr 1.60e-03 | 1.2s
epoch 1188 | loss 63.8888 | lr 1.59e-03 | 1.2s
epoch 1189 | loss 63.6758 | lr 1.59e-03 | 1.2s
epoch 1190 | loss 63.5781 | lr 1.59e-03 | 1.2s
epoch 1191 | loss 64.5202 | lr 1.59e-03 | 1.2s
epoch 1192 | loss 64.0496 | lr 1.59e-03 | 1.2s
epoch 1193 | loss 64.3149 | lr 1.59e-03 | 1.3s
epoch 1194 | loss 64.5821 | lr 1.59e-03 | 1.2s
epoch 1195 | loss 63.7322 | lr 1.59e-03 | 1.2s
epoch 1196 | loss 63.9481 | lr 1.59e-03 | 1.2s
epoch 1197 | loss 64.0017 | lr 1.59e-03 | 1.2s
epoch 1198 | loss 63.7901 | lr 1.59e-03 | 1.2s
epoch 1199 | loss 64.4023 | lr 1.59e-03 | 1.2s
epoch 1200 | loss 64.0461 | lr 1.59e-03 | 1.2s
epoch 1201 | loss 64.1974 | lr 1.59e-03 | 1.2s
epoch 1202 | loss 64.6826 | lr 1.59e-03 | 1.2s
epoch 1203 | loss 64.3805 | lr 1.59e-03 | 1.2s
epoch 1204 | loss 64.5057 | lr 1.58e-03 | 1.2s
epoch 1205 | loss 64.1271 | lr 1.58e-03 | 1.2s
epoch 1206 | loss 63.9237 | lr 1.58e-03 | 1.2s
epoch 1207 | loss 63.6621 | lr 1.58e-03 | 1.2s
epoch 1208 | loss 63.8756 | lr 1.58e-03 | 1.2s
epoch 1209 | loss 64.0195 | lr 1.58e-03 | 1.2s
epoch 1210 | loss 64.4301 | lr 1.58e-03 | 1.2s
epoch 1211 | loss 64.0081 | lr 1.58e-03 | 1.2s
epoch 1212 | loss 64.6331 | lr 1.58e-03 | 1.2s
epoch 1213 | loss 64.2965 | lr 1.58e-03 | 1.2s
epoch 1214 | loss 64.7470 | lr 1.58e-03 | 1.2s
epoch 1215 | loss 63.9682 | lr 1.58e-03 | 1.2s
epoch 1216 | loss 63.8990 | lr 1.58e-03 | 1.3s
epoch 1217 | loss 64.0957 | lr 1.58e-03 | 1.2s
epoch 1218 | loss 63.8822 | lr 1.58e-03 | 1.2s
epoch 1219 | loss 63.9576 | lr 1.58e-03 | 1.2s
epoch 1220 | loss 64.2080 | lr 1.57e-03 | 1.2s
epoch 1221 | loss 63.8245 | lr 1.57e-03 | 1.2s
epoch 1222 | loss 63.8703 | lr 1.57e-03 | 1.2s
epoch 1223 | loss 63.8859 | lr 1.57e-03 | 1.2s
epoch 1224 | loss 64.2973 | lr 1.57e-03 | 1.2s
epoch 1225 | loss 63.8954 | lr 1.57e-03 | 1.2s
epoch 1226 | loss 64.2318 | lr 1.57e-03 | 1.2s
epoch 1227 | loss 63.9602 | lr 1.57e-03 | 1.2s
epoch 1228 | loss 64.0203 | lr 1.57e-03 | 1.2s
epoch 1229 | loss 64.1281 | lr 1.57e-03 | 1.2s
epoch 1230 | loss 64.2609 | lr 1.57e-03 | 1.2s
epoch 1231 | loss 64.5681 | lr 1.57e-03 | 1.2s
epoch 1232 | loss 64.3388 | lr 1.57e-03 | 1.2s
epoch 1233 | loss 64.1916 | lr 1.57e-03 | 1.2s
epoch 1234 | loss 64.2651 | lr 1.57e-03 | 1.2s
epoch 1235 | loss 64.0403 | lr 1.56e-03 | 1.2s
epoch 1236 | loss 63.7893 | lr 1.56e-03 | 1.2s
epoch 1237 | loss 63.6700 | lr 1.56e-03 | 1.2s
epoch 1238 | loss 64.1146 | lr 1.56e-03 | 1.2s
epoch 1239 | loss 65.0651 | lr 1.56e-03 | 1.2s
epoch 1240 | loss 63.3299 | lr 1.56e-03 | 1.2s
epoch 1241 | loss 64.4157 | lr 1.56e-03 | 1.2s
epoch 1242 | loss 64.0830 | lr 1.56e-03 | 1.2s
epoch 1243 | loss 64.2159 | lr 1.56e-03 | 1.2s
epoch 1244 | loss 64.7132 | lr 1.56e-03 | 1.2s
epoch 1245 | loss 63.6640 | lr 1.56e-03 | 1.2s
epoch 1246 | loss 64.0172 | lr 1.56e-03 | 1.2s
epoch 1247 | loss 64.0494 | lr 1.56e-03 | 1.2s
epoch 1248 | loss 64.9174 | lr 1.56e-03 | 1.2s
epoch 1249 | loss 64.0702 | lr 1.56e-03 | 1.2s
epoch 1250 | loss 63.8272 | lr 1.55e-03 | 1.2s
epoch 1251 | loss 63.5523 | lr 1.55e-03 | 1.2s
epoch 1252 | loss 63.6472 | lr 1.55e-03 | 1.2s
epoch 1253 | loss 64.0400 | lr 1.55e-03 | 1.2s
epoch 1254 | loss 63.7871 | lr 1.55e-03 | 1.2s
epoch 1255 | loss 63.9228 | lr 1.55e-03 | 1.2s
epoch 1256 | loss 64.6104 | lr 1.55e-03 | 1.2s
epoch 1257 | loss 64.0241 | lr 1.55e-03 | 1.2s
epoch 1258 | loss 63.9808 | lr 1.55e-03 | 1.2s
epoch 1259 | loss 64.0209 | lr 1.55e-03 | 1.2s
epoch 1260 | loss 64.1855 | lr 1.55e-03 | 1.2s
epoch 1261 | loss 64.0239 | lr 1.55e-03 | 1.2s
epoch 1262 | loss 64.1517 | lr 1.55e-03 | 1.3s
epoch 1263 | loss 64.5642 | lr 1.55e-03 | 1.2s
epoch 1264 | loss 64.4962 | lr 1.55e-03 | 1.2s
epoch 1265 | loss 63.6589 | lr 1.55e-03 | 1.2s
epoch 1266 | loss 63.9797 | lr 1.54e-03 | 1.2s
epoch 1267 | loss 64.0886 | lr 1.54e-03 | 1.2s
epoch 1268 | loss 64.3638 | lr 1.54e-03 | 1.2s
epoch 1269 | loss 64.0178 | lr 1.54e-03 | 1.2s
epoch 1270 | loss 64.7140 | lr 1.54e-03 | 1.2s
epoch 1271 | loss 64.0106 | lr 1.54e-03 | 1.2s
epoch 1272 | loss 63.7569 | lr 1.54e-03 | 1.2s
epoch 1273 | loss 64.2025 | lr 1.54e-03 | 1.2s
epoch 1274 | loss 64.0700 | lr 1.54e-03 | 1.2s
epoch 1275 | loss 64.5143 | lr 1.54e-03 | 1.2s
epoch 1276 | loss 63.8737 | lr 1.54e-03 | 1.2s
epoch 1277 | loss 64.0722 | lr 1.54e-03 | 1.2s
epoch 1278 | loss 63.7435 | lr 1.54e-03 | 1.2s
epoch 1279 | loss 64.0655 | lr 1.54e-03 | 1.2s
epoch 1280 | loss 63.8850 | lr 1.54e-03 | 1.2s
epoch 1281 | loss 64.6460 | lr 1.53e-03 | 1.2s
epoch 1282 | loss 64.5056 | lr 1.53e-03 | 1.2s
epoch 1283 | loss 63.5898 | lr 1.53e-03 | 1.2s
epoch 1284 | loss 64.1500 | lr 1.53e-03 | 1.2s
epoch 1285 | loss 63.3524 | lr 1.53e-03 | 1.2s
epoch 1286 | loss 63.0849 | lr 1.53e-03 | 1.2s
epoch 1287 | loss 64.4555 | lr 1.53e-03 | 1.2s
epoch 1288 | loss 63.8705 | lr 1.53e-03 | 1.2s
epoch 1289 | loss 63.8494 | lr 1.53e-03 | 1.2s
epoch 1290 | loss 64.4118 | lr 1.53e-03 | 1.2s
epoch 1291 | loss 64.7374 | lr 1.53e-03 | 1.2s
epoch 1292 | loss 64.2888 | lr 1.53e-03 | 1.2s
epoch 1293 | loss 64.1275 | lr 1.53e-03 | 1.2s
epoch 1294 | loss 64.2178 | lr 1.53e-03 | 1.2s
epoch 1295 | loss 63.6132 | lr 1.53e-03 | 1.2s
epoch 1296 | loss 64.4693 | lr 1.52e-03 | 1.2s
epoch 1297 | loss 63.9303 | lr 1.52e-03 | 1.2s
epoch 1298 | loss 63.9273 | lr 1.52e-03 | 1.2s
epoch 1299 | loss 63.7319 | lr 1.52e-03 | 1.2s
epoch 1300 | loss 64.1747 | lr 1.52e-03 | 1.2s
epoch 1301 | loss 64.7401 | lr 1.52e-03 | 1.2s
epoch 1302 | loss 63.6967 | lr 1.52e-03 | 1.2s
epoch 1303 | loss 63.9012 | lr 1.52e-03 | 1.2s
epoch 1304 | loss 63.9617 | lr 1.52e-03 | 1.2s
epoch 1305 | loss 63.9266 | lr 1.52e-03 | 1.2s
epoch 1306 | loss 64.0075 | lr 1.52e-03 | 1.2s
epoch 1307 | loss 64.1635 | lr 1.52e-03 | 1.2s
epoch 1308 | loss 63.5450 | lr 1.52e-03 | 1.2s
epoch 1309 | loss 64.5195 | lr 1.52e-03 | 1.2s
epoch 1310 | loss 64.5949 | lr 1.52e-03 | 1.2s
epoch 1311 | loss 64.0657 | lr 1.51e-03 | 1.2s
epoch 1312 | loss 63.9731 | lr 1.51e-03 | 1.2s
epoch 1313 | loss 63.7883 | lr 1.51e-03 | 1.2s
epoch 1314 | loss 64.6140 | lr 1.51e-03 | 1.2s
epoch 1315 | loss 63.4794 | lr 1.51e-03 | 1.2s
epoch 1316 | loss 64.0055 | lr 1.51e-03 | 1.2s
epoch 1317 | loss 64.3985 | lr 1.51e-03 | 1.2s
epoch 1318 | loss 64.4098 | lr 1.51e-03 | 1.2s
epoch 1319 | loss 63.4111 | lr 1.51e-03 | 1.2s
epoch 1320 | loss 63.7857 | lr 1.51e-03 | 1.2s
epoch 1321 | loss 64.8904 | lr 1.51e-03 | 1.2s
epoch 1322 | loss 63.5828 | lr 1.51e-03 | 1.2s
epoch 1323 | loss 63.8517 | lr 1.51e-03 | 1.2s
epoch 1324 | loss 64.1606 | lr 1.51e-03 | 1.2s
epoch 1325 | loss 64.1838 | lr 1.50e-03 | 1.2s
epoch 1326 | loss 63.6829 | lr 1.50e-03 | 1.2s
epoch 1327 | loss 64.8372 | lr 1.50e-03 | 1.2s
epoch 1328 | loss 64.7591 | lr 1.50e-03 | 1.2s
epoch 1329 | loss 64.1570 | lr 1.50e-03 | 1.2s
epoch 1330 | loss 64.2854 | lr 1.50e-03 | 1.2s
epoch 1331 | loss 63.7747 | lr 1.50e-03 | 1.2s
epoch 1332 | loss 63.7406 | lr 1.50e-03 | 1.2s
epoch 1333 | loss 64.2030 | lr 1.50e-03 | 1.2s
epoch 1334 | loss 64.2038 | lr 1.50e-03 | 1.2s
epoch 1335 | loss 63.7424 | lr 1.50e-03 | 1.2s
epoch 1336 | loss 63.3104 | lr 1.50e-03 | 1.2s
epoch 1337 | loss 64.0338 | lr 1.50e-03 | 1.2s
epoch 1338 | loss 64.3536 | lr 1.50e-03 | 1.2s
epoch 1339 | loss 64.2852 | lr 1.50e-03 | 1.2s
epoch 1340 | loss 63.9831 | lr 1.49e-03 | 1.2s
epoch 1341 | loss 64.0093 | lr 1.49e-03 | 1.2s
epoch 1342 | loss 64.5731 | lr 1.49e-03 | 1.2s
epoch 1343 | loss 63.9274 | lr 1.49e-03 | 1.2s
epoch 1344 | loss 63.2462 | lr 1.49e-03 | 1.2s
epoch 1345 | loss 63.7914 | lr 1.49e-03 | 1.2s
epoch 1346 | loss 63.6336 | lr 1.49e-03 | 1.2s
epoch 1347 | loss 63.7016 | lr 1.49e-03 | 1.2s
epoch 1348 | loss 64.0657 | lr 1.49e-03 | 1.2s
epoch 1349 | loss 63.9613 | lr 1.49e-03 | 1.2s
epoch 1350 | loss 63.8590 | lr 1.49e-03 | 1.2s
epoch 1351 | loss 64.1025 | lr 1.49e-03 | 1.3s
epoch 1352 | loss 64.3977 | lr 1.49e-03 | 1.2s
epoch 1353 | loss 64.8497 | lr 1.49e-03 | 1.2s
epoch 1354 | loss 63.6118 | lr 1.49e-03 | 1.2s
epoch 1355 | loss 64.1690 | lr 1.48e-03 | 1.2s
epoch 1356 | loss 63.6106 | lr 1.48e-03 | 1.2s
epoch 1357 | loss 63.9960 | lr 1.48e-03 | 1.2s
epoch 1358 | loss 64.4647 | lr 1.48e-03 | 1.3s
epoch 1359 | loss 63.4896 | lr 1.48e-03 | 1.2s
epoch 1360 | loss 64.5648 | lr 1.48e-03 | 1.2s
epoch 1361 | loss 64.4023 | lr 1.48e-03 | 1.2s
epoch 1362 | loss 64.0183 | lr 1.48e-03 | 1.2s
epoch 1363 | loss 63.5902 | lr 1.48e-03 | 1.2s
epoch 1364 | loss 63.5949 | lr 1.48e-03 | 1.2s
epoch 1365 | loss 63.8758 | lr 1.48e-03 | 1.2s
epoch 1366 | loss 63.4085 | lr 1.48e-03 | 1.2s
epoch 1367 | loss 63.5805 | lr 1.48e-03 | 1.2s
epoch 1368 | loss 63.7814 | lr 1.48e-03 | 1.2s
epoch 1369 | loss 63.6894 | lr 1.47e-03 | 1.2s
epoch 1370 | loss 63.4562 | lr 1.47e-03 | 1.2s
epoch 1371 | loss 64.4698 | lr 1.47e-03 | 1.2s
epoch 1372 | loss 63.9793 | lr 1.47e-03 | 1.2s
epoch 1373 | loss 64.7000 | lr 1.47e-03 | 1.2s
epoch 1374 | loss 64.2681 | lr 1.47e-03 | 1.2s
epoch 1375 | loss 64.3022 | lr 1.47e-03 | 1.2s
epoch 1376 | loss 64.1508 | lr 1.47e-03 | 1.2s
epoch 1377 | loss 64.4302 | lr 1.47e-03 | 1.2s
epoch 1378 | loss 63.7079 | lr 1.47e-03 | 1.2s
epoch 1379 | loss 63.7022 | lr 1.47e-03 | 1.2s
epoch 1380 | loss 63.8014 | lr 1.47e-03 | 1.2s
epoch 1381 | loss 64.0098 | lr 1.47e-03 | 1.2s
epoch 1382 | loss 63.7540 | lr 1.47e-03 | 1.2s
epoch 1383 | loss 63.4057 | lr 1.47e-03 | 1.2s
epoch 1384 | loss 63.6467 | lr 1.46e-03 | 1.2s
epoch 1385 | loss 64.1531 | lr 1.46e-03 | 1.2s
epoch 1386 | loss 64.6628 | lr 1.46e-03 | 1.2s
epoch 1387 | loss 64.0395 | lr 1.46e-03 | 1.2s
epoch 1388 | loss 64.6431 | lr 1.46e-03 | 1.2s
epoch 1389 | loss 64.5221 | lr 1.46e-03 | 1.2s
epoch 1390 | loss 63.7977 | lr 1.46e-03 | 1.2s
epoch 1391 | loss 63.1117 | lr 1.46e-03 | 1.2s
epoch 1392 | loss 64.3054 | lr 1.46e-03 | 1.2s
epoch 1393 | loss 63.9311 | lr 1.46e-03 | 1.2s
epoch 1394 | loss 63.9966 | lr 1.46e-03 | 1.2s
epoch 1395 | loss 64.0520 | lr 1.46e-03 | 1.3s
epoch 1396 | loss 63.8906 | lr 1.46e-03 | 1.2s
epoch 1397 | loss 64.6025 | lr 1.46e-03 | 1.2s
epoch 1398 | loss 64.5432 | lr 1.45e-03 | 1.2s
epoch 1399 | loss 64.3436 | lr 1.45e-03 | 1.2s
epoch 1400 | loss 64.6934 | lr 1.45e-03 | 1.2s
epoch 1401 | loss 64.6447 | lr 1.45e-03 | 1.2s
epoch 1402 | loss 64.0480 | lr 1.45e-03 | 1.2s
epoch 1403 | loss 63.8264 | lr 1.45e-03 | 1.2s
epoch 1404 | loss 63.8626 | lr 1.45e-03 | 1.2s
epoch 1405 | loss 63.6692 | lr 1.45e-03 | 1.2s
epoch 1406 | loss 64.3103 | lr 1.45e-03 | 1.2s
epoch 1407 | loss 63.7408 | lr 1.45e-03 | 1.2s
epoch 1408 | loss 64.4802 | lr 1.45e-03 | 1.2s
epoch 1409 | loss 63.9246 | lr 1.45e-03 | 1.2s
epoch 1410 | loss 64.9202 | lr 1.45e-03 | 1.2s
epoch 1411 | loss 64.4812 | lr 1.45e-03 | 1.2s
epoch 1412 | loss 64.0254 | lr 1.44e-03 | 1.2s
epoch 1413 | loss 64.0740 | lr 1.44e-03 | 1.2s
epoch 1414 | loss 64.2373 | lr 1.44e-03 | 1.2s
epoch 1415 | loss 63.8113 | lr 1.44e-03 | 1.2s
epoch 1416 | loss 64.0719 | lr 1.44e-03 | 1.2s
epoch 1417 | loss 63.8341 | lr 1.44e-03 | 1.2s
epoch 1418 | loss 64.6212 | lr 1.44e-03 | 1.2s
epoch 1419 | loss 64.2495 | lr 1.44e-03 | 1.2s
epoch 1420 | loss 64.5282 | lr 1.44e-03 | 1.2s
epoch 1421 | loss 64.2379 | lr 1.44e-03 | 1.2s
epoch 1422 | loss 64.7580 | lr 1.44e-03 | 1.2s
epoch 1423 | loss 63.9611 | lr 1.44e-03 | 1.2s
epoch 1424 | loss 63.9558 | lr 1.44e-03 | 1.3s
epoch 1425 | loss 63.8104 | lr 1.44e-03 | 1.2s
epoch 1426 | loss 63.8377 | lr 1.43e-03 | 1.2s
epoch 1427 | loss 64.1545 | lr 1.43e-03 | 1.2s
epoch 1428 | loss 63.2226 | lr 1.43e-03 | 1.2s
epoch 1429 | loss 63.7672 | lr 1.43e-03 | 1.2s
epoch 1430 | loss 63.2563 | lr 1.43e-03 | 1.2s
epoch 1431 | loss 63.8585 | lr 1.43e-03 | 1.2s
epoch 1432 | loss 63.5644 | lr 1.43e-03 | 1.2s
epoch 1433 | loss 63.6157 | lr 1.43e-03 | 1.2s
epoch 1434 | loss 64.1108 | lr 1.43e-03 | 1.2s
epoch 1435 | loss 63.8079 | lr 1.43e-03 | 1.2s
epoch 1436 | loss 63.8080 | lr 1.43e-03 | 1.2s
epoch 1437 | loss 64.1369 | lr 1.43e-03 | 1.2s
epoch 1438 | loss 63.8233 | lr 1.43e-03 | 1.2s
epoch 1439 | loss 64.1300 | lr 1.43e-03 | 1.2s
epoch 1440 | loss 64.2604 | lr 1.43e-03 | 1.2s
epoch 1441 | loss 63.5670 | lr 1.42e-03 | 1.2s
epoch 1442 | loss 64.2640 | lr 1.42e-03 | 1.2s
epoch 1443 | loss 63.7317 | lr 1.42e-03 | 1.2s
epoch 1444 | loss 63.6726 | lr 1.42e-03 | 1.2s
epoch 1445 | loss 63.7562 | lr 1.42e-03 | 1.2s
epoch 1446 | loss 63.6874 | lr 1.42e-03 | 1.2s
epoch 1447 | loss 63.2328 | lr 1.42e-03 | 1.2s
epoch 1448 | loss 63.6630 | lr 1.42e-03 | 1.2s
epoch 1449 | loss 64.3407 | lr 1.42e-03 | 1.2s
epoch 1450 | loss 63.7835 | lr 1.42e-03 | 1.2s
epoch 1451 | loss 63.9072 | lr 1.42e-03 | 1.2s
epoch 1452 | loss 64.0368 | lr 1.42e-03 | 1.2s
epoch 1453 | loss 63.3880 | lr 1.42e-03 | 1.2s
epoch 1454 | loss 63.6097 | lr 1.42e-03 | 1.2s
epoch 1455 | loss 64.3368 | lr 1.41e-03 | 1.2s
epoch 1456 | loss 64.6015 | lr 1.41e-03 | 1.2s
epoch 1457 | loss 64.2833 | lr 1.41e-03 | 1.2s
epoch 1458 | loss 63.7288 | lr 1.41e-03 | 1.2s
epoch 1459 | loss 63.7399 | lr 1.41e-03 | 1.2s
epoch 1460 | loss 63.9659 | lr 1.41e-03 | 1.2s
epoch 1461 | loss 64.1789 | lr 1.41e-03 | 1.2s
epoch 1462 | loss 64.3307 | lr 1.41e-03 | 1.2s
epoch 1463 | loss 64.1978 | lr 1.41e-03 | 1.2s
epoch 1464 | loss 63.5466 | lr 1.41e-03 | 1.2s
epoch 1465 | loss 64.0584 | lr 1.41e-03 | 1.2s
epoch 1466 | loss 63.8741 | lr 1.41e-03 | 1.3s
epoch 1467 | loss 63.4625 | lr 1.41e-03 | 1.2s
epoch 1468 | loss 63.7512 | lr 1.41e-03 | 1.2s
epoch 1469 | loss 63.7827 | lr 1.40e-03 | 1.2s
epoch 1470 | loss 63.2979 | lr 1.40e-03 | 1.2s
epoch 1471 | loss 63.8578 | lr 1.40e-03 | 1.2s
epoch 1472 | loss 63.9605 | lr 1.40e-03 | 1.3s
epoch 1473 | loss 64.1568 | lr 1.40e-03 | 1.2s
epoch 1474 | loss 63.6644 | lr 1.40e-03 | 1.2s
epoch 1475 | loss 63.9861 | lr 1.40e-03 | 1.2s
epoch 1476 | loss 63.2303 | lr 1.40e-03 | 1.2s
epoch 1477 | loss 64.4061 | lr 1.40e-03 | 1.2s
epoch 1478 | loss 64.3852 | lr 1.40e-03 | 1.2s
epoch 1479 | loss 64.0934 | lr 1.40e-03 | 1.2s
epoch 1480 | loss 64.4858 | lr 1.40e-03 | 1.2s
epoch 1481 | loss 64.2942 | lr 1.40e-03 | 1.2s
epoch 1482 | loss 64.3801 | lr 1.39e-03 | 1.2s
epoch 1483 | loss 63.7563 | lr 1.39e-03 | 1.2s
epoch 1484 | loss 64.3006 | lr 1.39e-03 | 1.2s
epoch 1485 | loss 63.4875 | lr 1.39e-03 | 1.2s
epoch 1486 | loss 63.7854 | lr 1.39e-03 | 1.2s
epoch 1487 | loss 63.5233 | lr 1.39e-03 | 1.2s
epoch 1488 | loss 63.9982 | lr 1.39e-03 | 1.2s
epoch 1489 | loss 63.7682 | lr 1.39e-03 | 1.2s
epoch 1490 | loss 64.0100 | lr 1.39e-03 | 1.2s
epoch 1491 | loss 64.6133 | lr 1.39e-03 | 1.2s
epoch 1492 | loss 63.6657 | lr 1.39e-03 | 1.2s
epoch 1493 | loss 64.3874 | lr 1.39e-03 | 1.2s
epoch 1494 | loss 63.7280 | lr 1.39e-03 | 1.2s
epoch 1495 | loss 64.6795 | lr 1.39e-03 | 1.2s
epoch 1496 | loss 63.6797 | lr 1.38e-03 | 1.2s
epoch 1497 | loss 64.4708 | lr 1.38e-03 | 1.2s
epoch 1498 | loss 63.8668 | lr 1.38e-03 | 1.2s
epoch 1499 | loss 63.4496 | lr 1.38e-03 | 1.2s
epoch 1500 | loss 64.2153 | lr 1.38e-03 | 1.2s
epoch 1501 | loss 64.1742 | lr 1.38e-03 | 1.2s
epoch 1502 | loss 64.4031 | lr 1.38e-03 | 1.2s
epoch 1503 | loss 63.2981 | lr 1.38e-03 | 1.2s
epoch 1504 | loss 63.4117 | lr 1.38e-03 | 1.2s
epoch 1505 | loss 63.8315 | lr 1.38e-03 | 1.2s
epoch 1506 | loss 63.4695 | lr 1.38e-03 | 1.2s
epoch 1507 | loss 63.2808 | lr 1.38e-03 | 1.2s
epoch 1508 | loss 64.0021 | lr 1.38e-03 | 1.2s
epoch 1509 | loss 64.1859 | lr 1.38e-03 | 1.2s
epoch 1510 | loss 64.1448 | lr 1.37e-03 | 1.2s
epoch 1511 | loss 64.3806 | lr 1.37e-03 | 1.2s
epoch 1512 | loss 63.9609 | lr 1.37e-03 | 1.2s
epoch 1513 | loss 64.1736 | lr 1.37e-03 | 1.2s
epoch 1514 | loss 63.4590 | lr 1.37e-03 | 1.2s
epoch 1515 | loss 63.4020 | lr 1.37e-03 | 1.2s
epoch 1516 | loss 63.9210 | lr 1.37e-03 | 1.2s
epoch 1517 | loss 63.9065 | lr 1.37e-03 | 1.2s
epoch 1518 | loss 63.4693 | lr 1.37e-03 | 1.2s
epoch 1519 | loss 64.2082 | lr 1.37e-03 | 1.2s
epoch 1520 | loss 63.7827 | lr 1.37e-03 | 1.2s
epoch 1521 | loss 64.0757 | lr 1.37e-03 | 1.2s
epoch 1522 | loss 63.7753 | lr 1.37e-03 | 1.2s
epoch 1523 | loss 63.9302 | lr 1.37e-03 | 1.2s
epoch 1524 | loss 63.7205 | lr 1.36e-03 | 1.2s
epoch 1525 | loss 64.1097 | lr 1.36e-03 | 1.2s
epoch 1526 | loss 64.1264 | lr 1.36e-03 | 1.2s
epoch 1527 | loss 64.0010 | lr 1.36e-03 | 1.2s
epoch 1528 | loss 63.6441 | lr 1.36e-03 | 1.2s
epoch 1529 | loss 63.7698 | lr 1.36e-03 | 1.2s
epoch 1530 | loss 64.3247 | lr 1.36e-03 | 1.2s
epoch 1531 | loss 64.1149 | lr 1.36e-03 | 1.2s
epoch 1532 | loss 63.2833 | lr 1.36e-03 | 1.2s
epoch 1533 | loss 64.2722 | lr 1.36e-03 | 1.2s
epoch 1534 | loss 64.4937 | lr 1.36e-03 | 1.2s
epoch 1535 | loss 63.7187 | lr 1.36e-03 | 1.2s
epoch 1536 | loss 64.0565 | lr 1.36e-03 | 1.2s
epoch 1537 | loss 64.1629 | lr 1.35e-03 | 1.2s
epoch 1538 | loss 63.7955 | lr 1.35e-03 | 1.2s
epoch 1539 | loss 64.0836 | lr 1.35e-03 | 1.2s
epoch 1540 | loss 63.8585 | lr 1.35e-03 | 1.3s
epoch 1541 | loss 63.7617 | lr 1.35e-03 | 1.2s
epoch 1542 | loss 63.9950 | lr 1.35e-03 | 1.2s
epoch 1543 | loss 64.2390 | lr 1.35e-03 | 1.2s
epoch 1544 | loss 64.5866 | lr 1.35e-03 | 1.2s
epoch 1545 | loss 64.2722 | lr 1.35e-03 | 1.2s
epoch 1546 | loss 63.8644 | lr 1.35e-03 | 1.2s
epoch 1547 | loss 63.6475 | lr 1.35e-03 | 1.2s
epoch 1548 | loss 64.2044 | lr 1.35e-03 | 1.2s
epoch 1549 | loss 63.2827 | lr 1.35e-03 | 1.2s
epoch 1550 | loss 64.1158 | lr 1.35e-03 | 1.2s
epoch 1551 | loss 63.3738 | lr 1.34e-03 | 1.2s
epoch 1552 | loss 63.7242 | lr 1.34e-03 | 1.2s
epoch 1553 | loss 63.8525 | lr 1.34e-03 | 1.2s
epoch 1554 | loss 64.6591 | lr 1.34e-03 | 1.2s
epoch 1555 | loss 63.7932 | lr 1.34e-03 | 1.2s
epoch 1556 | loss 64.4230 | lr 1.34e-03 | 1.2s
epoch 1557 | loss 63.7885 | lr 1.34e-03 | 1.2s
epoch 1558 | loss 63.3762 | lr 1.34e-03 | 1.2s
epoch 1559 | loss 63.6876 | lr 1.34e-03 | 1.2s
epoch 1560 | loss 63.8088 | lr 1.34e-03 | 1.2s
epoch 1561 | loss 63.8104 | lr 1.34e-03 | 1.2s
epoch 1562 | loss 63.6498 | lr 1.34e-03 | 1.2s
epoch 1563 | loss 64.0349 | lr 1.34e-03 | 1.2s
epoch 1564 | loss 64.3933 | lr 1.34e-03 | 1.2s
epoch 1565 | loss 64.4218 | lr 1.33e-03 | 1.2s
epoch 1566 | loss 63.8183 | lr 1.33e-03 | 1.2s
epoch 1567 | loss 63.9632 | lr 1.33e-03 | 1.2s
epoch 1568 | loss 64.1443 | lr 1.33e-03 | 1.2s
epoch 1569 | loss 63.5828 | lr 1.33e-03 | 1.2s
epoch 1570 | loss 63.9735 | lr 1.33e-03 | 1.2s
epoch 1571 | loss 63.3344 | lr 1.33e-03 | 1.2s
epoch 1572 | loss 64.5659 | lr 1.33e-03 | 1.2s
epoch 1573 | loss 64.2057 | lr 1.33e-03 | 1.2s
epoch 1574 | loss 63.8702 | lr 1.33e-03 | 1.2s
epoch 1575 | loss 63.6003 | lr 1.33e-03 | 1.2s
epoch 1576 | loss 64.2204 | lr 1.33e-03 | 1.2s
epoch 1577 | loss 62.8015 | lr 1.33e-03 | 1.2s
epoch 1578 | loss 63.9622 | lr 1.32e-03 | 1.2s
epoch 1579 | loss 63.7985 | lr 1.32e-03 | 1.2s
epoch 1580 | loss 63.6927 | lr 1.32e-03 | 1.2s
epoch 1581 | loss 64.0587 | lr 1.32e-03 | 1.2s
epoch 1582 | loss 64.1286 | lr 1.32e-03 | 1.2s
epoch 1583 | loss 63.6946 | lr 1.32e-03 | 1.2s
epoch 1584 | loss 63.4199 | lr 1.32e-03 | 1.3s
epoch 1585 | loss 64.0298 | lr 1.32e-03 | 1.2s
epoch 1586 | loss 63.4423 | lr 1.32e-03 | 1.2s
epoch 1587 | loss 64.2136 | lr 1.32e-03 | 1.2s
epoch 1588 | loss 63.9160 | lr 1.32e-03 | 1.2s
epoch 1589 | loss 64.3697 | lr 1.32e-03 | 1.2s
epoch 1590 | loss 63.8435 | lr 1.32e-03 | 1.2s
epoch 1591 | loss 63.6150 | lr 1.31e-03 | 1.2s
epoch 1592 | loss 64.4879 | lr 1.31e-03 | 1.2s
epoch 1593 | loss 63.7559 | lr 1.31e-03 | 1.2s
epoch 1594 | loss 64.2732 | lr 1.31e-03 | 1.2s
epoch 1595 | loss 63.7079 | lr 1.31e-03 | 1.2s
epoch 1596 | loss 63.8216 | lr 1.31e-03 | 1.2s
epoch 1597 | loss 63.7491 | lr 1.31e-03 | 1.2s
epoch 1598 | loss 64.6864 | lr 1.31e-03 | 1.2s
epoch 1599 | loss 63.9130 | lr 1.31e-03 | 1.2s
epoch 1600 | loss 63.7955 | lr 1.31e-03 | 1.2s
epoch 1601 | loss 64.1054 | lr 1.31e-03 | 1.2s
epoch 1602 | loss 64.0965 | lr 1.31e-03 | 1.2s
epoch 1603 | loss 64.0661 | lr 1.31e-03 | 1.2s
epoch 1604 | loss 63.9873 | lr 1.31e-03 | 1.2s
epoch 1605 | loss 63.4338 | lr 1.30e-03 | 1.2s
epoch 1606 | loss 64.3457 | lr 1.30e-03 | 1.2s
epoch 1607 | loss 63.6235 | lr 1.30e-03 | 1.2s
epoch 1608 | loss 64.3162 | lr 1.30e-03 | 1.2s
epoch 1609 | loss 64.2482 | lr 1.30e-03 | 1.2s
epoch 1610 | loss 63.7048 | lr 1.30e-03 | 1.2s
epoch 1611 | loss 63.3268 | lr 1.30e-03 | 1.2s
epoch 1612 | loss 64.7405 | lr 1.30e-03 | 1.2s
epoch 1613 | loss 63.8205 | lr 1.30e-03 | 1.2s
epoch 1614 | loss 64.3689 | lr 1.30e-03 | 1.3s
epoch 1615 | loss 63.6894 | lr 1.30e-03 | 1.2s
epoch 1616 | loss 64.0944 | lr 1.30e-03 | 1.2s
epoch 1617 | loss 64.3754 | lr 1.30e-03 | 1.2s
epoch 1618 | loss 64.7143 | lr 1.29e-03 | 1.2s
epoch 1619 | loss 63.9581 | lr 1.29e-03 | 1.2s
epoch 1620 | loss 63.7677 | lr 1.29e-03 | 1.2s
epoch 1621 | loss 64.0564 | lr 1.29e-03 | 1.3s
epoch 1622 | loss 64.1379 | lr 1.29e-03 | 1.2s
epoch 1623 | loss 64.3066 | lr 1.29e-03 | 1.2s
epoch 1624 | loss 63.4777 | lr 1.29e-03 | 1.2s
epoch 1625 | loss 64.3873 | lr 1.29e-03 | 1.2s
epoch 1626 | loss 64.4953 | lr 1.29e-03 | 1.2s
epoch 1627 | loss 64.0269 | lr 1.29e-03 | 1.2s
epoch 1628 | loss 64.1200 | lr 1.29e-03 | 1.2s
epoch 1629 | loss 63.9010 | lr 1.29e-03 | 1.2s
epoch 1630 | loss 64.4224 | lr 1.29e-03 | 1.2s
epoch 1631 | loss 64.2305 | lr 1.29e-03 | 1.2s
epoch 1632 | loss 63.8243 | lr 1.28e-03 | 1.2s
epoch 1633 | loss 63.8525 | lr 1.28e-03 | 1.2s
epoch 1634 | loss 63.9772 | lr 1.28e-03 | 1.2s
epoch 1635 | loss 64.5394 | lr 1.28e-03 | 1.2s
epoch 1636 | loss 63.7013 | lr 1.28e-03 | 1.2s
epoch 1637 | loss 63.5999 | lr 1.28e-03 | 1.2s
epoch 1638 | loss 63.8269 | lr 1.28e-03 | 1.2s
epoch 1639 | loss 64.2768 | lr 1.28e-03 | 1.2s
epoch 1640 | loss 64.1156 | lr 1.28e-03 | 1.2s
epoch 1641 | loss 63.8775 | lr 1.28e-03 | 1.2s
epoch 1642 | loss 63.9958 | lr 1.28e-03 | 1.2s
epoch 1643 | loss 64.2468 | lr 1.28e-03 | 1.2s
epoch 1644 | loss 63.8553 | lr 1.28e-03 | 1.2s
epoch 1645 | loss 64.2080 | lr 1.27e-03 | 1.2s
epoch 1646 | loss 64.1489 | lr 1.27e-03 | 1.2s
epoch 1647 | loss 63.7614 | lr 1.27e-03 | 1.2s
epoch 1648 | loss 63.9281 | lr 1.27e-03 | 1.2s
epoch 1649 | loss 63.6628 | lr 1.27e-03 | 1.2s
epoch 1650 | loss 64.1898 | lr 1.27e-03 | 1.2s
epoch 1651 | loss 64.1645 | lr 1.27e-03 | 1.2s
epoch 1652 | loss 63.1862 | lr 1.27e-03 | 1.2s
epoch 1653 | loss 63.6704 | lr 1.27e-03 | 1.2s
epoch 1654 | loss 62.9376 | lr 1.27e-03 | 1.2s
epoch 1655 | loss 63.7491 | lr 1.27e-03 | 1.2s
epoch 1656 | loss 63.6478 | lr 1.27e-03 | 1.2s
epoch 1657 | loss 64.2473 | lr 1.27e-03 | 1.2s
epoch 1658 | loss 64.3381 | lr 1.26e-03 | 1.2s
epoch 1659 | loss 63.4420 | lr 1.26e-03 | 1.2s
epoch 1660 | loss 63.6522 | lr 1.26e-03 | 1.2s
epoch 1661 | loss 63.9722 | lr 1.26e-03 | 1.2s
epoch 1662 | loss 64.3032 | lr 1.26e-03 | 1.2s
epoch 1663 | loss 64.2856 | lr 1.26e-03 | 1.2s
epoch 1664 | loss 64.5941 | lr 1.26e-03 | 1.2s
epoch 1665 | loss 63.4275 | lr 1.26e-03 | 1.2s
epoch 1666 | loss 63.9509 | lr 1.26e-03 | 1.2s
epoch 1667 | loss 63.9851 | lr 1.26e-03 | 1.2s
epoch 1668 | loss 63.8785 | lr 1.26e-03 | 1.2s
epoch 1669 | loss 63.6683 | lr 1.26e-03 | 1.2s
epoch 1670 | loss 64.2196 | lr 1.26e-03 | 1.2s
epoch 1671 | loss 63.6639 | lr 1.25e-03 | 1.2s
epoch 1672 | loss 64.0340 | lr 1.25e-03 | 1.2s
epoch 1673 | loss 63.2041 | lr 1.25e-03 | 1.2s
epoch 1674 | loss 64.0826 | lr 1.25e-03 | 1.2s
epoch 1675 | loss 64.1915 | lr 1.25e-03 | 1.2s
epoch 1676 | loss 63.9247 | lr 1.25e-03 | 1.2s
epoch 1677 | loss 63.9181 | lr 1.25e-03 | 1.2s
epoch 1678 | loss 63.6242 | lr 1.25e-03 | 1.2s
epoch 1679 | loss 64.4271 | lr 1.25e-03 | 1.2s
epoch 1680 | loss 64.1867 | lr 1.25e-03 | 1.2s
epoch 1681 | loss 64.1187 | lr 1.25e-03 | 1.2s
epoch 1682 | loss 64.3345 | lr 1.25e-03 | 1.2s
epoch 1683 | loss 64.7890 | lr 1.25e-03 | 1.2s
epoch 1684 | loss 63.0896 | lr 1.24e-03 | 1.2s
epoch 1685 | loss 63.4099 | lr 1.24e-03 | 1.2s
epoch 1686 | loss 63.9178 | lr 1.24e-03 | 1.2s
epoch 1687 | loss 63.9516 | lr 1.24e-03 | 1.2s
epoch 1688 | loss 63.6841 | lr 1.24e-03 | 1.2s
epoch 1689 | loss 64.0082 | lr 1.24e-03 | 1.2s
epoch 1690 | loss 64.1902 | lr 1.24e-03 | 1.2s
epoch 1691 | loss 63.7577 | lr 1.24e-03 | 1.2s
epoch 1692 | loss 63.5436 | lr 1.24e-03 | 1.2s
epoch 1693 | loss 64.0858 | lr 1.24e-03 | 1.2s
epoch 1694 | loss 64.6785 | lr 1.24e-03 | 1.2s
epoch 1695 | loss 63.8632 | lr 1.24e-03 | 1.2s
epoch 1696 | loss 63.9639 | lr 1.24e-03 | 1.2s
epoch 1697 | loss 63.9021 | lr 1.23e-03 | 1.2s
epoch 1698 | loss 64.3864 | lr 1.23e-03 | 1.2s
epoch 1699 | loss 63.1168 | lr 1.23e-03 | 1.2s
epoch 1700 | loss 63.8363 | lr 1.23e-03 | 1.2s
epoch 1701 | loss 64.4821 | lr 1.23e-03 | 1.2s
epoch 1702 | loss 64.2130 | lr 1.23e-03 | 1.2s
epoch 1703 | loss 64.1869 | lr 1.23e-03 | 1.2s
epoch 1704 | loss 64.0733 | lr 1.23e-03 | 1.2s
epoch 1705 | loss 63.7200 | lr 1.23e-03 | 1.2s
epoch 1706 | loss 63.7671 | lr 1.23e-03 | 1.2s
epoch 1707 | loss 64.0657 | lr 1.23e-03 | 1.2s
epoch 1708 | loss 64.1307 | lr 1.23e-03 | 1.2s
epoch 1709 | loss 63.5781 | lr 1.23e-03 | 1.2s
epoch 1710 | loss 63.8967 | lr 1.23e-03 | 1.2s
epoch 1711 | loss 63.6242 | lr 1.22e-03 | 1.2s
epoch 1712 | loss 63.3742 | lr 1.22e-03 | 1.2s
epoch 1713 | loss 63.4315 | lr 1.22e-03 | 1.2s
epoch 1714 | loss 63.6390 | lr 1.22e-03 | 1.2s
epoch 1715 | loss 64.3999 | lr 1.22e-03 | 1.2s
epoch 1716 | loss 63.9833 | lr 1.22e-03 | 1.2s
epoch 1717 | loss 63.5656 | lr 1.22e-03 | 1.2s
epoch 1718 | loss 64.3801 | lr 1.22e-03 | 1.2s
epoch 1719 | loss 64.4879 | lr 1.22e-03 | 1.2s
epoch 1720 | loss 63.5354 | lr 1.22e-03 | 1.2s
epoch 1721 | loss 64.2573 | lr 1.22e-03 | 1.2s
epoch 1722 | loss 64.2535 | lr 1.22e-03 | 1.2s
epoch 1723 | loss 63.7005 | lr 1.22e-03 | 1.2s
epoch 1724 | loss 64.1544 | lr 1.21e-03 | 1.2s
epoch 1725 | loss 63.6984 | lr 1.21e-03 | 1.2s
epoch 1726 | loss 63.8485 | lr 1.21e-03 | 1.2s
epoch 1727 | loss 64.0669 | lr 1.21e-03 | 1.2s
epoch 1728 | loss 64.2936 | lr 1.21e-03 | 1.2s
epoch 1729 | loss 63.9997 | lr 1.21e-03 | 1.2s
epoch 1730 | loss 63.9483 | lr 1.21e-03 | 1.2s
epoch 1731 | loss 64.4244 | lr 1.21e-03 | 1.2s
epoch 1732 | loss 63.2614 | lr 1.21e-03 | 1.2s
epoch 1733 | loss 63.9494 | lr 1.21e-03 | 1.2s
epoch 1734 | loss 64.3952 | lr 1.21e-03 | 1.2s
epoch 1735 | loss 63.3438 | lr 1.21e-03 | 1.2s
epoch 1736 | loss 64.0737 | lr 1.21e-03 | 1.2s
epoch 1737 | loss 63.8340 | lr 1.20e-03 | 1.2s
epoch 1738 | loss 63.9190 | lr 1.20e-03 | 1.2s
epoch 1739 | loss 63.9860 | lr 1.20e-03 | 1.2s
epoch 1740 | loss 64.0758 | lr 1.20e-03 | 1.2s
epoch 1741 | loss 64.1888 | lr 1.20e-03 | 1.2s
epoch 1742 | loss 64.1622 | lr 1.20e-03 | 1.2s
epoch 1743 | loss 63.7411 | lr 1.20e-03 | 1.2s
epoch 1744 | loss 64.3128 | lr 1.20e-03 | 1.2s
epoch 1745 | loss 63.9735 | lr 1.20e-03 | 1.2s
epoch 1746 | loss 63.9837 | lr 1.20e-03 | 1.2s
epoch 1747 | loss 64.8818 | lr 1.20e-03 | 1.2s
epoch 1748 | loss 63.5720 | lr 1.20e-03 | 1.2s
epoch 1749 | loss 63.7398 | lr 1.20e-03 | 1.2s
epoch 1750 | loss 63.9626 | lr 1.19e-03 | 1.2s
epoch 1751 | loss 63.5761 | lr 1.19e-03 | 1.2s
epoch 1752 | loss 64.0549 | lr 1.19e-03 | 1.2s
epoch 1753 | loss 63.3245 | lr 1.19e-03 | 1.2s
epoch 1754 | loss 64.0415 | lr 1.19e-03 | 1.2s
epoch 1755 | loss 63.8285 | lr 1.19e-03 | 1.2s
epoch 1756 | loss 64.2037 | lr 1.19e-03 | 1.2s
epoch 1757 | loss 63.9103 | lr 1.19e-03 | 1.2s
epoch 1758 | loss 64.2796 | lr 1.19e-03 | 1.2s
epoch 1759 | loss 64.0254 | lr 1.19e-03 | 1.2s
epoch 1760 | loss 64.4810 | lr 1.19e-03 | 1.2s
epoch 1761 | loss 63.7731 | lr 1.19e-03 | 1.2s
epoch 1762 | loss 63.9270 | lr 1.19e-03 | 1.2s
epoch 1763 | loss 64.2810 | lr 1.18e-03 | 1.3s
epoch 1764 | loss 64.1432 | lr 1.18e-03 | 1.2s
epoch 1765 | loss 63.8323 | lr 1.18e-03 | 1.2s
epoch 1766 | loss 63.2612 | lr 1.18e-03 | 1.2s
epoch 1767 | loss 63.8621 | lr 1.18e-03 | 1.2s
epoch 1768 | loss 64.0774 | lr 1.18e-03 | 1.2s
epoch 1769 | loss 63.7930 | lr 1.18e-03 | 1.2s
epoch 1770 | loss 64.2688 | lr 1.18e-03 | 1.2s
epoch 1771 | loss 63.4700 | lr 1.18e-03 | 1.2s
epoch 1772 | loss 63.6423 | lr 1.18e-03 | 1.2s
epoch 1773 | loss 64.3468 | lr 1.18e-03 | 1.2s
epoch 1774 | loss 63.8157 | lr 1.18e-03 | 1.2s
epoch 1775 | loss 63.7526 | lr 1.18e-03 | 1.2s
epoch 1776 | loss 63.3224 | lr 1.17e-03 | 1.2s
epoch 1777 | loss 64.3456 | lr 1.17e-03 | 1.2s
epoch 1778 | loss 63.5876 | lr 1.17e-03 | 1.2s
epoch 1779 | loss 63.5002 | lr 1.17e-03 | 1.2s
epoch 1780 | loss 63.9486 | lr 1.17e-03 | 1.2s
epoch 1781 | loss 64.4017 | lr 1.17e-03 | 1.2s
epoch 1782 | loss 63.8255 | lr 1.17e-03 | 1.2s
epoch 1783 | loss 63.7345 | lr 1.17e-03 | 1.2s
epoch 1784 | loss 63.6902 | lr 1.17e-03 | 1.2s
epoch 1785 | loss 63.5287 | lr 1.17e-03 | 1.2s
epoch 1786 | loss 64.2448 | lr 1.17e-03 | 1.2s
epoch 1787 | loss 63.5587 | lr 1.17e-03 | 1.2s
epoch 1788 | loss 64.1992 | lr 1.16e-03 | 1.2s
epoch 1789 | loss 64.1722 | lr 1.16e-03 | 1.2s
epoch 1790 | loss 63.4904 | lr 1.16e-03 | 1.2s
epoch 1791 | loss 64.0799 | lr 1.16e-03 | 1.2s
epoch 1792 | loss 63.8623 | lr 1.16e-03 | 1.2s
epoch 1793 | loss 64.0097 | lr 1.16e-03 | 1.2s
epoch 1794 | loss 63.6687 | lr 1.16e-03 | 1.2s
epoch 1795 | loss 63.9697 | lr 1.16e-03 | 1.2s
epoch 1796 | loss 63.4678 | lr 1.16e-03 | 1.2s
epoch 1797 | loss 64.0924 | lr 1.16e-03 | 1.2s
epoch 1798 | loss 63.1300 | lr 1.16e-03 | 1.2s
epoch 1799 | loss 64.3036 | lr 1.16e-03 | 1.2s
epoch 1800 | loss 63.2553 | lr 1.16e-03 | 1.2s
epoch 1801 | loss 63.7989 | lr 1.15e-03 | 1.2s
epoch 1802 | loss 63.7084 | lr 1.15e-03 | 1.2s
epoch 1803 | loss 64.3841 | lr 1.15e-03 | 1.2s
epoch 1804 | loss 63.7608 | lr 1.15e-03 | 1.2s
epoch 1805 | loss 64.1601 | lr 1.15e-03 | 1.2s
epoch 1806 | loss 63.5532 | lr 1.15e-03 | 1.2s
epoch 1807 | loss 64.3423 | lr 1.15e-03 | 1.2s
epoch 1808 | loss 63.9376 | lr 1.15e-03 | 1.2s
epoch 1809 | loss 64.3279 | lr 1.15e-03 | 1.2s
epoch 1810 | loss 63.2477 | lr 1.15e-03 | 1.3s
epoch 1811 | loss 63.3753 | lr 1.15e-03 | 1.2s
epoch 1812 | loss 63.8871 | lr 1.15e-03 | 1.2s
epoch 1813 | loss 63.9059 | lr 1.15e-03 | 1.2s
epoch 1814 | loss 64.1685 | lr 1.14e-03 | 1.2s
epoch 1815 | loss 63.9207 | lr 1.14e-03 | 1.2s
epoch 1816 | loss 63.6568 | lr 1.14e-03 | 1.2s
epoch 1817 | loss 64.2188 | lr 1.14e-03 | 1.2s
epoch 1818 | loss 63.8990 | lr 1.14e-03 | 1.2s
epoch 1819 | loss 63.8043 | lr 1.14e-03 | 1.2s
epoch 1820 | loss 63.9934 | lr 1.14e-03 | 1.2s
epoch 1821 | loss 63.6590 | lr 1.14e-03 | 1.2s
epoch 1822 | loss 63.9384 | lr 1.14e-03 | 1.2s
epoch 1823 | loss 64.1951 | lr 1.14e-03 | 1.2s
epoch 1824 | loss 64.1993 | lr 1.14e-03 | 1.2s
epoch 1825 | loss 63.9378 | lr 1.14e-03 | 1.2s
epoch 1826 | loss 63.8118 | lr 1.14e-03 | 1.2s
epoch 1827 | loss 63.8278 | lr 1.13e-03 | 1.2s
epoch 1828 | loss 63.8842 | lr 1.13e-03 | 1.2s
epoch 1829 | loss 64.1082 | lr 1.13e-03 | 1.2s
epoch 1830 | loss 64.3628 | lr 1.13e-03 | 1.2s
epoch 1831 | loss 63.5985 | lr 1.13e-03 | 1.3s
epoch 1832 | loss 64.0916 | lr 1.13e-03 | 1.2s
epoch 1833 | loss 63.8172 | lr 1.13e-03 | 1.2s
epoch 1834 | loss 63.9674 | lr 1.13e-03 | 1.2s
epoch 1835 | loss 63.6495 | lr 1.13e-03 | 1.2s
epoch 1836 | loss 63.4263 | lr 1.13e-03 | 1.2s
epoch 1837 | loss 63.8863 | lr 1.13e-03 | 1.2s
epoch 1838 | loss 63.8369 | lr 1.13e-03 | 1.2s
epoch 1839 | loss 64.3734 | lr 1.13e-03 | 1.2s
epoch 1840 | loss 63.4805 | lr 1.12e-03 | 1.2s
epoch 1841 | loss 63.7456 | lr 1.12e-03 | 1.2s
epoch 1842 | loss 63.0137 | lr 1.12e-03 | 1.2s
epoch 1843 | loss 64.2537 | lr 1.12e-03 | 1.2s
epoch 1844 | loss 63.9989 | lr 1.12e-03 | 1.2s
epoch 1845 | loss 64.4610 | lr 1.12e-03 | 1.2s
epoch 1846 | loss 64.3760 | lr 1.12e-03 | 1.2s
epoch 1847 | loss 63.6668 | lr 1.12e-03 | 1.2s
epoch 1848 | loss 64.7634 | lr 1.12e-03 | 1.2s
epoch 1849 | loss 64.5121 | lr 1.12e-03 | 1.2s
epoch 1850 | loss 63.8367 | lr 1.12e-03 | 1.2s
epoch 1851 | loss 63.9303 | lr 1.12e-03 | 1.2s
epoch 1852 | loss 63.7662 | lr 1.12e-03 | 1.2s
epoch 1853 | loss 64.8349 | lr 1.11e-03 | 1.2s
epoch 1854 | loss 63.5566 | lr 1.11e-03 | 1.2s
epoch 1855 | loss 64.3197 | lr 1.11e-03 | 1.2s
epoch 1856 | loss 63.5751 | lr 1.11e-03 | 1.2s
epoch 1857 | loss 63.9431 | lr 1.11e-03 | 1.2s
epoch 1858 | loss 63.5961 | lr 1.11e-03 | 1.2s
epoch 1859 | loss 64.0411 | lr 1.11e-03 | 1.2s
epoch 1860 | loss 64.3769 | lr 1.11e-03 | 1.2s
epoch 1861 | loss 63.3942 | lr 1.11e-03 | 1.2s
epoch 1862 | loss 64.0564 | lr 1.11e-03 | 1.2s
epoch 1863 | loss 63.7373 | lr 1.11e-03 | 1.2s
epoch 1864 | loss 64.0593 | lr 1.11e-03 | 1.2s
epoch 1865 | loss 63.8265 | lr 1.11e-03 | 1.2s
epoch 1866 | loss 63.4559 | lr 1.10e-03 | 1.2s
epoch 1867 | loss 64.2357 | lr 1.10e-03 | 1.2s
epoch 1868 | loss 64.2354 | lr 1.10e-03 | 1.2s
epoch 1869 | loss 63.6139 | lr 1.10e-03 | 1.2s
epoch 1870 | loss 63.8584 | lr 1.10e-03 | 1.2s
epoch 1871 | loss 64.0600 | lr 1.10e-03 | 1.2s
epoch 1872 | loss 63.6798 | lr 1.10e-03 | 1.2s
epoch 1873 | loss 63.6283 | lr 1.10e-03 | 1.2s
epoch 1874 | loss 63.8506 | lr 1.10e-03 | 1.2s
epoch 1875 | loss 63.3608 | lr 1.10e-03 | 1.2s
epoch 1876 | loss 64.7056 | lr 1.10e-03 | 1.2s
epoch 1877 | loss 63.7364 | lr 1.10e-03 | 1.2s
epoch 1878 | loss 64.1150 | lr 1.09e-03 | 1.2s
epoch 1879 | loss 64.2174 | lr 1.09e-03 | 1.2s
epoch 1880 | loss 64.1024 | lr 1.09e-03 | 1.2s
epoch 1881 | loss 63.5647 | lr 1.09e-03 | 1.3s
epoch 1882 | loss 63.7558 | lr 1.09e-03 | 1.2s
epoch 1883 | loss 63.3346 | lr 1.09e-03 | 1.2s
epoch 1884 | loss 64.7101 | lr 1.09e-03 | 1.2s
epoch 1885 | loss 64.1828 | lr 1.09e-03 | 1.2s
epoch 1886 | loss 63.4572 | lr 1.09e-03 | 1.2s
epoch 1887 | loss 64.3523 | lr 1.09e-03 | 1.2s
epoch 1888 | loss 64.5550 | lr 1.09e-03 | 1.2s
epoch 1889 | loss 63.5781 | lr 1.09e-03 | 1.2s
epoch 1890 | loss 63.9789 | lr 1.09e-03 | 1.2s
epoch 1891 | loss 64.1027 | lr 1.08e-03 | 1.2s
epoch 1892 | loss 64.0056 | lr 1.08e-03 | 1.2s
epoch 1893 | loss 63.7124 | lr 1.08e-03 | 1.2s
epoch 1894 | loss 63.9805 | lr 1.08e-03 | 1.2s
epoch 1895 | loss 63.6069 | lr 1.08e-03 | 1.2s
epoch 1896 | loss 64.0106 | lr 1.08e-03 | 1.2s
epoch 1897 | loss 64.1465 | lr 1.08e-03 | 1.2s
epoch 1898 | loss 63.4408 | lr 1.08e-03 | 1.2s
epoch 1899 | loss 64.1106 | lr 1.08e-03 | 1.2s
epoch 1900 | loss 64.5651 | lr 1.08e-03 | 1.2s
epoch 1901 | loss 63.7170 | lr 1.08e-03 | 1.3s
epoch 1902 | loss 63.8636 | lr 1.08e-03 | 1.2s
epoch 1903 | loss 64.2590 | lr 1.08e-03 | 1.2s
epoch 1904 | loss 63.9235 | lr 1.07e-03 | 1.2s
epoch 1905 | loss 64.2896 | lr 1.07e-03 | 1.2s
epoch 1906 | loss 64.2836 | lr 1.07e-03 | 1.3s
epoch 1907 | loss 63.9693 | lr 1.07e-03 | 1.2s
epoch 1908 | loss 63.3350 | lr 1.07e-03 | 1.2s
epoch 1909 | loss 64.5746 | lr 1.07e-03 | 1.2s
epoch 1910 | loss 63.6987 | lr 1.07e-03 | 1.2s
epoch 1911 | loss 64.2085 | lr 1.07e-03 | 1.2s
epoch 1912 | loss 63.4966 | lr 1.07e-03 | 1.2s
epoch 1913 | loss 63.6837 | lr 1.07e-03 | 1.2s
epoch 1914 | loss 63.4257 | lr 1.07e-03 | 1.2s
epoch 1915 | loss 63.5566 | lr 1.07e-03 | 1.2s
epoch 1916 | loss 64.4535 | lr 1.07e-03 | 1.2s
epoch 1917 | loss 64.0974 | lr 1.06e-03 | 1.2s
epoch 1918 | loss 63.8101 | lr 1.06e-03 | 1.2s
epoch 1919 | loss 63.2173 | lr 1.06e-03 | 1.2s
epoch 1920 | loss 63.5978 | lr 1.06e-03 | 1.2s
epoch 1921 | loss 64.2102 | lr 1.06e-03 | 1.2s
epoch 1922 | loss 63.7062 | lr 1.06e-03 | 1.2s
epoch 1923 | loss 63.4022 | lr 1.06e-03 | 1.2s
epoch 1924 | loss 63.7918 | lr 1.06e-03 | 1.2s
epoch 1925 | loss 64.8443 | lr 1.06e-03 | 1.2s
epoch 1926 | loss 63.9858 | lr 1.06e-03 | 1.2s
epoch 1927 | loss 64.3781 | lr 1.06e-03 | 1.2s
epoch 1928 | loss 63.6213 | lr 1.06e-03 | 1.2s
epoch 1929 | loss 63.9622 | lr 1.05e-03 | 1.2s
epoch 1930 | loss 63.8260 | lr 1.05e-03 | 1.2s
epoch 1931 | loss 63.3898 | lr 1.05e-03 | 1.2s
epoch 1932 | loss 63.6970 | lr 1.05e-03 | 1.2s
epoch 1933 | loss 63.9001 | lr 1.05e-03 | 1.2s
epoch 1934 | loss 63.7525 | lr 1.05e-03 | 1.2s
epoch 1935 | loss 63.7116 | lr 1.05e-03 | 1.2s
epoch 1936 | loss 64.0038 | lr 1.05e-03 | 1.2s
epoch 1937 | loss 64.4030 | lr 1.05e-03 | 1.2s
epoch 1938 | loss 64.4430 | lr 1.05e-03 | 1.2s
epoch 1939 | loss 64.0146 | lr 1.05e-03 | 1.2s
epoch 1940 | loss 63.3584 | lr 1.05e-03 | 1.2s
epoch 1941 | loss 63.6728 | lr 1.05e-03 | 1.2s
epoch 1942 | loss 64.1370 | lr 1.04e-03 | 1.2s
epoch 1943 | loss 64.1846 | lr 1.04e-03 | 1.2s
epoch 1944 | loss 64.3768 | lr 1.04e-03 | 1.2s
epoch 1945 | loss 63.8346 | lr 1.04e-03 | 1.2s
epoch 1946 | loss 64.3059 | lr 1.04e-03 | 1.2s
epoch 1947 | loss 64.0893 | lr 1.04e-03 | 1.2s
epoch 1948 | loss 63.9350 | lr 1.04e-03 | 1.3s
epoch 1949 | loss 63.9888 | lr 1.04e-03 | 1.2s
epoch 1950 | loss 63.8805 | lr 1.04e-03 | 1.2s
epoch 1951 | loss 63.7251 | lr 1.04e-03 | 1.2s
epoch 1952 | loss 64.1398 | lr 1.04e-03 | 1.2s
epoch 1953 | loss 63.5221 | lr 1.04e-03 | 1.2s
epoch 1954 | loss 64.0431 | lr 1.04e-03 | 1.2s
epoch 1955 | loss 64.4396 | lr 1.03e-03 | 1.2s
epoch 1956 | loss 64.3947 | lr 1.03e-03 | 1.2s
epoch 1957 | loss 63.9646 | lr 1.03e-03 | 1.2s
epoch 1958 | loss 64.1235 | lr 1.03e-03 | 1.2s
epoch 1959 | loss 63.6079 | lr 1.03e-03 | 1.2s
epoch 1960 | loss 63.6885 | lr 1.03e-03 | 1.2s
epoch 1961 | loss 63.4987 | lr 1.03e-03 | 1.2s
epoch 1962 | loss 64.1831 | lr 1.03e-03 | 1.2s
epoch 1963 | loss 63.8864 | lr 1.03e-03 | 1.2s
epoch 1964 | loss 64.3344 | lr 1.03e-03 | 1.2s
epoch 1965 | loss 64.7358 | lr 1.03e-03 | 1.2s
epoch 1966 | loss 63.7394 | lr 1.03e-03 | 1.2s
epoch 1967 | loss 63.3667 | lr 1.03e-03 | 1.2s
epoch 1968 | loss 64.5732 | lr 1.02e-03 | 1.2s
epoch 1969 | loss 63.7922 | lr 1.02e-03 | 1.2s
epoch 1970 | loss 63.9227 | lr 1.02e-03 | 1.2s
epoch 1971 | loss 64.3664 | lr 1.02e-03 | 1.2s
epoch 1972 | loss 63.8524 | lr 1.02e-03 | 1.2s
epoch 1973 | loss 64.3070 | lr 1.02e-03 | 1.2s
epoch 1974 | loss 64.6162 | lr 1.02e-03 | 1.2s
epoch 1975 | loss 63.1926 | lr 1.02e-03 | 1.2s
epoch 1976 | loss 63.8998 | lr 1.02e-03 | 1.2s
epoch 1977 | loss 63.7238 | lr 1.02e-03 | 1.2s
epoch 1978 | loss 63.4161 | lr 1.02e-03 | 1.2s
epoch 1979 | loss 64.9786 | lr 1.02e-03 | 1.2s
epoch 1980 | loss 63.7548 | lr 1.01e-03 | 1.2s
epoch 1981 | loss 64.3178 | lr 1.01e-03 | 1.2s
epoch 1982 | loss 64.2354 | lr 1.01e-03 | 1.2s
epoch 1983 | loss 63.5518 | lr 1.01e-03 | 1.2s
epoch 1984 | loss 63.9290 | lr 1.01e-03 | 1.2s
epoch 1985 | loss 63.8268 | lr 1.01e-03 | 1.2s
epoch 1986 | loss 64.5302 | lr 1.01e-03 | 1.2s
epoch 1987 | loss 63.4342 | lr 1.01e-03 | 1.2s
epoch 1988 | loss 64.3371 | lr 1.01e-03 | 1.2s
epoch 1989 | loss 64.6254 | lr 1.01e-03 | 1.2s
epoch 1990 | loss 63.2800 | lr 1.01e-03 | 1.2s
epoch 1991 | loss 63.7679 | lr 1.01e-03 | 1.2s
epoch 1992 | loss 64.5489 | lr 1.01e-03 | 1.2s
epoch 1993 | loss 64.4568 | lr 1.00e-03 | 1.2s
epoch 1994 | loss 63.5823 | lr 1.00e-03 | 1.2s
epoch 1995 | loss 63.9493 | lr 1.00e-03 | 1.2s
epoch 1996 | loss 63.9956 | lr 1.00e-03 | 1.2s
epoch 1997 | loss 63.6705 | lr 1.00e-03 | 1.2s
epoch 1998 | loss 63.9911 | lr 1.00e-03 | 1.2s
epoch 1999 | loss 63.8462 | lr 1.00e-03 | 1.2s
epoch 2000 | loss 63.5876 | lr 9.99e-04 | 1.2s
epoch 2001 | loss 63.7144 | lr 9.98e-04 | 1.2s
epoch 2002 | loss 63.5765 | lr 9.98e-04 | 1.2s
epoch 2003 | loss 64.0686 | lr 9.97e-04 | 1.2s
epoch 2004 | loss 63.7770 | lr 9.96e-04 | 1.2s
epoch 2005 | loss 63.5549 | lr 9.95e-04 | 1.3s
epoch 2006 | loss 63.9110 | lr 9.95e-04 | 1.2s
epoch 2007 | loss 63.0507 | lr 9.94e-04 | 1.2s
epoch 2008 | loss 63.4963 | lr 9.93e-04 | 1.2s
epoch 2009 | loss 63.8877 | lr 9.92e-04 | 1.2s
epoch 2010 | loss 64.2340 | lr 9.91e-04 | 1.2s
epoch 2011 | loss 63.6399 | lr 9.91e-04 | 1.2s
epoch 2012 | loss 64.1419 | lr 9.90e-04 | 1.2s
epoch 2013 | loss 63.6978 | lr 9.89e-04 | 1.2s
epoch 2014 | loss 63.7145 | lr 9.88e-04 | 1.2s
epoch 2015 | loss 63.8835 | lr 9.87e-04 | 1.2s
epoch 2016 | loss 63.7988 | lr 9.87e-04 | 1.2s
epoch 2017 | loss 63.8686 | lr 9.86e-04 | 1.2s
epoch 2018 | loss 63.4425 | lr 9.85e-04 | 1.2s
epoch 2019 | loss 64.6092 | lr 9.84e-04 | 1.2s
epoch 2020 | loss 63.7312 | lr 9.84e-04 | 1.2s
epoch 2021 | loss 63.3555 | lr 9.83e-04 | 1.2s
epoch 2022 | loss 63.5995 | lr 9.82e-04 | 1.2s
epoch 2023 | loss 64.2910 | lr 9.81e-04 | 1.2s
epoch 2024 | loss 63.8406 | lr 9.80e-04 | 1.2s
epoch 2025 | loss 63.7972 | lr 9.80e-04 | 1.2s
epoch 2026 | loss 64.2605 | lr 9.79e-04 | 1.2s
epoch 2027 | loss 63.7209 | lr 9.78e-04 | 1.2s
epoch 2028 | loss 64.1323 | lr 9.77e-04 | 1.2s
epoch 2029 | loss 63.4799 | lr 9.76e-04 | 1.2s
epoch 2030 | loss 63.8058 | lr 9.76e-04 | 1.2s
epoch 2031 | loss 63.5706 | lr 9.75e-04 | 1.2s
epoch 2032 | loss 64.1079 | lr 9.74e-04 | 1.2s
epoch 2033 | loss 63.7418 | lr 9.73e-04 | 1.2s
epoch 2034 | loss 64.1210 | lr 9.73e-04 | 1.2s
epoch 2035 | loss 64.2694 | lr 9.72e-04 | 1.2s
epoch 2036 | loss 63.9220 | lr 9.71e-04 | 1.2s
epoch 2037 | loss 63.8510 | lr 9.70e-04 | 1.2s
epoch 2038 | loss 63.1100 | lr 9.69e-04 | 1.2s
epoch 2039 | loss 63.7839 | lr 9.69e-04 | 1.2s
epoch 2040 | loss 63.6488 | lr 9.68e-04 | 1.2s
epoch 2041 | loss 63.9566 | lr 9.67e-04 | 1.2s
epoch 2042 | loss 64.2904 | lr 9.66e-04 | 1.2s
epoch 2043 | loss 64.2791 | lr 9.65e-04 | 1.2s
epoch 2044 | loss 64.0937 | lr 9.65e-04 | 1.2s
epoch 2045 | loss 64.4288 | lr 9.64e-04 | 1.2s
epoch 2046 | loss 63.4625 | lr 9.63e-04 | 1.2s
epoch 2047 | loss 64.4482 | lr 9.62e-04 | 1.2s
epoch 2048 | loss 64.3880 | lr 9.62e-04 | 1.2s
epoch 2049 | loss 63.9275 | lr 9.61e-04 | 1.2s
epoch 2050 | loss 63.7758 | lr 9.60e-04 | 1.2s
epoch 2051 | loss 63.8062 | lr 9.59e-04 | 1.2s
epoch 2052 | loss 64.6326 | lr 9.58e-04 | 1.2s
epoch 2053 | loss 63.7844 | lr 9.58e-04 | 1.2s
epoch 2054 | loss 63.3192 | lr 9.57e-04 | 1.2s
epoch 2055 | loss 64.4560 | lr 9.56e-04 | 1.2s
epoch 2056 | loss 64.1349 | lr 9.55e-04 | 1.2s
epoch 2057 | loss 63.5453 | lr 9.54e-04 | 1.2s
epoch 2058 | loss 63.5312 | lr 9.54e-04 | 1.2s
epoch 2059 | loss 64.1853 | lr 9.53e-04 | 1.2s
epoch 2060 | loss 64.2127 | lr 9.52e-04 | 1.3s
epoch 2061 | loss 64.1828 | lr 9.51e-04 | 1.2s
epoch 2062 | loss 63.6436 | lr 9.51e-04 | 1.2s
epoch 2063 | loss 63.7571 | lr 9.50e-04 | 1.2s
epoch 2064 | loss 64.0728 | lr 9.49e-04 | 1.2s
epoch 2065 | loss 64.4949 | lr 9.48e-04 | 1.2s
epoch 2066 | loss 63.7467 | lr 9.47e-04 | 1.2s
epoch 2067 | loss 63.5278 | lr 9.47e-04 | 1.2s
epoch 2068 | loss 64.2356 | lr 9.46e-04 | 1.2s
epoch 2069 | loss 63.8695 | lr 9.45e-04 | 1.2s
epoch 2070 | loss 63.4294 | lr 9.44e-04 | 1.2s
epoch 2071 | loss 63.7734 | lr 9.43e-04 | 1.2s
epoch 2072 | loss 63.4876 | lr 9.43e-04 | 1.2s
epoch 2073 | loss 63.8483 | lr 9.42e-04 | 1.2s
epoch 2074 | loss 63.8056 | lr 9.41e-04 | 1.2s
epoch 2075 | loss 63.9119 | lr 9.40e-04 | 1.2s
epoch 2076 | loss 64.1846 | lr 9.40e-04 | 1.2s
epoch 2077 | loss 64.0229 | lr 9.39e-04 | 1.2s
epoch 2078 | loss 63.6688 | lr 9.38e-04 | 1.2s
epoch 2079 | loss 63.9139 | lr 9.37e-04 | 1.2s
epoch 2080 | loss 63.9350 | lr 9.36e-04 | 1.2s
epoch 2081 | loss 63.7930 | lr 9.36e-04 | 1.2s
epoch 2082 | loss 64.1384 | lr 9.35e-04 | 1.2s
epoch 2083 | loss 63.4700 | lr 9.34e-04 | 1.2s
epoch 2084 | loss 63.5616 | lr 9.33e-04 | 1.2s
epoch 2085 | loss 63.9872 | lr 9.33e-04 | 1.2s
epoch 2086 | loss 63.3836 | lr 9.32e-04 | 1.2s
epoch 2087 | loss 64.2047 | lr 9.31e-04 | 1.2s
epoch 2088 | loss 63.7771 | lr 9.30e-04 | 1.2s
epoch 2089 | loss 63.7433 | lr 9.29e-04 | 1.2s
epoch 2090 | loss 63.7578 | lr 9.29e-04 | 1.2s
epoch 2091 | loss 63.6047 | lr 9.28e-04 | 1.2s
epoch 2092 | loss 63.3949 | lr 9.27e-04 | 1.2s
epoch 2093 | loss 64.1325 | lr 9.26e-04 | 1.2s
epoch 2094 | loss 64.3172 | lr 9.25e-04 | 1.2s
epoch 2095 | loss 64.3524 | lr 9.25e-04 | 1.2s
epoch 2096 | loss 63.3491 | lr 9.24e-04 | 1.2s
epoch 2097 | loss 63.9387 | lr 9.23e-04 | 1.2s
epoch 2098 | loss 63.7157 | lr 9.22e-04 | 1.2s
epoch 2099 | loss 63.9312 | lr 9.22e-04 | 1.2s
epoch 2100 | loss 64.0462 | lr 9.21e-04 | 1.2s
epoch 2101 | loss 63.2871 | lr 9.20e-04 | 1.2s
epoch 2102 | loss 63.9431 | lr 9.19e-04 | 1.2s
epoch 2103 | loss 63.5756 | lr 9.18e-04 | 1.2s
epoch 2104 | loss 63.9960 | lr 9.18e-04 | 1.2s
epoch 2105 | loss 63.9249 | lr 9.17e-04 | 1.2s
epoch 2106 | loss 63.9324 | lr 9.16e-04 | 1.2s
epoch 2107 | loss 63.8338 | lr 9.15e-04 | 1.2s
epoch 2108 | loss 64.1693 | lr 9.14e-04 | 1.2s
epoch 2109 | loss 63.6166 | lr 9.14e-04 | 1.3s
epoch 2110 | loss 63.5451 | lr 9.13e-04 | 1.2s
epoch 2111 | loss 64.1558 | lr 9.12e-04 | 1.2s
epoch 2112 | loss 63.9723 | lr 9.11e-04 | 1.2s
epoch 2113 | loss 63.0187 | lr 9.11e-04 | 1.2s
epoch 2114 | loss 63.6184 | lr 9.10e-04 | 1.2s
epoch 2115 | loss 64.0191 | lr 9.09e-04 | 1.2s
epoch 2116 | loss 63.7248 | lr 9.08e-04 | 1.2s
epoch 2117 | loss 63.9617 | lr 9.07e-04 | 1.2s
epoch 2118 | loss 64.2748 | lr 9.07e-04 | 1.2s
epoch 2119 | loss 63.4494 | lr 9.06e-04 | 1.2s
epoch 2120 | loss 64.4389 | lr 9.05e-04 | 1.2s
epoch 2121 | loss 64.0258 | lr 9.04e-04 | 1.2s
epoch 2122 | loss 63.6119 | lr 9.04e-04 | 1.2s
epoch 2123 | loss 64.3039 | lr 9.03e-04 | 1.2s
epoch 2124 | loss 63.6768 | lr 9.02e-04 | 1.2s
epoch 2125 | loss 64.2959 | lr 9.01e-04 | 1.2s
epoch 2126 | loss 64.0379 | lr 9.00e-04 | 1.2s
epoch 2127 | loss 63.6161 | lr 9.00e-04 | 1.2s
epoch 2128 | loss 63.7243 | lr 8.99e-04 | 1.2s
epoch 2129 | loss 63.5516 | lr 8.98e-04 | 1.2s
epoch 2130 | loss 63.8195 | lr 8.97e-04 | 1.2s
epoch 2131 | loss 64.0650 | lr 8.97e-04 | 1.2s
epoch 2132 | loss 63.7188 | lr 8.96e-04 | 1.2s
epoch 2133 | loss 64.0474 | lr 8.95e-04 | 1.2s
epoch 2134 | loss 63.9210 | lr 8.94e-04 | 1.3s
epoch 2135 | loss 63.8810 | lr 8.93e-04 | 1.2s
epoch 2136 | loss 64.7506 | lr 8.93e-04 | 1.2s
epoch 2137 | loss 63.4282 | lr 8.92e-04 | 1.2s
epoch 2138 | loss 63.9503 | lr 8.91e-04 | 1.2s
epoch 2139 | loss 63.7198 | lr 8.90e-04 | 1.2s
epoch 2140 | loss 63.6218 | lr 8.89e-04 | 1.2s
epoch 2141 | loss 64.3399 | lr 8.89e-04 | 1.2s
epoch 2142 | loss 64.2140 | lr 8.88e-04 | 1.2s
epoch 2143 | loss 64.4178 | lr 8.87e-04 | 1.2s
epoch 2144 | loss 63.9572 | lr 8.86e-04 | 1.2s
epoch 2145 | loss 64.2556 | lr 8.86e-04 | 1.2s
epoch 2146 | loss 63.8936 | lr 8.85e-04 | 1.2s
epoch 2147 | loss 63.4559 | lr 8.84e-04 | 1.2s
epoch 2148 | loss 63.9140 | lr 8.83e-04 | 1.2s
epoch 2149 | loss 63.8141 | lr 8.82e-04 | 1.2s
epoch 2150 | loss 63.7399 | lr 8.82e-04 | 1.2s
epoch 2151 | loss 64.0121 | lr 8.81e-04 | 1.2s
epoch 2152 | loss 63.0327 | lr 8.80e-04 | 1.2s
epoch 2153 | loss 63.9077 | lr 8.79e-04 | 1.2s
epoch 2154 | loss 64.3213 | lr 8.79e-04 | 1.2s
epoch 2155 | loss 64.0686 | lr 8.78e-04 | 1.2s
epoch 2156 | loss 63.8126 | lr 8.77e-04 | 1.2s
epoch 2157 | loss 63.6960 | lr 8.76e-04 | 1.2s
epoch 2158 | loss 63.7352 | lr 8.75e-04 | 1.2s
epoch 2159 | loss 63.5045 | lr 8.75e-04 | 1.2s
epoch 2160 | loss 63.5135 | lr 8.74e-04 | 1.2s
epoch 2161 | loss 64.0577 | lr 8.73e-04 | 1.2s
epoch 2162 | loss 63.8677 | lr 8.72e-04 | 1.2s
epoch 2163 | loss 63.6164 | lr 8.72e-04 | 1.2s
epoch 2164 | loss 63.7376 | lr 8.71e-04 | 1.2s
epoch 2165 | loss 64.5033 | lr 8.70e-04 | 1.2s
epoch 2166 | loss 63.4943 | lr 8.69e-04 | 1.2s
epoch 2167 | loss 63.2600 | lr 8.68e-04 | 1.2s
epoch 2168 | loss 64.0125 | lr 8.68e-04 | 1.2s
epoch 2169 | loss 63.6751 | lr 8.67e-04 | 1.2s
epoch 2170 | loss 63.4147 | lr 8.66e-04 | 1.2s
epoch 2171 | loss 64.0023 | lr 8.65e-04 | 1.2s
epoch 2172 | loss 63.7535 | lr 8.65e-04 | 1.2s
epoch 2173 | loss 63.2162 | lr 8.64e-04 | 1.2s
epoch 2174 | loss 63.8632 | lr 8.63e-04 | 1.2s
epoch 2175 | loss 63.7872 | lr 8.62e-04 | 1.2s
epoch 2176 | loss 63.8768 | lr 8.61e-04 | 1.2s
epoch 2177 | loss 63.9754 | lr 8.61e-04 | 1.2s
epoch 2178 | loss 63.0773 | lr 8.60e-04 | 1.3s
epoch 2179 | loss 63.6533 | lr 8.59e-04 | 1.2s
epoch 2180 | loss 64.3826 | lr 8.58e-04 | 1.2s
epoch 2181 | loss 64.4074 | lr 8.58e-04 | 1.2s
epoch 2182 | loss 63.7782 | lr 8.57e-04 | 1.3s
epoch 2183 | loss 63.6915 | lr 8.56e-04 | 1.2s
epoch 2184 | loss 63.5469 | lr 8.55e-04 | 1.2s
epoch 2185 | loss 63.8454 | lr 8.54e-04 | 1.2s
epoch 2186 | loss 63.7819 | lr 8.54e-04 | 1.2s
epoch 2187 | loss 63.6846 | lr 8.53e-04 | 1.2s
epoch 2188 | loss 63.9696 | lr 8.52e-04 | 1.2s
epoch 2189 | loss 63.3455 | lr 8.51e-04 | 1.2s
epoch 2190 | loss 64.5351 | lr 8.51e-04 | 1.2s
epoch 2191 | loss 64.0366 | lr 8.50e-04 | 1.2s
epoch 2192 | loss 64.0082 | lr 8.49e-04 | 1.2s
epoch 2193 | loss 64.0743 | lr 8.48e-04 | 1.2s
epoch 2194 | loss 63.9461 | lr 8.47e-04 | 1.2s
epoch 2195 | loss 64.0491 | lr 8.47e-04 | 1.2s
epoch 2196 | loss 63.9177 | lr 8.46e-04 | 1.2s
epoch 2197 | loss 63.5602 | lr 8.45e-04 | 1.2s
epoch 2198 | loss 63.7192 | lr 8.44e-04 | 1.2s
epoch 2199 | loss 64.0845 | lr 8.44e-04 | 1.2s
epoch 2200 | loss 63.6429 | lr 8.43e-04 | 1.2s
epoch 2201 | loss 63.5831 | lr 8.42e-04 | 1.2s
epoch 2202 | loss 63.5859 | lr 8.41e-04 | 1.2s
epoch 2203 | loss 63.8162 | lr 8.40e-04 | 1.2s
epoch 2204 | loss 64.2796 | lr 8.40e-04 | 1.2s
epoch 2205 | loss 63.7973 | lr 8.39e-04 | 1.2s
epoch 2206 | loss 64.1327 | lr 8.38e-04 | 1.2s
epoch 2207 | loss 64.0522 | lr 8.37e-04 | 1.2s
epoch 2208 | loss 64.2536 | lr 8.37e-04 | 1.2s
epoch 2209 | loss 63.7787 | lr 8.36e-04 | 1.2s
epoch 2210 | loss 64.3086 | lr 8.35e-04 | 1.2s
epoch 2211 | loss 64.6815 | lr 8.34e-04 | 1.2s
epoch 2212 | loss 63.7223 | lr 8.33e-04 | 1.2s
epoch 2213 | loss 63.7251 | lr 8.33e-04 | 1.2s
epoch 2214 | loss 64.0169 | lr 8.32e-04 | 1.2s
epoch 2215 | loss 64.3545 | lr 8.31e-04 | 1.2s
epoch 2216 | loss 63.7566 | lr 8.30e-04 | 1.2s
epoch 2217 | loss 63.5963 | lr 8.30e-04 | 1.2s
epoch 2218 | loss 63.8984 | lr 8.29e-04 | 1.2s
epoch 2219 | loss 64.0897 | lr 8.28e-04 | 1.2s
epoch 2220 | loss 63.8514 | lr 8.27e-04 | 1.2s
epoch 2221 | loss 63.9579 | lr 8.27e-04 | 1.2s
epoch 2222 | loss 63.5968 | lr 8.26e-04 | 1.2s
epoch 2223 | loss 63.6532 | lr 8.25e-04 | 1.2s
epoch 2224 | loss 64.0032 | lr 8.24e-04 | 1.2s
epoch 2225 | loss 64.1375 | lr 8.23e-04 | 1.2s
epoch 2226 | loss 64.0972 | lr 8.23e-04 | 1.2s
epoch 2227 | loss 63.8936 | lr 8.22e-04 | 1.2s
epoch 2228 | loss 64.3606 | lr 8.21e-04 | 1.2s
epoch 2229 | loss 64.0670 | lr 8.20e-04 | 1.2s
epoch 2230 | loss 63.6244 | lr 8.20e-04 | 1.2s
epoch 2231 | loss 63.4713 | lr 8.19e-04 | 1.2s
epoch 2232 | loss 63.4713 | lr 8.18e-04 | 1.2s
epoch 2233 | loss 64.2161 | lr 8.17e-04 | 1.3s
epoch 2234 | loss 63.6977 | lr 8.16e-04 | 1.2s
epoch 2235 | loss 64.2269 | lr 8.16e-04 | 1.2s
epoch 2236 | loss 63.4481 | lr 8.15e-04 | 1.2s
epoch 2237 | loss 63.7161 | lr 8.14e-04 | 1.2s
epoch 2238 | loss 63.2035 | lr 8.13e-04 | 1.2s
epoch 2239 | loss 63.7815 | lr 8.13e-04 | 1.2s
epoch 2240 | loss 64.0525 | lr 8.12e-04 | 1.2s
epoch 2241 | loss 63.5799 | lr 8.11e-04 | 1.2s
epoch 2242 | loss 63.0172 | lr 8.10e-04 | 1.2s
epoch 2243 | loss 64.0205 | lr 8.10e-04 | 1.2s
epoch 2244 | loss 63.6879 | lr 8.09e-04 | 1.2s
epoch 2245 | loss 63.7189 | lr 8.08e-04 | 1.2s
epoch 2246 | loss 63.7106 | lr 8.07e-04 | 1.2s
epoch 2247 | loss 64.2934 | lr 8.06e-04 | 1.2s
epoch 2248 | loss 63.7798 | lr 8.06e-04 | 1.2s
epoch 2249 | loss 64.3179 | lr 8.05e-04 | 1.2s
epoch 2250 | loss 64.0951 | lr 8.04e-04 | 1.2s
epoch 2251 | loss 63.3107 | lr 8.03e-04 | 1.2s
epoch 2252 | loss 63.6092 | lr 8.03e-04 | 1.2s
epoch 2253 | loss 63.4488 | lr 8.02e-04 | 1.2s
epoch 2254 | loss 63.9120 | lr 8.01e-04 | 1.2s
epoch 2255 | loss 64.5694 | lr 8.00e-04 | 1.2s
epoch 2256 | loss 63.8574 | lr 8.00e-04 | 1.2s
epoch 2257 | loss 63.5765 | lr 7.99e-04 | 1.2s
epoch 2258 | loss 63.4185 | lr 7.98e-04 | 1.2s
epoch 2259 | loss 63.5545 | lr 7.97e-04 | 1.2s
epoch 2260 | loss 64.0578 | lr 7.96e-04 | 1.2s
epoch 2261 | loss 64.0274 | lr 7.96e-04 | 1.2s
epoch 2262 | loss 64.0233 | lr 7.95e-04 | 1.2s
epoch 2263 | loss 64.2384 | lr 7.94e-04 | 1.2s
epoch 2264 | loss 63.1563 | lr 7.93e-04 | 1.2s
epoch 2265 | loss 63.5941 | lr 7.93e-04 | 1.2s
epoch 2266 | loss 64.0551 | lr 7.92e-04 | 1.2s
epoch 2267 | loss 63.9198 | lr 7.91e-04 | 1.2s
epoch 2268 | loss 63.8350 | lr 7.90e-04 | 1.2s
epoch 2269 | loss 63.6633 | lr 7.90e-04 | 1.2s
epoch 2270 | loss 63.5960 | lr 7.89e-04 | 1.2s
epoch 2271 | loss 63.3530 | lr 7.88e-04 | 1.2s
epoch 2272 | loss 63.7438 | lr 7.87e-04 | 1.2s
epoch 2273 | loss 64.2028 | lr 7.86e-04 | 1.2s
epoch 2274 | loss 63.8455 | lr 7.86e-04 | 1.2s
epoch 2275 | loss 63.8658 | lr 7.85e-04 | 1.2s
epoch 2276 | loss 63.5732 | lr 7.84e-04 | 1.2s
epoch 2277 | loss 63.5757 | lr 7.83e-04 | 1.2s
epoch 2278 | loss 64.3852 | lr 7.83e-04 | 1.2s
epoch 2279 | loss 63.8246 | lr 7.82e-04 | 1.2s
epoch 2280 | loss 63.7141 | lr 7.81e-04 | 1.2s
epoch 2281 | loss 64.1399 | lr 7.80e-04 | 1.2s
epoch 2282 | loss 63.6235 | lr 7.80e-04 | 1.2s
epoch 2283 | loss 63.5546 | lr 7.79e-04 | 1.2s
epoch 2284 | loss 63.3854 | lr 7.78e-04 | 1.2s
epoch 2285 | loss 64.3471 | lr 7.77e-04 | 1.2s
epoch 2286 | loss 63.3545 | lr 7.76e-04 | 1.2s
epoch 2287 | loss 63.9208 | lr 7.76e-04 | 1.2s
epoch 2288 | loss 63.1920 | lr 7.75e-04 | 1.2s
epoch 2289 | loss 63.9985 | lr 7.74e-04 | 1.2s
epoch 2290 | loss 63.4272 | lr 7.73e-04 | 1.2s
epoch 2291 | loss 64.3579 | lr 7.73e-04 | 1.2s
epoch 2292 | loss 64.0378 | lr 7.72e-04 | 1.2s
epoch 2293 | loss 63.6080 | lr 7.71e-04 | 1.2s
epoch 2294 | loss 63.5550 | lr 7.70e-04 | 1.2s
epoch 2295 | loss 63.4250 | lr 7.70e-04 | 1.2s
epoch 2296 | loss 63.2479 | lr 7.69e-04 | 1.2s
epoch 2297 | loss 63.8416 | lr 7.68e-04 | 1.2s
epoch 2298 | loss 64.0766 | lr 7.67e-04 | 1.2s
epoch 2299 | loss 64.2676 | lr 7.67e-04 | 1.2s
epoch 2300 | loss 63.8764 | lr 7.66e-04 | 1.2s
epoch 2301 | loss 64.0556 | lr 7.65e-04 | 1.2s
epoch 2302 | loss 64.2126 | lr 7.64e-04 | 1.2s
epoch 2303 | loss 63.7711 | lr 7.64e-04 | 1.2s
epoch 2304 | loss 63.4644 | lr 7.63e-04 | 1.2s
epoch 2305 | loss 64.6424 | lr 7.62e-04 | 1.2s
epoch 2306 | loss 63.7331 | lr 7.61e-04 | 1.3s
epoch 2307 | loss 63.0456 | lr 7.60e-04 | 1.2s
epoch 2308 | loss 63.8365 | lr 7.60e-04 | 1.2s
epoch 2309 | loss 64.1880 | lr 7.59e-04 | 1.2s
epoch 2310 | loss 63.7223 | lr 7.58e-04 | 1.2s
epoch 2311 | loss 63.6886 | lr 7.57e-04 | 1.2s
epoch 2312 | loss 64.5789 | lr 7.57e-04 | 1.2s
epoch 2313 | loss 63.4765 | lr 7.56e-04 | 1.2s
epoch 2314 | loss 63.3375 | lr 7.55e-04 | 1.2s
epoch 2315 | loss 63.9067 | lr 7.54e-04 | 1.2s
epoch 2316 | loss 63.9308 | lr 7.54e-04 | 1.2s
epoch 2317 | loss 63.6630 | lr 7.53e-04 | 1.2s
epoch 2318 | loss 64.1696 | lr 7.52e-04 | 1.2s
epoch 2319 | loss 64.0632 | lr 7.51e-04 | 1.2s
epoch 2320 | loss 63.6220 | lr 7.51e-04 | 1.2s
epoch 2321 | loss 64.2567 | lr 7.50e-04 | 1.2s
epoch 2322 | loss 63.9177 | lr 7.49e-04 | 1.2s
epoch 2323 | loss 63.9239 | lr 7.48e-04 | 1.2s
epoch 2324 | loss 63.8302 | lr 7.48e-04 | 1.2s
epoch 2325 | loss 63.6887 | lr 7.47e-04 | 1.2s
epoch 2326 | loss 63.8962 | lr 7.46e-04 | 1.2s
epoch 2327 | loss 64.2731 | lr 7.45e-04 | 1.2s
epoch 2328 | loss 63.7618 | lr 7.44e-04 | 1.2s
epoch 2329 | loss 64.1988 | lr 7.44e-04 | 1.2s
epoch 2330 | loss 63.5925 | lr 7.43e-04 | 1.2s
epoch 2331 | loss 63.6794 | lr 7.42e-04 | 1.2s
epoch 2332 | loss 63.9669 | lr 7.41e-04 | 1.2s
epoch 2333 | loss 64.0835 | lr 7.41e-04 | 1.2s
epoch 2334 | loss 63.7850 | lr 7.40e-04 | 1.2s
epoch 2335 | loss 63.4888 | lr 7.39e-04 | 1.3s
epoch 2336 | loss 62.9289 | lr 7.38e-04 | 1.2s
epoch 2337 | loss 64.4953 | lr 7.38e-04 | 1.2s
epoch 2338 | loss 63.7379 | lr 7.37e-04 | 1.2s
epoch 2339 | loss 63.9918 | lr 7.36e-04 | 1.2s
epoch 2340 | loss 63.6066 | lr 7.35e-04 | 1.2s
epoch 2341 | loss 63.9603 | lr 7.35e-04 | 1.2s
epoch 2342 | loss 63.4490 | lr 7.34e-04 | 1.2s
epoch 2343 | loss 64.8434 | lr 7.33e-04 | 1.2s
epoch 2344 | loss 63.1709 | lr 7.32e-04 | 1.2s
epoch 2345 | loss 63.6939 | lr 7.32e-04 | 1.2s
epoch 2346 | loss 63.5080 | lr 7.31e-04 | 1.2s
epoch 2347 | loss 64.2098 | lr 7.30e-04 | 1.2s
epoch 2348 | loss 64.5134 | lr 7.29e-04 | 1.2s
epoch 2349 | loss 63.9811 | lr 7.29e-04 | 1.2s
epoch 2350 | loss 64.2572 | lr 7.28e-04 | 1.2s
epoch 2351 | loss 63.9403 | lr 7.27e-04 | 1.2s
epoch 2352 | loss 64.0633 | lr 7.26e-04 | 1.2s
epoch 2353 | loss 63.8878 | lr 7.26e-04 | 1.2s
epoch 2354 | loss 63.9427 | lr 7.25e-04 | 1.2s
epoch 2355 | loss 63.3673 | lr 7.24e-04 | 1.2s
epoch 2356 | loss 63.7807 | lr 7.23e-04 | 1.2s
epoch 2357 | loss 64.2634 | lr 7.23e-04 | 1.2s
epoch 2358 | loss 63.6579 | lr 7.22e-04 | 1.2s
epoch 2359 | loss 64.1894 | lr 7.21e-04 | 1.2s
epoch 2360 | loss 64.0789 | lr 7.20e-04 | 1.2s
epoch 2361 | loss 63.9495 | lr 7.20e-04 | 1.2s
epoch 2362 | loss 64.4675 | lr 7.19e-04 | 1.2s
epoch 2363 | loss 63.7424 | lr 7.18e-04 | 1.2s
epoch 2364 | loss 63.7234 | lr 7.17e-04 | 1.2s
epoch 2365 | loss 63.6471 | lr 7.16e-04 | 1.2s
epoch 2366 | loss 64.5208 | lr 7.16e-04 | 1.2s
epoch 2367 | loss 64.1221 | lr 7.15e-04 | 1.2s
epoch 2368 | loss 64.1076 | lr 7.14e-04 | 1.2s
epoch 2369 | loss 63.4887 | lr 7.13e-04 | 1.2s
epoch 2370 | loss 63.6487 | lr 7.13e-04 | 1.2s
epoch 2371 | loss 63.8606 | lr 7.12e-04 | 1.3s
epoch 2372 | loss 63.8920 | lr 7.11e-04 | 1.2s
epoch 2373 | loss 63.9341 | lr 7.10e-04 | 1.2s
epoch 2374 | loss 63.9981 | lr 7.10e-04 | 1.2s
epoch 2375 | loss 64.2820 | lr 7.09e-04 | 1.2s
epoch 2376 | loss 63.1371 | lr 7.08e-04 | 1.2s
epoch 2377 | loss 63.6378 | lr 7.07e-04 | 1.2s
epoch 2378 | loss 63.7098 | lr 7.07e-04 | 1.2s
epoch 2379 | loss 63.0843 | lr 7.06e-04 | 1.2s
epoch 2380 | loss 63.9893 | lr 7.05e-04 | 1.2s
epoch 2381 | loss 64.2429 | lr 7.04e-04 | 1.3s
epoch 2382 | loss 62.9008 | lr 7.04e-04 | 1.2s
epoch 2383 | loss 63.7556 | lr 7.03e-04 | 1.2s
epoch 2384 | loss 63.7096 | lr 7.02e-04 | 1.2s
epoch 2385 | loss 64.1372 | lr 7.01e-04 | 1.2s
epoch 2386 | loss 63.5249 | lr 7.01e-04 | 1.2s
epoch 2387 | loss 64.1113 | lr 7.00e-04 | 1.2s
epoch 2388 | loss 63.7226 | lr 6.99e-04 | 1.2s
epoch 2389 | loss 64.2096 | lr 6.98e-04 | 1.2s
epoch 2390 | loss 64.3535 | lr 6.98e-04 | 1.2s
epoch 2391 | loss 64.0691 | lr 6.97e-04 | 1.2s
epoch 2392 | loss 64.2653 | lr 6.96e-04 | 1.2s
epoch 2393 | loss 63.5572 | lr 6.95e-04 | 1.2s
epoch 2394 | loss 64.2354 | lr 6.95e-04 | 1.2s
epoch 2395 | loss 64.3261 | lr 6.94e-04 | 1.2s
epoch 2396 | loss 63.9122 | lr 6.93e-04 | 1.2s
epoch 2397 | loss 63.6777 | lr 6.92e-04 | 1.2s
epoch 2398 | loss 63.7644 | lr 6.92e-04 | 1.2s
epoch 2399 | loss 63.6141 | lr 6.91e-04 | 1.2s
epoch 2400 | loss 63.3014 | lr 6.90e-04 | 1.3s
epoch 2401 | loss 63.7172 | lr 6.89e-04 | 1.2s
epoch 2402 | loss 63.7855 | lr 6.89e-04 | 1.2s
epoch 2403 | loss 63.9522 | lr 6.88e-04 | 1.2s
epoch 2404 | loss 63.7366 | lr 6.87e-04 | 1.2s
epoch 2405 | loss 64.0339 | lr 6.87e-04 | 1.2s
epoch 2406 | loss 63.6807 | lr 6.86e-04 | 1.2s
epoch 2407 | loss 63.8133 | lr 6.85e-04 | 1.2s
epoch 2408 | loss 64.1500 | lr 6.84e-04 | 1.2s
epoch 2409 | loss 64.2764 | lr 6.84e-04 | 1.2s
epoch 2410 | loss 63.9827 | lr 6.83e-04 | 1.2s
epoch 2411 | loss 64.3673 | lr 6.82e-04 | 1.2s
epoch 2412 | loss 64.9760 | lr 6.81e-04 | 1.2s
epoch 2413 | loss 63.4953 | lr 6.81e-04 | 1.2s
epoch 2414 | loss 63.4374 | lr 6.80e-04 | 1.2s
epoch 2415 | loss 63.4537 | lr 6.79e-04 | 1.2s
epoch 2416 | loss 63.8015 | lr 6.78e-04 | 1.2s
epoch 2417 | loss 63.8544 | lr 6.78e-04 | 1.2s
epoch 2418 | loss 64.0574 | lr 6.77e-04 | 1.2s
epoch 2419 | loss 63.4758 | lr 6.76e-04 | 1.2s
epoch 2420 | loss 63.2314 | lr 6.75e-04 | 1.2s
epoch 2421 | loss 64.2102 | lr 6.75e-04 | 1.2s
epoch 2422 | loss 63.3605 | lr 6.74e-04 | 1.2s
epoch 2423 | loss 64.0079 | lr 6.73e-04 | 1.2s
epoch 2424 | loss 64.1593 | lr 6.72e-04 | 1.2s
epoch 2425 | loss 64.2889 | lr 6.72e-04 | 1.2s
epoch 2426 | loss 63.4196 | lr 6.71e-04 | 1.2s
epoch 2427 | loss 64.3213 | lr 6.70e-04 | 1.2s
epoch 2428 | loss 64.1357 | lr 6.69e-04 | 1.2s
epoch 2429 | loss 63.7354 | lr 6.69e-04 | 1.2s
epoch 2430 | loss 63.0225 | lr 6.68e-04 | 1.2s
epoch 2431 | loss 63.5922 | lr 6.67e-04 | 1.2s
epoch 2432 | loss 63.1578 | lr 6.66e-04 | 1.2s
epoch 2433 | loss 63.6510 | lr 6.66e-04 | 1.3s
epoch 2434 | loss 63.3944 | lr 6.65e-04 | 1.2s
epoch 2435 | loss 63.7835 | lr 6.64e-04 | 1.2s
epoch 2436 | loss 63.6504 | lr 6.63e-04 | 1.2s
epoch 2437 | loss 63.6254 | lr 6.63e-04 | 1.2s
epoch 2438 | loss 64.2591 | lr 6.62e-04 | 1.2s
epoch 2439 | loss 63.7643 | lr 6.61e-04 | 1.2s
epoch 2440 | loss 63.8490 | lr 6.61e-04 | 1.2s
epoch 2441 | loss 63.7436 | lr 6.60e-04 | 1.2s
epoch 2442 | loss 64.3276 | lr 6.59e-04 | 1.2s
epoch 2443 | loss 63.5711 | lr 6.58e-04 | 1.2s
epoch 2444 | loss 63.9995 | lr 6.58e-04 | 1.2s
epoch 2445 | loss 64.1428 | lr 6.57e-04 | 1.2s
epoch 2446 | loss 64.1708 | lr 6.56e-04 | 1.2s
epoch 2447 | loss 64.4412 | lr 6.55e-04 | 1.2s
epoch 2448 | loss 63.6623 | lr 6.55e-04 | 1.2s
epoch 2449 | loss 63.4003 | lr 6.54e-04 | 1.2s
epoch 2450 | loss 62.9817 | lr 6.53e-04 | 1.2s
epoch 2451 | loss 63.8634 | lr 6.52e-04 | 1.2s
epoch 2452 | loss 63.8752 | lr 6.52e-04 | 1.2s
epoch 2453 | loss 63.8097 | lr 6.51e-04 | 1.2s
epoch 2454 | loss 64.1580 | lr 6.50e-04 | 1.2s
epoch 2455 | loss 63.4668 | lr 6.49e-04 | 1.2s
epoch 2456 | loss 63.3905 | lr 6.49e-04 | 1.2s
epoch 2457 | loss 63.4632 | lr 6.48e-04 | 1.2s
epoch 2458 | loss 64.1834 | lr 6.47e-04 | 1.2s
epoch 2459 | loss 64.5634 | lr 6.47e-04 | 1.2s
epoch 2460 | loss 64.2544 | lr 6.46e-04 | 1.2s
epoch 2461 | loss 63.4592 | lr 6.45e-04 | 1.2s
epoch 2462 | loss 63.9877 | lr 6.44e-04 | 1.2s
epoch 2463 | loss 63.6096 | lr 6.44e-04 | 1.2s
epoch 2464 | loss 63.3957 | lr 6.43e-04 | 1.2s
epoch 2465 | loss 63.6204 | lr 6.42e-04 | 1.2s
epoch 2466 | loss 63.8091 | lr 6.41e-04 | 1.2s
epoch 2467 | loss 63.8367 | lr 6.41e-04 | 1.3s
epoch 2468 | loss 63.9599 | lr 6.40e-04 | 1.2s
epoch 2469 | loss 64.3382 | lr 6.39e-04 | 1.2s
epoch 2470 | loss 64.0040 | lr 6.38e-04 | 1.2s
epoch 2471 | loss 63.4981 | lr 6.38e-04 | 1.2s
epoch 2472 | loss 64.3598 | lr 6.37e-04 | 1.2s
epoch 2473 | loss 63.2618 | lr 6.36e-04 | 1.2s
epoch 2474 | loss 63.9197 | lr 6.36e-04 | 1.2s
epoch 2475 | loss 63.4715 | lr 6.35e-04 | 1.2s
epoch 2476 | loss 63.9397 | lr 6.34e-04 | 1.2s
epoch 2477 | loss 63.7610 | lr 6.33e-04 | 1.2s
epoch 2478 | loss 64.1118 | lr 6.33e-04 | 1.2s
epoch 2479 | loss 63.7396 | lr 6.32e-04 | 1.2s
epoch 2480 | loss 63.5578 | lr 6.31e-04 | 1.2s
epoch 2481 | loss 63.9840 | lr 6.30e-04 | 1.2s
epoch 2482 | loss 63.9219 | lr 6.30e-04 | 1.2s
epoch 2483 | loss 63.6409 | lr 6.29e-04 | 1.2s
epoch 2484 | loss 64.2535 | lr 6.28e-04 | 1.2s
epoch 2485 | loss 63.7134 | lr 6.27e-04 | 1.2s
epoch 2486 | loss 63.3021 | lr 6.27e-04 | 1.3s
epoch 2487 | loss 64.0635 | lr 6.26e-04 | 1.2s
epoch 2488 | loss 63.6249 | lr 6.25e-04 | 1.2s
epoch 2489 | loss 63.7068 | lr 6.25e-04 | 1.2s
epoch 2490 | loss 63.3324 | lr 6.24e-04 | 1.2s
epoch 2491 | loss 63.8565 | lr 6.23e-04 | 1.2s
epoch 2492 | loss 64.1058 | lr 6.22e-04 | 1.2s
epoch 2493 | loss 63.7035 | lr 6.22e-04 | 1.2s
epoch 2494 | loss 63.6018 | lr 6.21e-04 | 1.2s
epoch 2495 | loss 64.4985 | lr 6.20e-04 | 1.2s
epoch 2496 | loss 63.7057 | lr 6.19e-04 | 1.2s
epoch 2497 | loss 63.9267 | lr 6.19e-04 | 1.2s
epoch 2498 | loss 63.7255 | lr 6.18e-04 | 1.2s
epoch 2499 | loss 63.6027 | lr 6.17e-04 | 1.2s
epoch 2500 | loss 64.3783 | lr 6.17e-04 | 1.2s
epoch 2501 | loss 64.6681 | lr 6.16e-04 | 1.2s
epoch 2502 | loss 63.2940 | lr 6.15e-04 | 1.2s
epoch 2503 | loss 63.4696 | lr 6.14e-04 | 1.2s
epoch 2504 | loss 63.6496 | lr 6.14e-04 | 1.2s
epoch 2505 | loss 64.6458 | lr 6.13e-04 | 1.2s
epoch 2506 | loss 63.8490 | lr 6.12e-04 | 1.2s
epoch 2507 | loss 63.8843 | lr 6.12e-04 | 1.2s
epoch 2508 | loss 63.4150 | lr 6.11e-04 | 1.2s
epoch 2509 | loss 63.9479 | lr 6.10e-04 | 1.2s
epoch 2510 | loss 63.8082 | lr 6.09e-04 | 1.2s
epoch 2511 | loss 63.9746 | lr 6.09e-04 | 1.2s
epoch 2512 | loss 63.5943 | lr 6.08e-04 | 1.2s
epoch 2513 | loss 63.7441 | lr 6.07e-04 | 1.2s
epoch 2514 | loss 63.4927 | lr 6.06e-04 | 1.2s
epoch 2515 | loss 63.8784 | lr 6.06e-04 | 1.2s
epoch 2516 | loss 63.1911 | lr 6.05e-04 | 1.3s
epoch 2517 | loss 64.0322 | lr 6.04e-04 | 1.2s
epoch 2518 | loss 63.6122 | lr 6.04e-04 | 1.2s
epoch 2519 | loss 63.8944 | lr 6.03e-04 | 1.2s
epoch 2520 | loss 63.8334 | lr 6.02e-04 | 1.2s
epoch 2521 | loss 63.7453 | lr 6.01e-04 | 1.2s
epoch 2522 | loss 64.1596 | lr 6.01e-04 | 1.2s
epoch 2523 | loss 63.2107 | lr 6.00e-04 | 1.2s
epoch 2524 | loss 64.0027 | lr 5.99e-04 | 1.2s
epoch 2525 | loss 63.6742 | lr 5.99e-04 | 1.2s
epoch 2526 | loss 63.8959 | lr 5.98e-04 | 1.2s
epoch 2527 | loss 63.6127 | lr 5.97e-04 | 1.2s
epoch 2528 | loss 63.8034 | lr 5.96e-04 | 1.2s
epoch 2529 | loss 63.8168 | lr 5.96e-04 | 1.2s
epoch 2530 | loss 63.8588 | lr 5.95e-04 | 1.3s
epoch 2531 | loss 63.5734 | lr 5.94e-04 | 1.2s
epoch 2532 | loss 64.0679 | lr 5.94e-04 | 1.2s
epoch 2533 | loss 63.6950 | lr 5.93e-04 | 1.2s
epoch 2534 | loss 64.0649 | lr 5.92e-04 | 1.2s
epoch 2535 | loss 63.9318 | lr 5.91e-04 | 1.2s
epoch 2536 | loss 63.7385 | lr 5.91e-04 | 1.2s
epoch 2537 | loss 64.0796 | lr 5.90e-04 | 1.2s
epoch 2538 | loss 64.1103 | lr 5.89e-04 | 1.2s
epoch 2539 | loss 63.8170 | lr 5.88e-04 | 1.2s
epoch 2540 | loss 63.8836 | lr 5.88e-04 | 1.2s
epoch 2541 | loss 64.0168 | lr 5.87e-04 | 1.2s
epoch 2542 | loss 63.3924 | lr 5.86e-04 | 1.2s
epoch 2543 | loss 63.8309 | lr 5.86e-04 | 1.1s
epoch 2544 | loss 64.4401 | lr 5.85e-04 | 1.2s
epoch 2545 | loss 63.9650 | lr 5.84e-04 | 1.2s
epoch 2546 | loss 63.6972 | lr 5.83e-04 | 1.2s
epoch 2547 | loss 64.0895 | lr 5.83e-04 | 1.2s
epoch 2548 | loss 63.8965 | lr 5.82e-04 | 1.2s
epoch 2549 | loss 64.4194 | lr 5.81e-04 | 1.2s
epoch 2550 | loss 63.2305 | lr 5.81e-04 | 1.2s
epoch 2551 | loss 63.8611 | lr 5.80e-04 | 1.2s
epoch 2552 | loss 64.1045 | lr 5.79e-04 | 1.2s
epoch 2553 | loss 63.5925 | lr 5.78e-04 | 1.2s
epoch 2554 | loss 64.2093 | lr 5.78e-04 | 1.2s
epoch 2555 | loss 63.3230 | lr 5.77e-04 | 1.2s
epoch 2556 | loss 64.0389 | lr 5.76e-04 | 1.2s
epoch 2557 | loss 64.3604 | lr 5.76e-04 | 1.2s
epoch 2558 | loss 62.8470 | lr 5.75e-04 | 1.2s
epoch 2559 | loss 64.3673 | lr 5.74e-04 | 1.2s
epoch 2560 | loss 63.6406 | lr 5.74e-04 | 1.2s
epoch 2561 | loss 64.1166 | lr 5.73e-04 | 1.2s
epoch 2562 | loss 63.0797 | lr 5.72e-04 | 1.2s
epoch 2563 | loss 63.9350 | lr 5.71e-04 | 1.2s
epoch 2564 | loss 64.2866 | lr 5.71e-04 | 1.2s
epoch 2565 | loss 64.2915 | lr 5.70e-04 | 1.2s
epoch 2566 | loss 63.7173 | lr 5.69e-04 | 1.2s
epoch 2567 | loss 63.7884 | lr 5.69e-04 | 1.2s
epoch 2568 | loss 63.9954 | lr 5.68e-04 | 1.2s
epoch 2569 | loss 63.0770 | lr 5.67e-04 | 1.2s
epoch 2570 | loss 63.6189 | lr 5.66e-04 | 1.2s
epoch 2571 | loss 63.9769 | lr 5.66e-04 | 1.2s
epoch 2572 | loss 63.3960 | lr 5.65e-04 | 1.2s
epoch 2573 | loss 62.9333 | lr 5.64e-04 | 1.2s
epoch 2574 | loss 63.7342 | lr 5.64e-04 | 1.2s
epoch 2575 | loss 63.9193 | lr 5.63e-04 | 1.2s
epoch 2576 | loss 64.0845 | lr 5.62e-04 | 1.2s
epoch 2577 | loss 63.7839 | lr 5.61e-04 | 1.2s
epoch 2578 | loss 63.3304 | lr 5.61e-04 | 1.2s
epoch 2579 | loss 63.3223 | lr 5.60e-04 | 1.2s
epoch 2580 | loss 63.7326 | lr 5.59e-04 | 1.2s
epoch 2581 | loss 63.7294 | lr 5.59e-04 | 1.2s
epoch 2582 | loss 63.2219 | lr 5.58e-04 | 1.2s
epoch 2583 | loss 63.9978 | lr 5.57e-04 | 1.2s
epoch 2584 | loss 64.0733 | lr 5.57e-04 | 1.2s
epoch 2585 | loss 64.0416 | lr 5.56e-04 | 1.2s
epoch 2586 | loss 64.2747 | lr 5.55e-04 | 1.2s
epoch 2587 | loss 64.0632 | lr 5.54e-04 | 1.2s
epoch 2588 | loss 63.4399 | lr 5.54e-04 | 1.2s
epoch 2589 | loss 63.7762 | lr 5.53e-04 | 1.2s
epoch 2590 | loss 63.5917 | lr 5.52e-04 | 1.2s
epoch 2591 | loss 63.7271 | lr 5.52e-04 | 1.2s
epoch 2592 | loss 63.4570 | lr 5.51e-04 | 1.2s
epoch 2593 | loss 63.8062 | lr 5.50e-04 | 1.2s
epoch 2594 | loss 64.2977 | lr 5.50e-04 | 1.2s
epoch 2595 | loss 63.6096 | lr 5.49e-04 | 1.2s
epoch 2596 | loss 63.9649 | lr 5.48e-04 | 1.2s
epoch 2597 | loss 63.5542 | lr 5.47e-04 | 1.2s
epoch 2598 | loss 63.7978 | lr 5.47e-04 | 1.2s
epoch 2599 | loss 63.9478 | lr 5.46e-04 | 1.2s
epoch 2600 | loss 63.6649 | lr 5.45e-04 | 1.2s
epoch 2601 | loss 63.4631 | lr 5.45e-04 | 1.2s
epoch 2602 | loss 63.5990 | lr 5.44e-04 | 1.2s
epoch 2603 | loss 64.2610 | lr 5.43e-04 | 1.2s
epoch 2604 | loss 63.8608 | lr 5.43e-04 | 1.2s
epoch 2605 | loss 63.7116 | lr 5.42e-04 | 1.2s
epoch 2606 | loss 63.5303 | lr 5.41e-04 | 1.2s
epoch 2607 | loss 64.1220 | lr 5.40e-04 | 1.2s
epoch 2608 | loss 64.0597 | lr 5.40e-04 | 1.2s
epoch 2609 | loss 63.4710 | lr 5.39e-04 | 1.2s
epoch 2610 | loss 64.1522 | lr 5.38e-04 | 1.2s
epoch 2611 | loss 63.9060 | lr 5.38e-04 | 1.2s
epoch 2612 | loss 64.1285 | lr 5.37e-04 | 1.2s
epoch 2613 | loss 63.8893 | lr 5.36e-04 | 1.2s
epoch 2614 | loss 63.7183 | lr 5.36e-04 | 1.2s
epoch 2615 | loss 63.7046 | lr 5.35e-04 | 1.2s
epoch 2616 | loss 64.6757 | lr 5.34e-04 | 1.2s
epoch 2617 | loss 63.3260 | lr 5.33e-04 | 1.2s
epoch 2618 | loss 63.4673 | lr 5.33e-04 | 1.2s
epoch 2619 | loss 64.7836 | lr 5.32e-04 | 1.2s
epoch 2620 | loss 63.8969 | lr 5.31e-04 | 1.2s
epoch 2621 | loss 63.8626 | lr 5.31e-04 | 1.2s
epoch 2622 | loss 63.8011 | lr 5.30e-04 | 1.2s
epoch 2623 | loss 63.6351 | lr 5.29e-04 | 1.2s
epoch 2624 | loss 63.8675 | lr 5.29e-04 | 1.2s
epoch 2625 | loss 63.0968 | lr 5.28e-04 | 1.2s
epoch 2626 | loss 63.5483 | lr 5.27e-04 | 1.2s
epoch 2627 | loss 63.2625 | lr 5.27e-04 | 1.2s
epoch 2628 | loss 64.1068 | lr 5.26e-04 | 1.2s
epoch 2629 | loss 63.5829 | lr 5.25e-04 | 1.2s
epoch 2630 | loss 63.4945 | lr 5.24e-04 | 1.2s
epoch 2631 | loss 64.2376 | lr 5.24e-04 | 1.2s
epoch 2632 | loss 64.3181 | lr 5.23e-04 | 1.2s
epoch 2633 | loss 63.2778 | lr 5.22e-04 | 1.2s
epoch 2634 | loss 64.1414 | lr 5.22e-04 | 1.2s
epoch 2635 | loss 64.1732 | lr 5.21e-04 | 1.3s
epoch 2636 | loss 63.8764 | lr 5.20e-04 | 1.2s
epoch 2637 | loss 64.5715 | lr 5.20e-04 | 1.2s
epoch 2638 | loss 64.5935 | lr 5.19e-04 | 1.2s
epoch 2639 | loss 63.8027 | lr 5.18e-04 | 1.2s
epoch 2640 | loss 63.6930 | lr 5.18e-04 | 1.2s
epoch 2641 | loss 64.2281 | lr 5.17e-04 | 1.2s
epoch 2642 | loss 63.5718 | lr 5.16e-04 | 1.2s
epoch 2643 | loss 63.7040 | lr 5.15e-04 | 1.2s
epoch 2644 | loss 63.7750 | lr 5.15e-04 | 1.2s
epoch 2645 | loss 62.9629 | lr 5.14e-04 | 1.2s
epoch 2646 | loss 64.0226 | lr 5.13e-04 | 1.2s
epoch 2647 | loss 63.1956 | lr 5.13e-04 | 1.2s
epoch 2648 | loss 63.4435 | lr 5.12e-04 | 1.2s
epoch 2649 | loss 64.3518 | lr 5.11e-04 | 1.2s
epoch 2650 | loss 64.0766 | lr 5.11e-04 | 1.2s
epoch 2651 | loss 63.7930 | lr 5.10e-04 | 1.2s
epoch 2652 | loss 64.4228 | lr 5.09e-04 | 1.2s
epoch 2653 | loss 64.2021 | lr 5.09e-04 | 1.2s
epoch 2654 | loss 63.7114 | lr 5.08e-04 | 1.2s
epoch 2655 | loss 63.5053 | lr 5.07e-04 | 1.2s
epoch 2656 | loss 63.3465 | lr 5.07e-04 | 1.2s
epoch 2657 | loss 63.8440 | lr 5.06e-04 | 1.2s
epoch 2658 | loss 64.1886 | lr 5.05e-04 | 1.2s
epoch 2659 | loss 63.1774 | lr 5.05e-04 | 1.2s
epoch 2660 | loss 63.5959 | lr 5.04e-04 | 1.2s
epoch 2661 | loss 63.4897 | lr 5.03e-04 | 1.2s
epoch 2662 | loss 63.6867 | lr 5.02e-04 | 1.2s
epoch 2663 | loss 64.2383 | lr 5.02e-04 | 1.3s
epoch 2664 | loss 63.7818 | lr 5.01e-04 | 1.2s
epoch 2665 | loss 63.9666 | lr 5.00e-04 | 1.2s
epoch 2666 | loss 63.9778 | lr 5.00e-04 | 1.2s
epoch 2667 | loss 64.2969 | lr 4.99e-04 | 1.2s
epoch 2668 | loss 63.2127 | lr 4.98e-04 | 1.2s
epoch 2669 | loss 63.9702 | lr 4.98e-04 | 1.2s
epoch 2670 | loss 63.6184 | lr 4.97e-04 | 1.2s
epoch 2671 | loss 64.0827 | lr 4.96e-04 | 1.2s
epoch 2672 | loss 64.3546 | lr 4.96e-04 | 1.2s
epoch 2673 | loss 63.2818 | lr 4.95e-04 | 1.2s
epoch 2674 | loss 64.0667 | lr 4.94e-04 | 1.2s
epoch 2675 | loss 63.6460 | lr 4.94e-04 | 1.2s
epoch 2676 | loss 63.6057 | lr 4.93e-04 | 1.2s
epoch 2677 | loss 63.6735 | lr 4.92e-04 | 1.2s
epoch 2678 | loss 63.5429 | lr 4.92e-04 | 1.2s
epoch 2679 | loss 63.6467 | lr 4.91e-04 | 1.2s
epoch 2680 | loss 63.7909 | lr 4.90e-04 | 1.3s
epoch 2681 | loss 63.8747 | lr 4.90e-04 | 1.2s
epoch 2682 | loss 63.3405 | lr 4.89e-04 | 1.2s
epoch 2683 | loss 63.3859 | lr 4.88e-04 | 1.2s
epoch 2684 | loss 64.3394 | lr 4.88e-04 | 1.2s
epoch 2685 | loss 63.3716 | lr 4.87e-04 | 1.2s
epoch 2686 | loss 63.6917 | lr 4.86e-04 | 1.2s
epoch 2687 | loss 63.6307 | lr 4.86e-04 | 1.2s
epoch 2688 | loss 63.9105 | lr 4.85e-04 | 1.2s
epoch 2689 | loss 63.6588 | lr 4.84e-04 | 1.2s
epoch 2690 | loss 63.7977 | lr 4.84e-04 | 1.2s
epoch 2691 | loss 63.5873 | lr 4.83e-04 | 1.2s
epoch 2692 | loss 63.7604 | lr 4.82e-04 | 1.2s
epoch 2693 | loss 64.1097 | lr 4.82e-04 | 1.2s
epoch 2694 | loss 65.1612 | lr 4.81e-04 | 1.2s
epoch 2695 | loss 64.4061 | lr 4.80e-04 | 1.2s
epoch 2696 | loss 64.4311 | lr 4.80e-04 | 1.2s
epoch 2697 | loss 63.5947 | lr 4.79e-04 | 1.2s
epoch 2698 | loss 63.6439 | lr 4.78e-04 | 1.2s
epoch 2699 | loss 64.0426 | lr 4.78e-04 | 1.2s
epoch 2700 | loss 63.6872 | lr 4.77e-04 | 1.2s
epoch 2701 | loss 64.0025 | lr 4.76e-04 | 1.2s
epoch 2702 | loss 64.3359 | lr 4.75e-04 | 1.2s
epoch 2703 | loss 63.2371 | lr 4.75e-04 | 1.2s
epoch 2704 | loss 64.4449 | lr 4.74e-04 | 1.2s
epoch 2705 | loss 63.9162 | lr 4.73e-04 | 1.2s
epoch 2706 | loss 64.2695 | lr 4.73e-04 | 1.2s
epoch 2707 | loss 63.5039 | lr 4.72e-04 | 1.2s
epoch 2708 | loss 63.7097 | lr 4.71e-04 | 1.2s
epoch 2709 | loss 63.9801 | lr 4.71e-04 | 1.2s
epoch 2710 | loss 63.9136 | lr 4.70e-04 | 1.2s
epoch 2711 | loss 64.0363 | lr 4.69e-04 | 1.2s
epoch 2712 | loss 63.7446 | lr 4.69e-04 | 1.2s
epoch 2713 | loss 63.9471 | lr 4.68e-04 | 1.2s
epoch 2714 | loss 63.9026 | lr 4.67e-04 | 1.2s
epoch 2715 | loss 63.9011 | lr 4.67e-04 | 1.2s
epoch 2716 | loss 63.4818 | lr 4.66e-04 | 1.2s
epoch 2717 | loss 64.2283 | lr 4.66e-04 | 1.2s
epoch 2718 | loss 64.0467 | lr 4.65e-04 | 1.2s
epoch 2719 | loss 63.7935 | lr 4.64e-04 | 1.2s
epoch 2720 | loss 63.6792 | lr 4.64e-04 | 1.2s
epoch 2721 | loss 63.7241 | lr 4.63e-04 | 1.2s
epoch 2722 | loss 63.2421 | lr 4.62e-04 | 1.2s
epoch 2723 | loss 63.6533 | lr 4.62e-04 | 1.2s
epoch 2724 | loss 64.2394 | lr 4.61e-04 | 1.2s
epoch 2725 | loss 64.1223 | lr 4.60e-04 | 1.2s
epoch 2726 | loss 63.6254 | lr 4.60e-04 | 1.2s
epoch 2727 | loss 64.0665 | lr 4.59e-04 | 1.2s
epoch 2728 | loss 63.7614 | lr 4.58e-04 | 1.2s
epoch 2729 | loss 63.5145 | lr 4.58e-04 | 1.2s
epoch 2730 | loss 63.9799 | lr 4.57e-04 | 1.2s
epoch 2731 | loss 64.1778 | lr 4.56e-04 | 1.2s
epoch 2732 | loss 64.0447 | lr 4.56e-04 | 1.2s
epoch 2733 | loss 63.6676 | lr 4.55e-04 | 1.2s
epoch 2734 | loss 63.5527 | lr 4.54e-04 | 1.2s
epoch 2735 | loss 63.6116 | lr 4.54e-04 | 1.2s
epoch 2736 | loss 63.6987 | lr 4.53e-04 | 1.2s
epoch 2737 | loss 63.5072 | lr 4.52e-04 | 1.2s
epoch 2738 | loss 64.3166 | lr 4.52e-04 | 1.2s
epoch 2739 | loss 64.0654 | lr 4.51e-04 | 1.2s
epoch 2740 | loss 63.8672 | lr 4.50e-04 | 1.2s
epoch 2741 | loss 64.8055 | lr 4.50e-04 | 1.2s
epoch 2742 | loss 64.1242 | lr 4.49e-04 | 1.2s
epoch 2743 | loss 63.3474 | lr 4.48e-04 | 1.2s
epoch 2744 | loss 63.4794 | lr 4.48e-04 | 1.2s
epoch 2745 | loss 64.7631 | lr 4.47e-04 | 1.2s
epoch 2746 | loss 63.6172 | lr 4.46e-04 | 1.2s
epoch 2747 | loss 63.9888 | lr 4.46e-04 | 1.2s
epoch 2748 | loss 63.0214 | lr 4.45e-04 | 1.2s
epoch 2749 | loss 63.5663 | lr 4.44e-04 | 1.2s
epoch 2750 | loss 63.6354 | lr 4.44e-04 | 1.2s
epoch 2751 | loss 63.5586 | lr 4.43e-04 | 1.2s
epoch 2752 | loss 63.5088 | lr 4.42e-04 | 1.2s
epoch 2753 | loss 63.8521 | lr 4.42e-04 | 1.2s
epoch 2754 | loss 63.6169 | lr 4.41e-04 | 1.2s
epoch 2755 | loss 64.5453 | lr 4.41e-04 | 1.2s
epoch 2756 | loss 63.3042 | lr 4.40e-04 | 1.2s
epoch 2757 | loss 63.6452 | lr 4.39e-04 | 1.2s
epoch 2758 | loss 64.1183 | lr 4.39e-04 | 1.2s
epoch 2759 | loss 63.4320 | lr 4.38e-04 | 1.2s
epoch 2760 | loss 63.7785 | lr 4.37e-04 | 1.2s
epoch 2761 | loss 64.0280 | lr 4.37e-04 | 1.2s
epoch 2762 | loss 64.3080 | lr 4.36e-04 | 1.2s
epoch 2763 | loss 63.8288 | lr 4.35e-04 | 1.2s
epoch 2764 | loss 63.8372 | lr 4.35e-04 | 1.2s
epoch 2765 | loss 63.6849 | lr 4.34e-04 | 1.2s
epoch 2766 | loss 63.8003 | lr 4.33e-04 | 1.2s
epoch 2767 | loss 63.2568 | lr 4.33e-04 | 1.2s
epoch 2768 | loss 63.5987 | lr 4.32e-04 | 1.2s
epoch 2769 | loss 63.8524 | lr 4.31e-04 | 1.2s
epoch 2770 | loss 64.3165 | lr 4.31e-04 | 1.2s
epoch 2771 | loss 63.6524 | lr 4.30e-04 | 1.2s
epoch 2772 | loss 63.4656 | lr 4.30e-04 | 1.2s
epoch 2773 | loss 63.2901 | lr 4.29e-04 | 1.2s
epoch 2774 | loss 63.5674 | lr 4.28e-04 | 1.2s
epoch 2775 | loss 63.8023 | lr 4.28e-04 | 1.2s
epoch 2776 | loss 64.1527 | lr 4.27e-04 | 1.2s
epoch 2777 | loss 63.7158 | lr 4.26e-04 | 1.2s
epoch 2778 | loss 64.0682 | lr 4.26e-04 | 1.2s
epoch 2779 | loss 63.8696 | lr 4.25e-04 | 1.2s
epoch 2780 | loss 63.6516 | lr 4.24e-04 | 1.2s
epoch 2781 | loss 63.8176 | lr 4.24e-04 | 1.2s
epoch 2782 | loss 63.9734 | lr 4.23e-04 | 1.2s
epoch 2783 | loss 63.9571 | lr 4.22e-04 | 1.2s
epoch 2784 | loss 64.3950 | lr 4.22e-04 | 1.2s
epoch 2785 | loss 63.5016 | lr 4.21e-04 | 1.2s
epoch 2786 | loss 64.1355 | lr 4.21e-04 | 1.2s
epoch 2787 | loss 63.8140 | lr 4.20e-04 | 1.2s
epoch 2788 | loss 64.0699 | lr 4.19e-04 | 1.2s
epoch 2789 | loss 63.6609 | lr 4.19e-04 | 1.2s
epoch 2790 | loss 64.1811 | lr 4.18e-04 | 1.2s
epoch 2791 | loss 64.2150 | lr 4.17e-04 | 1.2s
epoch 2792 | loss 63.7212 | lr 4.17e-04 | 1.2s
epoch 2793 | loss 63.5657 | lr 4.16e-04 | 1.2s
epoch 2794 | loss 63.5631 | lr 4.15e-04 | 1.2s
epoch 2795 | loss 63.8967 | lr 4.15e-04 | 1.2s
epoch 2796 | loss 63.2578 | lr 4.14e-04 | 1.2s
epoch 2797 | loss 64.1246 | lr 4.13e-04 | 1.2s
epoch 2798 | loss 63.8760 | lr 4.13e-04 | 1.2s
epoch 2799 | loss 63.8657 | lr 4.12e-04 | 1.2s
epoch 2800 | loss 63.9569 | lr 4.12e-04 | 1.2s
epoch 2801 | loss 64.0250 | lr 4.11e-04 | 1.2s
epoch 2802 | loss 64.1930 | lr 4.10e-04 | 1.2s
epoch 2803 | loss 63.6514 | lr 4.10e-04 | 1.2s
epoch 2804 | loss 64.1226 | lr 4.09e-04 | 1.2s
epoch 2805 | loss 63.8757 | lr 4.08e-04 | 1.2s
epoch 2806 | loss 63.9938 | lr 4.08e-04 | 1.2s
epoch 2807 | loss 63.5467 | lr 4.07e-04 | 1.2s
epoch 2808 | loss 64.0221 | lr 4.07e-04 | 1.2s
epoch 2809 | loss 63.5335 | lr 4.06e-04 | 1.2s
epoch 2810 | loss 64.1387 | lr 4.05e-04 | 1.2s
epoch 2811 | loss 63.2142 | lr 4.05e-04 | 1.2s
epoch 2812 | loss 64.1923 | lr 4.04e-04 | 1.2s
epoch 2813 | loss 63.4605 | lr 4.03e-04 | 1.2s
epoch 2814 | loss 63.8850 | lr 4.03e-04 | 1.2s
epoch 2815 | loss 63.9577 | lr 4.02e-04 | 1.2s
epoch 2816 | loss 63.7701 | lr 4.01e-04 | 1.2s
epoch 2817 | loss 63.3505 | lr 4.01e-04 | 1.2s
epoch 2818 | loss 64.0748 | lr 4.00e-04 | 1.2s
epoch 2819 | loss 63.7573 | lr 4.00e-04 | 1.2s
epoch 2820 | loss 63.4314 | lr 3.99e-04 | 1.2s
epoch 2821 | loss 64.2086 | lr 3.98e-04 | 1.2s
epoch 2822 | loss 63.6867 | lr 3.98e-04 | 1.2s
epoch 2823 | loss 63.8463 | lr 3.97e-04 | 1.3s
epoch 2824 | loss 63.4027 | lr 3.96e-04 | 1.2s
epoch 2825 | loss 64.2454 | lr 3.96e-04 | 1.2s
epoch 2826 | loss 63.8658 | lr 3.95e-04 | 1.2s
epoch 2827 | loss 63.5348 | lr 3.95e-04 | 1.2s
epoch 2828 | loss 63.6344 | lr 3.94e-04 | 1.2s
epoch 2829 | loss 63.8930 | lr 3.93e-04 | 1.2s
epoch 2830 | loss 64.1151 | lr 3.93e-04 | 1.2s
epoch 2831 | loss 64.2254 | lr 3.92e-04 | 1.2s
epoch 2832 | loss 63.8919 | lr 3.91e-04 | 1.2s
epoch 2833 | loss 64.3289 | lr 3.91e-04 | 1.2s
epoch 2834 | loss 63.8115 | lr 3.90e-04 | 1.2s
epoch 2835 | loss 64.5676 | lr 3.90e-04 | 1.2s
epoch 2836 | loss 63.9369 | lr 3.89e-04 | 1.2s
epoch 2837 | loss 64.2299 | lr 3.88e-04 | 1.2s
epoch 2838 | loss 63.4097 | lr 3.88e-04 | 1.2s
epoch 2839 | loss 63.4371 | lr 3.87e-04 | 1.2s
epoch 2840 | loss 63.3277 | lr 3.86e-04 | 1.2s
epoch 2841 | loss 63.7445 | lr 3.86e-04 | 1.2s
epoch 2842 | loss 63.4531 | lr 3.85e-04 | 1.2s
epoch 2843 | loss 63.3565 | lr 3.85e-04 | 1.2s
epoch 2844 | loss 63.8055 | lr 3.84e-04 | 1.2s
epoch 2845 | loss 63.7524 | lr 3.83e-04 | 1.2s
epoch 2846 | loss 63.4624 | lr 3.83e-04 | 1.3s
epoch 2847 | loss 63.7894 | lr 3.82e-04 | 1.2s
epoch 2848 | loss 63.7604 | lr 3.82e-04 | 1.2s
epoch 2849 | loss 63.6941 | lr 3.81e-04 | 1.2s
epoch 2850 | loss 63.9358 | lr 3.80e-04 | 1.2s
epoch 2851 | loss 63.9826 | lr 3.80e-04 | 1.2s
epoch 2852 | loss 63.7349 | lr 3.79e-04 | 1.2s
epoch 2853 | loss 63.8502 | lr 3.78e-04 | 1.2s
epoch 2854 | loss 64.0191 | lr 3.78e-04 | 1.2s
epoch 2855 | loss 63.5057 | lr 3.77e-04 | 1.2s
epoch 2856 | loss 63.8005 | lr 3.77e-04 | 1.2s
epoch 2857 | loss 63.7204 | lr 3.76e-04 | 1.2s
epoch 2858 | loss 63.7785 | lr 3.75e-04 | 1.2s
epoch 2859 | loss 63.4830 | lr 3.75e-04 | 1.2s
epoch 2860 | loss 63.5258 | lr 3.74e-04 | 1.2s
epoch 2861 | loss 64.5402 | lr 3.74e-04 | 1.2s
epoch 2862 | loss 63.5588 | lr 3.73e-04 | 1.2s
epoch 2863 | loss 64.0476 | lr 3.72e-04 | 1.2s
epoch 2864 | loss 64.2080 | lr 3.72e-04 | 1.2s
epoch 2865 | loss 63.1067 | lr 3.71e-04 | 1.2s
epoch 2866 | loss 63.7297 | lr 3.70e-04 | 1.2s
epoch 2867 | loss 63.2299 | lr 3.70e-04 | 1.2s
epoch 2868 | loss 63.6817 | lr 3.69e-04 | 1.2s
epoch 2869 | loss 63.5101 | lr 3.69e-04 | 1.2s
epoch 2870 | loss 63.9506 | lr 3.68e-04 | 1.3s
epoch 2871 | loss 63.9832 | lr 3.67e-04 | 1.2s
epoch 2872 | loss 63.4970 | lr 3.67e-04 | 1.2s
epoch 2873 | loss 64.4889 | lr 3.66e-04 | 1.2s
epoch 2874 | loss 63.9688 | lr 3.66e-04 | 1.2s
epoch 2875 | loss 63.6696 | lr 3.65e-04 | 1.2s
epoch 2876 | loss 64.3642 | lr 3.64e-04 | 1.2s
epoch 2877 | loss 64.0837 | lr 3.64e-04 | 1.2s
epoch 2878 | loss 64.0986 | lr 3.63e-04 | 1.2s
epoch 2879 | loss 63.9657 | lr 3.63e-04 | 1.2s
epoch 2880 | loss 63.8017 | lr 3.62e-04 | 1.2s
epoch 2881 | loss 63.9627 | lr 3.61e-04 | 1.2s
epoch 2882 | loss 64.0404 | lr 3.61e-04 | 1.2s
epoch 2883 | loss 63.7061 | lr 3.60e-04 | 1.2s
epoch 2884 | loss 63.6946 | lr 3.60e-04 | 1.2s
epoch 2885 | loss 64.3213 | lr 3.59e-04 | 1.2s
epoch 2886 | loss 63.1810 | lr 3.58e-04 | 1.2s
epoch 2887 | loss 63.9466 | lr 3.58e-04 | 1.2s
epoch 2888 | loss 64.0342 | lr 3.57e-04 | 1.2s
epoch 2889 | loss 64.3470 | lr 3.57e-04 | 1.2s
epoch 2890 | loss 63.6571 | lr 3.56e-04 | 1.2s
epoch 2891 | loss 64.0283 | lr 3.55e-04 | 1.2s
epoch 2892 | loss 64.4822 | lr 3.55e-04 | 1.2s
epoch 2893 | loss 63.7153 | lr 3.54e-04 | 1.2s
epoch 2894 | loss 63.5351 | lr 3.54e-04 | 1.2s
epoch 2895 | loss 64.3740 | lr 3.53e-04 | 1.2s
epoch 2896 | loss 64.0097 | lr 3.52e-04 | 1.2s
epoch 2897 | loss 63.1213 | lr 3.52e-04 | 1.2s
epoch 2898 | loss 63.6190 | lr 3.51e-04 | 1.2s
epoch 2899 | loss 63.8468 | lr 3.51e-04 | 1.2s
epoch 2900 | loss 63.7455 | lr 3.50e-04 | 1.2s
epoch 2901 | loss 64.2035 | lr 3.49e-04 | 1.2s
epoch 2902 | loss 63.6768 | lr 3.49e-04 | 1.2s
epoch 2903 | loss 63.8361 | lr 3.48e-04 | 1.2s
epoch 2904 | loss 63.9654 | lr 3.48e-04 | 1.2s
epoch 2905 | loss 64.2820 | lr 3.47e-04 | 1.2s
epoch 2906 | loss 63.1800 | lr 3.46e-04 | 1.2s
epoch 2907 | loss 63.5660 | lr 3.46e-04 | 1.3s
epoch 2908 | loss 64.3075 | lr 3.45e-04 | 1.2s
epoch 2909 | loss 63.9093 | lr 3.45e-04 | 1.2s
epoch 2910 | loss 64.6647 | lr 3.44e-04 | 1.2s
epoch 2911 | loss 63.5236 | lr 3.43e-04 | 1.2s
epoch 2912 | loss 63.8823 | lr 3.43e-04 | 1.2s
epoch 2913 | loss 63.8539 | lr 3.42e-04 | 1.2s
epoch 2914 | loss 63.8752 | lr 3.42e-04 | 1.2s
epoch 2915 | loss 64.2418 | lr 3.41e-04 | 1.2s
epoch 2916 | loss 64.2422 | lr 3.40e-04 | 1.2s
epoch 2917 | loss 63.4406 | lr 3.40e-04 | 1.2s
epoch 2918 | loss 63.8088 | lr 3.39e-04 | 1.2s
epoch 2919 | loss 64.0582 | lr 3.39e-04 | 1.2s
epoch 2920 | loss 64.2960 | lr 3.38e-04 | 1.2s
epoch 2921 | loss 63.6487 | lr 3.38e-04 | 1.2s
epoch 2922 | loss 63.8304 | lr 3.37e-04 | 1.2s
epoch 2923 | loss 63.7787 | lr 3.36e-04 | 1.2s
epoch 2924 | loss 63.3831 | lr 3.36e-04 | 1.2s
epoch 2925 | loss 63.6829 | lr 3.35e-04 | 1.2s
epoch 2926 | loss 63.9925 | lr 3.35e-04 | 1.2s
epoch 2927 | loss 64.0707 | lr 3.34e-04 | 1.2s
epoch 2928 | loss 63.7321 | lr 3.33e-04 | 1.2s
epoch 2929 | loss 63.5999 | lr 3.33e-04 | 1.2s
epoch 2930 | loss 63.8651 | lr 3.32e-04 | 1.2s
epoch 2931 | loss 64.3314 | lr 3.32e-04 | 1.2s
epoch 2932 | loss 64.0016 | lr 3.31e-04 | 1.2s
epoch 2933 | loss 63.8061 | lr 3.30e-04 | 1.2s
epoch 2934 | loss 63.2424 | lr 3.30e-04 | 1.2s
epoch 2935 | loss 63.0418 | lr 3.29e-04 | 1.2s
epoch 2936 | loss 63.9112 | lr 3.29e-04 | 1.2s
epoch 2937 | loss 63.8263 | lr 3.28e-04 | 1.2s
epoch 2938 | loss 63.6238 | lr 3.28e-04 | 1.2s
epoch 2939 | loss 63.4757 | lr 3.27e-04 | 1.3s
epoch 2940 | loss 63.7126 | lr 3.26e-04 | 1.2s
epoch 2941 | loss 64.1349 | lr 3.26e-04 | 1.2s
epoch 2942 | loss 63.9815 | lr 3.25e-04 | 1.2s
epoch 2943 | loss 64.2175 | lr 3.25e-04 | 1.2s
epoch 2944 | loss 64.8003 | lr 3.24e-04 | 1.2s
epoch 2945 | loss 63.2873 | lr 3.24e-04 | 1.2s
epoch 2946 | loss 63.8075 | lr 3.23e-04 | 1.2s
epoch 2947 | loss 63.3571 | lr 3.22e-04 | 1.2s
epoch 2948 | loss 63.7333 | lr 3.22e-04 | 1.2s
epoch 2949 | loss 63.1643 | lr 3.21e-04 | 1.2s
epoch 2950 | loss 63.3719 | lr 3.21e-04 | 1.2s
epoch 2951 | loss 63.6285 | lr 3.20e-04 | 1.2s
epoch 2952 | loss 63.4294 | lr 3.19e-04 | 1.2s
epoch 2953 | loss 63.7315 | lr 3.19e-04 | 1.2s
epoch 2954 | loss 63.5369 | lr 3.18e-04 | 1.2s
epoch 2955 | loss 63.7283 | lr 3.18e-04 | 1.2s
epoch 2956 | loss 63.4887 | lr 3.17e-04 | 1.2s
epoch 2957 | loss 63.6463 | lr 3.17e-04 | 1.2s
epoch 2958 | loss 63.5472 | lr 3.16e-04 | 1.2s
epoch 2959 | loss 63.7853 | lr 3.15e-04 | 1.2s
epoch 2960 | loss 63.2412 | lr 3.15e-04 | 1.2s
epoch 2961 | loss 63.8877 | lr 3.14e-04 | 1.2s
epoch 2962 | loss 64.0239 | lr 3.14e-04 | 1.2s
epoch 2963 | loss 64.0158 | lr 3.13e-04 | 1.2s
epoch 2964 | loss 63.6073 | lr 3.13e-04 | 1.2s
epoch 2965 | loss 63.9787 | lr 3.12e-04 | 1.2s
epoch 2966 | loss 64.5840 | lr 3.11e-04 | 1.2s
epoch 2967 | loss 63.3294 | lr 3.11e-04 | 1.2s
epoch 2968 | loss 63.5519 | lr 3.10e-04 | 1.2s
epoch 2969 | loss 63.7205 | lr 3.10e-04 | 1.2s
epoch 2970 | loss 63.9796 | lr 3.09e-04 | 1.2s
epoch 2971 | loss 64.1077 | lr 3.09e-04 | 1.2s
epoch 2972 | loss 63.6041 | lr 3.08e-04 | 1.2s
epoch 2973 | loss 64.6129 | lr 3.07e-04 | 1.2s
epoch 2974 | loss 63.7475 | lr 3.07e-04 | 1.2s
epoch 2975 | loss 63.3561 | lr 3.06e-04 | 1.2s
epoch 2976 | loss 63.6098 | lr 3.06e-04 | 1.2s
epoch 2977 | loss 64.2476 | lr 3.05e-04 | 1.2s
epoch 2978 | loss 63.6902 | lr 3.05e-04 | 1.2s
epoch 2979 | loss 63.3852 | lr 3.04e-04 | 1.2s
epoch 2980 | loss 63.1665 | lr 3.04e-04 | 1.2s
epoch 2981 | loss 64.2238 | lr 3.03e-04 | 1.2s
epoch 2982 | loss 64.6739 | lr 3.02e-04 | 1.2s
epoch 2983 | loss 63.2389 | lr 3.02e-04 | 1.3s
epoch 2984 | loss 63.6612 | lr 3.01e-04 | 1.2s
epoch 2985 | loss 63.7852 | lr 3.01e-04 | 1.2s
epoch 2986 | loss 63.7814 | lr 3.00e-04 | 1.2s
epoch 2987 | loss 63.7618 | lr 3.00e-04 | 1.2s
epoch 2988 | loss 63.2771 | lr 2.99e-04 | 1.2s
epoch 2989 | loss 63.5735 | lr 2.98e-04 | 1.2s
epoch 2990 | loss 63.5737 | lr 2.98e-04 | 1.2s
epoch 2991 | loss 63.6268 | lr 2.97e-04 | 1.2s
epoch 2992 | loss 63.3580 | lr 2.97e-04 | 1.2s
epoch 2993 | loss 63.8776 | lr 2.96e-04 | 1.2s
epoch 2994 | loss 63.9468 | lr 2.96e-04 | 1.2s
epoch 2995 | loss 63.6924 | lr 2.95e-04 | 1.2s
epoch 2996 | loss 64.0876 | lr 2.95e-04 | 1.2s
epoch 2997 | loss 63.3242 | lr 2.94e-04 | 1.2s
epoch 2998 | loss 63.8632 | lr 2.93e-04 | 1.2s
epoch 2999 | loss 63.8341 | lr 2.93e-04 | 1.2s
epoch 3000 | loss 64.1638 | lr 2.92e-04 | 1.2s
epoch 3001 | loss 63.5928 | lr 2.92e-04 | 1.2s
epoch 3002 | loss 64.2398 | lr 2.91e-04 | 1.2s
epoch 3003 | loss 64.0370 | lr 2.91e-04 | 1.2s
epoch 3004 | loss 63.6673 | lr 2.90e-04 | 1.2s
epoch 3005 | loss 64.0146 | lr 2.90e-04 | 1.2s
epoch 3006 | loss 63.3554 | lr 2.89e-04 | 1.2s
epoch 3007 | loss 63.4191 | lr 2.88e-04 | 1.2s
epoch 3008 | loss 63.6929 | lr 2.88e-04 | 1.2s
epoch 3009 | loss 63.6014 | lr 2.87e-04 | 1.2s
epoch 3010 | loss 63.7074 | lr 2.87e-04 | 1.2s
epoch 3011 | loss 63.8907 | lr 2.86e-04 | 1.2s
epoch 3012 | loss 63.8852 | lr 2.86e-04 | 1.2s
epoch 3013 | loss 63.3430 | lr 2.85e-04 | 1.2s
epoch 3014 | loss 63.7073 | lr 2.85e-04 | 1.2s
epoch 3015 | loss 63.8054 | lr 2.84e-04 | 1.2s
epoch 3016 | loss 64.3000 | lr 2.84e-04 | 1.2s
epoch 3017 | loss 63.7814 | lr 2.83e-04 | 1.2s
epoch 3018 | loss 64.0109 | lr 2.82e-04 | 1.2s
epoch 3019 | loss 64.3649 | lr 2.82e-04 | 1.2s
epoch 3020 | loss 63.2930 | lr 2.81e-04 | 1.2s
epoch 3021 | loss 63.5599 | lr 2.81e-04 | 1.2s
epoch 3022 | loss 63.8356 | lr 2.80e-04 | 1.2s
epoch 3023 | loss 63.9575 | lr 2.80e-04 | 1.2s
epoch 3024 | loss 63.8570 | lr 2.79e-04 | 1.2s
epoch 3025 | loss 64.1020 | lr 2.79e-04 | 1.2s
epoch 3026 | loss 64.0199 | lr 2.78e-04 | 1.2s
epoch 3027 | loss 63.4466 | lr 2.78e-04 | 1.2s
epoch 3028 | loss 63.5940 | lr 2.77e-04 | 1.2s
epoch 3029 | loss 64.1878 | lr 2.76e-04 | 1.2s
epoch 3030 | loss 63.4811 | lr 2.76e-04 | 1.2s
epoch 3031 | loss 64.1837 | lr 2.75e-04 | 1.2s
epoch 3032 | loss 64.4568 | lr 2.75e-04 | 1.2s
epoch 3033 | loss 63.9489 | lr 2.74e-04 | 1.3s
epoch 3034 | loss 63.8396 | lr 2.74e-04 | 1.2s
epoch 3035 | loss 63.9645 | lr 2.73e-04 | 1.2s
epoch 3036 | loss 63.3949 | lr 2.73e-04 | 1.2s
epoch 3037 | loss 63.0596 | lr 2.72e-04 | 1.2s
epoch 3038 | loss 63.8326 | lr 2.72e-04 | 1.2s
epoch 3039 | loss 63.5716 | lr 2.71e-04 | 1.2s
epoch 3040 | loss 63.5984 | lr 2.70e-04 | 1.2s
epoch 3041 | loss 63.7659 | lr 2.70e-04 | 1.2s
epoch 3042 | loss 64.1957 | lr 2.69e-04 | 1.2s
epoch 3043 | loss 63.9980 | lr 2.69e-04 | 1.2s
epoch 3044 | loss 63.1957 | lr 2.68e-04 | 1.2s
epoch 3045 | loss 63.5783 | lr 2.68e-04 | 1.2s
epoch 3046 | loss 63.6905 | lr 2.67e-04 | 1.2s
epoch 3047 | loss 64.1562 | lr 2.67e-04 | 1.2s
epoch 3048 | loss 63.4132 | lr 2.66e-04 | 1.2s
epoch 3049 | loss 63.6130 | lr 2.66e-04 | 1.2s
epoch 3050 | loss 64.5612 | lr 2.65e-04 | 1.2s
epoch 3051 | loss 63.9366 | lr 2.65e-04 | 1.2s
epoch 3052 | loss 63.5514 | lr 2.64e-04 | 1.2s
epoch 3053 | loss 63.8679 | lr 2.64e-04 | 1.2s
epoch 3054 | loss 63.7197 | lr 2.63e-04 | 1.2s
epoch 3055 | loss 63.0596 | lr 2.62e-04 | 1.2s
epoch 3056 | loss 63.5328 | lr 2.62e-04 | 1.2s
epoch 3057 | loss 63.5821 | lr 2.61e-04 | 1.2s
epoch 3058 | loss 63.5527 | lr 2.61e-04 | 1.2s
epoch 3059 | loss 64.1466 | lr 2.60e-04 | 1.2s
epoch 3060 | loss 63.6466 | lr 2.60e-04 | 1.2s
epoch 3061 | loss 63.8081 | lr 2.59e-04 | 1.2s
epoch 3062 | loss 63.9969 | lr 2.59e-04 | 1.2s
epoch 3063 | loss 63.9880 | lr 2.58e-04 | 1.2s
epoch 3064 | loss 63.4307 | lr 2.58e-04 | 1.2s
epoch 3065 | loss 63.4779 | lr 2.57e-04 | 1.2s
epoch 3066 | loss 63.5067 | lr 2.57e-04 | 1.2s
epoch 3067 | loss 63.6577 | lr 2.56e-04 | 1.2s
epoch 3068 | loss 64.3889 | lr 2.56e-04 | 1.2s
epoch 3069 | loss 63.6905 | lr 2.55e-04 | 1.2s
epoch 3070 | loss 64.1872 | lr 2.55e-04 | 1.2s
epoch 3071 | loss 63.5610 | lr 2.54e-04 | 1.2s
epoch 3072 | loss 63.6636 | lr 2.54e-04 | 1.2s
epoch 3073 | loss 63.5531 | lr 2.53e-04 | 1.2s
epoch 3074 | loss 63.8505 | lr 2.52e-04 | 1.2s
epoch 3075 | loss 63.4120 | lr 2.52e-04 | 1.2s
epoch 3076 | loss 64.0651 | lr 2.51e-04 | 1.2s
epoch 3077 | loss 64.1048 | lr 2.51e-04 | 1.2s
epoch 3078 | loss 63.6852 | lr 2.50e-04 | 1.2s
epoch 3079 | loss 63.9050 | lr 2.50e-04 | 1.2s
epoch 3080 | loss 63.6302 | lr 2.49e-04 | 1.2s
epoch 3081 | loss 64.2881 | lr 2.49e-04 | 1.2s
epoch 3082 | loss 64.2851 | lr 2.48e-04 | 1.2s
epoch 3083 | loss 64.2485 | lr 2.48e-04 | 1.2s
epoch 3084 | loss 63.7825 | lr 2.47e-04 | 1.2s
epoch 3085 | loss 64.3417 | lr 2.47e-04 | 1.2s
epoch 3086 | loss 64.1250 | lr 2.46e-04 | 1.2s
epoch 3087 | loss 64.2053 | lr 2.46e-04 | 1.2s
epoch 3088 | loss 63.7666 | lr 2.45e-04 | 1.2s
epoch 3089 | loss 63.9236 | lr 2.45e-04 | 1.2s
epoch 3090 | loss 63.5969 | lr 2.44e-04 | 1.2s
epoch 3091 | loss 64.2798 | lr 2.44e-04 | 1.2s
epoch 3092 | loss 63.5034 | lr 2.43e-04 | 1.3s
epoch 3093 | loss 63.3834 | lr 2.43e-04 | 1.2s
epoch 3094 | loss 63.5863 | lr 2.42e-04 | 1.2s
epoch 3095 | loss 63.7763 | lr 2.42e-04 | 1.2s
epoch 3096 | loss 63.5944 | lr 2.41e-04 | 1.2s
epoch 3097 | loss 63.1768 | lr 2.41e-04 | 1.2s
epoch 3098 | loss 63.8177 | lr 2.40e-04 | 1.2s
epoch 3099 | loss 63.5598 | lr 2.40e-04 | 1.2s
epoch 3100 | loss 64.3793 | lr 2.39e-04 | 1.2s
epoch 3101 | loss 64.4968 | lr 2.39e-04 | 1.2s
epoch 3102 | loss 63.8927 | lr 2.38e-04 | 1.2s
epoch 3103 | loss 64.1693 | lr 2.38e-04 | 1.2s
epoch 3104 | loss 64.3922 | lr 2.37e-04 | 1.2s
epoch 3105 | loss 63.8090 | lr 2.37e-04 | 1.2s
epoch 3106 | loss 63.8198 | lr 2.36e-04 | 1.2s
epoch 3107 | loss 64.2619 | lr 2.36e-04 | 1.2s
epoch 3108 | loss 64.3281 | lr 2.35e-04 | 1.2s
epoch 3109 | loss 63.6770 | lr 2.35e-04 | 1.2s
epoch 3110 | loss 64.0342 | lr 2.34e-04 | 1.2s
epoch 3111 | loss 63.9513 | lr 2.34e-04 | 1.2s
epoch 3112 | loss 63.6837 | lr 2.33e-04 | 1.2s
epoch 3113 | loss 64.2128 | lr 2.32e-04 | 1.2s
epoch 3114 | loss 64.3810 | lr 2.32e-04 | 1.3s
epoch 3115 | loss 63.9812 | lr 2.31e-04 | 1.2s
epoch 3116 | loss 64.0815 | lr 2.31e-04 | 1.2s
epoch 3117 | loss 63.7289 | lr 2.30e-04 | 1.2s
epoch 3118 | loss 63.6603 | lr 2.30e-04 | 1.2s
epoch 3119 | loss 63.5771 | lr 2.29e-04 | 1.2s
epoch 3120 | loss 64.2130 | lr 2.29e-04 | 1.2s
epoch 3121 | loss 64.3242 | lr 2.28e-04 | 1.2s
epoch 3122 | loss 64.1459 | lr 2.28e-04 | 1.2s
epoch 3123 | loss 63.5959 | lr 2.27e-04 | 1.2s
epoch 3124 | loss 63.9134 | lr 2.27e-04 | 1.2s
epoch 3125 | loss 63.2518 | lr 2.26e-04 | 1.2s
epoch 3126 | loss 63.6479 | lr 2.26e-04 | 1.2s
epoch 3127 | loss 63.4381 | lr 2.25e-04 | 1.2s
epoch 3128 | loss 64.1252 | lr 2.25e-04 | 1.2s
epoch 3129 | loss 63.7362 | lr 2.25e-04 | 1.2s
epoch 3130 | loss 63.8910 | lr 2.24e-04 | 1.2s
epoch 3131 | loss 63.6253 | lr 2.24e-04 | 1.2s
epoch 3132 | loss 63.6685 | lr 2.23e-04 | 1.2s
epoch 3133 | loss 63.2927 | lr 2.23e-04 | 1.2s
epoch 3134 | loss 64.4163 | lr 2.22e-04 | 1.2s
epoch 3135 | loss 63.7003 | lr 2.22e-04 | 1.2s
epoch 3136 | loss 63.7955 | lr 2.21e-04 | 1.2s
epoch 3137 | loss 64.3710 | lr 2.21e-04 | 1.2s
epoch 3138 | loss 64.4429 | lr 2.20e-04 | 1.2s
epoch 3139 | loss 64.5800 | lr 2.20e-04 | 1.2s
epoch 3140 | loss 63.8891 | lr 2.19e-04 | 1.2s
epoch 3141 | loss 64.1044 | lr 2.19e-04 | 1.2s
epoch 3142 | loss 64.5455 | lr 2.18e-04 | 1.2s
epoch 3143 | loss 64.2182 | lr 2.18e-04 | 1.2s
epoch 3144 | loss 64.1017 | lr 2.17e-04 | 1.2s
epoch 3145 | loss 63.8267 | lr 2.17e-04 | 1.2s
epoch 3146 | loss 63.3501 | lr 2.16e-04 | 1.2s
epoch 3147 | loss 63.9436 | lr 2.16e-04 | 1.2s
epoch 3148 | loss 63.9816 | lr 2.15e-04 | 1.2s
epoch 3149 | loss 63.8977 | lr 2.15e-04 | 1.2s
epoch 3150 | loss 63.8420 | lr 2.14e-04 | 1.2s
epoch 3151 | loss 63.8695 | lr 2.14e-04 | 1.2s
epoch 3152 | loss 63.7671 | lr 2.13e-04 | 1.2s
epoch 3153 | loss 64.0369 | lr 2.13e-04 | 1.2s
epoch 3154 | loss 63.4293 | lr 2.12e-04 | 1.2s
epoch 3155 | loss 63.2321 | lr 2.12e-04 | 1.2s
epoch 3156 | loss 63.9518 | lr 2.11e-04 | 1.2s
epoch 3157 | loss 63.9909 | lr 2.11e-04 | 1.2s
epoch 3158 | loss 63.7454 | lr 2.10e-04 | 1.2s
epoch 3159 | loss 63.7044 | lr 2.10e-04 | 1.2s
epoch 3160 | loss 64.7234 | lr 2.09e-04 | 1.2s
epoch 3161 | loss 63.9448 | lr 2.09e-04 | 1.2s
epoch 3162 | loss 64.1062 | lr 2.08e-04 | 1.2s
epoch 3163 | loss 64.1910 | lr 2.08e-04 | 1.2s
epoch 3164 | loss 63.9882 | lr 2.07e-04 | 1.2s
epoch 3165 | loss 63.9365 | lr 2.07e-04 | 1.2s
epoch 3166 | loss 63.8200 | lr 2.06e-04 | 1.2s
epoch 3167 | loss 64.0853 | lr 2.06e-04 | 1.2s
epoch 3168 | loss 64.4604 | lr 2.06e-04 | 1.2s
epoch 3169 | loss 63.8143 | lr 2.05e-04 | 1.2s
epoch 3170 | loss 63.8950 | lr 2.05e-04 | 1.2s
epoch 3171 | loss 63.8968 | lr 2.04e-04 | 1.2s
epoch 3172 | loss 63.4509 | lr 2.04e-04 | 1.2s
epoch 3173 | loss 63.5420 | lr 2.03e-04 | 1.2s
epoch 3174 | loss 63.4931 | lr 2.03e-04 | 1.2s
epoch 3175 | loss 63.8170 | lr 2.02e-04 | 1.2s
epoch 3176 | loss 64.2821 | lr 2.02e-04 | 1.2s
epoch 3177 | loss 63.6411 | lr 2.01e-04 | 1.2s
epoch 3178 | loss 63.7632 | lr 2.01e-04 | 1.2s
epoch 3179 | loss 64.3708 | lr 2.00e-04 | 1.2s
epoch 3180 | loss 63.6523 | lr 2.00e-04 | 1.2s
epoch 3181 | loss 63.9453 | lr 1.99e-04 | 1.2s
epoch 3182 | loss 64.0688 | lr 1.99e-04 | 1.2s
epoch 3183 | loss 63.5813 | lr 1.98e-04 | 1.2s
epoch 3184 | loss 63.8154 | lr 1.98e-04 | 1.2s
epoch 3185 | loss 64.3850 | lr 1.97e-04 | 1.2s
epoch 3186 | loss 64.2666 | lr 1.97e-04 | 1.2s
epoch 3187 | loss 63.8783 | lr 1.97e-04 | 1.2s
epoch 3188 | loss 64.1663 | lr 1.96e-04 | 1.2s
epoch 3189 | loss 63.4386 | lr 1.96e-04 | 1.2s
epoch 3190 | loss 63.7890 | lr 1.95e-04 | 1.2s
epoch 3191 | loss 63.8882 | lr 1.95e-04 | 1.2s
epoch 3192 | loss 63.3466 | lr 1.94e-04 | 1.2s
epoch 3193 | loss 64.1252 | lr 1.94e-04 | 1.2s
epoch 3194 | loss 63.2711 | lr 1.93e-04 | 1.2s
epoch 3195 | loss 63.8066 | lr 1.93e-04 | 1.2s
epoch 3196 | loss 63.8832 | lr 1.92e-04 | 1.2s
epoch 3197 | loss 63.9216 | lr 1.92e-04 | 1.2s
epoch 3198 | loss 63.5712 | lr 1.91e-04 | 1.2s
epoch 3199 | loss 64.1334 | lr 1.91e-04 | 1.2s
epoch 3200 | loss 64.1279 | lr 1.91e-04 | 1.2s
epoch 3201 | loss 63.5487 | lr 1.90e-04 | 1.2s
epoch 3202 | loss 63.8473 | lr 1.90e-04 | 1.2s
epoch 3203 | loss 64.0762 | lr 1.89e-04 | 1.3s
epoch 3204 | loss 63.8891 | lr 1.89e-04 | 1.3s
epoch 3205 | loss 62.9547 | lr 1.88e-04 | 1.2s
epoch 3206 | loss 63.5188 | lr 1.88e-04 | 1.2s
epoch 3207 | loss 64.3327 | lr 1.87e-04 | 1.2s
epoch 3208 | loss 64.0748 | lr 1.87e-04 | 1.2s
epoch 3209 | loss 63.8735 | lr 1.86e-04 | 1.2s
epoch 3210 | loss 63.1741 | lr 1.86e-04 | 1.2s
epoch 3211 | loss 63.3725 | lr 1.85e-04 | 1.2s
epoch 3212 | loss 63.2500 | lr 1.85e-04 | 1.2s
epoch 3213 | loss 64.5597 | lr 1.85e-04 | 1.2s
epoch 3214 | loss 63.9414 | lr 1.84e-04 | 1.2s
epoch 3215 | loss 64.0501 | lr 1.84e-04 | 1.2s
epoch 3216 | loss 63.9823 | lr 1.83e-04 | 1.2s
epoch 3217 | loss 63.5671 | lr 1.83e-04 | 1.2s
epoch 3218 | loss 64.2310 | lr 1.82e-04 | 1.2s
epoch 3219 | loss 63.5520 | lr 1.82e-04 | 1.2s
epoch 3220 | loss 64.4731 | lr 1.81e-04 | 1.2s
epoch 3221 | loss 63.5750 | lr 1.81e-04 | 1.2s
epoch 3222 | loss 63.4083 | lr 1.80e-04 | 1.2s
epoch 3223 | loss 64.2684 | lr 1.80e-04 | 1.2s
epoch 3224 | loss 63.0367 | lr 1.80e-04 | 1.2s
epoch 3225 | loss 64.1445 | lr 1.79e-04 | 1.2s
epoch 3226 | loss 63.7899 | lr 1.79e-04 | 1.2s
epoch 3227 | loss 63.8633 | lr 1.78e-04 | 1.2s
epoch 3228 | loss 64.0020 | lr 1.78e-04 | 1.2s
epoch 3229 | loss 64.1025 | lr 1.77e-04 | 1.2s
epoch 3230 | loss 64.3574 | lr 1.77e-04 | 1.2s
epoch 3231 | loss 63.8130 | lr 1.76e-04 | 1.2s
epoch 3232 | loss 64.2281 | lr 1.76e-04 | 1.2s
epoch 3233 | loss 63.9008 | lr 1.76e-04 | 1.2s
epoch 3234 | loss 63.6021 | lr 1.75e-04 | 1.2s
epoch 3235 | loss 64.6645 | lr 1.75e-04 | 1.2s
epoch 3236 | loss 63.8227 | lr 1.74e-04 | 1.2s
epoch 3237 | loss 63.8216 | lr 1.74e-04 | 1.2s
epoch 3238 | loss 64.1668 | lr 1.73e-04 | 1.2s
epoch 3239 | loss 64.1919 | lr 1.73e-04 | 1.2s
epoch 3240 | loss 64.1354 | lr 1.72e-04 | 1.2s
epoch 3241 | loss 64.0944 | lr 1.72e-04 | 1.2s
epoch 3242 | loss 64.3639 | lr 1.72e-04 | 1.2s
epoch 3243 | loss 63.9251 | lr 1.71e-04 | 1.2s
epoch 3244 | loss 63.8599 | lr 1.71e-04 | 1.2s
epoch 3245 | loss 63.8871 | lr 1.70e-04 | 1.2s
epoch 3246 | loss 63.4530 | lr 1.70e-04 | 1.2s
epoch 3247 | loss 63.8248 | lr 1.69e-04 | 1.2s
epoch 3248 | loss 64.1099 | lr 1.69e-04 | 1.3s
epoch 3249 | loss 63.3360 | lr 1.69e-04 | 1.2s
epoch 3250 | loss 63.9728 | lr 1.68e-04 | 1.2s
epoch 3251 | loss 63.6489 | lr 1.68e-04 | 1.2s
epoch 3252 | loss 64.0185 | lr 1.67e-04 | 1.2s
epoch 3253 | loss 63.3305 | lr 1.67e-04 | 1.2s
epoch 3254 | loss 63.9642 | lr 1.66e-04 | 1.2s
epoch 3255 | loss 63.8683 | lr 1.66e-04 | 1.2s
epoch 3256 | loss 64.0533 | lr 1.65e-04 | 1.2s
epoch 3257 | loss 63.5134 | lr 1.65e-04 | 1.2s
epoch 3258 | loss 63.9824 | lr 1.65e-04 | 1.1s
epoch 3259 | loss 64.1472 | lr 1.64e-04 | 1.2s
epoch 3260 | loss 63.5125 | lr 1.64e-04 | 1.2s
epoch 3261 | loss 63.9794 | lr 1.63e-04 | 1.2s
epoch 3262 | loss 63.3462 | lr 1.63e-04 | 1.2s
epoch 3263 | loss 63.5456 | lr 1.62e-04 | 1.2s
epoch 3264 | loss 63.7249 | lr 1.62e-04 | 1.2s
epoch 3265 | loss 63.8274 | lr 1.62e-04 | 1.2s
epoch 3266 | loss 63.3705 | lr 1.61e-04 | 1.2s
epoch 3267 | loss 64.1698 | lr 1.61e-04 | 1.3s
epoch 3268 | loss 64.5527 | lr 1.60e-04 | 1.2s
epoch 3269 | loss 63.6208 | lr 1.60e-04 | 1.2s
epoch 3270 | loss 63.8154 | lr 1.59e-04 | 1.2s
epoch 3271 | loss 64.1246 | lr 1.59e-04 | 1.2s
epoch 3272 | loss 63.2879 | lr 1.59e-04 | 1.2s
epoch 3273 | loss 63.9480 | lr 1.58e-04 | 1.2s
epoch 3274 | loss 63.9280 | lr 1.58e-04 | 1.2s
epoch 3275 | loss 63.8416 | lr 1.57e-04 | 1.2s
epoch 3276 | loss 63.7141 | lr 1.57e-04 | 1.2s
epoch 3277 | loss 63.4973 | lr 1.57e-04 | 1.2s
epoch 3278 | loss 63.6907 | lr 1.56e-04 | 1.2s
epoch 3279 | loss 64.3021 | lr 1.56e-04 | 1.2s
epoch 3280 | loss 63.1359 | lr 1.55e-04 | 1.2s
epoch 3281 | loss 64.3165 | lr 1.55e-04 | 1.2s
epoch 3282 | loss 63.7799 | lr 1.54e-04 | 1.2s
epoch 3283 | loss 63.9476 | lr 1.54e-04 | 1.2s
epoch 3284 | loss 63.6713 | lr 1.54e-04 | 1.2s
epoch 3285 | loss 64.0663 | lr 1.53e-04 | 1.2s
epoch 3286 | loss 63.7218 | lr 1.53e-04 | 1.2s
epoch 3287 | loss 63.7118 | lr 1.52e-04 | 1.2s
epoch 3288 | loss 64.5177 | lr 1.52e-04 | 1.2s
epoch 3289 | loss 63.7744 | lr 1.51e-04 | 1.2s
epoch 3290 | loss 63.5085 | lr 1.51e-04 | 1.2s
epoch 3291 | loss 63.9688 | lr 1.51e-04 | 1.2s
epoch 3292 | loss 63.8131 | lr 1.50e-04 | 1.2s
epoch 3293 | loss 64.0684 | lr 1.50e-04 | 1.2s
epoch 3294 | loss 63.5770 | lr 1.49e-04 | 1.2s
epoch 3295 | loss 63.5324 | lr 1.49e-04 | 1.2s
epoch 3296 | loss 63.8812 | lr 1.49e-04 | 1.2s
epoch 3297 | loss 63.4600 | lr 1.48e-04 | 1.2s
epoch 3298 | loss 64.4395 | lr 1.48e-04 | 1.2s
epoch 3299 | loss 64.0198 | lr 1.47e-04 | 1.2s
epoch 3300 | loss 64.4181 | lr 1.47e-04 | 1.2s
epoch 3301 | loss 63.6221 | lr 1.47e-04 | 1.2s
epoch 3302 | loss 64.1833 | lr 1.46e-04 | 1.2s
epoch 3303 | loss 63.7727 | lr 1.46e-04 | 1.2s
epoch 3304 | loss 63.7705 | lr 1.45e-04 | 1.2s
epoch 3305 | loss 64.2038 | lr 1.45e-04 | 1.2s
epoch 3306 | loss 64.3283 | lr 1.45e-04 | 1.2s
epoch 3307 | loss 63.6116 | lr 1.44e-04 | 1.2s
epoch 3308 | loss 63.5947 | lr 1.44e-04 | 1.2s
epoch 3309 | loss 63.5770 | lr 1.43e-04 | 1.2s
epoch 3310 | loss 63.7260 | lr 1.43e-04 | 1.2s
epoch 3311 | loss 63.9659 | lr 1.42e-04 | 1.2s
epoch 3312 | loss 63.7297 | lr 1.42e-04 | 1.2s
epoch 3313 | loss 63.6414 | lr 1.42e-04 | 1.2s
epoch 3314 | loss 64.2543 | lr 1.41e-04 | 1.2s
epoch 3315 | loss 64.4203 | lr 1.41e-04 | 1.4s
epoch 3316 | loss 63.5851 | lr 1.40e-04 | 1.4s
epoch 3317 | loss 63.5146 | lr 1.40e-04 | 1.6s
epoch 3318 | loss 64.3215 | lr 1.40e-04 | 1.3s
epoch 3319 | loss 64.0681 | lr 1.39e-04 | 1.4s
epoch 3320 | loss 64.0015 | lr 1.39e-04 | 1.3s
epoch 3321 | loss 64.1285 | lr 1.38e-04 | 1.3s
epoch 3322 | loss 63.3865 | lr 1.38e-04 | 1.3s
epoch 3323 | loss 63.6369 | lr 1.38e-04 | 1.4s
epoch 3324 | loss 64.1134 | lr 1.37e-04 | 1.5s
epoch 3325 | loss 63.2858 | lr 1.37e-04 | 1.4s
epoch 3326 | loss 63.0723 | lr 1.36e-04 | 1.4s
epoch 3327 | loss 63.5768 | lr 1.36e-04 | 1.4s
epoch 3328 | loss 63.7497 | lr 1.36e-04 | 1.3s
epoch 3329 | loss 64.2376 | lr 1.35e-04 | 1.3s
epoch 3330 | loss 64.0365 | lr 1.35e-04 | 1.3s
epoch 3331 | loss 63.4171 | lr 1.34e-04 | 1.4s
epoch 3332 | loss 63.6601 | lr 1.34e-04 | 1.4s
epoch 3333 | loss 63.8587 | lr 1.34e-04 | 1.3s
epoch 3334 | loss 63.8346 | lr 1.33e-04 | 1.4s
epoch 3335 | loss 64.2519 | lr 1.33e-04 | 1.3s
epoch 3336 | loss 63.1785 | lr 1.33e-04 | 1.4s
epoch 3337 | loss 64.1562 | lr 1.32e-04 | 1.2s
epoch 3338 | loss 63.6689 | lr 1.32e-04 | 1.2s
epoch 3339 | loss 63.8552 | lr 1.31e-04 | 1.2s
epoch 3340 | loss 64.5222 | lr 1.31e-04 | 1.2s
epoch 3341 | loss 63.5513 | lr 1.31e-04 | 1.2s
epoch 3342 | loss 64.2512 | lr 1.30e-04 | 1.2s
epoch 3343 | loss 64.1844 | lr 1.30e-04 | 1.2s
epoch 3344 | loss 63.6530 | lr 1.29e-04 | 1.2s
epoch 3345 | loss 63.3960 | lr 1.29e-04 | 1.2s
epoch 3346 | loss 63.7136 | lr 1.29e-04 | 1.2s
epoch 3347 | loss 63.8538 | lr 1.28e-04 | 1.2s
epoch 3348 | loss 63.5710 | lr 1.28e-04 | 1.2s
epoch 3349 | loss 63.6357 | lr 1.28e-04 | 1.2s
epoch 3350 | loss 64.0526 | lr 1.27e-04 | 1.2s
epoch 3351 | loss 63.7314 | lr 1.27e-04 | 1.2s
epoch 3352 | loss 64.1589 | lr 1.26e-04 | 1.2s
epoch 3353 | loss 63.9520 | lr 1.26e-04 | 1.2s
epoch 3354 | loss 64.0990 | lr 1.26e-04 | 1.2s
epoch 3355 | loss 63.7859 | lr 1.25e-04 | 1.2s
epoch 3356 | loss 63.9799 | lr 1.25e-04 | 1.2s
epoch 3357 | loss 63.4153 | lr 1.24e-04 | 1.2s
epoch 3358 | loss 62.9982 | lr 1.24e-04 | 1.2s
epoch 3359 | loss 64.0523 | lr 1.24e-04 | 1.2s
epoch 3360 | loss 64.1974 | lr 1.23e-04 | 1.2s
epoch 3361 | loss 63.6172 | lr 1.23e-04 | 1.2s
epoch 3362 | loss 63.4498 | lr 1.23e-04 | 1.2s
epoch 3363 | loss 63.6082 | lr 1.22e-04 | 1.2s
epoch 3364 | loss 63.3341 | lr 1.22e-04 | 1.2s
epoch 3365 | loss 64.5860 | lr 1.21e-04 | 1.2s
epoch 3366 | loss 63.9419 | lr 1.21e-04 | 1.2s
epoch 3367 | loss 64.2633 | lr 1.21e-04 | 1.2s
epoch 3368 | loss 63.1160 | lr 1.20e-04 | 1.2s
epoch 3369 | loss 63.5700 | lr 1.20e-04 | 1.2s
epoch 3370 | loss 64.0350 | lr 1.20e-04 | 1.2s
epoch 3371 | loss 64.1574 | lr 1.19e-04 | 1.2s
epoch 3372 | loss 63.8368 | lr 1.19e-04 | 1.2s
epoch 3373 | loss 64.1844 | lr 1.18e-04 | 1.2s
epoch 3374 | loss 63.9933 | lr 1.18e-04 | 1.2s
epoch 3375 | loss 64.0737 | lr 1.18e-04 | 1.2s
epoch 3376 | loss 63.4373 | lr 1.17e-04 | 1.2s
epoch 3377 | loss 64.3180 | lr 1.17e-04 | 1.2s
epoch 3378 | loss 63.7806 | lr 1.17e-04 | 1.2s
epoch 3379 | loss 63.8084 | lr 1.16e-04 | 1.2s
epoch 3380 | loss 63.6495 | lr 1.16e-04 | 1.2s
epoch 3381 | loss 64.2575 | lr 1.16e-04 | 1.2s
epoch 3382 | loss 64.3667 | lr 1.15e-04 | 1.2s
epoch 3383 | loss 63.8927 | lr 1.15e-04 | 1.2s
epoch 3384 | loss 63.5762 | lr 1.14e-04 | 1.2s
epoch 3385 | loss 63.5048 | lr 1.14e-04 | 1.2s
epoch 3386 | loss 63.4898 | lr 1.14e-04 | 1.2s
epoch 3387 | loss 64.0904 | lr 1.13e-04 | 1.2s
epoch 3388 | loss 63.6001 | lr 1.13e-04 | 1.3s
epoch 3389 | loss 63.4715 | lr 1.13e-04 | 1.2s
epoch 3390 | loss 63.9920 | lr 1.12e-04 | 1.2s
epoch 3391 | loss 63.4180 | lr 1.12e-04 | 1.2s
epoch 3392 | loss 63.9817 | lr 1.12e-04 | 1.2s
epoch 3393 | loss 63.8960 | lr 1.11e-04 | 1.2s
epoch 3394 | loss 63.8932 | lr 1.11e-04 | 1.2s
epoch 3395 | loss 63.7550 | lr 1.10e-04 | 1.2s
epoch 3396 | loss 64.3033 | lr 1.10e-04 | 1.2s
epoch 3397 | loss 63.4793 | lr 1.10e-04 | 1.2s
epoch 3398 | loss 64.0958 | lr 1.09e-04 | 1.2s
epoch 3399 | loss 64.4119 | lr 1.09e-04 | 1.2s
epoch 3400 | loss 63.9493 | lr 1.09e-04 | 1.2s
epoch 3401 | loss 63.9617 | lr 1.08e-04 | 1.2s
epoch 3402 | loss 63.6211 | lr 1.08e-04 | 1.2s
epoch 3403 | loss 65.2055 | lr 1.08e-04 | 1.2s
epoch 3404 | loss 63.2914 | lr 1.07e-04 | 1.2s
epoch 3405 | loss 64.0745 | lr 1.07e-04 | 1.2s
epoch 3406 | loss 63.7301 | lr 1.07e-04 | 1.2s
epoch 3407 | loss 63.9481 | lr 1.06e-04 | 1.2s
epoch 3408 | loss 64.1517 | lr 1.06e-04 | 1.2s
epoch 3409 | loss 63.8661 | lr 1.05e-04 | 1.2s
epoch 3410 | loss 63.0107 | lr 1.05e-04 | 1.2s
epoch 3411 | loss 63.9137 | lr 1.05e-04 | 1.2s
epoch 3412 | loss 64.0533 | lr 1.04e-04 | 1.2s
epoch 3413 | loss 63.8793 | lr 1.04e-04 | 1.2s
epoch 3414 | loss 64.3064 | lr 1.04e-04 | 1.2s
epoch 3415 | loss 63.7290 | lr 1.03e-04 | 1.2s
epoch 3416 | loss 64.0410 | lr 1.03e-04 | 1.2s
epoch 3417 | loss 64.5957 | lr 1.03e-04 | 1.2s
epoch 3418 | loss 63.5570 | lr 1.02e-04 | 1.2s
epoch 3419 | loss 64.2842 | lr 1.02e-04 | 1.2s
epoch 3420 | loss 64.0897 | lr 1.02e-04 | 1.2s
epoch 3421 | loss 63.1664 | lr 1.01e-04 | 1.2s
epoch 3422 | loss 62.9859 | lr 1.01e-04 | 1.2s
epoch 3423 | loss 63.6125 | lr 1.01e-04 | 1.2s
epoch 3424 | loss 63.5066 | lr 1.00e-04 | 1.2s
epoch 3425 | loss 64.0497 | lr 9.99e-05 | 1.2s
epoch 3426 | loss 63.7706 | lr 9.96e-05 | 1.2s
epoch 3427 | loss 64.7255 | lr 9.92e-05 | 1.2s
epoch 3428 | loss 63.9088 | lr 9.89e-05 | 1.2s
epoch 3429 | loss 63.8386 | lr 9.85e-05 | 1.2s
epoch 3430 | loss 64.0742 | lr 9.82e-05 | 1.2s
epoch 3431 | loss 64.1493 | lr 9.79e-05 | 1.2s
epoch 3432 | loss 63.9652 | lr 9.75e-05 | 1.2s
epoch 3433 | loss 63.9247 | lr 9.72e-05 | 1.2s
epoch 3434 | loss 63.9270 | lr 9.69e-05 | 1.2s
epoch 3435 | loss 64.1386 | lr 9.65e-05 | 1.2s
epoch 3436 | loss 63.6903 | lr 9.62e-05 | 1.2s
epoch 3437 | loss 63.5049 | lr 9.58e-05 | 1.2s
epoch 3438 | loss 63.2879 | lr 9.55e-05 | 1.2s
epoch 3439 | loss 64.6520 | lr 9.52e-05 | 1.2s
epoch 3440 | loss 63.6014 | lr 9.48e-05 | 1.2s
epoch 3441 | loss 63.7855 | lr 9.45e-05 | 1.2s
epoch 3442 | loss 63.4417 | lr 9.42e-05 | 1.2s
epoch 3443 | loss 63.0732 | lr 9.38e-05 | 1.2s
epoch 3444 | loss 64.0031 | lr 9.35e-05 | 1.2s
epoch 3445 | loss 63.6348 | lr 9.32e-05 | 1.2s
epoch 3446 | loss 64.2261 | lr 9.28e-05 | 1.2s
epoch 3447 | loss 63.6115 | lr 9.25e-05 | 1.2s
epoch 3448 | loss 64.6542 | lr 9.22e-05 | 1.2s
epoch 3449 | loss 63.9579 | lr 9.19e-05 | 1.2s
epoch 3450 | loss 64.4264 | lr 9.15e-05 | 1.2s
epoch 3451 | loss 63.5377 | lr 9.12e-05 | 1.2s
epoch 3452 | loss 63.4879 | lr 9.09e-05 | 1.2s
epoch 3453 | loss 64.3614 | lr 9.05e-05 | 1.2s
epoch 3454 | loss 63.0790 | lr 9.02e-05 | 1.2s
epoch 3455 | loss 63.9233 | lr 8.99e-05 | 1.2s
epoch 3456 | loss 63.8828 | lr 8.96e-05 | 1.2s
epoch 3457 | loss 64.1043 | lr 8.92e-05 | 1.2s
epoch 3458 | loss 63.9567 | lr 8.89e-05 | 1.2s
epoch 3459 | loss 63.3431 | lr 8.86e-05 | 1.2s
epoch 3460 | loss 63.7881 | lr 8.83e-05 | 1.2s
epoch 3461 | loss 64.0684 | lr 8.80e-05 | 1.2s
epoch 3462 | loss 63.9089 | lr 8.76e-05 | 1.2s
epoch 3463 | loss 63.9403 | lr 8.73e-05 | 1.2s
epoch 3464 | loss 64.6269 | lr 8.70e-05 | 1.2s
epoch 3465 | loss 63.7847 | lr 8.67e-05 | 1.2s
epoch 3466 | loss 63.6436 | lr 8.63e-05 | 1.3s
epoch 3467 | loss 63.1164 | lr 8.60e-05 | 1.2s
epoch 3468 | loss 63.6339 | lr 8.57e-05 | 1.2s
epoch 3469 | loss 63.1893 | lr 8.54e-05 | 1.2s
epoch 3470 | loss 64.2336 | lr 8.51e-05 | 1.2s
epoch 3471 | loss 63.6715 | lr 8.48e-05 | 1.2s
epoch 3472 | loss 63.6794 | lr 8.44e-05 | 1.2s
epoch 3473 | loss 64.2274 | lr 8.41e-05 | 1.2s
epoch 3474 | loss 63.8795 | lr 8.38e-05 | 1.2s
epoch 3475 | loss 63.7542 | lr 8.35e-05 | 1.3s
epoch 3476 | loss 63.3433 | lr 8.32e-05 | 1.2s
epoch 3477 | loss 64.8414 | lr 8.29e-05 | 1.2s
epoch 3478 | loss 63.2268 | lr 8.26e-05 | 1.2s
epoch 3479 | loss 64.1726 | lr 8.22e-05 | 1.2s
epoch 3480 | loss 64.0767 | lr 8.19e-05 | 1.2s
epoch 3481 | loss 64.8703 | lr 8.16e-05 | 1.3s
epoch 3482 | loss 64.0222 | lr 8.13e-05 | 1.2s
epoch 3483 | loss 65.0682 | lr 8.10e-05 | 1.2s
epoch 3484 | loss 63.8551 | lr 8.07e-05 | 1.2s
epoch 3485 | loss 63.7259 | lr 8.04e-05 | 1.2s
epoch 3486 | loss 63.9294 | lr 8.01e-05 | 1.2s
epoch 3487 | loss 63.6311 | lr 7.98e-05 | 1.2s
epoch 3488 | loss 64.1198 | lr 7.95e-05 | 1.2s
epoch 3489 | loss 64.0354 | lr 7.92e-05 | 1.2s
epoch 3490 | loss 63.7076 | lr 7.88e-05 | 1.2s
epoch 3491 | loss 63.7967 | lr 7.85e-05 | 1.2s
epoch 3492 | loss 64.2415 | lr 7.82e-05 | 1.2s
epoch 3493 | loss 64.5012 | lr 7.79e-05 | 1.2s
epoch 3494 | loss 63.8178 | lr 7.76e-05 | 1.2s
epoch 3495 | loss 63.8037 | lr 7.73e-05 | 1.2s
epoch 3496 | loss 64.3240 | lr 7.70e-05 | 1.2s
epoch 3497 | loss 63.4269 | lr 7.67e-05 | 1.2s
epoch 3498 | loss 64.0746 | lr 7.64e-05 | 1.2s
epoch 3499 | loss 63.8837 | lr 7.61e-05 | 1.2s
epoch 3500 | loss 63.8067 | lr 7.58e-05 | 1.2s
epoch 3501 | loss 63.7835 | lr 7.55e-05 | 1.2s
epoch 3502 | loss 63.3732 | lr 7.52e-05 | 1.2s
epoch 3503 | loss 63.6632 | lr 7.49e-05 | 1.3s
epoch 3504 | loss 64.0287 | lr 7.46e-05 | 1.2s
epoch 3505 | loss 63.8724 | lr 7.43e-05 | 1.2s
epoch 3506 | loss 64.1384 | lr 7.40e-05 | 1.2s
epoch 3507 | loss 63.6865 | lr 7.37e-05 | 1.2s
epoch 3508 | loss 63.6357 | lr 7.34e-05 | 1.2s
epoch 3509 | loss 63.6410 | lr 7.31e-05 | 1.2s
epoch 3510 | loss 63.9102 | lr 7.28e-05 | 1.2s
epoch 3511 | loss 63.9303 | lr 7.26e-05 | 1.2s
epoch 3512 | loss 64.1291 | lr 7.23e-05 | 1.2s
epoch 3513 | loss 63.6043 | lr 7.20e-05 | 1.2s
epoch 3514 | loss 64.2499 | lr 7.17e-05 | 1.2s
epoch 3515 | loss 64.0269 | lr 7.14e-05 | 1.2s
epoch 3516 | loss 64.2705 | lr 7.11e-05 | 1.2s
epoch 3517 | loss 63.9248 | lr 7.08e-05 | 1.2s
epoch 3518 | loss 64.0636 | lr 7.05e-05 | 1.2s
epoch 3519 | loss 63.9030 | lr 7.02e-05 | 1.2s
epoch 3520 | loss 63.6152 | lr 6.99e-05 | 1.2s
epoch 3521 | loss 63.7935 | lr 6.96e-05 | 1.2s
epoch 3522 | loss 63.9990 | lr 6.94e-05 | 1.2s
epoch 3523 | loss 64.3639 | lr 6.91e-05 | 1.2s
epoch 3524 | loss 63.9003 | lr 6.88e-05 | 1.2s
epoch 3525 | loss 63.2419 | lr 6.85e-05 | 1.2s
epoch 3526 | loss 64.0570 | lr 6.82e-05 | 1.2s
epoch 3527 | loss 64.0728 | lr 6.79e-05 | 1.2s
epoch 3528 | loss 63.7857 | lr 6.76e-05 | 1.2s
epoch 3529 | loss 63.5684 | lr 6.74e-05 | 1.2s
epoch 3530 | loss 64.3685 | lr 6.71e-05 | 1.2s
epoch 3531 | loss 64.0044 | lr 6.68e-05 | 1.2s
epoch 3532 | loss 63.8603 | lr 6.65e-05 | 1.2s
epoch 3533 | loss 63.4831 | lr 6.62e-05 | 1.2s
epoch 3534 | loss 65.1146 | lr 6.60e-05 | 1.2s
epoch 3535 | loss 64.0551 | lr 6.57e-05 | 1.2s
epoch 3536 | loss 63.8850 | lr 6.54e-05 | 1.2s
epoch 3537 | loss 63.6087 | lr 6.51e-05 | 1.2s
epoch 3538 | loss 63.8221 | lr 6.48e-05 | 1.2s
epoch 3539 | loss 63.7797 | lr 6.46e-05 | 1.2s
epoch 3540 | loss 63.9673 | lr 6.43e-05 | 1.2s
epoch 3541 | loss 64.0856 | lr 6.40e-05 | 1.2s
epoch 3542 | loss 63.7633 | lr 6.37e-05 | 1.2s
epoch 3543 | loss 64.2685 | lr 6.35e-05 | 1.2s
epoch 3544 | loss 63.6134 | lr 6.32e-05 | 1.2s
epoch 3545 | loss 63.3414 | lr 6.29e-05 | 1.2s
epoch 3546 | loss 63.7832 | lr 6.26e-05 | 1.2s
epoch 3547 | loss 63.6566 | lr 6.24e-05 | 1.2s
epoch 3548 | loss 63.5258 | lr 6.21e-05 | 1.2s
epoch 3549 | loss 63.7990 | lr 6.18e-05 | 1.2s
epoch 3550 | loss 64.6113 | lr 6.15e-05 | 1.2s
epoch 3551 | loss 63.7854 | lr 6.13e-05 | 1.2s
epoch 3552 | loss 64.3571 | lr 6.10e-05 | 1.2s
epoch 3553 | loss 64.2388 | lr 6.07e-05 | 1.2s
epoch 3554 | loss 63.4091 | lr 6.05e-05 | 1.2s
epoch 3555 | loss 63.6480 | lr 6.02e-05 | 1.2s
epoch 3556 | loss 63.9221 | lr 5.99e-05 | 1.2s
epoch 3557 | loss 64.1828 | lr 5.97e-05 | 1.2s
epoch 3558 | loss 64.0989 | lr 5.94e-05 | 1.2s
epoch 3559 | loss 63.7550 | lr 5.91e-05 | 1.2s
epoch 3560 | loss 64.1592 | lr 5.89e-05 | 1.2s
epoch 3561 | loss 64.4504 | lr 5.86e-05 | 1.2s
epoch 3562 | loss 64.5022 | lr 5.83e-05 | 1.2s
epoch 3563 | loss 63.9971 | lr 5.81e-05 | 1.2s
epoch 3564 | loss 64.3547 | lr 5.78e-05 | 1.2s
epoch 3565 | loss 63.9846 | lr 5.75e-05 | 1.2s
epoch 3566 | loss 64.2055 | lr 5.73e-05 | 1.2s
epoch 3567 | loss 63.6592 | lr 5.70e-05 | 1.2s
epoch 3568 | loss 64.1383 | lr 5.67e-05 | 1.2s
epoch 3569 | loss 63.8912 | lr 5.65e-05 | 1.2s
epoch 3570 | loss 64.1234 | lr 5.62e-05 | 1.2s
epoch 3571 | loss 63.9002 | lr 5.60e-05 | 1.2s
epoch 3572 | loss 63.4384 | lr 5.57e-05 | 1.2s
epoch 3573 | loss 63.5941 | lr 5.55e-05 | 1.2s
epoch 3574 | loss 63.7653 | lr 5.52e-05 | 1.2s
epoch 3575 | loss 64.6176 | lr 5.49e-05 | 1.2s
epoch 3576 | loss 63.9372 | lr 5.47e-05 | 1.2s
epoch 3577 | loss 63.8894 | lr 5.44e-05 | 1.2s
epoch 3578 | loss 63.6020 | lr 5.42e-05 | 1.2s
epoch 3579 | loss 64.6065 | lr 5.39e-05 | 1.2s
epoch 3580 | loss 63.5841 | lr 5.37e-05 | 1.2s
epoch 3581 | loss 64.0638 | lr 5.34e-05 | 1.2s
epoch 3582 | loss 63.5949 | lr 5.32e-05 | 1.2s
epoch 3583 | loss 63.6961 | lr 5.29e-05 | 1.2s
epoch 3584 | loss 64.5088 | lr 5.26e-05 | 1.2s
epoch 3585 | loss 64.2024 | lr 5.24e-05 | 1.2s
epoch 3586 | loss 63.8654 | lr 5.21e-05 | 1.2s
epoch 3587 | loss 63.7094 | lr 5.19e-05 | 1.2s
epoch 3588 | loss 63.8262 | lr 5.16e-05 | 1.2s
epoch 3589 | loss 64.1553 | lr 5.14e-05 | 1.2s
epoch 3590 | loss 63.0648 | lr 5.12e-05 | 1.2s
epoch 3591 | loss 64.2218 | lr 5.09e-05 | 1.2s
epoch 3592 | loss 63.7479 | lr 5.07e-05 | 1.2s
epoch 3593 | loss 64.2848 | lr 5.04e-05 | 1.2s
epoch 3594 | loss 64.1209 | lr 5.02e-05 | 1.2s
epoch 3595 | loss 63.9798 | lr 4.99e-05 | 1.2s
epoch 3596 | loss 63.5731 | lr 4.97e-05 | 1.2s
epoch 3597 | loss 64.0225 | lr 4.94e-05 | 1.2s
epoch 3598 | loss 63.8587 | lr 4.92e-05 | 1.2s
epoch 3599 | loss 64.4648 | lr 4.89e-05 | 1.2s
epoch 3600 | loss 63.2983 | lr 4.87e-05 | 1.2s
epoch 3601 | loss 64.0318 | lr 4.85e-05 | 1.2s
epoch 3602 | loss 63.5483 | lr 4.82e-05 | 1.2s
epoch 3603 | loss 64.1325 | lr 4.80e-05 | 1.2s
epoch 3604 | loss 63.6590 | lr 4.77e-05 | 1.2s
epoch 3605 | loss 64.1015 | lr 4.75e-05 | 1.2s
epoch 3606 | loss 64.0493 | lr 4.73e-05 | 1.2s
epoch 3607 | loss 64.8986 | lr 4.70e-05 | 1.2s
epoch 3608 | loss 63.7529 | lr 4.68e-05 | 1.2s
epoch 3609 | loss 64.0563 | lr 4.65e-05 | 1.2s
epoch 3610 | loss 63.4537 | lr 4.63e-05 | 1.2s
epoch 3611 | loss 63.8492 | lr 4.61e-05 | 1.2s
epoch 3612 | loss 63.8219 | lr 4.58e-05 | 1.2s
epoch 3613 | loss 64.1366 | lr 4.56e-05 | 1.2s
epoch 3614 | loss 63.6410 | lr 4.54e-05 | 1.2s
epoch 3615 | loss 63.6585 | lr 4.51e-05 | 1.2s
epoch 3616 | loss 63.7410 | lr 4.49e-05 | 1.2s
epoch 3617 | loss 64.1758 | lr 4.47e-05 | 1.2s
epoch 3618 | loss 64.2306 | lr 4.44e-05 | 1.2s
epoch 3619 | loss 63.5994 | lr 4.42e-05 | 1.3s
epoch 3620 | loss 63.6035 | lr 4.40e-05 | 1.2s
epoch 3621 | loss 64.0417 | lr 4.37e-05 | 1.2s
epoch 3622 | loss 64.1158 | lr 4.35e-05 | 1.2s
epoch 3623 | loss 64.7650 | lr 4.33e-05 | 1.2s
epoch 3624 | loss 63.8112 | lr 4.31e-05 | 1.2s
epoch 3625 | loss 63.4256 | lr 4.28e-05 | 1.2s
epoch 3626 | loss 64.1287 | lr 4.26e-05 | 1.2s
epoch 3627 | loss 64.1825 | lr 4.24e-05 | 1.2s
epoch 3628 | loss 64.1449 | lr 4.22e-05 | 1.2s
epoch 3629 | loss 63.6270 | lr 4.19e-05 | 1.2s
epoch 3630 | loss 63.3036 | lr 4.17e-05 | 1.2s
epoch 3631 | loss 63.8090 | lr 4.15e-05 | 1.2s
epoch 3632 | loss 63.2287 | lr 4.13e-05 | 1.2s
epoch 3633 | loss 63.9771 | lr 4.10e-05 | 1.2s
epoch 3634 | loss 63.6506 | lr 4.08e-05 | 1.2s
epoch 3635 | loss 63.9937 | lr 4.06e-05 | 1.2s
epoch 3636 | loss 63.8030 | lr 4.04e-05 | 1.2s
epoch 3637 | loss 64.0607 | lr 4.01e-05 | 1.2s
epoch 3638 | loss 64.2650 | lr 3.99e-05 | 1.2s
epoch 3639 | loss 64.0360 | lr 3.97e-05 | 1.2s
epoch 3640 | loss 64.2671 | lr 3.95e-05 | 1.2s
epoch 3641 | loss 64.0072 | lr 3.93e-05 | 1.2s
epoch 3642 | loss 64.2770 | lr 3.91e-05 | 1.2s
epoch 3643 | loss 63.6213 | lr 3.88e-05 | 1.2s
epoch 3644 | loss 63.1453 | lr 3.86e-05 | 1.2s
epoch 3645 | loss 64.5269 | lr 3.84e-05 | 1.2s
epoch 3646 | loss 63.5124 | lr 3.82e-05 | 1.2s
epoch 3647 | loss 64.2037 | lr 3.80e-05 | 1.2s
epoch 3648 | loss 63.8224 | lr 3.78e-05 | 1.2s
epoch 3649 | loss 63.7492 | lr 3.75e-05 | 1.2s
epoch 3650 | loss 64.6232 | lr 3.73e-05 | 1.2s
epoch 3651 | loss 63.6549 | lr 3.71e-05 | 1.2s
epoch 3652 | loss 63.6128 | lr 3.69e-05 | 1.2s
epoch 3653 | loss 64.3061 | lr 3.67e-05 | 1.2s
epoch 3654 | loss 63.9909 | lr 3.65e-05 | 1.2s
epoch 3655 | loss 63.7763 | lr 3.63e-05 | 1.2s
epoch 3656 | loss 64.6692 | lr 3.61e-05 | 1.2s
epoch 3657 | loss 64.0990 | lr 3.59e-05 | 1.2s
epoch 3658 | loss 63.1763 | lr 3.57e-05 | 1.2s
epoch 3659 | loss 63.4941 | lr 3.54e-05 | 1.2s
epoch 3660 | loss 63.8954 | lr 3.52e-05 | 1.2s
epoch 3661 | loss 64.3711 | lr 3.50e-05 | 1.2s
epoch 3662 | loss 63.9116 | lr 3.48e-05 | 1.2s
epoch 3663 | loss 64.4164 | lr 3.46e-05 | 1.2s
epoch 3664 | loss 63.7408 | lr 3.44e-05 | 1.2s
epoch 3665 | loss 63.2105 | lr 3.42e-05 | 1.2s
epoch 3666 | loss 63.9775 | lr 3.40e-05 | 1.2s
epoch 3667 | loss 64.2975 | lr 3.38e-05 | 1.2s
epoch 3668 | loss 63.9891 | lr 3.36e-05 | 1.2s
epoch 3669 | loss 63.9756 | lr 3.34e-05 | 1.2s
epoch 3670 | loss 63.6555 | lr 3.32e-05 | 1.2s
epoch 3671 | loss 63.5915 | lr 3.30e-05 | 1.2s
epoch 3672 | loss 63.8226 | lr 3.28e-05 | 1.2s
epoch 3673 | loss 63.9589 | lr 3.26e-05 | 1.2s
epoch 3674 | loss 64.3908 | lr 3.24e-05 | 1.2s
epoch 3675 | loss 64.3980 | lr 3.22e-05 | 1.2s
epoch 3676 | loss 64.7744 | lr 3.20e-05 | 1.2s
epoch 3677 | loss 64.5108 | lr 3.18e-05 | 1.2s
epoch 3678 | loss 64.0672 | lr 3.16e-05 | 1.2s
epoch 3679 | loss 64.1364 | lr 3.14e-05 | 1.2s
epoch 3680 | loss 63.9971 | lr 3.12e-05 | 1.2s
epoch 3681 | loss 63.9692 | lr 3.10e-05 | 1.2s
epoch 3682 | loss 63.9338 | lr 3.08e-05 | 1.2s
epoch 3683 | loss 63.9406 | lr 3.06e-05 | 1.2s
epoch 3684 | loss 63.5772 | lr 3.04e-05 | 1.2s
epoch 3685 | loss 63.6101 | lr 3.03e-05 | 1.2s
epoch 3686 | loss 64.4616 | lr 3.01e-05 | 1.2s
epoch 3687 | loss 64.5111 | lr 2.99e-05 | 1.2s
epoch 3688 | loss 64.2633 | lr 2.97e-05 | 1.2s
epoch 3689 | loss 63.8951 | lr 2.95e-05 | 1.2s
epoch 3690 | loss 63.6657 | lr 2.93e-05 | 1.2s
epoch 3691 | loss 63.9593 | lr 2.91e-05 | 1.2s
epoch 3692 | loss 64.4263 | lr 2.89e-05 | 1.2s
epoch 3693 | loss 63.9147 | lr 2.87e-05 | 1.2s
epoch 3694 | loss 64.6592 | lr 2.86e-05 | 1.2s
epoch 3695 | loss 64.0309 | lr 2.84e-05 | 1.2s
epoch 3696 | loss 63.9886 | lr 2.82e-05 | 1.2s
epoch 3697 | loss 64.2792 | lr 2.80e-05 | 1.2s
epoch 3698 | loss 64.1756 | lr 2.78e-05 | 1.2s
epoch 3699 | loss 63.5188 | lr 2.76e-05 | 1.2s
epoch 3700 | loss 64.3328 | lr 2.74e-05 | 1.2s
epoch 3701 | loss 63.8940 | lr 2.73e-05 | 1.2s
epoch 3702 | loss 63.8644 | lr 2.71e-05 | 1.2s
epoch 3703 | loss 63.6006 | lr 2.69e-05 | 1.2s
epoch 3704 | loss 63.8125 | lr 2.67e-05 | 1.2s
epoch 3705 | loss 63.8635 | lr 2.65e-05 | 1.2s
epoch 3706 | loss 64.0191 | lr 2.64e-05 | 1.2s
epoch 3707 | loss 64.3230 | lr 2.62e-05 | 1.2s
epoch 3708 | loss 64.4079 | lr 2.60e-05 | 1.2s
epoch 3709 | loss 63.8126 | lr 2.58e-05 | 1.2s
epoch 3710 | loss 64.7992 | lr 2.56e-05 | 1.2s
epoch 3711 | loss 64.1699 | lr 2.55e-05 | 1.2s
epoch 3712 | loss 64.1174 | lr 2.53e-05 | 1.2s
epoch 3713 | loss 64.7422 | lr 2.51e-05 | 1.2s
epoch 3714 | loss 63.7488 | lr 2.49e-05 | 1.2s
epoch 3715 | loss 64.2066 | lr 2.48e-05 | 1.2s
epoch 3716 | loss 64.4170 | lr 2.46e-05 | 1.2s
epoch 3717 | loss 64.1274 | lr 2.44e-05 | 1.2s
epoch 3718 | loss 63.8693 | lr 2.43e-05 | 1.2s
epoch 3719 | loss 63.5755 | lr 2.41e-05 | 1.2s
epoch 3720 | loss 62.7201 | lr 2.39e-05 | 1.2s
epoch 3721 | loss 64.0987 | lr 2.37e-05 | 1.2s
epoch 3722 | loss 64.4610 | lr 2.36e-05 | 1.2s
epoch 3723 | loss 63.9416 | lr 2.34e-05 | 1.2s
epoch 3724 | loss 64.1324 | lr 2.32e-05 | 1.2s
epoch 3725 | loss 64.0358 | lr 2.31e-05 | 1.2s
epoch 3726 | loss 64.8534 | lr 2.29e-05 | 1.2s
epoch 3727 | loss 63.9454 | lr 2.27e-05 | 1.2s
epoch 3728 | loss 64.1310 | lr 2.26e-05 | 1.2s
epoch 3729 | loss 64.1023 | lr 2.24e-05 | 1.2s
epoch 3730 | loss 63.8126 | lr 2.22e-05 | 1.2s
epoch 3731 | loss 64.1286 | lr 2.21e-05 | 1.2s
epoch 3732 | loss 64.0793 | lr 2.19e-05 | 1.2s
epoch 3733 | loss 64.2927 | lr 2.17e-05 | 1.2s
epoch 3734 | loss 63.6621 | lr 2.16e-05 | 1.2s
epoch 3735 | loss 63.5618 | lr 2.14e-05 | 1.2s
epoch 3736 | loss 64.1006 | lr 2.13e-05 | 1.2s
epoch 3737 | loss 63.9206 | lr 2.11e-05 | 1.2s
epoch 3738 | loss 63.8503 | lr 2.09e-05 | 1.2s
epoch 3739 | loss 64.3157 | lr 2.08e-05 | 1.2s
epoch 3740 | loss 64.3602 | lr 2.06e-05 | 1.2s
epoch 3741 | loss 63.7922 | lr 2.05e-05 | 1.2s
epoch 3742 | loss 63.7396 | lr 2.03e-05 | 1.2s
epoch 3743 | loss 63.9715 | lr 2.01e-05 | 1.2s
epoch 3744 | loss 63.6981 | lr 2.00e-05 | 1.2s
epoch 3745 | loss 63.9086 | lr 1.98e-05 | 1.2s
epoch 3746 | loss 64.1736 | lr 1.97e-05 | 1.2s
epoch 3747 | loss 64.3744 | lr 1.95e-05 | 1.2s
epoch 3748 | loss 63.5687 | lr 1.94e-05 | 1.2s
epoch 3749 | loss 64.0915 | lr 1.92e-05 | 1.2s
epoch 3750 | loss 64.3196 | lr 1.91e-05 | 1.2s
epoch 3751 | loss 63.9651 | lr 1.89e-05 | 1.2s
epoch 3752 | loss 64.3770 | lr 1.88e-05 | 1.2s
epoch 3753 | loss 63.8063 | lr 1.86e-05 | 1.2s
epoch 3754 | loss 63.9744 | lr 1.85e-05 | 1.2s
epoch 3755 | loss 63.7488 | lr 1.83e-05 | 1.2s
epoch 3756 | loss 64.2723 | lr 1.82e-05 | 1.2s
epoch 3757 | loss 64.3617 | lr 1.80e-05 | 1.2s
epoch 3758 | loss 63.8216 | lr 1.79e-05 | 1.2s
epoch 3759 | loss 64.3277 | lr 1.77e-05 | 1.2s
epoch 3760 | loss 63.6497 | lr 1.76e-05 | 1.2s
epoch 3761 | loss 64.4360 | lr 1.74e-05 | 1.2s
epoch 3762 | loss 64.2115 | lr 1.73e-05 | 1.2s
epoch 3763 | loss 63.9677 | lr 1.71e-05 | 1.2s
epoch 3764 | loss 64.3286 | lr 1.70e-05 | 1.2s
epoch 3765 | loss 64.1152 | lr 1.68e-05 | 1.2s
epoch 3766 | loss 65.0172 | lr 1.67e-05 | 1.2s
epoch 3767 | loss 63.8688 | lr 1.66e-05 | 1.2s
epoch 3768 | loss 63.9782 | lr 1.64e-05 | 1.2s
epoch 3769 | loss 63.8351 | lr 1.63e-05 | 1.2s
epoch 3770 | loss 63.5119 | lr 1.61e-05 | 1.2s
epoch 3771 | loss 64.1271 | lr 1.60e-05 | 1.2s
epoch 3772 | loss 63.4127 | lr 1.59e-05 | 1.2s
epoch 3773 | loss 63.7547 | lr 1.57e-05 | 1.2s
epoch 3774 | loss 64.0119 | lr 1.56e-05 | 1.2s
epoch 3775 | loss 63.8550 | lr 1.54e-05 | 1.2s
epoch 3776 | loss 64.2558 | lr 1.53e-05 | 1.2s
epoch 3777 | loss 64.3030 | lr 1.52e-05 | 1.2s
epoch 3778 | loss 63.1768 | lr 1.50e-05 | 1.2s
epoch 3779 | loss 64.2297 | lr 1.49e-05 | 1.2s
epoch 3780 | loss 63.8288 | lr 1.48e-05 | 1.2s
epoch 3781 | loss 63.4275 | lr 1.46e-05 | 1.2s
epoch 3782 | loss 63.6655 | lr 1.45e-05 | 1.2s
epoch 3783 | loss 64.5272 | lr 1.44e-05 | 1.2s
epoch 3784 | loss 63.8883 | lr 1.42e-05 | 1.2s
epoch 3785 | loss 63.8935 | lr 1.41e-05 | 1.2s
epoch 3786 | loss 63.1697 | lr 1.40e-05 | 1.2s
epoch 3787 | loss 64.5221 | lr 1.38e-05 | 1.2s
epoch 3788 | loss 63.7205 | lr 1.37e-05 | 1.2s
epoch 3789 | loss 63.7247 | lr 1.36e-05 | 1.2s
epoch 3790 | loss 63.6926 | lr 1.34e-05 | 1.2s
epoch 3791 | loss 64.1640 | lr 1.33e-05 | 1.2s
epoch 3792 | loss 64.0999 | lr 1.32e-05 | 1.2s
epoch 3793 | loss 63.9057 | lr 1.31e-05 | 1.2s
epoch 3794 | loss 64.3203 | lr 1.29e-05 | 1.2s
epoch 3795 | loss 64.5308 | lr 1.28e-05 | 1.2s
epoch 3796 | loss 64.1202 | lr 1.27e-05 | 1.2s
epoch 3797 | loss 64.1053 | lr 1.26e-05 | 1.2s
epoch 3798 | loss 64.3111 | lr 1.24e-05 | 1.2s
epoch 3799 | loss 63.3682 | lr 1.23e-05 | 1.2s
epoch 3800 | loss 64.0329 | lr 1.22e-05 | 1.2s
epoch 3801 | loss 64.4947 | lr 1.21e-05 | 1.2s
epoch 3802 | loss 64.0764 | lr 1.19e-05 | 1.2s
epoch 3803 | loss 63.7448 | lr 1.18e-05 | 1.2s
epoch 3804 | loss 64.3281 | lr 1.17e-05 | 1.2s
epoch 3805 | loss 63.8575 | lr 1.16e-05 | 1.2s
epoch 3806 | loss 63.9536 | lr 1.15e-05 | 1.2s
epoch 3807 | loss 63.6411 | lr 1.13e-05 | 1.2s
epoch 3808 | loss 64.0685 | lr 1.12e-05 | 1.2s
epoch 3809 | loss 64.0181 | lr 1.11e-05 | 1.2s
epoch 3810 | loss 63.6221 | lr 1.10e-05 | 1.2s
epoch 3811 | loss 64.6723 | lr 1.09e-05 | 1.2s
epoch 3812 | loss 64.4859 | lr 1.08e-05 | 1.2s
epoch 3813 | loss 63.8624 | lr 1.07e-05 | 1.2s
epoch 3814 | loss 64.2354 | lr 1.05e-05 | 1.2s
epoch 3815 | loss 64.3680 | lr 1.04e-05 | 1.2s
epoch 3816 | loss 63.9090 | lr 1.03e-05 | 1.2s
epoch 3817 | loss 63.7849 | lr 1.02e-05 | 1.2s
epoch 3818 | loss 63.6780 | lr 1.01e-05 | 1.2s
epoch 3819 | loss 63.7220 | lr 9.98e-06 | 1.2s
epoch 3820 | loss 63.7386 | lr 9.87e-06 | 1.2s
epoch 3821 | loss 63.5146 | lr 9.76e-06 | 1.2s
epoch 3822 | loss 64.5583 | lr 9.65e-06 | 1.2s
epoch 3823 | loss 63.4648 | lr 9.54e-06 | 1.2s
epoch 3824 | loss 64.2623 | lr 9.43e-06 | 1.2s
epoch 3825 | loss 64.2151 | lr 9.32e-06 | 1.2s
epoch 3826 | loss 64.0232 | lr 9.22e-06 | 1.2s
epoch 3827 | loss 64.2468 | lr 9.11e-06 | 1.2s
epoch 3828 | loss 64.5261 | lr 9.01e-06 | 1.2s
epoch 3829 | loss 63.6402 | lr 8.90e-06 | 1.2s
epoch 3830 | loss 64.4938 | lr 8.80e-06 | 1.2s
epoch 3831 | loss 63.8649 | lr 8.69e-06 | 1.2s
epoch 3832 | loss 63.8855 | lr 8.59e-06 | 1.2s
epoch 3833 | loss 64.1472 | lr 8.49e-06 | 1.2s
epoch 3834 | loss 64.2767 | lr 8.39e-06 | 1.2s
epoch 3835 | loss 64.0539 | lr 8.28e-06 | 1.2s
epoch 3836 | loss 63.7068 | lr 8.18e-06 | 1.2s
epoch 3837 | loss 63.5609 | lr 8.08e-06 | 1.2s
epoch 3838 | loss 64.4958 | lr 7.98e-06 | 1.2s
epoch 3839 | loss 64.1173 | lr 7.89e-06 | 1.2s
epoch 3840 | loss 64.0477 | lr 7.79e-06 | 1.2s
epoch 3841 | loss 63.7125 | lr 7.69e-06 | 1.2s
epoch 3842 | loss 64.1475 | lr 7.59e-06 | 1.2s
epoch 3843 | loss 64.3109 | lr 7.50e-06 | 1.2s
epoch 3844 | loss 63.7029 | lr 7.40e-06 | 1.2s
epoch 3845 | loss 63.6633 | lr 7.31e-06 | 1.2s
epoch 3846 | loss 64.0385 | lr 7.21e-06 | 1.2s
epoch 3847 | loss 63.8458 | lr 7.12e-06 | 1.2s
epoch 3848 | loss 63.9621 | lr 7.02e-06 | 1.2s
epoch 3849 | loss 63.8305 | lr 6.93e-06 | 1.2s
epoch 3850 | loss 63.3129 | lr 6.84e-06 | 1.2s
epoch 3851 | loss 63.1345 | lr 6.75e-06 | 1.2s
epoch 3852 | loss 64.3607 | lr 6.66e-06 | 1.2s
epoch 3853 | loss 63.9118 | lr 6.57e-06 | 1.2s
epoch 3854 | loss 64.3829 | lr 6.48e-06 | 1.2s
epoch 3855 | loss 63.9007 | lr 6.39e-06 | 1.2s
epoch 3856 | loss 64.3791 | lr 6.30e-06 | 1.2s
epoch 3857 | loss 64.3274 | lr 6.21e-06 | 1.2s
epoch 3858 | loss 63.9403 | lr 6.13e-06 | 1.2s
epoch 3859 | loss 64.2533 | lr 6.04e-06 | 1.2s
epoch 3860 | loss 64.0273 | lr 5.95e-06 | 1.2s
epoch 3861 | loss 63.6850 | lr 5.87e-06 | 1.2s
epoch 3862 | loss 63.9004 | lr 5.78e-06 | 1.2s
epoch 3863 | loss 64.1668 | lr 5.70e-06 | 1.2s
epoch 3864 | loss 64.2153 | lr 5.62e-06 | 1.2s
epoch 3865 | loss 64.2156 | lr 5.53e-06 | 1.2s
epoch 3866 | loss 63.9453 | lr 5.45e-06 | 1.2s
epoch 3867 | loss 64.2668 | lr 5.37e-06 | 1.2s
epoch 3868 | loss 63.4909 | lr 5.29e-06 | 1.2s
epoch 3869 | loss 63.4798 | lr 5.21e-06 | 1.2s
epoch 3870 | loss 64.2354 | lr 5.13e-06 | 1.2s
epoch 3871 | loss 63.8874 | lr 5.05e-06 | 1.2s
epoch 3872 | loss 63.6756 | lr 4.97e-06 | 1.2s
epoch 3873 | loss 63.8301 | lr 4.89e-06 | 1.2s
epoch 3874 | loss 64.0250 | lr 4.82e-06 | 1.2s
epoch 3875 | loss 64.1805 | lr 4.74e-06 | 1.2s
epoch 3876 | loss 63.7432 | lr 4.66e-06 | 1.2s
epoch 3877 | loss 63.6632 | lr 4.59e-06 | 1.3s
epoch 3878 | loss 63.3729 | lr 4.51e-06 | 1.2s
epoch 3879 | loss 64.4401 | lr 4.44e-06 | 1.2s
epoch 3880 | loss 64.3292 | lr 4.36e-06 | 1.2s
epoch 3881 | loss 64.5127 | lr 4.29e-06 | 1.2s
epoch 3882 | loss 64.2611 | lr 4.22e-06 | 1.2s
epoch 3883 | loss 64.0904 | lr 4.15e-06 | 1.2s
epoch 3884 | loss 64.6010 | lr 4.08e-06 | 1.2s
epoch 3885 | loss 63.6402 | lr 4.01e-06 | 1.2s
epoch 3886 | loss 64.3359 | lr 3.94e-06 | 1.2s
epoch 3887 | loss 63.4210 | lr 3.87e-06 | 1.2s
epoch 3888 | loss 64.5131 | lr 3.80e-06 | 1.2s
epoch 3889 | loss 63.5409 | lr 3.73e-06 | 1.2s
epoch 3890 | loss 63.5684 | lr 3.66e-06 | 1.2s
epoch 3891 | loss 63.6200 | lr 3.60e-06 | 1.2s
epoch 3892 | loss 64.1047 | lr 3.53e-06 | 1.2s
epoch 3893 | loss 64.4322 | lr 3.46e-06 | 1.2s
epoch 3894 | loss 64.5442 | lr 3.40e-06 | 1.2s
epoch 3895 | loss 63.7499 | lr 3.33e-06 | 1.2s
epoch 3896 | loss 63.3857 | lr 3.27e-06 | 1.2s
epoch 3897 | loss 63.0861 | lr 3.21e-06 | 1.2s
epoch 3898 | loss 63.7798 | lr 3.14e-06 | 1.2s
epoch 3899 | loss 64.1576 | lr 3.08e-06 | 1.2s
epoch 3900 | loss 63.7667 | lr 3.02e-06 | 1.2s
epoch 3901 | loss 63.2424 | lr 2.96e-06 | 1.2s
epoch 3902 | loss 63.8891 | lr 2.90e-06 | 1.2s
epoch 3903 | loss 63.7821 | lr 2.84e-06 | 1.2s
epoch 3904 | loss 63.7236 | lr 2.78e-06 | 1.2s
epoch 3905 | loss 63.9705 | lr 2.72e-06 | 1.2s
epoch 3906 | loss 63.3580 | lr 2.67e-06 | 1.2s
epoch 3907 | loss 64.0042 | lr 2.61e-06 | 1.2s
epoch 3908 | loss 63.8278 | lr 2.55e-06 | 1.2s
epoch 3909 | loss 63.7017 | lr 2.50e-06 | 1.2s
epoch 3910 | loss 64.0724 | lr 2.44e-06 | 1.2s
epoch 3911 | loss 63.6343 | lr 2.39e-06 | 1.2s
epoch 3912 | loss 63.7661 | lr 2.33e-06 | 1.2s
epoch 3913 | loss 64.5787 | lr 2.28e-06 | 1.2s
epoch 3914 | loss 64.4016 | lr 2.23e-06 | 1.2s
epoch 3915 | loss 64.5293 | lr 2.18e-06 | 1.2s
epoch 3916 | loss 64.6558 | lr 2.12e-06 | 1.2s
epoch 3917 | loss 63.6790 | lr 2.07e-06 | 1.2s
epoch 3918 | loss 63.7562 | lr 2.02e-06 | 1.2s
epoch 3919 | loss 63.9173 | lr 1.97e-06 | 1.2s
epoch 3920 | loss 63.7448 | lr 1.92e-06 | 1.2s
epoch 3921 | loss 63.6370 | lr 1.88e-06 | 1.2s
epoch 3922 | loss 62.9538 | lr 1.83e-06 | 1.2s
epoch 3923 | loss 63.9873 | lr 1.78e-06 | 1.2s
epoch 3924 | loss 64.1891 | lr 1.73e-06 | 1.2s
epoch 3925 | loss 63.5378 | lr 1.69e-06 | 1.2s
epoch 3926 | loss 64.2151 | lr 1.64e-06 | 1.2s
epoch 3927 | loss 64.2721 | lr 1.60e-06 | 1.2s
epoch 3928 | loss 63.9660 | lr 1.55e-06 | 1.2s
epoch 3929 | loss 63.9083 | lr 1.51e-06 | 1.2s
epoch 3930 | loss 64.0501 | lr 1.47e-06 | 1.2s
epoch 3931 | loss 64.0654 | lr 1.43e-06 | 1.2s
epoch 3932 | loss 63.6321 | lr 1.38e-06 | 1.2s
epoch 3933 | loss 63.9125 | lr 1.34e-06 | 1.2s
epoch 3934 | loss 64.6099 | lr 1.30e-06 | 1.2s
epoch 3935 | loss 64.0504 | lr 1.26e-06 | 1.2s
epoch 3936 | loss 64.0970 | lr 1.22e-06 | 1.2s
epoch 3937 | loss 64.2388 | lr 1.19e-06 | 1.2s
epoch 3938 | loss 63.6992 | lr 1.15e-06 | 1.2s
epoch 3939 | loss 63.7578 | lr 1.11e-06 | 1.2s
epoch 3940 | loss 63.6500 | lr 1.07e-06 | 1.2s
epoch 3941 | loss 63.6852 | lr 1.04e-06 | 1.2s
epoch 3942 | loss 64.2601 | lr 1.00e-06 | 1.2s
epoch 3943 | loss 64.1343 | lr 9.67e-07 | 1.2s
epoch 3944 | loss 63.9549 | lr 9.33e-07 | 1.2s
epoch 3945 | loss 64.3270 | lr 8.99e-07 | 1.2s
epoch 3946 | loss 64.0193 | lr 8.66e-07 | 1.2s
epoch 3947 | loss 64.2781 | lr 8.34e-07 | 1.2s
epoch 3948 | loss 64.4963 | lr 8.02e-07 | 1.2s
epoch 3949 | loss 64.5089 | lr 7.71e-07 | 1.1s
epoch 3950 | loss 64.1317 | lr 7.40e-07 | 1.2s
epoch 3951 | loss 64.1331 | lr 7.11e-07 | 1.2s
epoch 3952 | loss 63.4788 | lr 6.81e-07 | 1.2s
epoch 3953 | loss 64.0011 | lr 6.53e-07 | 1.2s
epoch 3954 | loss 64.5324 | lr 6.24e-07 | 1.2s
epoch 3955 | loss 63.7752 | lr 5.97e-07 | 1.2s
epoch 3956 | loss 64.2163 | lr 5.70e-07 | 1.2s
epoch 3957 | loss 64.0369 | lr 5.44e-07 | 1.2s
epoch 3958 | loss 63.8088 | lr 5.18e-07 | 1.2s
epoch 3959 | loss 63.6580 | lr 4.93e-07 | 1.2s
epoch 3960 | loss 64.1775 | lr 4.69e-07 | 1.2s
epoch 3961 | loss 64.3696 | lr 4.45e-07 | 1.2s
epoch 3962 | loss 63.6735 | lr 4.22e-07 | 1.2s
epoch 3963 | loss 64.0217 | lr 4.00e-07 | 1.2s
epoch 3964 | loss 64.3108 | lr 3.78e-07 | 1.2s
epoch 3965 | loss 64.2024 | lr 3.57e-07 | 1.2s
epoch 3966 | loss 65.2045 | lr 3.36e-07 | 1.2s
epoch 3967 | loss 64.0048 | lr 3.16e-07 | 1.2s
epoch 3968 | loss 63.5985 | lr 2.96e-07 | 1.2s
epoch 3969 | loss 63.9973 | lr 2.78e-07 | 1.2s
epoch 3970 | loss 63.9137 | lr 2.59e-07 | 1.2s
epoch 3971 | loss 63.3769 | lr 2.42e-07 | 1.2s
epoch 3972 | loss 63.8234 | lr 2.25e-07 | 1.2s
epoch 3973 | loss 63.7850 | lr 2.08e-07 | 1.2s
epoch 3974 | loss 64.2939 | lr 1.93e-07 | 1.2s
epoch 3975 | loss 63.9377 | lr 1.78e-07 | 1.2s
epoch 3976 | loss 63.1501 | lr 1.63e-07 | 1.2s
epoch 3977 | loss 64.2183 | lr 1.49e-07 | 1.2s
epoch 3978 | loss 63.6478 | lr 1.36e-07 | 1.2s
epoch 3979 | loss 64.0468 | lr 1.23e-07 | 1.2s
epoch 3980 | loss 63.8410 | lr 1.11e-07 | 1.2s
epoch 3981 | loss 64.1425 | lr 9.99e-08 | 1.2s
epoch 3982 | loss 63.8864 | lr 8.91e-08 | 1.2s
epoch 3983 | loss 63.6925 | lr 7.90e-08 | 1.2s
epoch 3984 | loss 63.9665 | lr 6.94e-08 | 1.2s
epoch 3985 | loss 63.5062 | lr 6.05e-08 | 1.2s
epoch 3986 | loss 63.9377 | lr 5.21e-08 | 1.2s
epoch 3987 | loss 64.7802 | lr 4.44e-08 | 1.2s
epoch 3988 | loss 64.3440 | lr 3.73e-08 | 1.2s
epoch 3989 | loss 63.6090 | lr 3.08e-08 | 1.2s
epoch 3990 | loss 63.6528 | lr 2.50e-08 | 1.2s
epoch 3991 | loss 64.5214 | lr 1.97e-08 | 1.2s
epoch 3992 | loss 63.9023 | lr 1.51e-08 | 1.2s
epoch 3993 | loss 64.0720 | lr 1.11e-08 | 1.2s
epoch 3994 | loss 64.5294 | lr 7.71e-09 | 1.2s
epoch 3995 | loss 63.8972 | lr 4.93e-09 | 1.3s
epoch 3996 | loss 63.9759 | lr 2.78e-09 | 1.2s
epoch 3997 | loss 63.8188 | lr 1.23e-09 | 1.2s
epoch 3998 | loss 64.2260 | lr 3.08e-10 | 1.2s
epoch 3999 | loss 64.2195 | lr 0.00e+00 | 1.2s
final loss: 64.2195
