model params: 6,045,569
device: cuda
puzzle: state_size=120 moves=24
training: {'n_epochs': 4000, 'samples_per_epoch': 1000000, 'batch_size': 16384, 'k_max': 100, 'lr': 0.002, 'weight_decay': 0.0, 'checkpoint_every_epochs': 200, 'n_back': 1, 'loss': 'mse', 'amp': True, 'compile_model': True, 'fused_optimizer': True, 'device': 'cuda', 'seed': 20}
W0424 16:03:46.304000 1650 torch/_inductor/utils.py:1613] [0/0] Not enough SMs to use max_autotune_gemm mode
epoch    0 | loss 964.0644 | lr 2.00e-03 | 16.6s
epoch    1 | loss 299.2955 | lr 2.00e-03 | 1.3s
epoch    2 | loss 209.2645 | lr 2.00e-03 | 1.3s
epoch    3 | loss 203.3433 | lr 2.00e-03 | 1.3s
epoch    4 | loss 202.1944 | lr 2.00e-03 | 1.3s
epoch    5 | loss 199.9437 | lr 2.00e-03 | 1.3s
epoch    6 | loss 194.7464 | lr 2.00e-03 | 1.3s
epoch    7 | loss 186.1051 | lr 2.00e-03 | 1.3s
epoch    8 | loss 184.8381 | lr 2.00e-03 | 1.3s
epoch    9 | loss 175.5615 | lr 2.00e-03 | 1.3s
epoch   10 | loss 173.8871 | lr 2.00e-03 | 1.3s
epoch   11 | loss 171.2641 | lr 2.00e-03 | 1.3s
epoch   12 | loss 167.5204 | lr 2.00e-03 | 1.3s
epoch   13 | loss 168.3278 | lr 2.00e-03 | 1.3s
epoch   14 | loss 166.6681 | lr 2.00e-03 | 1.3s
epoch   15 | loss 164.5537 | lr 2.00e-03 | 1.3s
epoch   16 | loss 167.7381 | lr 2.00e-03 | 1.3s
epoch   17 | loss 159.7820 | lr 2.00e-03 | 1.3s
epoch   18 | loss 163.4721 | lr 2.00e-03 | 1.3s
epoch   19 | loss 162.5795 | lr 2.00e-03 | 1.3s
epoch   20 | loss 160.7770 | lr 2.00e-03 | 1.3s
epoch   21 | loss 159.1355 | lr 2.00e-03 | 1.3s
epoch   22 | loss 158.6629 | lr 2.00e-03 | 1.3s
epoch   23 | loss 158.3142 | lr 2.00e-03 | 1.3s
epoch   24 | loss 161.3852 | lr 2.00e-03 | 1.3s
epoch   25 | loss 160.3951 | lr 2.00e-03 | 1.3s
epoch   26 | loss 159.8233 | lr 2.00e-03 | 1.3s
epoch   27 | loss 158.6257 | lr 2.00e-03 | 1.3s
epoch   28 | loss 159.2647 | lr 2.00e-03 | 1.3s
epoch   29 | loss 158.3419 | lr 2.00e-03 | 1.3s
epoch   30 | loss 157.7908 | lr 2.00e-03 | 1.3s
epoch   31 | loss 158.3129 | lr 2.00e-03 | 1.3s
epoch   32 | loss 158.5287 | lr 2.00e-03 | 1.3s
epoch   33 | loss 156.3603 | lr 2.00e-03 | 1.3s
epoch   34 | loss 158.9032 | lr 2.00e-03 | 1.3s
epoch   35 | loss 156.4622 | lr 2.00e-03 | 1.3s
epoch   36 | loss 155.4763 | lr 2.00e-03 | 1.3s
epoch   37 | loss 154.7258 | lr 2.00e-03 | 1.3s
epoch   38 | loss 155.8745 | lr 2.00e-03 | 1.3s
epoch   39 | loss 156.2788 | lr 2.00e-03 | 1.3s
epoch   40 | loss 156.0836 | lr 2.00e-03 | 1.3s
epoch   41 | loss 155.0859 | lr 2.00e-03 | 1.3s
epoch   42 | loss 154.6377 | lr 2.00e-03 | 1.3s
epoch   43 | loss 154.4460 | lr 2.00e-03 | 1.3s
epoch   44 | loss 154.3605 | lr 2.00e-03 | 1.3s
epoch   45 | loss 154.9296 | lr 2.00e-03 | 1.3s
epoch   46 | loss 152.7113 | lr 2.00e-03 | 1.3s
epoch   47 | loss 155.2072 | lr 2.00e-03 | 1.3s
epoch   48 | loss 152.8972 | lr 2.00e-03 | 1.3s
epoch   49 | loss 153.3217 | lr 2.00e-03 | 1.3s
epoch   50 | loss 152.2184 | lr 2.00e-03 | 1.3s
epoch   51 | loss 153.4742 | lr 2.00e-03 | 1.3s
epoch   52 | loss 152.2125 | lr 2.00e-03 | 1.3s
epoch   53 | loss 152.7327 | lr 2.00e-03 | 1.3s
epoch   54 | loss 153.0378 | lr 2.00e-03 | 1.3s
epoch   55 | loss 152.5710 | lr 2.00e-03 | 1.3s
epoch   56 | loss 152.8636 | lr 2.00e-03 | 1.3s
epoch   57 | loss 152.5316 | lr 2.00e-03 | 1.3s
epoch   58 | loss 153.3530 | lr 2.00e-03 | 1.3s
epoch   59 | loss 150.6675 | lr 2.00e-03 | 1.3s
epoch   60 | loss 150.3815 | lr 2.00e-03 | 1.3s
epoch   61 | loss 153.0444 | lr 2.00e-03 | 1.3s
epoch   62 | loss 151.0307 | lr 2.00e-03 | 1.3s
epoch   63 | loss 152.0673 | lr 2.00e-03 | 1.3s
epoch   64 | loss 151.6592 | lr 2.00e-03 | 1.3s
epoch   65 | loss 151.2902 | lr 2.00e-03 | 1.3s
epoch   66 | loss 151.2446 | lr 2.00e-03 | 1.3s
epoch   67 | loss 151.0800 | lr 2.00e-03 | 1.3s
epoch   68 | loss 152.5741 | lr 2.00e-03 | 1.3s
epoch   69 | loss 149.9468 | lr 2.00e-03 | 1.3s
epoch   70 | loss 150.7667 | lr 2.00e-03 | 1.3s
epoch   71 | loss 150.3624 | lr 2.00e-03 | 1.3s
epoch   72 | loss 147.4579 | lr 2.00e-03 | 1.3s
epoch   73 | loss 150.0562 | lr 2.00e-03 | 1.3s
epoch   74 | loss 150.8755 | lr 2.00e-03 | 1.3s
epoch   75 | loss 151.0085 | lr 2.00e-03 | 1.3s
epoch   76 | loss 150.5890 | lr 2.00e-03 | 1.3s
epoch   77 | loss 149.1508 | lr 2.00e-03 | 1.3s
epoch   78 | loss 149.4020 | lr 2.00e-03 | 1.3s
epoch   79 | loss 149.4189 | lr 2.00e-03 | 1.3s
epoch   80 | loss 149.8217 | lr 2.00e-03 | 1.3s
epoch   81 | loss 149.7033 | lr 2.00e-03 | 1.3s
epoch   82 | loss 149.4024 | lr 2.00e-03 | 1.3s
epoch   83 | loss 149.0677 | lr 2.00e-03 | 1.3s
epoch   84 | loss 148.9275 | lr 2.00e-03 | 1.3s
epoch   85 | loss 148.3380 | lr 2.00e-03 | 1.3s
epoch   86 | loss 148.6040 | lr 2.00e-03 | 1.3s
epoch   87 | loss 148.7983 | lr 2.00e-03 | 1.3s
epoch   88 | loss 148.1622 | lr 2.00e-03 | 1.3s
epoch   89 | loss 148.9907 | lr 2.00e-03 | 1.3s
epoch   90 | loss 147.6699 | lr 2.00e-03 | 1.3s
epoch   91 | loss 149.4810 | lr 2.00e-03 | 1.3s
epoch   92 | loss 147.8144 | lr 2.00e-03 | 1.3s
epoch   93 | loss 147.4251 | lr 2.00e-03 | 1.3s
epoch   94 | loss 148.7769 | lr 2.00e-03 | 1.3s
epoch   95 | loss 148.0259 | lr 2.00e-03 | 1.3s
epoch   96 | loss 147.0406 | lr 2.00e-03 | 1.3s
epoch   97 | loss 148.1051 | lr 2.00e-03 | 1.3s
epoch   98 | loss 147.6592 | lr 2.00e-03 | 1.3s
epoch   99 | loss 147.2605 | lr 2.00e-03 | 1.3s
epoch  100 | loss 147.9950 | lr 2.00e-03 | 1.3s
epoch  101 | loss 147.2457 | lr 2.00e-03 | 1.3s
epoch  102 | loss 146.6225 | lr 2.00e-03 | 1.3s
epoch  103 | loss 147.8295 | lr 2.00e-03 | 1.3s
epoch  104 | loss 146.2775 | lr 2.00e-03 | 1.3s
epoch  105 | loss 145.4006 | lr 2.00e-03 | 1.3s
epoch  106 | loss 146.5581 | lr 2.00e-03 | 1.3s
epoch  107 | loss 146.0571 | lr 2.00e-03 | 1.3s
epoch  108 | loss 147.4309 | lr 2.00e-03 | 1.3s
epoch  109 | loss 146.0750 | lr 2.00e-03 | 1.3s
epoch  110 | loss 145.5003 | lr 2.00e-03 | 1.3s
epoch  111 | loss 145.9026 | lr 2.00e-03 | 1.3s
epoch  112 | loss 146.7767 | lr 2.00e-03 | 1.3s
epoch  113 | loss 146.7162 | lr 2.00e-03 | 1.3s
epoch  114 | loss 146.5624 | lr 2.00e-03 | 1.3s
epoch  115 | loss 146.8202 | lr 2.00e-03 | 1.3s
epoch  116 | loss 147.0334 | lr 2.00e-03 | 1.3s
epoch  117 | loss 147.6575 | lr 2.00e-03 | 1.3s
epoch  118 | loss 145.3050 | lr 2.00e-03 | 1.3s
epoch  119 | loss 144.9062 | lr 2.00e-03 | 1.3s
epoch  120 | loss 146.9511 | lr 2.00e-03 | 1.3s
epoch  121 | loss 147.3990 | lr 2.00e-03 | 1.3s
epoch  122 | loss 145.4159 | lr 2.00e-03 | 1.3s
epoch  123 | loss 145.2075 | lr 2.00e-03 | 1.3s
epoch  124 | loss 146.2992 | lr 2.00e-03 | 1.3s
epoch  125 | loss 145.6533 | lr 2.00e-03 | 1.3s
epoch  126 | loss 145.6308 | lr 2.00e-03 | 1.3s
epoch  127 | loss 144.5817 | lr 1.99e-03 | 1.3s
epoch  128 | loss 146.1747 | lr 1.99e-03 | 1.3s
epoch  129 | loss 146.4207 | lr 1.99e-03 | 1.3s
epoch  130 | loss 145.7751 | lr 1.99e-03 | 1.3s
epoch  131 | loss 146.1720 | lr 1.99e-03 | 1.3s
epoch  132 | loss 147.7771 | lr 1.99e-03 | 1.3s
epoch  133 | loss 144.2333 | lr 1.99e-03 | 1.3s
epoch  134 | loss 146.0853 | lr 1.99e-03 | 1.3s
epoch  135 | loss 145.9781 | lr 1.99e-03 | 1.3s
epoch  136 | loss 146.0555 | lr 1.99e-03 | 1.3s
epoch  137 | loss 146.1749 | lr 1.99e-03 | 1.3s
epoch  138 | loss 145.1317 | lr 1.99e-03 | 1.3s
epoch  139 | loss 144.9400 | lr 1.99e-03 | 1.3s
epoch  140 | loss 144.8768 | lr 1.99e-03 | 1.3s
epoch  141 | loss 144.8050 | lr 1.99e-03 | 1.3s
epoch  142 | loss 145.8605 | lr 1.99e-03 | 1.3s
epoch  143 | loss 144.9498 | lr 1.99e-03 | 1.3s
epoch  144 | loss 144.6047 | lr 1.99e-03 | 1.3s
epoch  145 | loss 144.3459 | lr 1.99e-03 | 1.3s
epoch  146 | loss 145.3793 | lr 1.99e-03 | 1.3s
epoch  147 | loss 144.8751 | lr 1.99e-03 | 1.3s
epoch  148 | loss 144.4065 | lr 1.99e-03 | 1.3s
epoch  149 | loss 144.2712 | lr 1.99e-03 | 1.3s
epoch  150 | loss 145.0040 | lr 1.99e-03 | 1.3s
epoch  151 | loss 145.5086 | lr 1.99e-03 | 1.3s
epoch  152 | loss 145.6384 | lr 1.99e-03 | 1.3s
epoch  153 | loss 144.5735 | lr 1.99e-03 | 1.3s
epoch  154 | loss 144.6347 | lr 1.99e-03 | 1.3s
epoch  155 | loss 144.5995 | lr 1.99e-03 | 1.3s
epoch  156 | loss 144.7267 | lr 1.99e-03 | 1.3s
epoch  157 | loss 143.9893 | lr 1.99e-03 | 1.3s
epoch  158 | loss 144.4225 | lr 1.99e-03 | 1.3s
epoch  159 | loss 144.6230 | lr 1.99e-03 | 1.3s
epoch  160 | loss 144.8953 | lr 1.99e-03 | 1.3s
epoch  161 | loss 145.8540 | lr 1.99e-03 | 1.3s
epoch  162 | loss 145.0472 | lr 1.99e-03 | 1.3s
epoch  163 | loss 144.7721 | lr 1.99e-03 | 1.3s
epoch  164 | loss 144.9128 | lr 1.99e-03 | 1.3s
epoch  165 | loss 145.6681 | lr 1.99e-03 | 1.3s
epoch  166 | loss 143.5338 | lr 1.99e-03 | 1.3s
epoch  167 | loss 145.2343 | lr 1.99e-03 | 1.3s
epoch  168 | loss 144.4722 | lr 1.99e-03 | 1.3s
epoch  169 | loss 145.6027 | lr 1.99e-03 | 1.3s
epoch  170 | loss 143.4504 | lr 1.99e-03 | 1.3s
epoch  171 | loss 144.0398 | lr 1.99e-03 | 1.3s
epoch  172 | loss 144.7565 | lr 1.99e-03 | 1.3s
epoch  173 | loss 144.7812 | lr 1.99e-03 | 1.3s
epoch  174 | loss 143.9284 | lr 1.99e-03 | 1.3s
epoch  175 | loss 142.9459 | lr 1.99e-03 | 1.3s
epoch  176 | loss 143.4411 | lr 1.99e-03 | 1.3s
epoch  177 | loss 145.3102 | lr 1.99e-03 | 1.3s
epoch  178 | loss 145.6750 | lr 1.99e-03 | 1.3s
epoch  179 | loss 145.0255 | lr 1.99e-03 | 1.3s
epoch  180 | loss 143.7792 | lr 1.99e-03 | 1.3s
epoch  181 | loss 144.6076 | lr 1.99e-03 | 1.3s
epoch  182 | loss 144.6796 | lr 1.99e-03 | 1.3s
epoch  183 | loss 143.8253 | lr 1.99e-03 | 1.3s
epoch  184 | loss 145.2675 | lr 1.99e-03 | 1.3s
epoch  185 | loss 144.5786 | lr 1.99e-03 | 1.3s
epoch  186 | loss 144.2675 | lr 1.99e-03 | 1.3s
epoch  187 | loss 145.0532 | lr 1.99e-03 | 1.3s
epoch  188 | loss 143.9517 | lr 1.99e-03 | 1.3s
epoch  189 | loss 143.2935 | lr 1.99e-03 | 1.3s
epoch  190 | loss 144.4327 | lr 1.99e-03 | 1.3s
epoch  191 | loss 144.3313 | lr 1.99e-03 | 1.3s
epoch  192 | loss 145.4320 | lr 1.99e-03 | 1.3s
epoch  193 | loss 145.4477 | lr 1.99e-03 | 1.3s
epoch  194 | loss 144.3915 | lr 1.99e-03 | 1.3s
epoch  195 | loss 143.8386 | lr 1.99e-03 | 1.3s
epoch  196 | loss 144.6520 | lr 1.99e-03 | 1.3s
epoch  197 | loss 145.3614 | lr 1.99e-03 | 1.3s
epoch  198 | loss 144.8457 | lr 1.99e-03 | 1.3s
epoch  199 | loss 143.8425 | lr 1.99e-03 | 1.3s
epoch  200 | loss 142.7957 | lr 1.99e-03 | 1.3s
epoch  201 | loss 143.2970 | lr 1.99e-03 | 1.3s
epoch  202 | loss 144.8338 | lr 1.99e-03 | 1.3s
epoch  203 | loss 144.2023 | lr 1.99e-03 | 1.3s
epoch  204 | loss 143.8550 | lr 1.99e-03 | 1.3s
epoch  205 | loss 145.0113 | lr 1.99e-03 | 1.3s
epoch  206 | loss 144.5056 | lr 1.99e-03 | 1.3s
epoch  207 | loss 144.3242 | lr 1.99e-03 | 1.3s
epoch  208 | loss 143.0687 | lr 1.99e-03 | 1.3s
epoch  209 | loss 144.0649 | lr 1.99e-03 | 1.3s
epoch  210 | loss 143.7787 | lr 1.99e-03 | 1.3s
epoch  211 | loss 142.9644 | lr 1.99e-03 | 1.3s
epoch  212 | loss 142.7624 | lr 1.99e-03 | 1.3s
epoch  213 | loss 142.6703 | lr 1.99e-03 | 1.3s
epoch  214 | loss 143.1940 | lr 1.99e-03 | 1.3s
epoch  215 | loss 143.5544 | lr 1.99e-03 | 1.3s
epoch  216 | loss 142.9474 | lr 1.99e-03 | 1.3s
epoch  217 | loss 143.5064 | lr 1.99e-03 | 1.3s
epoch  218 | loss 143.0828 | lr 1.99e-03 | 1.3s
epoch  219 | loss 143.6916 | lr 1.99e-03 | 1.3s
epoch  220 | loss 143.6557 | lr 1.98e-03 | 1.3s
epoch  221 | loss 143.8865 | lr 1.98e-03 | 1.3s
epoch  222 | loss 144.0194 | lr 1.98e-03 | 1.3s
epoch  223 | loss 144.2367 | lr 1.98e-03 | 1.3s
epoch  224 | loss 143.1385 | lr 1.98e-03 | 1.3s
epoch  225 | loss 144.0915 | lr 1.98e-03 | 1.3s
epoch  226 | loss 143.3162 | lr 1.98e-03 | 1.3s
epoch  227 | loss 142.3938 | lr 1.98e-03 | 1.3s
epoch  228 | loss 142.5203 | lr 1.98e-03 | 1.3s
epoch  229 | loss 143.2951 | lr 1.98e-03 | 1.3s
epoch  230 | loss 143.7483 | lr 1.98e-03 | 1.3s
epoch  231 | loss 144.3922 | lr 1.98e-03 | 1.3s
epoch  232 | loss 142.5094 | lr 1.98e-03 | 1.3s
epoch  233 | loss 143.5731 | lr 1.98e-03 | 1.3s
epoch  234 | loss 143.4218 | lr 1.98e-03 | 1.3s
epoch  235 | loss 144.0556 | lr 1.98e-03 | 1.3s
epoch  236 | loss 143.3859 | lr 1.98e-03 | 1.3s
epoch  237 | loss 142.5641 | lr 1.98e-03 | 1.3s
epoch  238 | loss 144.9470 | lr 1.98e-03 | 1.3s
epoch  239 | loss 142.8524 | lr 1.98e-03 | 1.3s
epoch  240 | loss 143.2917 | lr 1.98e-03 | 1.3s
epoch  241 | loss 143.0079 | lr 1.98e-03 | 1.3s
epoch  242 | loss 142.0142 | lr 1.98e-03 | 1.3s
epoch  243 | loss 143.8006 | lr 1.98e-03 | 1.3s
epoch  244 | loss 142.9127 | lr 1.98e-03 | 1.3s
epoch  245 | loss 143.9325 | lr 1.98e-03 | 1.3s
epoch  246 | loss 142.8470 | lr 1.98e-03 | 1.3s
epoch  247 | loss 143.0955 | lr 1.98e-03 | 1.3s
epoch  248 | loss 142.2444 | lr 1.98e-03 | 1.3s
epoch  249 | loss 142.7261 | lr 1.98e-03 | 1.3s
epoch  250 | loss 144.0242 | lr 1.98e-03 | 1.3s
epoch  251 | loss 141.9274 | lr 1.98e-03 | 1.3s
epoch  252 | loss 142.6587 | lr 1.98e-03 | 1.3s
epoch  253 | loss 142.4934 | lr 1.98e-03 | 1.3s
epoch  254 | loss 142.1022 | lr 1.98e-03 | 1.3s
epoch  255 | loss 141.8776 | lr 1.98e-03 | 1.3s
epoch  256 | loss 143.4096 | lr 1.98e-03 | 1.3s
epoch  257 | loss 141.9064 | lr 1.98e-03 | 1.3s
epoch  258 | loss 143.9003 | lr 1.98e-03 | 1.3s
epoch  259 | loss 142.3537 | lr 1.98e-03 | 1.3s
epoch  260 | loss 142.5308 | lr 1.98e-03 | 1.3s
epoch  261 | loss 143.3341 | lr 1.98e-03 | 1.3s
epoch  262 | loss 141.8479 | lr 1.98e-03 | 1.3s
epoch  263 | loss 143.0997 | lr 1.98e-03 | 1.3s
epoch  264 | loss 142.6086 | lr 1.98e-03 | 1.3s
epoch  265 | loss 143.5918 | lr 1.98e-03 | 1.3s
epoch  266 | loss 142.8871 | lr 1.98e-03 | 1.3s
epoch  267 | loss 142.4991 | lr 1.98e-03 | 1.3s
epoch  268 | loss 142.4219 | lr 1.98e-03 | 1.3s
epoch  269 | loss 143.1416 | lr 1.98e-03 | 1.3s
epoch  270 | loss 142.5414 | lr 1.98e-03 | 1.3s
epoch  271 | loss 143.2939 | lr 1.98e-03 | 1.3s
epoch  272 | loss 143.0603 | lr 1.98e-03 | 1.3s
epoch  273 | loss 142.9092 | lr 1.98e-03 | 1.3s
epoch  274 | loss 142.6928 | lr 1.98e-03 | 1.3s
epoch  275 | loss 142.3125 | lr 1.98e-03 | 1.3s
epoch  276 | loss 142.9292 | lr 1.98e-03 | 1.3s
epoch  277 | loss 142.8160 | lr 1.98e-03 | 1.3s
epoch  278 | loss 143.5531 | lr 1.98e-03 | 1.3s
epoch  279 | loss 143.1799 | lr 1.98e-03 | 1.3s
epoch  280 | loss 142.0585 | lr 1.98e-03 | 1.3s
epoch  281 | loss 144.0885 | lr 1.98e-03 | 1.3s
epoch  282 | loss 142.6160 | lr 1.98e-03 | 1.3s
epoch  283 | loss 141.4938 | lr 1.98e-03 | 1.3s
epoch  284 | loss 142.8407 | lr 1.98e-03 | 1.3s
epoch  285 | loss 143.3126 | lr 1.97e-03 | 1.3s
epoch  286 | loss 141.9364 | lr 1.97e-03 | 1.3s
epoch  287 | loss 143.2348 | lr 1.97e-03 | 1.3s
epoch  288 | loss 141.9189 | lr 1.97e-03 | 1.3s
epoch  289 | loss 141.6928 | lr 1.97e-03 | 1.3s
epoch  290 | loss 141.5873 | lr 1.97e-03 | 1.3s
epoch  291 | loss 140.5230 | lr 1.97e-03 | 1.3s
epoch  292 | loss 142.7015 | lr 1.97e-03 | 1.3s
epoch  293 | loss 143.0884 | lr 1.97e-03 | 1.3s
epoch  294 | loss 142.1635 | lr 1.97e-03 | 1.3s
epoch  295 | loss 141.9448 | lr 1.97e-03 | 1.3s
epoch  296 | loss 141.6952 | lr 1.97e-03 | 1.3s
epoch  297 | loss 141.0923 | lr 1.97e-03 | 1.3s
epoch  298 | loss 142.2904 | lr 1.97e-03 | 1.3s
epoch  299 | loss 141.8676 | lr 1.97e-03 | 1.3s
epoch  300 | loss 141.0827 | lr 1.97e-03 | 1.3s
epoch  301 | loss 142.0651 | lr 1.97e-03 | 1.3s
epoch  302 | loss 142.1697 | lr 1.97e-03 | 1.3s
epoch  303 | loss 141.2945 | lr 1.97e-03 | 1.3s
epoch  304 | loss 141.8068 | lr 1.97e-03 | 1.3s
epoch  305 | loss 142.0069 | lr 1.97e-03 | 1.3s
epoch  306 | loss 142.2771 | lr 1.97e-03 | 1.3s
epoch  307 | loss 142.0098 | lr 1.97e-03 | 1.3s
epoch  308 | loss 141.5956 | lr 1.97e-03 | 1.3s
epoch  309 | loss 141.8537 | lr 1.97e-03 | 1.3s
epoch  310 | loss 142.0185 | lr 1.97e-03 | 1.3s
epoch  311 | loss 142.3607 | lr 1.97e-03 | 1.3s
epoch  312 | loss 142.3526 | lr 1.97e-03 | 1.3s
epoch  313 | loss 142.8000 | lr 1.97e-03 | 1.3s
epoch  314 | loss 141.1424 | lr 1.97e-03 | 1.3s
epoch  315 | loss 141.3951 | lr 1.97e-03 | 1.3s
epoch  316 | loss 142.6934 | lr 1.97e-03 | 1.3s
epoch  317 | loss 141.8859 | lr 1.97e-03 | 1.3s
epoch  318 | loss 141.4552 | lr 1.97e-03 | 1.3s
epoch  319 | loss 140.4191 | lr 1.97e-03 | 1.3s
epoch  320 | loss 141.3593 | lr 1.97e-03 | 1.3s
epoch  321 | loss 142.3414 | lr 1.97e-03 | 1.3s
epoch  322 | loss 142.6845 | lr 1.97e-03 | 1.3s
epoch  323 | loss 142.2724 | lr 1.97e-03 | 1.3s
epoch  324 | loss 140.8857 | lr 1.97e-03 | 1.3s
epoch  325 | loss 142.0728 | lr 1.97e-03 | 1.3s
epoch  326 | loss 140.9591 | lr 1.97e-03 | 1.3s
epoch  327 | loss 140.7371 | lr 1.97e-03 | 1.3s
epoch  328 | loss 141.2880 | lr 1.97e-03 | 1.3s
epoch  329 | loss 142.9617 | lr 1.97e-03 | 1.3s
epoch  330 | loss 141.0142 | lr 1.97e-03 | 1.3s
epoch  331 | loss 141.8410 | lr 1.97e-03 | 1.3s
epoch  332 | loss 142.5186 | lr 1.97e-03 | 1.3s
epoch  333 | loss 141.6089 | lr 1.97e-03 | 1.3s
epoch  334 | loss 142.0243 | lr 1.97e-03 | 1.3s
epoch  335 | loss 139.7982 | lr 1.97e-03 | 1.3s
epoch  336 | loss 141.6336 | lr 1.97e-03 | 1.3s
epoch  337 | loss 141.1152 | lr 1.96e-03 | 1.3s
epoch  338 | loss 141.5302 | lr 1.96e-03 | 1.3s
epoch  339 | loss 141.7067 | lr 1.96e-03 | 1.3s
epoch  340 | loss 141.9479 | lr 1.96e-03 | 1.3s
epoch  341 | loss 142.7706 | lr 1.96e-03 | 1.3s
epoch  342 | loss 141.9607 | lr 1.96e-03 | 1.3s
epoch  343 | loss 141.3157 | lr 1.96e-03 | 1.3s
epoch  344 | loss 140.5302 | lr 1.96e-03 | 1.3s
epoch  345 | loss 142.0323 | lr 1.96e-03 | 1.3s
epoch  346 | loss 140.9666 | lr 1.96e-03 | 1.3s
epoch  347 | loss 142.0654 | lr 1.96e-03 | 1.3s
epoch  348 | loss 142.2061 | lr 1.96e-03 | 1.3s
epoch  349 | loss 140.5188 | lr 1.96e-03 | 1.3s
epoch  350 | loss 141.0905 | lr 1.96e-03 | 1.3s
epoch  351 | loss 142.1550 | lr 1.96e-03 | 1.3s
epoch  352 | loss 141.8694 | lr 1.96e-03 | 1.3s
epoch  353 | loss 140.8968 | lr 1.96e-03 | 1.3s
epoch  354 | loss 140.0318 | lr 1.96e-03 | 1.3s
epoch  355 | loss 140.1967 | lr 1.96e-03 | 1.3s
epoch  356 | loss 141.2186 | lr 1.96e-03 | 1.3s
epoch  357 | loss 140.0376 | lr 1.96e-03 | 1.3s
epoch  358 | loss 141.4188 | lr 1.96e-03 | 1.3s
epoch  359 | loss 141.5947 | lr 1.96e-03 | 1.3s
epoch  360 | loss 140.3698 | lr 1.96e-03 | 1.3s
epoch  361 | loss 141.7561 | lr 1.96e-03 | 1.3s
epoch  362 | loss 140.4541 | lr 1.96e-03 | 1.3s
epoch  363 | loss 141.7372 | lr 1.96e-03 | 1.3s
epoch  364 | loss 140.9838 | lr 1.96e-03 | 1.3s
epoch  365 | loss 140.0700 | lr 1.96e-03 | 1.3s
epoch  366 | loss 141.2692 | lr 1.96e-03 | 1.3s
epoch  367 | loss 140.9112 | lr 1.96e-03 | 1.3s
epoch  368 | loss 139.6668 | lr 1.96e-03 | 1.3s
epoch  369 | loss 142.2680 | lr 1.96e-03 | 1.3s
epoch  370 | loss 140.9020 | lr 1.96e-03 | 1.3s
epoch  371 | loss 140.1809 | lr 1.96e-03 | 1.3s
epoch  372 | loss 141.0500 | lr 1.96e-03 | 1.3s
epoch  373 | loss 139.9185 | lr 1.96e-03 | 1.3s
epoch  374 | loss 139.7620 | lr 1.96e-03 | 1.3s
epoch  375 | loss 142.0222 | lr 1.96e-03 | 1.3s
epoch  376 | loss 141.1259 | lr 1.96e-03 | 1.3s
epoch  377 | loss 140.6302 | lr 1.96e-03 | 1.3s
epoch  378 | loss 140.6286 | lr 1.96e-03 | 1.3s
epoch  379 | loss 141.7851 | lr 1.96e-03 | 1.3s
epoch  380 | loss 141.9942 | lr 1.96e-03 | 1.3s
epoch  381 | loss 141.4136 | lr 1.96e-03 | 1.3s
epoch  382 | loss 140.9014 | lr 1.96e-03 | 1.3s
epoch  383 | loss 140.1270 | lr 1.95e-03 | 1.3s
epoch  384 | loss 141.2327 | lr 1.95e-03 | 1.3s
epoch  385 | loss 139.9607 | lr 1.95e-03 | 1.3s
epoch  386 | loss 141.2869 | lr 1.95e-03 | 1.3s
epoch  387 | loss 142.6542 | lr 1.95e-03 | 1.3s
epoch  388 | loss 141.0300 | lr 1.95e-03 | 1.3s
epoch  389 | loss 141.1587 | lr 1.95e-03 | 1.3s
epoch  390 | loss 141.0129 | lr 1.95e-03 | 1.3s
epoch  391 | loss 141.5713 | lr 1.95e-03 | 1.3s
epoch  392 | loss 141.0622 | lr 1.95e-03 | 1.3s
epoch  393 | loss 141.7478 | lr 1.95e-03 | 1.3s
epoch  394 | loss 141.0405 | lr 1.95e-03 | 1.3s
epoch  395 | loss 141.2864 | lr 1.95e-03 | 1.3s
epoch  396 | loss 141.2497 | lr 1.95e-03 | 1.3s
epoch  397 | loss 141.4142 | lr 1.95e-03 | 1.3s
epoch  398 | loss 140.6405 | lr 1.95e-03 | 1.3s
epoch  399 | loss 140.8088 | lr 1.95e-03 | 1.3s
epoch  400 | loss 140.0277 | lr 1.95e-03 | 1.3s
epoch  401 | loss 140.3952 | lr 1.95e-03 | 1.3s
epoch  402 | loss 141.5608 | lr 1.95e-03 | 1.3s
epoch  403 | loss 140.7238 | lr 1.95e-03 | 1.3s
epoch  404 | loss 139.8523 | lr 1.95e-03 | 1.3s
epoch  405 | loss 141.2934 | lr 1.95e-03 | 1.3s
epoch  406 | loss 140.0102 | lr 1.95e-03 | 1.3s
epoch  407 | loss 141.0452 | lr 1.95e-03 | 1.3s
epoch  408 | loss 142.6770 | lr 1.95e-03 | 1.3s
epoch  409 | loss 140.7842 | lr 1.95e-03 | 1.3s
epoch  410 | loss 140.4916 | lr 1.95e-03 | 1.3s
epoch  411 | loss 140.5582 | lr 1.95e-03 | 1.3s
epoch  412 | loss 140.2140 | lr 1.95e-03 | 1.3s
epoch  413 | loss 140.4496 | lr 1.95e-03 | 1.3s
epoch  414 | loss 141.1339 | lr 1.95e-03 | 1.3s
epoch  415 | loss 140.1097 | lr 1.95e-03 | 1.3s
epoch  416 | loss 139.4510 | lr 1.95e-03 | 1.3s
epoch  417 | loss 140.9075 | lr 1.95e-03 | 1.3s
epoch  418 | loss 141.3212 | lr 1.95e-03 | 1.3s
epoch  419 | loss 141.6945 | lr 1.95e-03 | 1.3s
epoch  420 | loss 141.5358 | lr 1.95e-03 | 1.3s
epoch  421 | loss 140.6022 | lr 1.95e-03 | 1.3s
epoch  422 | loss 140.3005 | lr 1.95e-03 | 1.3s
epoch  423 | loss 139.6493 | lr 1.95e-03 | 1.3s
epoch  424 | loss 139.8438 | lr 1.94e-03 | 1.3s
epoch  425 | loss 140.9715 | lr 1.94e-03 | 1.3s
epoch  426 | loss 139.8041 | lr 1.94e-03 | 1.3s
epoch  427 | loss 140.9920 | lr 1.94e-03 | 1.3s
epoch  428 | loss 142.4755 | lr 1.94e-03 | 1.3s
epoch  429 | loss 140.5261 | lr 1.94e-03 | 1.3s
epoch  430 | loss 141.6995 | lr 1.94e-03 | 1.3s
epoch  431 | loss 140.4247 | lr 1.94e-03 | 1.3s
epoch  432 | loss 139.4866 | lr 1.94e-03 | 1.3s
epoch  433 | loss 140.5512 | lr 1.94e-03 | 1.3s
epoch  434 | loss 140.2968 | lr 1.94e-03 | 1.3s
epoch  435 | loss 141.0626 | lr 1.94e-03 | 1.3s
epoch  436 | loss 140.4482 | lr 1.94e-03 | 1.3s
epoch  437 | loss 140.4571 | lr 1.94e-03 | 1.3s
epoch  438 | loss 141.2536 | lr 1.94e-03 | 1.3s
epoch  439 | loss 139.8274 | lr 1.94e-03 | 1.3s
epoch  440 | loss 141.1790 | lr 1.94e-03 | 1.3s
epoch  441 | loss 139.9470 | lr 1.94e-03 | 1.3s
epoch  442 | loss 140.2308 | lr 1.94e-03 | 1.3s
epoch  443 | loss 139.6623 | lr 1.94e-03 | 1.3s
epoch  444 | loss 140.8775 | lr 1.94e-03 | 1.3s
epoch  445 | loss 139.9641 | lr 1.94e-03 | 1.3s
epoch  446 | loss 140.9735 | lr 1.94e-03 | 1.3s
epoch  447 | loss 140.6290 | lr 1.94e-03 | 1.3s
epoch  448 | loss 140.5270 | lr 1.94e-03 | 1.3s
epoch  449 | loss 140.0457 | lr 1.94e-03 | 1.3s
epoch  450 | loss 140.7968 | lr 1.94e-03 | 1.3s
epoch  451 | loss 139.9858 | lr 1.94e-03 | 1.3s
epoch  452 | loss 140.7649 | lr 1.94e-03 | 1.3s
epoch  453 | loss 140.3620 | lr 1.94e-03 | 1.3s
epoch  454 | loss 139.8786 | lr 1.94e-03 | 1.3s
epoch  455 | loss 140.8321 | lr 1.94e-03 | 1.3s
epoch  456 | loss 139.8650 | lr 1.94e-03 | 1.3s
epoch  457 | loss 140.5823 | lr 1.94e-03 | 1.3s
epoch  458 | loss 139.4701 | lr 1.94e-03 | 1.3s
epoch  459 | loss 139.6909 | lr 1.94e-03 | 1.3s
epoch  460 | loss 140.4673 | lr 1.94e-03 | 1.3s
epoch  461 | loss 140.7329 | lr 1.93e-03 | 1.3s
epoch  462 | loss 140.0581 | lr 1.93e-03 | 1.3s
epoch  463 | loss 139.6522 | lr 1.93e-03 | 1.3s
epoch  464 | loss 139.7279 | lr 1.93e-03 | 1.3s
epoch  465 | loss 140.2261 | lr 1.93e-03 | 1.3s
epoch  466 | loss 139.9892 | lr 1.93e-03 | 1.3s
epoch  467 | loss 138.4904 | lr 1.93e-03 | 1.3s
epoch  468 | loss 139.4035 | lr 1.93e-03 | 1.3s
epoch  469 | loss 141.1523 | lr 1.93e-03 | 1.3s
epoch  470 | loss 138.7112 | lr 1.93e-03 | 1.3s
epoch  471 | loss 140.2342 | lr 1.93e-03 | 1.3s
epoch  472 | loss 139.8887 | lr 1.93e-03 | 1.3s
epoch  473 | loss 141.7563 | lr 1.93e-03 | 1.3s
epoch  474 | loss 139.9838 | lr 1.93e-03 | 1.3s
epoch  475 | loss 141.2178 | lr 1.93e-03 | 1.3s
epoch  476 | loss 140.2355 | lr 1.93e-03 | 1.3s
epoch  477 | loss 137.5586 | lr 1.93e-03 | 1.3s
epoch  478 | loss 141.0346 | lr 1.93e-03 | 1.3s
epoch  479 | loss 140.8528 | lr 1.93e-03 | 1.3s
epoch  480 | loss 139.4189 | lr 1.93e-03 | 1.3s
epoch  481 | loss 141.3434 | lr 1.93e-03 | 1.3s
epoch  482 | loss 139.3157 | lr 1.93e-03 | 1.3s
epoch  483 | loss 141.0101 | lr 1.93e-03 | 1.3s
epoch  484 | loss 140.3118 | lr 1.93e-03 | 1.3s
epoch  485 | loss 140.0206 | lr 1.93e-03 | 1.3s
epoch  486 | loss 140.5715 | lr 1.93e-03 | 1.3s
epoch  487 | loss 140.7458 | lr 1.93e-03 | 1.3s
epoch  488 | loss 139.4851 | lr 1.93e-03 | 1.3s
epoch  489 | loss 140.2750 | lr 1.93e-03 | 1.3s
epoch  490 | loss 139.6274 | lr 1.93e-03 | 1.3s
epoch  491 | loss 140.4271 | lr 1.93e-03 | 1.3s
epoch  492 | loss 140.0733 | lr 1.93e-03 | 1.3s
epoch  493 | loss 138.7588 | lr 1.93e-03 | 1.3s
epoch  494 | loss 140.1872 | lr 1.93e-03 | 1.3s
epoch  495 | loss 138.5612 | lr 1.93e-03 | 1.3s
epoch  496 | loss 140.2051 | lr 1.92e-03 | 1.3s
epoch  497 | loss 139.9028 | lr 1.92e-03 | 1.3s
epoch  498 | loss 139.7301 | lr 1.92e-03 | 1.3s
epoch  499 | loss 140.8220 | lr 1.92e-03 | 1.3s
epoch  500 | loss 139.9729 | lr 1.92e-03 | 1.3s
epoch  501 | loss 140.6082 | lr 1.92e-03 | 1.3s
epoch  502 | loss 140.5527 | lr 1.92e-03 | 1.3s
epoch  503 | loss 139.9562 | lr 1.92e-03 | 1.3s
epoch  504 | loss 139.5279 | lr 1.92e-03 | 1.3s
epoch  505 | loss 141.0258 | lr 1.92e-03 | 1.3s
epoch  506 | loss 139.4143 | lr 1.92e-03 | 1.3s
epoch  507 | loss 138.4940 | lr 1.92e-03 | 1.3s
epoch  508 | loss 140.1252 | lr 1.92e-03 | 1.3s
epoch  509 | loss 139.4488 | lr 1.92e-03 | 1.3s
epoch  510 | loss 140.3652 | lr 1.92e-03 | 1.3s
epoch  511 | loss 140.6342 | lr 1.92e-03 | 1.3s
epoch  512 | loss 141.2932 | lr 1.92e-03 | 1.3s
epoch  513 | loss 140.2657 | lr 1.92e-03 | 1.3s
epoch  514 | loss 140.8502 | lr 1.92e-03 | 1.3s
epoch  515 | loss 139.7863 | lr 1.92e-03 | 1.3s
epoch  516 | loss 139.5933 | lr 1.92e-03 | 1.3s
epoch  517 | loss 139.8119 | lr 1.92e-03 | 1.3s
epoch  518 | loss 141.9503 | lr 1.92e-03 | 1.3s
epoch  519 | loss 139.4939 | lr 1.92e-03 | 1.3s
epoch  520 | loss 139.1109 | lr 1.92e-03 | 1.3s
epoch  521 | loss 139.0677 | lr 1.92e-03 | 1.3s
epoch  522 | loss 139.9390 | lr 1.92e-03 | 1.3s
epoch  523 | loss 139.0882 | lr 1.92e-03 | 1.3s
epoch  524 | loss 139.8616 | lr 1.92e-03 | 1.3s
epoch  525 | loss 140.3824 | lr 1.92e-03 | 1.3s
epoch  526 | loss 139.5985 | lr 1.92e-03 | 1.3s
epoch  527 | loss 139.4989 | lr 1.92e-03 | 1.3s
epoch  528 | loss 140.0544 | lr 1.91e-03 | 1.3s
epoch  529 | loss 141.5251 | lr 1.91e-03 | 1.3s
epoch  530 | loss 139.9425 | lr 1.91e-03 | 1.3s
epoch  531 | loss 139.2429 | lr 1.91e-03 | 1.3s
epoch  532 | loss 139.0882 | lr 1.91e-03 | 1.3s
epoch  533 | loss 141.2017 | lr 1.91e-03 | 1.3s
epoch  534 | loss 139.7806 | lr 1.91e-03 | 1.3s
epoch  535 | loss 139.7603 | lr 1.91e-03 | 1.3s
epoch  536 | loss 139.8843 | lr 1.91e-03 | 1.3s
epoch  537 | loss 139.6695 | lr 1.91e-03 | 1.3s
epoch  538 | loss 140.7321 | lr 1.91e-03 | 1.3s
epoch  539 | loss 141.2089 | lr 1.91e-03 | 1.3s
epoch  540 | loss 140.5277 | lr 1.91e-03 | 1.3s
epoch  541 | loss 140.2924 | lr 1.91e-03 | 1.3s
epoch  542 | loss 138.9597 | lr 1.91e-03 | 1.3s
epoch  543 | loss 140.6258 | lr 1.91e-03 | 1.3s
epoch  544 | loss 140.9245 | lr 1.91e-03 | 1.3s
epoch  545 | loss 138.2445 | lr 1.91e-03 | 1.3s
epoch  546 | loss 140.9543 | lr 1.91e-03 | 1.3s
epoch  547 | loss 140.5448 | lr 1.91e-03 | 1.3s
epoch  548 | loss 139.1899 | lr 1.91e-03 | 1.3s
epoch  549 | loss 140.6558 | lr 1.91e-03 | 1.3s
epoch  550 | loss 141.7591 | lr 1.91e-03 | 1.3s
epoch  551 | loss 140.0794 | lr 1.91e-03 | 1.3s
epoch  552 | loss 139.8862 | lr 1.91e-03 | 1.3s
epoch  553 | loss 140.5966 | lr 1.91e-03 | 1.3s
epoch  554 | loss 139.4964 | lr 1.91e-03 | 1.3s
epoch  555 | loss 139.3053 | lr 1.91e-03 | 1.3s
epoch  556 | loss 140.3784 | lr 1.91e-03 | 1.3s
epoch  557 | loss 140.3354 | lr 1.91e-03 | 1.3s
epoch  558 | loss 141.1958 | lr 1.91e-03 | 1.3s
epoch  559 | loss 139.9060 | lr 1.90e-03 | 1.3s
epoch  560 | loss 139.9626 | lr 1.90e-03 | 1.3s
epoch  561 | loss 138.8663 | lr 1.90e-03 | 1.3s
epoch  562 | loss 138.1621 | lr 1.90e-03 | 1.3s
epoch  563 | loss 141.0042 | lr 1.90e-03 | 1.3s
epoch  564 | loss 142.3553 | lr 1.90e-03 | 1.3s
epoch  565 | loss 139.5520 | lr 1.90e-03 | 1.3s
epoch  566 | loss 139.4279 | lr 1.90e-03 | 1.3s
epoch  567 | loss 139.7455 | lr 1.90e-03 | 1.3s
epoch  568 | loss 141.0505 | lr 1.90e-03 | 1.3s
epoch  569 | loss 139.2817 | lr 1.90e-03 | 1.3s
epoch  570 | loss 139.7503 | lr 1.90e-03 | 1.3s
epoch  571 | loss 139.3677 | lr 1.90e-03 | 1.3s
epoch  572 | loss 139.6934 | lr 1.90e-03 | 1.3s
epoch  573 | loss 139.4904 | lr 1.90e-03 | 1.3s
epoch  574 | loss 139.7535 | lr 1.90e-03 | 1.3s
epoch  575 | loss 138.4066 | lr 1.90e-03 | 1.3s
epoch  576 | loss 139.8810 | lr 1.90e-03 | 1.3s
epoch  577 | loss 139.3912 | lr 1.90e-03 | 1.3s
epoch  578 | loss 139.5908 | lr 1.90e-03 | 1.3s
epoch  579 | loss 140.2375 | lr 1.90e-03 | 1.3s
epoch  580 | loss 139.8871 | lr 1.90e-03 | 1.3s
epoch  581 | loss 140.8131 | lr 1.90e-03 | 1.3s
epoch  582 | loss 140.0237 | lr 1.90e-03 | 1.3s
epoch  583 | loss 139.2762 | lr 1.90e-03 | 1.3s
epoch  584 | loss 140.3072 | lr 1.90e-03 | 1.3s
epoch  585 | loss 138.5623 | lr 1.90e-03 | 1.3s
epoch  586 | loss 140.7633 | lr 1.90e-03 | 1.3s
epoch  587 | loss 139.5463 | lr 1.90e-03 | 1.3s
epoch  588 | loss 138.1847 | lr 1.89e-03 | 1.3s
epoch  589 | loss 138.8317 | lr 1.89e-03 | 1.3s
epoch  590 | loss 139.1694 | lr 1.89e-03 | 1.3s
epoch  591 | loss 139.8171 | lr 1.89e-03 | 1.3s
epoch  592 | loss 140.6852 | lr 1.89e-03 | 1.3s
epoch  593 | loss 139.1408 | lr 1.89e-03 | 1.3s
epoch  594 | loss 138.2349 | lr 1.89e-03 | 1.3s
epoch  595 | loss 140.2332 | lr 1.89e-03 | 1.3s
epoch  596 | loss 139.0361 | lr 1.89e-03 | 1.3s
epoch  597 | loss 139.5795 | lr 1.89e-03 | 1.3s
epoch  598 | loss 139.4942 | lr 1.89e-03 | 1.3s
epoch  599 | loss 138.6346 | lr 1.89e-03 | 1.3s
epoch  600 | loss 138.7163 | lr 1.89e-03 | 1.3s
epoch  601 | loss 137.9148 | lr 1.89e-03 | 1.3s
epoch  602 | loss 138.7764 | lr 1.89e-03 | 1.3s
epoch  603 | loss 140.0124 | lr 1.89e-03 | 1.3s
epoch  604 | loss 139.3377 | lr 1.89e-03 | 1.3s
epoch  605 | loss 139.7509 | lr 1.89e-03 | 1.3s
epoch  606 | loss 139.3842 | lr 1.89e-03 | 1.3s
epoch  607 | loss 137.7792 | lr 1.89e-03 | 1.3s
epoch  608 | loss 138.6026 | lr 1.89e-03 | 1.3s
epoch  609 | loss 139.3355 | lr 1.89e-03 | 1.3s
epoch  610 | loss 139.7004 | lr 1.89e-03 | 1.3s
epoch  611 | loss 140.4830 | lr 1.89e-03 | 1.3s
epoch  612 | loss 139.3329 | lr 1.89e-03 | 1.3s
epoch  613 | loss 139.2661 | lr 1.89e-03 | 1.3s
epoch  614 | loss 139.2576 | lr 1.89e-03 | 1.3s
epoch  615 | loss 138.7050 | lr 1.89e-03 | 1.3s
epoch  616 | loss 140.1657 | lr 1.88e-03 | 1.3s
epoch  617 | loss 139.9998 | lr 1.88e-03 | 1.3s
epoch  618 | loss 140.0230 | lr 1.88e-03 | 1.3s
epoch  619 | loss 139.0944 | lr 1.88e-03 | 1.3s
epoch  620 | loss 140.4794 | lr 1.88e-03 | 1.3s
epoch  621 | loss 140.8257 | lr 1.88e-03 | 1.3s
epoch  622 | loss 140.7334 | lr 1.88e-03 | 1.3s
epoch  623 | loss 138.6249 | lr 1.88e-03 | 1.3s
epoch  624 | loss 140.9345 | lr 1.88e-03 | 1.3s
epoch  625 | loss 139.1591 | lr 1.88e-03 | 1.3s
epoch  626 | loss 140.4513 | lr 1.88e-03 | 1.3s
epoch  627 | loss 139.1160 | lr 1.88e-03 | 1.3s
epoch  628 | loss 138.3311 | lr 1.88e-03 | 1.3s
epoch  629 | loss 140.0651 | lr 1.88e-03 | 1.3s
epoch  630 | loss 139.7740 | lr 1.88e-03 | 1.3s
epoch  631 | loss 138.9694 | lr 1.88e-03 | 1.3s
epoch  632 | loss 140.1190 | lr 1.88e-03 | 1.3s
epoch  633 | loss 141.0650 | lr 1.88e-03 | 1.3s
epoch  634 | loss 138.4187 | lr 1.88e-03 | 1.3s
epoch  635 | loss 140.1990 | lr 1.88e-03 | 1.3s
epoch  636 | loss 139.5733 | lr 1.88e-03 | 1.3s
epoch  637 | loss 139.6936 | lr 1.88e-03 | 1.3s
epoch  638 | loss 140.6983 | lr 1.88e-03 | 1.3s
epoch  639 | loss 139.1733 | lr 1.88e-03 | 1.3s
epoch  640 | loss 139.7147 | lr 1.88e-03 | 1.3s
epoch  641 | loss 139.3422 | lr 1.88e-03 | 1.3s
epoch  642 | loss 139.5635 | lr 1.88e-03 | 1.3s
epoch  643 | loss 139.6480 | lr 1.87e-03 | 1.3s
epoch  644 | loss 138.2252 | lr 1.87e-03 | 1.3s
epoch  645 | loss 138.8524 | lr 1.87e-03 | 1.3s
epoch  646 | loss 140.2732 | lr 1.87e-03 | 1.3s
epoch  647 | loss 139.3292 | lr 1.87e-03 | 1.3s
epoch  648 | loss 140.0627 | lr 1.87e-03 | 1.3s
epoch  649 | loss 140.2621 | lr 1.87e-03 | 1.3s
epoch  650 | loss 139.5710 | lr 1.87e-03 | 1.3s
epoch  651 | loss 138.9353 | lr 1.87e-03 | 1.3s
epoch  652 | loss 138.5981 | lr 1.87e-03 | 1.3s
epoch  653 | loss 139.9769 | lr 1.87e-03 | 1.3s
epoch  654 | loss 140.0271 | lr 1.87e-03 | 1.3s
epoch  655 | loss 139.4142 | lr 1.87e-03 | 1.3s
epoch  656 | loss 138.8500 | lr 1.87e-03 | 1.3s
epoch  657 | loss 138.9797 | lr 1.87e-03 | 1.3s
epoch  658 | loss 139.2451 | lr 1.87e-03 | 1.3s
epoch  659 | loss 139.2273 | lr 1.87e-03 | 1.3s
epoch  660 | loss 138.3744 | lr 1.87e-03 | 1.3s
epoch  661 | loss 141.0043 | lr 1.87e-03 | 1.3s
epoch  662 | loss 140.9318 | lr 1.87e-03 | 1.3s
epoch  663 | loss 139.6606 | lr 1.87e-03 | 1.3s
epoch  664 | loss 140.2086 | lr 1.87e-03 | 1.3s
epoch  665 | loss 140.3502 | lr 1.87e-03 | 1.3s
epoch  666 | loss 140.2401 | lr 1.87e-03 | 1.3s
epoch  667 | loss 139.5702 | lr 1.87e-03 | 1.3s
epoch  668 | loss 139.8602 | lr 1.87e-03 | 1.3s
epoch  669 | loss 140.6180 | lr 1.86e-03 | 1.3s
epoch  670 | loss 139.0688 | lr 1.86e-03 | 1.3s
epoch  671 | loss 138.5878 | lr 1.86e-03 | 1.3s
epoch  672 | loss 139.8195 | lr 1.86e-03 | 1.3s
epoch  673 | loss 139.0768 | lr 1.86e-03 | 1.3s
epoch  674 | loss 140.9846 | lr 1.86e-03 | 1.3s
epoch  675 | loss 140.0866 | lr 1.86e-03 | 1.3s
epoch  676 | loss 139.5811 | lr 1.86e-03 | 1.3s
epoch  677 | loss 140.6552 | lr 1.86e-03 | 1.3s
epoch  678 | loss 139.2647 | lr 1.86e-03 | 1.3s
epoch  679 | loss 138.2346 | lr 1.86e-03 | 1.3s
epoch  680 | loss 140.4387 | lr 1.86e-03 | 1.3s
epoch  681 | loss 139.9177 | lr 1.86e-03 | 1.3s
epoch  682 | loss 138.6841 | lr 1.86e-03 | 1.3s
epoch  683 | loss 139.4734 | lr 1.86e-03 | 1.3s
epoch  684 | loss 138.1309 | lr 1.86e-03 | 1.3s
epoch  685 | loss 139.0023 | lr 1.86e-03 | 1.3s
epoch  686 | loss 139.4146 | lr 1.86e-03 | 1.3s
epoch  687 | loss 138.6018 | lr 1.86e-03 | 1.3s
epoch  688 | loss 140.6096 | lr 1.86e-03 | 1.3s
epoch  689 | loss 140.8622 | lr 1.86e-03 | 1.3s
epoch  690 | loss 140.8009 | lr 1.86e-03 | 1.3s
epoch  691 | loss 140.2311 | lr 1.86e-03 | 1.3s
epoch  692 | loss 140.2033 | lr 1.86e-03 | 1.3s
epoch  693 | loss 139.9568 | lr 1.86e-03 | 1.3s
epoch  694 | loss 139.9285 | lr 1.85e-03 | 1.3s
epoch  695 | loss 138.9964 | lr 1.85e-03 | 1.3s
epoch  696 | loss 140.3194 | lr 1.85e-03 | 1.3s
epoch  697 | loss 139.6390 | lr 1.85e-03 | 1.3s
epoch  698 | loss 138.5671 | lr 1.85e-03 | 1.3s
epoch  699 | loss 139.7826 | lr 1.85e-03 | 1.3s
epoch  700 | loss 140.7752 | lr 1.85e-03 | 1.3s
epoch  701 | loss 138.4097 | lr 1.85e-03 | 1.3s
epoch  702 | loss 139.1605 | lr 1.85e-03 | 1.3s
epoch  703 | loss 138.9972 | lr 1.85e-03 | 1.3s
epoch  704 | loss 139.2194 | lr 1.85e-03 | 1.3s
epoch  705 | loss 139.5962 | lr 1.85e-03 | 1.3s
epoch  706 | loss 140.1011 | lr 1.85e-03 | 1.3s
epoch  707 | loss 139.0396 | lr 1.85e-03 | 1.3s
epoch  708 | loss 140.2897 | lr 1.85e-03 | 1.3s
epoch  709 | loss 140.3393 | lr 1.85e-03 | 1.3s
epoch  710 | loss 139.5211 | lr 1.85e-03 | 1.3s
epoch  711 | loss 138.7317 | lr 1.85e-03 | 1.3s
epoch  712 | loss 138.0177 | lr 1.85e-03 | 1.3s
epoch  713 | loss 138.6382 | lr 1.85e-03 | 1.3s
epoch  714 | loss 139.5255 | lr 1.85e-03 | 1.3s
epoch  715 | loss 139.4625 | lr 1.85e-03 | 1.3s
epoch  716 | loss 139.1678 | lr 1.85e-03 | 1.3s
epoch  717 | loss 140.0539 | lr 1.85e-03 | 1.3s
epoch  718 | loss 139.1793 | lr 1.84e-03 | 1.3s
epoch  719 | loss 139.1883 | lr 1.84e-03 | 1.3s
epoch  720 | loss 140.0959 | lr 1.84e-03 | 1.3s
epoch  721 | loss 138.7246 | lr 1.84e-03 | 1.3s
epoch  722 | loss 139.3386 | lr 1.84e-03 | 1.3s
epoch  723 | loss 138.7928 | lr 1.84e-03 | 1.3s
epoch  724 | loss 138.0081 | lr 1.84e-03 | 1.3s
epoch  725 | loss 139.8934 | lr 1.84e-03 | 1.3s
epoch  726 | loss 139.3256 | lr 1.84e-03 | 1.3s
epoch  727 | loss 138.1705 | lr 1.84e-03 | 1.3s
epoch  728 | loss 141.1092 | lr 1.84e-03 | 1.3s
epoch  729 | loss 137.9890 | lr 1.84e-03 | 1.3s
epoch  730 | loss 139.7706 | lr 1.84e-03 | 1.3s
epoch  731 | loss 138.9309 | lr 1.84e-03 | 1.3s
epoch  732 | loss 141.0243 | lr 1.84e-03 | 1.3s
epoch  733 | loss 140.2112 | lr 1.84e-03 | 1.3s
epoch  734 | loss 137.7471 | lr 1.84e-03 | 1.3s
epoch  735 | loss 139.9167 | lr 1.84e-03 | 1.3s
epoch  736 | loss 141.1296 | lr 1.84e-03 | 1.3s
epoch  737 | loss 138.8419 | lr 1.84e-03 | 1.3s
epoch  738 | loss 139.0482 | lr 1.84e-03 | 1.3s
epoch  739 | loss 139.0101 | lr 1.84e-03 | 1.3s
epoch  740 | loss 138.7993 | lr 1.84e-03 | 1.3s
epoch  741 | loss 138.0348 | lr 1.83e-03 | 1.3s
epoch  742 | loss 140.0158 | lr 1.83e-03 | 1.3s
epoch  743 | loss 139.4896 | lr 1.83e-03 | 1.3s
epoch  744 | loss 137.3694 | lr 1.83e-03 | 1.3s
epoch  745 | loss 140.4382 | lr 1.83e-03 | 1.3s
epoch  746 | loss 141.0685 | lr 1.83e-03 | 1.3s
epoch  747 | loss 138.3452 | lr 1.83e-03 | 1.3s
epoch  748 | loss 138.7963 | lr 1.83e-03 | 1.3s
epoch  749 | loss 139.1321 | lr 1.83e-03 | 1.3s
epoch  750 | loss 139.2450 | lr 1.83e-03 | 1.3s
epoch  751 | loss 138.2243 | lr 1.83e-03 | 1.3s
epoch  752 | loss 139.1327 | lr 1.83e-03 | 1.3s
epoch  753 | loss 139.2069 | lr 1.83e-03 | 1.3s
epoch  754 | loss 138.3523 | lr 1.83e-03 | 1.3s
epoch  755 | loss 140.2750 | lr 1.83e-03 | 1.3s
epoch  756 | loss 139.5734 | lr 1.83e-03 | 1.3s
epoch  757 | loss 139.1492 | lr 1.83e-03 | 1.3s
epoch  758 | loss 140.2346 | lr 1.83e-03 | 1.3s
epoch  759 | loss 139.8270 | lr 1.83e-03 | 1.3s
epoch  760 | loss 139.1425 | lr 1.83e-03 | 1.3s
epoch  761 | loss 138.1491 | lr 1.83e-03 | 1.3s
epoch  762 | loss 140.9201 | lr 1.83e-03 | 1.3s
epoch  763 | loss 139.1882 | lr 1.83e-03 | 1.3s
epoch  764 | loss 139.8093 | lr 1.82e-03 | 1.3s
epoch  765 | loss 138.2697 | lr 1.82e-03 | 1.3s
epoch  766 | loss 139.2429 | lr 1.82e-03 | 1.3s
epoch  767 | loss 139.1154 | lr 1.82e-03 | 1.3s
epoch  768 | loss 139.4053 | lr 1.82e-03 | 1.3s
epoch  769 | loss 140.3466 | lr 1.82e-03 | 1.3s
epoch  770 | loss 138.9456 | lr 1.82e-03 | 1.3s
epoch  771 | loss 137.9595 | lr 1.82e-03 | 1.3s
epoch  772 | loss 141.1003 | lr 1.82e-03 | 1.3s
epoch  773 | loss 138.2965 | lr 1.82e-03 | 1.3s
epoch  774 | loss 139.7941 | lr 1.82e-03 | 1.3s
epoch  775 | loss 138.3442 | lr 1.82e-03 | 1.3s
epoch  776 | loss 138.6148 | lr 1.82e-03 | 1.3s
epoch  777 | loss 138.4568 | lr 1.82e-03 | 1.3s
epoch  778 | loss 140.2740 | lr 1.82e-03 | 1.3s
epoch  779 | loss 137.8764 | lr 1.82e-03 | 1.3s
epoch  780 | loss 139.7560 | lr 1.82e-03 | 1.3s
epoch  781 | loss 139.8166 | lr 1.82e-03 | 1.3s
epoch  782 | loss 139.6921 | lr 1.82e-03 | 1.3s
epoch  783 | loss 138.8814 | lr 1.82e-03 | 1.3s
epoch  784 | loss 138.4321 | lr 1.82e-03 | 1.3s
epoch  785 | loss 140.2667 | lr 1.82e-03 | 1.3s
epoch  786 | loss 139.9010 | lr 1.81e-03 | 1.3s
epoch  787 | loss 139.9188 | lr 1.81e-03 | 1.3s
epoch  788 | loss 139.9313 | lr 1.81e-03 | 1.3s
epoch  789 | loss 139.8645 | lr 1.81e-03 | 1.3s
epoch  790 | loss 139.7212 | lr 1.81e-03 | 1.3s
epoch  791 | loss 138.0631 | lr 1.81e-03 | 1.3s
epoch  792 | loss 139.2074 | lr 1.81e-03 | 1.3s
epoch  793 | loss 140.8705 | lr 1.81e-03 | 1.3s
epoch  794 | loss 139.0172 | lr 1.81e-03 | 1.3s
epoch  795 | loss 141.9740 | lr 1.81e-03 | 1.3s
epoch  796 | loss 139.4850 | lr 1.81e-03 | 1.3s
epoch  797 | loss 138.5017 | lr 1.81e-03 | 1.3s
epoch  798 | loss 140.2371 | lr 1.81e-03 | 1.3s
epoch  799 | loss 139.1313 | lr 1.81e-03 | 1.3s
epoch  800 | loss 139.5630 | lr 1.81e-03 | 1.3s
epoch  801 | loss 139.8585 | lr 1.81e-03 | 1.3s
epoch  802 | loss 139.0856 | lr 1.81e-03 | 1.3s
epoch  803 | loss 138.5736 | lr 1.81e-03 | 1.3s
epoch  804 | loss 138.9400 | lr 1.81e-03 | 1.3s
epoch  805 | loss 140.2793 | lr 1.81e-03 | 1.3s
epoch  806 | loss 139.2734 | lr 1.81e-03 | 1.3s
epoch  807 | loss 139.8268 | lr 1.81e-03 | 1.3s
epoch  808 | loss 139.0549 | lr 1.80e-03 | 1.3s
epoch  809 | loss 140.2998 | lr 1.80e-03 | 1.3s
epoch  810 | loss 139.1974 | lr 1.80e-03 | 1.3s
epoch  811 | loss 139.1200 | lr 1.80e-03 | 1.3s
epoch  812 | loss 138.5887 | lr 1.80e-03 | 1.3s
epoch  813 | loss 140.0868 | lr 1.80e-03 | 1.3s
epoch  814 | loss 140.0182 | lr 1.80e-03 | 1.3s
epoch  815 | loss 138.9038 | lr 1.80e-03 | 1.3s
epoch  816 | loss 138.1568 | lr 1.80e-03 | 1.3s
epoch  817 | loss 139.5756 | lr 1.80e-03 | 1.3s
epoch  818 | loss 139.9700 | lr 1.80e-03 | 1.3s
epoch  819 | loss 140.0326 | lr 1.80e-03 | 1.3s
epoch  820 | loss 140.1038 | lr 1.80e-03 | 1.3s
epoch  821 | loss 138.9655 | lr 1.80e-03 | 1.3s
epoch  822 | loss 139.9920 | lr 1.80e-03 | 1.3s
epoch  823 | loss 139.4091 | lr 1.80e-03 | 1.3s
epoch  824 | loss 138.8800 | lr 1.80e-03 | 1.3s
epoch  825 | loss 139.0873 | lr 1.80e-03 | 1.3s
epoch  826 | loss 140.0570 | lr 1.80e-03 | 1.3s
epoch  827 | loss 138.3507 | lr 1.80e-03 | 1.3s
epoch  828 | loss 140.0770 | lr 1.80e-03 | 1.3s
epoch  829 | loss 140.2527 | lr 1.79e-03 | 1.3s
epoch  830 | loss 139.5102 | lr 1.79e-03 | 1.3s
epoch  831 | loss 139.4421 | lr 1.79e-03 | 1.3s
epoch  832 | loss 140.1114 | lr 1.79e-03 | 1.3s
epoch  833 | loss 139.8224 | lr 1.79e-03 | 1.3s
epoch  834 | loss 139.3873 | lr 1.79e-03 | 1.3s
epoch  835 | loss 138.2885 | lr 1.79e-03 | 1.3s
epoch  836 | loss 138.4362 | lr 1.79e-03 | 1.3s
epoch  837 | loss 139.3851 | lr 1.79e-03 | 1.3s
epoch  838 | loss 139.5640 | lr 1.79e-03 | 1.3s
epoch  839 | loss 139.0988 | lr 1.79e-03 | 1.3s
epoch  840 | loss 139.3355 | lr 1.79e-03 | 1.3s
epoch  841 | loss 139.5709 | lr 1.79e-03 | 1.3s
epoch  842 | loss 138.4664 | lr 1.79e-03 | 1.3s
epoch  843 | loss 140.2131 | lr 1.79e-03 | 1.3s
epoch  844 | loss 137.4718 | lr 1.79e-03 | 1.3s
epoch  845 | loss 138.4622 | lr 1.79e-03 | 1.3s
epoch  846 | loss 138.9804 | lr 1.79e-03 | 1.3s
epoch  847 | loss 139.5573 | lr 1.79e-03 | 1.3s
epoch  848 | loss 139.3633 | lr 1.79e-03 | 1.3s
epoch  849 | loss 140.3128 | lr 1.79e-03 | 1.3s
epoch  850 | loss 139.1026 | lr 1.78e-03 | 1.3s
epoch  851 | loss 139.7147 | lr 1.78e-03 | 1.3s
epoch  852 | loss 138.8285 | lr 1.78e-03 | 1.3s
epoch  853 | loss 138.1527 | lr 1.78e-03 | 1.3s
epoch  854 | loss 140.3512 | lr 1.78e-03 | 1.3s
epoch  855 | loss 139.3584 | lr 1.78e-03 | 1.3s
epoch  856 | loss 138.7477 | lr 1.78e-03 | 1.3s
epoch  857 | loss 137.9564 | lr 1.78e-03 | 1.3s
epoch  858 | loss 137.6446 | lr 1.78e-03 | 1.3s
epoch  859 | loss 139.3322 | lr 1.78e-03 | 1.3s
epoch  860 | loss 138.7917 | lr 1.78e-03 | 1.3s
epoch  861 | loss 140.9756 | lr 1.78e-03 | 1.3s
epoch  862 | loss 139.7105 | lr 1.78e-03 | 1.3s
epoch  863 | loss 139.3128 | lr 1.78e-03 | 1.3s
epoch  864 | loss 138.9397 | lr 1.78e-03 | 1.3s
epoch  865 | loss 138.0852 | lr 1.78e-03 | 1.3s
epoch  866 | loss 138.3608 | lr 1.78e-03 | 1.3s
epoch  867 | loss 138.7859 | lr 1.78e-03 | 1.3s
epoch  868 | loss 139.1609 | lr 1.78e-03 | 1.3s
epoch  869 | loss 137.7495 | lr 1.78e-03 | 1.3s
epoch  870 | loss 140.7531 | lr 1.77e-03 | 1.3s
epoch  871 | loss 139.8689 | lr 1.77e-03 | 1.3s
epoch  872 | loss 138.4853 | lr 1.77e-03 | 1.3s
epoch  873 | loss 140.1017 | lr 1.77e-03 | 1.3s
epoch  874 | loss 137.5459 | lr 1.77e-03 | 1.3s
epoch  875 | loss 139.6329 | lr 1.77e-03 | 1.3s
epoch  876 | loss 139.9621 | lr 1.77e-03 | 1.3s
epoch  877 | loss 137.6436 | lr 1.77e-03 | 1.3s
epoch  878 | loss 139.6686 | lr 1.77e-03 | 1.3s
epoch  879 | loss 139.4626 | lr 1.77e-03 | 1.6s
epoch  880 | loss 138.7764 | lr 1.77e-03 | 1.3s
epoch  881 | loss 140.0063 | lr 1.77e-03 | 1.3s
epoch  882 | loss 140.0169 | lr 1.77e-03 | 1.3s
epoch  883 | loss 138.0105 | lr 1.77e-03 | 1.3s
epoch  884 | loss 139.3393 | lr 1.77e-03 | 1.3s
epoch  885 | loss 137.8979 | lr 1.77e-03 | 1.3s
epoch  886 | loss 139.2779 | lr 1.77e-03 | 1.3s
epoch  887 | loss 141.0793 | lr 1.77e-03 | 1.3s
epoch  888 | loss 139.2210 | lr 1.77e-03 | 1.3s
epoch  889 | loss 138.4984 | lr 1.77e-03 | 1.3s
epoch  890 | loss 137.7722 | lr 1.76e-03 | 1.3s
epoch  891 | loss 139.1866 | lr 1.76e-03 | 1.3s
epoch  892 | loss 139.1627 | lr 1.76e-03 | 1.3s
epoch  893 | loss 139.6961 | lr 1.76e-03 | 1.3s
epoch  894 | loss 139.8110 | lr 1.76e-03 | 1.3s
epoch  895 | loss 138.7304 | lr 1.76e-03 | 1.3s
epoch  896 | loss 140.4522 | lr 1.76e-03 | 1.3s
epoch  897 | loss 138.3734 | lr 1.76e-03 | 1.3s
epoch  898 | loss 138.0636 | lr 1.76e-03 | 1.3s
epoch  899 | loss 139.6713 | lr 1.76e-03 | 1.3s
epoch  900 | loss 139.9449 | lr 1.76e-03 | 1.3s
epoch  901 | loss 140.0804 | lr 1.76e-03 | 1.3s
epoch  902 | loss 140.6687 | lr 1.76e-03 | 1.3s
epoch  903 | loss 139.3378 | lr 1.76e-03 | 1.3s
epoch  904 | loss 138.8983 | lr 1.76e-03 | 1.3s
epoch  905 | loss 138.9137 | lr 1.76e-03 | 1.3s
epoch  906 | loss 139.6226 | lr 1.76e-03 | 1.3s
epoch  907 | loss 136.9799 | lr 1.76e-03 | 1.3s
epoch  908 | loss 138.8907 | lr 1.76e-03 | 1.3s
epoch  909 | loss 139.0655 | lr 1.76e-03 | 1.3s
epoch  910 | loss 138.7356 | lr 1.75e-03 | 1.3s
epoch  911 | loss 139.2444 | lr 1.75e-03 | 1.3s
epoch  912 | loss 139.7366 | lr 1.75e-03 | 1.3s
epoch  913 | loss 138.8969 | lr 1.75e-03 | 1.3s
epoch  914 | loss 139.1464 | lr 1.75e-03 | 1.3s
epoch  915 | loss 138.5034 | lr 1.75e-03 | 1.3s
epoch  916 | loss 139.4188 | lr 1.75e-03 | 1.3s
epoch  917 | loss 138.5077 | lr 1.75e-03 | 1.3s
epoch  918 | loss 139.3156 | lr 1.75e-03 | 1.3s
epoch  919 | loss 138.9276 | lr 1.75e-03 | 1.3s
epoch  920 | loss 139.9424 | lr 1.75e-03 | 1.3s
epoch  921 | loss 139.1459 | lr 1.75e-03 | 1.3s
epoch  922 | loss 139.2857 | lr 1.75e-03 | 1.3s
epoch  923 | loss 138.2908 | lr 1.75e-03 | 1.3s
epoch  924 | loss 140.2483 | lr 1.75e-03 | 1.3s
epoch  925 | loss 137.9501 | lr 1.75e-03 | 1.3s
epoch  926 | loss 139.1213 | lr 1.75e-03 | 1.3s
epoch  927 | loss 137.7136 | lr 1.75e-03 | 1.3s
epoch  928 | loss 140.1901 | lr 1.75e-03 | 1.3s
epoch  929 | loss 138.8778 | lr 1.74e-03 | 1.3s
epoch  930 | loss 139.6470 | lr 1.74e-03 | 1.3s
epoch  931 | loss 139.8336 | lr 1.74e-03 | 1.3s
epoch  932 | loss 139.0025 | lr 1.74e-03 | 1.3s
epoch  933 | loss 138.5674 | lr 1.74e-03 | 1.3s
epoch  934 | loss 138.8491 | lr 1.74e-03 | 1.3s
epoch  935 | loss 139.2793 | lr 1.74e-03 | 1.3s
epoch  936 | loss 139.4650 | lr 1.74e-03 | 1.3s
epoch  937 | loss 139.1488 | lr 1.74e-03 | 1.3s
epoch  938 | loss 140.3582 | lr 1.74e-03 | 1.3s
epoch  939 | loss 138.7999 | lr 1.74e-03 | 1.3s
epoch  940 | loss 138.9569 | lr 1.74e-03 | 1.3s
epoch  941 | loss 138.3823 | lr 1.74e-03 | 1.3s
epoch  942 | loss 138.9042 | lr 1.74e-03 | 1.3s
epoch  943 | loss 138.9972 | lr 1.74e-03 | 1.3s
epoch  944 | loss 139.1388 | lr 1.74e-03 | 1.3s
epoch  945 | loss 138.8682 | lr 1.74e-03 | 1.3s
epoch  946 | loss 139.9849 | lr 1.74e-03 | 1.3s
epoch  947 | loss 138.1605 | lr 1.74e-03 | 1.3s
epoch  948 | loss 138.3414 | lr 1.73e-03 | 1.3s
epoch  949 | loss 139.0898 | lr 1.73e-03 | 1.3s
epoch  950 | loss 138.5849 | lr 1.73e-03 | 1.3s
epoch  951 | loss 137.8155 | lr 1.73e-03 | 1.3s
epoch  952 | loss 139.4001 | lr 1.73e-03 | 1.3s
epoch  953 | loss 139.5564 | lr 1.73e-03 | 1.3s
epoch  954 | loss 139.0682 | lr 1.73e-03 | 1.3s
epoch  955 | loss 138.7396 | lr 1.73e-03 | 1.3s
epoch  956 | loss 139.7145 | lr 1.73e-03 | 1.3s
epoch  957 | loss 138.4462 | lr 1.73e-03 | 1.3s
epoch  958 | loss 138.8500 | lr 1.73e-03 | 1.3s
epoch  959 | loss 138.9917 | lr 1.73e-03 | 1.3s
epoch  960 | loss 139.6317 | lr 1.73e-03 | 1.3s
epoch  961 | loss 140.2393 | lr 1.73e-03 | 1.3s
epoch  962 | loss 139.1602 | lr 1.73e-03 | 1.3s
epoch  963 | loss 139.0226 | lr 1.73e-03 | 1.3s
epoch  964 | loss 139.5675 | lr 1.73e-03 | 1.3s
epoch  965 | loss 138.2907 | lr 1.73e-03 | 1.3s
epoch  966 | loss 138.4352 | lr 1.73e-03 | 1.3s
epoch  967 | loss 139.6274 | lr 1.72e-03 | 1.3s
epoch  968 | loss 137.9586 | lr 1.72e-03 | 1.3s
epoch  969 | loss 138.1080 | lr 1.72e-03 | 1.3s
epoch  970 | loss 138.4375 | lr 1.72e-03 | 1.3s
epoch  971 | loss 139.1733 | lr 1.72e-03 | 1.3s
epoch  972 | loss 137.8756 | lr 1.72e-03 | 1.3s
epoch  973 | loss 138.9705 | lr 1.72e-03 | 1.3s
epoch  974 | loss 140.3061 | lr 1.72e-03 | 1.3s
epoch  975 | loss 139.6016 | lr 1.72e-03 | 1.3s
epoch  976 | loss 138.8929 | lr 1.72e-03 | 1.3s
epoch  977 | loss 139.1964 | lr 1.72e-03 | 1.3s
epoch  978 | loss 139.2952 | lr 1.72e-03 | 1.3s
epoch  979 | loss 138.5364 | lr 1.72e-03 | 1.3s
epoch  980 | loss 139.0556 | lr 1.72e-03 | 1.3s
epoch  981 | loss 138.4424 | lr 1.72e-03 | 1.3s
epoch  982 | loss 139.4995 | lr 1.72e-03 | 1.3s
epoch  983 | loss 140.8122 | lr 1.72e-03 | 1.3s
epoch  984 | loss 139.8057 | lr 1.72e-03 | 1.3s
epoch  985 | loss 138.5064 | lr 1.71e-03 | 1.3s
epoch  986 | loss 140.3911 | lr 1.71e-03 | 1.3s
epoch  987 | loss 137.5414 | lr 1.71e-03 | 1.3s
epoch  988 | loss 138.8920 | lr 1.71e-03 | 1.3s
epoch  989 | loss 140.4990 | lr 1.71e-03 | 1.3s
epoch  990 | loss 138.7551 | lr 1.71e-03 | 1.3s
epoch  991 | loss 138.5605 | lr 1.71e-03 | 1.3s
epoch  992 | loss 140.0153 | lr 1.71e-03 | 1.3s
epoch  993 | loss 137.7604 | lr 1.71e-03 | 1.3s
epoch  994 | loss 138.4782 | lr 1.71e-03 | 1.3s
epoch  995 | loss 139.9577 | lr 1.71e-03 | 1.3s
epoch  996 | loss 139.3502 | lr 1.71e-03 | 1.3s
epoch  997 | loss 138.2816 | lr 1.71e-03 | 1.3s
epoch  998 | loss 137.5538 | lr 1.71e-03 | 1.3s
epoch  999 | loss 139.3424 | lr 1.71e-03 | 1.3s
epoch 1000 | loss 138.7944 | lr 1.71e-03 | 1.3s
epoch 1001 | loss 140.0937 | lr 1.71e-03 | 1.3s
epoch 1002 | loss 139.1896 | lr 1.71e-03 | 1.3s
epoch 1003 | loss 139.2452 | lr 1.70e-03 | 1.3s
epoch 1004 | loss 138.7621 | lr 1.70e-03 | 1.3s
epoch 1005 | loss 138.7295 | lr 1.70e-03 | 1.3s
epoch 1006 | loss 139.5578 | lr 1.70e-03 | 1.3s
epoch 1007 | loss 138.8162 | lr 1.70e-03 | 1.3s
epoch 1008 | loss 139.2873 | lr 1.70e-03 | 1.3s
epoch 1009 | loss 138.8301 | lr 1.70e-03 | 1.3s
epoch 1010 | loss 137.8952 | lr 1.70e-03 | 1.3s
epoch 1011 | loss 139.2445 | lr 1.70e-03 | 1.3s
epoch 1012 | loss 139.3563 | lr 1.70e-03 | 1.3s
epoch 1013 | loss 140.0736 | lr 1.70e-03 | 1.3s
epoch 1014 | loss 139.3146 | lr 1.70e-03 | 1.3s
epoch 1015 | loss 138.6163 | lr 1.70e-03 | 1.3s
epoch 1016 | loss 138.3948 | lr 1.70e-03 | 1.3s
epoch 1017 | loss 139.8130 | lr 1.70e-03 | 1.3s
epoch 1018 | loss 139.4323 | lr 1.70e-03 | 1.3s
epoch 1019 | loss 138.0858 | lr 1.70e-03 | 1.3s
epoch 1020 | loss 140.0479 | lr 1.70e-03 | 1.3s
epoch 1021 | loss 140.1119 | lr 1.69e-03 | 1.3s
epoch 1022 | loss 139.7666 | lr 1.69e-03 | 1.3s
epoch 1023 | loss 138.2096 | lr 1.69e-03 | 1.3s
epoch 1024 | loss 138.2859 | lr 1.69e-03 | 1.3s
epoch 1025 | loss 137.5833 | lr 1.69e-03 | 1.3s
epoch 1026 | loss 139.8616 | lr 1.69e-03 | 1.3s
epoch 1027 | loss 139.1169 | lr 1.69e-03 | 1.3s
epoch 1028 | loss 139.4898 | lr 1.69e-03 | 1.3s
epoch 1029 | loss 139.3532 | lr 1.69e-03 | 1.3s
epoch 1030 | loss 140.3750 | lr 1.69e-03 | 1.3s
epoch 1031 | loss 137.9437 | lr 1.69e-03 | 1.3s
epoch 1032 | loss 138.4428 | lr 1.69e-03 | 1.3s
epoch 1033 | loss 139.7196 | lr 1.69e-03 | 1.3s
epoch 1034 | loss 137.1145 | lr 1.69e-03 | 1.3s
epoch 1035 | loss 139.4399 | lr 1.69e-03 | 1.3s
epoch 1036 | loss 138.0593 | lr 1.69e-03 | 1.3s
epoch 1037 | loss 139.1768 | lr 1.69e-03 | 1.3s
epoch 1038 | loss 138.1114 | lr 1.69e-03 | 1.3s
epoch 1039 | loss 138.9190 | lr 1.68e-03 | 1.3s
epoch 1040 | loss 138.6975 | lr 1.68e-03 | 1.3s
epoch 1041 | loss 139.3815 | lr 1.68e-03 | 1.3s
epoch 1042 | loss 140.1507 | lr 1.68e-03 | 1.3s
epoch 1043 | loss 139.3956 | lr 1.68e-03 | 1.3s
epoch 1044 | loss 138.7554 | lr 1.68e-03 | 1.3s
epoch 1045 | loss 138.9693 | lr 1.68e-03 | 1.3s
epoch 1046 | loss 138.9212 | lr 1.68e-03 | 1.3s
epoch 1047 | loss 139.6593 | lr 1.68e-03 | 1.3s
epoch 1048 | loss 139.2523 | lr 1.68e-03 | 1.3s
epoch 1049 | loss 140.1776 | lr 1.68e-03 | 1.3s
epoch 1050 | loss 139.7705 | lr 1.68e-03 | 1.3s
epoch 1051 | loss 139.2371 | lr 1.68e-03 | 1.3s
epoch 1052 | loss 138.8299 | lr 1.68e-03 | 1.3s
epoch 1053 | loss 139.6795 | lr 1.68e-03 | 1.3s
epoch 1054 | loss 139.8380 | lr 1.68e-03 | 1.3s
epoch 1055 | loss 138.0270 | lr 1.68e-03 | 1.3s
epoch 1056 | loss 138.9558 | lr 1.67e-03 | 1.3s
epoch 1057 | loss 139.5659 | lr 1.67e-03 | 1.3s
epoch 1058 | loss 138.8627 | lr 1.67e-03 | 1.3s
epoch 1059 | loss 138.3056 | lr 1.67e-03 | 1.3s
epoch 1060 | loss 140.6174 | lr 1.67e-03 | 1.3s
epoch 1061 | loss 138.1616 | lr 1.67e-03 | 1.3s
epoch 1062 | loss 138.6413 | lr 1.67e-03 | 1.3s
epoch 1063 | loss 139.0519 | lr 1.67e-03 | 1.3s
epoch 1064 | loss 139.8301 | lr 1.67e-03 | 1.3s
epoch 1065 | loss 138.7152 | lr 1.67e-03 | 1.3s
epoch 1066 | loss 138.2640 | lr 1.67e-03 | 1.3s
epoch 1067 | loss 139.1632 | lr 1.67e-03 | 1.3s
epoch 1068 | loss 138.3881 | lr 1.67e-03 | 1.3s
epoch 1069 | loss 139.5876 | lr 1.67e-03 | 1.3s
epoch 1070 | loss 138.4240 | lr 1.67e-03 | 1.3s
epoch 1071 | loss 138.8600 | lr 1.67e-03 | 1.3s
epoch 1072 | loss 139.2548 | lr 1.67e-03 | 1.3s
epoch 1073 | loss 139.3157 | lr 1.66e-03 | 1.3s
epoch 1074 | loss 137.6964 | lr 1.66e-03 | 1.3s
epoch 1075 | loss 139.1943 | lr 1.66e-03 | 1.3s
epoch 1076 | loss 139.8052 | lr 1.66e-03 | 1.3s
epoch 1077 | loss 139.3516 | lr 1.66e-03 | 1.3s
epoch 1078 | loss 139.4809 | lr 1.66e-03 | 1.3s
epoch 1079 | loss 139.2119 | lr 1.66e-03 | 1.3s
epoch 1080 | loss 139.9626 | lr 1.66e-03 | 1.3s
epoch 1081 | loss 138.7507 | lr 1.66e-03 | 1.3s
epoch 1082 | loss 138.3340 | lr 1.66e-03 | 1.3s
epoch 1083 | loss 139.5438 | lr 1.66e-03 | 1.3s
epoch 1084 | loss 138.0024 | lr 1.66e-03 | 1.3s
epoch 1085 | loss 138.5973 | lr 1.66e-03 | 1.3s
epoch 1086 | loss 139.4829 | lr 1.66e-03 | 1.3s
epoch 1087 | loss 138.6763 | lr 1.66e-03 | 1.3s
epoch 1088 | loss 140.0349 | lr 1.66e-03 | 1.3s
epoch 1089 | loss 138.9084 | lr 1.66e-03 | 1.3s
epoch 1090 | loss 138.5224 | lr 1.65e-03 | 1.3s
epoch 1091 | loss 138.3841 | lr 1.65e-03 | 1.3s
epoch 1092 | loss 137.7920 | lr 1.65e-03 | 1.3s
epoch 1093 | loss 138.7026 | lr 1.65e-03 | 1.3s
epoch 1094 | loss 138.2934 | lr 1.65e-03 | 1.3s
epoch 1095 | loss 138.0630 | lr 1.65e-03 | 1.3s
epoch 1096 | loss 138.1642 | lr 1.65e-03 | 1.3s
epoch 1097 | loss 139.8737 | lr 1.65e-03 | 1.3s
epoch 1098 | loss 139.1694 | lr 1.65e-03 | 1.3s
epoch 1099 | loss 138.2587 | lr 1.65e-03 | 1.3s
epoch 1100 | loss 138.7824 | lr 1.65e-03 | 1.3s
epoch 1101 | loss 139.1781 | lr 1.65e-03 | 1.3s
epoch 1102 | loss 139.1864 | lr 1.65e-03 | 1.3s
epoch 1103 | loss 138.6186 | lr 1.65e-03 | 1.3s
epoch 1104 | loss 139.7727 | lr 1.65e-03 | 1.3s
epoch 1105 | loss 139.1315 | lr 1.65e-03 | 1.3s
epoch 1106 | loss 138.3830 | lr 1.65e-03 | 1.3s
epoch 1107 | loss 139.1294 | lr 1.64e-03 | 1.3s
epoch 1108 | loss 138.0628 | lr 1.64e-03 | 1.3s
epoch 1109 | loss 138.8871 | lr 1.64e-03 | 1.3s
epoch 1110 | loss 138.9475 | lr 1.64e-03 | 1.3s
epoch 1111 | loss 139.1073 | lr 1.64e-03 | 1.3s
epoch 1112 | loss 140.1057 | lr 1.64e-03 | 1.3s
epoch 1113 | loss 140.0949 | lr 1.64e-03 | 1.3s
epoch 1114 | loss 139.0311 | lr 1.64e-03 | 1.3s
epoch 1115 | loss 138.2059 | lr 1.64e-03 | 1.3s
epoch 1116 | loss 140.3717 | lr 1.64e-03 | 1.3s
epoch 1117 | loss 138.7514 | lr 1.64e-03 | 1.3s
epoch 1118 | loss 138.8423 | lr 1.64e-03 | 1.3s
epoch 1119 | loss 138.0930 | lr 1.64e-03 | 1.3s
epoch 1120 | loss 138.3900 | lr 1.64e-03 | 1.3s
epoch 1121 | loss 137.3776 | lr 1.64e-03 | 1.3s
epoch 1122 | loss 137.9264 | lr 1.64e-03 | 1.3s
epoch 1123 | loss 137.8042 | lr 1.64e-03 | 1.3s
epoch 1124 | loss 139.4092 | lr 1.63e-03 | 1.3s
epoch 1125 | loss 139.0254 | lr 1.63e-03 | 1.3s
epoch 1126 | loss 138.9075 | lr 1.63e-03 | 1.3s
epoch 1127 | loss 138.6357 | lr 1.63e-03 | 1.3s
epoch 1128 | loss 138.9181 | lr 1.63e-03 | 1.3s
epoch 1129 | loss 138.9040 | lr 1.63e-03 | 1.3s
epoch 1130 | loss 139.8857 | lr 1.63e-03 | 1.3s
epoch 1131 | loss 139.8013 | lr 1.63e-03 | 1.3s
epoch 1132 | loss 138.4810 | lr 1.63e-03 | 1.3s
epoch 1133 | loss 138.9153 | lr 1.63e-03 | 1.3s
epoch 1134 | loss 138.4536 | lr 1.63e-03 | 1.3s
epoch 1135 | loss 137.2898 | lr 1.63e-03 | 1.3s
epoch 1136 | loss 138.8053 | lr 1.63e-03 | 1.3s
epoch 1137 | loss 137.8617 | lr 1.63e-03 | 1.3s
epoch 1138 | loss 139.7860 | lr 1.63e-03 | 1.3s
epoch 1139 | loss 139.3217 | lr 1.63e-03 | 1.3s
epoch 1140 | loss 138.2920 | lr 1.62e-03 | 1.3s
epoch 1141 | loss 139.1160 | lr 1.62e-03 | 1.3s
epoch 1142 | loss 138.6778 | lr 1.62e-03 | 1.3s
epoch 1143 | loss 138.0651 | lr 1.62e-03 | 1.3s
epoch 1144 | loss 137.8519 | lr 1.62e-03 | 1.3s
epoch 1145 | loss 138.5528 | lr 1.62e-03 | 1.3s
epoch 1146 | loss 138.5160 | lr 1.62e-03 | 1.3s
epoch 1147 | loss 137.0719 | lr 1.62e-03 | 1.3s
epoch 1148 | loss 139.5971 | lr 1.62e-03 | 1.3s
epoch 1149 | loss 139.0450 | lr 1.62e-03 | 1.3s
epoch 1150 | loss 139.6194 | lr 1.62e-03 | 1.3s
epoch 1151 | loss 138.1380 | lr 1.62e-03 | 1.3s
epoch 1152 | loss 138.8016 | lr 1.62e-03 | 1.3s
epoch 1153 | loss 139.6295 | lr 1.62e-03 | 1.3s
epoch 1154 | loss 138.9941 | lr 1.62e-03 | 1.3s
epoch 1155 | loss 139.4905 | lr 1.62e-03 | 1.3s
epoch 1156 | loss 139.3519 | lr 1.61e-03 | 1.3s
epoch 1157 | loss 137.5108 | lr 1.61e-03 | 1.3s
epoch 1158 | loss 138.7990 | lr 1.61e-03 | 1.3s
epoch 1159 | loss 140.2046 | lr 1.61e-03 | 1.3s
epoch 1160 | loss 138.6586 | lr 1.61e-03 | 1.3s
epoch 1161 | loss 138.6856 | lr 1.61e-03 | 1.3s
epoch 1162 | loss 139.6605 | lr 1.61e-03 | 1.3s
epoch 1163 | loss 140.0321 | lr 1.61e-03 | 1.3s
epoch 1164 | loss 137.9444 | lr 1.61e-03 | 1.3s
epoch 1165 | loss 137.4089 | lr 1.61e-03 | 1.3s
epoch 1166 | loss 138.9763 | lr 1.61e-03 | 1.3s
epoch 1167 | loss 139.7765 | lr 1.61e-03 | 1.3s
epoch 1168 | loss 140.0658 | lr 1.61e-03 | 1.3s
epoch 1169 | loss 139.4781 | lr 1.61e-03 | 1.3s
epoch 1170 | loss 139.6100 | lr 1.61e-03 | 1.3s
epoch 1171 | loss 138.5488 | lr 1.61e-03 | 1.3s
epoch 1172 | loss 139.0101 | lr 1.60e-03 | 1.3s
epoch 1173 | loss 137.7355 | lr 1.60e-03 | 1.3s
epoch 1174 | loss 139.4552 | lr 1.60e-03 | 1.3s
epoch 1175 | loss 139.7479 | lr 1.60e-03 | 1.3s
epoch 1176 | loss 138.4034 | lr 1.60e-03 | 1.3s
epoch 1177 | loss 139.3105 | lr 1.60e-03 | 1.3s
epoch 1178 | loss 139.0572 | lr 1.60e-03 | 1.3s
epoch 1179 | loss 139.4673 | lr 1.60e-03 | 1.3s
epoch 1180 | loss 138.4602 | lr 1.60e-03 | 1.3s
epoch 1181 | loss 138.1911 | lr 1.60e-03 | 1.3s
epoch 1182 | loss 138.8619 | lr 1.60e-03 | 1.3s
epoch 1183 | loss 138.3105 | lr 1.60e-03 | 1.3s
epoch 1184 | loss 138.9315 | lr 1.60e-03 | 1.3s
epoch 1185 | loss 138.0147 | lr 1.60e-03 | 1.3s
epoch 1186 | loss 139.0268 | lr 1.60e-03 | 1.3s
epoch 1187 | loss 137.7131 | lr 1.60e-03 | 1.3s
epoch 1188 | loss 138.1760 | lr 1.59e-03 | 1.3s
epoch 1189 | loss 137.9124 | lr 1.59e-03 | 1.3s
epoch 1190 | loss 139.4435 | lr 1.59e-03 | 1.3s
epoch 1191 | loss 138.3005 | lr 1.59e-03 | 1.3s
epoch 1192 | loss 138.9126 | lr 1.59e-03 | 1.3s
epoch 1193 | loss 140.0066 | lr 1.59e-03 | 1.3s
epoch 1194 | loss 139.2142 | lr 1.59e-03 | 1.3s
epoch 1195 | loss 138.3115 | lr 1.59e-03 | 1.3s
epoch 1196 | loss 137.9695 | lr 1.59e-03 | 1.3s
epoch 1197 | loss 139.5222 | lr 1.59e-03 | 1.3s
epoch 1198 | loss 139.2142 | lr 1.59e-03 | 1.3s
epoch 1199 | loss 138.8953 | lr 1.59e-03 | 1.3s
epoch 1200 | loss 139.9887 | lr 1.59e-03 | 1.3s
epoch 1201 | loss 138.0012 | lr 1.59e-03 | 1.3s
epoch 1202 | loss 138.1386 | lr 1.59e-03 | 1.3s
epoch 1203 | loss 138.8710 | lr 1.59e-03 | 1.3s
epoch 1204 | loss 139.5681 | lr 1.58e-03 | 1.3s
epoch 1205 | loss 141.0887 | lr 1.58e-03 | 1.3s
epoch 1206 | loss 140.3909 | lr 1.58e-03 | 1.3s
epoch 1207 | loss 138.3238 | lr 1.58e-03 | 1.3s
epoch 1208 | loss 137.7898 | lr 1.58e-03 | 1.3s
epoch 1209 | loss 137.9860 | lr 1.58e-03 | 1.3s
epoch 1210 | loss 138.3698 | lr 1.58e-03 | 1.3s
epoch 1211 | loss 140.0034 | lr 1.58e-03 | 1.3s
epoch 1212 | loss 139.1963 | lr 1.58e-03 | 1.3s
epoch 1213 | loss 138.1829 | lr 1.58e-03 | 1.3s
epoch 1214 | loss 137.9382 | lr 1.58e-03 | 1.3s
epoch 1215 | loss 139.7140 | lr 1.58e-03 | 1.3s
epoch 1216 | loss 138.1051 | lr 1.58e-03 | 1.3s
epoch 1217 | loss 138.3439 | lr 1.58e-03 | 1.3s
epoch 1218 | loss 137.4987 | lr 1.58e-03 | 1.3s
epoch 1219 | loss 139.0263 | lr 1.58e-03 | 1.3s
epoch 1220 | loss 139.6773 | lr 1.57e-03 | 1.3s
epoch 1221 | loss 138.6910 | lr 1.57e-03 | 1.3s
epoch 1222 | loss 139.5681 | lr 1.57e-03 | 1.3s
epoch 1223 | loss 139.2424 | lr 1.57e-03 | 1.3s
epoch 1224 | loss 138.1107 | lr 1.57e-03 | 1.3s
epoch 1225 | loss 138.1876 | lr 1.57e-03 | 1.3s
epoch 1226 | loss 139.6991 | lr 1.57e-03 | 1.3s
epoch 1227 | loss 138.2908 | lr 1.57e-03 | 1.3s
epoch 1228 | loss 139.0420 | lr 1.57e-03 | 1.3s
epoch 1229 | loss 137.8973 | lr 1.57e-03 | 1.3s
epoch 1230 | loss 137.7807 | lr 1.57e-03 | 1.3s
epoch 1231 | loss 138.5231 | lr 1.57e-03 | 1.3s
epoch 1232 | loss 139.4879 | lr 1.57e-03 | 1.3s
epoch 1233 | loss 139.0107 | lr 1.57e-03 | 1.3s
epoch 1234 | loss 139.6273 | lr 1.57e-03 | 1.3s
epoch 1235 | loss 139.7197 | lr 1.56e-03 | 1.3s
epoch 1236 | loss 139.5983 | lr 1.56e-03 | 1.3s
epoch 1237 | loss 139.7358 | lr 1.56e-03 | 1.3s
epoch 1238 | loss 139.4260 | lr 1.56e-03 | 1.3s
epoch 1239 | loss 138.9130 | lr 1.56e-03 | 1.3s
epoch 1240 | loss 138.5317 | lr 1.56e-03 | 1.3s
epoch 1241 | loss 140.1684 | lr 1.56e-03 | 1.3s
epoch 1242 | loss 138.2882 | lr 1.56e-03 | 1.3s
epoch 1243 | loss 139.5214 | lr 1.56e-03 | 1.3s
epoch 1244 | loss 138.5944 | lr 1.56e-03 | 1.3s
epoch 1245 | loss 139.5598 | lr 1.56e-03 | 1.3s
epoch 1246 | loss 138.6819 | lr 1.56e-03 | 1.3s
epoch 1247 | loss 139.4448 | lr 1.56e-03 | 1.3s
epoch 1248 | loss 139.4510 | lr 1.56e-03 | 1.3s
epoch 1249 | loss 138.8952 | lr 1.56e-03 | 1.3s
epoch 1250 | loss 137.6348 | lr 1.55e-03 | 1.3s
epoch 1251 | loss 137.9435 | lr 1.55e-03 | 1.3s
epoch 1252 | loss 139.4512 | lr 1.55e-03 | 1.3s
epoch 1253 | loss 139.1821 | lr 1.55e-03 | 1.3s
epoch 1254 | loss 140.4473 | lr 1.55e-03 | 1.3s
epoch 1255 | loss 138.7851 | lr 1.55e-03 | 1.3s
epoch 1256 | loss 138.6135 | lr 1.55e-03 | 1.3s
epoch 1257 | loss 138.1737 | lr 1.55e-03 | 1.3s
epoch 1258 | loss 138.5199 | lr 1.55e-03 | 1.3s
epoch 1259 | loss 138.3707 | lr 1.55e-03 | 1.3s
epoch 1260 | loss 138.6896 | lr 1.55e-03 | 1.3s
epoch 1261 | loss 138.6322 | lr 1.55e-03 | 1.3s
epoch 1262 | loss 138.1566 | lr 1.55e-03 | 1.3s
epoch 1263 | loss 138.9473 | lr 1.55e-03 | 1.3s
epoch 1264 | loss 139.8218 | lr 1.55e-03 | 1.3s
epoch 1265 | loss 139.6777 | lr 1.55e-03 | 1.3s
epoch 1266 | loss 138.8530 | lr 1.54e-03 | 1.3s
epoch 1267 | loss 139.0670 | lr 1.54e-03 | 1.3s
epoch 1268 | loss 137.7546 | lr 1.54e-03 | 1.3s
epoch 1269 | loss 138.4001 | lr 1.54e-03 | 1.3s
epoch 1270 | loss 139.0701 | lr 1.54e-03 | 1.3s
epoch 1271 | loss 140.1241 | lr 1.54e-03 | 1.3s
epoch 1272 | loss 138.9443 | lr 1.54e-03 | 1.3s
epoch 1273 | loss 138.5207 | lr 1.54e-03 | 1.3s
epoch 1274 | loss 138.4097 | lr 1.54e-03 | 1.3s
epoch 1275 | loss 139.5249 | lr 1.54e-03 | 1.3s
epoch 1276 | loss 138.1813 | lr 1.54e-03 | 1.3s
epoch 1277 | loss 137.5758 | lr 1.54e-03 | 1.3s
epoch 1278 | loss 139.9274 | lr 1.54e-03 | 1.3s
epoch 1279 | loss 139.2948 | lr 1.54e-03 | 1.3s
epoch 1280 | loss 139.0485 | lr 1.54e-03 | 1.3s
epoch 1281 | loss 139.8572 | lr 1.53e-03 | 1.3s
epoch 1282 | loss 138.7740 | lr 1.53e-03 | 1.3s
epoch 1283 | loss 137.9031 | lr 1.53e-03 | 1.3s
epoch 1284 | loss 138.7103 | lr 1.53e-03 | 1.3s
epoch 1285 | loss 137.7813 | lr 1.53e-03 | 1.3s
epoch 1286 | loss 138.0881 | lr 1.53e-03 | 1.3s
epoch 1287 | loss 138.8049 | lr 1.53e-03 | 1.3s
epoch 1288 | loss 138.9933 | lr 1.53e-03 | 1.3s
epoch 1289 | loss 137.4198 | lr 1.53e-03 | 1.3s
epoch 1290 | loss 140.0869 | lr 1.53e-03 | 1.3s
epoch 1291 | loss 139.9559 | lr 1.53e-03 | 1.3s
epoch 1292 | loss 139.1610 | lr 1.53e-03 | 1.3s
epoch 1293 | loss 138.3841 | lr 1.53e-03 | 1.3s
epoch 1294 | loss 138.3314 | lr 1.53e-03 | 1.3s
epoch 1295 | loss 139.2941 | lr 1.53e-03 | 1.3s
epoch 1296 | loss 139.5979 | lr 1.52e-03 | 1.3s
epoch 1297 | loss 138.0914 | lr 1.52e-03 | 1.3s
epoch 1298 | loss 138.0352 | lr 1.52e-03 | 1.3s
epoch 1299 | loss 138.1871 | lr 1.52e-03 | 1.3s
epoch 1300 | loss 139.3862 | lr 1.52e-03 | 1.3s
epoch 1301 | loss 138.7964 | lr 1.52e-03 | 1.3s
epoch 1302 | loss 138.5204 | lr 1.52e-03 | 1.3s
epoch 1303 | loss 137.0124 | lr 1.52e-03 | 1.3s
epoch 1304 | loss 137.9851 | lr 1.52e-03 | 1.3s
epoch 1305 | loss 139.6999 | lr 1.52e-03 | 1.3s
epoch 1306 | loss 137.7525 | lr 1.52e-03 | 1.3s
epoch 1307 | loss 138.7698 | lr 1.52e-03 | 1.3s
epoch 1308 | loss 138.7750 | lr 1.52e-03 | 1.3s
epoch 1309 | loss 140.2501 | lr 1.52e-03 | 1.3s
epoch 1310 | loss 138.5089 | lr 1.52e-03 | 1.3s
epoch 1311 | loss 138.0347 | lr 1.51e-03 | 1.3s
epoch 1312 | loss 138.5557 | lr 1.51e-03 | 1.3s
epoch 1313 | loss 139.5582 | lr 1.51e-03 | 1.3s
epoch 1314 | loss 138.2853 | lr 1.51e-03 | 1.3s
epoch 1315 | loss 139.7805 | lr 1.51e-03 | 1.3s
epoch 1316 | loss 139.5344 | lr 1.51e-03 | 1.3s
epoch 1317 | loss 139.1424 | lr 1.51e-03 | 1.3s
epoch 1318 | loss 139.4128 | lr 1.51e-03 | 1.3s
epoch 1319 | loss 138.9066 | lr 1.51e-03 | 1.3s
epoch 1320 | loss 138.1761 | lr 1.51e-03 | 1.3s
epoch 1321 | loss 139.0168 | lr 1.51e-03 | 1.3s
epoch 1322 | loss 138.4352 | lr 1.51e-03 | 1.3s
epoch 1323 | loss 138.9077 | lr 1.51e-03 | 1.3s
epoch 1324 | loss 138.3961 | lr 1.51e-03 | 1.3s
epoch 1325 | loss 139.2559 | lr 1.50e-03 | 1.3s
epoch 1326 | loss 138.7077 | lr 1.50e-03 | 1.3s
epoch 1327 | loss 138.1425 | lr 1.50e-03 | 1.3s
epoch 1328 | loss 139.7961 | lr 1.50e-03 | 1.3s
epoch 1329 | loss 139.1210 | lr 1.50e-03 | 1.3s
epoch 1330 | loss 140.0259 | lr 1.50e-03 | 1.3s
epoch 1331 | loss 138.2309 | lr 1.50e-03 | 1.3s
epoch 1332 | loss 138.9912 | lr 1.50e-03 | 1.3s
epoch 1333 | loss 138.0670 | lr 1.50e-03 | 1.3s
epoch 1334 | loss 139.8526 | lr 1.50e-03 | 1.3s
epoch 1335 | loss 137.7794 | lr 1.50e-03 | 1.3s
epoch 1336 | loss 139.3925 | lr 1.50e-03 | 1.3s
epoch 1337 | loss 138.8439 | lr 1.50e-03 | 1.3s
epoch 1338 | loss 139.9667 | lr 1.50e-03 | 1.3s
epoch 1339 | loss 140.3012 | lr 1.50e-03 | 1.3s
epoch 1340 | loss 137.5901 | lr 1.49e-03 | 1.3s
epoch 1341 | loss 137.8385 | lr 1.49e-03 | 1.3s
epoch 1342 | loss 138.7460 | lr 1.49e-03 | 1.3s
epoch 1343 | loss 138.1160 | lr 1.49e-03 | 1.3s
epoch 1344 | loss 140.5143 | lr 1.49e-03 | 1.3s
epoch 1345 | loss 138.9126 | lr 1.49e-03 | 1.3s
epoch 1346 | loss 139.3008 | lr 1.49e-03 | 1.3s
epoch 1347 | loss 137.8602 | lr 1.49e-03 | 1.3s
epoch 1348 | loss 138.3271 | lr 1.49e-03 | 1.3s
epoch 1349 | loss 139.4831 | lr 1.49e-03 | 1.3s
epoch 1350 | loss 139.4170 | lr 1.49e-03 | 1.3s
epoch 1351 | loss 138.8671 | lr 1.49e-03 | 1.3s
epoch 1352 | loss 138.4186 | lr 1.49e-03 | 1.3s
epoch 1353 | loss 138.0098 | lr 1.49e-03 | 1.3s
epoch 1354 | loss 139.6074 | lr 1.49e-03 | 1.3s
epoch 1355 | loss 138.2877 | lr 1.48e-03 | 1.3s
epoch 1356 | loss 138.7821 | lr 1.48e-03 | 1.3s
epoch 1357 | loss 139.3167 | lr 1.48e-03 | 1.3s
epoch 1358 | loss 136.4290 | lr 1.48e-03 | 1.3s
epoch 1359 | loss 137.7971 | lr 1.48e-03 | 1.3s
epoch 1360 | loss 137.9853 | lr 1.48e-03 | 1.3s
epoch 1361 | loss 138.9256 | lr 1.48e-03 | 1.3s
epoch 1362 | loss 138.1068 | lr 1.48e-03 | 1.3s
epoch 1363 | loss 138.4939 | lr 1.48e-03 | 1.3s
epoch 1364 | loss 138.0440 | lr 1.48e-03 | 1.3s
epoch 1365 | loss 139.4614 | lr 1.48e-03 | 1.3s
epoch 1366 | loss 138.6262 | lr 1.48e-03 | 1.3s
epoch 1367 | loss 139.5649 | lr 1.48e-03 | 1.3s
epoch 1368 | loss 139.4039 | lr 1.48e-03 | 1.3s
epoch 1369 | loss 139.5791 | lr 1.47e-03 | 1.3s
epoch 1370 | loss 140.5806 | lr 1.47e-03 | 1.3s
epoch 1371 | loss 139.7706 | lr 1.47e-03 | 1.3s
epoch 1372 | loss 137.2783 | lr 1.47e-03 | 1.3s
epoch 1373 | loss 139.9517 | lr 1.47e-03 | 1.3s
epoch 1374 | loss 139.3016 | lr 1.47e-03 | 1.3s
epoch 1375 | loss 138.4686 | lr 1.47e-03 | 1.3s
epoch 1376 | loss 139.1388 | lr 1.47e-03 | 1.3s
epoch 1377 | loss 138.6049 | lr 1.47e-03 | 1.3s
epoch 1378 | loss 139.2884 | lr 1.47e-03 | 1.3s
epoch 1379 | loss 139.1505 | lr 1.47e-03 | 1.3s
epoch 1380 | loss 139.1340 | lr 1.47e-03 | 1.3s
epoch 1381 | loss 138.0689 | lr 1.47e-03 | 1.3s
epoch 1382 | loss 139.4030 | lr 1.47e-03 | 1.3s
epoch 1383 | loss 139.2876 | lr 1.47e-03 | 1.3s
epoch 1384 | loss 138.1755 | lr 1.46e-03 | 1.3s
epoch 1385 | loss 138.4906 | lr 1.46e-03 | 1.3s
epoch 1386 | loss 139.5590 | lr 1.46e-03 | 1.3s
epoch 1387 | loss 139.2312 | lr 1.46e-03 | 1.3s
epoch 1388 | loss 137.4261 | lr 1.46e-03 | 1.3s
epoch 1389 | loss 140.4967 | lr 1.46e-03 | 1.3s
epoch 1390 | loss 138.7121 | lr 1.46e-03 | 1.3s
epoch 1391 | loss 138.9113 | lr 1.46e-03 | 1.3s
epoch 1392 | loss 138.8635 | lr 1.46e-03 | 1.3s
epoch 1393 | loss 139.0932 | lr 1.46e-03 | 1.3s
epoch 1394 | loss 138.9718 | lr 1.46e-03 | 1.3s
epoch 1395 | loss 138.2837 | lr 1.46e-03 | 1.3s
epoch 1396 | loss 140.3655 | lr 1.46e-03 | 1.3s
epoch 1397 | loss 140.0285 | lr 1.46e-03 | 1.3s
epoch 1398 | loss 139.3343 | lr 1.45e-03 | 1.3s
epoch 1399 | loss 139.2589 | lr 1.45e-03 | 1.3s
epoch 1400 | loss 138.6900 | lr 1.45e-03 | 1.3s
epoch 1401 | loss 138.7709 | lr 1.45e-03 | 1.3s
epoch 1402 | loss 139.9761 | lr 1.45e-03 | 1.3s
epoch 1403 | loss 140.5268 | lr 1.45e-03 | 1.3s
epoch 1404 | loss 140.0371 | lr 1.45e-03 | 1.3s
epoch 1405 | loss 138.7945 | lr 1.45e-03 | 1.3s
epoch 1406 | loss 138.7451 | lr 1.45e-03 | 1.3s
epoch 1407 | loss 139.2268 | lr 1.45e-03 | 1.3s
epoch 1408 | loss 139.1077 | lr 1.45e-03 | 1.3s
epoch 1409 | loss 137.8793 | lr 1.45e-03 | 1.3s
epoch 1410 | loss 137.5904 | lr 1.45e-03 | 1.3s
epoch 1411 | loss 137.9652 | lr 1.45e-03 | 1.3s
epoch 1412 | loss 138.3902 | lr 1.44e-03 | 1.3s
epoch 1413 | loss 138.6464 | lr 1.44e-03 | 1.3s
epoch 1414 | loss 138.7901 | lr 1.44e-03 | 1.3s
epoch 1415 | loss 138.0623 | lr 1.44e-03 | 1.3s
epoch 1416 | loss 139.1284 | lr 1.44e-03 | 1.3s
epoch 1417 | loss 139.0066 | lr 1.44e-03 | 1.3s
epoch 1418 | loss 138.7547 | lr 1.44e-03 | 1.3s
epoch 1419 | loss 138.8293 | lr 1.44e-03 | 1.3s
epoch 1420 | loss 139.2488 | lr 1.44e-03 | 1.3s
epoch 1421 | loss 138.5123 | lr 1.44e-03 | 1.3s
epoch 1422 | loss 139.7540 | lr 1.44e-03 | 1.3s
epoch 1423 | loss 138.3437 | lr 1.44e-03 | 1.3s
epoch 1424 | loss 138.6945 | lr 1.44e-03 | 1.3s
epoch 1425 | loss 140.4038 | lr 1.44e-03 | 1.3s
epoch 1426 | loss 136.9518 | lr 1.43e-03 | 1.3s
epoch 1427 | loss 138.2262 | lr 1.43e-03 | 1.3s
epoch 1428 | loss 139.7296 | lr 1.43e-03 | 1.3s
epoch 1429 | loss 138.1425 | lr 1.43e-03 | 1.3s
epoch 1430 | loss 138.4229 | lr 1.43e-03 | 1.3s
epoch 1431 | loss 139.4146 | lr 1.43e-03 | 1.3s
epoch 1432 | loss 138.2368 | lr 1.43e-03 | 1.3s
epoch 1433 | loss 139.1043 | lr 1.43e-03 | 1.3s
epoch 1434 | loss 138.4652 | lr 1.43e-03 | 1.3s
epoch 1435 | loss 138.4624 | lr 1.43e-03 | 1.3s
epoch 1436 | loss 138.5062 | lr 1.43e-03 | 1.3s
epoch 1437 | loss 140.4126 | lr 1.43e-03 | 1.3s
epoch 1438 | loss 138.0678 | lr 1.43e-03 | 1.3s
epoch 1439 | loss 139.3550 | lr 1.43e-03 | 1.3s
epoch 1440 | loss 138.7540 | lr 1.43e-03 | 1.3s
epoch 1441 | loss 139.6758 | lr 1.42e-03 | 1.3s
epoch 1442 | loss 137.1428 | lr 1.42e-03 | 1.3s
epoch 1443 | loss 139.4556 | lr 1.42e-03 | 1.3s
epoch 1444 | loss 138.4146 | lr 1.42e-03 | 1.3s
epoch 1445 | loss 137.4450 | lr 1.42e-03 | 1.3s
epoch 1446 | loss 139.4945 | lr 1.42e-03 | 1.3s
epoch 1447 | loss 138.3424 | lr 1.42e-03 | 1.3s
epoch 1448 | loss 138.4180 | lr 1.42e-03 | 1.3s
epoch 1449 | loss 138.7552 | lr 1.42e-03 | 1.3s
epoch 1450 | loss 139.2077 | lr 1.42e-03 | 1.3s
epoch 1451 | loss 139.0118 | lr 1.42e-03 | 1.3s
epoch 1452 | loss 138.5909 | lr 1.42e-03 | 1.3s
epoch 1453 | loss 138.3624 | lr 1.42e-03 | 1.3s
epoch 1454 | loss 139.1809 | lr 1.42e-03 | 1.3s
epoch 1455 | loss 138.4689 | lr 1.41e-03 | 1.3s
epoch 1456 | loss 139.0382 | lr 1.41e-03 | 1.3s
epoch 1457 | loss 139.3863 | lr 1.41e-03 | 1.3s
epoch 1458 | loss 138.3421 | lr 1.41e-03 | 1.3s
epoch 1459 | loss 140.1400 | lr 1.41e-03 | 1.3s
epoch 1460 | loss 138.8187 | lr 1.41e-03 | 1.3s
epoch 1461 | loss 139.4044 | lr 1.41e-03 | 1.3s
epoch 1462 | loss 136.9415 | lr 1.41e-03 | 1.3s
epoch 1463 | loss 139.8274 | lr 1.41e-03 | 1.3s
epoch 1464 | loss 138.8874 | lr 1.41e-03 | 1.3s
epoch 1465 | loss 139.0661 | lr 1.41e-03 | 1.3s
epoch 1466 | loss 138.1857 | lr 1.41e-03 | 1.3s
epoch 1467 | loss 138.5455 | lr 1.41e-03 | 1.3s
epoch 1468 | loss 138.3105 | lr 1.41e-03 | 1.3s
epoch 1469 | loss 140.0464 | lr 1.40e-03 | 1.3s
epoch 1470 | loss 139.5424 | lr 1.40e-03 | 1.3s
epoch 1471 | loss 139.3212 | lr 1.40e-03 | 1.3s
epoch 1472 | loss 139.4967 | lr 1.40e-03 | 1.3s
epoch 1473 | loss 139.6510 | lr 1.40e-03 | 1.3s
epoch 1474 | loss 139.8184 | lr 1.40e-03 | 1.3s
epoch 1475 | loss 138.1277 | lr 1.40e-03 | 1.3s
epoch 1476 | loss 137.0148 | lr 1.40e-03 | 1.3s
epoch 1477 | loss 138.7185 | lr 1.40e-03 | 1.3s
epoch 1478 | loss 139.0530 | lr 1.40e-03 | 1.3s
epoch 1479 | loss 138.7089 | lr 1.40e-03 | 1.3s
epoch 1480 | loss 139.2338 | lr 1.40e-03 | 1.3s
epoch 1481 | loss 139.9081 | lr 1.40e-03 | 1.3s
epoch 1482 | loss 139.7092 | lr 1.39e-03 | 1.3s
epoch 1483 | loss 139.0462 | lr 1.39e-03 | 1.3s
epoch 1484 | loss 139.1279 | lr 1.39e-03 | 1.3s
epoch 1485 | loss 139.0701 | lr 1.39e-03 | 1.3s
epoch 1486 | loss 138.3148 | lr 1.39e-03 | 1.3s
epoch 1487 | loss 139.6652 | lr 1.39e-03 | 1.3s
epoch 1488 | loss 137.2729 | lr 1.39e-03 | 1.3s
epoch 1489 | loss 139.8098 | lr 1.39e-03 | 1.3s
epoch 1490 | loss 139.2710 | lr 1.39e-03 | 1.3s
epoch 1491 | loss 139.3633 | lr 1.39e-03 | 1.3s
epoch 1492 | loss 139.2129 | lr 1.39e-03 | 1.3s
epoch 1493 | loss 139.0693 | lr 1.39e-03 | 1.3s
epoch 1494 | loss 139.1887 | lr 1.39e-03 | 1.3s
epoch 1495 | loss 139.2924 | lr 1.39e-03 | 1.3s
epoch 1496 | loss 137.9501 | lr 1.38e-03 | 1.3s
epoch 1497 | loss 139.1941 | lr 1.38e-03 | 1.3s
epoch 1498 | loss 139.3651 | lr 1.38e-03 | 1.3s
epoch 1499 | loss 138.8263 | lr 1.38e-03 | 1.3s
epoch 1500 | loss 137.6842 | lr 1.38e-03 | 1.3s
epoch 1501 | loss 139.2648 | lr 1.38e-03 | 1.3s
epoch 1502 | loss 138.4443 | lr 1.38e-03 | 1.3s
epoch 1503 | loss 139.0694 | lr 1.38e-03 | 1.3s
epoch 1504 | loss 138.2095 | lr 1.38e-03 | 1.3s
epoch 1505 | loss 139.2758 | lr 1.38e-03 | 1.3s
epoch 1506 | loss 138.7330 | lr 1.38e-03 | 1.3s
epoch 1507 | loss 138.7490 | lr 1.38e-03 | 1.3s
epoch 1508 | loss 139.8511 | lr 1.38e-03 | 1.3s
epoch 1509 | loss 138.2196 | lr 1.38e-03 | 1.3s
epoch 1510 | loss 139.4711 | lr 1.37e-03 | 1.3s
epoch 1511 | loss 139.4909 | lr 1.37e-03 | 1.3s
epoch 1512 | loss 139.1339 | lr 1.37e-03 | 1.3s
epoch 1513 | loss 138.0228 | lr 1.37e-03 | 1.3s
epoch 1514 | loss 138.0111 | lr 1.37e-03 | 1.3s
epoch 1515 | loss 139.4259 | lr 1.37e-03 | 1.3s
epoch 1516 | loss 139.1872 | lr 1.37e-03 | 1.3s
epoch 1517 | loss 138.6889 | lr 1.37e-03 | 1.3s
epoch 1518 | loss 139.3396 | lr 1.37e-03 | 1.3s
epoch 1519 | loss 139.9457 | lr 1.37e-03 | 1.3s
epoch 1520 | loss 139.5004 | lr 1.37e-03 | 1.3s
epoch 1521 | loss 139.1560 | lr 1.37e-03 | 1.3s
epoch 1522 | loss 138.0801 | lr 1.37e-03 | 1.3s
epoch 1523 | loss 139.4359 | lr 1.37e-03 | 1.3s
epoch 1524 | loss 139.3002 | lr 1.36e-03 | 1.3s
epoch 1525 | loss 137.9879 | lr 1.36e-03 | 1.3s
epoch 1526 | loss 138.3801 | lr 1.36e-03 | 1.3s
epoch 1527 | loss 137.5319 | lr 1.36e-03 | 1.3s
epoch 1528 | loss 139.5648 | lr 1.36e-03 | 1.3s
epoch 1529 | loss 137.6689 | lr 1.36e-03 | 1.3s
epoch 1530 | loss 139.2770 | lr 1.36e-03 | 1.3s
epoch 1531 | loss 140.5256 | lr 1.36e-03 | 1.3s
epoch 1532 | loss 138.1763 | lr 1.36e-03 | 1.3s
epoch 1533 | loss 138.9726 | lr 1.36e-03 | 1.3s
epoch 1534 | loss 138.3928 | lr 1.36e-03 | 1.3s
epoch 1535 | loss 138.8090 | lr 1.36e-03 | 1.3s
epoch 1536 | loss 137.2573 | lr 1.36e-03 | 1.3s
epoch 1537 | loss 139.0784 | lr 1.35e-03 | 1.3s
epoch 1538 | loss 137.5225 | lr 1.35e-03 | 1.3s
epoch 1539 | loss 138.0381 | lr 1.35e-03 | 1.3s
epoch 1540 | loss 138.4992 | lr 1.35e-03 | 1.3s
epoch 1541 | loss 137.6751 | lr 1.35e-03 | 1.3s
epoch 1542 | loss 138.5370 | lr 1.35e-03 | 1.3s
epoch 1543 | loss 137.2835 | lr 1.35e-03 | 1.3s
epoch 1544 | loss 138.5264 | lr 1.35e-03 | 1.3s
epoch 1545 | loss 139.5381 | lr 1.35e-03 | 1.3s
epoch 1546 | loss 139.2316 | lr 1.35e-03 | 1.3s
epoch 1547 | loss 137.1975 | lr 1.35e-03 | 1.3s
epoch 1548 | loss 139.0820 | lr 1.35e-03 | 1.3s
epoch 1549 | loss 138.5831 | lr 1.35e-03 | 1.3s
epoch 1550 | loss 138.3700 | lr 1.35e-03 | 1.3s
epoch 1551 | loss 138.8963 | lr 1.34e-03 | 1.3s
epoch 1552 | loss 138.6038 | lr 1.34e-03 | 1.3s
epoch 1553 | loss 138.5217 | lr 1.34e-03 | 1.3s
epoch 1554 | loss 138.5172 | lr 1.34e-03 | 1.3s
epoch 1555 | loss 138.7755 | lr 1.34e-03 | 1.3s
epoch 1556 | loss 139.1952 | lr 1.34e-03 | 1.3s
epoch 1557 | loss 137.7064 | lr 1.34e-03 | 1.3s
epoch 1558 | loss 139.7723 | lr 1.34e-03 | 1.3s
epoch 1559 | loss 139.7818 | lr 1.34e-03 | 1.3s
epoch 1560 | loss 138.6107 | lr 1.34e-03 | 1.3s
epoch 1561 | loss 139.1430 | lr 1.34e-03 | 1.3s
epoch 1562 | loss 139.7610 | lr 1.34e-03 | 1.3s
epoch 1563 | loss 139.2013 | lr 1.34e-03 | 1.3s
epoch 1564 | loss 138.9012 | lr 1.34e-03 | 1.3s
epoch 1565 | loss 138.8615 | lr 1.33e-03 | 1.3s
epoch 1566 | loss 138.3337 | lr 1.33e-03 | 1.3s
epoch 1567 | loss 139.5093 | lr 1.33e-03 | 1.3s
epoch 1568 | loss 137.2056 | lr 1.33e-03 | 1.3s
epoch 1569 | loss 137.6890 | lr 1.33e-03 | 1.3s
epoch 1570 | loss 138.7736 | lr 1.33e-03 | 1.3s
epoch 1571 | loss 138.2735 | lr 1.33e-03 | 1.3s
epoch 1572 | loss 139.1670 | lr 1.33e-03 | 1.3s
epoch 1573 | loss 138.5229 | lr 1.33e-03 | 1.3s
epoch 1574 | loss 138.2227 | lr 1.33e-03 | 1.3s
epoch 1575 | loss 138.5969 | lr 1.33e-03 | 1.3s
epoch 1576 | loss 138.5776 | lr 1.33e-03 | 1.3s
epoch 1577 | loss 138.8180 | lr 1.33e-03 | 1.3s
epoch 1578 | loss 138.8393 | lr 1.32e-03 | 1.3s
epoch 1579 | loss 138.9377 | lr 1.32e-03 | 1.3s
epoch 1580 | loss 137.8139 | lr 1.32e-03 | 1.3s
epoch 1581 | loss 137.3290 | lr 1.32e-03 | 1.3s
epoch 1582 | loss 138.5831 | lr 1.32e-03 | 1.3s
epoch 1583 | loss 137.0889 | lr 1.32e-03 | 1.3s
epoch 1584 | loss 139.2364 | lr 1.32e-03 | 1.3s
epoch 1585 | loss 138.4126 | lr 1.32e-03 | 1.3s
epoch 1586 | loss 137.5862 | lr 1.32e-03 | 1.3s
epoch 1587 | loss 137.1866 | lr 1.32e-03 | 1.3s
epoch 1588 | loss 139.6776 | lr 1.32e-03 | 1.3s
epoch 1589 | loss 138.4320 | lr 1.32e-03 | 1.3s
epoch 1590 | loss 138.4735 | lr 1.32e-03 | 1.3s
epoch 1591 | loss 138.5102 | lr 1.31e-03 | 1.3s
epoch 1592 | loss 138.4582 | lr 1.31e-03 | 1.3s
epoch 1593 | loss 137.7006 | lr 1.31e-03 | 1.3s
epoch 1594 | loss 138.2530 | lr 1.31e-03 | 1.3s
epoch 1595 | loss 138.1814 | lr 1.31e-03 | 1.3s
epoch 1596 | loss 139.2901 | lr 1.31e-03 | 1.3s
epoch 1597 | loss 137.1366 | lr 1.31e-03 | 1.3s
epoch 1598 | loss 137.9916 | lr 1.31e-03 | 1.3s
epoch 1599 | loss 138.4915 | lr 1.31e-03 | 1.3s
epoch 1600 | loss 139.0903 | lr 1.31e-03 | 1.3s
epoch 1601 | loss 138.7264 | lr 1.31e-03 | 1.3s
epoch 1602 | loss 138.3172 | lr 1.31e-03 | 1.3s
epoch 1603 | loss 139.1607 | lr 1.31e-03 | 1.3s
epoch 1604 | loss 138.7295 | lr 1.31e-03 | 1.3s
epoch 1605 | loss 139.2773 | lr 1.30e-03 | 1.3s
epoch 1606 | loss 138.1075 | lr 1.30e-03 | 1.3s
epoch 1607 | loss 138.5046 | lr 1.30e-03 | 1.3s
epoch 1608 | loss 138.7559 | lr 1.30e-03 | 1.3s
epoch 1609 | loss 139.0300 | lr 1.30e-03 | 1.3s
epoch 1610 | loss 138.3700 | lr 1.30e-03 | 1.3s
epoch 1611 | loss 138.4277 | lr 1.30e-03 | 1.3s
epoch 1612 | loss 139.4830 | lr 1.30e-03 | 1.3s
epoch 1613 | loss 137.4335 | lr 1.30e-03 | 1.3s
epoch 1614 | loss 138.2885 | lr 1.30e-03 | 1.3s
epoch 1615 | loss 138.8561 | lr 1.30e-03 | 1.3s
epoch 1616 | loss 138.3883 | lr 1.30e-03 | 1.3s
epoch 1617 | loss 140.4018 | lr 1.30e-03 | 1.3s
epoch 1618 | loss 138.8453 | lr 1.29e-03 | 1.3s
epoch 1619 | loss 140.4946 | lr 1.29e-03 | 1.3s
epoch 1620 | loss 139.2794 | lr 1.29e-03 | 1.3s
epoch 1621 | loss 139.6793 | lr 1.29e-03 | 1.3s
epoch 1622 | loss 139.5358 | lr 1.29e-03 | 1.3s
epoch 1623 | loss 139.0759 | lr 1.29e-03 | 1.3s
epoch 1624 | loss 138.7220 | lr 1.29e-03 | 1.3s
epoch 1625 | loss 138.1586 | lr 1.29e-03 | 1.3s
epoch 1626 | loss 138.8037 | lr 1.29e-03 | 1.3s
epoch 1627 | loss 139.1031 | lr 1.29e-03 | 1.3s
epoch 1628 | loss 139.6931 | lr 1.29e-03 | 1.3s
epoch 1629 | loss 139.0537 | lr 1.29e-03 | 1.3s
epoch 1630 | loss 139.2929 | lr 1.29e-03 | 1.3s
epoch 1631 | loss 137.1269 | lr 1.29e-03 | 1.3s
epoch 1632 | loss 140.4516 | lr 1.28e-03 | 1.3s
epoch 1633 | loss 139.2219 | lr 1.28e-03 | 1.3s
epoch 1634 | loss 138.9878 | lr 1.28e-03 | 1.3s
epoch 1635 | loss 137.8274 | lr 1.28e-03 | 1.3s
epoch 1636 | loss 139.3285 | lr 1.28e-03 | 1.3s
epoch 1637 | loss 138.7553 | lr 1.28e-03 | 1.3s
epoch 1638 | loss 138.3890 | lr 1.28e-03 | 1.3s
epoch 1639 | loss 137.7049 | lr 1.28e-03 | 1.3s
epoch 1640 | loss 139.4113 | lr 1.28e-03 | 1.3s
epoch 1641 | loss 138.7198 | lr 1.28e-03 | 1.3s
epoch 1642 | loss 137.5701 | lr 1.28e-03 | 1.3s
epoch 1643 | loss 136.9212 | lr 1.28e-03 | 1.3s
epoch 1644 | loss 138.5797 | lr 1.28e-03 | 1.3s
epoch 1645 | loss 138.7451 | lr 1.27e-03 | 1.3s
epoch 1646 | loss 137.6091 | lr 1.27e-03 | 1.3s
epoch 1647 | loss 138.8586 | lr 1.27e-03 | 1.3s
epoch 1648 | loss 138.4408 | lr 1.27e-03 | 1.3s
epoch 1649 | loss 139.0884 | lr 1.27e-03 | 1.3s
epoch 1650 | loss 138.8520 | lr 1.27e-03 | 1.3s
epoch 1651 | loss 139.5153 | lr 1.27e-03 | 1.3s
epoch 1652 | loss 137.1839 | lr 1.27e-03 | 1.3s
epoch 1653 | loss 138.0519 | lr 1.27e-03 | 1.3s
epoch 1654 | loss 138.0247 | lr 1.27e-03 | 1.3s
epoch 1655 | loss 139.3115 | lr 1.27e-03 | 1.3s
epoch 1656 | loss 139.1129 | lr 1.27e-03 | 1.3s
epoch 1657 | loss 137.4910 | lr 1.27e-03 | 1.3s
epoch 1658 | loss 139.8110 | lr 1.26e-03 | 1.3s
epoch 1659 | loss 138.7295 | lr 1.26e-03 | 1.3s
epoch 1660 | loss 138.5469 | lr 1.26e-03 | 1.3s
epoch 1661 | loss 137.5435 | lr 1.26e-03 | 1.3s
epoch 1662 | loss 137.6924 | lr 1.26e-03 | 1.3s
epoch 1663 | loss 140.2722 | lr 1.26e-03 | 1.3s
epoch 1664 | loss 137.7364 | lr 1.26e-03 | 1.3s
epoch 1665 | loss 140.1492 | lr 1.26e-03 | 1.3s
epoch 1666 | loss 138.0613 | lr 1.26e-03 | 1.3s
epoch 1667 | loss 137.8342 | lr 1.26e-03 | 1.3s
epoch 1668 | loss 137.2909 | lr 1.26e-03 | 1.3s
epoch 1669 | loss 138.3006 | lr 1.26e-03 | 1.3s
epoch 1670 | loss 138.6455 | lr 1.26e-03 | 1.3s
epoch 1671 | loss 138.4198 | lr 1.25e-03 | 1.3s
epoch 1672 | loss 138.3936 | lr 1.25e-03 | 1.3s
epoch 1673 | loss 138.7549 | lr 1.25e-03 | 1.3s
epoch 1674 | loss 138.6604 | lr 1.25e-03 | 1.3s
epoch 1675 | loss 138.2909 | lr 1.25e-03 | 1.3s
epoch 1676 | loss 139.3037 | lr 1.25e-03 | 1.3s
epoch 1677 | loss 139.6444 | lr 1.25e-03 | 1.3s
epoch 1678 | loss 138.7337 | lr 1.25e-03 | 1.3s
epoch 1679 | loss 140.4306 | lr 1.25e-03 | 1.3s
epoch 1680 | loss 138.2155 | lr 1.25e-03 | 1.3s
epoch 1681 | loss 138.9122 | lr 1.25e-03 | 1.3s
epoch 1682 | loss 139.7558 | lr 1.25e-03 | 1.3s
epoch 1683 | loss 138.5210 | lr 1.25e-03 | 1.3s
epoch 1684 | loss 138.6359 | lr 1.24e-03 | 1.3s
epoch 1685 | loss 137.9487 | lr 1.24e-03 | 1.3s
epoch 1686 | loss 137.6842 | lr 1.24e-03 | 1.3s
epoch 1687 | loss 139.1229 | lr 1.24e-03 | 1.3s
epoch 1688 | loss 139.8769 | lr 1.24e-03 | 1.3s
epoch 1689 | loss 138.3284 | lr 1.24e-03 | 1.3s
epoch 1690 | loss 140.0099 | lr 1.24e-03 | 1.3s
epoch 1691 | loss 138.2515 | lr 1.24e-03 | 1.3s
epoch 1692 | loss 138.3652 | lr 1.24e-03 | 1.3s
epoch 1693 | loss 138.4284 | lr 1.24e-03 | 1.3s
epoch 1694 | loss 138.3783 | lr 1.24e-03 | 1.3s
epoch 1695 | loss 137.7532 | lr 1.24e-03 | 1.3s
epoch 1696 | loss 138.5270 | lr 1.24e-03 | 1.3s
epoch 1697 | loss 138.7355 | lr 1.23e-03 | 1.3s
epoch 1698 | loss 138.9743 | lr 1.23e-03 | 1.3s
epoch 1699 | loss 139.3704 | lr 1.23e-03 | 1.3s
epoch 1700 | loss 137.8594 | lr 1.23e-03 | 1.3s
epoch 1701 | loss 139.0449 | lr 1.23e-03 | 1.3s
epoch 1702 | loss 137.1883 | lr 1.23e-03 | 1.3s
epoch 1703 | loss 138.2608 | lr 1.23e-03 | 1.3s
epoch 1704 | loss 138.0626 | lr 1.23e-03 | 1.3s
epoch 1705 | loss 136.8247 | lr 1.23e-03 | 1.3s
epoch 1706 | loss 138.4252 | lr 1.23e-03 | 1.3s
epoch 1707 | loss 139.8893 | lr 1.23e-03 | 1.3s
epoch 1708 | loss 138.0119 | lr 1.23e-03 | 1.3s
epoch 1709 | loss 138.2256 | lr 1.23e-03 | 1.3s
epoch 1710 | loss 138.4980 | lr 1.23e-03 | 1.3s
epoch 1711 | loss 139.6573 | lr 1.22e-03 | 1.3s
epoch 1712 | loss 138.9500 | lr 1.22e-03 | 1.3s
epoch 1713 | loss 138.3399 | lr 1.22e-03 | 1.3s
epoch 1714 | loss 138.4865 | lr 1.22e-03 | 1.3s
epoch 1715 | loss 139.4520 | lr 1.22e-03 | 1.3s
epoch 1716 | loss 138.8089 | lr 1.22e-03 | 1.3s
epoch 1717 | loss 139.8690 | lr 1.22e-03 | 1.3s
epoch 1718 | loss 137.9082 | lr 1.22e-03 | 1.3s
epoch 1719 | loss 138.4093 | lr 1.22e-03 | 1.3s
epoch 1720 | loss 140.8430 | lr 1.22e-03 | 1.3s
epoch 1721 | loss 139.3325 | lr 1.22e-03 | 1.3s
epoch 1722 | loss 137.4987 | lr 1.22e-03 | 1.3s
epoch 1723 | loss 138.5932 | lr 1.22e-03 | 1.3s
epoch 1724 | loss 138.6488 | lr 1.21e-03 | 1.3s
epoch 1725 | loss 138.1839 | lr 1.21e-03 | 1.3s
epoch 1726 | loss 139.0190 | lr 1.21e-03 | 1.3s
epoch 1727 | loss 140.5480 | lr 1.21e-03 | 1.3s
epoch 1728 | loss 138.2476 | lr 1.21e-03 | 1.3s
epoch 1729 | loss 139.3272 | lr 1.21e-03 | 1.3s
epoch 1730 | loss 139.2887 | lr 1.21e-03 | 1.3s
epoch 1731 | loss 138.1874 | lr 1.21e-03 | 1.3s
epoch 1732 | loss 138.8962 | lr 1.21e-03 | 1.3s
epoch 1733 | loss 138.7148 | lr 1.21e-03 | 1.3s
epoch 1734 | loss 138.8082 | lr 1.21e-03 | 1.3s
epoch 1735 | loss 137.8597 | lr 1.21e-03 | 1.3s
epoch 1736 | loss 138.9196 | lr 1.21e-03 | 1.3s
epoch 1737 | loss 138.3008 | lr 1.20e-03 | 1.3s
epoch 1738 | loss 136.7357 | lr 1.20e-03 | 1.3s
epoch 1739 | loss 139.5423 | lr 1.20e-03 | 1.3s
epoch 1740 | loss 138.1900 | lr 1.20e-03 | 1.3s
epoch 1741 | loss 138.9380 | lr 1.20e-03 | 1.3s
epoch 1742 | loss 137.6730 | lr 1.20e-03 | 1.3s
epoch 1743 | loss 136.8420 | lr 1.20e-03 | 1.3s
epoch 1744 | loss 138.2283 | lr 1.20e-03 | 1.3s
epoch 1745 | loss 138.3054 | lr 1.20e-03 | 1.3s
epoch 1746 | loss 139.1389 | lr 1.20e-03 | 1.3s
epoch 1747 | loss 138.1900 | lr 1.20e-03 | 1.3s
epoch 1748 | loss 139.5839 | lr 1.20e-03 | 1.3s
epoch 1749 | loss 139.8523 | lr 1.20e-03 | 1.3s
epoch 1750 | loss 138.6563 | lr 1.19e-03 | 1.3s
epoch 1751 | loss 136.2044 | lr 1.19e-03 | 1.3s
epoch 1752 | loss 137.9790 | lr 1.19e-03 | 1.3s
epoch 1753 | loss 138.9513 | lr 1.19e-03 | 1.3s
epoch 1754 | loss 138.7144 | lr 1.19e-03 | 1.3s
epoch 1755 | loss 139.1567 | lr 1.19e-03 | 1.3s
epoch 1756 | loss 138.7482 | lr 1.19e-03 | 1.3s
epoch 1757 | loss 137.8432 | lr 1.19e-03 | 1.3s
epoch 1758 | loss 137.8793 | lr 1.19e-03 | 1.3s
epoch 1759 | loss 140.2415 | lr 1.19e-03 | 1.3s
epoch 1760 | loss 139.4897 | lr 1.19e-03 | 1.3s
epoch 1761 | loss 138.6410 | lr 1.19e-03 | 1.3s
epoch 1762 | loss 138.5219 | lr 1.19e-03 | 1.3s
epoch 1763 | loss 139.4503 | lr 1.18e-03 | 1.3s
epoch 1764 | loss 138.9413 | lr 1.18e-03 | 1.3s
epoch 1765 | loss 138.0074 | lr 1.18e-03 | 1.3s
epoch 1766 | loss 138.1663 | lr 1.18e-03 | 1.3s
epoch 1767 | loss 139.2213 | lr 1.18e-03 | 1.3s
epoch 1768 | loss 139.0392 | lr 1.18e-03 | 1.3s
epoch 1769 | loss 138.2810 | lr 1.18e-03 | 1.3s
epoch 1770 | loss 138.7022 | lr 1.18e-03 | 1.3s
epoch 1771 | loss 138.4462 | lr 1.18e-03 | 1.3s
epoch 1772 | loss 137.6879 | lr 1.18e-03 | 1.3s
epoch 1773 | loss 138.6615 | lr 1.18e-03 | 1.3s
epoch 1774 | loss 138.8766 | lr 1.18e-03 | 1.3s
epoch 1775 | loss 140.2624 | lr 1.18e-03 | 1.3s
epoch 1776 | loss 138.9266 | lr 1.17e-03 | 1.3s
epoch 1777 | loss 138.7866 | lr 1.17e-03 | 1.3s
epoch 1778 | loss 138.9109 | lr 1.17e-03 | 1.3s
epoch 1779 | loss 138.3472 | lr 1.17e-03 | 1.3s
epoch 1780 | loss 138.6079 | lr 1.17e-03 | 1.3s
epoch 1781 | loss 139.4911 | lr 1.17e-03 | 1.3s
epoch 1782 | loss 137.4654 | lr 1.17e-03 | 1.3s
epoch 1783 | loss 137.9525 | lr 1.17e-03 | 1.3s
epoch 1784 | loss 138.8832 | lr 1.17e-03 | 1.3s
epoch 1785 | loss 140.2436 | lr 1.17e-03 | 1.3s
epoch 1786 | loss 137.4836 | lr 1.17e-03 | 1.3s
epoch 1787 | loss 139.2556 | lr 1.17e-03 | 1.3s
epoch 1788 | loss 138.5901 | lr 1.16e-03 | 1.3s
epoch 1789 | loss 138.6923 | lr 1.16e-03 | 1.3s
epoch 1790 | loss 137.3859 | lr 1.16e-03 | 1.3s
epoch 1791 | loss 137.2339 | lr 1.16e-03 | 1.3s
epoch 1792 | loss 138.2181 | lr 1.16e-03 | 1.3s
epoch 1793 | loss 138.3983 | lr 1.16e-03 | 1.3s
epoch 1794 | loss 137.9798 | lr 1.16e-03 | 1.3s
epoch 1795 | loss 138.9431 | lr 1.16e-03 | 1.3s
epoch 1796 | loss 137.5639 | lr 1.16e-03 | 1.3s
epoch 1797 | loss 139.1114 | lr 1.16e-03 | 1.3s
epoch 1798 | loss 138.0480 | lr 1.16e-03 | 1.3s
epoch 1799 | loss 139.8878 | lr 1.16e-03 | 1.3s
epoch 1800 | loss 138.5086 | lr 1.16e-03 | 1.3s
epoch 1801 | loss 139.5366 | lr 1.15e-03 | 1.3s
epoch 1802 | loss 138.5088 | lr 1.15e-03 | 1.3s
epoch 1803 | loss 138.4621 | lr 1.15e-03 | 1.3s
epoch 1804 | loss 137.4470 | lr 1.15e-03 | 1.3s
epoch 1805 | loss 137.5370 | lr 1.15e-03 | 1.3s
epoch 1806 | loss 138.2540 | lr 1.15e-03 | 1.3s
epoch 1807 | loss 140.1561 | lr 1.15e-03 | 1.3s
epoch 1808 | loss 139.7559 | lr 1.15e-03 | 1.3s
epoch 1809 | loss 139.8188 | lr 1.15e-03 | 1.3s
epoch 1810 | loss 138.4618 | lr 1.15e-03 | 1.3s
epoch 1811 | loss 138.1995 | lr 1.15e-03 | 1.3s
epoch 1812 | loss 137.3994 | lr 1.15e-03 | 1.3s
epoch 1813 | loss 138.6580 | lr 1.15e-03 | 1.3s
epoch 1814 | loss 138.0140 | lr 1.14e-03 | 1.3s
epoch 1815 | loss 140.0010 | lr 1.14e-03 | 1.3s
epoch 1816 | loss 140.5632 | lr 1.14e-03 | 1.3s
epoch 1817 | loss 138.2967 | lr 1.14e-03 | 1.3s
epoch 1818 | loss 138.8184 | lr 1.14e-03 | 1.3s
epoch 1819 | loss 137.9778 | lr 1.14e-03 | 1.3s
epoch 1820 | loss 139.4178 | lr 1.14e-03 | 1.3s
epoch 1821 | loss 137.5381 | lr 1.14e-03 | 1.3s
epoch 1822 | loss 138.2030 | lr 1.14e-03 | 1.3s
epoch 1823 | loss 138.8607 | lr 1.14e-03 | 1.3s
epoch 1824 | loss 138.3991 | lr 1.14e-03 | 1.3s
epoch 1825 | loss 138.6769 | lr 1.14e-03 | 1.3s
epoch 1826 | loss 139.5746 | lr 1.14e-03 | 1.3s
epoch 1827 | loss 137.9360 | lr 1.13e-03 | 1.3s
epoch 1828 | loss 138.5584 | lr 1.13e-03 | 1.3s
epoch 1829 | loss 138.0985 | lr 1.13e-03 | 1.3s
epoch 1830 | loss 138.9609 | lr 1.13e-03 | 1.3s
epoch 1831 | loss 138.7932 | lr 1.13e-03 | 1.3s
epoch 1832 | loss 137.3782 | lr 1.13e-03 | 1.3s
epoch 1833 | loss 138.7714 | lr 1.13e-03 | 1.3s
epoch 1834 | loss 137.9037 | lr 1.13e-03 | 1.3s
epoch 1835 | loss 138.4951 | lr 1.13e-03 | 1.3s
epoch 1836 | loss 139.4058 | lr 1.13e-03 | 1.3s
epoch 1837 | loss 138.3254 | lr 1.13e-03 | 1.3s
epoch 1838 | loss 139.3024 | lr 1.13e-03 | 1.3s
epoch 1839 | loss 138.7253 | lr 1.13e-03 | 1.3s
epoch 1840 | loss 138.1964 | lr 1.12e-03 | 1.3s
epoch 1841 | loss 137.0422 | lr 1.12e-03 | 1.3s
epoch 1842 | loss 138.5375 | lr 1.12e-03 | 1.3s
epoch 1843 | loss 137.9948 | lr 1.12e-03 | 1.3s
epoch 1844 | loss 138.2645 | lr 1.12e-03 | 1.3s
epoch 1845 | loss 138.2202 | lr 1.12e-03 | 1.3s
epoch 1846 | loss 139.2229 | lr 1.12e-03 | 1.3s
epoch 1847 | loss 138.5427 | lr 1.12e-03 | 1.3s
epoch 1848 | loss 138.7872 | lr 1.12e-03 | 1.3s
epoch 1849 | loss 138.6482 | lr 1.12e-03 | 1.3s
epoch 1850 | loss 139.6973 | lr 1.12e-03 | 1.3s
epoch 1851 | loss 137.9418 | lr 1.12e-03 | 1.3s
epoch 1852 | loss 138.6856 | lr 1.12e-03 | 1.3s
epoch 1853 | loss 138.6949 | lr 1.11e-03 | 1.3s
epoch 1854 | loss 138.5860 | lr 1.11e-03 | 1.3s
epoch 1855 | loss 138.7100 | lr 1.11e-03 | 1.3s
epoch 1856 | loss 139.2106 | lr 1.11e-03 | 1.3s
epoch 1857 | loss 138.2155 | lr 1.11e-03 | 1.3s
epoch 1858 | loss 138.1338 | lr 1.11e-03 | 1.3s
epoch 1859 | loss 138.6507 | lr 1.11e-03 | 1.3s
epoch 1860 | loss 137.4376 | lr 1.11e-03 | 1.3s
epoch 1861 | loss 138.5626 | lr 1.11e-03 | 1.3s
epoch 1862 | loss 138.0031 | lr 1.11e-03 | 1.3s
epoch 1863 | loss 137.1471 | lr 1.11e-03 | 1.3s
epoch 1864 | loss 140.1646 | lr 1.11e-03 | 1.3s
epoch 1865 | loss 139.5622 | lr 1.11e-03 | 1.3s
epoch 1866 | loss 139.1138 | lr 1.10e-03 | 1.3s
epoch 1867 | loss 137.6733 | lr 1.10e-03 | 1.3s
epoch 1868 | loss 139.2913 | lr 1.10e-03 | 1.3s
epoch 1869 | loss 139.2085 | lr 1.10e-03 | 1.3s
epoch 1870 | loss 138.6172 | lr 1.10e-03 | 1.3s
epoch 1871 | loss 137.3812 | lr 1.10e-03 | 1.3s
epoch 1872 | loss 137.7664 | lr 1.10e-03 | 1.3s
epoch 1873 | loss 138.7738 | lr 1.10e-03 | 1.3s
epoch 1874 | loss 138.8437 | lr 1.10e-03 | 1.3s
epoch 1875 | loss 138.7556 | lr 1.10e-03 | 1.3s
epoch 1876 | loss 139.0683 | lr 1.10e-03 | 1.3s
epoch 1877 | loss 137.4109 | lr 1.10e-03 | 1.3s
epoch 1878 | loss 139.4923 | lr 1.09e-03 | 1.3s
epoch 1879 | loss 138.5618 | lr 1.09e-03 | 1.3s
epoch 1880 | loss 138.8697 | lr 1.09e-03 | 1.3s
epoch 1881 | loss 138.1313 | lr 1.09e-03 | 1.3s
epoch 1882 | loss 139.3926 | lr 1.09e-03 | 1.3s
epoch 1883 | loss 138.3508 | lr 1.09e-03 | 1.3s
epoch 1884 | loss 138.8387 | lr 1.09e-03 | 1.3s
epoch 1885 | loss 139.2521 | lr 1.09e-03 | 1.3s
epoch 1886 | loss 139.4297 | lr 1.09e-03 | 1.3s
epoch 1887 | loss 138.7002 | lr 1.09e-03 | 1.3s
epoch 1888 | loss 139.6940 | lr 1.09e-03 | 1.3s
epoch 1889 | loss 139.1494 | lr 1.09e-03 | 1.3s
epoch 1890 | loss 137.7608 | lr 1.09e-03 | 1.3s
epoch 1891 | loss 139.1103 | lr 1.08e-03 | 1.3s
epoch 1892 | loss 139.1376 | lr 1.08e-03 | 1.3s
epoch 1893 | loss 138.2581 | lr 1.08e-03 | 1.3s
epoch 1894 | loss 137.7880 | lr 1.08e-03 | 1.3s
epoch 1895 | loss 138.6591 | lr 1.08e-03 | 1.3s
epoch 1896 | loss 138.5646 | lr 1.08e-03 | 1.3s
epoch 1897 | loss 139.3885 | lr 1.08e-03 | 1.3s
epoch 1898 | loss 139.5033 | lr 1.08e-03 | 1.3s
epoch 1899 | loss 138.0854 | lr 1.08e-03 | 1.3s
epoch 1900 | loss 137.2844 | lr 1.08e-03 | 1.3s
epoch 1901 | loss 139.6342 | lr 1.08e-03 | 1.3s
epoch 1902 | loss 138.4170 | lr 1.08e-03 | 1.3s
epoch 1903 | loss 137.9156 | lr 1.08e-03 | 1.3s
epoch 1904 | loss 138.2954 | lr 1.07e-03 | 1.3s
epoch 1905 | loss 138.1668 | lr 1.07e-03 | 1.3s
epoch 1906 | loss 139.7705 | lr 1.07e-03 | 1.3s
epoch 1907 | loss 137.8916 | lr 1.07e-03 | 1.3s
epoch 1908 | loss 136.4968 | lr 1.07e-03 | 1.3s
epoch 1909 | loss 138.5409 | lr 1.07e-03 | 1.3s
epoch 1910 | loss 137.5899 | lr 1.07e-03 | 1.3s
epoch 1911 | loss 137.7729 | lr 1.07e-03 | 1.3s
epoch 1912 | loss 139.2169 | lr 1.07e-03 | 1.3s
epoch 1913 | loss 137.5866 | lr 1.07e-03 | 1.3s
epoch 1914 | loss 138.6542 | lr 1.07e-03 | 1.3s
epoch 1915 | loss 138.8009 | lr 1.07e-03 | 1.3s
epoch 1916 | loss 139.3323 | lr 1.07e-03 | 1.3s
epoch 1917 | loss 139.0394 | lr 1.06e-03 | 1.3s
epoch 1918 | loss 139.2001 | lr 1.06e-03 | 1.3s
epoch 1919 | loss 138.6167 | lr 1.06e-03 | 1.3s
epoch 1920 | loss 138.9119 | lr 1.06e-03 | 1.3s
epoch 1921 | loss 139.8180 | lr 1.06e-03 | 1.3s
epoch 1922 | loss 139.4310 | lr 1.06e-03 | 1.3s
epoch 1923 | loss 138.2327 | lr 1.06e-03 | 1.3s
epoch 1924 | loss 138.7648 | lr 1.06e-03 | 1.3s
epoch 1925 | loss 139.3071 | lr 1.06e-03 | 1.3s
epoch 1926 | loss 139.1888 | lr 1.06e-03 | 1.3s
epoch 1927 | loss 138.5926 | lr 1.06e-03 | 1.3s
epoch 1928 | loss 138.9983 | lr 1.06e-03 | 1.3s
epoch 1929 | loss 139.2607 | lr 1.05e-03 | 1.3s
epoch 1930 | loss 138.4357 | lr 1.05e-03 | 1.3s
epoch 1931 | loss 138.0481 | lr 1.05e-03 | 1.3s
epoch 1932 | loss 138.9906 | lr 1.05e-03 | 1.3s
epoch 1933 | loss 138.9642 | lr 1.05e-03 | 1.3s
epoch 1934 | loss 139.9371 | lr 1.05e-03 | 1.3s
epoch 1935 | loss 139.2408 | lr 1.05e-03 | 1.3s
epoch 1936 | loss 137.4187 | lr 1.05e-03 | 1.3s
epoch 1937 | loss 139.1292 | lr 1.05e-03 | 1.3s
epoch 1938 | loss 138.6558 | lr 1.05e-03 | 1.3s
epoch 1939 | loss 140.3445 | lr 1.05e-03 | 1.3s
epoch 1940 | loss 139.1399 | lr 1.05e-03 | 1.3s
epoch 1941 | loss 139.7926 | lr 1.05e-03 | 1.3s
epoch 1942 | loss 137.7378 | lr 1.04e-03 | 1.3s
epoch 1943 | loss 137.7151 | lr 1.04e-03 | 1.3s
epoch 1944 | loss 138.9888 | lr 1.04e-03 | 1.3s
epoch 1945 | loss 139.2997 | lr 1.04e-03 | 1.3s
epoch 1946 | loss 139.2716 | lr 1.04e-03 | 1.3s
epoch 1947 | loss 138.0311 | lr 1.04e-03 | 1.3s
epoch 1948 | loss 139.1792 | lr 1.04e-03 | 1.3s
epoch 1949 | loss 139.9232 | lr 1.04e-03 | 1.3s
epoch 1950 | loss 137.7413 | lr 1.04e-03 | 1.3s
epoch 1951 | loss 136.8983 | lr 1.04e-03 | 1.3s
epoch 1952 | loss 138.9654 | lr 1.04e-03 | 1.3s
epoch 1953 | loss 139.6701 | lr 1.04e-03 | 1.3s
epoch 1954 | loss 138.0888 | lr 1.04e-03 | 1.3s
epoch 1955 | loss 137.9063 | lr 1.03e-03 | 1.3s
epoch 1956 | loss 138.5245 | lr 1.03e-03 | 1.3s
epoch 1957 | loss 139.1320 | lr 1.03e-03 | 1.3s
epoch 1958 | loss 138.7740 | lr 1.03e-03 | 1.3s
epoch 1959 | loss 139.5799 | lr 1.03e-03 | 1.3s
epoch 1960 | loss 137.5336 | lr 1.03e-03 | 1.3s
epoch 1961 | loss 138.4482 | lr 1.03e-03 | 1.3s
epoch 1962 | loss 138.5846 | lr 1.03e-03 | 1.3s
epoch 1963 | loss 138.0080 | lr 1.03e-03 | 1.3s
epoch 1964 | loss 137.4756 | lr 1.03e-03 | 1.3s
epoch 1965 | loss 139.8746 | lr 1.03e-03 | 1.3s
epoch 1966 | loss 138.0143 | lr 1.03e-03 | 1.3s
epoch 1967 | loss 137.8972 | lr 1.03e-03 | 1.3s
epoch 1968 | loss 139.3655 | lr 1.02e-03 | 1.3s
epoch 1969 | loss 139.8111 | lr 1.02e-03 | 1.3s
epoch 1970 | loss 138.1865 | lr 1.02e-03 | 1.3s
epoch 1971 | loss 139.7944 | lr 1.02e-03 | 1.3s
epoch 1972 | loss 139.9265 | lr 1.02e-03 | 1.3s
epoch 1973 | loss 138.9493 | lr 1.02e-03 | 1.3s
epoch 1974 | loss 138.7462 | lr 1.02e-03 | 1.3s
epoch 1975 | loss 137.9084 | lr 1.02e-03 | 1.3s
epoch 1976 | loss 138.6279 | lr 1.02e-03 | 1.3s
epoch 1977 | loss 139.6686 | lr 1.02e-03 | 1.3s
epoch 1978 | loss 139.0493 | lr 1.02e-03 | 1.3s
epoch 1979 | loss 137.9096 | lr 1.02e-03 | 1.3s
epoch 1980 | loss 138.5894 | lr 1.01e-03 | 1.3s
epoch 1981 | loss 139.0932 | lr 1.01e-03 | 1.3s
epoch 1982 | loss 139.1945 | lr 1.01e-03 | 1.3s
epoch 1983 | loss 139.0660 | lr 1.01e-03 | 1.3s
epoch 1984 | loss 138.3165 | lr 1.01e-03 | 1.3s
epoch 1985 | loss 139.9312 | lr 1.01e-03 | 1.3s
epoch 1986 | loss 139.2557 | lr 1.01e-03 | 1.3s
epoch 1987 | loss 138.1134 | lr 1.01e-03 | 1.3s
epoch 1988 | loss 138.4373 | lr 1.01e-03 | 1.3s
epoch 1989 | loss 137.9448 | lr 1.01e-03 | 1.3s
epoch 1990 | loss 138.8241 | lr 1.01e-03 | 1.3s
epoch 1991 | loss 138.7080 | lr 1.01e-03 | 1.3s
epoch 1992 | loss 139.2046 | lr 1.01e-03 | 1.3s
epoch 1993 | loss 138.3358 | lr 1.00e-03 | 1.3s
epoch 1994 | loss 137.3233 | lr 1.00e-03 | 1.3s
epoch 1995 | loss 138.2152 | lr 1.00e-03 | 1.3s
epoch 1996 | loss 137.3579 | lr 1.00e-03 | 1.3s
epoch 1997 | loss 138.5973 | lr 1.00e-03 | 1.3s
epoch 1998 | loss 137.9999 | lr 1.00e-03 | 1.3s
epoch 1999 | loss 139.3262 | lr 1.00e-03 | 1.3s
epoch 2000 | loss 138.4105 | lr 9.99e-04 | 1.3s
epoch 2001 | loss 137.5869 | lr 9.98e-04 | 1.3s
epoch 2002 | loss 139.5941 | lr 9.98e-04 | 1.3s
epoch 2003 | loss 139.7615 | lr 9.97e-04 | 1.3s
epoch 2004 | loss 138.4530 | lr 9.96e-04 | 1.3s
epoch 2005 | loss 138.6680 | lr 9.95e-04 | 1.3s
epoch 2006 | loss 138.6136 | lr 9.95e-04 | 1.3s
epoch 2007 | loss 136.2161 | lr 9.94e-04 | 1.3s
epoch 2008 | loss 137.9744 | lr 9.93e-04 | 1.3s
epoch 2009 | loss 138.7230 | lr 9.92e-04 | 1.3s
epoch 2010 | loss 138.4703 | lr 9.91e-04 | 1.3s
epoch 2011 | loss 138.0256 | lr 9.91e-04 | 1.3s
epoch 2012 | loss 139.1192 | lr 9.90e-04 | 1.3s
epoch 2013 | loss 138.6756 | lr 9.89e-04 | 1.3s
epoch 2014 | loss 136.4574 | lr 9.88e-04 | 1.3s
epoch 2015 | loss 137.9038 | lr 9.87e-04 | 1.3s
epoch 2016 | loss 138.0525 | lr 9.87e-04 | 1.3s
epoch 2017 | loss 137.5238 | lr 9.86e-04 | 1.3s
epoch 2018 | loss 139.3348 | lr 9.85e-04 | 1.3s
epoch 2019 | loss 138.5419 | lr 9.84e-04 | 1.3s
epoch 2020 | loss 138.0062 | lr 9.84e-04 | 1.3s
epoch 2021 | loss 138.6215 | lr 9.83e-04 | 1.3s
epoch 2022 | loss 137.9890 | lr 9.82e-04 | 1.3s
epoch 2023 | loss 137.4493 | lr 9.81e-04 | 1.3s
epoch 2024 | loss 138.6928 | lr 9.80e-04 | 1.3s
epoch 2025 | loss 140.8194 | lr 9.80e-04 | 1.3s
epoch 2026 | loss 138.4774 | lr 9.79e-04 | 1.3s
epoch 2027 | loss 138.8749 | lr 9.78e-04 | 1.3s
epoch 2028 | loss 139.1097 | lr 9.77e-04 | 1.3s
epoch 2029 | loss 138.8501 | lr 9.76e-04 | 1.3s
epoch 2030 | loss 138.5101 | lr 9.76e-04 | 1.3s
epoch 2031 | loss 139.9351 | lr 9.75e-04 | 1.3s
epoch 2032 | loss 139.4581 | lr 9.74e-04 | 1.3s
epoch 2033 | loss 138.3190 | lr 9.73e-04 | 1.3s
epoch 2034 | loss 138.3848 | lr 9.73e-04 | 1.3s
epoch 2035 | loss 139.2955 | lr 9.72e-04 | 1.3s
epoch 2036 | loss 138.7091 | lr 9.71e-04 | 1.3s
epoch 2037 | loss 138.4714 | lr 9.70e-04 | 1.3s
epoch 2038 | loss 138.6263 | lr 9.69e-04 | 1.3s
epoch 2039 | loss 139.0062 | lr 9.69e-04 | 1.3s
epoch 2040 | loss 137.9635 | lr 9.68e-04 | 1.3s
epoch 2041 | loss 137.4278 | lr 9.67e-04 | 1.3s
epoch 2042 | loss 139.4066 | lr 9.66e-04 | 1.3s
epoch 2043 | loss 138.1517 | lr 9.65e-04 | 1.3s
epoch 2044 | loss 138.0119 | lr 9.65e-04 | 1.3s
epoch 2045 | loss 138.8165 | lr 9.64e-04 | 1.3s
epoch 2046 | loss 140.1869 | lr 9.63e-04 | 1.3s
epoch 2047 | loss 138.4899 | lr 9.62e-04 | 1.3s
epoch 2048 | loss 139.5966 | lr 9.62e-04 | 1.3s
epoch 2049 | loss 137.9122 | lr 9.61e-04 | 1.3s
epoch 2050 | loss 136.9378 | lr 9.60e-04 | 1.3s
epoch 2051 | loss 138.4777 | lr 9.59e-04 | 1.3s
epoch 2052 | loss 139.3043 | lr 9.58e-04 | 1.3s
epoch 2053 | loss 138.7979 | lr 9.58e-04 | 1.3s
epoch 2054 | loss 138.5954 | lr 9.57e-04 | 1.3s
epoch 2055 | loss 138.4249 | lr 9.56e-04 | 1.3s
epoch 2056 | loss 139.8289 | lr 9.55e-04 | 1.3s
epoch 2057 | loss 138.6316 | lr 9.54e-04 | 1.3s
epoch 2058 | loss 139.3011 | lr 9.54e-04 | 1.3s
epoch 2059 | loss 139.3020 | lr 9.53e-04 | 1.3s
epoch 2060 | loss 137.5661 | lr 9.52e-04 | 1.3s
epoch 2061 | loss 140.1960 | lr 9.51e-04 | 1.3s
epoch 2062 | loss 138.2714 | lr 9.51e-04 | 1.3s
epoch 2063 | loss 137.4036 | lr 9.50e-04 | 1.3s
epoch 2064 | loss 138.5295 | lr 9.49e-04 | 1.3s
epoch 2065 | loss 139.4620 | lr 9.48e-04 | 1.3s
epoch 2066 | loss 139.4782 | lr 9.47e-04 | 1.3s
epoch 2067 | loss 138.5204 | lr 9.47e-04 | 1.3s
epoch 2068 | loss 138.4786 | lr 9.46e-04 | 1.3s
epoch 2069 | loss 139.1526 | lr 9.45e-04 | 1.3s
epoch 2070 | loss 137.9582 | lr 9.44e-04 | 1.3s
epoch 2071 | loss 137.7527 | lr 9.43e-04 | 1.3s
epoch 2072 | loss 137.9243 | lr 9.43e-04 | 1.3s
epoch 2073 | loss 137.9542 | lr 9.42e-04 | 1.3s
epoch 2074 | loss 137.2497 | lr 9.41e-04 | 1.3s
epoch 2075 | loss 138.8655 | lr 9.40e-04 | 1.3s
epoch 2076 | loss 138.8343 | lr 9.40e-04 | 1.3s
epoch 2077 | loss 137.3188 | lr 9.39e-04 | 1.3s
epoch 2078 | loss 138.3582 | lr 9.38e-04 | 1.3s
epoch 2079 | loss 139.0080 | lr 9.37e-04 | 1.3s
epoch 2080 | loss 139.0312 | lr 9.36e-04 | 1.3s
epoch 2081 | loss 138.3108 | lr 9.36e-04 | 1.3s
epoch 2082 | loss 137.4343 | lr 9.35e-04 | 1.3s
epoch 2083 | loss 139.1495 | lr 9.34e-04 | 1.3s
epoch 2084 | loss 139.4663 | lr 9.33e-04 | 1.3s
epoch 2085 | loss 138.2118 | lr 9.33e-04 | 1.3s
epoch 2086 | loss 138.7910 | lr 9.32e-04 | 1.3s
epoch 2087 | loss 137.7615 | lr 9.31e-04 | 1.3s
epoch 2088 | loss 138.6852 | lr 9.30e-04 | 1.3s
epoch 2089 | loss 139.4010 | lr 9.29e-04 | 1.3s
epoch 2090 | loss 137.9181 | lr 9.29e-04 | 1.3s
epoch 2091 | loss 137.5598 | lr 9.28e-04 | 1.3s
epoch 2092 | loss 138.5316 | lr 9.27e-04 | 1.3s
epoch 2093 | loss 139.5294 | lr 9.26e-04 | 1.3s
epoch 2094 | loss 136.4727 | lr 9.25e-04 | 1.3s
epoch 2095 | loss 138.8176 | lr 9.25e-04 | 1.3s
epoch 2096 | loss 138.2910 | lr 9.24e-04 | 1.3s
epoch 2097 | loss 139.3133 | lr 9.23e-04 | 1.3s
epoch 2098 | loss 137.2972 | lr 9.22e-04 | 1.3s
epoch 2099 | loss 139.8395 | lr 9.22e-04 | 1.3s
epoch 2100 | loss 138.1369 | lr 9.21e-04 | 1.3s
epoch 2101 | loss 137.8520 | lr 9.20e-04 | 1.3s
epoch 2102 | loss 138.8509 | lr 9.19e-04 | 1.3s
epoch 2103 | loss 139.3765 | lr 9.18e-04 | 1.3s
epoch 2104 | loss 138.0026 | lr 9.18e-04 | 1.3s
epoch 2105 | loss 138.5937 | lr 9.17e-04 | 1.3s
epoch 2106 | loss 136.4319 | lr 9.16e-04 | 1.3s
epoch 2107 | loss 139.2020 | lr 9.15e-04 | 1.3s
epoch 2108 | loss 138.8092 | lr 9.14e-04 | 1.3s
epoch 2109 | loss 138.3773 | lr 9.14e-04 | 1.3s
epoch 2110 | loss 138.4088 | lr 9.13e-04 | 1.3s
epoch 2111 | loss 136.8750 | lr 9.12e-04 | 1.3s
epoch 2112 | loss 139.1409 | lr 9.11e-04 | 1.3s
epoch 2113 | loss 137.5976 | lr 9.11e-04 | 1.3s
epoch 2114 | loss 138.4572 | lr 9.10e-04 | 1.3s
epoch 2115 | loss 140.2618 | lr 9.09e-04 | 1.3s
epoch 2116 | loss 138.7625 | lr 9.08e-04 | 1.3s
epoch 2117 | loss 139.1840 | lr 9.07e-04 | 1.3s
epoch 2118 | loss 139.9927 | lr 9.07e-04 | 1.3s
epoch 2119 | loss 138.0675 | lr 9.06e-04 | 1.3s
epoch 2120 | loss 138.5637 | lr 9.05e-04 | 1.3s
epoch 2121 | loss 139.7836 | lr 9.04e-04 | 1.3s
epoch 2122 | loss 138.4277 | lr 9.04e-04 | 1.3s
epoch 2123 | loss 138.3786 | lr 9.03e-04 | 1.3s
epoch 2124 | loss 137.1572 | lr 9.02e-04 | 1.3s
epoch 2125 | loss 138.5887 | lr 9.01e-04 | 1.3s
epoch 2126 | loss 139.0424 | lr 9.00e-04 | 1.3s
epoch 2127 | loss 138.9857 | lr 9.00e-04 | 1.3s
epoch 2128 | loss 138.6925 | lr 8.99e-04 | 1.3s
epoch 2129 | loss 138.7133 | lr 8.98e-04 | 1.3s
epoch 2130 | loss 138.4097 | lr 8.97e-04 | 1.3s
epoch 2131 | loss 138.2072 | lr 8.97e-04 | 1.3s
epoch 2132 | loss 138.6943 | lr 8.96e-04 | 1.3s
epoch 2133 | loss 137.6415 | lr 8.95e-04 | 1.3s
epoch 2134 | loss 139.6304 | lr 8.94e-04 | 1.3s
epoch 2135 | loss 138.0181 | lr 8.93e-04 | 1.3s
epoch 2136 | loss 138.4624 | lr 8.93e-04 | 1.3s
epoch 2137 | loss 139.4291 | lr 8.92e-04 | 1.3s
epoch 2138 | loss 138.1543 | lr 8.91e-04 | 1.3s
epoch 2139 | loss 138.3257 | lr 8.90e-04 | 1.3s
epoch 2140 | loss 138.4822 | lr 8.89e-04 | 1.3s
epoch 2141 | loss 138.5928 | lr 8.89e-04 | 1.3s
epoch 2142 | loss 136.9915 | lr 8.88e-04 | 1.3s
epoch 2143 | loss 138.6960 | lr 8.87e-04 | 1.3s
epoch 2144 | loss 138.1297 | lr 8.86e-04 | 1.3s
epoch 2145 | loss 138.9392 | lr 8.86e-04 | 1.3s
epoch 2146 | loss 138.4289 | lr 8.85e-04 | 1.3s
epoch 2147 | loss 137.4631 | lr 8.84e-04 | 1.3s
epoch 2148 | loss 136.7325 | lr 8.83e-04 | 1.3s
epoch 2149 | loss 138.1414 | lr 8.82e-04 | 1.3s
epoch 2150 | loss 137.4619 | lr 8.82e-04 | 1.3s
epoch 2151 | loss 138.8606 | lr 8.81e-04 | 1.3s
epoch 2152 | loss 138.8300 | lr 8.80e-04 | 1.3s
epoch 2153 | loss 138.3953 | lr 8.79e-04 | 1.3s
epoch 2154 | loss 138.7835 | lr 8.79e-04 | 1.3s
epoch 2155 | loss 139.1893 | lr 8.78e-04 | 1.3s
epoch 2156 | loss 138.0420 | lr 8.77e-04 | 1.3s
epoch 2157 | loss 137.1444 | lr 8.76e-04 | 1.3s
epoch 2158 | loss 138.7592 | lr 8.75e-04 | 1.3s
epoch 2159 | loss 137.5150 | lr 8.75e-04 | 1.3s
epoch 2160 | loss 139.0780 | lr 8.74e-04 | 1.3s
epoch 2161 | loss 138.9024 | lr 8.73e-04 | 1.3s
epoch 2162 | loss 138.6716 | lr 8.72e-04 | 1.3s
epoch 2163 | loss 139.0221 | lr 8.72e-04 | 1.3s
epoch 2164 | loss 138.0497 | lr 8.71e-04 | 1.3s
epoch 2165 | loss 139.1611 | lr 8.70e-04 | 1.3s
epoch 2166 | loss 138.8144 | lr 8.69e-04 | 1.3s
epoch 2167 | loss 137.9974 | lr 8.68e-04 | 1.3s
epoch 2168 | loss 137.1803 | lr 8.68e-04 | 1.3s
epoch 2169 | loss 137.9234 | lr 8.67e-04 | 1.3s
epoch 2170 | loss 139.1633 | lr 8.66e-04 | 1.3s
epoch 2171 | loss 139.5969 | lr 8.65e-04 | 1.3s
epoch 2172 | loss 139.4053 | lr 8.65e-04 | 1.3s
epoch 2173 | loss 138.5788 | lr 8.64e-04 | 1.3s
epoch 2174 | loss 138.9624 | lr 8.63e-04 | 1.3s
epoch 2175 | loss 139.4663 | lr 8.62e-04 | 1.3s
epoch 2176 | loss 139.2572 | lr 8.61e-04 | 1.3s
epoch 2177 | loss 139.4738 | lr 8.61e-04 | 1.3s
epoch 2178 | loss 138.2541 | lr 8.60e-04 | 1.3s
epoch 2179 | loss 139.8099 | lr 8.59e-04 | 1.3s
epoch 2180 | loss 138.0237 | lr 8.58e-04 | 1.3s
epoch 2181 | loss 138.7904 | lr 8.58e-04 | 1.3s
epoch 2182 | loss 138.1893 | lr 8.57e-04 | 1.3s
epoch 2183 | loss 139.1982 | lr 8.56e-04 | 1.3s
epoch 2184 | loss 138.6223 | lr 8.55e-04 | 1.3s
epoch 2185 | loss 137.2221 | lr 8.54e-04 | 1.3s
epoch 2186 | loss 137.7571 | lr 8.54e-04 | 1.3s
epoch 2187 | loss 138.7823 | lr 8.53e-04 | 1.3s
epoch 2188 | loss 138.1334 | lr 8.52e-04 | 1.3s
epoch 2189 | loss 138.0251 | lr 8.51e-04 | 1.3s
epoch 2190 | loss 138.7624 | lr 8.51e-04 | 1.3s
epoch 2191 | loss 139.9521 | lr 8.50e-04 | 1.3s
epoch 2192 | loss 140.0329 | lr 8.49e-04 | 1.3s
epoch 2193 | loss 137.4732 | lr 8.48e-04 | 1.3s
epoch 2194 | loss 138.1176 | lr 8.47e-04 | 1.3s
epoch 2195 | loss 139.4944 | lr 8.47e-04 | 1.3s
epoch 2196 | loss 138.1506 | lr 8.46e-04 | 1.3s
epoch 2197 | loss 138.5222 | lr 8.45e-04 | 1.3s
epoch 2198 | loss 138.5953 | lr 8.44e-04 | 1.3s
epoch 2199 | loss 138.8124 | lr 8.44e-04 | 1.3s
epoch 2200 | loss 138.8799 | lr 8.43e-04 | 1.3s
epoch 2201 | loss 137.4779 | lr 8.42e-04 | 1.3s
epoch 2202 | loss 138.8452 | lr 8.41e-04 | 1.3s
epoch 2203 | loss 139.0747 | lr 8.40e-04 | 1.3s
epoch 2204 | loss 137.5666 | lr 8.40e-04 | 1.3s
epoch 2205 | loss 139.5519 | lr 8.39e-04 | 1.3s
epoch 2206 | loss 138.4447 | lr 8.38e-04 | 1.3s
epoch 2207 | loss 138.3655 | lr 8.37e-04 | 1.3s
epoch 2208 | loss 139.5675 | lr 8.37e-04 | 1.3s
epoch 2209 | loss 138.8145 | lr 8.36e-04 | 1.3s
epoch 2210 | loss 139.3729 | lr 8.35e-04 | 1.3s
epoch 2211 | loss 138.7566 | lr 8.34e-04 | 1.3s
epoch 2212 | loss 137.6778 | lr 8.33e-04 | 1.3s
epoch 2213 | loss 138.7589 | lr 8.33e-04 | 1.3s
epoch 2214 | loss 139.0256 | lr 8.32e-04 | 1.3s
epoch 2215 | loss 138.1975 | lr 8.31e-04 | 1.3s
epoch 2216 | loss 138.9735 | lr 8.30e-04 | 1.3s
epoch 2217 | loss 138.3628 | lr 8.30e-04 | 1.3s
epoch 2218 | loss 137.4186 | lr 8.29e-04 | 1.3s
epoch 2219 | loss 137.9798 | lr 8.28e-04 | 1.3s
epoch 2220 | loss 137.9436 | lr 8.27e-04 | 1.3s
epoch 2221 | loss 137.7058 | lr 8.27e-04 | 1.3s
epoch 2222 | loss 137.8382 | lr 8.26e-04 | 1.3s
epoch 2223 | loss 139.8377 | lr 8.25e-04 | 1.3s
epoch 2224 | loss 137.8489 | lr 8.24e-04 | 1.3s
epoch 2225 | loss 138.3370 | lr 8.23e-04 | 1.3s
epoch 2226 | loss 139.4421 | lr 8.23e-04 | 1.3s
epoch 2227 | loss 136.7709 | lr 8.22e-04 | 1.3s
epoch 2228 | loss 140.2817 | lr 8.21e-04 | 1.3s
epoch 2229 | loss 137.2131 | lr 8.20e-04 | 1.3s
epoch 2230 | loss 137.9566 | lr 8.20e-04 | 1.3s
epoch 2231 | loss 137.9958 | lr 8.19e-04 | 1.3s
epoch 2232 | loss 136.8190 | lr 8.18e-04 | 1.3s
epoch 2233 | loss 138.5012 | lr 8.17e-04 | 1.3s
epoch 2234 | loss 139.2454 | lr 8.16e-04 | 1.3s
epoch 2235 | loss 138.6746 | lr 8.16e-04 | 1.3s
epoch 2236 | loss 139.4201 | lr 8.15e-04 | 1.3s
epoch 2237 | loss 138.3131 | lr 8.14e-04 | 1.3s
epoch 2238 | loss 139.7005 | lr 8.13e-04 | 1.3s
epoch 2239 | loss 138.6757 | lr 8.13e-04 | 1.3s
epoch 2240 | loss 138.8574 | lr 8.12e-04 | 1.3s
epoch 2241 | loss 137.4496 | lr 8.11e-04 | 1.3s
epoch 2242 | loss 138.8372 | lr 8.10e-04 | 1.3s
epoch 2243 | loss 138.1958 | lr 8.10e-04 | 1.3s
epoch 2244 | loss 138.0423 | lr 8.09e-04 | 1.3s
epoch 2245 | loss 138.0707 | lr 8.08e-04 | 1.3s
epoch 2246 | loss 139.0798 | lr 8.07e-04 | 1.3s
epoch 2247 | loss 137.5444 | lr 8.06e-04 | 1.3s
epoch 2248 | loss 139.0710 | lr 8.06e-04 | 1.3s
epoch 2249 | loss 137.1296 | lr 8.05e-04 | 1.3s
epoch 2250 | loss 138.8740 | lr 8.04e-04 | 1.3s
epoch 2251 | loss 138.8964 | lr 8.03e-04 | 1.3s
epoch 2252 | loss 139.1694 | lr 8.03e-04 | 1.3s
epoch 2253 | loss 137.8690 | lr 8.02e-04 | 1.3s
epoch 2254 | loss 138.9748 | lr 8.01e-04 | 1.3s
epoch 2255 | loss 138.8806 | lr 8.00e-04 | 1.3s
epoch 2256 | loss 138.5278 | lr 8.00e-04 | 1.3s
epoch 2257 | loss 137.8792 | lr 7.99e-04 | 1.3s
epoch 2258 | loss 138.7432 | lr 7.98e-04 | 1.3s
epoch 2259 | loss 138.9960 | lr 7.97e-04 | 1.3s
epoch 2260 | loss 137.5872 | lr 7.96e-04 | 1.3s
epoch 2261 | loss 138.7187 | lr 7.96e-04 | 1.3s
epoch 2262 | loss 139.2138 | lr 7.95e-04 | 1.3s
epoch 2263 | loss 138.0972 | lr 7.94e-04 | 1.3s
epoch 2264 | loss 138.2920 | lr 7.93e-04 | 1.3s
epoch 2265 | loss 138.6076 | lr 7.93e-04 | 1.3s
epoch 2266 | loss 138.7494 | lr 7.92e-04 | 1.3s
epoch 2267 | loss 138.5951 | lr 7.91e-04 | 1.3s
epoch 2268 | loss 139.1958 | lr 7.90e-04 | 1.3s
epoch 2269 | loss 138.0117 | lr 7.90e-04 | 1.3s
epoch 2270 | loss 139.0581 | lr 7.89e-04 | 1.3s
epoch 2271 | loss 139.4427 | lr 7.88e-04 | 1.3s
epoch 2272 | loss 137.1090 | lr 7.87e-04 | 1.3s
epoch 2273 | loss 139.0436 | lr 7.86e-04 | 1.3s
epoch 2274 | loss 137.1366 | lr 7.86e-04 | 1.3s
epoch 2275 | loss 138.7299 | lr 7.85e-04 | 1.3s
epoch 2276 | loss 138.0623 | lr 7.84e-04 | 1.3s
epoch 2277 | loss 136.4397 | lr 7.83e-04 | 1.3s
epoch 2278 | loss 137.3155 | lr 7.83e-04 | 1.3s
epoch 2279 | loss 138.5936 | lr 7.82e-04 | 1.3s
epoch 2280 | loss 138.1845 | lr 7.81e-04 | 1.3s
epoch 2281 | loss 138.3624 | lr 7.80e-04 | 1.3s
epoch 2282 | loss 139.2812 | lr 7.80e-04 | 1.3s
epoch 2283 | loss 138.2677 | lr 7.79e-04 | 1.3s
epoch 2284 | loss 137.7383 | lr 7.78e-04 | 1.3s
epoch 2285 | loss 137.3247 | lr 7.77e-04 | 1.3s
epoch 2286 | loss 137.3081 | lr 7.76e-04 | 1.3s
epoch 2287 | loss 139.3396 | lr 7.76e-04 | 1.3s
epoch 2288 | loss 139.0390 | lr 7.75e-04 | 1.3s
epoch 2289 | loss 139.2506 | lr 7.74e-04 | 1.3s
epoch 2290 | loss 139.0070 | lr 7.73e-04 | 1.3s
epoch 2291 | loss 138.2397 | lr 7.73e-04 | 1.3s
epoch 2292 | loss 138.3509 | lr 7.72e-04 | 1.3s
epoch 2293 | loss 137.4557 | lr 7.71e-04 | 1.3s
epoch 2294 | loss 139.6384 | lr 7.70e-04 | 1.3s
epoch 2295 | loss 140.0929 | lr 7.70e-04 | 1.3s
epoch 2296 | loss 139.7779 | lr 7.69e-04 | 1.3s
epoch 2297 | loss 136.7377 | lr 7.68e-04 | 1.3s
epoch 2298 | loss 139.8446 | lr 7.67e-04 | 1.3s
epoch 2299 | loss 138.1338 | lr 7.67e-04 | 1.3s
epoch 2300 | loss 139.6964 | lr 7.66e-04 | 1.3s
epoch 2301 | loss 138.3368 | lr 7.65e-04 | 1.3s
epoch 2302 | loss 137.8190 | lr 7.64e-04 | 1.3s
epoch 2303 | loss 137.2857 | lr 7.64e-04 | 1.3s
epoch 2304 | loss 138.1092 | lr 7.63e-04 | 1.3s
epoch 2305 | loss 137.0194 | lr 7.62e-04 | 1.3s
epoch 2306 | loss 138.5767 | lr 7.61e-04 | 1.3s
epoch 2307 | loss 139.2975 | lr 7.60e-04 | 1.3s
epoch 2308 | loss 138.1351 | lr 7.60e-04 | 1.3s
epoch 2309 | loss 138.3268 | lr 7.59e-04 | 1.3s
epoch 2310 | loss 137.8779 | lr 7.58e-04 | 1.3s
epoch 2311 | loss 140.2647 | lr 7.57e-04 | 1.3s
epoch 2312 | loss 138.4844 | lr 7.57e-04 | 1.3s
epoch 2313 | loss 137.4449 | lr 7.56e-04 | 1.3s
epoch 2314 | loss 138.7370 | lr 7.55e-04 | 1.3s
epoch 2315 | loss 138.9236 | lr 7.54e-04 | 1.3s
epoch 2316 | loss 138.6877 | lr 7.54e-04 | 1.3s
epoch 2317 | loss 139.0811 | lr 7.53e-04 | 1.3s
epoch 2318 | loss 138.3404 | lr 7.52e-04 | 1.3s
epoch 2319 | loss 139.9199 | lr 7.51e-04 | 1.3s
epoch 2320 | loss 137.5701 | lr 7.51e-04 | 1.3s
epoch 2321 | loss 138.0277 | lr 7.50e-04 | 1.3s
epoch 2322 | loss 139.1470 | lr 7.49e-04 | 1.3s
epoch 2323 | loss 138.2707 | lr 7.48e-04 | 1.3s
epoch 2324 | loss 138.4085 | lr 7.48e-04 | 1.3s
epoch 2325 | loss 138.7722 | lr 7.47e-04 | 1.3s
epoch 2326 | loss 138.3661 | lr 7.46e-04 | 1.3s
epoch 2327 | loss 138.5173 | lr 7.45e-04 | 1.3s
epoch 2328 | loss 138.4125 | lr 7.44e-04 | 1.3s
epoch 2329 | loss 138.7979 | lr 7.44e-04 | 1.3s
epoch 2330 | loss 138.6485 | lr 7.43e-04 | 1.3s
epoch 2331 | loss 138.8730 | lr 7.42e-04 | 1.3s
epoch 2332 | loss 137.6785 | lr 7.41e-04 | 1.3s
epoch 2333 | loss 138.7743 | lr 7.41e-04 | 1.3s
epoch 2334 | loss 138.5356 | lr 7.40e-04 | 1.3s
epoch 2335 | loss 138.1906 | lr 7.39e-04 | 1.3s
epoch 2336 | loss 138.6906 | lr 7.38e-04 | 1.3s
epoch 2337 | loss 137.9117 | lr 7.38e-04 | 1.3s
epoch 2338 | loss 136.6364 | lr 7.37e-04 | 1.3s
epoch 2339 | loss 138.8554 | lr 7.36e-04 | 1.3s
epoch 2340 | loss 137.7230 | lr 7.35e-04 | 1.3s
epoch 2341 | loss 139.4468 | lr 7.35e-04 | 1.3s
epoch 2342 | loss 138.3667 | lr 7.34e-04 | 1.3s
epoch 2343 | loss 139.5223 | lr 7.33e-04 | 1.3s
epoch 2344 | loss 138.4845 | lr 7.32e-04 | 1.3s
epoch 2345 | loss 137.6597 | lr 7.32e-04 | 1.3s
epoch 2346 | loss 139.0230 | lr 7.31e-04 | 1.3s
epoch 2347 | loss 138.2153 | lr 7.30e-04 | 1.3s
epoch 2348 | loss 138.0150 | lr 7.29e-04 | 1.3s
epoch 2349 | loss 137.5517 | lr 7.29e-04 | 1.3s
epoch 2350 | loss 137.5868 | lr 7.28e-04 | 1.3s
epoch 2351 | loss 138.4935 | lr 7.27e-04 | 1.3s
epoch 2352 | loss 137.8125 | lr 7.26e-04 | 1.3s
epoch 2353 | loss 138.2494 | lr 7.26e-04 | 1.3s
epoch 2354 | loss 138.2098 | lr 7.25e-04 | 1.3s
epoch 2355 | loss 139.4871 | lr 7.24e-04 | 1.3s
epoch 2356 | loss 138.7105 | lr 7.23e-04 | 1.3s
epoch 2357 | loss 140.4775 | lr 7.23e-04 | 1.3s
epoch 2358 | loss 138.3042 | lr 7.22e-04 | 1.3s
epoch 2359 | loss 138.6133 | lr 7.21e-04 | 1.3s
epoch 2360 | loss 138.9277 | lr 7.20e-04 | 1.3s
epoch 2361 | loss 138.0337 | lr 7.20e-04 | 1.3s
epoch 2362 | loss 138.3522 | lr 7.19e-04 | 1.3s
epoch 2363 | loss 137.6366 | lr 7.18e-04 | 1.3s
epoch 2364 | loss 138.4698 | lr 7.17e-04 | 1.3s
epoch 2365 | loss 137.9772 | lr 7.16e-04 | 1.3s
epoch 2366 | loss 137.0224 | lr 7.16e-04 | 1.3s
epoch 2367 | loss 137.9633 | lr 7.15e-04 | 1.3s
epoch 2368 | loss 139.2016 | lr 7.14e-04 | 1.3s
epoch 2369 | loss 138.1979 | lr 7.13e-04 | 1.3s
epoch 2370 | loss 139.3667 | lr 7.13e-04 | 1.3s
epoch 2371 | loss 139.0017 | lr 7.12e-04 | 1.3s
epoch 2372 | loss 138.3844 | lr 7.11e-04 | 1.3s
epoch 2373 | loss 138.3966 | lr 7.10e-04 | 1.3s
epoch 2374 | loss 138.7195 | lr 7.10e-04 | 1.3s
epoch 2375 | loss 137.7657 | lr 7.09e-04 | 1.3s
epoch 2376 | loss 138.5905 | lr 7.08e-04 | 1.3s
epoch 2377 | loss 140.4428 | lr 7.07e-04 | 1.3s
epoch 2378 | loss 137.9954 | lr 7.07e-04 | 1.3s
epoch 2379 | loss 139.8599 | lr 7.06e-04 | 1.3s
epoch 2380 | loss 137.3851 | lr 7.05e-04 | 1.3s
epoch 2381 | loss 137.7240 | lr 7.04e-04 | 1.3s
epoch 2382 | loss 139.9292 | lr 7.04e-04 | 1.3s
epoch 2383 | loss 137.9039 | lr 7.03e-04 | 1.3s
epoch 2384 | loss 139.3292 | lr 7.02e-04 | 1.3s
epoch 2385 | loss 138.4726 | lr 7.01e-04 | 1.3s
epoch 2386 | loss 139.0780 | lr 7.01e-04 | 1.3s
epoch 2387 | loss 139.4772 | lr 7.00e-04 | 1.3s
epoch 2388 | loss 137.9407 | lr 6.99e-04 | 1.3s
epoch 2389 | loss 138.1049 | lr 6.98e-04 | 1.3s
epoch 2390 | loss 137.7214 | lr 6.98e-04 | 1.3s
epoch 2391 | loss 139.2648 | lr 6.97e-04 | 1.6s
epoch 2392 | loss 138.3169 | lr 6.96e-04 | 1.3s
epoch 2393 | loss 138.4271 | lr 6.95e-04 | 1.3s
epoch 2394 | loss 137.4900 | lr 6.95e-04 | 1.3s
epoch 2395 | loss 139.0913 | lr 6.94e-04 | 1.3s
epoch 2396 | loss 139.2704 | lr 6.93e-04 | 1.3s
epoch 2397 | loss 138.8680 | lr 6.92e-04 | 1.3s
epoch 2398 | loss 137.9585 | lr 6.92e-04 | 1.3s
epoch 2399 | loss 137.4077 | lr 6.91e-04 | 1.3s
epoch 2400 | loss 136.8831 | lr 6.90e-04 | 1.3s
epoch 2401 | loss 139.7089 | lr 6.89e-04 | 1.3s
epoch 2402 | loss 138.0513 | lr 6.89e-04 | 1.3s
epoch 2403 | loss 139.0360 | lr 6.88e-04 | 1.3s
epoch 2404 | loss 139.1548 | lr 6.87e-04 | 1.3s
epoch 2405 | loss 139.0704 | lr 6.87e-04 | 1.3s
epoch 2406 | loss 139.0174 | lr 6.86e-04 | 1.3s
epoch 2407 | loss 138.6813 | lr 6.85e-04 | 1.3s
epoch 2408 | loss 138.8317 | lr 6.84e-04 | 1.3s
epoch 2409 | loss 137.8753 | lr 6.84e-04 | 1.3s
epoch 2410 | loss 137.9835 | lr 6.83e-04 | 1.3s
epoch 2411 | loss 138.6482 | lr 6.82e-04 | 1.3s
epoch 2412 | loss 138.5085 | lr 6.81e-04 | 1.3s
epoch 2413 | loss 137.1531 | lr 6.81e-04 | 1.3s
epoch 2414 | loss 138.0778 | lr 6.80e-04 | 1.3s
epoch 2415 | loss 138.3845 | lr 6.79e-04 | 1.3s
epoch 2416 | loss 137.8878 | lr 6.78e-04 | 1.3s
epoch 2417 | loss 138.6270 | lr 6.78e-04 | 1.3s
epoch 2418 | loss 138.2602 | lr 6.77e-04 | 1.3s
epoch 2419 | loss 138.4713 | lr 6.76e-04 | 1.3s
epoch 2420 | loss 137.9934 | lr 6.75e-04 | 1.3s
epoch 2421 | loss 138.9026 | lr 6.75e-04 | 1.3s
epoch 2422 | loss 138.0594 | lr 6.74e-04 | 1.3s
epoch 2423 | loss 138.8768 | lr 6.73e-04 | 1.3s
epoch 2424 | loss 137.7892 | lr 6.72e-04 | 1.3s
epoch 2425 | loss 138.3435 | lr 6.72e-04 | 1.3s
epoch 2426 | loss 138.5459 | lr 6.71e-04 | 1.3s
epoch 2427 | loss 138.7728 | lr 6.70e-04 | 1.3s
epoch 2428 | loss 138.0004 | lr 6.69e-04 | 1.3s
epoch 2429 | loss 136.6577 | lr 6.69e-04 | 1.3s
epoch 2430 | loss 137.2274 | lr 6.68e-04 | 1.3s
epoch 2431 | loss 139.4772 | lr 6.67e-04 | 1.3s
epoch 2432 | loss 139.7597 | lr 6.66e-04 | 1.3s
epoch 2433 | loss 139.7599 | lr 6.66e-04 | 1.3s
epoch 2434 | loss 138.6543 | lr 6.65e-04 | 1.3s
epoch 2435 | loss 137.3869 | lr 6.64e-04 | 1.3s
epoch 2436 | loss 139.0898 | lr 6.63e-04 | 1.3s
epoch 2437 | loss 138.4190 | lr 6.63e-04 | 1.3s
epoch 2438 | loss 138.5773 | lr 6.62e-04 | 1.3s
epoch 2439 | loss 138.8799 | lr 6.61e-04 | 1.3s
epoch 2440 | loss 137.7881 | lr 6.61e-04 | 1.3s
epoch 2441 | loss 141.1016 | lr 6.60e-04 | 1.3s
epoch 2442 | loss 138.3637 | lr 6.59e-04 | 1.3s
epoch 2443 | loss 137.9129 | lr 6.58e-04 | 1.3s
epoch 2444 | loss 138.5104 | lr 6.58e-04 | 1.3s
epoch 2445 | loss 138.0526 | lr 6.57e-04 | 1.3s
epoch 2446 | loss 138.7222 | lr 6.56e-04 | 1.3s
epoch 2447 | loss 138.8969 | lr 6.55e-04 | 1.3s
epoch 2448 | loss 138.5427 | lr 6.55e-04 | 1.3s
epoch 2449 | loss 139.3827 | lr 6.54e-04 | 1.3s
epoch 2450 | loss 138.4243 | lr 6.53e-04 | 1.3s
epoch 2451 | loss 139.5611 | lr 6.52e-04 | 1.3s
epoch 2452 | loss 139.9513 | lr 6.52e-04 | 1.3s
epoch 2453 | loss 138.2396 | lr 6.51e-04 | 1.3s
epoch 2454 | loss 139.0562 | lr 6.50e-04 | 1.3s
epoch 2455 | loss 138.3263 | lr 6.49e-04 | 1.3s
epoch 2456 | loss 138.4367 | lr 6.49e-04 | 1.3s
epoch 2457 | loss 139.4966 | lr 6.48e-04 | 1.3s
epoch 2458 | loss 138.2703 | lr 6.47e-04 | 1.3s
epoch 2459 | loss 138.9124 | lr 6.47e-04 | 1.3s
epoch 2460 | loss 136.9888 | lr 6.46e-04 | 1.3s
epoch 2461 | loss 140.1116 | lr 6.45e-04 | 1.3s
epoch 2462 | loss 140.0367 | lr 6.44e-04 | 1.3s
epoch 2463 | loss 137.4044 | lr 6.44e-04 | 1.3s
epoch 2464 | loss 139.5839 | lr 6.43e-04 | 1.3s
epoch 2465 | loss 138.2572 | lr 6.42e-04 | 1.3s
epoch 2466 | loss 139.4794 | lr 6.41e-04 | 1.3s
epoch 2467 | loss 138.3777 | lr 6.41e-04 | 1.3s
epoch 2468 | loss 136.2453 | lr 6.40e-04 | 1.3s
epoch 2469 | loss 138.2228 | lr 6.39e-04 | 1.3s
epoch 2470 | loss 138.4768 | lr 6.38e-04 | 1.3s
epoch 2471 | loss 138.1175 | lr 6.38e-04 | 1.3s
epoch 2472 | loss 139.7685 | lr 6.37e-04 | 1.3s
epoch 2473 | loss 138.3173 | lr 6.36e-04 | 1.3s
epoch 2474 | loss 138.0808 | lr 6.36e-04 | 1.3s
epoch 2475 | loss 138.7362 | lr 6.35e-04 | 1.3s
epoch 2476 | loss 139.0934 | lr 6.34e-04 | 1.3s
epoch 2477 | loss 137.8648 | lr 6.33e-04 | 1.3s
epoch 2478 | loss 138.5034 | lr 6.33e-04 | 1.3s
epoch 2479 | loss 138.4231 | lr 6.32e-04 | 1.3s
epoch 2480 | loss 139.1951 | lr 6.31e-04 | 1.3s
epoch 2481 | loss 139.5841 | lr 6.30e-04 | 1.3s
epoch 2482 | loss 137.7583 | lr 6.30e-04 | 1.3s
epoch 2483 | loss 138.8173 | lr 6.29e-04 | 1.3s
epoch 2484 | loss 139.2224 | lr 6.28e-04 | 1.3s
epoch 2485 | loss 139.5032 | lr 6.27e-04 | 1.3s
epoch 2486 | loss 139.2964 | lr 6.27e-04 | 1.3s
epoch 2487 | loss 137.9583 | lr 6.26e-04 | 1.3s
epoch 2488 | loss 139.1564 | lr 6.25e-04 | 1.3s
epoch 2489 | loss 138.1049 | lr 6.25e-04 | 1.3s
epoch 2490 | loss 137.9838 | lr 6.24e-04 | 1.3s
epoch 2491 | loss 137.9323 | lr 6.23e-04 | 1.3s
epoch 2492 | loss 138.6738 | lr 6.22e-04 | 1.3s
epoch 2493 | loss 137.3850 | lr 6.22e-04 | 1.3s
epoch 2494 | loss 138.0960 | lr 6.21e-04 | 1.3s
epoch 2495 | loss 138.8738 | lr 6.20e-04 | 1.3s
epoch 2496 | loss 138.0369 | lr 6.19e-04 | 1.3s
epoch 2497 | loss 138.0363 | lr 6.19e-04 | 1.3s
epoch 2498 | loss 139.2071 | lr 6.18e-04 | 1.3s
epoch 2499 | loss 138.7951 | lr 6.17e-04 | 1.3s
epoch 2500 | loss 138.6683 | lr 6.17e-04 | 1.3s
epoch 2501 | loss 137.9110 | lr 6.16e-04 | 1.3s
epoch 2502 | loss 138.0039 | lr 6.15e-04 | 1.3s
epoch 2503 | loss 139.8127 | lr 6.14e-04 | 1.3s
epoch 2504 | loss 137.4690 | lr 6.14e-04 | 1.3s
epoch 2505 | loss 138.2980 | lr 6.13e-04 | 1.3s
epoch 2506 | loss 138.8956 | lr 6.12e-04 | 1.3s
epoch 2507 | loss 138.4452 | lr 6.12e-04 | 1.3s
epoch 2508 | loss 138.4338 | lr 6.11e-04 | 1.3s
epoch 2509 | loss 139.3389 | lr 6.10e-04 | 1.3s
epoch 2510 | loss 139.1671 | lr 6.09e-04 | 1.3s
epoch 2511 | loss 138.9289 | lr 6.09e-04 | 1.3s
epoch 2512 | loss 138.7435 | lr 6.08e-04 | 1.3s
epoch 2513 | loss 139.7126 | lr 6.07e-04 | 1.3s
epoch 2514 | loss 138.1531 | lr 6.06e-04 | 1.3s
epoch 2515 | loss 139.9340 | lr 6.06e-04 | 1.3s
epoch 2516 | loss 138.6959 | lr 6.05e-04 | 1.3s
epoch 2517 | loss 138.5164 | lr 6.04e-04 | 1.3s
epoch 2518 | loss 138.5333 | lr 6.04e-04 | 1.3s
epoch 2519 | loss 140.7507 | lr 6.03e-04 | 1.3s
epoch 2520 | loss 137.9261 | lr 6.02e-04 | 1.3s
epoch 2521 | loss 138.2469 | lr 6.01e-04 | 1.3s
epoch 2522 | loss 139.0347 | lr 6.01e-04 | 1.3s
epoch 2523 | loss 138.8097 | lr 6.00e-04 | 1.3s
epoch 2524 | loss 139.2725 | lr 5.99e-04 | 1.3s
epoch 2525 | loss 138.3287 | lr 5.99e-04 | 1.3s
epoch 2526 | loss 139.4754 | lr 5.98e-04 | 1.3s
epoch 2527 | loss 140.2950 | lr 5.97e-04 | 1.3s
epoch 2528 | loss 138.2818 | lr 5.96e-04 | 1.3s
epoch 2529 | loss 139.5611 | lr 5.96e-04 | 1.3s
epoch 2530 | loss 138.9259 | lr 5.95e-04 | 1.3s
epoch 2531 | loss 138.4399 | lr 5.94e-04 | 1.3s
epoch 2532 | loss 138.6943 | lr 5.94e-04 | 1.3s
epoch 2533 | loss 138.6454 | lr 5.93e-04 | 1.3s
epoch 2534 | loss 138.5502 | lr 5.92e-04 | 1.3s
epoch 2535 | loss 137.9234 | lr 5.91e-04 | 1.3s
epoch 2536 | loss 138.2745 | lr 5.91e-04 | 1.3s
epoch 2537 | loss 138.0689 | lr 5.90e-04 | 1.3s
epoch 2538 | loss 139.7184 | lr 5.89e-04 | 1.3s
epoch 2539 | loss 138.3798 | lr 5.88e-04 | 1.3s
epoch 2540 | loss 138.1291 | lr 5.88e-04 | 1.3s
epoch 2541 | loss 138.8718 | lr 5.87e-04 | 1.3s
epoch 2542 | loss 137.7478 | lr 5.86e-04 | 1.3s
epoch 2543 | loss 139.0425 | lr 5.86e-04 | 1.3s
epoch 2544 | loss 139.2232 | lr 5.85e-04 | 1.3s
epoch 2545 | loss 138.0416 | lr 5.84e-04 | 1.3s
epoch 2546 | loss 139.1485 | lr 5.83e-04 | 1.3s
epoch 2547 | loss 138.7768 | lr 5.83e-04 | 1.3s
epoch 2548 | loss 137.4868 | lr 5.82e-04 | 1.3s
epoch 2549 | loss 139.0000 | lr 5.81e-04 | 1.3s
epoch 2550 | loss 138.7134 | lr 5.81e-04 | 1.3s
epoch 2551 | loss 138.1563 | lr 5.80e-04 | 1.3s
epoch 2552 | loss 138.9334 | lr 5.79e-04 | 1.3s
epoch 2553 | loss 139.2723 | lr 5.78e-04 | 1.3s
epoch 2554 | loss 137.8235 | lr 5.78e-04 | 1.3s
epoch 2555 | loss 139.4526 | lr 5.77e-04 | 1.3s
epoch 2556 | loss 138.1450 | lr 5.76e-04 | 1.3s
epoch 2557 | loss 138.7964 | lr 5.76e-04 | 1.3s
epoch 2558 | loss 139.8189 | lr 5.75e-04 | 1.3s
epoch 2559 | loss 138.0834 | lr 5.74e-04 | 1.3s
epoch 2560 | loss 138.1924 | lr 5.74e-04 | 1.3s
epoch 2561 | loss 140.5724 | lr 5.73e-04 | 1.3s
epoch 2562 | loss 138.4521 | lr 5.72e-04 | 1.3s
epoch 2563 | loss 139.0103 | lr 5.71e-04 | 1.3s
epoch 2564 | loss 138.4286 | lr 5.71e-04 | 1.3s
epoch 2565 | loss 138.6678 | lr 5.70e-04 | 1.3s
epoch 2566 | loss 137.7186 | lr 5.69e-04 | 1.3s
epoch 2567 | loss 137.6133 | lr 5.69e-04 | 1.3s
epoch 2568 | loss 139.9237 | lr 5.68e-04 | 1.3s
epoch 2569 | loss 138.8415 | lr 5.67e-04 | 1.3s
epoch 2570 | loss 139.0121 | lr 5.66e-04 | 1.3s
epoch 2571 | loss 137.7874 | lr 5.66e-04 | 1.3s
epoch 2572 | loss 137.3782 | lr 5.65e-04 | 1.3s
epoch 2573 | loss 138.8844 | lr 5.64e-04 | 1.3s
epoch 2574 | loss 139.0504 | lr 5.64e-04 | 1.3s
epoch 2575 | loss 137.6511 | lr 5.63e-04 | 1.3s
epoch 2576 | loss 137.3215 | lr 5.62e-04 | 1.3s
epoch 2577 | loss 138.9811 | lr 5.61e-04 | 1.3s
epoch 2578 | loss 139.1526 | lr 5.61e-04 | 1.3s
epoch 2579 | loss 139.3128 | lr 5.60e-04 | 1.3s
epoch 2580 | loss 137.6388 | lr 5.59e-04 | 1.3s
epoch 2581 | loss 139.4753 | lr 5.59e-04 | 1.3s
epoch 2582 | loss 137.9901 | lr 5.58e-04 | 1.3s
epoch 2583 | loss 138.1658 | lr 5.57e-04 | 1.3s
epoch 2584 | loss 139.0300 | lr 5.57e-04 | 1.3s
epoch 2585 | loss 138.0612 | lr 5.56e-04 | 1.3s
epoch 2586 | loss 139.7125 | lr 5.55e-04 | 1.3s
epoch 2587 | loss 138.6396 | lr 5.54e-04 | 1.3s
epoch 2588 | loss 137.8310 | lr 5.54e-04 | 1.3s
epoch 2589 | loss 137.3551 | lr 5.53e-04 | 1.3s
epoch 2590 | loss 137.7175 | lr 5.52e-04 | 1.3s
epoch 2591 | loss 138.1016 | lr 5.52e-04 | 1.3s
epoch 2592 | loss 139.7289 | lr 5.51e-04 | 1.3s
epoch 2593 | loss 139.9997 | lr 5.50e-04 | 1.3s
epoch 2594 | loss 137.9167 | lr 5.50e-04 | 1.3s
epoch 2595 | loss 139.2377 | lr 5.49e-04 | 1.3s
epoch 2596 | loss 139.2220 | lr 5.48e-04 | 1.3s
epoch 2597 | loss 139.0516 | lr 5.47e-04 | 1.3s
epoch 2598 | loss 138.7524 | lr 5.47e-04 | 1.3s
epoch 2599 | loss 136.9647 | lr 5.46e-04 | 1.3s
epoch 2600 | loss 138.1712 | lr 5.45e-04 | 1.3s
epoch 2601 | loss 137.9131 | lr 5.45e-04 | 1.3s
epoch 2602 | loss 137.3783 | lr 5.44e-04 | 1.3s
epoch 2603 | loss 139.0157 | lr 5.43e-04 | 1.3s
epoch 2604 | loss 138.9508 | lr 5.43e-04 | 1.3s
epoch 2605 | loss 137.4823 | lr 5.42e-04 | 1.3s
epoch 2606 | loss 140.4093 | lr 5.41e-04 | 1.3s
epoch 2607 | loss 138.3268 | lr 5.40e-04 | 1.3s
epoch 2608 | loss 138.6905 | lr 5.40e-04 | 1.3s
epoch 2609 | loss 138.7268 | lr 5.39e-04 | 1.3s
epoch 2610 | loss 140.4112 | lr 5.38e-04 | 1.3s
epoch 2611 | loss 138.2196 | lr 5.38e-04 | 1.3s
epoch 2612 | loss 139.4525 | lr 5.37e-04 | 1.3s
epoch 2613 | loss 138.1584 | lr 5.36e-04 | 1.3s
epoch 2614 | loss 138.4008 | lr 5.36e-04 | 1.3s
epoch 2615 | loss 137.7236 | lr 5.35e-04 | 1.3s
epoch 2616 | loss 137.5915 | lr 5.34e-04 | 1.3s
epoch 2617 | loss 138.0832 | lr 5.33e-04 | 1.3s
epoch 2618 | loss 138.6660 | lr 5.33e-04 | 1.3s
epoch 2619 | loss 138.9021 | lr 5.32e-04 | 1.3s
epoch 2620 | loss 138.0699 | lr 5.31e-04 | 1.3s
epoch 2621 | loss 138.0344 | lr 5.31e-04 | 1.3s
epoch 2622 | loss 138.6993 | lr 5.30e-04 | 1.3s
epoch 2623 | loss 137.5492 | lr 5.29e-04 | 1.3s
epoch 2624 | loss 139.8229 | lr 5.29e-04 | 1.3s
epoch 2625 | loss 138.4929 | lr 5.28e-04 | 1.3s
epoch 2626 | loss 138.8311 | lr 5.27e-04 | 1.3s
epoch 2627 | loss 138.3114 | lr 5.27e-04 | 1.3s
epoch 2628 | loss 138.5758 | lr 5.26e-04 | 1.3s
epoch 2629 | loss 138.8824 | lr 5.25e-04 | 1.3s
epoch 2630 | loss 138.5344 | lr 5.24e-04 | 1.3s
epoch 2631 | loss 139.7205 | lr 5.24e-04 | 1.3s
epoch 2632 | loss 138.4068 | lr 5.23e-04 | 1.3s
epoch 2633 | loss 137.9544 | lr 5.22e-04 | 1.3s
epoch 2634 | loss 137.7758 | lr 5.22e-04 | 1.3s
epoch 2635 | loss 139.0238 | lr 5.21e-04 | 1.3s
epoch 2636 | loss 138.1886 | lr 5.20e-04 | 1.3s
epoch 2637 | loss 140.0568 | lr 5.20e-04 | 1.3s
epoch 2638 | loss 138.2837 | lr 5.19e-04 | 1.3s
epoch 2639 | loss 139.5228 | lr 5.18e-04 | 1.3s
epoch 2640 | loss 138.5632 | lr 5.18e-04 | 1.3s
epoch 2641 | loss 137.7759 | lr 5.17e-04 | 1.3s
epoch 2642 | loss 139.2938 | lr 5.16e-04 | 1.3s
epoch 2643 | loss 137.4520 | lr 5.15e-04 | 1.3s
epoch 2644 | loss 139.0812 | lr 5.15e-04 | 1.3s
epoch 2645 | loss 139.0798 | lr 5.14e-04 | 1.3s
epoch 2646 | loss 137.5106 | lr 5.13e-04 | 1.3s
epoch 2647 | loss 138.4262 | lr 5.13e-04 | 1.3s
epoch 2648 | loss 138.3735 | lr 5.12e-04 | 1.3s
epoch 2649 | loss 138.5896 | lr 5.11e-04 | 1.3s
epoch 2650 | loss 138.6851 | lr 5.11e-04 | 1.3s
epoch 2651 | loss 139.1963 | lr 5.10e-04 | 1.3s
epoch 2652 | loss 139.6762 | lr 5.09e-04 | 1.3s
epoch 2653 | loss 138.9644 | lr 5.09e-04 | 1.3s
epoch 2654 | loss 137.4702 | lr 5.08e-04 | 1.3s
epoch 2655 | loss 139.2518 | lr 5.07e-04 | 1.3s
epoch 2656 | loss 140.2773 | lr 5.07e-04 | 1.3s
epoch 2657 | loss 139.1463 | lr 5.06e-04 | 1.3s
epoch 2658 | loss 138.2614 | lr 5.05e-04 | 1.3s
epoch 2659 | loss 137.9489 | lr 5.05e-04 | 1.3s
epoch 2660 | loss 138.2146 | lr 5.04e-04 | 1.3s
epoch 2661 | loss 137.4027 | lr 5.03e-04 | 1.3s
epoch 2662 | loss 137.9868 | lr 5.02e-04 | 1.3s
epoch 2663 | loss 139.1211 | lr 5.02e-04 | 1.3s
epoch 2664 | loss 139.5882 | lr 5.01e-04 | 1.3s
epoch 2665 | loss 138.9252 | lr 5.00e-04 | 1.3s
epoch 2666 | loss 138.1320 | lr 5.00e-04 | 1.3s
epoch 2667 | loss 138.1681 | lr 4.99e-04 | 1.3s
epoch 2668 | loss 139.1101 | lr 4.98e-04 | 1.3s
epoch 2669 | loss 138.3221 | lr 4.98e-04 | 1.3s
epoch 2670 | loss 139.5816 | lr 4.97e-04 | 1.3s
epoch 2671 | loss 138.9966 | lr 4.96e-04 | 1.3s
epoch 2672 | loss 137.4289 | lr 4.96e-04 | 1.3s
epoch 2673 | loss 138.3167 | lr 4.95e-04 | 1.3s
epoch 2674 | loss 137.1944 | lr 4.94e-04 | 1.3s
epoch 2675 | loss 138.1895 | lr 4.94e-04 | 1.3s
epoch 2676 | loss 138.6737 | lr 4.93e-04 | 1.3s
epoch 2677 | loss 138.8486 | lr 4.92e-04 | 1.3s
epoch 2678 | loss 138.6789 | lr 4.92e-04 | 1.3s
epoch 2679 | loss 136.3719 | lr 4.91e-04 | 1.3s
epoch 2680 | loss 137.6918 | lr 4.90e-04 | 1.3s
epoch 2681 | loss 139.4082 | lr 4.90e-04 | 1.3s
epoch 2682 | loss 139.8838 | lr 4.89e-04 | 1.3s
epoch 2683 | loss 139.6094 | lr 4.88e-04 | 1.3s
epoch 2684 | loss 138.7881 | lr 4.88e-04 | 1.3s
epoch 2685 | loss 140.4902 | lr 4.87e-04 | 1.3s
epoch 2686 | loss 140.0847 | lr 4.86e-04 | 1.3s
epoch 2687 | loss 137.5642 | lr 4.86e-04 | 1.3s
epoch 2688 | loss 139.7150 | lr 4.85e-04 | 1.3s
epoch 2689 | loss 139.6020 | lr 4.84e-04 | 1.3s
epoch 2690 | loss 139.7280 | lr 4.84e-04 | 1.3s
epoch 2691 | loss 138.8715 | lr 4.83e-04 | 1.3s
epoch 2692 | loss 138.0057 | lr 4.82e-04 | 1.3s
epoch 2693 | loss 137.2582 | lr 4.82e-04 | 1.3s
epoch 2694 | loss 137.7592 | lr 4.81e-04 | 1.3s
epoch 2695 | loss 139.7278 | lr 4.80e-04 | 1.3s
epoch 2696 | loss 138.2444 | lr 4.80e-04 | 1.3s
epoch 2697 | loss 137.1018 | lr 4.79e-04 | 1.3s
epoch 2698 | loss 137.3471 | lr 4.78e-04 | 1.3s
epoch 2699 | loss 139.9379 | lr 4.78e-04 | 1.3s
epoch 2700 | loss 137.8398 | lr 4.77e-04 | 1.3s
epoch 2701 | loss 139.1571 | lr 4.76e-04 | 1.3s
epoch 2702 | loss 139.0383 | lr 4.75e-04 | 1.3s
epoch 2703 | loss 139.0786 | lr 4.75e-04 | 1.3s
epoch 2704 | loss 137.7997 | lr 4.74e-04 | 1.3s
epoch 2705 | loss 138.1013 | lr 4.73e-04 | 1.3s
epoch 2706 | loss 138.9713 | lr 4.73e-04 | 1.3s
epoch 2707 | loss 139.5676 | lr 4.72e-04 | 1.3s
epoch 2708 | loss 138.2348 | lr 4.71e-04 | 1.3s
epoch 2709 | loss 138.1080 | lr 4.71e-04 | 1.3s
epoch 2710 | loss 139.4514 | lr 4.70e-04 | 1.3s
epoch 2711 | loss 138.5221 | lr 4.69e-04 | 1.3s
epoch 2712 | loss 137.8097 | lr 4.69e-04 | 1.3s
epoch 2713 | loss 139.8423 | lr 4.68e-04 | 1.3s
epoch 2714 | loss 137.2511 | lr 4.67e-04 | 1.3s
epoch 2715 | loss 137.6444 | lr 4.67e-04 | 1.3s
epoch 2716 | loss 138.8793 | lr 4.66e-04 | 1.3s
epoch 2717 | loss 138.8187 | lr 4.66e-04 | 1.3s
epoch 2718 | loss 139.2274 | lr 4.65e-04 | 1.3s
epoch 2719 | loss 139.7996 | lr 4.64e-04 | 1.3s
epoch 2720 | loss 138.5317 | lr 4.64e-04 | 1.3s
epoch 2721 | loss 140.9894 | lr 4.63e-04 | 1.3s
epoch 2722 | loss 138.9708 | lr 4.62e-04 | 1.3s
epoch 2723 | loss 139.1625 | lr 4.62e-04 | 1.3s
epoch 2724 | loss 139.1308 | lr 4.61e-04 | 1.3s
epoch 2725 | loss 138.0882 | lr 4.60e-04 | 1.3s
epoch 2726 | loss 139.1484 | lr 4.60e-04 | 1.3s
epoch 2727 | loss 138.0274 | lr 4.59e-04 | 1.3s
epoch 2728 | loss 139.1713 | lr 4.58e-04 | 1.3s
epoch 2729 | loss 139.3254 | lr 4.58e-04 | 1.3s
epoch 2730 | loss 140.3602 | lr 4.57e-04 | 1.3s
epoch 2731 | loss 138.8538 | lr 4.56e-04 | 1.3s
epoch 2732 | loss 137.6187 | lr 4.56e-04 | 1.3s
epoch 2733 | loss 139.8293 | lr 4.55e-04 | 1.3s
epoch 2734 | loss 138.1502 | lr 4.54e-04 | 1.3s
epoch 2735 | loss 139.0343 | lr 4.54e-04 | 1.3s
epoch 2736 | loss 139.4846 | lr 4.53e-04 | 1.3s
epoch 2737 | loss 136.7742 | lr 4.52e-04 | 1.3s
epoch 2738 | loss 138.6634 | lr 4.52e-04 | 1.3s
epoch 2739 | loss 138.8516 | lr 4.51e-04 | 1.3s
epoch 2740 | loss 138.5670 | lr 4.50e-04 | 1.3s
epoch 2741 | loss 139.5991 | lr 4.50e-04 | 1.3s
epoch 2742 | loss 138.7291 | lr 4.49e-04 | 1.3s
epoch 2743 | loss 138.0467 | lr 4.48e-04 | 1.3s
epoch 2744 | loss 139.3384 | lr 4.48e-04 | 1.3s
epoch 2745 | loss 138.3687 | lr 4.47e-04 | 1.3s
epoch 2746 | loss 137.8416 | lr 4.46e-04 | 1.3s
epoch 2747 | loss 138.7528 | lr 4.46e-04 | 1.3s
epoch 2748 | loss 139.1388 | lr 4.45e-04 | 1.3s
epoch 2749 | loss 139.4837 | lr 4.44e-04 | 1.3s
epoch 2750 | loss 138.6495 | lr 4.44e-04 | 1.3s
epoch 2751 | loss 138.9547 | lr 4.43e-04 | 1.3s
epoch 2752 | loss 139.1825 | lr 4.42e-04 | 1.3s
epoch 2753 | loss 139.2915 | lr 4.42e-04 | 1.3s
epoch 2754 | loss 137.9852 | lr 4.41e-04 | 1.3s
epoch 2755 | loss 139.6280 | lr 4.41e-04 | 1.3s
epoch 2756 | loss 138.1970 | lr 4.40e-04 | 1.3s
epoch 2757 | loss 138.3050 | lr 4.39e-04 | 1.3s
epoch 2758 | loss 140.0333 | lr 4.39e-04 | 1.3s
epoch 2759 | loss 137.6801 | lr 4.38e-04 | 1.3s
epoch 2760 | loss 138.2605 | lr 4.37e-04 | 1.3s
epoch 2761 | loss 139.4914 | lr 4.37e-04 | 1.3s
epoch 2762 | loss 137.5417 | lr 4.36e-04 | 1.3s
epoch 2763 | loss 138.7945 | lr 4.35e-04 | 1.3s
epoch 2764 | loss 138.9606 | lr 4.35e-04 | 1.3s
epoch 2765 | loss 138.9206 | lr 4.34e-04 | 1.3s
epoch 2766 | loss 138.8069 | lr 4.33e-04 | 1.3s
epoch 2767 | loss 137.9864 | lr 4.33e-04 | 1.3s
epoch 2768 | loss 138.8154 | lr 4.32e-04 | 1.3s
epoch 2769 | loss 138.1162 | lr 4.31e-04 | 1.3s
epoch 2770 | loss 139.0850 | lr 4.31e-04 | 1.3s
epoch 2771 | loss 139.0378 | lr 4.30e-04 | 1.3s
epoch 2772 | loss 138.4815 | lr 4.30e-04 | 1.3s
epoch 2773 | loss 138.4490 | lr 4.29e-04 | 1.3s
epoch 2774 | loss 137.5648 | lr 4.28e-04 | 1.3s
epoch 2775 | loss 137.4747 | lr 4.28e-04 | 1.3s
epoch 2776 | loss 139.1776 | lr 4.27e-04 | 1.3s
epoch 2777 | loss 138.7432 | lr 4.26e-04 | 1.3s
epoch 2778 | loss 139.8746 | lr 4.26e-04 | 1.3s
epoch 2779 | loss 137.3810 | lr 4.25e-04 | 1.3s
epoch 2780 | loss 137.3812 | lr 4.24e-04 | 1.3s
epoch 2781 | loss 138.4176 | lr 4.24e-04 | 1.3s
epoch 2782 | loss 137.2083 | lr 4.23e-04 | 1.3s
epoch 2783 | loss 138.9028 | lr 4.22e-04 | 1.3s
epoch 2784 | loss 139.0039 | lr 4.22e-04 | 1.3s
epoch 2785 | loss 139.0054 | lr 4.21e-04 | 1.3s
epoch 2786 | loss 138.7336 | lr 4.21e-04 | 1.3s
epoch 2787 | loss 137.6080 | lr 4.20e-04 | 1.3s
epoch 2788 | loss 137.4276 | lr 4.19e-04 | 1.3s
epoch 2789 | loss 138.1248 | lr 4.19e-04 | 1.3s
epoch 2790 | loss 138.4915 | lr 4.18e-04 | 1.3s
epoch 2791 | loss 138.3787 | lr 4.17e-04 | 1.3s
epoch 2792 | loss 138.7001 | lr 4.17e-04 | 1.3s
epoch 2793 | loss 138.9948 | lr 4.16e-04 | 1.3s
epoch 2794 | loss 139.0768 | lr 4.15e-04 | 1.3s
epoch 2795 | loss 138.2984 | lr 4.15e-04 | 1.3s
epoch 2796 | loss 137.5592 | lr 4.14e-04 | 1.3s
epoch 2797 | loss 137.9122 | lr 4.13e-04 | 1.3s
epoch 2798 | loss 138.1523 | lr 4.13e-04 | 1.3s
epoch 2799 | loss 137.7210 | lr 4.12e-04 | 1.3s
epoch 2800 | loss 139.0385 | lr 4.12e-04 | 1.3s
epoch 2801 | loss 139.1917 | lr 4.11e-04 | 1.3s
epoch 2802 | loss 137.7166 | lr 4.10e-04 | 1.3s
epoch 2803 | loss 138.4477 | lr 4.10e-04 | 1.3s
epoch 2804 | loss 137.5078 | lr 4.09e-04 | 1.3s
epoch 2805 | loss 139.0638 | lr 4.08e-04 | 1.3s
epoch 2806 | loss 140.1249 | lr 4.08e-04 | 1.3s
epoch 2807 | loss 137.2611 | lr 4.07e-04 | 1.3s
epoch 2808 | loss 138.5546 | lr 4.07e-04 | 1.3s
epoch 2809 | loss 137.3746 | lr 4.06e-04 | 1.3s
epoch 2810 | loss 139.1856 | lr 4.05e-04 | 1.3s
epoch 2811 | loss 137.9560 | lr 4.05e-04 | 1.3s
epoch 2812 | loss 137.3516 | lr 4.04e-04 | 1.3s
epoch 2813 | loss 138.8548 | lr 4.03e-04 | 1.3s
epoch 2814 | loss 137.5682 | lr 4.03e-04 | 1.3s
epoch 2815 | loss 139.4567 | lr 4.02e-04 | 1.3s
epoch 2816 | loss 138.7402 | lr 4.01e-04 | 1.3s
epoch 2817 | loss 138.9530 | lr 4.01e-04 | 1.3s
epoch 2818 | loss 138.0798 | lr 4.00e-04 | 1.3s
epoch 2819 | loss 138.7739 | lr 4.00e-04 | 1.3s
epoch 2820 | loss 139.4082 | lr 3.99e-04 | 1.3s
epoch 2821 | loss 139.0038 | lr 3.98e-04 | 1.3s
epoch 2822 | loss 139.8475 | lr 3.98e-04 | 1.3s
epoch 2823 | loss 140.0805 | lr 3.97e-04 | 1.3s
epoch 2824 | loss 139.4315 | lr 3.96e-04 | 1.3s
epoch 2825 | loss 138.5585 | lr 3.96e-04 | 1.3s
epoch 2826 | loss 138.8596 | lr 3.95e-04 | 1.3s
epoch 2827 | loss 138.2567 | lr 3.95e-04 | 1.3s
epoch 2828 | loss 138.4724 | lr 3.94e-04 | 1.3s
epoch 2829 | loss 138.5286 | lr 3.93e-04 | 1.3s
epoch 2830 | loss 138.7049 | lr 3.93e-04 | 1.3s
epoch 2831 | loss 137.7467 | lr 3.92e-04 | 1.3s
epoch 2832 | loss 138.0470 | lr 3.91e-04 | 1.3s
epoch 2833 | loss 138.1834 | lr 3.91e-04 | 1.3s
epoch 2834 | loss 137.4344 | lr 3.90e-04 | 1.3s
epoch 2835 | loss 138.8594 | lr 3.90e-04 | 1.3s
epoch 2836 | loss 138.2304 | lr 3.89e-04 | 1.3s
epoch 2837 | loss 138.0997 | lr 3.88e-04 | 1.3s
epoch 2838 | loss 139.3061 | lr 3.88e-04 | 1.3s
epoch 2839 | loss 138.1848 | lr 3.87e-04 | 1.3s
epoch 2840 | loss 139.4233 | lr 3.86e-04 | 1.3s
epoch 2841 | loss 138.3417 | lr 3.86e-04 | 1.3s
epoch 2842 | loss 138.6025 | lr 3.85e-04 | 1.3s
epoch 2843 | loss 138.3783 | lr 3.85e-04 | 1.3s
epoch 2844 | loss 138.6077 | lr 3.84e-04 | 1.3s
epoch 2845 | loss 138.2848 | lr 3.83e-04 | 1.3s
epoch 2846 | loss 138.3891 | lr 3.83e-04 | 1.3s
epoch 2847 | loss 140.0824 | lr 3.82e-04 | 1.3s
epoch 2848 | loss 138.0958 | lr 3.82e-04 | 1.3s
epoch 2849 | loss 138.0390 | lr 3.81e-04 | 1.3s
epoch 2850 | loss 139.6282 | lr 3.80e-04 | 1.3s
epoch 2851 | loss 138.8420 | lr 3.80e-04 | 1.3s
epoch 2852 | loss 140.4320 | lr 3.79e-04 | 1.3s
epoch 2853 | loss 137.7138 | lr 3.78e-04 | 1.3s
epoch 2854 | loss 139.8394 | lr 3.78e-04 | 1.3s
epoch 2855 | loss 137.9302 | lr 3.77e-04 | 1.3s
epoch 2856 | loss 139.5827 | lr 3.77e-04 | 1.3s
epoch 2857 | loss 138.7918 | lr 3.76e-04 | 1.3s
epoch 2858 | loss 137.7979 | lr 3.75e-04 | 1.3s
epoch 2859 | loss 136.4690 | lr 3.75e-04 | 1.3s
epoch 2860 | loss 137.7230 | lr 3.74e-04 | 1.3s
epoch 2861 | loss 138.8446 | lr 3.74e-04 | 1.3s
epoch 2862 | loss 136.6742 | lr 3.73e-04 | 1.3s
epoch 2863 | loss 138.7619 | lr 3.72e-04 | 1.3s
epoch 2864 | loss 138.5703 | lr 3.72e-04 | 1.3s
epoch 2865 | loss 137.9094 | lr 3.71e-04 | 1.3s
epoch 2866 | loss 138.8157 | lr 3.70e-04 | 1.3s
epoch 2867 | loss 139.0891 | lr 3.70e-04 | 1.3s
epoch 2868 | loss 139.4436 | lr 3.69e-04 | 1.3s
epoch 2869 | loss 138.3860 | lr 3.69e-04 | 1.3s
epoch 2870 | loss 137.9350 | lr 3.68e-04 | 1.3s
epoch 2871 | loss 137.0888 | lr 3.67e-04 | 1.3s
epoch 2872 | loss 137.1469 | lr 3.67e-04 | 1.3s
epoch 2873 | loss 139.7858 | lr 3.66e-04 | 1.3s
epoch 2874 | loss 138.4646 | lr 3.66e-04 | 1.3s
epoch 2875 | loss 137.5035 | lr 3.65e-04 | 1.3s
epoch 2876 | loss 138.8368 | lr 3.64e-04 | 1.3s
epoch 2877 | loss 138.5775 | lr 3.64e-04 | 1.3s
epoch 2878 | loss 138.8066 | lr 3.63e-04 | 1.3s
epoch 2879 | loss 139.8196 | lr 3.63e-04 | 1.3s
epoch 2880 | loss 138.4943 | lr 3.62e-04 | 1.3s
epoch 2881 | loss 138.7178 | lr 3.61e-04 | 1.3s
epoch 2882 | loss 138.6312 | lr 3.61e-04 | 1.3s
epoch 2883 | loss 140.1192 | lr 3.60e-04 | 1.3s
epoch 2884 | loss 139.1876 | lr 3.60e-04 | 1.3s
epoch 2885 | loss 139.6379 | lr 3.59e-04 | 1.3s
epoch 2886 | loss 139.2346 | lr 3.58e-04 | 1.3s
epoch 2887 | loss 138.2974 | lr 3.58e-04 | 1.3s
epoch 2888 | loss 138.1776 | lr 3.57e-04 | 1.3s
epoch 2889 | loss 138.4361 | lr 3.57e-04 | 1.3s
epoch 2890 | loss 139.6669 | lr 3.56e-04 | 1.3s
epoch 2891 | loss 138.4796 | lr 3.55e-04 | 1.3s
epoch 2892 | loss 139.4416 | lr 3.55e-04 | 1.3s
epoch 2893 | loss 138.1540 | lr 3.54e-04 | 1.3s
epoch 2894 | loss 137.6724 | lr 3.54e-04 | 1.3s
epoch 2895 | loss 138.6955 | lr 3.53e-04 | 1.3s
epoch 2896 | loss 138.3767 | lr 3.52e-04 | 1.3s
epoch 2897 | loss 138.2497 | lr 3.52e-04 | 1.3s
epoch 2898 | loss 137.2365 | lr 3.51e-04 | 1.3s
epoch 2899 | loss 138.2451 | lr 3.51e-04 | 1.3s
epoch 2900 | loss 138.6167 | lr 3.50e-04 | 1.3s
epoch 2901 | loss 138.2565 | lr 3.49e-04 | 1.3s
epoch 2902 | loss 138.8507 | lr 3.49e-04 | 1.3s
epoch 2903 | loss 137.0906 | lr 3.48e-04 | 1.3s
epoch 2904 | loss 139.3355 | lr 3.48e-04 | 1.3s
epoch 2905 | loss 138.6007 | lr 3.47e-04 | 1.3s
epoch 2906 | loss 137.4107 | lr 3.46e-04 | 1.3s
epoch 2907 | loss 139.0578 | lr 3.46e-04 | 1.3s
epoch 2908 | loss 138.9873 | lr 3.45e-04 | 1.3s
epoch 2909 | loss 136.4610 | lr 3.45e-04 | 1.3s
epoch 2910 | loss 140.3296 | lr 3.44e-04 | 1.3s
epoch 2911 | loss 137.2369 | lr 3.43e-04 | 1.3s
epoch 2912 | loss 137.4589 | lr 3.43e-04 | 1.3s
epoch 2913 | loss 139.2507 | lr 3.42e-04 | 1.3s
epoch 2914 | loss 139.8967 | lr 3.42e-04 | 1.3s
epoch 2915 | loss 137.6750 | lr 3.41e-04 | 1.3s
epoch 2916 | loss 138.6361 | lr 3.40e-04 | 1.3s
epoch 2917 | loss 137.7960 | lr 3.40e-04 | 1.3s
epoch 2918 | loss 138.2834 | lr 3.39e-04 | 1.3s
epoch 2919 | loss 138.5483 | lr 3.39e-04 | 1.3s
epoch 2920 | loss 138.7628 | lr 3.38e-04 | 1.3s
epoch 2921 | loss 138.6585 | lr 3.38e-04 | 1.3s
epoch 2922 | loss 138.0647 | lr 3.37e-04 | 1.3s
epoch 2923 | loss 138.0863 | lr 3.36e-04 | 1.3s
epoch 2924 | loss 139.4349 | lr 3.36e-04 | 1.3s
epoch 2925 | loss 138.8798 | lr 3.35e-04 | 1.3s
epoch 2926 | loss 139.4354 | lr 3.35e-04 | 1.3s
epoch 2927 | loss 138.1101 | lr 3.34e-04 | 1.3s
epoch 2928 | loss 137.8861 | lr 3.33e-04 | 1.3s
epoch 2929 | loss 138.4257 | lr 3.33e-04 | 1.3s
epoch 2930 | loss 137.5286 | lr 3.32e-04 | 1.3s
epoch 2931 | loss 140.2227 | lr 3.32e-04 | 1.3s
epoch 2932 | loss 138.5253 | lr 3.31e-04 | 1.3s
epoch 2933 | loss 138.0420 | lr 3.30e-04 | 1.3s
epoch 2934 | loss 140.2375 | lr 3.30e-04 | 1.3s
epoch 2935 | loss 138.4082 | lr 3.29e-04 | 1.3s
epoch 2936 | loss 139.1291 | lr 3.29e-04 | 1.3s
epoch 2937 | loss 140.3000 | lr 3.28e-04 | 1.3s
epoch 2938 | loss 138.8130 | lr 3.28e-04 | 1.3s
epoch 2939 | loss 136.9578 | lr 3.27e-04 | 1.3s
epoch 2940 | loss 138.7332 | lr 3.26e-04 | 1.3s
epoch 2941 | loss 138.3866 | lr 3.26e-04 | 1.3s
epoch 2942 | loss 138.1653 | lr 3.25e-04 | 1.3s
epoch 2943 | loss 139.6221 | lr 3.25e-04 | 1.3s
epoch 2944 | loss 138.4368 | lr 3.24e-04 | 1.3s
epoch 2945 | loss 139.3674 | lr 3.24e-04 | 1.3s
epoch 2946 | loss 138.5571 | lr 3.23e-04 | 1.3s
epoch 2947 | loss 139.1426 | lr 3.22e-04 | 1.3s
epoch 2948 | loss 139.3100 | lr 3.22e-04 | 1.3s
epoch 2949 | loss 138.4173 | lr 3.21e-04 | 1.3s
epoch 2950 | loss 138.8805 | lr 3.21e-04 | 1.3s
epoch 2951 | loss 139.8843 | lr 3.20e-04 | 1.3s
epoch 2952 | loss 139.5316 | lr 3.19e-04 | 1.3s
epoch 2953 | loss 138.5240 | lr 3.19e-04 | 1.3s
epoch 2954 | loss 138.5028 | lr 3.18e-04 | 1.3s
epoch 2955 | loss 140.2778 | lr 3.18e-04 | 1.3s
epoch 2956 | loss 137.4894 | lr 3.17e-04 | 1.3s
epoch 2957 | loss 137.4322 | lr 3.17e-04 | 1.3s
epoch 2958 | loss 138.7401 | lr 3.16e-04 | 1.3s
epoch 2959 | loss 139.5000 | lr 3.15e-04 | 1.3s
epoch 2960 | loss 139.5440 | lr 3.15e-04 | 1.3s
epoch 2961 | loss 137.8230 | lr 3.14e-04 | 1.3s
epoch 2962 | loss 136.5948 | lr 3.14e-04 | 1.3s
epoch 2963 | loss 138.6861 | lr 3.13e-04 | 1.3s
epoch 2964 | loss 137.3414 | lr 3.13e-04 | 1.3s
epoch 2965 | loss 138.8066 | lr 3.12e-04 | 1.3s
epoch 2966 | loss 138.9695 | lr 3.11e-04 | 1.3s
epoch 2967 | loss 138.1399 | lr 3.11e-04 | 1.3s
epoch 2968 | loss 138.9628 | lr 3.10e-04 | 1.3s
epoch 2969 | loss 140.0113 | lr 3.10e-04 | 1.3s
epoch 2970 | loss 139.2720 | lr 3.09e-04 | 1.3s
epoch 2971 | loss 138.6968 | lr 3.09e-04 | 1.3s
epoch 2972 | loss 138.5918 | lr 3.08e-04 | 1.3s
epoch 2973 | loss 136.3956 | lr 3.07e-04 | 1.3s
epoch 2974 | loss 138.2878 | lr 3.07e-04 | 1.3s
epoch 2975 | loss 138.6581 | lr 3.06e-04 | 1.3s
epoch 2976 | loss 138.4933 | lr 3.06e-04 | 1.3s
epoch 2977 | loss 138.8382 | lr 3.05e-04 | 1.3s
epoch 2978 | loss 139.5522 | lr 3.05e-04 | 1.3s
epoch 2979 | loss 138.0037 | lr 3.04e-04 | 1.3s
epoch 2980 | loss 138.1291 | lr 3.04e-04 | 1.3s
epoch 2981 | loss 138.6556 | lr 3.03e-04 | 1.3s
epoch 2982 | loss 137.4494 | lr 3.02e-04 | 1.3s
epoch 2983 | loss 138.5307 | lr 3.02e-04 | 1.3s
epoch 2984 | loss 137.1354 | lr 3.01e-04 | 1.3s
epoch 2985 | loss 139.2768 | lr 3.01e-04 | 1.3s
epoch 2986 | loss 138.7235 | lr 3.00e-04 | 1.3s
epoch 2987 | loss 138.4304 | lr 3.00e-04 | 1.3s
epoch 2988 | loss 138.7496 | lr 2.99e-04 | 1.3s
epoch 2989 | loss 138.2887 | lr 2.98e-04 | 1.3s
epoch 2990 | loss 138.5923 | lr 2.98e-04 | 1.3s
epoch 2991 | loss 139.3986 | lr 2.97e-04 | 1.3s
epoch 2992 | loss 138.6163 | lr 2.97e-04 | 1.3s
epoch 2993 | loss 138.8523 | lr 2.96e-04 | 1.3s
epoch 2994 | loss 139.6711 | lr 2.96e-04 | 1.3s
epoch 2995 | loss 138.4941 | lr 2.95e-04 | 1.3s
epoch 2996 | loss 139.1986 | lr 2.95e-04 | 1.3s
epoch 2997 | loss 138.5639 | lr 2.94e-04 | 1.3s
epoch 2998 | loss 137.0058 | lr 2.93e-04 | 1.3s
epoch 2999 | loss 138.2305 | lr 2.93e-04 | 1.3s
epoch 3000 | loss 138.9487 | lr 2.92e-04 | 1.3s
epoch 3001 | loss 138.6192 | lr 2.92e-04 | 1.3s
epoch 3002 | loss 138.7635 | lr 2.91e-04 | 1.3s
epoch 3003 | loss 138.6162 | lr 2.91e-04 | 1.3s
epoch 3004 | loss 138.4251 | lr 2.90e-04 | 1.3s
epoch 3005 | loss 138.6807 | lr 2.90e-04 | 1.3s
epoch 3006 | loss 138.9242 | lr 2.89e-04 | 1.3s
epoch 3007 | loss 139.0346 | lr 2.88e-04 | 1.3s
epoch 3008 | loss 138.4516 | lr 2.88e-04 | 1.3s
epoch 3009 | loss 139.9260 | lr 2.87e-04 | 1.3s
epoch 3010 | loss 138.6597 | lr 2.87e-04 | 1.3s
epoch 3011 | loss 140.1451 | lr 2.86e-04 | 1.3s
epoch 3012 | loss 139.5428 | lr 2.86e-04 | 1.3s
epoch 3013 | loss 139.5307 | lr 2.85e-04 | 1.3s
epoch 3014 | loss 139.1444 | lr 2.85e-04 | 1.3s
epoch 3015 | loss 139.0051 | lr 2.84e-04 | 1.3s
epoch 3016 | loss 139.1380 | lr 2.84e-04 | 1.3s
epoch 3017 | loss 139.1355 | lr 2.83e-04 | 1.3s
epoch 3018 | loss 138.5324 | lr 2.82e-04 | 1.3s
epoch 3019 | loss 138.5522 | lr 2.82e-04 | 1.3s
epoch 3020 | loss 137.7245 | lr 2.81e-04 | 1.3s
epoch 3021 | loss 139.0264 | lr 2.81e-04 | 1.3s
epoch 3022 | loss 139.7013 | lr 2.80e-04 | 1.3s
epoch 3023 | loss 138.8625 | lr 2.80e-04 | 1.3s
epoch 3024 | loss 137.4803 | lr 2.79e-04 | 1.3s
epoch 3025 | loss 138.4424 | lr 2.79e-04 | 1.3s
epoch 3026 | loss 138.7998 | lr 2.78e-04 | 1.3s
epoch 3027 | loss 139.3858 | lr 2.78e-04 | 1.3s
epoch 3028 | loss 138.8787 | lr 2.77e-04 | 1.3s
epoch 3029 | loss 138.9618 | lr 2.76e-04 | 1.3s
epoch 3030 | loss 137.8194 | lr 2.76e-04 | 1.3s
epoch 3031 | loss 137.6434 | lr 2.75e-04 | 1.3s
epoch 3032 | loss 136.9692 | lr 2.75e-04 | 1.3s
epoch 3033 | loss 138.1861 | lr 2.74e-04 | 1.3s
epoch 3034 | loss 138.7659 | lr 2.74e-04 | 1.3s
epoch 3035 | loss 138.0234 | lr 2.73e-04 | 1.3s
epoch 3036 | loss 140.6835 | lr 2.73e-04 | 1.3s
epoch 3037 | loss 139.8276 | lr 2.72e-04 | 1.3s
epoch 3038 | loss 137.7543 | lr 2.72e-04 | 1.3s
epoch 3039 | loss 138.8166 | lr 2.71e-04 | 1.3s
epoch 3040 | loss 139.5342 | lr 2.70e-04 | 1.3s
epoch 3041 | loss 137.5002 | lr 2.70e-04 | 1.3s
epoch 3042 | loss 137.2572 | lr 2.69e-04 | 1.3s
epoch 3043 | loss 139.2702 | lr 2.69e-04 | 1.3s
epoch 3044 | loss 137.8753 | lr 2.68e-04 | 1.3s
epoch 3045 | loss 138.0156 | lr 2.68e-04 | 1.3s
epoch 3046 | loss 140.0012 | lr 2.67e-04 | 1.3s
epoch 3047 | loss 138.3536 | lr 2.67e-04 | 1.3s
epoch 3048 | loss 138.4921 | lr 2.66e-04 | 1.3s
epoch 3049 | loss 139.1614 | lr 2.66e-04 | 1.3s
epoch 3050 | loss 137.7131 | lr 2.65e-04 | 1.3s
epoch 3051 | loss 137.9412 | lr 2.65e-04 | 1.3s
epoch 3052 | loss 138.4674 | lr 2.64e-04 | 1.3s
epoch 3053 | loss 139.6686 | lr 2.64e-04 | 1.3s
epoch 3054 | loss 139.1568 | lr 2.63e-04 | 1.3s
epoch 3055 | loss 138.1748 | lr 2.62e-04 | 1.3s
epoch 3056 | loss 138.8203 | lr 2.62e-04 | 1.3s
epoch 3057 | loss 138.4290 | lr 2.61e-04 | 1.3s
epoch 3058 | loss 137.2947 | lr 2.61e-04 | 1.3s
epoch 3059 | loss 139.0829 | lr 2.60e-04 | 1.3s
epoch 3060 | loss 137.9025 | lr 2.60e-04 | 1.3s
epoch 3061 | loss 138.2609 | lr 2.59e-04 | 1.3s
epoch 3062 | loss 137.8909 | lr 2.59e-04 | 1.3s
epoch 3063 | loss 137.6425 | lr 2.58e-04 | 1.3s
epoch 3064 | loss 139.2545 | lr 2.58e-04 | 1.3s
epoch 3065 | loss 137.9754 | lr 2.57e-04 | 1.3s
epoch 3066 | loss 139.9964 | lr 2.57e-04 | 1.3s
epoch 3067 | loss 138.6459 | lr 2.56e-04 | 1.3s
epoch 3068 | loss 139.6425 | lr 2.56e-04 | 1.3s
epoch 3069 | loss 137.2478 | lr 2.55e-04 | 1.3s
epoch 3070 | loss 137.8832 | lr 2.55e-04 | 1.3s
epoch 3071 | loss 138.2505 | lr 2.54e-04 | 1.3s
epoch 3072 | loss 139.1956 | lr 2.54e-04 | 1.3s
epoch 3073 | loss 139.2755 | lr 2.53e-04 | 1.3s
epoch 3074 | loss 138.6420 | lr 2.52e-04 | 1.3s
epoch 3075 | loss 138.5875 | lr 2.52e-04 | 1.3s
epoch 3076 | loss 138.5270 | lr 2.51e-04 | 1.3s
epoch 3077 | loss 137.9278 | lr 2.51e-04 | 1.3s
epoch 3078 | loss 137.0138 | lr 2.50e-04 | 1.3s
epoch 3079 | loss 136.8129 | lr 2.50e-04 | 1.3s
epoch 3080 | loss 139.9052 | lr 2.49e-04 | 1.3s
epoch 3081 | loss 139.3551 | lr 2.49e-04 | 1.3s
epoch 3082 | loss 138.8208 | lr 2.48e-04 | 1.3s
epoch 3083 | loss 139.8398 | lr 2.48e-04 | 1.3s
epoch 3084 | loss 139.2071 | lr 2.47e-04 | 1.3s
epoch 3085 | loss 138.0248 | lr 2.47e-04 | 1.3s
epoch 3086 | loss 140.2757 | lr 2.46e-04 | 1.3s
epoch 3087 | loss 138.0639 | lr 2.46e-04 | 1.3s
epoch 3088 | loss 137.3470 | lr 2.45e-04 | 1.3s
epoch 3089 | loss 138.7557 | lr 2.45e-04 | 1.3s
epoch 3090 | loss 139.1297 | lr 2.44e-04 | 1.3s
epoch 3091 | loss 139.0243 | lr 2.44e-04 | 1.3s
epoch 3092 | loss 137.6239 | lr 2.43e-04 | 1.3s
epoch 3093 | loss 138.5051 | lr 2.43e-04 | 1.3s
epoch 3094 | loss 137.6079 | lr 2.42e-04 | 1.3s
epoch 3095 | loss 140.0314 | lr 2.42e-04 | 1.3s
epoch 3096 | loss 139.1229 | lr 2.41e-04 | 1.3s
epoch 3097 | loss 138.8727 | lr 2.41e-04 | 1.3s
epoch 3098 | loss 138.0467 | lr 2.40e-04 | 1.3s
epoch 3099 | loss 138.8965 | lr 2.40e-04 | 1.3s
epoch 3100 | loss 139.1270 | lr 2.39e-04 | 1.3s
epoch 3101 | loss 137.7986 | lr 2.39e-04 | 1.3s
epoch 3102 | loss 139.3315 | lr 2.38e-04 | 1.3s
epoch 3103 | loss 140.0017 | lr 2.38e-04 | 1.3s
epoch 3104 | loss 139.7899 | lr 2.37e-04 | 1.3s
epoch 3105 | loss 139.5003 | lr 2.37e-04 | 1.3s
epoch 3106 | loss 138.4153 | lr 2.36e-04 | 1.3s
epoch 3107 | loss 137.3574 | lr 2.36e-04 | 1.3s
epoch 3108 | loss 138.8186 | lr 2.35e-04 | 1.3s
epoch 3109 | loss 139.2822 | lr 2.35e-04 | 1.3s
epoch 3110 | loss 138.5699 | lr 2.34e-04 | 1.3s
epoch 3111 | loss 138.0905 | lr 2.34e-04 | 1.3s
epoch 3112 | loss 139.4690 | lr 2.33e-04 | 1.3s
epoch 3113 | loss 137.8139 | lr 2.32e-04 | 1.3s
epoch 3114 | loss 138.4169 | lr 2.32e-04 | 1.3s
epoch 3115 | loss 137.6771 | lr 2.31e-04 | 1.3s
epoch 3116 | loss 140.5015 | lr 2.31e-04 | 1.3s
epoch 3117 | loss 138.4232 | lr 2.30e-04 | 1.3s
epoch 3118 | loss 138.4614 | lr 2.30e-04 | 1.3s
epoch 3119 | loss 139.7826 | lr 2.29e-04 | 1.3s
epoch 3120 | loss 138.9914 | lr 2.29e-04 | 1.3s
epoch 3121 | loss 138.6590 | lr 2.28e-04 | 1.3s
epoch 3122 | loss 137.8131 | lr 2.28e-04 | 1.3s
epoch 3123 | loss 138.4943 | lr 2.27e-04 | 1.3s
epoch 3124 | loss 139.6398 | lr 2.27e-04 | 1.3s
epoch 3125 | loss 138.5686 | lr 2.26e-04 | 1.3s
epoch 3126 | loss 138.6236 | lr 2.26e-04 | 1.3s
epoch 3127 | loss 137.8105 | lr 2.25e-04 | 1.3s
epoch 3128 | loss 138.8071 | lr 2.25e-04 | 1.3s
epoch 3129 | loss 139.3416 | lr 2.25e-04 | 1.3s
epoch 3130 | loss 137.2040 | lr 2.24e-04 | 1.3s
epoch 3131 | loss 139.5991 | lr 2.24e-04 | 1.3s
epoch 3132 | loss 137.6381 | lr 2.23e-04 | 1.3s
epoch 3133 | loss 138.9216 | lr 2.23e-04 | 1.3s
epoch 3134 | loss 138.6312 | lr 2.22e-04 | 1.3s
epoch 3135 | loss 139.8149 | lr 2.22e-04 | 1.3s
epoch 3136 | loss 138.9532 | lr 2.21e-04 | 1.3s
epoch 3137 | loss 138.1367 | lr 2.21e-04 | 1.3s
epoch 3138 | loss 139.1842 | lr 2.20e-04 | 1.3s
epoch 3139 | loss 138.7262 | lr 2.20e-04 | 1.3s
epoch 3140 | loss 137.9748 | lr 2.19e-04 | 1.3s
epoch 3141 | loss 137.5659 | lr 2.19e-04 | 1.3s
epoch 3142 | loss 139.0791 | lr 2.18e-04 | 1.3s
epoch 3143 | loss 138.8402 | lr 2.18e-04 | 1.3s
epoch 3144 | loss 137.4652 | lr 2.17e-04 | 1.3s
epoch 3145 | loss 139.0102 | lr 2.17e-04 | 1.3s
epoch 3146 | loss 138.5896 | lr 2.16e-04 | 1.3s
epoch 3147 | loss 138.3599 | lr 2.16e-04 | 1.3s
epoch 3148 | loss 138.6500 | lr 2.15e-04 | 1.3s
epoch 3149 | loss 137.8247 | lr 2.15e-04 | 1.3s
epoch 3150 | loss 140.1394 | lr 2.14e-04 | 1.3s
epoch 3151 | loss 138.9247 | lr 2.14e-04 | 1.3s
epoch 3152 | loss 138.2900 | lr 2.13e-04 | 1.3s
epoch 3153 | loss 138.0850 | lr 2.13e-04 | 1.3s
epoch 3154 | loss 138.5490 | lr 2.12e-04 | 1.3s
epoch 3155 | loss 138.7470 | lr 2.12e-04 | 1.3s
epoch 3156 | loss 139.5208 | lr 2.11e-04 | 1.3s
epoch 3157 | loss 137.8497 | lr 2.11e-04 | 1.3s
epoch 3158 | loss 138.1935 | lr 2.10e-04 | 1.3s
epoch 3159 | loss 139.2146 | lr 2.10e-04 | 1.3s
epoch 3160 | loss 138.9609 | lr 2.09e-04 | 1.3s
epoch 3161 | loss 138.6703 | lr 2.09e-04 | 1.3s
epoch 3162 | loss 138.9241 | lr 2.08e-04 | 1.3s
epoch 3163 | loss 138.4660 | lr 2.08e-04 | 1.3s
epoch 3164 | loss 138.5887 | lr 2.07e-04 | 1.3s
epoch 3165 | loss 139.9429 | lr 2.07e-04 | 1.3s
epoch 3166 | loss 140.0573 | lr 2.06e-04 | 1.3s
epoch 3167 | loss 138.9555 | lr 2.06e-04 | 1.3s
epoch 3168 | loss 137.4056 | lr 2.06e-04 | 1.3s
epoch 3169 | loss 139.7773 | lr 2.05e-04 | 1.3s
epoch 3170 | loss 139.7140 | lr 2.05e-04 | 1.3s
epoch 3171 | loss 140.5735 | lr 2.04e-04 | 1.3s
epoch 3172 | loss 137.7565 | lr 2.04e-04 | 1.3s
epoch 3173 | loss 139.7446 | lr 2.03e-04 | 1.3s
epoch 3174 | loss 138.7122 | lr 2.03e-04 | 1.3s
epoch 3175 | loss 138.4786 | lr 2.02e-04 | 1.3s
epoch 3176 | loss 138.4621 | lr 2.02e-04 | 1.3s
epoch 3177 | loss 139.0899 | lr 2.01e-04 | 1.3s
epoch 3178 | loss 138.1761 | lr 2.01e-04 | 1.3s
epoch 3179 | loss 137.1814 | lr 2.00e-04 | 1.3s
epoch 3180 | loss 137.7151 | lr 2.00e-04 | 1.3s
epoch 3181 | loss 139.6488 | lr 1.99e-04 | 1.3s
epoch 3182 | loss 139.1487 | lr 1.99e-04 | 1.3s
epoch 3183 | loss 139.3523 | lr 1.98e-04 | 1.3s
epoch 3184 | loss 139.8120 | lr 1.98e-04 | 1.3s
epoch 3185 | loss 138.5760 | lr 1.97e-04 | 1.3s
epoch 3186 | loss 138.6769 | lr 1.97e-04 | 1.3s
epoch 3187 | loss 136.9793 | lr 1.97e-04 | 1.3s
epoch 3188 | loss 140.1848 | lr 1.96e-04 | 1.3s
epoch 3189 | loss 138.3390 | lr 1.96e-04 | 1.3s
epoch 3190 | loss 137.7330 | lr 1.95e-04 | 1.3s
epoch 3191 | loss 138.8166 | lr 1.95e-04 | 1.3s
epoch 3192 | loss 139.5654 | lr 1.94e-04 | 1.3s
epoch 3193 | loss 139.4873 | lr 1.94e-04 | 1.3s
epoch 3194 | loss 139.2818 | lr 1.93e-04 | 1.3s
epoch 3195 | loss 137.4484 | lr 1.93e-04 | 1.3s
epoch 3196 | loss 138.0691 | lr 1.92e-04 | 1.3s
epoch 3197 | loss 139.0826 | lr 1.92e-04 | 1.3s
epoch 3198 | loss 139.0535 | lr 1.91e-04 | 1.3s
epoch 3199 | loss 138.4889 | lr 1.91e-04 | 1.3s
epoch 3200 | loss 136.9772 | lr 1.91e-04 | 1.3s
epoch 3201 | loss 138.6737 | lr 1.90e-04 | 1.3s
epoch 3202 | loss 138.7123 | lr 1.90e-04 | 1.3s
epoch 3203 | loss 138.8512 | lr 1.89e-04 | 1.3s
epoch 3204 | loss 138.2985 | lr 1.89e-04 | 1.3s
epoch 3205 | loss 139.8100 | lr 1.88e-04 | 1.3s
epoch 3206 | loss 138.3242 | lr 1.88e-04 | 1.3s
epoch 3207 | loss 138.9729 | lr 1.87e-04 | 1.3s
epoch 3208 | loss 137.8628 | lr 1.87e-04 | 1.3s
epoch 3209 | loss 138.3551 | lr 1.86e-04 | 1.3s
epoch 3210 | loss 139.4389 | lr 1.86e-04 | 1.3s
epoch 3211 | loss 138.0319 | lr 1.85e-04 | 1.3s
epoch 3212 | loss 139.8827 | lr 1.85e-04 | 1.3s
epoch 3213 | loss 140.3295 | lr 1.85e-04 | 1.3s
epoch 3214 | loss 139.1195 | lr 1.84e-04 | 1.3s
epoch 3215 | loss 138.8425 | lr 1.84e-04 | 1.3s
epoch 3216 | loss 138.5587 | lr 1.83e-04 | 1.3s
epoch 3217 | loss 138.6669 | lr 1.83e-04 | 1.3s
epoch 3218 | loss 139.6228 | lr 1.82e-04 | 1.3s
epoch 3219 | loss 138.7747 | lr 1.82e-04 | 1.3s
epoch 3220 | loss 137.7838 | lr 1.81e-04 | 1.3s
epoch 3221 | loss 139.4765 | lr 1.81e-04 | 1.3s
epoch 3222 | loss 140.6586 | lr 1.80e-04 | 1.3s
epoch 3223 | loss 138.1920 | lr 1.80e-04 | 1.3s
epoch 3224 | loss 138.3940 | lr 1.80e-04 | 1.3s
epoch 3225 | loss 139.1943 | lr 1.79e-04 | 1.3s
epoch 3226 | loss 138.8908 | lr 1.79e-04 | 1.3s
epoch 3227 | loss 139.8343 | lr 1.78e-04 | 1.3s
epoch 3228 | loss 138.0736 | lr 1.78e-04 | 1.3s
epoch 3229 | loss 138.3004 | lr 1.77e-04 | 1.3s
epoch 3230 | loss 139.0881 | lr 1.77e-04 | 1.3s
epoch 3231 | loss 138.0470 | lr 1.76e-04 | 1.3s
epoch 3232 | loss 139.7766 | lr 1.76e-04 | 1.3s
epoch 3233 | loss 139.3319 | lr 1.76e-04 | 1.3s
epoch 3234 | loss 138.9726 | lr 1.75e-04 | 1.3s
epoch 3235 | loss 138.0116 | lr 1.75e-04 | 1.3s
epoch 3236 | loss 138.4608 | lr 1.74e-04 | 1.3s
epoch 3237 | loss 139.3665 | lr 1.74e-04 | 1.3s
epoch 3238 | loss 138.0117 | lr 1.73e-04 | 1.3s
epoch 3239 | loss 140.0719 | lr 1.73e-04 | 1.3s
epoch 3240 | loss 139.9489 | lr 1.72e-04 | 1.3s
epoch 3241 | loss 139.5784 | lr 1.72e-04 | 1.3s
epoch 3242 | loss 137.7554 | lr 1.72e-04 | 1.3s
epoch 3243 | loss 138.9693 | lr 1.71e-04 | 1.3s
epoch 3244 | loss 139.1342 | lr 1.71e-04 | 1.3s
epoch 3245 | loss 139.8497 | lr 1.70e-04 | 1.3s
epoch 3246 | loss 139.1643 | lr 1.70e-04 | 1.3s
epoch 3247 | loss 139.4595 | lr 1.69e-04 | 1.3s
epoch 3248 | loss 138.6430 | lr 1.69e-04 | 1.3s
epoch 3249 | loss 139.6381 | lr 1.69e-04 | 1.3s
epoch 3250 | loss 138.8402 | lr 1.68e-04 | 1.3s
epoch 3251 | loss 138.0257 | lr 1.68e-04 | 1.3s
epoch 3252 | loss 137.8115 | lr 1.67e-04 | 1.3s
epoch 3253 | loss 138.9129 | lr 1.67e-04 | 1.3s
epoch 3254 | loss 139.3898 | lr 1.66e-04 | 1.3s
epoch 3255 | loss 137.9943 | lr 1.66e-04 | 1.3s
epoch 3256 | loss 139.7348 | lr 1.65e-04 | 1.3s
epoch 3257 | loss 138.9574 | lr 1.65e-04 | 1.3s
epoch 3258 | loss 138.7698 | lr 1.65e-04 | 1.3s
epoch 3259 | loss 137.9549 | lr 1.64e-04 | 1.3s
epoch 3260 | loss 139.6427 | lr 1.64e-04 | 1.3s
epoch 3261 | loss 138.6833 | lr 1.63e-04 | 1.3s
epoch 3262 | loss 138.5835 | lr 1.63e-04 | 1.3s
epoch 3263 | loss 138.5658 | lr 1.62e-04 | 1.3s
epoch 3264 | loss 138.5135 | lr 1.62e-04 | 1.3s
epoch 3265 | loss 138.7308 | lr 1.62e-04 | 1.3s
epoch 3266 | loss 138.4242 | lr 1.61e-04 | 1.3s
epoch 3267 | loss 138.2596 | lr 1.61e-04 | 1.3s
epoch 3268 | loss 138.2519 | lr 1.60e-04 | 1.3s
epoch 3269 | loss 138.9280 | lr 1.60e-04 | 1.3s
epoch 3270 | loss 137.5830 | lr 1.59e-04 | 1.3s
epoch 3271 | loss 139.1918 | lr 1.59e-04 | 1.3s
epoch 3272 | loss 139.1926 | lr 1.59e-04 | 1.3s
epoch 3273 | loss 137.2607 | lr 1.58e-04 | 1.3s
epoch 3274 | loss 138.8687 | lr 1.58e-04 | 1.3s
epoch 3275 | loss 138.2277 | lr 1.57e-04 | 1.3s
epoch 3276 | loss 137.5845 | lr 1.57e-04 | 1.3s
epoch 3277 | loss 137.5448 | lr 1.57e-04 | 1.3s
epoch 3278 | loss 139.2914 | lr 1.56e-04 | 1.3s
epoch 3279 | loss 139.4723 | lr 1.56e-04 | 1.3s
epoch 3280 | loss 138.3693 | lr 1.55e-04 | 1.3s
epoch 3281 | loss 139.1645 | lr 1.55e-04 | 1.3s
epoch 3282 | loss 138.0887 | lr 1.54e-04 | 1.3s
epoch 3283 | loss 138.9669 | lr 1.54e-04 | 1.3s
epoch 3284 | loss 139.5999 | lr 1.54e-04 | 1.3s
epoch 3285 | loss 140.2938 | lr 1.53e-04 | 1.3s
epoch 3286 | loss 139.7235 | lr 1.53e-04 | 1.3s
epoch 3287 | loss 138.8876 | lr 1.52e-04 | 1.3s
epoch 3288 | loss 138.9549 | lr 1.52e-04 | 1.3s
epoch 3289 | loss 137.9189 | lr 1.51e-04 | 1.3s
epoch 3290 | loss 138.0960 | lr 1.51e-04 | 1.3s
epoch 3291 | loss 138.2569 | lr 1.51e-04 | 1.3s
epoch 3292 | loss 138.6263 | lr 1.50e-04 | 1.3s
epoch 3293 | loss 139.0584 | lr 1.50e-04 | 1.3s
epoch 3294 | loss 138.5637 | lr 1.49e-04 | 1.3s
epoch 3295 | loss 138.5956 | lr 1.49e-04 | 1.3s
epoch 3296 | loss 140.0917 | lr 1.49e-04 | 1.3s
epoch 3297 | loss 139.2474 | lr 1.48e-04 | 1.3s
epoch 3298 | loss 138.3262 | lr 1.48e-04 | 1.3s
epoch 3299 | loss 138.3907 | lr 1.47e-04 | 1.3s
epoch 3300 | loss 138.7524 | lr 1.47e-04 | 1.3s
epoch 3301 | loss 138.4611 | lr 1.47e-04 | 1.3s
epoch 3302 | loss 139.5592 | lr 1.46e-04 | 1.3s
epoch 3303 | loss 138.7358 | lr 1.46e-04 | 1.3s
epoch 3304 | loss 139.3255 | lr 1.45e-04 | 1.3s
epoch 3305 | loss 139.8696 | lr 1.45e-04 | 1.3s
epoch 3306 | loss 139.6059 | lr 1.45e-04 | 1.3s
epoch 3307 | loss 138.3725 | lr 1.44e-04 | 1.3s
epoch 3308 | loss 138.6482 | lr 1.44e-04 | 1.3s
epoch 3309 | loss 139.4174 | lr 1.43e-04 | 1.3s
epoch 3310 | loss 138.4179 | lr 1.43e-04 | 1.3s
epoch 3311 | loss 137.8608 | lr 1.42e-04 | 1.3s
epoch 3312 | loss 138.5855 | lr 1.42e-04 | 1.3s
epoch 3313 | loss 139.3783 | lr 1.42e-04 | 1.3s
epoch 3314 | loss 138.2816 | lr 1.41e-04 | 1.3s
epoch 3315 | loss 139.2032 | lr 1.41e-04 | 1.3s
epoch 3316 | loss 138.1394 | lr 1.40e-04 | 1.3s
epoch 3317 | loss 138.4234 | lr 1.40e-04 | 1.3s
epoch 3318 | loss 139.1842 | lr 1.40e-04 | 1.3s
epoch 3319 | loss 139.0529 | lr 1.39e-04 | 1.3s
epoch 3320 | loss 138.9093 | lr 1.39e-04 | 1.3s
epoch 3321 | loss 138.4247 | lr 1.38e-04 | 1.3s
epoch 3322 | loss 139.9075 | lr 1.38e-04 | 1.3s
epoch 3323 | loss 138.3935 | lr 1.38e-04 | 1.3s
epoch 3324 | loss 138.3387 | lr 1.37e-04 | 1.3s
epoch 3325 | loss 138.9690 | lr 1.37e-04 | 1.3s
epoch 3326 | loss 139.2961 | lr 1.36e-04 | 1.3s
epoch 3327 | loss 137.5444 | lr 1.36e-04 | 1.3s
epoch 3328 | loss 138.8779 | lr 1.36e-04 | 1.3s
epoch 3329 | loss 138.7925 | lr 1.35e-04 | 1.3s
epoch 3330 | loss 138.4648 | lr 1.35e-04 | 1.3s
epoch 3331 | loss 139.3441 | lr 1.34e-04 | 1.3s
epoch 3332 | loss 138.8063 | lr 1.34e-04 | 1.3s
epoch 3333 | loss 140.4699 | lr 1.34e-04 | 1.3s
epoch 3334 | loss 138.7770 | lr 1.33e-04 | 1.3s
epoch 3335 | loss 138.5369 | lr 1.33e-04 | 1.3s
epoch 3336 | loss 137.4100 | lr 1.33e-04 | 1.3s
epoch 3337 | loss 138.9982 | lr 1.32e-04 | 1.3s
epoch 3338 | loss 138.9178 | lr 1.32e-04 | 1.3s
epoch 3339 | loss 139.0016 | lr 1.31e-04 | 1.3s
epoch 3340 | loss 138.5583 | lr 1.31e-04 | 1.3s
epoch 3341 | loss 139.5336 | lr 1.31e-04 | 1.3s
epoch 3342 | loss 139.0295 | lr 1.30e-04 | 1.3s
epoch 3343 | loss 138.4873 | lr 1.30e-04 | 1.3s
epoch 3344 | loss 139.4997 | lr 1.29e-04 | 1.3s
epoch 3345 | loss 138.3989 | lr 1.29e-04 | 1.3s
epoch 3346 | loss 139.3231 | lr 1.29e-04 | 1.3s
epoch 3347 | loss 137.5204 | lr 1.28e-04 | 1.3s
epoch 3348 | loss 139.1880 | lr 1.28e-04 | 1.3s
epoch 3349 | loss 139.3894 | lr 1.28e-04 | 1.3s
epoch 3350 | loss 139.7276 | lr 1.27e-04 | 1.3s
epoch 3351 | loss 140.3133 | lr 1.27e-04 | 1.3s
epoch 3352 | loss 139.1799 | lr 1.26e-04 | 1.3s
epoch 3353 | loss 138.3358 | lr 1.26e-04 | 1.3s
epoch 3354 | loss 139.4277 | lr 1.26e-04 | 1.3s
epoch 3355 | loss 137.8902 | lr 1.25e-04 | 1.3s
epoch 3356 | loss 137.6020 | lr 1.25e-04 | 1.3s
epoch 3357 | loss 137.8369 | lr 1.24e-04 | 1.3s
epoch 3358 | loss 139.9594 | lr 1.24e-04 | 1.3s
epoch 3359 | loss 138.3015 | lr 1.24e-04 | 1.3s
epoch 3360 | loss 138.7212 | lr 1.23e-04 | 1.3s
epoch 3361 | loss 139.0519 | lr 1.23e-04 | 1.3s
epoch 3362 | loss 137.1384 | lr 1.23e-04 | 1.3s
epoch 3363 | loss 137.3323 | lr 1.22e-04 | 1.3s
epoch 3364 | loss 140.8293 | lr 1.22e-04 | 1.3s
epoch 3365 | loss 137.8328 | lr 1.21e-04 | 1.3s
epoch 3366 | loss 139.0822 | lr 1.21e-04 | 1.3s
epoch 3367 | loss 138.7926 | lr 1.21e-04 | 1.3s
epoch 3368 | loss 137.8662 | lr 1.20e-04 | 1.3s
epoch 3369 | loss 137.5645 | lr 1.20e-04 | 1.3s
epoch 3370 | loss 139.2856 | lr 1.20e-04 | 1.3s
epoch 3371 | loss 138.6821 | lr 1.19e-04 | 1.3s
epoch 3372 | loss 139.4315 | lr 1.19e-04 | 1.3s
epoch 3373 | loss 138.6398 | lr 1.18e-04 | 1.3s
epoch 3374 | loss 137.8476 | lr 1.18e-04 | 1.3s
epoch 3375 | loss 138.5230 | lr 1.18e-04 | 1.3s
epoch 3376 | loss 137.5211 | lr 1.17e-04 | 1.3s
epoch 3377 | loss 138.1135 | lr 1.17e-04 | 1.3s
epoch 3378 | loss 138.9399 | lr 1.17e-04 | 1.3s
epoch 3379 | loss 138.7608 | lr 1.16e-04 | 1.3s
epoch 3380 | loss 137.3959 | lr 1.16e-04 | 1.3s
epoch 3381 | loss 138.4042 | lr 1.16e-04 | 1.3s
epoch 3382 | loss 139.2802 | lr 1.15e-04 | 1.3s
epoch 3383 | loss 138.7089 | lr 1.15e-04 | 1.3s
epoch 3384 | loss 138.9117 | lr 1.14e-04 | 1.3s
epoch 3385 | loss 138.6587 | lr 1.14e-04 | 1.3s
epoch 3386 | loss 138.7821 | lr 1.14e-04 | 1.3s
epoch 3387 | loss 137.9835 | lr 1.13e-04 | 1.3s
epoch 3388 | loss 140.0630 | lr 1.13e-04 | 1.3s
epoch 3389 | loss 139.5196 | lr 1.13e-04 | 1.3s
epoch 3390 | loss 139.2960 | lr 1.12e-04 | 1.3s
epoch 3391 | loss 139.2734 | lr 1.12e-04 | 1.3s
epoch 3392 | loss 139.1739 | lr 1.12e-04 | 1.3s
epoch 3393 | loss 138.9266 | lr 1.11e-04 | 1.3s
epoch 3394 | loss 139.7130 | lr 1.11e-04 | 1.3s
epoch 3395 | loss 138.6487 | lr 1.10e-04 | 1.3s
epoch 3396 | loss 139.5548 | lr 1.10e-04 | 1.3s
epoch 3397 | loss 138.4670 | lr 1.10e-04 | 1.3s
epoch 3398 | loss 137.8468 | lr 1.09e-04 | 1.3s
epoch 3399 | loss 139.2694 | lr 1.09e-04 | 1.3s
epoch 3400 | loss 137.5888 | lr 1.09e-04 | 1.3s
epoch 3401 | loss 138.7956 | lr 1.08e-04 | 1.3s
epoch 3402 | loss 137.8819 | lr 1.08e-04 | 1.3s
epoch 3403 | loss 138.5316 | lr 1.08e-04 | 1.3s
epoch 3404 | loss 139.6863 | lr 1.07e-04 | 1.3s
epoch 3405 | loss 140.0553 | lr 1.07e-04 | 1.3s
epoch 3406 | loss 138.5430 | lr 1.07e-04 | 1.3s
epoch 3407 | loss 139.0765 | lr 1.06e-04 | 1.3s
epoch 3408 | loss 138.1024 | lr 1.06e-04 | 1.3s
epoch 3409 | loss 139.8193 | lr 1.05e-04 | 1.3s
epoch 3410 | loss 137.6877 | lr 1.05e-04 | 1.3s
epoch 3411 | loss 138.2055 | lr 1.05e-04 | 1.3s
epoch 3412 | loss 137.5141 | lr 1.04e-04 | 1.3s
epoch 3413 | loss 138.5633 | lr 1.04e-04 | 1.3s
epoch 3414 | loss 139.4244 | lr 1.04e-04 | 1.3s
epoch 3415 | loss 139.1752 | lr 1.03e-04 | 1.3s
epoch 3416 | loss 138.9254 | lr 1.03e-04 | 1.3s
epoch 3417 | loss 138.2204 | lr 1.03e-04 | 1.3s
epoch 3418 | loss 139.4713 | lr 1.02e-04 | 1.3s
epoch 3419 | loss 139.3386 | lr 1.02e-04 | 1.3s
epoch 3420 | loss 138.7948 | lr 1.02e-04 | 1.3s
epoch 3421 | loss 139.4313 | lr 1.01e-04 | 1.3s
epoch 3422 | loss 139.1931 | lr 1.01e-04 | 1.3s
epoch 3423 | loss 139.8527 | lr 1.01e-04 | 1.3s
epoch 3424 | loss 138.4836 | lr 1.00e-04 | 1.3s
epoch 3425 | loss 139.0113 | lr 9.99e-05 | 1.3s
epoch 3426 | loss 138.5801 | lr 9.96e-05 | 1.3s
epoch 3427 | loss 138.8761 | lr 9.92e-05 | 1.3s
epoch 3428 | loss 138.5221 | lr 9.89e-05 | 1.3s
epoch 3429 | loss 139.1636 | lr 9.85e-05 | 1.3s
epoch 3430 | loss 139.8438 | lr 9.82e-05 | 1.3s
epoch 3431 | loss 139.3414 | lr 9.79e-05 | 1.3s
epoch 3432 | loss 138.1853 | lr 9.75e-05 | 1.3s
epoch 3433 | loss 139.9915 | lr 9.72e-05 | 1.3s
epoch 3434 | loss 138.8959 | lr 9.69e-05 | 1.3s
epoch 3435 | loss 139.0722 | lr 9.65e-05 | 1.3s
epoch 3436 | loss 138.9023 | lr 9.62e-05 | 1.3s
epoch 3437 | loss 139.2569 | lr 9.58e-05 | 1.3s
epoch 3438 | loss 139.2790 | lr 9.55e-05 | 1.3s
epoch 3439 | loss 140.2236 | lr 9.52e-05 | 1.3s
epoch 3440 | loss 139.5862 | lr 9.48e-05 | 1.3s
epoch 3441 | loss 137.8441 | lr 9.45e-05 | 1.3s
epoch 3442 | loss 138.6467 | lr 9.42e-05 | 1.3s
epoch 3443 | loss 139.5299 | lr 9.38e-05 | 1.3s
epoch 3444 | loss 140.2555 | lr 9.35e-05 | 1.3s
epoch 3445 | loss 138.5621 | lr 9.32e-05 | 1.3s
epoch 3446 | loss 138.8762 | lr 9.28e-05 | 1.3s
epoch 3447 | loss 139.4975 | lr 9.25e-05 | 1.3s
epoch 3448 | loss 139.7606 | lr 9.22e-05 | 1.3s
epoch 3449 | loss 140.4009 | lr 9.19e-05 | 1.3s
epoch 3450 | loss 137.6689 | lr 9.15e-05 | 1.3s
epoch 3451 | loss 139.6250 | lr 9.12e-05 | 1.3s
epoch 3452 | loss 139.1495 | lr 9.09e-05 | 1.3s
epoch 3453 | loss 139.3053 | lr 9.05e-05 | 1.3s
epoch 3454 | loss 140.7572 | lr 9.02e-05 | 1.3s
epoch 3455 | loss 140.9407 | lr 8.99e-05 | 1.3s
epoch 3456 | loss 137.8905 | lr 8.96e-05 | 1.3s
epoch 3457 | loss 138.0090 | lr 8.92e-05 | 1.3s
epoch 3458 | loss 139.0675 | lr 8.89e-05 | 1.3s
epoch 3459 | loss 139.2317 | lr 8.86e-05 | 1.3s
epoch 3460 | loss 137.9072 | lr 8.83e-05 | 1.3s
epoch 3461 | loss 139.4846 | lr 8.80e-05 | 1.3s
epoch 3462 | loss 139.2460 | lr 8.76e-05 | 1.3s
epoch 3463 | loss 138.8074 | lr 8.73e-05 | 1.3s
epoch 3464 | loss 138.0294 | lr 8.70e-05 | 1.3s
epoch 3465 | loss 139.8414 | lr 8.67e-05 | 1.3s
epoch 3466 | loss 139.3320 | lr 8.63e-05 | 1.3s
epoch 3467 | loss 138.1095 | lr 8.60e-05 | 1.3s
epoch 3468 | loss 138.4615 | lr 8.57e-05 | 1.3s
epoch 3469 | loss 139.1876 | lr 8.54e-05 | 1.3s
epoch 3470 | loss 137.0348 | lr 8.51e-05 | 1.3s
epoch 3471 | loss 138.9071 | lr 8.48e-05 | 1.3s
epoch 3472 | loss 138.0166 | lr 8.44e-05 | 1.3s
epoch 3473 | loss 139.6797 | lr 8.41e-05 | 1.3s
epoch 3474 | loss 139.3961 | lr 8.38e-05 | 1.3s
epoch 3475 | loss 138.9315 | lr 8.35e-05 | 1.3s
epoch 3476 | loss 139.9640 | lr 8.32e-05 | 1.3s
epoch 3477 | loss 138.7979 | lr 8.29e-05 | 1.3s
epoch 3478 | loss 138.8021 | lr 8.26e-05 | 1.3s
epoch 3479 | loss 140.1494 | lr 8.22e-05 | 1.3s
epoch 3480 | loss 140.0380 | lr 8.19e-05 | 1.3s
epoch 3481 | loss 138.4354 | lr 8.16e-05 | 1.3s
epoch 3482 | loss 140.0541 | lr 8.13e-05 | 1.3s
epoch 3483 | loss 138.5896 | lr 8.10e-05 | 1.3s
epoch 3484 | loss 139.6821 | lr 8.07e-05 | 1.3s
epoch 3485 | loss 138.6478 | lr 8.04e-05 | 1.3s
epoch 3486 | loss 139.7452 | lr 8.01e-05 | 1.3s
epoch 3487 | loss 138.8980 | lr 7.98e-05 | 1.3s
epoch 3488 | loss 137.2663 | lr 7.95e-05 | 1.3s
epoch 3489 | loss 138.0522 | lr 7.92e-05 | 1.3s
epoch 3490 | loss 139.1571 | lr 7.88e-05 | 1.3s
epoch 3491 | loss 139.8677 | lr 7.85e-05 | 1.3s
epoch 3492 | loss 138.8612 | lr 7.82e-05 | 1.3s
epoch 3493 | loss 140.1895 | lr 7.79e-05 | 1.3s
epoch 3494 | loss 139.3506 | lr 7.76e-05 | 1.3s
epoch 3495 | loss 138.9062 | lr 7.73e-05 | 1.3s
epoch 3496 | loss 139.0423 | lr 7.70e-05 | 1.3s
epoch 3497 | loss 139.0643 | lr 7.67e-05 | 1.3s
epoch 3498 | loss 139.2286 | lr 7.64e-05 | 1.3s
epoch 3499 | loss 138.8377 | lr 7.61e-05 | 1.3s
epoch 3500 | loss 140.0208 | lr 7.58e-05 | 1.3s
epoch 3501 | loss 138.0887 | lr 7.55e-05 | 1.3s
epoch 3502 | loss 138.3540 | lr 7.52e-05 | 1.3s
epoch 3503 | loss 137.9763 | lr 7.49e-05 | 1.3s
epoch 3504 | loss 138.8861 | lr 7.46e-05 | 1.3s
epoch 3505 | loss 139.2058 | lr 7.43e-05 | 1.3s
epoch 3506 | loss 138.5923 | lr 7.40e-05 | 1.3s
epoch 3507 | loss 138.8133 | lr 7.37e-05 | 1.3s
epoch 3508 | loss 139.5325 | lr 7.34e-05 | 1.3s
epoch 3509 | loss 139.3876 | lr 7.31e-05 | 1.3s
epoch 3510 | loss 138.2556 | lr 7.28e-05 | 1.3s
epoch 3511 | loss 139.1464 | lr 7.26e-05 | 1.3s
epoch 3512 | loss 138.4333 | lr 7.23e-05 | 1.3s
epoch 3513 | loss 138.4383 | lr 7.20e-05 | 1.3s
epoch 3514 | loss 138.7627 | lr 7.17e-05 | 1.3s
epoch 3515 | loss 138.2715 | lr 7.14e-05 | 1.3s
epoch 3516 | loss 140.0761 | lr 7.11e-05 | 1.3s
epoch 3517 | loss 137.8190 | lr 7.08e-05 | 1.3s
epoch 3518 | loss 139.0278 | lr 7.05e-05 | 1.3s
epoch 3519 | loss 139.2204 | lr 7.02e-05 | 1.3s
epoch 3520 | loss 139.1784 | lr 6.99e-05 | 1.3s
epoch 3521 | loss 139.1703 | lr 6.96e-05 | 1.3s
epoch 3522 | loss 138.7847 | lr 6.94e-05 | 1.3s
epoch 3523 | loss 139.1279 | lr 6.91e-05 | 1.3s
epoch 3524 | loss 138.5968 | lr 6.88e-05 | 1.3s
epoch 3525 | loss 139.0495 | lr 6.85e-05 | 1.3s
epoch 3526 | loss 138.6732 | lr 6.82e-05 | 1.3s
epoch 3527 | loss 139.6133 | lr 6.79e-05 | 1.3s
epoch 3528 | loss 139.4865 | lr 6.76e-05 | 1.3s
epoch 3529 | loss 138.2661 | lr 6.74e-05 | 1.3s
epoch 3530 | loss 138.1114 | lr 6.71e-05 | 1.3s
epoch 3531 | loss 138.1349 | lr 6.68e-05 | 1.3s
epoch 3532 | loss 137.9313 | lr 6.65e-05 | 1.3s
epoch 3533 | loss 138.8024 | lr 6.62e-05 | 1.3s
epoch 3534 | loss 139.2702 | lr 6.60e-05 | 1.3s
epoch 3535 | loss 138.4843 | lr 6.57e-05 | 1.3s
epoch 3536 | loss 137.7662 | lr 6.54e-05 | 1.3s
epoch 3537 | loss 139.3934 | lr 6.51e-05 | 1.3s
epoch 3538 | loss 138.1987 | lr 6.48e-05 | 1.3s
epoch 3539 | loss 138.3510 | lr 6.46e-05 | 1.3s
epoch 3540 | loss 140.0242 | lr 6.43e-05 | 1.3s
epoch 3541 | loss 139.6541 | lr 6.40e-05 | 1.3s
epoch 3542 | loss 140.9013 | lr 6.37e-05 | 1.3s
epoch 3543 | loss 138.7091 | lr 6.35e-05 | 1.3s
epoch 3544 | loss 138.3180 | lr 6.32e-05 | 1.3s
epoch 3545 | loss 137.6642 | lr 6.29e-05 | 1.3s
epoch 3546 | loss 139.6630 | lr 6.26e-05 | 1.3s
epoch 3547 | loss 138.5708 | lr 6.24e-05 | 1.3s
epoch 3548 | loss 137.7353 | lr 6.21e-05 | 1.3s
epoch 3549 | loss 137.7982 | lr 6.18e-05 | 1.3s
epoch 3550 | loss 139.1200 | lr 6.15e-05 | 1.3s
epoch 3551 | loss 137.7245 | lr 6.13e-05 | 1.3s
epoch 3552 | loss 137.3981 | lr 6.10e-05 | 1.3s
epoch 3553 | loss 138.9998 | lr 6.07e-05 | 1.3s
epoch 3554 | loss 139.7136 | lr 6.05e-05 | 1.3s
epoch 3555 | loss 138.8115 | lr 6.02e-05 | 1.3s
epoch 3556 | loss 138.6504 | lr 5.99e-05 | 1.3s
epoch 3557 | loss 139.4322 | lr 5.97e-05 | 1.3s
epoch 3558 | loss 140.1136 | lr 5.94e-05 | 1.3s
epoch 3559 | loss 140.3233 | lr 5.91e-05 | 1.3s
epoch 3560 | loss 139.6839 | lr 5.89e-05 | 1.3s
epoch 3561 | loss 138.6489 | lr 5.86e-05 | 1.3s
epoch 3562 | loss 139.9920 | lr 5.83e-05 | 1.3s
epoch 3563 | loss 138.4163 | lr 5.81e-05 | 1.3s
epoch 3564 | loss 138.9365 | lr 5.78e-05 | 1.3s
epoch 3565 | loss 138.6709 | lr 5.75e-05 | 1.3s
epoch 3566 | loss 138.2925 | lr 5.73e-05 | 1.3s
epoch 3567 | loss 139.3156 | lr 5.70e-05 | 1.3s
epoch 3568 | loss 137.9575 | lr 5.67e-05 | 1.3s
epoch 3569 | loss 139.7911 | lr 5.65e-05 | 1.3s
epoch 3570 | loss 138.7871 | lr 5.62e-05 | 1.3s
epoch 3571 | loss 139.3696 | lr 5.60e-05 | 1.3s
epoch 3572 | loss 139.0413 | lr 5.57e-05 | 1.3s
epoch 3573 | loss 138.1319 | lr 5.55e-05 | 1.3s
epoch 3574 | loss 139.1416 | lr 5.52e-05 | 1.3s
epoch 3575 | loss 140.9504 | lr 5.49e-05 | 1.3s
epoch 3576 | loss 137.2232 | lr 5.47e-05 | 1.3s
epoch 3577 | loss 139.1181 | lr 5.44e-05 | 1.3s
epoch 3578 | loss 140.2837 | lr 5.42e-05 | 1.3s
epoch 3579 | loss 137.8376 | lr 5.39e-05 | 1.3s
epoch 3580 | loss 138.3166 | lr 5.37e-05 | 1.3s
epoch 3581 | loss 138.3148 | lr 5.34e-05 | 1.3s
epoch 3582 | loss 138.8464 | lr 5.32e-05 | 1.3s
epoch 3583 | loss 139.5520 | lr 5.29e-05 | 1.3s
epoch 3584 | loss 138.8584 | lr 5.26e-05 | 1.3s
epoch 3585 | loss 140.1290 | lr 5.24e-05 | 1.3s
epoch 3586 | loss 138.7552 | lr 5.21e-05 | 1.3s
epoch 3587 | loss 138.9316 | lr 5.19e-05 | 1.3s
epoch 3588 | loss 138.4554 | lr 5.16e-05 | 1.3s
epoch 3589 | loss 139.0067 | lr 5.14e-05 | 1.3s
epoch 3590 | loss 137.5668 | lr 5.12e-05 | 1.3s
epoch 3591 | loss 139.6990 | lr 5.09e-05 | 1.3s
epoch 3592 | loss 138.1947 | lr 5.07e-05 | 1.3s
epoch 3593 | loss 139.1911 | lr 5.04e-05 | 1.3s
epoch 3594 | loss 139.6408 | lr 5.02e-05 | 1.3s
epoch 3595 | loss 138.5727 | lr 4.99e-05 | 1.3s
epoch 3596 | loss 139.3357 | lr 4.97e-05 | 1.3s
epoch 3597 | loss 139.5418 | lr 4.94e-05 | 1.3s
epoch 3598 | loss 139.0802 | lr 4.92e-05 | 1.3s
epoch 3599 | loss 138.2625 | lr 4.89e-05 | 1.3s
epoch 3600 | loss 138.1411 | lr 4.87e-05 | 1.3s
epoch 3601 | loss 138.9309 | lr 4.85e-05 | 1.3s
epoch 3602 | loss 138.2008 | lr 4.82e-05 | 1.3s
epoch 3603 | loss 138.4870 | lr 4.80e-05 | 1.3s
epoch 3604 | loss 139.4827 | lr 4.77e-05 | 1.3s
epoch 3605 | loss 139.4754 | lr 4.75e-05 | 1.3s
epoch 3606 | loss 139.0373 | lr 4.73e-05 | 1.3s
epoch 3607 | loss 139.9133 | lr 4.70e-05 | 1.3s
epoch 3608 | loss 138.6152 | lr 4.68e-05 | 1.3s
epoch 3609 | loss 140.2023 | lr 4.65e-05 | 1.3s
epoch 3610 | loss 138.2775 | lr 4.63e-05 | 1.3s
epoch 3611 | loss 139.1759 | lr 4.61e-05 | 1.3s
epoch 3612 | loss 137.6305 | lr 4.58e-05 | 1.3s
epoch 3613 | loss 139.3191 | lr 4.56e-05 | 1.3s
epoch 3614 | loss 139.5131 | lr 4.54e-05 | 1.3s
epoch 3615 | loss 138.8877 | lr 4.51e-05 | 1.3s
epoch 3616 | loss 138.6061 | lr 4.49e-05 | 1.3s
epoch 3617 | loss 138.6803 | lr 4.47e-05 | 1.3s
epoch 3618 | loss 137.9204 | lr 4.44e-05 | 1.3s
epoch 3619 | loss 139.3826 | lr 4.42e-05 | 1.3s
epoch 3620 | loss 139.8782 | lr 4.40e-05 | 1.3s
epoch 3621 | loss 137.9932 | lr 4.37e-05 | 1.3s
epoch 3622 | loss 139.4764 | lr 4.35e-05 | 1.3s
epoch 3623 | loss 139.7384 | lr 4.33e-05 | 1.3s
epoch 3624 | loss 139.6064 | lr 4.31e-05 | 1.3s
epoch 3625 | loss 138.5689 | lr 4.28e-05 | 1.3s
epoch 3626 | loss 139.1653 | lr 4.26e-05 | 1.3s
epoch 3627 | loss 138.8320 | lr 4.24e-05 | 1.3s
epoch 3628 | loss 138.8979 | lr 4.22e-05 | 1.3s
epoch 3629 | loss 139.1957 | lr 4.19e-05 | 1.3s
epoch 3630 | loss 139.5286 | lr 4.17e-05 | 1.3s
epoch 3631 | loss 139.9979 | lr 4.15e-05 | 1.3s
epoch 3632 | loss 138.8908 | lr 4.13e-05 | 1.3s
epoch 3633 | loss 139.5411 | lr 4.10e-05 | 1.3s
epoch 3634 | loss 139.2004 | lr 4.08e-05 | 1.3s
epoch 3635 | loss 138.8779 | lr 4.06e-05 | 1.3s
epoch 3636 | loss 138.3329 | lr 4.04e-05 | 1.3s
epoch 3637 | loss 137.2669 | lr 4.01e-05 | 1.3s
epoch 3638 | loss 139.8304 | lr 3.99e-05 | 1.3s
epoch 3639 | loss 138.6754 | lr 3.97e-05 | 1.3s
epoch 3640 | loss 140.6719 | lr 3.95e-05 | 1.3s
epoch 3641 | loss 139.4809 | lr 3.93e-05 | 1.3s
epoch 3642 | loss 137.5115 | lr 3.91e-05 | 1.3s
epoch 3643 | loss 139.7925 | lr 3.88e-05 | 1.3s
epoch 3644 | loss 138.8980 | lr 3.86e-05 | 1.3s
epoch 3645 | loss 138.2229 | lr 3.84e-05 | 1.3s
epoch 3646 | loss 138.7627 | lr 3.82e-05 | 1.3s
epoch 3647 | loss 138.5775 | lr 3.80e-05 | 1.3s
epoch 3648 | loss 138.9146 | lr 3.78e-05 | 1.3s
epoch 3649 | loss 138.7162 | lr 3.75e-05 | 1.3s
epoch 3650 | loss 137.4454 | lr 3.73e-05 | 1.3s
epoch 3651 | loss 139.7118 | lr 3.71e-05 | 1.3s
epoch 3652 | loss 139.4276 | lr 3.69e-05 | 1.3s
epoch 3653 | loss 139.2955 | lr 3.67e-05 | 1.3s
epoch 3654 | loss 138.6456 | lr 3.65e-05 | 1.3s
epoch 3655 | loss 139.4547 | lr 3.63e-05 | 1.3s
epoch 3656 | loss 138.7183 | lr 3.61e-05 | 1.3s
epoch 3657 | loss 138.1978 | lr 3.59e-05 | 1.3s
epoch 3658 | loss 139.1065 | lr 3.57e-05 | 1.3s
epoch 3659 | loss 138.8772 | lr 3.54e-05 | 1.3s
epoch 3660 | loss 140.0806 | lr 3.52e-05 | 1.3s
epoch 3661 | loss 138.8980 | lr 3.50e-05 | 1.3s
epoch 3662 | loss 140.1218 | lr 3.48e-05 | 1.3s
epoch 3663 | loss 139.6354 | lr 3.46e-05 | 1.3s
epoch 3664 | loss 139.0600 | lr 3.44e-05 | 1.3s
epoch 3665 | loss 138.0919 | lr 3.42e-05 | 1.3s
epoch 3666 | loss 139.3191 | lr 3.40e-05 | 1.3s
epoch 3667 | loss 137.4812 | lr 3.38e-05 | 1.3s
epoch 3668 | loss 139.7630 | lr 3.36e-05 | 1.3s
epoch 3669 | loss 138.0734 | lr 3.34e-05 | 1.3s
epoch 3670 | loss 139.0716 | lr 3.32e-05 | 1.3s
epoch 3671 | loss 140.1853 | lr 3.30e-05 | 1.3s
epoch 3672 | loss 139.8386 | lr 3.28e-05 | 1.3s
epoch 3673 | loss 137.1833 | lr 3.26e-05 | 1.3s
epoch 3674 | loss 138.2942 | lr 3.24e-05 | 1.3s
epoch 3675 | loss 137.2564 | lr 3.22e-05 | 1.3s
epoch 3676 | loss 138.0084 | lr 3.20e-05 | 1.3s
epoch 3677 | loss 138.8565 | lr 3.18e-05 | 1.3s
epoch 3678 | loss 138.6580 | lr 3.16e-05 | 1.3s
epoch 3679 | loss 137.9826 | lr 3.14e-05 | 1.3s
epoch 3680 | loss 137.7337 | lr 3.12e-05 | 1.3s
epoch 3681 | loss 139.9801 | lr 3.10e-05 | 1.3s
epoch 3682 | loss 138.1897 | lr 3.08e-05 | 1.3s
epoch 3683 | loss 139.2558 | lr 3.06e-05 | 1.3s
epoch 3684 | loss 140.0669 | lr 3.04e-05 | 1.3s
epoch 3685 | loss 138.6648 | lr 3.03e-05 | 1.3s
epoch 3686 | loss 137.4625 | lr 3.01e-05 | 1.3s
epoch 3687 | loss 136.4851 | lr 2.99e-05 | 1.3s
epoch 3688 | loss 140.4145 | lr 2.97e-05 | 1.3s
epoch 3689 | loss 138.8815 | lr 2.95e-05 | 1.3s
epoch 3690 | loss 138.4251 | lr 2.93e-05 | 1.3s
epoch 3691 | loss 138.6087 | lr 2.91e-05 | 1.3s
epoch 3692 | loss 138.9163 | lr 2.89e-05 | 1.3s
epoch 3693 | loss 138.4307 | lr 2.87e-05 | 1.3s
epoch 3694 | loss 138.4092 | lr 2.86e-05 | 1.3s
epoch 3695 | loss 138.2135 | lr 2.84e-05 | 1.3s
epoch 3696 | loss 137.5858 | lr 2.82e-05 | 1.3s
epoch 3697 | loss 139.1042 | lr 2.80e-05 | 1.3s
epoch 3698 | loss 138.6580 | lr 2.78e-05 | 1.3s
epoch 3699 | loss 138.6161 | lr 2.76e-05 | 1.3s
epoch 3700 | loss 139.7959 | lr 2.74e-05 | 1.3s
epoch 3701 | loss 137.5276 | lr 2.73e-05 | 1.3s
epoch 3702 | loss 139.0502 | lr 2.71e-05 | 1.3s
epoch 3703 | loss 138.4520 | lr 2.69e-05 | 1.3s
epoch 3704 | loss 138.3748 | lr 2.67e-05 | 1.3s
epoch 3705 | loss 137.3314 | lr 2.65e-05 | 1.3s
epoch 3706 | loss 139.7231 | lr 2.64e-05 | 1.3s
epoch 3707 | loss 140.7729 | lr 2.62e-05 | 1.3s
epoch 3708 | loss 138.4573 | lr 2.60e-05 | 1.3s
epoch 3709 | loss 138.8733 | lr 2.58e-05 | 1.3s
epoch 3710 | loss 139.3429 | lr 2.56e-05 | 1.3s
epoch 3711 | loss 137.7491 | lr 2.55e-05 | 1.3s
epoch 3712 | loss 138.4465 | lr 2.53e-05 | 1.3s
epoch 3713 | loss 138.9054 | lr 2.51e-05 | 1.3s
epoch 3714 | loss 138.4735 | lr 2.49e-05 | 1.3s
epoch 3715 | loss 139.2277 | lr 2.48e-05 | 1.3s
epoch 3716 | loss 139.3605 | lr 2.46e-05 | 1.3s
epoch 3717 | loss 139.9175 | lr 2.44e-05 | 1.3s
epoch 3718 | loss 139.9171 | lr 2.43e-05 | 1.3s
epoch 3719 | loss 137.2177 | lr 2.41e-05 | 1.3s
epoch 3720 | loss 139.0990 | lr 2.39e-05 | 1.3s
epoch 3721 | loss 138.5052 | lr 2.37e-05 | 1.3s
epoch 3722 | loss 139.9862 | lr 2.36e-05 | 1.3s
epoch 3723 | loss 139.1779 | lr 2.34e-05 | 1.3s
epoch 3724 | loss 137.8756 | lr 2.32e-05 | 1.3s
epoch 3725 | loss 137.6086 | lr 2.31e-05 | 1.3s
epoch 3726 | loss 138.0044 | lr 2.29e-05 | 1.3s
epoch 3727 | loss 139.0623 | lr 2.27e-05 | 1.3s
epoch 3728 | loss 138.4028 | lr 2.26e-05 | 1.3s
epoch 3729 | loss 138.5070 | lr 2.24e-05 | 1.3s
epoch 3730 | loss 139.7281 | lr 2.22e-05 | 1.3s
epoch 3731 | loss 138.6479 | lr 2.21e-05 | 1.3s
epoch 3732 | loss 138.6828 | lr 2.19e-05 | 1.3s
epoch 3733 | loss 139.7618 | lr 2.17e-05 | 1.3s
epoch 3734 | loss 137.2077 | lr 2.16e-05 | 1.3s
epoch 3735 | loss 138.5078 | lr 2.14e-05 | 1.3s
epoch 3736 | loss 138.4526 | lr 2.13e-05 | 1.3s
epoch 3737 | loss 139.4616 | lr 2.11e-05 | 1.3s
epoch 3738 | loss 138.2114 | lr 2.09e-05 | 1.3s
epoch 3739 | loss 139.2578 | lr 2.08e-05 | 1.3s
epoch 3740 | loss 140.5559 | lr 2.06e-05 | 1.3s
epoch 3741 | loss 139.2149 | lr 2.05e-05 | 1.3s
epoch 3742 | loss 138.9453 | lr 2.03e-05 | 1.3s
epoch 3743 | loss 138.3179 | lr 2.01e-05 | 1.3s
epoch 3744 | loss 139.2252 | lr 2.00e-05 | 1.3s
epoch 3745 | loss 138.7821 | lr 1.98e-05 | 1.3s
epoch 3746 | loss 136.9494 | lr 1.97e-05 | 1.3s
epoch 3747 | loss 140.4805 | lr 1.95e-05 | 1.3s
epoch 3748 | loss 139.4251 | lr 1.94e-05 | 1.3s
epoch 3749 | loss 138.3902 | lr 1.92e-05 | 1.3s
epoch 3750 | loss 138.4313 | lr 1.91e-05 | 1.3s
epoch 3751 | loss 137.5068 | lr 1.89e-05 | 1.3s
epoch 3752 | loss 138.5669 | lr 1.88e-05 | 1.3s
epoch 3753 | loss 138.3302 | lr 1.86e-05 | 1.3s
epoch 3754 | loss 139.1544 | lr 1.85e-05 | 1.3s
epoch 3755 | loss 138.8584 | lr 1.83e-05 | 1.3s
epoch 3756 | loss 139.4748 | lr 1.82e-05 | 1.3s
epoch 3757 | loss 136.9356 | lr 1.80e-05 | 1.3s
epoch 3758 | loss 139.3472 | lr 1.79e-05 | 1.3s
epoch 3759 | loss 140.1462 | lr 1.77e-05 | 1.3s
epoch 3760 | loss 136.9510 | lr 1.76e-05 | 1.3s
epoch 3761 | loss 138.9229 | lr 1.74e-05 | 1.3s
epoch 3762 | loss 138.7841 | lr 1.73e-05 | 1.3s
epoch 3763 | loss 139.8614 | lr 1.71e-05 | 1.3s
epoch 3764 | loss 138.5685 | lr 1.70e-05 | 1.3s
epoch 3765 | loss 140.5478 | lr 1.68e-05 | 1.3s
epoch 3766 | loss 138.2461 | lr 1.67e-05 | 1.3s
epoch 3767 | loss 138.4971 | lr 1.66e-05 | 1.3s
epoch 3768 | loss 139.3723 | lr 1.64e-05 | 1.3s
epoch 3769 | loss 138.3899 | lr 1.63e-05 | 1.3s
epoch 3770 | loss 138.4206 | lr 1.61e-05 | 1.3s
epoch 3771 | loss 140.4099 | lr 1.60e-05 | 1.3s
epoch 3772 | loss 139.5766 | lr 1.59e-05 | 1.3s
epoch 3773 | loss 139.5888 | lr 1.57e-05 | 1.3s
epoch 3774 | loss 139.3762 | lr 1.56e-05 | 1.3s
epoch 3775 | loss 140.1634 | lr 1.54e-05 | 1.3s
epoch 3776 | loss 138.4442 | lr 1.53e-05 | 1.3s
epoch 3777 | loss 139.2121 | lr 1.52e-05 | 1.3s
epoch 3778 | loss 139.6011 | lr 1.50e-05 | 1.3s
epoch 3779 | loss 138.9128 | lr 1.49e-05 | 1.3s
epoch 3780 | loss 138.3942 | lr 1.48e-05 | 1.3s
epoch 3781 | loss 138.4656 | lr 1.46e-05 | 1.3s
epoch 3782 | loss 138.7206 | lr 1.45e-05 | 1.3s
epoch 3783 | loss 139.4968 | lr 1.44e-05 | 1.3s
epoch 3784 | loss 138.2965 | lr 1.42e-05 | 1.3s
epoch 3785 | loss 138.4840 | lr 1.41e-05 | 1.3s
epoch 3786 | loss 137.8934 | lr 1.40e-05 | 1.3s
epoch 3787 | loss 138.3817 | lr 1.38e-05 | 1.3s
epoch 3788 | loss 139.4399 | lr 1.37e-05 | 1.3s
epoch 3789 | loss 137.5600 | lr 1.36e-05 | 1.3s
epoch 3790 | loss 138.4661 | lr 1.34e-05 | 1.3s
epoch 3791 | loss 139.2605 | lr 1.33e-05 | 1.3s
epoch 3792 | loss 138.6089 | lr 1.32e-05 | 1.3s
epoch 3793 | loss 139.8933 | lr 1.31e-05 | 1.3s
epoch 3794 | loss 138.2692 | lr 1.29e-05 | 1.3s
epoch 3795 | loss 139.0719 | lr 1.28e-05 | 1.3s
epoch 3796 | loss 137.9310 | lr 1.27e-05 | 1.3s
epoch 3797 | loss 138.9446 | lr 1.26e-05 | 1.3s
epoch 3798 | loss 138.3558 | lr 1.24e-05 | 1.3s
epoch 3799 | loss 138.9627 | lr 1.23e-05 | 1.3s
epoch 3800 | loss 137.8547 | lr 1.22e-05 | 1.3s
epoch 3801 | loss 137.6944 | lr 1.21e-05 | 1.3s
epoch 3802 | loss 139.4494 | lr 1.19e-05 | 1.3s
epoch 3803 | loss 138.8998 | lr 1.18e-05 | 1.3s
epoch 3804 | loss 139.7017 | lr 1.17e-05 | 1.3s
epoch 3805 | loss 138.3901 | lr 1.16e-05 | 1.3s
epoch 3806 | loss 138.8613 | lr 1.15e-05 | 1.3s
epoch 3807 | loss 140.1989 | lr 1.13e-05 | 1.3s
epoch 3808 | loss 138.6100 | lr 1.12e-05 | 1.3s
epoch 3809 | loss 138.9448 | lr 1.11e-05 | 1.3s
epoch 3810 | loss 138.8286 | lr 1.10e-05 | 1.3s
epoch 3811 | loss 138.9873 | lr 1.09e-05 | 1.3s
epoch 3812 | loss 139.5758 | lr 1.08e-05 | 1.3s
epoch 3813 | loss 139.8527 | lr 1.07e-05 | 1.3s
epoch 3814 | loss 139.0128 | lr 1.05e-05 | 1.3s
epoch 3815 | loss 138.5583 | lr 1.04e-05 | 1.3s
epoch 3816 | loss 137.5413 | lr 1.03e-05 | 1.3s
epoch 3817 | loss 139.0099 | lr 1.02e-05 | 1.3s
epoch 3818 | loss 139.0239 | lr 1.01e-05 | 1.3s
epoch 3819 | loss 139.1601 | lr 9.98e-06 | 1.3s
epoch 3820 | loss 139.7023 | lr 9.87e-06 | 1.3s
epoch 3821 | loss 139.1372 | lr 9.76e-06 | 1.3s
epoch 3822 | loss 138.2894 | lr 9.65e-06 | 1.3s
epoch 3823 | loss 138.2262 | lr 9.54e-06 | 1.3s
epoch 3824 | loss 138.4041 | lr 9.43e-06 | 1.3s
epoch 3825 | loss 138.2475 | lr 9.32e-06 | 1.3s
epoch 3826 | loss 139.7895 | lr 9.22e-06 | 1.3s
epoch 3827 | loss 139.2217 | lr 9.11e-06 | 1.3s
epoch 3828 | loss 138.1194 | lr 9.01e-06 | 1.3s
epoch 3829 | loss 138.8857 | lr 8.90e-06 | 1.3s
epoch 3830 | loss 139.5343 | lr 8.80e-06 | 1.3s
epoch 3831 | loss 138.8941 | lr 8.69e-06 | 1.3s
epoch 3832 | loss 139.1378 | lr 8.59e-06 | 1.3s
epoch 3833 | loss 138.6479 | lr 8.49e-06 | 1.3s
epoch 3834 | loss 139.1054 | lr 8.39e-06 | 1.3s
epoch 3835 | loss 140.1423 | lr 8.28e-06 | 1.3s
epoch 3836 | loss 137.6240 | lr 8.18e-06 | 1.3s
epoch 3837 | loss 139.8071 | lr 8.08e-06 | 1.3s
epoch 3838 | loss 139.1727 | lr 7.98e-06 | 1.3s
epoch 3839 | loss 138.9886 | lr 7.89e-06 | 1.3s
epoch 3840 | loss 138.6975 | lr 7.79e-06 | 1.3s
epoch 3841 | loss 138.7362 | lr 7.69e-06 | 1.3s
epoch 3842 | loss 139.0890 | lr 7.59e-06 | 1.3s
epoch 3843 | loss 139.0878 | lr 7.50e-06 | 1.3s
epoch 3844 | loss 140.0233 | lr 7.40e-06 | 1.3s
epoch 3845 | loss 139.3836 | lr 7.31e-06 | 1.3s
epoch 3846 | loss 138.8320 | lr 7.21e-06 | 1.3s
epoch 3847 | loss 137.8702 | lr 7.12e-06 | 1.3s
epoch 3848 | loss 138.4260 | lr 7.02e-06 | 1.3s
epoch 3849 | loss 138.8290 | lr 6.93e-06 | 1.3s
epoch 3850 | loss 138.3011 | lr 6.84e-06 | 1.3s
epoch 3851 | loss 138.6278 | lr 6.75e-06 | 1.3s
epoch 3852 | loss 138.9136 | lr 6.66e-06 | 1.3s
epoch 3853 | loss 138.5313 | lr 6.57e-06 | 1.3s
epoch 3854 | loss 138.8305 | lr 6.48e-06 | 1.3s
epoch 3855 | loss 138.0847 | lr 6.39e-06 | 1.3s
epoch 3856 | loss 138.6385 | lr 6.30e-06 | 1.3s
epoch 3857 | loss 139.9023 | lr 6.21e-06 | 1.3s
epoch 3858 | loss 140.4237 | lr 6.13e-06 | 1.3s
epoch 3859 | loss 137.2269 | lr 6.04e-06 | 1.3s
epoch 3860 | loss 138.5873 | lr 5.95e-06 | 1.3s
epoch 3861 | loss 138.5616 | lr 5.87e-06 | 1.3s
epoch 3862 | loss 139.1170 | lr 5.78e-06 | 1.3s
epoch 3863 | loss 139.5722 | lr 5.70e-06 | 1.3s
epoch 3864 | loss 139.2141 | lr 5.62e-06 | 1.3s
epoch 3865 | loss 138.7100 | lr 5.53e-06 | 1.3s
epoch 3866 | loss 138.8948 | lr 5.45e-06 | 1.3s
epoch 3867 | loss 139.5975 | lr 5.37e-06 | 1.3s
epoch 3868 | loss 139.2937 | lr 5.29e-06 | 1.3s
epoch 3869 | loss 139.6804 | lr 5.21e-06 | 1.3s
epoch 3870 | loss 139.2087 | lr 5.13e-06 | 1.3s
epoch 3871 | loss 138.2384 | lr 5.05e-06 | 1.3s
epoch 3872 | loss 139.6557 | lr 4.97e-06 | 1.3s
epoch 3873 | loss 139.6583 | lr 4.89e-06 | 1.3s
epoch 3874 | loss 139.6008 | lr 4.82e-06 | 1.3s
epoch 3875 | loss 139.6001 | lr 4.74e-06 | 1.3s
epoch 3876 | loss 138.7272 | lr 4.66e-06 | 1.3s
epoch 3877 | loss 139.5401 | lr 4.59e-06 | 1.3s
epoch 3878 | loss 138.9392 | lr 4.51e-06 | 1.3s
epoch 3879 | loss 139.4723 | lr 4.44e-06 | 1.3s
epoch 3880 | loss 138.5653 | lr 4.36e-06 | 1.3s
epoch 3881 | loss 139.0430 | lr 4.29e-06 | 1.3s
epoch 3882 | loss 139.4812 | lr 4.22e-06 | 1.3s
epoch 3883 | loss 139.3657 | lr 4.15e-06 | 1.3s
epoch 3884 | loss 138.5126 | lr 4.08e-06 | 1.3s
epoch 3885 | loss 139.0031 | lr 4.01e-06 | 1.3s
epoch 3886 | loss 138.7801 | lr 3.94e-06 | 1.3s
epoch 3887 | loss 138.7715 | lr 3.87e-06 | 1.3s
epoch 3888 | loss 139.8770 | lr 3.80e-06 | 1.3s
epoch 3889 | loss 139.5447 | lr 3.73e-06 | 1.3s
epoch 3890 | loss 138.6185 | lr 3.66e-06 | 1.3s
epoch 3891 | loss 138.5190 | lr 3.60e-06 | 1.3s
epoch 3892 | loss 139.9170 | lr 3.53e-06 | 1.3s
epoch 3893 | loss 139.5675 | lr 3.46e-06 | 1.3s
epoch 3894 | loss 139.1950 | lr 3.40e-06 | 1.3s
epoch 3895 | loss 140.4159 | lr 3.33e-06 | 1.3s
epoch 3896 | loss 139.6039 | lr 3.27e-06 | 1.3s
epoch 3897 | loss 137.3862 | lr 3.21e-06 | 1.3s
epoch 3898 | loss 140.1032 | lr 3.14e-06 | 1.3s
epoch 3899 | loss 138.5889 | lr 3.08e-06 | 1.3s
epoch 3900 | loss 138.6593 | lr 3.02e-06 | 1.3s
epoch 3901 | loss 140.1516 | lr 2.96e-06 | 1.3s
epoch 3902 | loss 138.8460 | lr 2.90e-06 | 1.3s
epoch 3903 | loss 138.0777 | lr 2.84e-06 | 1.3s
epoch 3904 | loss 139.6977 | lr 2.78e-06 | 1.3s
epoch 3905 | loss 139.4545 | lr 2.72e-06 | 1.3s
epoch 3906 | loss 138.5627 | lr 2.67e-06 | 1.3s
epoch 3907 | loss 138.9573 | lr 2.61e-06 | 1.3s
epoch 3908 | loss 140.3026 | lr 2.55e-06 | 1.3s
epoch 3909 | loss 138.2365 | lr 2.50e-06 | 1.3s
epoch 3910 | loss 138.5080 | lr 2.44e-06 | 1.3s
epoch 3911 | loss 138.5774 | lr 2.39e-06 | 1.3s
epoch 3912 | loss 138.8988 | lr 2.33e-06 | 1.3s
epoch 3913 | loss 138.6915 | lr 2.28e-06 | 1.3s
epoch 3914 | loss 139.5057 | lr 2.23e-06 | 1.3s
epoch 3915 | loss 138.9770 | lr 2.18e-06 | 1.3s
epoch 3916 | loss 138.6895 | lr 2.12e-06 | 1.3s
epoch 3917 | loss 139.2832 | lr 2.07e-06 | 1.3s
epoch 3918 | loss 138.6720 | lr 2.02e-06 | 1.3s
epoch 3919 | loss 138.4196 | lr 1.97e-06 | 1.3s
epoch 3920 | loss 138.5398 | lr 1.92e-06 | 1.3s
epoch 3921 | loss 139.1649 | lr 1.88e-06 | 1.3s
epoch 3922 | loss 138.9943 | lr 1.83e-06 | 1.3s
epoch 3923 | loss 139.1432 | lr 1.78e-06 | 1.3s
epoch 3924 | loss 138.8830 | lr 1.73e-06 | 1.3s
epoch 3925 | loss 139.6301 | lr 1.69e-06 | 1.3s
epoch 3926 | loss 140.0824 | lr 1.64e-06 | 1.3s
epoch 3927 | loss 138.8997 | lr 1.60e-06 | 1.3s
epoch 3928 | loss 139.5695 | lr 1.55e-06 | 1.3s
epoch 3929 | loss 140.5730 | lr 1.51e-06 | 1.3s
epoch 3930 | loss 140.0067 | lr 1.47e-06 | 1.3s
epoch 3931 | loss 139.4972 | lr 1.43e-06 | 1.3s
epoch 3932 | loss 138.7221 | lr 1.38e-06 | 1.3s
epoch 3933 | loss 137.9028 | lr 1.34e-06 | 1.3s
epoch 3934 | loss 138.9769 | lr 1.30e-06 | 1.3s
epoch 3935 | loss 138.5834 | lr 1.26e-06 | 1.3s
epoch 3936 | loss 139.9892 | lr 1.22e-06 | 1.3s
epoch 3937 | loss 140.0793 | lr 1.19e-06 | 1.3s
epoch 3938 | loss 139.9324 | lr 1.15e-06 | 1.3s
epoch 3939 | loss 139.5144 | lr 1.11e-06 | 1.3s
epoch 3940 | loss 140.3978 | lr 1.07e-06 | 1.3s
epoch 3941 | loss 140.2322 | lr 1.04e-06 | 1.3s
epoch 3942 | loss 138.2248 | lr 1.00e-06 | 1.3s
epoch 3943 | loss 140.2915 | lr 9.67e-07 | 1.3s
epoch 3944 | loss 139.5572 | lr 9.33e-07 | 1.3s
epoch 3945 | loss 140.2187 | lr 8.99e-07 | 1.3s
epoch 3946 | loss 138.7665 | lr 8.66e-07 | 1.3s
epoch 3947 | loss 139.1627 | lr 8.34e-07 | 1.3s
epoch 3948 | loss 140.6917 | lr 8.02e-07 | 1.3s
epoch 3949 | loss 138.4711 | lr 7.71e-07 | 1.3s
epoch 3950 | loss 138.9699 | lr 7.40e-07 | 1.3s
epoch 3951 | loss 138.6353 | lr 7.11e-07 | 1.3s
epoch 3952 | loss 139.2231 | lr 6.81e-07 | 1.3s
epoch 3953 | loss 137.2475 | lr 6.53e-07 | 1.3s
epoch 3954 | loss 140.3106 | lr 6.24e-07 | 1.3s
epoch 3955 | loss 139.3796 | lr 5.97e-07 | 1.3s
epoch 3956 | loss 139.2575 | lr 5.70e-07 | 1.3s
epoch 3957 | loss 140.0367 | lr 5.44e-07 | 1.3s
epoch 3958 | loss 138.1759 | lr 5.18e-07 | 1.3s
epoch 3959 | loss 138.7114 | lr 4.93e-07 | 1.3s
epoch 3960 | loss 138.8401 | lr 4.69e-07 | 1.3s
epoch 3961 | loss 139.4617 | lr 4.45e-07 | 1.3s
epoch 3962 | loss 139.4094 | lr 4.22e-07 | 1.3s
epoch 3963 | loss 140.2728 | lr 4.00e-07 | 1.3s
epoch 3964 | loss 138.6138 | lr 3.78e-07 | 1.3s
epoch 3965 | loss 139.7479 | lr 3.57e-07 | 1.3s
epoch 3966 | loss 138.9996 | lr 3.36e-07 | 1.3s
epoch 3967 | loss 138.6229 | lr 3.16e-07 | 1.3s
epoch 3968 | loss 139.7455 | lr 2.96e-07 | 1.3s
epoch 3969 | loss 139.4578 | lr 2.78e-07 | 1.3s
epoch 3970 | loss 139.3810 | lr 2.59e-07 | 1.3s
epoch 3971 | loss 139.0362 | lr 2.42e-07 | 1.3s
epoch 3972 | loss 139.3086 | lr 2.25e-07 | 1.3s
epoch 3973 | loss 138.9821 | lr 2.08e-07 | 1.3s
epoch 3974 | loss 137.4601 | lr 1.93e-07 | 1.3s
epoch 3975 | loss 139.8401 | lr 1.78e-07 | 1.3s
epoch 3976 | loss 138.7776 | lr 1.63e-07 | 1.3s
epoch 3977 | loss 139.4564 | lr 1.49e-07 | 1.3s
epoch 3978 | loss 138.9125 | lr 1.36e-07 | 1.3s
epoch 3979 | loss 139.1298 | lr 1.23e-07 | 1.3s
epoch 3980 | loss 139.3111 | lr 1.11e-07 | 1.3s
epoch 3981 | loss 138.9815 | lr 9.99e-08 | 1.3s
epoch 3982 | loss 140.7358 | lr 8.91e-08 | 1.3s
epoch 3983 | loss 138.2912 | lr 7.90e-08 | 1.3s
epoch 3984 | loss 138.6295 | lr 6.94e-08 | 1.3s
epoch 3985 | loss 138.4807 | lr 6.05e-08 | 1.3s
epoch 3986 | loss 138.3433 | lr 5.21e-08 | 1.3s
epoch 3987 | loss 139.4982 | lr 4.44e-08 | 1.3s
epoch 3988 | loss 138.3481 | lr 3.73e-08 | 1.3s
epoch 3989 | loss 138.3440 | lr 3.08e-08 | 1.3s
epoch 3990 | loss 138.7064 | lr 2.50e-08 | 1.3s
epoch 3991 | loss 139.9348 | lr 1.97e-08 | 1.3s
epoch 3992 | loss 139.1546 | lr 1.51e-08 | 1.3s
epoch 3993 | loss 138.1467 | lr 1.11e-08 | 1.3s
epoch 3994 | loss 138.8596 | lr 7.71e-09 | 1.3s
epoch 3995 | loss 140.1834 | lr 4.93e-09 | 1.3s
epoch 3996 | loss 139.1154 | lr 2.78e-09 | 1.3s
epoch 3997 | loss 137.5808 | lr 1.23e-09 | 1.3s
epoch 3998 | loss 138.9281 | lr 3.08e-10 | 1.3s
epoch 3999 | loss 139.0453 | lr 0.00e+00 | 1.3s
final loss: 139.0453
