initial_state_id,path
0,d2.-f2.-d1.r2.-d1.f0.d0.r0.f2.f2.r0.-f0.r0.-f1.-d0.f1.-r0.-r0.-f2.-d1.f2.-d2.-f2.d2.d0.-r0.-d0.-d1.f0.f0.-r0.f2.-d0.-r0.d0.-f2.d1.r0.-d1.-d1.-f0.d1.-f2.-r1.-f0.r1.f2.-f0.d0.-f0.-d0.-f0.-r0.f0.r0.-f0.-r0.-f0.d2.f0.-d2.f0.-r0.-d0.r0.d0.f0.-r0.-f0.r0.-f2.-r0.f0.r0.f2.-r0.f0.r0.-f0.d1.r0.-f0.-r0.f0.-d1.-f0.r0.f0.-r0.f0.-r0.-f0
1,-r1.-f2.r1.-f1.-r1.f2.r1.f1
2,d2.-r0.r2.d2.d2.r0.-r2.d2.-r0.r2.d2.d2.r0.-r2
3,d0
4,-r2.d0
5,r2.-f1.-r2
6,f1.-d2.-d0.-r2
7,f2.-d1.f2.-f0.-r2
8,f0.-r0.d1.-r2.d1.f0
9,-r0.d2.f2.-r2.-r1.r0.-d1
10,r1.-f1.-r1.-f2.f1.-d1
11,f2.-f1.-d2.f0.r1.r1.r0.f2.-d0
12,-f0.-r1.d0.f1.d0.-f2.-d0.f2.-d2.-r2
13,-r0.f2.-d1.f2.d1.d1.d0.-f1.r1.r0.-f1
14,-f2.r2.r2.-r1.f2.-d0.f1.-f0
15,r0.-d1.f1.f1.r0.r0.-d1.f2.r2.-d1.-f1.-f0.r2
16,d1.r2.-d1.f1.-f0.-r2.f0.r1.-f0.-r0.-f2.d1.f2.-d0
17,d2.r0.-d2.d1.f0.-d0.-r1.-r0.d0.r0.-d1.f0.d0.-f2.-f0
18,d0.d0.f1.f0.r2.f0.d1.d0.-f0.-r1
19,f0.f0.d0.-r2.f1.f0.-r1.f1.-f0.d1.r2.-d1.-d0.f2.f0
20,r1.r0.d2.-d0.r0.-d2.f0.d1.r2.d0.f1.d1.d0.d0
21,r2.r0.r0.-f1.d2.d1.-d0.-r2.r0.-f0.-f0.-d2.-f1.d1.-f2.-r1.f2
22,-d2.f1.d0.-r1.-d2.f0.d1.d0.r0.d0.-f1.f0.r0.-f2
23,f1.d1.-f0.-d2.f1.-r2.r1.-f1.-d1.d0.r0.-f1.r1.r0.r0
24,f0.-d1.-r0.-f2.r2.r0.-r1.d2.r2.-f0.f1.-d1.-d0.-r2.d0.-r1.f0.f1.-f2.d1
25,d2.f2.r2.r2.-f1.-r2.-d2.f0.-r0.f2.d1.d0.d0.-f0.d1
26,f1.d0.-d2.-r0.r2.f2.f2.f0.d1.-r2.-f0.-r1.r2.d0.r2.-f0.r2.-f2.-r2.-f1.-r0.-r2
27,-r0.d0.f0.f0.r2.-f0.r2.r0.d1.f2.d0.f2.r1.d1.r2.-r1.-d1.r0.d1.-r2.-r2.-f1.-d0
28,-r2.-f2.-r0.-r1.-r1.-r0.-f2.-d2.d0.-r2.d1.-f1.-f2.-d1.-r0.f2.d2.r1.f1.-f2.r0.-d0.r2.r0.-d2.f1
29,r2.r2.-f0.r1.f0.d0.f2.-d1.-f0.r0.d2.d0.f1.f0.-r0.-f2.r0.f1.-r2.-d1.-r2
30,-r0.-r0.f0.r0.-d1.r0.r1.-r2.f0.-d0.-d1.-d1.r2.f2.f1.-r0.d2.-d1.r1.-f2.r1.f0
31,-d1.r1.d1.d1.r2.-d0.-d0.r2.-f1.d2.f2.-f0.r0.d0.-f1.-f0.-d1.f1.r1.d0.d0.-d1.-f2.f0.r0
32,-d1.-f0.d1.d1.r0.-r2.d1.-f0.-r1.f0.d1.r0.-f0.-d1.-r0.-f0.-d0.-f1.d0.f0.-d1.-f0
33,-d2.-d0.f2.-r2.d1.-f1.d0.-r2.-d0.d1.d1.-d2.r1.d0.d0.f2.f2.-f0.d0.-r1.f2.d0.-d1.f0.d2.-r2.-d2.f1.d0
34,-r0.f2.d0.-f1.-r0.d1.d1.-f2.-r0.-f2.r0.-f2.f1.r0.f0.-r1.-f0.-d0.-f2.d1.d0.-r0.-f0.-r2
35,-d2.-f0.-r1.r0.-d2.-f1.-r0.-f1.-d1.-f0.-r1.-r2.-f1.d2.-f1.d2.-f0.-r1.-d2.f0.-r0.-f0.r0.-r2.d1
36,f1.d1.-f2.f1.-d0.r1.-d0.-r0.-f2.-r2.-d2.r2.-f2.-d2.f1.r0.-f0.-d0.-r0.d2.-f1.d0.r1.-d0.f2.f2.-r1.-d1.f1.d1.r1.-f2
37,-r0.-f0.-d2.f2.-f1.d1.f2.d1.-f2.r1.r0.f2.-r0.-f0.r2.d0.-r1.d0.-r0.-d2.-r2.-d1.r2.-d0.-r0.d0.r0.d0.r0.d0.-r0
38,d1.f0.-r2.-f1.d2.f0.d2.r2.r1.-d1.r1.-d0.r1.-d2.f2.-f0.-r2.-f2.-f2.-r1.d0.-r0.d0.r0.d0.d0.-r0.f2.f1.r2
39,-r0.-d2.-f0.-r1.-d2.f1.-d2.d1.f2.-d1.-r1.-f0.r2.-f2.d2.-r2.d2.-f2.r0.-f2.-r0.-d2.r0.d2.f2.r2.d2
40,-r2.f2.-r2.-f2.f1.r2.d2.-r1.f2.-f0.-d0.-r2.f0.-r0.f0.f0.r2.-f0.r2.-f0.r0.-d1.-r0.f0.r0.-d2.d1.f0
41,-d1.d2.-r1.-r1.f1.-d2.-f0.d2.f0.r1.-d2.-r2.-d0.f2.f1.-r0.d2.d1.-f0.d2.-f1.r1.-d0.r2.d1.r0.-r2.d1.f1.d0.r1
42,r2.r2.-d2.-f2.d0.f0.f0.-r2.-f1.r0.d0.r0.-d0.r1.-f2.-d0.f2.-r1.-d2.-f2.d0.f2.-d0.-r0.d0.-f2.d0.f1.-d0.f2.d0.-f1
43,r2.-f1.-d0.f0.r1.-d0.r2.f1.-d2.f0.-d0.r0.r0.-d1.r0.d1.f0.-d1.-r2.-f0.r0.f0.r2.-d0.-f1.d0.-r0.-d0.r0.f1.-r0
44,-f0.d0.-r1.-d1.f2.r0.f2.-d1.f2.-f1.r0.f2.f2.d1.-f1.d0.r0.-d0.f1.d0.f0.-d1.-r0.d1.-f2.-d1.r0.d1.f2.f2
45,-f2.-d1.r0.-d1.-f1.-d2.-d0.-r0.-d2.-d0.-f2.r2.f0.r2.-r0.f0.r0.d0.r0.-d0.-r0.-f0.-r2
46,-r1.-f2.f0.-r0.-d1.f1.-f0.d0.-f0.-r2.-f2.-f1.-d2.-r0.f0.r1.-f2.-r1.-f0.r1.f2.f2.-r2.-r0.d0.r0
47,d1.f1.f1.-d2.r0.-f2.f0.d2.-d0.-f2.-d2.-f2.r0.d0.-f2.-f2.-d0.-r0.-f2.d0.-f2.-r1.-f0.r1.f2.-r1.f0
48,r2.-f2.r1.-d1.r2.f0.-r2.f1.f1.-r0.-f1.d0.f0.d0.-f0.-r2.d1.-d0.-f1.-r2.f1.r2.-d1.r2.r1.-f1.-r2.f1.r2.-r1
49,-f0.r2.-f1.d2.d2.-d0.-f2.r2.f0.-f2.d0.-r2.f0.f2.d2.-r0.-r0.f2.f2.-d0.-r0.-r0.r2.r2.d2.-d0.-r0.-r0.-d2.-r0.d1.-r1.-d1.r1.r0.-d1.f1.d1.-f1
50,-d2.r0.-f1.r2.-d2.-r0.d1.-f2.-d2.f1.-r2.d2.-d1.f2.-f0.d0.f0.-d2.-d0.r2.-f0.-r2.-f2.-d2.-r2.f0.r2.r2
51,-d1.-r0.d2.-f0.r2.r2.r1.f1.-d0.f0.d0.-f0.d2.d2.-f2.r2.-f1.-r2.-f1.-r0.f1.r2.f2.d0.d0.f0.-d2.-f0.d0.d0.-f2
52,f0.d2.r0.-d2.-r2.-r2.r1.r1.-f1.-f0.d1.f0.-d0.-r0.-f1.-f1.-r1.-f0.-d0.r2.r1.-f2.-d1.f2.d0.f1
53,f2.f2.-r2.f0.f0.d0.f2.r1.r1.f1.d2.d2.-r2.-d2.-f1.d2.-r0.-f2.r0.f2.-d1.f0.r2.f2.-r2.-r0.d0.r0.-f2
54,f2.d0.f2.-d0.r2.-d1.f2.-f0.d1.f2.-r1.-f2.-r0.-d2.-f0.d2.-f1.-r1.d2.-r2.-d1.r2.-d2.r0.-f1.-r0.f1.r0
55,-r1.f1.-r2.d0.r0.-f1.f0.d2.-f2.d0.f0.-r1.d2.-r1.-r1.-d2.r1.-f2.-r2.-f0.-d1.-f1.d1.-f2.f1.f0.f0
56,f2.d2.r1.f0.r0.f2.-d2.f0.f1.-r1.f1.-d0.-r1.d0.r1.d1.d0.d0.r2.d0.-f2.-d0.r1.-f2.-r1.f2.-d0.f2
57,f2.-f0.-r2.r0.d2.-d0.-r0.f2.d0.-r2.d0.-r2.f2.-r1.d0.-r2.-d2.-d0.-r2.d2.r2.-r1.-f2.d1.f2.-d1.-f0
58,r1.-f2.-d2.f2.-d2.r1.-f0.-r2.f0.-d1.-f2.-r0.f2.-d0.r0.d2.-f2.-d1.f2.d1.d0.-f0.-r0.f0.r0.f0
59,-d0.r0.d2.f0.r2.-r1.d1.-f2.-f2.d2.-d0.-f1.-d1.d0.-f0.-d2.f0.d1.f2.-d0.r1.-r0.d0.-f1.d0.f1.-d0.-r1.-f0
60,-d1.d0.-r1.f1.-r2.r0.-d1.d0.r0.-d2.-r0.d1.r2.d2.-f2.-d2.-f2.r2.f1.-f2.r2.-f1.-r2.f1.-r2.-f2.r2.-f1
61,f2.r0.r0.-f0.d0.-r2.f1.-r2.f0.-f2.d1.f0.-d2.-d0.-r0.f0.f2.-d1.-r1.f2.-d1.f2.-f0.r1.-f2.f0.-d1.-f2.d1.f2.-f0
62,-f0.-r2.r1.-d2.f2.-r2.-d2.f2.-d2.r0.-f0.d0.f0.-d0.-f2.d0.-r1.d0.r1.-d0.f1.-d0.-f1.d0.f2.-d0.-r2.-r0
63,r0.-d2.r2.-r1.d2.-r2.f2.-r1.-d0.r0.-d0.-r1.-f1.-f1.d0.r0.d2.r1.-f0.d1.f0.r1.r1.-f2.-f2.f0.d1.d1.-r0.-f1.r0.-f2.-r0.f1.r0
64,f1.-r2.-d2.f2.-r2.f0.f0.-d2.-r1.-r2.-d0.f0.-r0.f2.f0.-r1.d2.r1.-f2.-d1.-f0.-d1.r2.d1.f0.-d1
65,f2.-r0.d2.d0.-f0.-d2.f0.r0.-d0.r2.d2.f2.f2.r0.-f0.-f0.f2.f2.-r0.-r0.-d0.-r0.-r0.-f0.-f0.-d2.-f0.-f0.-d2.f2.f2.f1.r1.d1.-r1.-d1.-f1
66,-d1.r1.-f2.r2.-d2.r2.f1.-f0.d1.-f2.r0.-d2.f2.-r2.d0.-f2.r1.-r0.-d0.r0.-f2.r0.f2.-r0.-d1.f2.d1.d0
67,r1.d2.-f0.d0.-r0.d2.-d0.r0.f1.-d0.r2.-f2.r2.-d1.f1.d2.r1.-r0.-d0.-d1.-f2.-d2.d1.-f2.r0.-f1.-r0
68,-d0.f2.d1.-f0.-f0.r0.-d2.f0.-d0.r2.f0.d2.d0.r0.-f0.d2.d0.-f0.-f0.d2.d2.f2.f2.r2.r2.-f0.-f0.f1.-r1.-f1.r1.-d0.f0.-f1.-d1.f1.d1.-f0
69,f1.-d0.-f1.-r1.f2.-f1.-r2.r1.-d1.f0.r0.-d1.-f2.-r1.d0.-r0.-f0.-d0.f0.d2.-r0.-f0.r0.-d2.f2.-d0.-r0.d0.f0.r0.-f0.d0.r2.-f0.-r2.-d0.r2.f0.-r2
70,d2.f0.-d0.r1.f1.-f0.-r2.-d1.-r0.d2.-f2.r0.-d0.r2.d2.r0.r0.d0.-r0.-f0.r1.-d1.f0.r1.-f0.-r1.d1.r2
71,-f2.r2.-f2.d0.r2.r2.r1.-f1.-d2.r2.-f2.f1.d2.f2.r0.f1.r1.d2.-f1.-r0.d0.-f0.d2.-r1.-f1.r1.-d2.f0.r0
72,f0.-r0.-d1.d2.d2.-r0.-d0.-r0.-r0.f2.-r0.d2.f0.-f2.d2.r2.f2.f2.-r0.-r0.f2.f2.-r0.-r0.-d0.f2.f2.r2.r2.d2.-f0.-d1.-f1.d1.f1.-f0.d1.r1.-d1.-r1
73,-r1.-f1.r0.f0.-r0.-f0.-r2.f1.d0.f2.-d0.r2.d2.f2.d1.-r0.-f2.d0.f2.-d0.-f0.-d2.-r1.f2.f0.-d1.r2
74,-d0.f2.r2.-f0.d0.-f0.-f0.r0.r2.-d0.-r2.f0.r2.f2.d2.d2.d0.-r0.-r0.d2.-d0.f2.f2.-r0.-r0.f2.f2.-d2.f0.-r1.-f1.r1.f1.f0
75,-d2.-f1.f0.r2.d2.-f0.-r0.-r0.f2.d2.r0.-d0.-f2.d2.-f0.-f0.r2.r2.-d2.-r0.-r0.d2.-d0.-f0.-f0.-r0.-r0.r2.-d1.-r1.d1.-r2.r1.f1.f1.-d1.-f1.d1.-f1
76,-d0.f1.-d2.-r0.f2.d1.r1.r1.-f0.-r1.-d1.-r2.r0.-f1.-f0.-d2.d1.r2.d0.-r2.-r2.-d2.r2.d2.r2.-d0.-r2.f0
77,-d0.f2.-d0.f2.d1.-r1.-f1.-d2.-d0.-r1.-d1.-r0.-d2.-r2.-f2.-d2.-f2.-r0.f2.f2.r2.d2.f2.-d2.-r2.-f2.r0
78,f2.r0.d0.-r1.f2.-f0.r1.-f1.-d0.-f1.-d2.-f2.-d1.f2.d2.-r0.d1.r2.-d0.-f2.-d0.r0.-d0.-r0.d0.d0.f2.d0
79,f2.d0.-r2.r0.-f0.r1.-d2.-f2.d0.f0.-d2.r0.f0.-r0.d1.d0.-r0.r2.-d2.-r0.-r0.d2.-r0.d0.-r2.d2.r2.-d2.-d0
80,-r0.f2.-d1.r2.f2.-d2.r2.f0.-d0.-r2.f0.r0.-f0.r2.f2.-r2.-f0.r2.r2.f2.d0.f0.r0.-f0.-d0.r0.f2.-r0.-f2.-r0
81,d0.f0.-r1.r0.-d0.-d0.r0.f2.-d2.-f0.-r0.-f0.r0.d2.d2.f0.d0.-r0.-r0.-f0.-f0.-r0.-r0.-d2.d0.f2.f2.d2.-r0.-r0.-d2.f2.-d1.-r1.d1.r1.-f2.f1.r1.-f1.-r1
82,-f1.r0.d2.f2.d0.d1.-d2.d1.f0.d0.-r1.-d0.-r0.-d0.r0.-f2.f0.-d1.-r2.r0.d0.r0.-d0.r2.d0.r0.r0.d1
83,f0.-d2.-f0.f2.r0.d2.d0.-r0.-r0.d2.-r0.-f2.d2.-f0.-f0.r2.r2.d0.-f0.-f0.r2.r2.d0.-r0.-r0.r2.r2.-d0.-d0.-f1.d1.-f1.-f1.-d1.-f1
84,-f0.-r1.f0.-r0.-r0.-d2.r0.-d2.-f2.r2.-f2.-d0.-f0.d2.-r0.-r0.d2.f2.f2.d2.d0.-f0.-f0.-r0.-r0.d0.r2.r2.f0.d1.-f1.-d1.f1.-f0.-d1.-r1.d1.r1
85,f0.-r0.f1.-f0.r1.-d0.r2.-d1.r2.f0.-d0.f2.d1.-r2.d1.-d0.-r0.-d1.d0.r2.f1.-d0.-f1.-r2.-d1.r2.f1.d0.-f1
86,d2.-r2.-d2.r0.d2.r0.d1.r0.-d1.-f0.-f2.-f2.r0.f2.-r0.f2.f2.r2.-f0.-f0.-r2.f0.f0.-r2.-f2.r2.-f0.-r2
87,d1.-r2.f0.-d0.r0.-d0.-f2.f1.-r0.d0.-f2.r0.-f1.-d1.r0.d0.-r2.d0.f1.d0.d0.f1.d2.d2.f1.d2.d2.f1.-r0
88,r0.r2.-f0.-d0.-d0.f2.d2.-r0.-d2.f2.r0.d0.-f2.-d2.-r0.-r0.d2.d2.r2.r2.f2.f2.-d2.-r0.-r0.-f0.-f0.f2.f2.d2.-r1.r2.-d1.r1.d1.-r2.-r1.f1.r1.-f1
89,r0.-f0.d2.f2.f2.d0.-r0.-d0.-d0.r0.-d0.-d0.-r0.-f0.-f0.r2.r2.f0.-d2.r2.r2.f2.f2.d0.f2.f2.-d2.r2.r2.-f0.-f0.r2.r2.f2.f2.d1.-r1.-d1.r1
90,-r0.-f0.-f0.r0.r2.-f0.d0.r0.-d0.-d0.-r2.d2.-d0.f0.f2.f2.-d0.r2.r2.-d0.-d0.-r0.-r0.-d0.-f0.-f0.-d0.-d0.r1.-r2.d1.-r1.-d1.r2.-f0.f1.r1.-f1.-r1.f0
91,f2.r0.-d0.f2.-r1.f0.d2.r1.r0.-d1.-f1.-r2.f1.-d2.-f0.-d2.f0.d2.-f2.-d1.f2.d2.-f2.d1.-f0
92,-d1.r1.f2.f2.d0.f1.d1.f1.-r1.d0.r1.r1.-f1.r2.f1.r2.-r1.-r0.d0.r0.d2.-d0.f2.f2.d1.r0.-f2.-d0.-f2.d0.f2.-r0
93,f1.f0.r2.d1.f0.-r1.d1.-d0.f0.r0.f1.d0.r0.f2.-r0.-f1.-r1.-f0.d1.-f1.d2.-r2.-d2.f1.d2.r2.f1
94,-d2.-r1.-d1.-r0.-d0.f0.-r1.r2.f2.-r2.-d2.-f2.-r1.-d0.r2.d0.r2.-f2.-r2.f2.r2.r2
95,f2.r2.f2.-f1.-r2.-f0.r2.-r1.f1.d0.f0.-r2.-d2.-r2.-r2.r0.-d0.r2.-f0.r1.-f0.-r2.-r1.-f0.-d2.f0.d0.-f0.d2.f0.r1
96,-d1.-f1.d1.-d0.f0.d2.f0.d2.-f2.r2.r2.f2.d1.f2.-r2.-d0.r2.f2.d0.r0.-d2.-r0.d1.r0.d2.-r0.-d1.-f2
97,-r2.-f0.-r1.-d2.r2.-d2.-d0.-f0.-d0.-f1.-r1.f1.r1.-d0.-f2.r0.f0.r1.-d2.r0.d2.-r1.f0.r1.-f0.-r0.f0.-r1.f2
98,d2.r0.-d0.-f2.r1.d1.-r2.f2.-d2.-r2.-f0.r0.f0.-r0.d2.-f0.d1.-f2.-d1.-d0.r2.f2.d0.-f0.-d0.-f2.-f0.-r2.f0.r2
99,d1.-d0.-f0.-d0.r2.-r1.-d0.d1.-f2.-r1.f1.-r0.-f1.-d0.-f0.-f1.d0.r1.-d0.-r1.f1.-d1.r1.-f2.-r1.d1.r1
100,r0.d1.-f2.-d0.-r0.d1.f0.-d1.d2.-f2.d2.d2.-f1.-r2.-r1.d0.r0.-d1.-f2.-d0.-f1.d0.f2.-f0.-r1.f0.-d0.-f0.r1.f0
101,f2.r2.-f2.-d2.-r0.-f0.r2.r2.-d0.-r2.-f2.-f0.r2.-d2.-f1.-r2.-f2.r2.f1.-d1.-f0.r2.r0.-d1.-r0.d2.r0.d1.-r0
102,f2.-r2.d2.r2.-d2.f0.f2.r0.f2.-d2.-d0.-r0.-f0.-r0.-r0.f2.f2.-r0.-r0.-f0.-f0.d2.-r0.-r0.-d2.-d0.-f0.-d1.-r1.d1.r1.r1.d1.-r1.-d1.-f0
103,d2.-f2.-r0.d1.-f0.r2.-f2.-r2.-d2.-r2.d0.-f2.-d0.f0.f0.-d1.-r1.-f1.r0.f1.-r0.d1.r0.r0.-d1.r1.r0
104,f1.-r1.f2.-f1.-r0.d1.f0.r1.r0.f2.-d1.-r0.-f2.-d0.-f2.-f2.d2.-f2.f0.f1.r0.-f0.-r0.-f1.r0.-d2.f1.r0
105,r2.f0.-d2.r2.-r0.-d2.-d0.-r0.f1.r0.-d2.-r0.-f2.d0.d0.-f0.-d0.f0.-d2.d1.f0.d2.-r0.-f0.r0.-d1.-r0
106,f1.-d2.f2.r2.f2.-r1.-d0.r2.-f1.-r2.d1.r0.r0.d0.r0.f0.r0.-f0.-f0.d0.-f2.-f1.r2.-f1.f0.r0.d0.-r0.-f1.r0.-d0.-r0
107,-r2.-d0.f0.-r1.-d0.r0.d2.r2.-f2.d0.-r1.-r0.d1.-r2.-d1.-f1.d2.-f0.-d2.r0.d0.r2.r2.-d2.r2.d2.r2.d2.f1.r2.f0.-r2.-f1
108,f1.r1.r1.-d2.r0.-f2.-d0.-d0.r2.-d0.f2.f2.-r2.-d2.-f0.-f0.r0.f2.r2.r2.-f0.-f0.r2.r2.d2.r2.r2.d2.-d0.-f0.-f0.-d0.-f0.-f0.r2.d1.-r1.-d1.-r2.r1.-f1.r1.f1.-r1
109,r0.d0.r2.f1.d0.r2.f2.r1.-f0.-d0.-d2.r0.-f0.d0.-r2.f1.f0.-r2.-f0.-r1.-r0.f1.r1.f0.-r1.-f1.d1.d1.r2
110,r1.f0.r2.-d1.r2.r0.r0.-f2.r0.-f1.-d1.-f2.f1.-r2.f2.f2.-r2.f2.-f0.d2.d2.f2.f0.r2.f2.-r2.-f0.-r2.-r2.-f2.r2.f2.r2.r2
111,f0.d1.-f2.d0.-r0.-f0.-r2.-d2.f0.d2.-d0.f2.-r2.d2.f2.f2.d2.r2.r2.-d2.f2.f2.-r0.-r0.r2.r2.d0.-f0.-f0.-r0.-f1.d1.f1.-d1.r0.-r1.-d1.r1.d1
112,d2.f2.r2.-f0.-d0.-f0.-d0.-r2.-f1.r2.-f2.-d1.r2.-d2.f2.r1.-f2.-r0.r2.f2.r1.r1.-f2.-r2.f2.r1.f1.f0
113,f2.d2.f0.r0.d0.-r1.-d2.-f0.-r1.-f1.-r1.-f0.-r2.r1.f2.-d1.r0.-f2.r2.f2.-r2.-d1.-r1.f0.r1.-f0.d1.-r0.f0
114,r1.d1.-f1.d2.-d1.-r1.d1.f2.r0.d0.-f2.d0.d0.-f0.-d0.-f0.r1.f0.-d2.f0.-d2.-f0.d2.-f0.r0.d0
115,-r1.-f1.-r0.d0.-f0.d0.f1.-f0.-d2.-f1.-d1.r1.-r0.-d0.-f0.-r2.-d2.-r1.-f0.r1.f0.-d0.-r0.-d0.-f0.d0.r0.d0.f0
116,f2.f1.f1.r1.d2.-f0.-f0.-r0.-r0.f2.f2.r0.-d2.r0.f2.d2.-f0.r2.d2.f2.f2.-d2.-d0.-f0.-f0.d2.d2.-d0.r2.r2.f2.f2.f0.f1.r1.-f1.-r1.-f0.-d1.-r1.d1.r1
117,d2.-f1.r2.-d2.f2.-f1.d1.d1.-r0.d2.-f1.r0.d2.r0.-d1.r2.f0.r1.-f0.-d1.-f0.-d2.r1.d2.-r1.f0.-r2
118,-d0.f1.-r0.-r0.f0.-r0.f0.-d2.r0.f0.f2.d0.-r0.-f2.d0.-f0.-f0.d2.r2.r2.-f0.-f0.-d2.d0.-f0.-f0.-r1.-r2.-f1.r1.f1.-r2.d1.f1.-d1.-f1
119,-d2.d0.-f1.r0.f0.-d0.f1.r2.d0.-f0.r2.f0.-r2.f0.-d0.r2.d1.d1.-f1.r0.d1.f1.-r0.d1.f0.r0.f2.r1.-f2.-r0.-f0
120,-r0.-d0.-r1.-r0.-f0.-d0.-r2.-d0.-f0.d2.-f1.-d2.f0.-d1.-f0.d1.-r1.f0.r1.f2.-r0.d0.r0.f2.-d0.f1.-d1.-f1.-f0.-r1
121,r0.f2.-d0.r2.-r1.d0.-f1.-r2.-f2.-d1.r2.d2.d2.-d0.f0.-d0.-f1.-r0.-f0.r0.f1.r0.f1.-r2.-f1.r0.f1.r2.-f1
122,d2.-d0.-f0.d0.f2.-r2.f2.-d1.-f0.r2.f1.-f0.d1.f0.r0.d0.-f0.-f2.-r0.-f1.-d0.-r2.d2.r2.-d2.-r1.d2.r1.r0.f0
123,f0.f2.r0.-f0.-r2.-d2.-f2.-r2.f2.f2.r2.-d2.f2.f2.-d0.-d0.-f0.-f0.d0.r2.r2.-f0.-f0.r2.r2.-f0.r1.f1.-r1.f0.f0.-d1.-f1.d1.-f0
124,f0.d0.r1.d0.-f0.r2.-d2.-r0.d2.-f0.r0.-f0.-f0.-r0.-d2.f2.d2.r0.-f1.-d1.-r1.-f1.d1.-d2.-r1.d2.f1.r1.d2.-f1.-d2.f1
125,r0.d2.-f0.f2.f2.-r0.d0.-f0.r2.d0.f2.f2.d0.r0.f2.f2.d2.-r0.-r0.-d0.-f0.-f0.d2.d2.r2.r2.d0.-r0.-r0.-f0.-f0.d0.f1.-r1.-f1.r1.-d0
126,-d0.-f2.r1.-f1.r2.-d1.r2.-f0.d0.r2.f0.d0.r0.-d0.r1.-f0.-d0.f0.-r2.-f0.d0.f0.-r1.f2.-f0.d1.-f0.-d1.-f2.f0
127,r2.-r1.-d1.-r0.-f0.-d0.-f2.f0.-d2.-r2.f2.d2.f1.d0.r0.-f2.-d1.-r1.d0.f1.r1.d0.-f1.-d0.f1.-r1.-f1.-r0.f1
128,-f0.-d2.-r1.-d1.f1.-r0.-f1.f0.f0.r2.-f0.r2.-d2.-f1.-r2.d2.-f2.r2.f1.-d2.f0.r2.r2.-f0.d2.-r2.-f2.r2
129,r2.f1.f1.-r1.r2.-d2.f2.-r0.-r0.d2.d2.r0.f0.d2.d2.-d0.r2.r2.f0.-d0.-d0.f2.f2.-d2.-r0.-r0.d0.f2.f2.-r0.-r0.f2.f2.d1.r1.-f1.-d1.f1.f1.-r1.-f1
130,f2.r0.d2.r2.-f0.-d0.-r0.f1.-r2.-f2.f0.d0.r2.f2.d2.-d0.f2.-r2.-f2.-d2.-f0.d2.f0.d0.f2.-r2.-f2.-r1.f2.r2.-f2.r1
131,-r2.r0.-d0.-f1.r0.f1.r0.d1.f0.r1.f0.d0.r1.f0.d1.r1.f2.d1.-f0.-d1.-f0.-r1.f2.-d1.-f2.d1.-f2
132,-d0.-r2.-f2.-r0.d2.r1.-d2.-r1.r0.-d0.-f1.-r2.d0.-r0.-d0.r0.-d2.f2.-r2.-f2.r2.-f2.d2.-r0.f2.r2.-f2.r0
133,-r0.d0.f2.-d2.r0.-r1.f2.-f0.d1.d1.r2.d2.r2.d0.-r1.-d0.-r0.f2.r2.r2.-f1.-r2.-f2.-d2.-f2.d2.f2.r2.f1
134,f1.d1.f1.r0.f1.-d2.-r2.-f2.d0.-r0.f2.-d1.-d0.-f2.-r2.-f2.-d1.-f2.-d2.f0.d2.f2.d1.d1.-f0.-r2.f0.d0.r2.-d1.-d0.-f1.-d2.f0.d2.f1
135,-f2.-r0.f2.-r2.d2.-d1.r2.-r0.d0.r1.r2.r1.-d2.r2.d2.-f2.f0.r2.-f0.d2.d2.r2.-d2.f1.d2.f2.-r2.-f2.-d2
136,-d2.-f1.-r0.-f2.-d2.r0.d1.-r2.r0.-f0.-r1.d2.d2.f1.d2.r2.-f1.-r2.d2.d2.r2.-f1.d0.f1.-d1.-f1.-d0.f1
137,f1.-d0.f0.-d0.-r2.f0.f0.d0.r2.-d1.f2.f1.r1.d0.-r2.r0.-d2.-f2.-r0.d0.-f2.-r2.-f2.r2.-f2.-r2.f2.f2.-r0.r2.-f2.-r2.f2.r0.-f2.r2.f2
138,-r2.-d0.-r0.d1.-r0.-d0.-r2.-f0.r2.-f0.r2.-f0.-r2.r1.-f1.r0.f1.r2.-d1.r2.d1.r2.-r1.-r0
139,r0.f0.-r1.-f0.-d0.-f2.d0.-f2.-r2.d0.f2.f2.d2.-r2.-d0.-f0.-f0.-r0.-r0.d0.-f0.-f0.d2.-f0.-f0.-r0.-r0.-f0.-f0.f2.-r1.d1.r1.-d1.f2.f1.-d1.-f1.d1
140,d2.r2.d0.-r0.-d2.d1.-f1.r2.d0.f0.r2.d0.r2.f2.r0.r0.-f2.-r0.f2.r2.-f2.-r0.-f2.-r2.-f0.r2.d0.-f2.-r2.f0
141,-d1.-f2.f0.-d0.r0.f0.-r2.d1.f0.-d1.d0.d0.-f2.-r0.-d1.-f1.-r2.f1.-r2.-d0.r2.f2.-d0.-f2.-d2.-f1.-r2.f1.r2.d2.d0
142,r1.d2.r0.-f2.f0.d1.-f2.r0.f0.-r1.-d1.r1.f2.-r0.-f2.r2.r0.-f1.r0.-d2.r0.r0.d2.f1.-d2.r1.d2.-r1
143,f0.-d0.f2.-f0.-r2.d0.-r2.-d2.r2.-d2.-f0.d2.-f1.-r2.-f1.-d2.f2.d2.-f1.d1.f1.-d2.-f2.-f2.d2.-f1.-d2.f2.d2
144,-r2.d2.d1.f1.r0.d2.-f2.r2.-f0.-f0.-r0.d2.f2.f2.d1.-f2.-r0.-d0.f1.d0.-f1.-d0.-f1.d0.d0.r0
145,-f0.-d2.d1.r0.-d0.-r2.-d2.-r2.r0.-f0.-d2.-r2.f1.f1.r2.f1.r2.-f0.d2.f2.r1.-d2.-d0.f1.f0.-r1.-f0.d2.-r2
146,d2.r2.d2.-f0.d0.r2.f2.r1.-d0.r2.r2.d2.-f2.r2.-d1.r2.-r1.-d1.r0.d1.r2.r2.-r0.f1
147,-d0.r1.-r0.f2.r1.d2.r2.d1.-d2.-f1.d2.-f1.r0.f1.-d2.r0.-d2.r0.r0.-d2.f2.-f0.-d2.-f2.d2.f0.f1.-d2.f2.d2.-f1
148,f0.d2.-f0.d0.r2.d2.f0.d0.-d1.-r0.r2.f0.-d2.d1.d0.-r2.-f2.r2.f2.-d1.r2.-d2.d1.r2.d2.f1.-d2.-r2.d2.-f1
149,-d2.r0.d0.r2.d0.-f2.-d1.f2.r1.-d2.-r0.-f0.r0.-f0.d0.f0.r0.f2.d0.r0.f0.-d0.f1.d0.-r0.-d0.-f0.r0.-f1.-r0.f0
150,r0.f2.-r2.-d0.f0.-r0.f2.-r0.-d0.-f0.-r1.-d1.-d0.-f1.-r0.f0.-f2.f1.d1.f2.-r0.-d2.r1.d2.r0.-d2.-r1.f1
151,r2.-r1.-f1.-d0.r1.d2.-f0.r0.f2.-f1.r2.f1.r0.d0.-r0.-d0.-r2.f2.-r0.-f2.r2.r0.f2.d2.r0.-d2.-f2
152,-f1.f0.r1.-d0.r2.-r1.d1.-f0.-d2.f1.r1.f0.r1.r0.-f2.d0.d0.f2.r0.r0.f0.r0.f0.f0.-r2.-d2.r2.d0.-r2.d2
153,-r2.d0.-f1.-r1.f0.-d2.d0.-f1.-d1.f0.d0.-r2.d0.d0.r2.-d2.-r2.-d0.d2.-f1.-d2.-r2.f1.r2.-d0
154,r0.d2.-d0.-f2.-d2.r0.r2.r2.-d0.-d0.-r0.d0.f0.r2.f0.-d2.-r0.-r0.r2.r2.d2.d2.f2.f2.-d2.-f0.-f0.f2.f2.-d2.-f0.-f0.f1.r1.-f1.d1.-r1.-d1
155,f1.-f0.d2.r0.-d1.f0.d1.-d0.f1.r0.r0.-f2.r0.f2.d1.r0.-d2.-r0.f1.r0.d2.d2.-r0.-d2.f0.-d2.-f1.d2.-f0.-d2.-d0
156,-f1.-r0.-d2.d0.-f0.-r2.d2.-r2.-f0.r0.d0.-f2.d0.r0.-f0.r2.d2.f2.f0.d0.r2.-d0.-r2.-d0.f1.-r2
157,-r1.d0.-r0.d1.f2.f2.r2.f1.d1.f1.d1.f1.d2.-r2.f0.-d2.-r1.d2.-d0.-f2.d1.f2.d0.f1.-d1.-d0.-r1
158,-f2.d1.f0.r2.f1.-r1.f1.-d1.-d1.r2.-r1.-f2.d1.d0.f0.-r2.f0.-d0.f2.r2.d2.r1.-d2.-r2.-f2.-r0.-f0.r0.f2.-r0.f0.r0
159,-d2.-r0.-d2.f0.-d0.-f0.r2.d2.r0.-f0.d1.f0.-d0.r0.r0.d0.r0.f0.-r1.r0.r0.f2.-r1.f1.r1.d2.-r1.-f1.r1
160,d2.-r1.f1.-f0.-r1.d0.f2.d2.-r2.r0.-f0.-r0.-d0.-d1.-f2.-r1.-d0.r1.-f2.r0.-d2.-r2.f2.-d2.r2.d2.f2.-d2.-r2.d2.r2.d2
161,-f2.-d2.-r0.f1.d0.f2.-r1.-d1.d0.r2.-d0.f0.d1.-r1.f1.r1.-d1.-r1.d0.-r2.f0.-d0.-f2.-f0.r2.d2.r2.-d2.r2.r2.-d0.-r2.d2.r2.d0
162,-f0.d2.-d1.r0.d2.-f2.r2.-f1.f0.-d0.-f2.f0.-d2.f1.-f0.d2.f1.-d2.-f1.-r0.d2.r0.f0.d2.d2.-f2.d2.-f0.-d2.f2.d2.f0
163,d0.f0.r2.-r1.f1.-d1.r2.-f1.-r0.f0.f0.-d2.d1.f2.d2.d2.-r2.-f2.r2.f2.r2.f1.d0.-f1.-f0.r2.f0
164,-f0.-d0.r2.-d2.-r0.-d2.-f0.d0.r2.-d2.-r0.f2.r1.d0.r2.r1.-f1.r1.r1.f1.d0.f1.d0.-f1.-d1.-d0.-r2.-r1.d0.r1.d1.-r1.-d0.r1
165,d2.-r2.-f1.r0.-f2.d0.d0.f0.-d0.-f2.r2.-d1.-r2.d2.-f0.d2.-r1.-d1.-f1.d1.r2.r1.f1.-d0.-f1.d0.-r1.f1.r2.f0.-r2.-f1.r2
166,r2.f0.d2.-f1.r0.d0.-d2.-d1.-r2.-r1.-f2.-r1.f0.r0.-f2.-d2.-f2.d2.f1.f1.-f0.r2.-d2.-r2.-f0.r2.f0.f0
167,f2.r2.f1.r1.r1.d2.-r2.f2.f2.r0.d0.-r0.r2.r2.-f2.-d2.d0.f0.-d2.-f0.-f0.r2.r2.-d0.f2.f2.-d0.-d0.-f0.-f0.f2.f2.-d2.-d2.r1.d2.d0.-f1.-d0.-r1.-f1.r1.f1
168,-r1.-d2.-f2.-d2.r2.-d2.-r2.d2.f1.f1.r2.-d1.-f0.d1.f0.-d1.f0.d1.-f2.-f0.d1.f0.d2.d0.-r0.-d0.-f1.-f0
169,r0.-f2.f1.r1.r1.d2.r0.d0.-r2.-f2.d2.r2.d0.f2.r2.f2.-r2.-d2.-r0.-r0.d2.d2.-d0.f2.f2.d0.-r0.-r0.-d2.-r2.-f1.r1.f1.r2.-r1.f0.d1.-r1.-d1.r1.-f0
170,-f2.d1.f2.-f0.d2.-f0.-d0.-f2.d2.-d0.f0.-d0.-r0.f0.r0.-f1.r2.-f2.r1.f2.r2.-d1.-r2.-r0.f1.r0.-f0.-r2
171,-d2.-r2.-f0.r0.-f0.d0.-f1.-f2.-r2.-f0.-r2.d0.-r2.-d2.-d1.-f2.-f0.r0.d2.-r0.d2.-d0.-f1.d0.f1.-d2.-d0.-r1.-f0
172,d2.-r0.-d0.r0.f2.-r2.-f0.-d2.d0.-f0.-d2.r1.f0.r2.d2.-r0.d2.-f2.r0.f2.-r0.d0.-r0.d0.r0.-d2.-d0.f2.-d0.-f2
173,f0.f2.d2.-r2.f2.-r2.f2.-d2.f0.-f2.-d2.-r2.-f2.-d0.-r0.-r0.-f0.-f0.-d2.-f0.-f0.d2.-r0.-r0.r2.r2.d2.d2.f1.-r1.-f1.r1.-d0.f0.r1.d1.-r1.-d1.-f0
174,f1.r2.-d1.f0.r2.f2.-r0.-d0.r2.r2.-d1.-f2.f1.-d0.r0.d0.-f1.d2.-r0.-f2.r0.f1.-d2.-f0.-f1.-r0.d0.r0.-f2.-r0.f2.f0
175,r0.d1.r2.-f2.r0.d2.r0.f2.-f0.-r0.r2.-d0.-f0.-r2.-d0.-f0.-r0.f0.d0.-f2.-d2.f2.d1.d0.-f2.d0.f2.d2.-f2.-d0.f2
176,d1.-r0.f0.d2.-d0.-r2.-d2.-f1.-r1.-f2.r0.r1.-d1.-r2.-d0.r2.r2.-d2.-f2.d2.f2.-r2.f0.d0.d0.f2.-d0.-f2.-d0.-r0
177,-r2.d1.d1.-d0.r0.f0.-d2.-r1.f1.d2.-f2.d0.-f0.r0.f0.-d1.-r0.f2.r0.d2.d1.-d0.r0.r0.d0.f2.-d0.-f2.r0.r0.f2
178,-r2.f2.r0.d2.-d1.-f2.f0.-r0.-d1.-r1.-d2.f0.-d2.-r2.d2.r2.f1.-r1.f0.d0.-f2.-d0.-r2.-f2.r2.d0.-r2.f2.r2.-f0
179,-f0.-d2.-f0.-r2.f2.-r2.-f0.-d2.r2.f2.d2.-d1.-f2.d0.f2.d1.-d0.-f1.d0.r0.-d2.-d0.f2.r0.d2.-r0.-f2.-f0.-r0
180,-d1.d0.r2.-r1.-f1.f0.-r2.-d2.-r2.f2.-d2.-f0.-d1.-d0.r2.d0.r2.f0.-f2.r2.-d0.-d0.-r2.f2.r2.d0.d0.-f0
181,-d0.-r2.r1.-d1.r2.-d2.-f0.-r2.-f2.-d1.-r2.-f2.r2.-f2.d1.r0.f2.d2.d2.-f2.-d1.f2.d1.f0.d2.d2.-f0.-d1.-f2
182,r2.-r0.d0.r1.d0.f2.r2.f2.f2.r1.-d2.-r1.d1.d0.-r1.-d2.-f2.f0.-d2.f1.d2.-d0.-f0.d0.-f1.-f0.r2.f0
183,r0.d0.r1.-d2.-r1.r2.d2.d2.f1.-d0.r2.f0.d0.r2.f0.-d2.-f0.-d1.f0.d2.f2.d1.-f0.-d1.-f2.d1.d0
184,-d1.f1.d0.-r1.r0.d2.-d0.-r1.r0.-d2.-r1.-d1.-f2.d2.f2.d1.r1.f2.-r2.-f2.-d2.r2.d2.-r1.-d2.-r2.f2.r2
185,-r1.d0.r2.f2.-f0.r0.-d1.-f2.-d2.f2.r2.r1.d0.f0.-d1.-r1.d1.d0.f1.f0.-r2.f0.f0.-d2.f0.-r1.d2.r2.-d2.r1.d2.-r2.-d2
186,f1.r2.d2.f0.d1.r0.r0.f0.-r0.-f1.d0.d0.f2.d2.d2.d1.f2.r0.-f2.-r2.d0.-r0.-d0.r2.-d2.-f2.-r0.-f0.r0.f2.-r0.f0
187,-f0.-r0.-f2.-r1.-f2.d0.r1.d1.-r1.r2.-r0.f2.-f0.d0.f0.-d0.-f2.-d0.-f2.-r1.-f0.-r2.f2.-f0.-f0.d2.-f2.-d2.-d0.r2.d0
188,-f2.r2.-d2.f2.f2.-d2.-r0.-f2.f0.d2.-r1.f1.-d1.-d2.r2.-d1.f0.d1.r0.r0.f0.d1.-r0.-d1.r0.-f0.-r0.d1
189,d0.f1.-r0.-f0.-r2.-f2.-d2.f1.-r1.-d2.r0.d2.d0.-f0.-r0.f1.-r2.-d2.r2.f2.d2.f0.-r2.-d2.r2.-f2.-r2
190,-f0.-d2.r2.f0.-f2.r0.-d2.f0.-r2.f0.f2.f2.d2.d2.f2.f2.-d0.-d0.-r0.-r0.f2.f2.-d0.r2.r2.-d0.-r0.-r0.f0.-d1.-f1.d1.f1.-f0.d1.r1.-d1.-r1
191,d0.r2.-f2.-d0.f2.-r2.d0.-r2.r1.f2.r2.f0.r2.-d0.r2.r2.-f1.-r1.-d0.r1.d0.f1.r1.d2.-r1.f1.r1.-d2.-r1
192,-r1.-d0.f2.r2.-r1.f1.-f0.-r2.-f0.-r2.d2.f2.f0.-r2.f1.-d2.-r1.-r0.-f0.d2.d2.d1.r2.d1.-r1.-d1.-r2.-d2
193,d2.-r2.d1.-f0.-f0.-f2.d2.-r2.-d0.f2.-r0.-f0.f2.-d0.r2.-d0.r2.r2.-d0.-r0.-r0.-d0.f2.f2.-r0.-r0.d2.-f0.-f0.r0.r1.d1.-r1.-d1.-r0.-r1.f1.r1.-f1
194,-r0.d2.r2.f2.-r0.r2.d2.f2.-f1.-r0.d2.d0.-r0.-d0.-f0.d0.r1.r0.f2.-r1.d2.f1.-d2.f0.r1.-f0
195,-f2.r2.d2.d2.-f0.-f0.-r0.-r0.-r2.-d2.-f0.-f0.-r0.d2.-f0.d0.-f2.-r0.-d2.-r0.-r0.d2.f2.f2.-d2.-f0.-f0.-d2.f2.f2.d0.-r0.-f1.-d1.f1.d1.-r0
196,d0.r2.d1.r2.-f0.-d1.f0.f0.-d0.f2.r0.-f2.-f0.d2.f0.d0.d0.-r1.f0.r1.-f0.-d1.-r1.-f0.d1.f0
197,r2.-r0.-f2.f1.r2.-f0.-d1.-d2.-r0.-d0.-r0.-f0.-r1.-d0.f0.r0.-f0.-r0.f1.r0.f0.r0.r0.-f1.-f0
198,-d2.-r1.-d2.r2.-f2.f0.-d0.-f2.d1.-r0.-d2.-r2.d1.r1.f1.r1.r1.-r2.-f1.r2.d2.r2.-r0.-f1.f0.r2.f1.-r2
199,r0.-f2.f1.-d0.f0.-r1.-f2.f1.d0.d0.r2.r2.-f2.-d0.-f0.-r1.-r0.f0.r0.-f2.-d2.-d0.-r0.-d0.r0.-d1.d0
200,-d0.-r1.d1.-r1.f0.-r0.-f2.-f2.d1.-r2.-d0.f2.r2.-d2.r2.d2.-r2.-d0.-f2.-r2.f2.d1.f0.-d0.-f0.-d1.f0.-r0.-f0.r2.r0.d0
201,-d0.-f1.f0.-d0.r1.-f2.-d0.-r0.f0.-d1.-f2.r2.-f0.r2.f2.-r2.d0.-f2.-d0.-r0.f2.r0.r0.d2.-r0.d2.d2.f2.d2
202,-f0.d2.f2.-f0.-d0.r2.-f2.-f1.d2.-f0.r0.d0.-r2.-d0.r1.-f0.r2.f0.r2.-d1.f1.d1.-r1.-f2.-r1.-f1.-r2.-r0.-d0.r0
203,-d1.d2.f2.r2.d2.r2.-d0.r0.-d0.-r0.-d0.-f0.-r2.-f0.-f0.d2.d2.-f0.-f0.f2.f2.r2.r2.d2.-f0.-f0.-d0.-d0.-r0.-r0.-d0.r2.f1.d1.-f1.-d1.-r2.d1.f1.-d1.-f1
204,f2.-r0.f0.d2.-r2.-d0.-f0.-r0.f1.-f0.r0.f2.r2.-f1.-f0.-d0.f1.-r1.-f2.r1.f2.-r1.-f1.-f0.r1.r0.d0.f2.r1.-f2.-r2.f2.-r1.-f2
205,-d0.-f2.-r0.-f2.-r1.-d2.-r1.-r0.d1.r0.f1.-d2.-r2.d2.r2.f0.-d1.r0.d0.-r0.-d0.-d1.-r0.d1.r0.f1.r0.-f1.-r0.-f0.-r2
206,f0.-d0.f0.-d0.r0.-d2.-f1.r2.-r1.-d0.-r2.-d2.f0.r0.-f2.-r0.-f0.r2.d0.r0.d2.-f2.-d2.f2.d1.-f2.-d1.-r0
207,f1.d1.d1.r2.d0.r0.r2.-f0.-r0.-r0.f2.r2.d2.f2.r2.r2.f2.f2.-d0.r2.r2.f2.f2.-d2.-d0.-d0.r2.r2.d0.-f0.-d1.r1.d1.-r1.f0.d1.f1.-d1.-f1
208,-r0.-r0.-r2.f0.r0.d2.-r2.f2.f2.-d2.d0.f2.-r2.-d2.d0.r2.r2.-f0.-f0.-d2.f2.f2.d2.d2.-r0.-r0.f1.f1.d1.-f1.-d1.-f1.-f0.-f1.r1.f1.-r1.f0
209,r2.-f0.-r2.d0.f2.r2.r0.-d0.r0.-f0.-r0.-f1.-d1.-r0.d1.-r1.r0.f1.r1.-r0.d1.-f2.-r2.d1.r2.f2.d2
210,-r2.f0.d0.r2.-r1.f2.d2.-r1.-r0.f2.r0.f2.-f0.r2.-f0.-r2.f1.r2.-f0.d2.-f2.-r0.f2.-d2.-f2.r0.f2.-f1
211,d2.f2.-f1.-d0.-f0.-r1.r0.-f2.d2.d1.f0.r2.r2.r0.f2.r0.-f2.r0.-f1.d0.r0.-d0.f1.d0.-f1.-r0.f1.r0.-d0
212,-f1.d0.-r2.-f0.r0.-d1.r1.d2.-r1.-r0.-d2.r0.r0.-d2.r0.-d1.d0.-f2.r0.f2.-r0.-d2.-d0.f1.d2.-f2.-d2.-f1
213,d2.f0.-r1.d2.-f0.d0.r1.-f0.r2.-r0.f1.d0.f1.r0.f1.d2.-r2.d1.r1.-d0.-r1.-d1.r1.-d2.d0.-r0.d2
214,r1.d0.d0.f2.-r2.-f0.-d2.-d2.d0.f1.r0.-f0.-r0.-f2.r0.r0.-f1.r2.-f0.d2.f2.-r2.-f2.-d2.-f2.-r2.f2.f0
215,f1.r2.d1.d0.-r1.f2.-d0.-f2.d2.f0.r2.r1.d2.r1.-d2.-f0.r1.-d2.f1.-d1.-f0.-d1.-f1.d1.-f2.-d1.f2
216,-r2.d2.d2.-f0.d2.-d0.-r0.-f2.r2.-d2.r0.-r2.-d2.f0.d2.d2.-r0.-r0.d0.-r0.-r0.-f0.-f0.-d2.-f0.-f0.-r0.-r0.d2.d2.-f0.-f0.r2.f1.-r1.-f1.-r2.r1
217,-r1.r0.d2.d2.-f2.-r2.-d2.r2.-f2.-r1.r0.-f2.-d1.f2.d1.f1.f0.d0.-f2.d2.-r0.d2.f2.-d2.r0.-d0.-r2
218,-r2.d0.f1.-r2.-f1.-r1.-d1.r0.d2.r1.f2.f1.-d0.f0.d0.-f1.d0.-f0.-d0.f1.-r2.-f0.r2.-f2.-r2.f0.f0.r2.f2.-r2.-f0.-r0
219,-f1.-d2.d1.d1.f1.-r1.r0.r0.-f1.-r0.d2.-r1.r0.-f2.r1.f2.r0.-f2.f1.r2.-f1.r0.f1.-r2.-f1
220,d2.r2.-f2.-d2.d0.-f1.-r1.d2.-f0.r2.r2.f0.r0.-f2.-d2.f2.-r0.d1.-r2.-f0.r2.f2.f0.-d1.-f2.-r2.f2.f0.-d0.-f0
221,f0.f0.r0.r2.-d0.-d0.f2.r2.-f2.r0.f0.-r0.-r0.-f2.r2.r2.d2.-r0.-r0.r2.r2.-d0.-r0.-r0.d2.-d0.-d0.r1.-r2.d1.-r1.-d1.r2.-r1.f1.r1.-f1
222,-r1.-f2.d0.-r1.r0.-d1.f1.-r1.d2.r0.r1.f2.r2.f0.f0.-r2.r1.d2.-f0.d2.-r0.f0.r0.d2.d2.-r1.-r0.-f0
223,-d0.f0.r2.d0.r1.d1.f2.-f1.r2.-d0.f0.d1.-d0.-f1.d2.d0.f1.d0.-r2.d2.-d0.f0.-r1.-f0.r1.-d2.-f1.-r1.-f0.r1.f1.-r1.f0
224,-f2.f0.-r0.-d2.r0.-r2.d2.-r2.-d1.r0.r1.-d2.-f2.d2.-r1.-d2.-f2.d0.-f0.r1.-d0.-r1.f2.r1.d0.-r1
225,f2.-d2.r1.f1.r2.d1.r0.-f2.-d2.f0.d2.-f0.d1.-d2.d0.-r0.r1.-d2.-r1.d2.-f0.-r0.-f2.d0.-r0.d0.r0.-d0.f2
226,d2.-f1.r1.f2.-d1.-r2.d2.-f1.r2.f2.r2.-d0.r0.d0.r0.-f1.-r2.-f0.-r1.-f2.f1.-d1.-r1.-f1.r1.r1.f2.d2.r0.-d2.-r1.d2.-r0.-d2
227,d1.-f1.-r0.f0.-d0.r0.r1.-d0.r0.f1.-d1.d0.f0.-d2.d0.r2.-d1.r0.d0.-d1.-r0.f2.r0.-f2.d1.d1.-f0
228,f1.f1.d1.d2.-f0.f2.f2.r2.r2.f0.r2.f0.-f2.-d2.-f2.d2.r2.r2.-d0.-r0.-r0.-d2.-f0.-f0.-d0.-d0.-f0.-f0.-d0.-d0.r2.r2.f0.f1.-r1.-f1.r1.-f0.d1.r1.-d1.-r1
229,-r2.-f1.f0.r1.-d0.r1.d0.-f2.-r0.-d2.-r0.d0.-f1.-r0.-d0.f2.-r0.-d0.f2.r0.-f2.r0.d0.-r0.f0.-d2.r0.d2.-f0.r0.f0
230,-f0.f1.r1.r1.r0.-d0.-f0.d2.d2.-d0.-d0.-r2.-f0.d0.r2.f0.d0.-r0.-r0.-f0.-f0.-d0.-r0.-r0.-d0.-d0.-r0.-r0.f2.f2.-d0.-d0.-r1.-f1.-r1.f1.-r1.-r1.f1.r1.-f1.-r1
231,-f2.f1.-d0.-f2.r0.d2.d2.f2.-f0.-r2.-f1.f0.d0.-r2.-d0.f2.f2.d1.d1.f0.d1.-f0.-d1.-f2.-f0
232,-f2.r1.r1.d2.-f1.-r1.f0.d1.-r2.-r1.f0.-d2.r2.d2.-d0.f2.f0.r0.d0.-r0.-d0.-r0.d2.-r0.f2.r0.-f2.-d2.f2.f2
233,-r0.-f0.-r2.r1.f2.-d0.f1.d2.-f0.r2.-f2.f0.-r0.-d2.-r0.d0.-f0.-d0.-f0.-r0.f0.-d0.r0.d0.-r0.-f0.-r0.f0.-r0
234,f0.-r2.d2.-d1.f2.r2.d1.-d0.f2.f0.f0.d1.r2.-d2.-d0.f0.-r0.d0.f0.r0.d0.-f0.-d0.-d0.r0.d0.-r0.f0.f0.-r2.-d2.f0.d2.-f0
235,-d1.r2.-f1.-r1.-d2.d0.r2.r2.-f1.-d1.r2.-f0.-r2.-f0.r2.f2.-r2.-r1.-d1.f0.d1.-d0.-f0.d0.r1.-d0.f0.d0.-f1
236,-d2.r2.d1.-f2.f0.-d2.f0.-d0.-f1.-f2.r0.d0.-r2.f0.d0.-r1.-d0.-r1.r0.d0.-r1.-d0.r1.-f1.r2.f1.r1.-f1.-r2.f1
237,f2.-d0.-r2.-d1.r0.f2.d1.-r0.-f1.-r2.f1.-r1.f1.d1.-f1.r2.-d0.-r2.f0.-d0.-r0.-f0.d2.-d1.d0
238,-f2.r1.f0.d0.-r2.d1.f2.d1.f2.-f0.-d0.f0.d0.-f0.r1.f2.f2.r0.d1.f2.-d1.-f2.-d1.f2.r2.-f2
239,r2.-f2.-d1.r1.f0.-r2.-d2.f2.-d0.-f2.r0.f0.-r2.r1.f0.-d1.-r1.f0.r1.-f0.d1.-r0.-d1.-r0.d1.r2.-r1.r0.f1
240,r2.-d1.r1.-f0.-d0.-r0.-f2.-d1.-r0.-f0.-r2.-d2.r2.d2.r2.-f0.-r0.f0.r2.f2.r2.-f2.r2.-d2.-d1.f0.-d2.-f0
241,f0.r2.-f1.d0.r0.-d0.-f1.-r2.-r1.-d0.f0.d0.f2.-f0.-d0.-f2.r2.-d0.f0.-d2.f2.-r0.f1.-r1.-f1.r0.-f2
242,-r2.f1.-d1.d0.-f0.d2.d1.-f1.d2.-f1.r2.-f0.-r0.f0.r2.r0.-f2.r0.d2.-f0.-r0.f2.f0.r2.r2.-d2.-r0.d2.r2.r2
243,d2.d0.f0.d0.f2.r1.d0.d0.-f1.-d0.-r2.d2.-r0.f0.d2.r0.d2.d2.-r0.f0.r0.-f0.r2.d2.r1.d0.-r1.-r0.-f0.r0.f0
244,d2.-r1.d1.f2.-r0.-f0.d2.-r1.-d2.-r0.f0.r1.f0.f0.-d0.f0.-r2.f0.d0.-f0.d2.-r2.-d2.r2.-d2.f0.d2.-f2
245,-f2.d2.-d1.f1.-r2.d2.-f0.-d1.-r2.-r0.-d1.-f2.r2.f2.-f1.-d0.-r2.d0.d1.-r2.f2.-r0.f2.-r1.-f1.r1.-f2
246,f2.-r2.f1.-r0.d2.d2.-r2.f2.f2.-r2.-f2.r0.-d0.-d0.f2.-d2.-f2.-d0.-f0.-f0.d2.d2.-f0.-f0.-r0.-r0.-d2.-r0.-r0.-d0.f2.f2.r2.r2.r1.-f1.-d1.f1.d1.f1.-r1.-f1
247,d1.-r0.d1.r2.-d1.r1.-f2.-d0.f2.-r2.-d2.-r2.-f0.-r1.-d2.-f1.-f0.-r0.-f2.d2.f0.-d2.-f0.d1.f0.d2.-f0
248,r1.-r0.f2.-d2.f2.r1.-d2.-f2.f1.-r0.r1.-d2.r2.-f0.-d0.-r2.-f0.r2.d2.-d1.d0.d0.f2.-r2.-f2.d0.f2.-d0.r2.r0.-f2.-r0
249,f1.-d0.-r1.f1.r2.-f1.-d2.-f2.d2.-r2.d1.r2.f2.f2.d0.-r2.-f2.-d2.-d0.-r2.-d0.r2.d0.d0.-r1.-r0.-f0.r0.f2.-r0.f0.r0.-f2
250,-d2.-f2.d1.r2.-f2.-r2.d1.-r0.d0.r2.-d2.f0.d0.f1.-r1.f2.r1.-f1.-d2.d0.r0.d0.-f0.d0.d0.f0.-d0.-r0
251,-r2.d2.-f1.d0.f0.-d0.-d0.f2.f2.r2.d2.-d0.-d0.-f0.-d2.r0.-d2.-f0.-f0.-d2.-r0.-r0.-d2.-r0.-r0.-f0.-f0.-d0.-f0.-f0.-d0.-f2.d1.f1.-d1.f2.-f1.-r1.-f1.r1.f1
252,r0.-d0.f0.-d0.f0.r0.d1.-d0.f0.-d2.f2.f1.f1.r1.-d2.r1.-d0.-r2.f0.r1.r0.-d0.r1.d0.-r1.d0.f1.-d0.-f1.-f0
253,d1.-r0.f2.-f0.-d0.f1.-d0.f1.f1.-d2.-f1.d2.-r0.-f1.d0.r0.d2.-r0.d2.-d0.-r1.f2.-r1.-f1.r1.-f2.r1.f1.-f0
254,f2.-f1.r0.f1.r0.-f2.d2.r0.-d0.f2.-r0.-d2.r0.r0.-f2.-r0.d0.r0.-f0.-d0.f2.-r0.-d1.r0.d1.-d0
255,f1.f1.-d2.-r2.r1.f0.d1.d1.-d0.f0.r0.f0.d2.d2.r1.-d1.r0.f0.d2.-f0.-r0.d2.r0.-f2.-r0.f2.-d2.d1.-r0
256,d1.r2.-d2.d0.r1.f1.-d0.-d2.f0.r1.-d2.-d2.r0.-d1.-r1.d0.r0.-d0.f2.r1.-d0.-f2.d0.r2.-d2.-r2.-d0.r2.d2.-r2
257,-d2.-r1.d0.-f0.-d0.-f2.-r0.-r0.-r2.d0.r2.-f0.r0.-f0.d2.-d0.r2.r2.d2.-f0.-f0.d2.d2.f2.f2.r2.r2.d2.d2.-r1.-d1.r1.d1.r1.f1.-r1.-f1
258,-f1.d1.-f0.r0.-d2.-f2.-r1.f1.-f0.d1.f0.d0.-f2.-d0.d1.-d0.-r2.-r1.d0.-r0.-d0.-f1.r1.d0.-r2.-d0.r0.d0
259,d2.d0.-r2.f2.-f1.-r0.-f0.-r2.r1.-d1.f2.r1.f2.r1.r0.f2.f2.r0.r0.-f0.r0.-d0.f2.-r0.d0
260,r0.f0.r2.d1.f0.r2.-f1.f0.r1.d1.r1.-d0.f2.d1.d2.r0.-d1.-r0.-d0.-r2.-f0.-d1.f1.d1.f0.-d0.r2.-f0.-r2.f1.r2.f0.-r2.-f1
261,-d0.-f0.d2.d2.-r2.-f2.r0.-r2.f2.f2.-d0.f0.-d2.f0.-d0.-d0.r2.r2.d0.-f0.-f0.-d2.f2.f2.d0.-f0.-f0.-d0.-d0.f2.f2.r2.-f1.-r1.f1.-r2.r1
262,r2.f1.-d2.r2.d2.-r2.r0.-d2.-f1.f0.-r2.d0.-r0.d2.r0.f2.r0.-d0.f2.d0.-r0.-f2.-d0.r2.-f2.-r2
263,f2.f2.f1.f1.-d1.-d0.-f0.-f0.-d2.-r0.-r0.-r2.d2.r0.r2.-f0.r0.r2.r2.-d0.r2.r2.d2.f2.f2.r2.r2.d0.r2.r2.d2.f0.f1.r1.-f1.-r1.-f0.r1.f1.-r1.-f1
264,f0.r1.f0.r2.-f0.d2.-r2.-f2.r0.f2.d2.r2.f2.-d0.-d0.f2.f2.r2.r2.-f0.-f0.d2.-r0.-r0.-d2.d0.-f0.-f0.d0.-r1.-d1.r1.-d0.d1.r1.f1.-r1.-f1
265,-d0.f1.-d1.-r1.-r0.f0.-d2.d1.r0.-f0.-d1.-d0.-r1.-f2.r2.f2.r2.r2.f1.r0.-f2.r0.f2.-r0.-r1.d0.-r0.-d0.f2.r0.-f2.r1.f2.-r0.-f2
266,d1.f1.r0.d2.r1.-f2.d2.-d1.-r0.d1.r0.-d1.r1.-d2.r2.-d2.r0.-d0.-r0.-d2.r0.d0.-r0.-d2.r0.-f2
267,-r2.-d2.-r0.-r0.-f2.r0.-f0.-d0.-r0.-d2.-f0.r2.-f0.-r0.f2.f2.d0.r2.r2.-d0.-d0.-r0.-r0.-d0.-f0.-f0.d0.-r0.-r0.f2.f2.-f1.r1.-d1.-r1.f1.d1
268,-f2.-d0.f1.r2.-f0.r1.r0.f1.f2.-r0.-d0.r2.-f1.r2.r2.-f0.r1.f0.-d2.r2.r2.-d0.-f0.-d1.f0.d1.d0.r2
269,-f0.d1.d1.f0.-d1.-r1.f1.r1.-d1.-d0.-r2.d0.r2.-r0.-f0.r2.f2.-d0.-r2.f2.f0.-r2.r0.d0.r2.-d2.-r2.-d0.r2.d2.f2
270,-r0.-d0.-f0.r1.f2.-d1.f2.r0.r0.f1.-f0.-r0.d2.f0.d2.d1.-r2.-f2.d2.f2.r2.d2.-f0.-r1.-d2.r1.d2.r1.f0.-r1
271,-f0.-r0.f2.d1.-d0.f2.r0.d0.-f0.r2.r1.d1.f1.f1.-r0.-d1.-f1.-r0.f1.-d1.-f0.r0.f0.d1.-f0.-r0.f0
272,-r2.-d0.-r2.-d1.-f1.d0.-f2.r2.-d1.-r2.-d1.r0.d1.f0.-r2.-f0.-d1.d0.r0.d1.-d0.f0.d0.-r0.-d0.-r0
273,-f0.d2.d2.r2.f2.f2.d2.d0.-f2.-r0.-d2.d0.-f0.r0.-f0.-f0.-d0.-r0.-r0.-d0.-f0.-f0.-r0.-r0.r2.r2.-d0.-d0.-r0.-r0.-d0.r1.f1.d1.-r1.-d1.-f1
274,-d2.-f0.r2.-d2.r2.d0.-f1.d0.-r1.-r0.f2.r0.-d0.-r0.-f2.-d1.d0.-r0.-f2.r0.-d0.-r0.-f0.d0.f2.f0
275,-f2.-d1.r0.r0.-f1.-d2.d0.f2.f1.r0.f1.r2.d1.d2.-r0.-f2.d0.-f2.-r2.-d0.f2.-r1.f1.r0.-f1.r1.f2
276,d2.-f1.r1.d0.f0.d2.f2.r2.d0.-r2.d1.-r0.-f2.f0.-r2.-r0.-d0.r0.-f1.-r0.f1.d2.-r0.-f0.d2.r0.-d2.f2.-d2.-f2.d2.f0.-d2.f2
277,f0.-f2.f1.r1.r1.-d0.r2.-d2.-r0.d0.r0.f0.f2.f2.d0.r0.d2.d2.r2.r2.-d0.-f0.-f0.d2.d2.-r0.-r0.d0.-f0.-f0.d2.-r2.-f1.r1.f1.r2.-r1.f0.f1.-d1.-f1.d1.-f0
278,d1.-r2.f0.-r0.d2.f1.-d1.-r2.-f2.-r0.-r0.f2.r0.d0.r2.-f1.r0.f1.-r2.d0.f0.-r2.-r0.d2.-f0.r0.f0.-r1.-f0.r1
279,-f2.-r0.d2.-f0.-r1.-d1.-f0.-d0.-f2.-d0.-r1.d0.r1.-r0.-f0.d0.-f1.-d0.-f2.f0.-r2.-d0.f2.d0.f1.f1.-d0.-f2.d0.f2.-f1
280,f1.f1.-r1.d2.-d0.-r0.f0.r2.-f0.-f0.-r0.d2.d0.-f0.-r0.-d2.f2.f2.-d2.d0.-f0.-f0.-r0.-r0.f2.f2.r2.r2.d2.d2.-r0.-r0.d0.-r1.f1.r1.-f1.-d0.-d1.-f1.d1.f1
281,-f2.d1.f0.r2.-f2.r2.r1.d2.f0.-d2.d1.d1.r0.f1.f1.r2.-f2.d1.r2.d1.-r2.f1.f1.-d2.f2.d2.f1.-d2.-f2
282,-f0.r2.d0.f1.-d2.d0.f1.r1.d1.f0.-d2.d1.r2.-d1.-d1.r2.-d2.-r2.d1.-f0.r1.-f0.-r1.d2.-f0.-d2.r0.f0.-r0.f0
283,-d0.r2.d1.r2.-d0.-f1.f0.-r1.d1.f2.-f1.-d0.-f0.-d0.-r2.d0.f1.-r2.-f0.r2.-f0.r0.-f0.-r2.f0.-r0.-f0.r2.r0
284,d0.r2.f1.-d2.r2.-f2.-r1.f0.d1.r2.-d0.-f1.r0.-d2.r0.d2.-r0.-d0.-r2.f0.r2.-f0.-d2.-f0.d2.-f1.-d2.f0.d2.f1
285,f0.r1.r1.-f1.d0.-r2.-f2.-f0.-d0.-r2.-d2.r1.d0.-f0.-d0.f0.r2.-f2.r0.f2.d0.-f2.-r0.f2.-f0
286,d2.r2.f1.d2.r0.-d0.f2.-r2.-f0.d0.-f2.r2.-d2.f2.r2.-f2.-r2.-f0.r2.f2.f2.-f1.f0.-d2.-f0.d2.f1.-d2.-f2.f0
287,-r1.r0.-f0.-r1.d0.f1.d1.d1.-r0.f0.-r2.-f1.-d0.-f2.d0.d2.-d1.f0.-r0.f1.r0.f2.-r2.-f2.r1.-f0.-r1.f2.-r2
288,f1.-d1.-f1.r0.f0.r0.f1.r0.f0.-d2.-r2.-d2.-f1.d2.d2.-r2.r1.f2.r2.f1.-r1.f0.-r2.-f0.r1.f0
289,d0.-r2.-f0.-d2.-r1.f1.r2.f1.d2.-f1.d0.-r2.-f0.-d2.-d2.f0.r2.-f1.r2.d0.-f1.-d0.r2.f2.-r2.d0.f1.-d0.r0
290,-d0.-r1.-f0.d0.-f2.f0.d0.d0.r2.f1.r2.f2.-d1.-f2.r2.f2.-d2.-r1.d2.-r2.d1.f1.f0.-r1.-f0.r1
291,f0.-r1.-d1.r2.d2.-r0.f1.-r0.-d0.r1.r0.-d1.-d1.-d0.f2.-d2.f1.f0.r1.-f0.d0.-f1.r1.-d0.-f2.d0.f2.-r1.f1
292,-d0.r0.-d1.f0.d0.-r1.r0.d2.d2.-r0.f0.d2.d2.r0.f1.r1.-d2.d0.r1.-d0.f0.-r1.-r0.-d0.f1.r2.-f1.-r2.-f1.d0
293,f0.-r0.-r0.f0.-f2.-r0.r2.r2.-f2.d0.r2.d2.d2.f2.f2.r2.d2.d0.-r0.-r0.r2.r2.d2.f2.f2.d0.-r0.-r0.d0.f2.f2.d0.-r1.-d1.r1.-d0.d1.r1.-d1.-r1.d1
294,-r1.-d2.f0.d1.-f2.d1.r1.-d0.-f1.-r0.-f2.d0.f2.r0.-f0.r1.r2.-d2.d0.-f2.f1.-r2.-f2.r2.f2.f0.-r1.-f0
295,f0.-r2.d1.-r2.r1.d0.-d1.r2.f0.-f1.f0.-r2.-f2.d0.-f2.r1.-d1.r0.r0.d1.-r1.r0.d2.-f0.-d2.f1.d2.f0.-d2
296,-r0.d1.-f1.-d2.f0.-r2.-f1.-d0.-r2.d2.f1.d1.-r1.-r0.-f1.-r2.-f0.-d1.f2.f0.-r1.d0.f0.r1.-f0.r2
297,-r0.d2.r2.f2.d0.-r0.-r0.f0.-r0.-r0.-f2.-d2.-f0.-r2.-d0.f2.f2.d2.-f0.-f0.r2.r2.-f0.-f0.-d0.-f0.-f0.-d0.-d0.-r0.-r0.f1.-f2.r1.-f1.-r1.f2.-d1.f1.d1.-f1
298,r2.r2.-d0.-r1.d2.f0.-d2.r2.-d0.-r2.f1.d1.-r0.d1.-r2.d2.-f2.r1.f2.-d1.-r0.-f2.-r1.f2.r1.r0.d1.r2
299,f0.-r1.-f0.d2.f2.-r0.d2.-r0.-d2.d0.f0.-d2.-d0.r0.f2.f1.-r1.f0.r1.-f0.-d1.r0.d2.d1.f0.d0.f0.-d0.f0
300,r2.d2.-d1.f2.d2.f0.-d1.r0.-f2.-d2.f2.-r1.f0.-d0.-d1.-r1.d0.r1.f2.r1.f2.-r1.-f2.r2
301,r1.f0.d2.-r1.-d1.r2.-r0.f2.r0.r0.d2.-f2.-d2.-r0.-r0.f1.f1.f0.d1.-f0.-d1.r2.-f0.d1.f0.-d1.-r2
302,-f2.-r0.-f0.r1.-f2.-r0.f0.r1.-d2.f0.-r1.-d1.-d0.-r0.-f2.-r0.d2.d0.-f1.d1.-f0.-d1.f1.d1.-r0.-f0.r0.f0.-d1.-f0
303,d2.-f2.-d2.d1.f2.r0.-d1.-f1.-r2.r0.r0.-d1.-r1.f0.r1.f2.-f0.-d1.-r2.d1.-f2.d2.f2.r2.d1.-r2.-f2
304,r0.d2.-r1.d2.-r2.d0.-r0.-f0.r0.d0.f1.r0.-f2.f0.-r2.r0.d0.-r1.-f2.r1.f2.-d0.r2.-d2
305,r0.d1.r1.-d2.d1.r1.-f1.-r0.d0.-d2.r0.-f1.-d0.r0.-d2.-r1.-r0.d2.-d1.f2.-d2.-f2.d1.f2.f0.d2.-f0.-d2.r1.d2.f0.-d2.-f0
306,-d2.d0.-f2.r2.d1.-f2.-r2.-f0.f1.d1.d0.r0.-d0.r0.r0.d1.-r0.d0.-r0.f0.d1.-f0.-d1.f0.r1.-f0.-r1.-r0.-f0.r0.d1.-r0.f0.r0
307,-f2.r2.d2.d2.r2.-r1.-f2.-d1.r0.f1.f1.r0.-d0.f0.d1.-f0.-r2.d2.r2.f2.-r0.f0.r0.-f2.d0.f0.-d1.-d0.f2
308,-r2.f2.f1.r1.r1.r0.-f0.d2.d2.d0.f2.-r0.-r0.-d0.f2.-r0.-d0.-r0.-r0.-d2.-f0.-f0.-d2.-d0.-d0.-r0.-r0.f2.f2.-d1.-f1.d1.f1.-d0.f0.d1.r1.-d1.-r1.-f0
309,r2.-r0.d2.d2.-r2.r1.-d0.d1.-f1.-f2.-d0.-r1.-d0.-r1.-r0.f0.-d1.-f1.d1.f0.-r1.f0.r1.d2.-r1.-d2.-f0
310,f1.r0.d2.r2.-d0.f0.-d0.r0.-f2.-r2.-d0.-f2.r2.r2.-d2.-f0.-r2.f0.d2.-r2.-d2.-r0.d2.r2.-f0.d2.d2.f0.r1.-f0.-d2.f0.d2.-r1.-d2.-f0
311,-d0.-r2.f1.-d2.d0.r1.d0.r0.d0.f1.d0.f0.r1.-r0.d2.d2.-f1.r0.-d1.-f0.-r0.f2.f0.d1.f1.-d1.-f2.-d2.d0
312,-f0.r1.-d2.r2.f0.-f1.-d2.-d0.-r2.f0.f0.d0.-f0.-r2.-d2.-f0.-d2.-f1.d0.r1.f2.-r2.-f2.-d0.f2.r2.-f2.-r2.d0.-r1.-d0.r2
313,r0.-f1.-r1.-d2.f2.f1.-r1.d1.r1.-f1.r0.d2.r0.d0.-r1.d1.f2.-d1.r2.r2.-r0.f1.d2.-f1.r2.f1.-d2.-f1.f0
314,-f2.f1.d1.d1.f2.d2.f2.-d0.-f0.-f0.-d0.-f0.r0.d2.-r0.f2.f2.r2.r2.d2.r2.r2.-d2.f2.f2.-d2.-d0.-d0.-f2.-d1.f1.d1.f2.-f1.r1.-f1.-r1.f1
315,-r2.f1.r2.f0.d2.f2.r1.d0.f2.r2.r2.f0.d0.f0.d1.-r2.-d2.-d0.f2.-d1.f1.r2.-f0.r0.f2.-r0.-f1.-r0.f1.r0.-f2.-r0.-f1
316,-r2.-d2.f2.d0.r0.-d2.-f2.-d0.-r0.d1.d0.r0.d2.d2.r2.d2.-r1.d1.r0.r1.-f1.-d1.-f1.-r0.f1.r0.d1.f1
317,-r0.-d1.-f2.-r1.d2.-f0.d0.-r0.d0.r0.f0.d0.-r1.-d2.-r2.-d0.-r0.d0.r2.d2.r0.d2.-r2.-d2.-r0.d2.-d0
318,-r0.-d1.f0.-d0.r1.-f0.r2.-f0.d1.-r0.-d2.r2.d0.f2.f0.f0.d1.f0.-d1.f1.r0.-d0.r0.r0.d0.r0.-f0.-r0
319,d1.d1.f2.-d0.f0.f0.r0.f0.-d2.f1.r2.f1.-f0.-r0.-d1.-f2.r0.f2.d1.f0.f0.r0.-f0.-r0.-f0
320,d2.-f1.-r0.-f0.-f0.-d0.-r0.-r0.-f0.-r0.d0.r0.f2.f2.-r2.-d2.-r0.-r0.d2.d2.-d0.-f0.-f0.-r0.-r0.-f0.-f0.-r0.-r0.d0.-f0.f1.r1.-f1.-r1.f0.r1.f1.-r1.-f1
321,-f0.-r0.d0.-r1.d1.f2.r0.-d1.r1.f0.f0.-r0.r2.d2.-f0.-r2.d1.d0.-r2.d1.d1.f0.-d0.-f0.d1.d1.f0.r0.-f0.r2.f0.-r0.-f0
322,-f0.d1.-r1.d1.-f0.-d1.-f2.r2.d0.-r1.-f0.-d0.-f0.d0.-r2.d0.f0.d1.r1.-d1.-f2.-d1.f2.d1.-r1.f1
323,-f0.-r1.d0.-f2.-d1.r2.r0.-d2.-r0.d1.-r0.-d1.r2.-d0.f2.-d0.r2.r2.-d0.f2.d1.d0.-f2.-r1.-d2.r1.f2.-r1.d2.r1.r0
324,-d2.-r0.-f2.-r0.f1.-d2.d1.f2.-d0.-r2.d2.-r1.-f0.-d2.f0.-r0.-f0.d2.-f1.-d1.-r0.d1.r0.-f1.-r0.-d1.r0.d1
325,-r1.d0.-r2.d0.r2.f2.f2.r0.-f0.-r2.f2.-f1.f0.d0.f0.f1.f0.-d1.d0.r1.-d0.d1.-r1.-d0.-f1.-d1.-r0.d1.-f1.-d1.f1
326,-f2.d0.-f2.-r0.-f2.-d2.-f2.r0.r0.f0.d2.d2.-r0.f1.-r1.-f1.f0.-d2.-d0.r2.-d1.-r2.d1.-f2.d0.f2.-d1.-f2
327,d0.-r2.r1.-d1.-f2.-d1.f1.r2.-r0.-f2.r0.-f1.d0.-f0.d2.-d0.f2.d2.d2.r2.d2.d2.f2.d0.-f1.-d0.-f2.d0.f1
328,-d1.-f2.d2.-f2.d1.-d0.-r2.r1.d2.d2.-f2.-r2.-f0.d0.f2.-d0.r2.f2.-f1.-r0.f1.r0.-f2.d0.f0.-r0.-f0.-d0
329,-d2.-r0.f0.r2.r2.-d1.f1.d2.f0.d1.-d0.-r0.-d2.f0.r0.d1.r0.-d2.f2.f2.d1.-f2.d2.-d1.-f2.r0.-f2.d2.f2.d2.-r0.-d2.-f2
330,f1.-r0.-d2.r2.-f2.f0.-r2.f0.d0.-f0.-r2.-r1.f0.-d2.-r2.r1.f1.d1.-f1.-r1.f2.r1.-f2.-f0.r2.f2.-r1.-f2.-r2.-d1
331,-d0.-f2.f0.-r2.d0.-r0.-r0.d2.f0.r0.-d0.r2.-f2.-d2.-f0.-f0.d2.r2.r2.-d0.f2.f2.-d2.-r1.r0.f1.r1.-f1.-r0.f0.-f1.r1.f1.-r1.-f0
332,r0.d2.f2.d0.r2.-r1.d0.f1.-d1.f0.r0.r0.-f0.d0.-r2.-d2.f2.-d1.-f0.d1.r0.-f1.-r0.-f2.-f0.-r2.f0.-r1.-f0.r1
333,r0.-f0.d2.-r2.f1.-r1.-d1.-f1.-d2.-f1.d0.f2.-f1.-f0.r0.-f1.-f0.d2.f0.r0.-f0.-d2.-f2.d0.-r2.d0.d0.r2.f2
334,d0.-r2.-d0.f2.-f0.r1.-d1.f2.r1.-f1.d2.f1.f0.-d2.-r1.r0.-d2.-r2.d2.d2.-r0.d2.f2.r2.-d2.-r2.d2.r2.d2.r0.d2.-f0.d2.f0.-d2.-r0
335,-r2.-f1.-d1.-r1.-f2.r2.-d2.-r2.f0.d0.-f2.-r2.d1.d1.-d0.-d0.-r2.-d1.d0.r2.r2.d1.-f2.-d1.f2.d1.-f2.d1.f2
336,-d0.r2.-f0.r2.-f1.-d2.r0.-d2.-r2.r0.d2.d2.f0.-r1.-f2.r1.-f0.d0.-r2.d1.r2.d2.-r2.-d1.r2.-r0
337,r1.r0.-d1.f2.f2.r1.-f1.d2.-f1.-r0.f0.-r1.f0.r1.f0.r0.-f2.-r0.-f0.r2.r0.-d0.-f1
338,r0.d0.-f1.-d2.r2.f0.-r0.d1.r2.f2.-r1.r0.f0.d2.d2.-r0.-f2.r0.r0.-d2.f2.-r2.-d0.r2.-d2.-r2.d0.r2
339,r2.f0.-d1.f0.r0.d2.-r1.f1.-r2.-d2.-r0.-d2.r0.-d0.-r0.-d2.r0.d1.-d0.-r1.-d1.r1.f1.-d0.f2.-r0.-f2.r1.f2.r0.-f2
340,f0.d2.r0.f1.r1.d2.r0.-f1.r2.-f2.-r2.r1.-f2.r0.-d2.-f2.f1.-r0.f2.-r1.f2.d2.r2.-f2.-r2.-d2.-d0.f2
341,-r2.-d2.d0.-r0.f2.-d2.f2.-d0.-r2.d0.r1.-f0.-r1.-r0.f1.-f0.r2.-d1.-r2.-d2.r2.-f1.-r0.-d0.-r1.d0.-r2.f2.f0
342,-f1.f0.d2.-r0.f0.d2.r2.d2.-d1.-r1.r0.d1.-r2.f0.d1.-r2.-d1.r2.f1.d2.-d1.r0.-d1.r1.f1.-r1.d1.-r0
343,-r1.-f2.-r2.f2.-d2.r2.-f2.-f0.-d1.-r0.d1.f0.d2.-f2.d1.-r1.r0.-f1.-r0.d1.d1.d0.-f1.-r1.d1.r1.f1
344,f0.-d2.d0.-r2.-f1.r0.-d0.-r2.-d2.f2.d1.d1.f2.-d2.f0.-r1.d2.f2.f1.-r1.d1.r1.-f0.r1.f0.d0.-f0.-r1
345,f2.d1.-f1.-d2.-f2.-d1.-f2.r1.-r0.-d1.-r2.d2.r2.-d2.-d2.-r1.d2.f2.d0.r0.f2.f1.f2.r2.f0.d2.-f0.-r2.-f1
346,-r2.d1.-r2.d1.r1.f1.-f0.-d2.r2.f0.d2.-f1.-d2.-f2.-d2.r0.d2.r2.f0.-d2.-r0.-f2.r0.f2.d2.f2.f2.-f0
347,-f2.d1.-r0.d1.r2.d0.f0.d2.-r2.-d2.-f2.r2.d2.-f1.f0.f0.-d0.f2.-d1.-r0.d0.f0.-d2.r0.d2.-f0.d1
348,-f0.f2.d1.r2.-d2.-f0.-d0.-r2.-d0.-f0.-d2.-r0.d2.-r0.d2.-d0.-r0.-r0.d2.f2.f2.d2.d2.-f0.-f0.f2.f2.d2.f1.r1.-f1.-d1.-r1.d1.f0.-d1.-f1.d1.f1.-f0
349,d0.f2.-r1.f1.-f0.-d1.r1.-d0.f0.r2.-f0.-d2.-r2.f2.r2.-f2.-d0.r0.d2.r0.-f0.-d0.f0.-d2.d0.f0.r0.-f0.-d0.r0.f2
350,-r0.d2.-r0.f1.r2.-d2.-f0.r2.f0.-d1.-r1.d1.r0.d2.d2.f2.f0.r2.-f0.-r1.-r0.d0.-f2.r0.d0.f2.-d0.-f2.-r0.f2
351,-r0.f1.-r1.-r0.f0.-r2.-d2.-r0.d2.f0.r2.-r1.-d2.r0.f0.r2.r2.r0.r0.-f0.-r0.f0.r2.r2.d0.-r0.-d0.r2.d0.r0.-d0.-r2.-f0
352,r0.f1.d0.-r2.d0.-r2.d2.-r2.r0.d0.r2.r0.-f1.-d0.-f2.-f1.-r2.-f1.d1.-d0.-f1.d0.f1.-d1.-r1.-f1.-d0.f1.d0.r1
353,-d2.-f2.d2.f2.f2.d2.f2.-r0.-d1.-d1.f1.r0.-f1.r2.d0.-f0.-r1.-r0.-d1.-f1.r0.f1.-d0.-r0.d0.f1.-d0.r0.d0
354,-d2.-f2.r1.-d1.-r0.-d1.f0.-d0.d2.r1.f2.-f1.r2.f1.f0.d2.-d0.-r0.d2.d2.-d0.-r2.f2.r0.f2.r2.-f2.-r0.-f2.d0
355,-f1.d1.-r1.d1.-f1.d0.-r0.d0.r1.-d0.f2.f2.-d1.r2.-f2.-d0.f2.f2.d0.r0.-f2.-r2.-r0.d1.r0.-d0.-r0
356,-f0.d0.-r0.-d1.r1.f2.d0.-f0.r0.f0.-r2.r1.d2.-d1.r2.f2.r1.r0.-f0.r0.f0.r0.d2.-r2.-r1.-f2.r2.r0.d2.-r0.-d2.-f2
357,-r2.r1.f2.-r2.-d1.d0.r1.d2.-f0.-r2.f0.r0.-d0.r2.f2.-r2.-f0.-d0.f1.d0.f0.d0.-r2.d0.r2.-d0.-f0.-d0.f0.-r2.-f0.d0.f0
358,r2.-d2.-r2.f1.f1.r0.-f0.-r1.-r0.f0.-d0.-f0.d1.-d0.f2.-d0.-r2.-f2.r2.f2.r2.-d2.-r2.-f2.-d1.f2.r2.f2
359,f1.r0.-d0.-r0.f2.-f1.-r1.-f0.d2.r2.r0.-f0.d0.r0.d2.r1.f2.-f0.-r1.-d0.r1.f0.-r1.-f0.-d2.f0.d0.d0.-f0.d2.f0
360,-d2.-f0.-r0.-r0.-f0.-d0.-f0.r2.f2.-d2.-r2.-d0.-d0.-f0.-f0.r0.d2.r2.r2.-f0.-f0.-d2.f2.f2.-d0.-d0.r2.r2.d0.f2.f2.-d2.-r1.r2.d1.r1.-d1.-r2
361,-d0.r0.r0.d2.d2.r2.d0.-r0.-d1.-d0.-r2.f0.f0.d0.-r1.-f2.-r0.-f2.f0.f0.d0.-r1.-d0.-f0.-d1.-f1.d1.-f0.-d1
362,d0.-f0.-d2.-f0.d2.-r2.d2.d2.f0.-r0.-r2.d2.f0.f2.f2.-r0.-r0.-d2.-f0.-f0.d2.d2.r2.r2.d0.f2.f2.-r1.-d0.-d2.-f1.d2.-f1.d1.f1.-d1
363,-r1.f2.r2.-d0.-f2.d2.-f0.r0.-f2.-d2.f2.-r1.-f2.r1.-d2.-r2.-r1.-f2.-d2.-d0.-r2.-d1.d0.r2.r2.d0.f2.-d0.-r2.f0.r2.-f2.-r2
364,-r2.d0.-f2.d0.d0.-r1.-d0.-f2.-d0.f2.-d2.r0.d0.r1.-d0.-f0.r1.-d1.-r2.d2.-r0.-d2.-r1.-d0.f1.r2
365,-f1.d2.d2.f0.r2.-f2.f0.r0.r0.-d2.f2.-f0.-d0.-f0.d0.f1.f0.-r1.d0.r0.r0.-d2.-r0.d0.d0.r0.d2.-r0.d0.d0.r0
366,f2.-d1.f0.d2.-r2.-f1.d2.-f0.r2.-f0.f1.d0.f2.r1.-d0.-f0.r2.-d0.r2.f0.d0.r2.-r1.d1.d1.r1.-d0.-r1.d1.d1.r2.r1
367,-d1.f1.-d1.-r2.-d2.-f2.f0.r1.-r0.-f2.d0.-f0.d0.d0.-f0.-r2.d2.r2.f0.d2.-d1.-r0.-d2.d1.d0.f0.-r2
368,r0.f1.r1.-f1.r2.r2.-d1.-r0.-d2.-r0.-f0.-r0.f0.-d2.d1.d1.d0.-r0.d0.d0.f2.d0.-f2.-r2.d0.-r0.-d0.r2.r0.f2
369,-d0.f2.-f0.-d0.r2.-f2.-r0.d1.-f2.-d2.d1.-f1.-d1.r2.r2.d1.r0.d1.-r0.-d1.-r1.f1.f0
370,f0.r0.r2.-f0.-f0.-d0.-d0.-r0.d0.-f0.r0.d2.d2.f0.-d0.-r0.-r0.-d0.r2.r2.-f0.-f0.d2.-f0.-f0.d2.d2.-f0.-f0.-d2.f0.-d1.r1.d1.-r1.-f0.-f1.r1.f1.-r1
371,r0.f1.f1.r1.f2.-d0.-r2.-f2.-d2.f2.r0.-f0.-f0.d2.-r0.d2.f2.f2.-r0.-r0.d2.-d0.f2.f2.-r0.-r0.r2.r2.-d2.-r0.-r0.-f0.r1.d1.-r1.-d1.f0.f0.-r1.f1.r1.-f1.-f0
372,f0.-d2.f1.r1.r1.d2.f0.-f2.-r0.-r0.-f2.-d0.-r0.r2.d2.r2.r2.f2.d2.r2.r2.d0.r2.r2.-d2.r2.r2.-f0.-f0.-d2.-f0.f2.f2.d1.r1.-d1.-r1.-f0.f1.-r1.-f1.r1
373,f2.-r0.f2.d0.-r0.d2.d2.f2.r0.d2.-r0.-d0.-d0.-r0.d2.-d0.-f0.-f0.-r0.-r0.-d0.f2.f2.-r0.-r0.d2.d2.-f1.f2.-r1.f1.r1.-f2.-f1.r1.f1.-r1
374,-d0.-f1.-f0.f2.-r0.-f2.d2.d2.-r2.-d2.r2.-f0.-f0.-r0.f2.d2.-d0.-f0.-f0.f2.f2.-d0.r2.r2.f2.f2.-d2.f2.f2.d2.-r1.r2.-f1.r1.f1.-r2.d1.f1.-d1.-f1
375,-d1.-r2.-r0.-d1.-r0.f2.-r1.-d2.f2.-r0.f2.-r0.d2.d0.d0.-r0.-d2.r0.-d0.-f0.r0.-f2.f0.-d0.-f2.d0.f2.f2.d2
376,-f1.f0.-r0.f2.-d1.-r0.d2.f0.-r0.-f1.r2.r0.f0.d0.f2.d0.r1.-f2.-r1.-r0.d0.r0.r0.-f2.r0.r0.f1.d0.r0.-d0.-r0.-f1.r0.d0
377,f0.-r2.d2.-f0.f2.r2.r2.-f0.-f0.-d2.r0.f2.f2.r2.d2.-f0.f2.f2.-d2.f2.f2.d2.-r0.-r0.-d2.-r0.-r0.-d0.r2.r2.d0.-r2.-d1.r1.d1.r2.-r1
378,d2.-d0.f0.f0.r1.d2.f2.-r0.f0.-r1.d2.r2.f0.f2.-d0.-f0.-r2.f0.-r2.-d1.-r1.-d0.-r0.d2.r0.d0.r1.r1
379,-d2.r1.d0.-r0.-f0.d2.r1.d0.-r2.f0.f0.-d1.r0.d1.r2.r0.f1.r0.f2.-r2.r0.d0.-r0.-d0.r2.d0.r0.d2.-r0.-d0.r0.-d2.-r0
380,-r0.f0.f1.r1.r1.d2.f2.d2.r2.r2.-d2.f2.r0.-r2.-f0.-d2.f2.f2.-r2.d2.-d0.-f0.-f0.-d0.-f0.-f0.r2.r2.-d2.-r0.-r0.d0.r0.f1.d1.-f1.-d1.-r0.-f1.-r1.f1.r1
381,f1.-d2.-f1.d1.r2.d0.-r0.-f0.r0.-d1.-f2.d1.r1.r0.-d2.r0.-d2.-d1.f2.d2.f2.r0.-f2.d2.d1.r0.r0.-d1.r0
382,-r0.-f1.d2.-r2.-f2.f0.r0.-d1.r0.-f0.r2.f2.-d0.-r2.d0.-r2.-f2.-d0.-f0.-d2.-r2.d2.r2.f0.-r2.d0
383,-d2.-r2.-r1.-f2.d0.d0.-f2.-d0.r0.f1.r2.-f1.d1.r0.-f1.d0.r1.-r0.f0.r2.-d1.-r2.-f0.-r1.r0
384,d2.-f0.d0.-r2.-f1.f0.r0.r1.f2.-d2.-f2.f1.d2.-d0.f2.-d1.-d0.r0.f2.-r1.-f2.-r0.d0.-r0.-d0.r1.d0.r0
385,-r1.d2.r0.-d0.f2.d1.r0.-f1.-d0.r0.d1.d0.-f2.r1.-d2.r2.-r1.-r1.f1.f2.-r2.-f1.r2.f0.d0.-f2.-f0
386,-f2.-r2.f0.-d1.-r1.-f1.d2.f1.f1.-d1.d0.-r2.d2.-r2.d2.r2.-f0.d2.d2.f0.-d2.r2.-d2.d1
387,-r0.-d2.-d0.f0.d0.f0.-d0.r2.r2.-d0.-f0.-r0.-r2.d2.-f0.-f0.-r0.-r0.d2.d2.d0.-f0.-f0.-d2.-r0.-r0.d0.r2.d1.-f1.-d1.f1.-r2.-f0.-f1.-d1.f1.d1.f0
388,-r0.-f2.r1.d0.r0.-d1.r1.d0.f1.d0.-f2.f0.-r1.f1.-r0.-d0.-f1.-r0.f2.r0.-f2.-r2.d1.r0.-f2.d1.-r0.-d1.r0.-d1.f2.r2
389,-f2.-d2.-f0.-f2.d2.r0.-d0.r2.r2.-f0.-d0.r2.-d0.f2.f2.-d2.f2.f2.-d2.-r0.-r0.-f0.-f0.-d0.-r0.-r0.-d2.d0.r1.f1.-r1.-f1.-d0.-f0.-d1.r1.d1.-r1.f0
390,-d2.r2.d2.-d0.-r1.d2.-r0.d2.d0.f1.d0.f0.-d1.-f0.-f1.-r0.f2.-r2.-f0.-f0.r2.f0.d0.-r2.-f0.r2.-d0.r2.d0.-r2.-f2.f0
391,d0.r0.-f0.f2.-d0.r2.-f0.-f0.-d0.f2.f2.r0.-d0.r2.-f0.-f0.d0.-r0.-r0.f2.f2.-d0.-d0.-f0.-f0.d2.f2.f2.d0.-r0.-r0.-d1.r1.f1.d1.-r1.-f1
392,r0.-f0.d2.-r2.-d0.r1.f1.d0.r0.r0.d1.-r0.d2.-d1.d0.d0.-r1.d0.r1.-d0.r2.r2.-d2.r2.d2.r2.-d2.-f0.-r0.f0.r2.-f0.r0.f0
393,-d2.-r1.-r0.d2.-r0.-f0.r0.r2.r2.d2.f0.f2.-r0.-r2.-d2.r2.r2.d2.d2.r2.r2.f2.f2.d0.-r0.-r0.d2.r1.-d1.-r1.f1.d1.f0.-r1.-f1.r1.-f0
394,r0.r0.-d0.f2.d1.-f0.d2.r1.r1.d1.r0.d2.-r2.-d2.-r2.-r0.-f2.d0.f2.-r2.r1.f1.r2.-d0.f0.-r0.-f0.d0.-r2.-f1
395,f1.-r1.f1.d0.r2.-r1.d2.-r2.d0.-r0.-f0.r0.f2.-r0.-f0.r0.r0.f1.-r0.-f0.-d1.r0.-f1.-r0.-f2.-r2.-f0.-r1.f0.r2.f2
396,-f0.-d1.f2.r0.f2.d1.-d0.f2.-r1.-f1.r2.-f2.d1.-f0.-d2.-d2.f2.-f1.-d0.-f1.f0.-r2.f2.r2.-f1.-d0.r2.-f2.-r2.d0
397,-f2.d2.-d0.r0.-d2.-r0.-r0.d0.-f2.r0.f2.-r2.-f0.d2.-r0.-r0.f2.f2.-r0.-r0.r2.r2.-d2.-r0.-r0.-f0.-f0.-d0.-d0.-r0.-r0.d1.f1.r1.-f1.-d1.f1.-r1.-f1
398,-f0.-f0.d2.f0.r0.f2.-d2.r0.r2.f2.-r0.-f2.-d0.-d0.r2.r2.f2.f2.-r0.-r0.r2.r2.-d0.-r0.-r0.f2.f2.-r0.-r0.-d2.-r0.d1.-r1.-d1.r1.r0.-d1.-f1.d1.f1
399,r1.-f1.r0.-f0.-d2.r2.-f1.r2.f2.d2.-d1.r2.-d0.-r2.d2.-d1.f0.d0.f0.f0.-r2.-f2.d2.f2.-d2.f0.-r2.-d2.r2
400,d2.d2.r2.-d0.f2.d2.d2.r0.-f0.-r0.r2.d0.r0.d0.r2.r2.-d2.d0.-f0.-f0.r2.r2.-d2.-r0.-r0.f2.f2.-d0.-d2.-r1.d2.d0.f1.-d0.-f1.-r1.f1.r1
401,-d2.f0.-r1.r0.-f1.-r1.f2.r2.d1.r2.-f2.-f1.-d2.-r0.-r0.-d1.-f2.-d1.d2.-f2.-d2.d1.-d0.f2.d0.-r1.-d0.-f2.d0.f2.r1
402,-f2.d0.f1.f1.-d1.f0.-r0.-r0.d2.f2.-d2.-d0.-r0.-d0.f2.d2.r2.d2.f2.f2.d2.-f0.-f0.-d0.-f0.-f0.-r0.-r0.f2.f2.r0.f1.d1.-f1.-d1.r0.d1.f1.-d1.-f1
403,d1.-r2.d2.-f0.-r2.f1.r2.-f0.-r1.-d0.-r1.f0.-r1.d0.f0.-r2.-f0.-d0.f0.-d1.-f1.d1.r1.-f0.-r1
404,-d1.-r2.-f0.r0.-d1.f2.-r1.r0.-d2.d1.-f0.d2.d2.-f2.-r1.-f1.-d0.-f0.r0.f1.-r0.f0.r1.f0.-r0.-f1.r0.-f0
405,r1.d2.-r2.-d0.f0.-r0.r2.r2.-d2.-r0.-f0.-f0.d0.-f0.r2.f2.f2.r2.r2.-d2.d0.-f0.-f0.-d2.f2.f2.-r0.-r0.d0.-f1.-d1.f1.r1.d1.-r1.-f0.r1.f1.-r1.-f1.f0
406,-f0.r2.f2.r2.r0.-f1.f2.-d0.r1.-f0.-d0.-r2.f2.f0.f0.-d0.-d0.-f0.d0.r2.d0.-r2.-f2.f0.-r2.d0.r2.-d0
407,-f1.-r2.-f1.-r2.d0.-f0.d1.-d0.f2.d2.-f0.-r1.f0.-d0.r0.r1.f1.-r0.-d1.-f2.f0.-d0.r0.d0.f2.-d0.-r0.d0.-f0
408,d1.-r0.-f0.-d0.r2.-r1.-f0.f2.-f0.d2.-r0.-f2.-r0.-d2.-d1.-r2.f1.r1.-f1.-d1.r2.d1.-r1.d1
409,-d0.-f2.-d0.-f2.-r1.d0.-r0.f0.-d0.-f2.-r2.-r1.f0.-r0.-f0.-r2.r0.-f0.d0.r2.-d0.r2.f0.d0.-f0.-d0.-f0.-r2.-d2
410,-f1.r2.-d0.f0.d2.-f1.r1.-r0.d0.r1.-f2.d1.-r1.-d1.r1.-d2.f0.d2.-r1.f2.r2.d2.-r2.-r0.-f2.r0.d2.d2.-f2.-r0.-d0.f2.d0.r0
411,r2.f0.r0.d1.-r2.r0.-d2.-r1.-d0.r0.-d0.-f2.r1.-f2.r0.-f2.d0.f2.r2.-d1.-f2.d1.f2.r1.f2.-r0.-r0.-f2.-r1.f2.r0
412,-d2.r0.r0.d2.-r0.-f1.-d0.f0.-d1.d0.r2.d0.d0.r1.-f1.d2.f2.r0.-d1.-r0.-f2.-r1.-f2.-r2.-f1.r2.f2.r1
413,f2.-f0.-r1.-d2.d1.f2.f2.-d2.r2.f0.r2.r2.f2.f2.-d0.-r0.f1.-d2.r2.d2.-r2.d2.-f1.-d2.r1.r0.r1.-d1.r2.-d1.r1.r1.d1
414,-r2.f1.r1.r1.f0.d2.-d0.f2.r2.d0.f0.-d0.-d0.r2.r2.d2.-f0.-d0.-d0.-r0.-r0.r2.r2.d0.f2.f2.d0.-r0.-r0.d2.-f0.d1.r1.-d1.-r1.f0.f1.-r1.-f1.r1
415,f2.d0.r1.r0.d2.d2.-r2.d0.r2.d2.d2.-f0.r2.d2.f2.f2.r2.-d2.-f0.-f0.f2.f2.d2.f2.f2.d0.-r0.-r0.-d2.-r0.-r0.f0.d1.-f1.-d1.f1.-f0.r1.f1.-r1.-f1
416,-d2.-f0.-d0.r0.-d0.-f2.-d2.-f0.d2.-d1.r2.f2.f2.d1.f2.-d2.-r1.-f1.d1.f1.-d1.d2.r1.-d2.f1.r1.-f1.d2
417,-d2.r0.-f0.r0.-d0.-f1.-d0.-f1.d1.f2.-f0.r2.d0.r2.-d0.-r2.r1.-f1.-r1.f1.-r2.-d0.-r0.d1.r0.d0.r1.f1.-r1
418,f1.-r2.r1.-d1.r2.-r0.-f2.d1.-d2.f1.-d0.-r1.-f1.r1.-f1.d0.-f2.d2.-r1.-f0.-r0.d2.r0.f0.-d2.-r0
419,d2.d2.f2.f2.-r0.-d0.-r0.-r2.f0.-d0.-d0.-r0.-r0.-r2.-f0.-d0.f2.f2.d0.-f0.-f0.-d0.-f0.-f0.f2.f2.-r0.-r0.d2.d2.d0.-r1.f1.-d1.r1.d1.-f1
420,r2.r2.-f1.d1.f2.-d0.f2.d0.r2.-d2.r0.-d0.r1.-d1.f2.-d1.-d2.r0.-d2.-d1.f2.-d2.f2.-d0.r2.-f2.-r2.d0
421,f2.d2.-f0.d1.-r2.-d1.-d1.-r1.-r2.d0.f1.f2.d0.-f0.-r0.-d0.-f0.-r2.f0.d0.f0.r2.r1.-d0.f2.d0.r0.-f2.-r1.f2.-r0
422,-r0.-f1.f0.r0.d0.r2.-f0.r2.-f0.-d0.f2.-r2.f2.d0.f0.-d2.f2.d2.-f2.-d0.f2.f2.-d2.f0.f2.-r0.-f0.r2.f0.r0.-f0.-r2
423,-d2.f2.-f1.-d1.r1.-f2.r2.-f2.-r0.-r0.-f0.r0.-d0.-f2.r2.f2.-r2.f0.r2.-d0.f2.-f1.-r0.-f2.r0.-f2.f1
424,f0.r0.-d0.-r0.-f2.d2.r1.d2.-f1.d1.f0.-d0.-f0.r1.-f0.-r0.f0.f0.-r1.r0.-d2.-r2.d1.d0.r2.d2.d0.-f2.-d0.f2
425,r2.f2.d0.r1.f2.-r0.-f2.-f1.f0.-d0.-r2.-r1.d1.-r2.-d1.r2.f1.r2.r1.d2.-r0.-d0.f2.d0.r0.d0.d0.-f2.-f0
426,d2.d2.r2.-d1.-f1.r1.-f2.f0.-r2.f2.-r1.-f0.-r0.f2.-r0.-f2.-f1.d0.-f2.-f0.r2.f0.d0.r0.f0.-r2.-d2.-f0
427,d2.-r1.-d1.f1.d2.-r1.-f2.-d2.-r2.r1.-d1.r0.f0.-r0.-f0.d1.-r2.d0.r2.-d1.r2.-d0.-r2.-r0.f0.-r2.-f2.r2.-f0.-r2.f2
428,-r2.-d0.r1.-d0.-r0.-f2.f1.-r2.-f1.r1.d0.f2.-r2.-r0.d0.-f2.f1.r0.d0.r0.-d0.-f1.-d0.f1.f0.r0.-f0.-r0
429,r0.f1.d2.f1.d2.f2.f1.-d1.r0.d2.r0.f0.-d0.r1.f2.-r1.d2.f0.r1.-f0.r1.-f2.-r1.d1.-f2.d1.f2.-d1.f2
430,d1.r1.-d0.-f2.-r1.r2.f2.r0.-d0.-r2.d1.-d0.-f0.d0.-f0.r2.f0.-r2.-d1.r2.d1.d0.-r1.-d1.-r2.d1.r1.-f2
431,-r1.f1.f0.r2.d0.f0.-d2.-f1.-d2.-f1.d1.-r0.-d1.-f2.-r2.-d0.-r1.-f0.-d2.f0.d0.-f0.d2.r2.-d2.-r2.f0.f0.r2
432,f0.d2.-r2.d0.r2.r2.f1.r2.-r0.f0.r2.f0.r0.f2.f2.d2.d2.f2.d0.-f2.d2.d2.d1.f2.-d0.-f2.-d1.f2.d0.f1
433,r1.-d0.-f2.r1.d0.f2.-d2.-r1.f2.d2.r2.-d1.r1.-d2.f0.d1.d0.-r0.f0.-r2.-f0.r2.r2.-f2.r1.-f0.-r1.f2.f0.-r2.-f0
434,r2.f2.d1.-f1.-r0.d1.-r1.-f2.r1.-d2.r1.d2.r2.d0.r1.-d0.-f2.-d1.f2.d0.d0.-r0.-d0.r0.-d0.-r1.-r0.-d0
435,r0.d0.r1.d0.r1.f0.f2.d0.r0.-d1.r2.r1.-f0.d2.r2.f2.-r2.f0.f1.r0.f2.r2.-d2.-r2.d2.-r2.r1.-f2.r0.f2.-r1.-f2.-r0.d1.f2.-d0.-f2.-d1.f2.d0.-f2
436,-r1.d1.f0.r1.-f1.-d1.-f0.-r0.f2.d0.d0.-r0.-d2.f2.-d0.f0.d0.-f2.d2.-d1.-d0.-r0.f2.-r0.-f2.r0
437,d2.-r1.r0.d1.f1.-f2.-r2.-f2.r0.r0.-d2.r0.-f2.d0.r2.-d0.-r2.-f2.r0.f2.r2.r2.-f2.-r2.-f2.-r0.-f2.d0.-f2.-d0.f2.r0.f2
438,-f2.r0.f1.-f0.-r2.d1.-d0.-r2.-d1.d0.d0.-r2.d0.-f2.d2.-f1.-f0.d1.r0.r0.-d1.-f2.-d2.-f2.r1.f2.r2.-f2.-r1.f2
439,d2.f1.-d0.-f2.-d2.d1.f2.-r2.-r0.d2.-d0.r0.-d0.f2.d0.f1.d0.f0.d2.f0.-r2.f0.r2.d1.-f0.-d1.-d0.f0.-d2.r0.d2
440,d1.-r1.d2.d1.-r0.f0.-r0.-f2.-d0.f2.-r0.-f0.-r2.d1.r2.d2.-f1.d0.f1.r1.-d2.-d0.f1.d0.r2.f0
441,-d0.-f1.-r2.-d2.-r0.-d2.-r2.-d0.f0.f2.d2.r0.d2.d2.r2.r2.d0.-f0.-f0.d0.-f0.-f0.-r0.-r0.f2.f2.d2.f2.f2.f0.-d1.-f1.d1.f1.-f0.-d2.-f1.d2.d0.-r1.-d0
442,r2.d2.-f0.d0.r2.-d0.-r0.-f2.d2.d2.d0.r2.r2.d2.-f0.-d0.r2.r2.-d0.f2.f2.d0.-r0.-r0.-d0.r2.r2.d2.r0.-f1.-d1.f1.d1.-r0.r1.-f1.-r1.f1
443,f2.d1.-r1.f2.-r1.-d2.d1.-f0.-r0.-f1.-f0.r2.d2.-f2.-r2.-f2.r1.d0.-r1.-r0.-f0.-d2.-f0.d2.f0
444,d0.f2.f1.-r0.-d1.r2.-d2.f0.r1.-r0.d1.r1.-r0.-d0.-f2.d0.f2.f0.-r1.-f0.-d2.f0.r1.-f0
445,f1.-d0.-r0.f2.f0.-r1.-d2.f2.r0.d2.r2.-r0.-f2.-d2.-r1.d2.f2.r1.-f2.d2.-f2.-r2.-f2.r2.f2.d2.d1.-r0.-f1.r0.-f2.-r0.f1.r0.f2
446,-r1.d2.-r2.-d2.f2.-f1.-d0.-r1.f2.-d0.r2.d2.-f2.-f0.r0.f2.r0.-f2.-r0.-f1.-f0.d0.d0.f0.f0.r2.f1.-d2.-f1.-r2.-f2.-r0.f2.r0
447,-d1.-r1.-d0.r1.-f2.-r2.-f0.r1.-d2.-f0.d2.-d0.r2.-f2.f1.f0.r1.d1.-r1.d0.r2.d0.r2.f1.-r2.-d0.r2.f1.f1.-r2.-r0
448,-d2.-f0.d1.r2.d2.-d1.-r0.f0.r2.d2.-r1.-f2.-d2.-r2.-r1.r0.f0.r1.-r0.d0.f0.d1.-f0.-d1.-d0.r1.r0.f2
449,-r0.f1.-d2.f1.d1.-f2.r2.d0.f2.d2.r0.f2.d2.r1.-f2.r0.f2.-r1.r0.r0.-f1.-r0.f1.d2.d0.f0.r1.f0.-r1.-f0.-d0
450,d2.-f0.r1.f1.d1.r0.-f2.r0.-f2.f1.-d2.-d1.r1.f1.-r1.f2.r0.-d0.-r0.d0.-f2.r1.d0.-r2.-f0.r2.-d0.f0.r0.-f0
451,f2.r2.r2.r1.-f1.d1.r1.f0.r2.r0.-f0.d2.-f2.r0.d2.d2.-r2.r1.-f2.d0.d2.r1.-d2.-f0.d2.-r1.-d2.-d0.f2
452,-r0.-f0.r0.f1.d2.-f2.d1.-r0.d0.d0.r2.r1.d0.r1.-d0.f2.-f1.r1.r1.-d2.-f1.d2.r2.-f1
453,d0.r2.-r0.f0.d1.r1.-f2.-r0.d1.-d0.r2.f1.f0.d2.f2.d1.-r2.-r0.d1.r0.d2.-d1.d2.f1.-d2.-f1.d2.d2.-f1.d2.f1
454,-r2.d2.-f2.-r2.-f2.d1.-f2.-f1.-d0.-r0.f2.f1.d1.-r0.-f0.-d0.-f0.-r2.d1.f0.-d0.r1.d0.r2.f2.-d0.-f2.-d0.-r1.d0
455,f1.-d2.f0.-d1.-r1.f1.r0.d2.-d0.f2.f1.f1.d1.f0.f0.-d0.f2.r0.d0.r0.r0.-d0.r0.r0.f2.-r0.f2
456,r2.r2.-f2.-r2.r1.-f0.d0.r2.r2.f1.-r1.-f2.-r1.d1.-r2.-d1.r2.-f1.f0.r2.f1.r1.-d1.-r2.d1.-r1
457,-d0.r2.-d2.-f0.-r2.-f2.-r2.-f2.d2.-r1.f0.r0.f2.f2.d1.-f2.-f1.r1.f1.r1.-f2.d1.-f0.-r0.f0.-d1.f2
458,r0.r2.d2.r0.r2.f2.-r0.-r0.-d0.-f2.-r0.-d0.f2.r2.f2.f2.d2.d2.d0.-r0.-r0.d0.r2.r2.d0.r2.r2.d0.-r1.d1.r1.f1.-d1.f0.r1.-f1.-r1.-f0
459,-f0.d0.-f0.d0.r0.f1.d2.f0.-r0.d2.d1.d1.r0.d2.-r1.-d2.r2.-r0.d0.r0.-f2.r2.-d0.-r2.d0.f2.-r0.-d0.r0
460,d1.-f1.-d2.-f0.-r1.d0.f0.r1.f2.-r0.-r2.-d2.-r2.-f2.-f0.d2.-f0.-d2.-f0.-d2.f2.d2.-f2.d0.f0.-d0.f2.f2.d0.-f0.-d0.-f2
461,-f1.d2.f1.-d1.r0.-d2.-f2.d0.r1.f1.f0.r2.f2.r2.-d0.-r2.-f2.-r2.-d2.d0.-f0.-d0.-f2.d0.f2.f0.-d2
462,r2.-r0.-f2.-r0.-d2.-r2.-r2.-f2.-r2.f1.d1.d0.-r2.-d0.f0.-d0.r2.d0.d0.-f0.r2.-d0.-r2.d0.d0.-f2.-d0.f0.d0.f2
463,-f2.-r0.-d2.d0.-r2.d1.f2.-r2.d0.-f0.d1.f0.-r2.f0.f1.-r2.-d2.r2.d2.f2.-d0.-f0.-r2.-d2.-f2.-r0.f2.r0.f2.d2.-f2
464,-f0.r2.-d2.f1.d1.f1.-r2.r1.-f1.d1.-f2.r2.f2.r1.r0.-d2.d0.-r2.-f2.r2.-d2.d1.-d0.r0.-d2.-r0.-d1.r0.d2.-r0
465,-d0.-f2.-d0.-f0.d1.f2.-d2.r2.-d2.-r2.-d2.d1.f1.d1.-r0.-d1.-f1.d2.-f1.-d1.d0.-r0.-f2.r0.-d2.-f2.d2.f2.r1.d2.-r1
466,-r1.d0.f1.d0.-r0.f0.-d0.-r2.r1.-f0.-r2.r0.f2.-r1.r0.r0.-d2.f2.d2.-r0.-d2.r0.-f2.d1.-r0.-d1.-d0.-f2.d0.f2
467,-d2.-r2.f1.f1.d1.d2.d0.-r2.-d0.-f2.d2.f0.d0.r2.-f0.-r2.-f0.-f0.-d0.-f0.-f0.-d0.-f0.-f0.-d0.-d0.-r0.-r0.d2.-f0.-f0.r0.-f1.d1.f1.-d1.-r0.f1.r1.-f1.-r1
468,-f0.d2.-r2.r0.f1.-f0.-r2.-f1.r2.r0.d2.f0.-d2.-r2.f2.-r1.-f2.r0.f2.-r0.f2.r1.r0.-d2.-f2.-d2.-r1.-f2.r0.f2.r1.-f2.-r0.f2
469,f2.r2.f2.-f1.-d2.r0.f1.d2.f2.d2.d0.-f2.-r0.-f2.d0.r2.r1.d0.d0.-r2.-f0.r2.f0.d0.d0.f2.r0.r0.f0.r0.r0
470,d2.-r1.d0.-f0.r2.f2.f2.-d0.-r2.-d2.r1.-d0.-r2.d0.r2.d0.-r0.d1.f2.-d1.-r1.-f1.d1.-f2.-d1.f1
471,-d1.-r2.-f0.r0.-d0.-r0.d2.f1.d2.-f0.-r1.-f2.-d2.-f1.-r1.-r0.-f2.-r2.-f2.-d2.f2.-d1.-f2.-d0.-f0.-d2.f0.d0.-f0.d2.f0
472,-f2.d1.r1.r1.d2.r0.d1.-f2.-d1.f2.d2.f1.-d0.-f2.d0.-f1.f0.-d2.r1.f2.-r1.d2.-r0.d0
473,r2.f1.-d2.-d1.r2.r1.-f0.d0.-f0.-d0.-r1.-f0.d2.-f1.-d0.-d0.f1.-d2.-d1.-f2.r2.f2.d2.d1.r0.-d1.r1.-f2.-r1
474,-f2.-d2.-f2.r2.r2.d0.f0.r2.r2.f2.f2.-r2.d0.-f2.-d0.-f0.-f0.-d0.-r0.-r0.-f0.-f0.d2.-f0.-f0.f2.f2.-r0.-r0.-d2.-r0.d1.f1.-d1.-f1.r0.f1.r1.-f1.-r1
475,d0.r1.-d2.r1.-r0.d2.r0.-d2.-f0.r0.d0.r0.f1.d0.r1.d0.d0.r0.-f2.d0.-r2.-d2.r2.-d0.f1.-d0.-f1.d2.f1.d0.-f1
476,-d1.-f0.-r1.d1.-r0.d1.r2.f2.-r2.r0.f2.-r0.-d0.-f2.-r1.f0.r1.f2.f0.-d0.-f0.d0.d0.f0.-d0.-f0.-d0.r2.r0.d0.-r1.-d0.-r2.d0.r1.-d0
477,-f1.-r2.r0.d0.r2.-f1.-d0.r1.d2.-f0.d2.f1.-f0.-d2.f2.-d1.r0.-f2.r2.f2.-r0.d1.-r1.d2.d0.f1.-d2.-f1.-d2.r1.d2
478,-f0.-d1.r0.-d0.-r2.-f1.d2.-f0.r0.-d0.-r0.d2.-d1.-f1.-r2.f2.f0.-r2.-f1.-d0.f1.d0.-r0.-d0.r2.-f2.-r2.d0.r2.r0
479,f1.d0.r0.d2.-f2.-r2.d2.f0.-r1.-d2.-r1.-f0.d1.-f0.-d1.-f2.f0.-r1.-d1.-f2.-f0.-r1.-f0.-r1.f0
480,d2.-r1.r0.-d2.-r0.d2.f2.-r0.-d0.r0.f2.-d0.r2.-f2.r1.-d2.-r1.-f2.-d0.f1.d1.d0.d0.r0
481,-f1.-d0.-r0.d0.-f2.f0.-r2.d2.-d0.-r0.f2.d0.-r2.-d2.f0.-d2.-f0.d2.-f0.-r1.-d0.-r0.-r0.d0.r1.-d0.r0
482,-d2.-f1.r2.-d1.r2.d0.r0.r0.d0.d1.-f0.-d0.f0.d1.-f0.-d2.-d1.d0.r2.d1.f1.-d0.r1.f2.-r1.-f2.d0.-f1.r0.d2
483,-r0.d2.r2.d1.-d0.r0.f0.-r2.-d2.d0.f0.f0.-r0.-f1.-d2.-r2.r0.f2.-r1.-d2.r1.d2.d2.-f2.-d2.r2.r0.-f0.-r0
484,f0.d1.-r0.d0.r0.-d1.r0.-f1.-f0.-d2.f0.-r0.-f1.f0.-r1.f1.r1.-f2.d1.-f0.d0.f0.f0.-d1.-f0.-r1.-f0.r1.f0.-r1
485,r2.d2.-f0.-d2.r2.d1.-r0.-d2.-r2.d0.f1.-r1.f2.r2.-f2.-r2.-f2.f0.d2.-d0.-r0.d0.r0.-d2.d0
486,-d0.r2.d1.f2.-r2.-d0.-f0.f2.r0.-d2.f1.-d2.f0.f0.-d1.-r2.f1.r2.-f0.r1.-f1.-d0.f1.d2.-f1.d0
487,-f2.r1.d2.d2.-f2.-r0.d2.-r2.-d1.-f0.r2.d1.r0.-d0.f0.-f2.d2.r2.-d2.-r2.d0.r2.-d0.f2.d0.f0.-d0.f2.d0.-f0.-d0.-f2.-r0
488,r2.d2.f0.f0.-r0.-d0.f2.-d2.d0.r1.d0.d0.r2.d2.-r0.-f0.r0.f1.f0.d0.-r2.d1.r2.f1.-d0.-f1.-r2.f1
489,f2.-f0.r0.-d0.-f1.-r1.f0.d2.-r0.-d1.-r2.-d1.r2.d1.-f0.-r1.-r0.-f1.-r0.-f2.d1.-r2.-d1.f2.f0.r0.f1.-r0.-f0
490,r2.f2.-d1.r2.d0.d0.r2.d2.-r2.-d1.f2.f0.r1.-f0.r2.-d2.-r2.-f2.-r2.f2.r0.f2.r0.-f2.r2.f2
491,f0.f0.r2.-f2.-d0.-r0.d0.f0.-r1.f1.f2.-r1.-r2.-r1.-f2.r1.-d0.-r1.-d0.f2.-r2.-f0.-d2.f0.d2.f2.-d2.-f0.d2.-f2.f0
492,-d2.r2.-f2.-d2.f1.d1.r1.d1.r0.-d0.r0.-f2.-d0.f2.f2.-d2.-d1.f2.r2.-d2.-r2.-f2.d2.r2.r2.d0.-r0.-d0.r2.r2
493,-r2.d2.-r2.-f2.-r0.d2.d2.f0.r2.r2.-f2.-r0.-f2.d0.r2.f2.f2.-d0.f2.f2.-r0.-r0.d0.r2.r2.-d0.-r0.-r0.-d0.-d1.-r1.-f1.d1.f1.r1.r1.f1.-r1.-f1
494,-d2.-r2.d2.-f2.-r0.-d0.-f0.-d0.-f1.-d2.-r1.d2.-r1.-d2.r1.-f0.r0.f0.-r2.f0.-r1.-f2.r1.-f0.-r1.-r0.-f1.d1.-f0.-d1.f1.f1.d1.f0.-d1.-f1
495,d2.-d1.f0.r0.f1.d2.f1.-d0.f2.f2.-r0.-f2.d2.r0.f0.r1.d2.-r2.d0.-f2.-r2.f2.r2.r2.f2.-r2.-f2.-r2.-d0.r2.-r0
496,-d0.f0.f1.f1.d1.f2.-r0.-f0.-f2.r0.f0.-r2.-f0.-d2.-r2.-d0.f2.f2.-r0.-r0.f2.f2.d2.d2.f2.f2.-d2.r2.r2.-d0.-r2.-f1.d1.f1.-d1.r2.f1.r1.-f1.-r1
497,-f2.-r2.d0.-f0.-d2.f0.-r2.-f0.-d0.-r2.r0.d1.d0.-f0.-d0.r2.-d2.r2.-d1.f0.d0.r0.-d0.-f0.d1.r2.r2
498,-f2.-d2.-r0.-r0.d0.-f0.-f0.-r0.d2.d2.r0.-f0.-r0.r2.f2.f2.-d2.r2.r2.d2.-d0.-d0.-f0.-f0.d2.-r0.-r0.d2.r1.r1.f1.r1.-f1.r1
499,-f0.-r2.f1.r1.r1.d2.f2.-r2.f0.-f2.d0.-f2.-r0.-r0.-d2.f0.-d2.f2.f2.d2.-r0.-r0.-d2.r2.r2.d0.f2.f2.-d2.f1.-f2.r1.-f1.-r1.f2.-d1.-r1.d1.r1
500,f2.-r2.d0.-f2.d2.-r2.f1.r0.r0.f0.r2.-r1.-d2.r1.d0.d0.-r1.d2.d0.-f0.d2.f0.-d0.-f0.-d2.f0.-r0.f0
501,-f0.-r0.f0.d0.r2.-r1.d0.-f1.-d1.r1.-f2.-r1.-f2.r1.d0.-r2.f2.d0.r0.f1.f1.-r0.-d0.r0.-f2.f1.-f0
502,-f0.r2.-d0.-r0.-d2.-r0.-d0.f0.-d2.f1.d1.-f0.r0.-d1.-d2.r0.-d0.f2.-d2.d1.-f1.r1.f1.d2.d2.-r2.-f1.-r1.f1.r2
503,d0.-r1.-f0.-d2.-r0.d0.f0.d1.f1.r1.-d1.-d0.r0.-f1.d0.d0.-r0.-d0.r0.-d0.-r0.d1.r0.f1.f0.r0.-f1.r2.-r0
504,-r2.-d2.f1.-d2.r1.f0.f0.r0.-d1.r2.-f0.r0.-d2.r0.-d2.f2.d2.-f2.r2.-r1.-d0.f0.-d0.-f0.-d2.d0.-r2.d0.r2.d2.-r2.-r0
505,-f2.r0.-d1.r0.f0.-r2.r0.-d0.r0.d1.-d0.f1.-r0.-f1.r0.f1.-d1.r0.-d2.f1.-d1.f2.d1.-f1.d2
506,f0.-r2.f1.f1.r1.d0.r0.-d2.-d0.f0.r0.-d0.-r2.f2.f2.-r0.-f0.-f0.-d2.r2.r2.-d2.-r0.-r0.-d0.f2.f2.d0.-r0.-r0.d0.r1.-d0.-d2.f1.d2.f0.-r1.f1.r1.-f1.-f0
507,-d2.f1.r0.d1.r0.-d0.f2.d2.-r2.-d1.r2.-f1.f0.d2.r1.-d2.-r1.d2.-r0.d0.r0.-d2.-f1.-r0.-f2.r0.f1.-r0.f2
508,d2.-r2.f0.-d0.f1.r1.-d0.f2.-d1.-f0.r0.-d1.-r0.f0.r1.-f0.r0.f2.-r0.d1.-f2.d1.r2.-d1.-f1.-f0.-r0.-r1.-d2.r1.d2.f0
509,-r0.-r0.d2.-d0.-d0.-r2.-f0.-f0.r0.f0.f2.d0.-r0.-r2.d2.f2.f2.r2.r2.-d2.-d0.r2.r2.d2.r2.r2.f2.f2.d2.-f0.-d1.-r1.d1.r1.f0.r1.f1.-r1.-f1
510,-d2.-r1.-f2.-d0.d1.-f0.-d1.-f1.-r1.d0.d0.-f0.r2.-r0.d1.d1.r0.-f2.-r0.d2.-d1.-f2.-r2.f2.-d1.-f2.r2.f2
511,-r2.-d1.-r1.d0.-f1.-r1.-d1.d0.-f0.-d2.r0.d1.d0.f0.d0.f2.-f0.-d0.r2.-d1.f2.-d2.r2.-d0.-r2.d2.d0.-f2.r2
512,-f2.d0.-f2.-d0.-f0.-r0.-d1.f2.r2.-f2.r2.d2.d2.-r2.r0.-f2.d2.-f2.-d2.f2.f2.r0.-d0.-r0.-f2.r0.d0.-r0
513,-f0.-d2.r2.-f0.d2.-f2.r1.d0.-d1.f0.-d0.f1.-r2.d0.d0.-r0.-d0.r1.-d1.-f2.-d0.f2.-d2.-f2.d2.d2.d0
514,f2.-r0.-r0.-r2.f0.d2.r2.d2.r0.r2.r2.d0.r0.-f0.-d0.r2.r2.f2.f2.-d0.-r0.-r0.-d2.f2.f2.r2.r2.-d0.-f0.-d1.f1.d1.f0.r1.d1.-r1.-f1.-d1
515,d2.-f0.r1.-d1.r2.d0.f1.-f0.-d2.d0.r0.d2.-r2.-d2.f2.d2.-f2.-d2.-r2.-r1.r0.-f0.d2.f0.-r0.-f0.-d2.f0.r2
516,-d0.f2.f2.d2.-f0.-d2.d0.r2.d2.r0.f0.r2.f2.-r0.-r0.d2.d2.f2.f2.d2.f2.f2.-d0.-r0.-r0.-d2.-r0.-r0.-r2.f1.-d1.-f1.d1.r2.f1.-r1.-f1.r1
517,d2.f1.f1.-d1.f2.r2.r2.-d2.-r0.-r0.f2.f2.-d0.-f0.-d2.-r0.r2.-d0.-f0.-f0.d2.-f0.-f0.d2.d2.-f0.-f0.f2.f2.-r0.-r0.-d0.-d0.-r0.-d1.-r1.d1.r1.-r0.d1.-f1.-d1.f1
518,-f2.f0.r2.-r1.-f2.f0.-d2.d0.f2.-f0.-d0.-r1.-d0.-r1.d2.d0.f1.-d2.d0.f2.f2.-d0.f2.r0.r0.-f0.r2.f0.-r0.-f0.-r2.f0
519,-f1.r0.-f2.-d2.-r2.f1.-d2.r0.-d0.-f2.r0.d1.d0.r2.-f0.r2.-d0.f0.-d2.f2.d2.-f2.-f1.-d0.-r0.-f2.r0.d0.f1
520,d2.r1.d2.-r1.f1.-d1.r0.-d0.r0.-f0.r0.-d1.-r0.f1.d2.r2.-d2.-r0.f2.-r1.-f2.d2.r0.-f1.-r0.-f0.d1.f0
521,-d0.-f2.-d1.-r1.-f2.d2.-r2.-f2.d1.f2.-f1.-d2.-f0.-r0.d2.f0.r2.-f0.r0.r0.-d0.-f0.d0.-r0.f0.r0.-f0.-d0.f2.d2.-r0.-d2.-f2
522,-d1.r0.-f2.-d0.-f2.f1.r0.d0.r1.d1.d1.-r2.-r1.-d0.r0.-d2.-r2.f0.-r0.-f1.r0.-f0.-d0.f0.-d2.-d0.-r0.-d0.r0.-d1.-r0.d1
523,d2.-d1.-r0.-f2.r0.d0.r2.-r1.-f2.r1.f0.f0.r1.d1.-r0.d0.r0.-d0.-f0.r1.f1.d1.-f2.-d1.f2.r2.f1.-r2.-f1
524,d2.d2.f2.-r0.-f2.-r0.-d2.-r1.-d2.-f2.r2.-f0.-d2.f0.r2.f0.d2.-f0.-r2.-f0.-d2.f1.-r1.f2.r2.-f2.r1.f2.-r2.f0
525,-d0.f0.f1.d2.-d0.-d0.f2.r0.f2.r0.-d2.f0.-f2.-d0.-r0.-r2.f2.f2.d2.-r0.-r0.-d0.-r0.-r0.d2.r2.r2.-d2.d0.r2.r2.-f1.-d1.f1.r1.d1.f1.-r1.-f1
526,-r1.d2.-r1.d1.f0.-d2.r0.d0.-f0.-r1.-r1.d2.r2.f2.-d2.-f2.-r2.f2.-f1.r0.-d1.f2.r0.d2.-r0.d1.r0.-d2.-r0.f1
527,f2.f2.d0.f1.r2.-f2.f1.d2.-r0.d2.f1.-d2.r0.-d0.-r0.d0.-r0.-f2.-f0.d1.r0.f1.r0.-f1.-r0.-d1.-r0
528,-f0.-r2.f2.r1.-f1.-f0.r2.-r0.d0.r0.f0.d1.d0.-f2.r2.-d1.r2.r2.d1.-r0.d1.r0.d1.d0.-r0.-d1.r0.-f1.-d0.-f2
529,-d2.-f2.r1.-d1.-r2.d0.f1.r2.-r1.-r0.-f1.r0.-d2.f0.-d2.-f0.r2.-f0.-r1.f0.d2.-f0.d0.f0.r2.-f0.-r2.-d0.-r2.f2.-r2.d0.-r2.-d0.r2.-f2.r2
530,-f0.-f0.r0.d0.-r0.-r0.d0.-f0.d2.f2.-r2.-d2.r0.-d0.-d0.-f0.-f0.-d2.f2.f2.-r0.-r0.d2.-f0.-f0.d0.r2.r2.-f2.d1.f1.-d1.f2.-f1.d1.f1.-d1.-f1
531,f2.r1.-r0.-f2.-r0.r1.-f0.-d1.r1.d2.r2.-f0.-r2.-d0.r0.d1.d0.-r0.-d2.r0.-d0.-r2.d2.-d1.f2.d2.-f2.-d2.d1
532,r2.-d1.d0.f1.r2.-d0.-f0.d2.-d0.r0.f0.r0.r0.-f0.d2.-r0.f0.d1.-r1.d1.d1.r1.-d2.r1.d1.-r1
533,r1.-d2.d0.-r1.r0.-f2.-r0.f0.-d1.d0.f2.-d0.-f0.r2.-d0.r0.r0.-d0.r1.d0.-r0
534,r2.f0.-d2.-r0.-d1.-r0.d2.f1.r1.f0.-r1.f1.f1.-r0.d2.f0.-d1.-d1.-f0.-d0.-f2.d0.-f1.-r1
535,d2.-r2.d2.-f0.d1.f2.-f0.-d0.r0.f0.r2.r2.f0.-d2.-f2.-r0.d2.r0.-f2.r0.-f0.-r0.f2.f0.d0.-f0.-d0.f1.d0
536,f0.-d1.-f1.r2.d2.-r0.d2.-d1.-f0.r2.-f0.-r2.d0.-r1.-r2.f0.-d2.f0.d2.-f0.-r1.-r2.f0.-d2.f0.f0.d2.r2.-d2.-r2
537,r2.-f2.r1.-f2.-d0.-f2.-r1.d2.-f2.-d2.-f1.f0.-r0.f2.r2.d2.-f2.d0.r0.-d0.-r0.d2.f2.-r0.d2.-r0.-d2.-d0.-f2.d0.r0
538,f2.r0.d2.-r2.d1.f2.r1.r1.-d2.-r1.-d2.d1.-r0.f2.f1.-d2.f1.f0.r2.r2.d0.-r2.-f0.d2.r2.-f2.d2.f2.d2.f0.d2.r2.d2.-r2.-d2.-f0
539,f2.f2.-d2.d1.-r1.-r0.-f1.-r1.f2.d0.f2.-r2.f0.r1.-d2.-r1.-d0.-r2.-r0.f2.d2.d2.-f2.-d2.f2.-d2.-r2
540,d1.f2.-d1.-f1.f0.-d1.-f0.r2.r2.f2.f1.d2.-d0.r2.d1.d0.-f0.d2.f2.f2.-f0.-d2.-f0.d2.f0.d0.-r2.f0.r2.-f0.-d0.f0
541,-f1.d2.r0.f2.-d0.-d0.r0.d0.-f1.-f0.r1.f1.-f0.r0.-f1.r2.f2.-r1.f2.f2.-f0.-r1.-f2.r1.-f2
542,f2.r2.-d2.f0.r1.-d0.f1.r0.f0.f0.r1.d0.d0.r2.-d0.-f1.f0.r2.f1.-r2.-f0.r2.r2.-f1.-r2.-f0.r2.f1
543,-d0.f2.r0.-f0.-r1.-d2.-f2.-r2.-f2.-d2.f0.d0.-f1.-f0.-r0.-r2.d1.-f0.r2.-d2.-r2.-f2.r0.d2.f2.-d1.f1.-d0.-f1.d1.f1
544,-d0.-r2.-d2.-f2.r2.f0.d1.-r1.d1.-r0.-f0.r1.f1.d2.-f0.-r1.f0.-d2.-r1.d2.r0.f2.-d1.r0.-f1.r2.f1.-r2.-r0.d1
545,d0.r1.d0.-f2.r1.d0.-f0.-d1.f2.-d2.-f2.-d0.-d0.r2.d0.-r2.f0.r2.f1.-r2.d0.-f1.-d0.f1.-r0.d1.f2.-d1.-f2.r0.f2.d1.-f2
546,d2.f0.-d1.r2.d2.f1.d2.-r0.-f0.-d0.f2.f0.r0.f0.d2.-f1.r0.-f2.-d2.-r1.-r0.-f2.-r2.f2.-d0.f2
547,-f1.d0.f2.-f0.r0.-d2.-r1.-f2.-f0.r2.-r0.d1.r1.-r0.d2.r0.r0.-d2.-r0.d0.-r2.f2.r2.-f2.-d0.f2.r2
548,-f1.d0.-f0.r0.r0.-d2.r2.f1.-d2.r0.-d1.r1.-d2.r2.-d1.-f1.-r1.d1.-r2.-d1.f2.d1.-f2.-r0
549,-d0.d2.-f0.-f0.r2.r2.-d2.-f0.r0.f2.f2.r2.d2.r0.-f0.-d0.-d0.r2.r2.d0.-r0.-r0.d0.r2.r2.-d0.-r0.-r0.f2.f2.-r1.-d0.-d2.-f1.d2.r1.f1.-r1.-f1
550,f1.-r1.-d0.-f2.-r1.-d1.r1.-r0.f1.-d2.f1.-f0.r0.-d0.d2.f0.-r0.-f1.r0.-d1.-f2.d1.-f0.d0.-r0.d0.r0.-r2.f2.r0.-f2.r2.-r0.-d0
551,-f2.-r0.f2.d0.f0.r2.f0.-d2.r0.f0.r2.-f0.-f0.d2.d2.-f0.-f0.f2.f2.d0.-r0.-r0.-d0.-r0.-r0.-d0.-d0.r2.r2.f1.-f2.r1.-f1.-r1.f2
552,-r2.f1.d2.d2.f0.-r0.-f0.d0.-r2.f2.-d2.-d0.-d0.-f2.-d0.-d0.f0.d2.-r0.-r0.f2.f2.-d0.-r0.-r0.-f0.-f0.-d2.f2.f2.-r1.r0.-f1.r1.f1.-r0.d1.f1.-d1.-f1
553,d1.r2.f1.-r1.-d2.-f1.r2.-r1.d0.-f0.d1.-f0.-d1.-r2.-d2.-r2.-d0.-r1.d0.r0.-d2.-r2.d2.d0.f2.-d0.f1
554,d1.-r2.d2.-f2.d0.f1.f1.-d2.-f1.-r0.f1.r0.f2.-d1.-f1.d1.-f2.d0.-f2.f1.f0.-r0
555,-f1.-d1.r0.f0.r1.-d1.-f2.r1.f2.r0.f0.-r2.-f1.-f2.d0.f0.d1.f1.-d2.-r0.-d0.-r1.d0.-r2.-f1.r2.d2
556,-f0.-d1.r2.d0.-r1.-f0.-r0.-d1.f0.d2.d2.-f2.r0.f1.-r0.f1.r2.-r0.d2.-r1.d1.r1.-d2.-r2.d1.f0.-d2.-f0.-d1.f0.d2.-f0
557,-d2.-f0.-d0.-r1.d2.-f2.d2.r2.-r1.-d2.-d0.f1.-d1.d2.r1.r1.r2.d1.r0.-d1.-r2.d1.f0.-r2.-f0.r0.r0.f0.r2.-f0.-r0
558,d2.r1.f2.d0.r2.d1.-d2.f2.r2.d0.-f1.-f0.-d0.-f2.-d2.-f0.d2.r2.-d2.r0.d2.-r0.-f0.-d0.-r0.-d2.r0.d2.d0.-r2
559,f0.r2.f0.d1.-r2.r1.-f0.r0.-d0.f1.f1.r2.f1.r1.d2.f2.r2.f2.d2.-r1.-d2.f0.d0.-f2.-f0
560,f0.r0.-r1.-d0.-d0.-r0.f2.-r0.f2.-d2.-f0.r2.r2.-d0.-f2.r0.-d2.f2.f2.-d0.f2.f2.-r0.-r0.-d0.f2.f2.d0.d1.f1.r1.-f1.-d1.-r1.-f0.r1.f1.-r1.-f1.f0
561,d0.f2.-r2.d2.-r1.d1.-f0.f1.-d2.-f1.d0.-r1.f0.r1.f2.r2.-f0.d2.-r2.-f0.-d0.f1.d0.-f2.f0.-r0.-f1.r2.-f1.-r2.f1
562,-d2.-r0.-d2.f1.r0.f0.r2.f1.-r1.-f2.-d2.-r2.-r1.-f1.d2.d2.r0.d2.-d0.r0.d0.-r0.-d2.d1.-r0.-d1.f0.d1.r0.-d1.-r0.-f0
563,-d2.f2.r1.-d1.-r0.-f0.d2.f0.-r2.f2.r0.-f2.-r1.-r0.d2.-d1.r1.-f0.-r1.-d2.f0.f2.f0.-r2.-f2.-d2.f2.r2.-f2
564,d0.-f0.-r2.-d1.f2.-f1.r1.-d1.-f1.f0.d1.f2.r2.r2.-f2.r2.r2.d0.d1.f2.r0.f2.-d0.-r2.d0.-f2.-r0.-f2
565,r2.-f2.-d2.d0.-r1.-f2.d2.d2.d0.f1.d2.-f0.d0.-f2.-d0.-f2.-d0.f2.-f0.d0.f2.f0.-r0.f0.r0
566,r2.d0.f2.-r2.f1.-r2.r0.-d2.r2.f1.-d1.f0.f0.r1.-d2.r1.d2.-f0.-d1.-r0.f1.r0.d1.d0.-f0.r1
567,-f2.d2.-f2.r0.f0.d1.-r1.f2.-r1.d2.r2.-d2.r0.d2.f0.r2.f0.d0.f0.-d0.-f0.f2.-r2.-f2.-f0.-d1.f2.-d0.r2.d0.-f2
568,d1.-f0.d0.f2.-r2.-r2.-r0.d1.f0.-r2.d1.-d0.-f0.-r2.d1.d0.-r2.f2.-r1.f2.r1.-f2.-d1.f2
569,r2.f0.-d2.-r2.-d0.f0.-r0.-d1.-d0.-f2.-d2.-f1.-f0.-d1.-d0.-r0.f0.r0.-d0.-r0.d2.r0.d0.-r0.d2.d2.f2.d2.-f1.-d2.-f2.d2.f1
570,-r2.-f0.-f1.-d0.-r0.f2.-r0.d2.d2.-d0.-f0.-f0.d2.f2.d2.d2.r0.-f0.-f0.-d0.-f0.-f0.f2.f2.d0.f2.f2.d2.d2.-f0.-f0.-d2
571,-f0.r2.r2.d2.r2.-f0.-d1.r2.-d0.r2.f0.d2.d0.d2.-r0.-f0.-r2.-d2.r0.f1.r2.f0.r1.-f0.-r1.-d2.-r2
572,d0.-r0.d2.f2.f2.r0.-r2.d1.-f0.r0.-f1.-r0.-d1.-r2.f2.r0.r1.-d1.f1.r2.-r0.-d1.-r2.r0.-f2.r1.f2.f0.d1.-f0
573,d1.r1.r0.d0.d0.-f0.d0.-r0.-f2.f1.r0.-d2.r1.d1.-d2.r2.-d1.-f1.d2.-r1.d0.-f2.-d2.r1.d2.f2.-r1.d2.f1.-d2.-f1
574,-r0.d2.r0.r2.r2.-f0.-r0.-d0.f2.r2.-f2.-d0.-d0.f0.d0.-r0.-r0.f2.f2.d0.r2.r2.d2.f2.f2.r2.r2.-d2.-f0.-f0.f2.-r1.-f1.r1.-f2.f1.f1.d1.-f1.-d1
575,f1.f1.d1.r2.f2.-f0.r1.d2.r2.-d0.r0.f1.r0.-d0.r0.d0.-r0.d0.-r0.-f2.-f1.r0.d0.d0.-r0.-f0.d0.-r2.f0
576,-d2.-r0.-r0.f0.-d0.-r0.-r0.f2.d0.r0.r2.-d2.f0.-d2.-d0.-f0.-f0.r2.r2.-d2.d0.-f0.-f0.-d0.-f0.-f0.-d1.r1.d1.-r1
577,d2.-f0.d0.-r0.-r0.f2.-r2.-d0.-f0.d0.-f2.d2.-r2.f0.d2.d0.f2.f2.-r0.-r0.-d2.r2.r2.d2.r2.r2.-d0.-f0.-r1.f1.r1.-f0.-d1.-f1.d1
578,r1.d0.d0.-r0.-d1.-r0.d2.f2.f1.d2.f1.d2.f2.-d0.f0.r2.f0.d2.-d1.r1.d1.-f0.-d1.f0.-r1.-f0
579,-r1.-d0.f0.-d2.-r0.f2.r1.-d2.d1.-r0.d2.-r1.r0.d1.f0.d0.f2.-d1.-f2.r0.f2.-d2.-r0.d2.-f2.-r0.f2
580,-r2.d0.d0.-f2.-r2.-f0.d1.-r1.-d0.r0.-d1.f2.r0.-f2.-d2.f1.r0.-f1.-f0.-r0.-f2.r0.-d0.-f1.-d0.f1.d0.-f1.d0.f1
581,d2.-d1.r0.-f2.-r1.f0.f0.-r0.-d2.-f2.-r1.-f1.-r2.-d2.f2.r2.f2.d2.-r2.-f2.r1.f0.r2.-f0.r2.-r1.f2.-d0.f0.-r2.-f1.r2.-f0.-r2.f1
582,f1.-r0.f1.-d0.f2.r1.f1.-d2.d0.-r0.-d1.d0.-r0.-f2.-r2.f0.f0.r1.r0.f2.r2.d1.d1.r1.-d1.-r1.d1.r0.-d1.-r2.-r0.-f2
583,-f2.-d0.r2.r2.f2.d2.r2.-f0.-r0.d0.-f0.d2.r0.-f0.-f0.r2.r2.-d0.-r0.-r0.r2.r2.f2.f2.d2.-f0.-f0.f2.f2.r0.-d1.-f1.d1.f1.-r0.-r1.f1.r1.-f1
584,r2.r2.f1.-d2.f1.-r2.r0.f1.r1.f0.-d2.-r1.f1.d0.d0.f2.-d0.-f2.d2.-f2.-d2.f0.-d1.-d0.-f0.r2
585,f0.r1.d0.-r2.r0.f0.d1.f1.-r0.r1.-d0.-d2.-r0.-d2.-d1.-f0.-d1.f0.d2.r0.-d2.-f2.d2.d2.f2.d2.-r1.-r0.-f2
586,f0.f2.-d2.r2.-d0.r0.f2.f2.r2.-f0.d0.r0.-d2.f2.d2.d0.f2.f2.-d2.r2.r2.d2.d2.r2.r2.-f0.-f0.d0.f2.-r1.-d1.r1.d1.f2.r1.f1.-r1.-f1
587,f2.-r1.-d2.d0.-r2.-d2.-r1.f2.-d2.-r2.d2.-d0.-f0.-r0.-d1.-r1.-f0.d1.r1.r0.-d1.f0.d0.-f0.-d2.f0.d1
588,-d0.-r0.-f1.d1.-r2.-d0.r1.f2.-d0.-r1.d2.-r0.f0.f0.-r2.-d2.-f1.d0.f1.f1.d1.f2.-d1.f1.-f0.d1.f1.f0.-r1.f1
589,-r2.-f1.-r0.-f0.f2.d2.d2.-r2.f1.d0.d0.r0.f0.f1.-d1.-d0.-r0.d2.f0.-d1.-f0.-d0.-f2.d0.f2.-f0.-r2.f0.r2.-f2.-f2.-r2.-f0.r2.f2
590,f2.-f1.r1.-d0.f2.-f1.d2.-d0.r2.-d0.-f2.d1.f2.-d0.-d0.r1.d0.-r0.d1.r1.d2.-d1.-d0.f1.-d2.r0
591,f2.-r2.-d1.r1.d2.-f2.-f1.d1.r1.-d1.d0.-r2.-f0.-r2.r1.d2.-r0.f0.d2.r0.-d2.r0.-f1.-r0.-f0.r0.f0.r0.f1
592,-d2.f1.f1.d1.d2.-r2.-f2.r2.d0.r0.f2.f2.r0.-d0.-d0.f0.r2.-f0.-f0.-r0.-r0.d0.f2.f2.-d0.f2.f2.r2.r2.d0.f1.-f2.r1.-f1.-r1.f2.-d1.-r1.d1.r1
593,-d0.r1.d1.d1.-r2.f0.f0.-d1.-f2.-r0.-d0.-r0.f0.r1.r0.r0.d1.-f0.r2.-f2.d2.f2.-d2.-f0.d2.-f2.f0.-r2.f0.r2.-f1.-f0.-d2
594,-r0.-f2.-r0.d2.r0.-f2.-d1.f1.-r1.-d1.-f2.-f2.-d2.r1.r1.d2.r2.d2.r0.-f2.r2.d2.-r2.-r0.-f0.-r1.-f2.r1.f2.f0
595,f2.-d0.r1.f0.r0.d1.r1.-d0.-f1.-f1.-d2.f1.f0.d1.d0.-f0.-r0.f0.r0.f0.d0.-f0.-f0.r1.d0.-r1.-d0.f0.f0
596,d1.-f0.r2.-f0.-d0.-f2.r0.d0.r0.f0.d1.-f0.r1.-r0.-f0.-f2.-d1.f0.-f2.-d0.-d0.r1.r2.-f2.-f2.-r2.d0.d0.r2.d0
597,-f0.r0.d2.r2.-f2.-r0.-r0.f0.-d2.f0.-d2.-f2.-r0.-r2.f2.f2.r2.r2.d0.-r0.-r0.-d0.-d0.-f0.-f0.d2.f2.f2.-d2.f2.f2.r1.-r2.-f1.-r1.f1.r2
598,f1.-f0.-d2.-f0.-d2.-f2.-r2.d1.-r1.-f0.d1.f2.-d1.-r2.d2.d0.d0.-f0.r1.f0.r2.r0.d0.-f2.r1.-d0.r0.d0.-r1.-d0.-r0.d0
599,-f2.-r2.f2.r2.-f2.-r2.f0.r1.r1.d2.f2.-f1.d1.d1.r0.d1.f1.-r1.-f1.d0.-f0.-d0.f1.r1.-r0
600,-r1.d2.f1.-r1.-f2.-r2.d0.-r1.-f1.d1.f2.-f1.-f0.d2.-f2.f0.-d2.-r1.d2.f2.f2.d2.-f0.r1.f0.-d2.-f0.-r1
601,r1.-d0.-f0.-d1.-f1.-f0.-d0.-f1.r2.r2.-d1.-f0.-d2.-r2.d2.r2.r0.f0.d0.f2.f2.-d0.f2.f2.d0.d0.-r0.-d0.-r2.d0.r0.-d0.r2
602,-r0.-f0.-d2.r2.-f2.d0.-f0.-d1.-f2.r1.r0.d1.-r0.f2.-r0.d0.-r0.-f0.-r0.d1.-f0.-d1.-f2.d1.f0.f0.-r2.f1.-r1.-f1.r2.-f0
603,-r1.-f1.d2.f2.-r2.-f0.-r0.-f1.-d1.d0.-f0.-r0.-f0.d2.-r2.d2.d2.-r1.-f2.r0.f0.-d2.r0.d2.r2.-d2.-r0.d2.-r2
604,-f2.r1.-d2.f0.-r0.d0.r2.f1.-r0.-d1.-r2.f0.-r1.d2.r2.-f0.r0.f0.-r2.f0.d0.-f2.-f1.-d0.-f1.-f0.r1.f1.r2.-f1.-r1.f1
605,f2.-r2.d1.-r2.d0.d2.d2.f2.d1.-r1.-f2.r1.f1.-f0.-r2.d2.r2.f2.-r2.f2.-r2.-d2.r2.-f2.-r2.f2.d2.f2.f2
606,-d0.f0.-r0.f1.f1.d0.r1.f2.-r1.f1.r2.-f1.f0.r1.f2.r1.f2.f2.-d2.f2.-d0.-f2.d2.f2.-d2.f2
607,f2.-r2.f1.-d1.-r0.f1.-f0.r1.d2.-f2.d2.d1.-f2.d0.r0.d1.-d0.-f0.r2.d2.r1.d2.-r1.-d2.-r2.-f2.f0
608,-d0.f1.-r2.r0.d0.r2.f2.r0.f1.d2.f0.f0.-d2.-r2.d2.-r2.d0.-r0.f1.-f0.-d0.-f1.r0.-f2.-r0.f0.r0.f2
609,-f2.d0.-f0.-r1.-r0.-f1.-r0.d0.-d2.-f1.d2.d2.-d1.f2.-d2.-f2.r2.f2.d1.f0.-d0.f0.d0.f0.f0.d2.f2.-d2.-r2.d1.r2.d2.-r2.-d1.r2
610,-d1.f2.-r0.-d1.r2.-f2.-d0.f0.d1.-f2.r1.-r2.f2.r2.d2.f2.-r2.-d2.-d1.-f0.d1.-f2.-r1.-f0.r1.r1.f0.-d1.f2.d1.f0.-d1.-f2.d1
611,f0.f1.f1.-r1.-f2.d2.-f2.-d2.-r0.-d0.-d0.f2.-r0.-r0.f2.-d2.f2.d2.-r0.-r0.-f0.-f0.-d0.-r0.-r0.-d2.-f0.-f0.-d2.-f0.-f0.r2.r2.f0.d1.r1.-d1.-r1.-f0.f1.-r1.-f1.r1
612,d0.r0.-f0.d1.f0.-r1.f2.r2.-r1.-f2.-r2.r1.r0.d2.-d1.-f1.d2.-f0.-r0.d2.r0.f0.-d2.f1.f1.-r2.f0.r2.-f1.-r2.-f0.r2
613,f2.r0.d2.-f0.d0.f2.r0.-r2.d0.r2.d2.d2.-f0.r0.d2.f2.f2.d2.f2.f2.d2.-f0.-f0.-d0.-r0.-r0.-d0.-r0.-r0.f1.-f2.-r1.-f1.r1.f2.-r1.f1.r1.-f1
614,-d0.r2.d2.f2.r1.-f1.d0.r2.f1.d1.-f0.d2.-d0.-r0.-f1.d0.-f2.r0.f1.-r0.-f0.d0.r0.f0
615,r2.-r0.-f1.-d2.d0.r1.-r2.-f2.r1.r1.f2.-f1.-r1.-r0.-d2.-r1.d1.r1.d2.-r0.d0.r0.-d0.r2.d0.-r0.-d0.-r2.r0
616,f2.d0.r0.-r2.f2.-r0.-d0.f0.-d0.-r0.d2.d2.f2.d2.d2.-f0.-f0.-d2.r2.r2.-f0.-f0.r2.r2.-f0.-f0.-d0.f2.f2.-d2.-r2.-d1.r1.d1.r2.d1.-r1.-d1
617,r0.-f2.r1.-d2.f0.-r2.-d0.-f2.r0.f2.d2.-r2.-d2.-f2.-r0.-r0.r2.r2.-d2.-f0.-f0.r2.r2.-d0.-r0.-r0.-d2.-f0.f1.r1.-f1.-r1.-f0.-d1.-r1.d1.r1
618,r2.-r1.d2.f2.r2.r2.-f0.-r1.-f1.-d2.f0.f0.-r2.-d0.f1.d0.r2.r0.d2.-r2.-f0.-r2.f0.-r2.-f0.-r2.-d2.r0.d0.f0.-d0.-r0
619,-d0.f0.-d2.-r1.d1.-r2.-d2.d0.-r0.-f0.d2.f0.r0.-f1.r0.r0.-f1.r0.d0.-r0.f0.f0.-r2.d2.-r2.-d2.r2
620,-f2.r2.-d2.-f2.-r2.f2.d2.r2.d1.-r1.-f2.-r0.f2.-f0.-d2.-r0.-d2.f2.-f1.-d2.f1.r2.-f0.d2.-f2.-d2.f0.-r2
621,-r2.-f2.-d0.r0.f2.-d1.-d2.-r1.-f0.-d2.r0.-d2.f2.r0.-f2.d2.d0.-r0.-f2.-d0.-r2.f2.-r0.-f2.r2.f2.r0.f2.f2
622,d0.-r0.f2.-r0.d2.r1.d0.-f0.d2.d2.-f1.f0.d0.f1.f0.d2.-d0.r2.d0.-r2.-d2.r2.f0.-r0.-f0.r0.d0.-r2
623,-d0.-f0.f1.f1.d1.-r0.-f2.-d2.r2.-d0.-f2.-r0.-f2.r2.-f0.r2.d2.d2.d0.r2.r2.d2.f2.f2.-r0.-r0.-f0.-f0.d0.d0.-r1.-f1.r1.f1.-d0.d1.f1.-d1.-f1
624,-d2.-r0.d0.f2.-r0.f0.-r1.-d0.-f2.r2.-d2.-d0.-r0.d1.-d0.-r2.d1.-f1.r1.-d1.f1.-d0.f2.r1.-f2.-d1.d0.-r1
625,d0.r0.f2.-d0.-r1.-f2.r0.d1.-r1.-d1.-f1.d0.f1.r0.-d0.-f1.r2.f1.-d0.r2.f1.d0.f0.d0.-f0.-d0.-f1
626,-r0.-d2.-r2.-f1.-r2.r1.-d2.-r2.f1.r0.f0.-r0.-f2.-r1.f2.r1.d0.f1.-r2.-f1.r2.d1.f2.-d1.f0.d1.-f2.-d1
627,d0.f1.f1.d1.-r0.-d0.-d0.-f0.d2.d0.-f0.-f0.r0.-d2.-d0.f0.-d0.-f0.-f0.d2.-f0.-f0.-d2.r2.r2.d2.-f0.-f0.r2.r2.d0.-f0.r1.d1.-r1.-d1.f0.-f1.-d1.f1.d1
628,-d2.r2.-d1.f0.-d2.d1.-f2.-d1.d0.-f0.-d2.d0.-r1.-f0.-r0.f0.-d2.r2.-d1.r0.d1.-r2.-d1.-d0.f0.d0
629,-r0.f2.d2.r0.d0.r0.-d0.r2.d1.d0.-r1.-f0.r1.d0.-r2.-d0.r0.d0.d0.-r0.d0.r2.-d0.-r2.-f2.-d0.f2.-r1.-f2.d0.f2
630,f2.f1.r2.f1.-f0.-d2.d0.d1.f2.r2.-r1.d0.r1.-r0.d2.-r0.-d0.r0.-d2.f2.d2.-r0.-d2.-f2.-f1.-r0.d0.r0.f1.-r0
631,-r0.-f0.-r0.-d0.r2.r2.f0.-d2.f2.d2.r2.r2.d2.r0.-d0.-r0.-r0.-d0.f2.f2.-d2.-f0.-f0.d2.d2.r2.r2.f2.f2.r2.r2.-r1.-d1.r1.d1
632,-d2.f0.-r0.-d2.r1.d1.f1.-d1.f0.f0.d1.-f2.d2.r2.r0.-d0.f0.r0.d0.r0.-f2.r0.r0.-f0.r0.f2.-r0.f0
633,-r0.d0.f0.-r0.f2.d2.f2.-r0.-r0.r2.r2.-d2.-f0.d2.d2.f2.f2.-d0.r2.r2.-d2.-f0.-f0.d0.-f0.-f0.f2.f2.-d2.-f2.d1.r1.-d1.-r1.f2.f1.d1.-f1.-d1
634,d2.-r2.f1.-d2.f2.-d1.-f0.r2.d0.-r1.d2.-r2.f2.-d2.r2.-d1.-f2.-d2.r2.r2.d2.-r2.f2.d2.d1.r2.f2.f2.-r2.-f2
635,r1.-f1.r1.d0.-f0.-r2.f1.-d0.f2.-f1.d1.-r2.-d2.-f2.-d1.f2.d2.-f2.-d0.-r1.d2.-r0.-d2.r1.r0.-d2.-r0
636,f0.d0.-f2.-r0.-f2.d2.-f0.-r0.d2.f2.f2.-d0.-r2.-f2.r2.r2.d2.-r0.-r0.-d0.-d0.-r0.-r0.-d2.f2.f2.-d0.-d0.-f0.-f0.d0.-r1.-d0.-d2.-f1.d2
637,-d2.-f1.-r0.-f0.r1.-f0.-r0.d1.-d0.-r0.-f1.d1.-r1.f0.d1.-f0.r2.-d1.-f1.r1.d1.-r2.-r0
638,f0.r0.-d0.r0.-d2.-f1.-d2.r2.r1.d0.r2.r1.d0.r0.f1.-r0.-d0.r2.-f1.-d0.-f0.d0.f1.-r2.d0.r2.f0.-r2.-f0.-d0
639,f2.-d1.f1.-d2.r1.-f0.-r0.-f0.d1.f2.f0.d2.-r0.f2.-d2.d0.r2.d2.-r2.-d0.-d2.f1.d2.r2.-f2.d1.f2.-d2.-f2.-d1.f2
640,-d1.r0.d2.-d0.r2.-f0.d0.d1.-r1.r0.-f2.r0.-d0.-f1.d1.r1.d2.-r1.d0.-f0.r1.-f1.-r0.f1.-r1.f0.-d2.-f2
641,-d0.-f0.d2.d2.-r0.r2.-f0.-d2.f2.f2.-d0.-r0.d2.d2.-f2.-d2.f2.f2.d2.r2.r2.-d2.-r0.-r0.-d0.-d0.f2.f2.-d0.r2.-d1.r1.d1.r2.-r1.d1.r1.-d1.-r1
642,-f2.-r2.f1.d2.d2.f2.d0.-r1.-f2.d2.-f1.-d0.-f1.d2.d2.-f1.f2.-f0.-r0.-f1.r0.-f2.d0.d0
643,f2.r1.-f0.-r1.-f0.-d2.d1.f2.d0.f2.-r0.d1.f2.-d0.r0.-d1.-r0.-f2.d2.r1.-d1.d0.-f0.-d0.f0.d1.-f0
644,-f0.-r0.f0.-r0.-d0.-d0.r0.-f0.-f2.-d0.f2.-r2.-f0.-r0.-r0.-d0.r2.r2.d2.f2.f2.-d2.-d0.-r0.-r0.-d2.d0.r1.-f1.-r1.f1.-d0.f1.d1.-f1.-d1
645,f1.d0.-r0.-f0.d0.-r1.r0.d2.-f2.r0.-f1.f0.r2.r2.f0.f0.r1.-f1.-r1.-f2.r1.f1.-r1.-r0.f2.d0.-f2
646,-f2.-r0.r2.-d2.-f0.f2.d2.r0.-f0.-f0.-f2.r2.r2.f2.r2.r2.d2.r2.r2.-f0.-f0.-d2.f2.f2.d2.-f0.-f0.-d0.-f0.-f0.r1.-r0.-f1.-r1.f1.r0
647,f2.f2.-r0.d2.f2.d2.-f1.-d0.f0.d2.-r0.-f0.-d1.r1.d0.-r1.f2.-d0.-f1.d2.-f1.r1.f1.-r1.-d2.d0.-f1.-d0.-f0.r2.f0.-r1.-f0.-r2.f0
648,-d1.-f2.-r2.f0.-d0.r1.-d2.-r2.-d0.r0.r0.-d0.-r0.-r1.d0.f2.-d0.f2.-d0.r1.r1.d0.-f2.-d0.r1.-d1.-f1.d1.d1.f1.-d2.-f1.d2.-d1
649,f0.d0.r2.f2.-r0.f2.f2.-d2.f0.d0.-f2.-r0.d2.-f0.-r0.-r0.-f0.-f0.-d2.-r0.-r0.-d0.r2.r2.f2.f2.d2.d2.d0.r0.r1.-d1.-r1.d1.-r0.-f1.r1.f1.-r1
650,-f0.d2.-r0.-r2.f0.-d2.-d0.r2.r2.f2.-d0.-f0.-f0.d0.-r0.-d0.-r0.-r0.f2.f2.-d2.r2.r2.-d0.f2.f2.-d0.r2.r2.d0.f0.f1.-r1.-f1.r1.f1.r1.-f1.-r1.-f0
651,d0.r0.-f1.r2.d0.f0.d2.-f2.-d1.d2.f1.f0.-d0.f2.-f0.-d2.-r1.d2.r1.d2.f0.d1.-d0.f2.-r2.-f2.r2.-d1.d0
652,d2.f0.-d0.r0.-f2.d0.r2.-d2.-r2.-d0.r0.f1.f0.-r2.d0.-r1.-d1.-d0.f0.-d1.d0.-r0.-d2.r0.-d1.-r0.d2.r0
653,r2.d1.-r1.f1.-d2.d1.-r0.-f1.-f0.-r1.r0.r0.-f0.-r0.-r0.-d2.d0.r0.r0.d2.r2.r2.d0.f2.d2.-f2.-d0.f2.-d2.-f2.-r2
654,r2.r2.d0.r0.-f0.d2.d2.-r2.d2.d2.-f1.r0.-f2.-d0.f2.-r2.d2.d0.-f0.-f2.-d0.-r1.d0.f0.r1.d1.f1.-d1.-r1.-f2
655,r0.d2.f2.r2.-d1.-f2.r0.-f2.-f2.-d2.d1.d0.r1.-r0.-f1.r0.-f2.-r0.-f2.f1.d0.f2.-d0.f1.d0.-f2.-d0.-f1.d0.f2.-d0
656,f0.-d0.f2.f2.r1.-d2.-r0.-d0.-f2.d0.-f1.-d2.f0.f0.-d0.f0.f0.-r0.-f1.-r0.-d1.r0.d2.-r0.d1.f0.d2.-f0.d2.-f2.d2.-r0.d2.r0.-d2.f2
657,f1.r1.-r0.-d1.-r2.-f1.-r2.d2.-d0.-r1.-d2.-f1.-r2.d2.-f2.-r2.-f0.r0.-f2.f0.-d2.f2.-r0.f2.r2.-f0.-r2.-f2.r2.f0.r0
658,d0.-f0.r0.r0.d2.-r1.d2.r0.-f0.-r0.f0.-d2.-f0.d2.r0.d0.f0.-d2.-f0.r1.d2.-r1.-r0.-d1.-d0.f0
659,r2.d1.-f1.r2.-r1.f0.r0.r0.-d2.-r0.-f2.-r1.-f2.-r1.f2.r1.-f2.r1.f2.r0.f0.d1.-f0.d2.-r1.-d2.-d0
660,-f0.-r1.d2.r0.r2.r2.-d0.f2.-d2.-f2.r2.-d0.-r2.-f0.-r0.d2.d2.f2.f2.d2.-r0.-r0.d2.d2.d0.-f0.-f0.d0.-r0.-r0.r2.r2.-r1.d1.r1.f1.-d1.r1.-f1.-r1
661,-d0.-f2.r0.-f1.r2.-d0.f1.d2.-r1.f0.-r0.f0.f0.r0.f0.r0.d1.-f0.-d1.-r1.-r0
662,-r2.d1.r0.-f2.d1.-d0.-f2.-d1.d0.f1.f0.-r2.r1.f2.d1.d1.f0.d1.f2.-d1.-r1.-d1.r1.d1.r1.f2
663,r0.d2.r2.r2.-f0.r2.-f2.r2.-f2.-d2.-d2.r1.-d0.-f0.-r0.d2.r1.-d2.r1.r1.f1.f0.d0.-f0.r2.f2.-d0.-f2.-r2.f0.r0
664,f1.-r2.-d1.f2.-r2.f1.-r1.d2.f0.d0.r0.-f1.-r0.-f2.f0.r2.-f2.-f2.r0.f2.-r0.d2.-f2.-d0.-f2.d0.-f2.-d2.-r2.f2
665,f2.r2.-f2.f0.r1.r1.f2.d1.-f2.-d2.f2.d2.d2.-f1.-d0.f1.r0.-d2.-f2.-r0.-d0.f1.r0.-f1.-f0
666,f2.d2.-f1.-d0.r0.d2.-d1.-r2.-f2.-d1.-f0.-d0.f1.f0.r0.-f2.d0.d0.r0.d0.r2.-d0.-r0.d2.d0.f2
667,r1.-d2.-f2.r2.f1.f1.r0.-f2.-d1.-f1.f0.r0.f1.d2.-f2.-f0.r0.-d0.-r0.f2.r0.f0.-r0.-f2.r0.-d2.-r0
668,-r0.d2.f2.-d0.f1.d2.f0.f0.-d1.f1.-d0.r0.d2.d0.r0.f1.r0.r0.-f0.r0.-f2.-r0.-f1.f0.r0.f2.-r0.f1
669,-r2.d0.r2.-r0.f2.-f1.-r1.-f1.f0.d2.r0.-f1.-d0.-f0.-d1.r1.-f1.d1.f1.f0.f0
670,d1.-f1.-d0.-r0.d2.f0.-d1.r0.-f0.-r0.d0.-f0.r2.-f2.r0.f0.-r0.f1.r2.-f1.-r2.f2.r2.-f2.d2.r2.d2.-f0.-r1.-r2.d2.-r0.d2.d2.r1.r0
671,d0.-r1.r0.d2.-d1.r1.d1.f1.r0.f0.-d0.-r2.-f1.-d1.r2.r2.-f0.r2.f0.r2.d1.f0.-r1.-d0.r1.-f0.-r1.d0.r1
672,-r0.-f0.d1.-f0.d1.r0.f2.-f0.-r0.d1.-f2.d2.f0.-r2.-f0.d2.r0.d0.-r2.f0.r2.-f0.-d0.r1.-r0.-f0.r2.f0.-r1.-f0.-r2.f0
673,r2.-r1.-f1.r0.-d0.-f2.d2.-r2.d2.r2.-d1.d0.-r0.-d0.-r0.-d1.-r2.-d0.-f2.-d0.-r2.d0.d0.r2.f2.r2.-f2
674,r0.-f0.f2.-d0.f2.f2.-d0.r2.r2.-f0.-d2.f2.-d2.r0.f0.f2.f2.-d0.-r0.-r0.-f0.-f0.f2.f2.-d0.-f0.-f0.d2.-d0.-d0.f2.-r1.f1.r1.f2.-f1
675,-d2.r2.-f1.-r0.f2.r0.-r2.d2.d2.-r0.d2.f2.d0.-r0.f2.d2.r2.r2.f2.f2.r2.r2.d2.-d0.-d0.-r0.-r0.-f0.-f0.d2.-d0
676,-f0.-f2.d2.f2.-d2.f2.-d2.f2.r2.r2.-f0.-f0.r0.-d2.-f2.d0.f2.f2.d2.-r0.-r0.-f0.-f0.-d0.-d0.f2.f2.-r0.-r0.-d2.-r1.-f1.-r1.f1.-r1.-r1.f1.r1.-f1.-r1
677,f0.-d0.r2.-f2.f1.d2.-r0.f1.-r2.f0.-d1.-d0.-r2.d0.-r0.f1.r2.-f1.r0.f1.-r0.d0.r0.d2.-f2.r0.f2.-r0.-d0
678,-f2.-r1.d2.f1.-d1.-f0.r0.-f2.r0.-f2.-d0.f2.-r2.f0.-r1.-f0.-r0.-d1.r0.-d0.r0.d0.r2.-d0.-r0.d0.f0.-r0
679,-r1.r0.-f1.d0.-r0.-d1.-r2.d2.-f2.r0.r0.-d2.-r2.-f2.r0.d2.-f1.-d1.f1.-d2.r1.r0.f1.r2.-f1.-r0.-f0
680,f1.-r1.d2.-r0.-f2.d2.-f2.f0.r0.f1.-d2.r1.r1.-d0.-f2.-r2.d0.r1.d0.-r1.-d0.f2.r1.-d0.r2.r2.-f0.r2.f0.-r2
681,-r2.r0.f2.-f1.-r1.-d2.-d1.-f0.-r1.-f2.-d0.-f1.f0.-d2.r0.f0.f1.d0.r0.-f0.-d0.f2.d2
682,-r0.-f2.d2.f1.-d0.-f1.r2.r2.d1.-f0.f1.-d2.r1.-f2.d2.f2.-r0.-f2.-d1.-f0.-d2.-f1.d1.-r2.-f2.-d1.f2.-d0.r2.f1
683,d2.-r1.f0.-r0.-d0.f0.-r0.d2.f2.-d2.f2.f2.d2.-r0.d2.f1.-d2.-r1.f0.-r2.d1.r2.r0.-f2.d1.-r0.-d1.r0.f2.-r0.-f2
684,d0.r2.d0.r1.f1.-r2.f1.-d2.-f2.-r2.r0.-f2.r0.d0.f0.-r0.-f0.-f2.d0.f2.d0.d0.f0.d0.-r0.-d0.-f2.-f0
685,d1.r1.-d0.-r2.-f0.d2.-r0.f2.-d1.r1.-d0.-r1.-d2.-r2.-r0.d2.-f0.-d2.-f0.r2.f0.r0.d2.-r0.-d0.r0.d2.d2.-r0.d0.r0
686,-d0.d2.f0.-r2.-f2.d2.d2.r0.-f0.-r0.-r0.d2.f0.-d2.f2.f2.-d2.-f0.-f0.r2.r2.-f0.-f0.-d2.-d0.f2.f2.d0.r0.d1.r1.-d1.-r1.-r0.-r0.f1.d1.-f1.-d1.r0
687,-r1.d0.r1.f0.-r0.-d2.r1.-r0.-f2.d1.-f2.-f1.d1.-f1.r1.d1.f1.f1.r0.r0.-d1.r0.d1.r0.f1
688,r0.d2.r2.-d1.-r2.f2.-r0.-d1.-r0.f2.-r1.-r0.-f2.d1.r2.-d1.-d0.f2.r1.-f2.-r1.d0.-f2.-r2.-f2.r0.f2.r2.d2.f0.d0.d0.-f0.-d2.f0.d0.d0.-f0
689,-r0.-f0.d2.d1.-r1.-f2.f0.-d2.f1.f2.d2.r2.f2.-d0.-d0.r1.-f2.-d1.-r2.d2.-r2.-d2.r2.-d1.r0.d1.-r2.-f0.-d1.f0.-r0.d2.f1.r1.f0.-r1.-f1.-f0.d1
690,d2.-r2.-f1.-d0.r0.-d2.r0.-f0.r2.-d0.-r0.f0.d0.-f2.r2.r2.d2.-d0.-r0.-r0.d2.-f0.-f0.f2.f2.r2.r2.-d2.f1.d1.-r1.-d1.r1.-f1.r1.f1.-r1.-f1
691,f2.r2.f1.f1.-r1.-f0.r0.f2.-d2.r2.-d0.-d0.-r0.d2.-f2.r0.r2.r2.d0.f2.f2.d0.-r0.-r0.-d0.r2.r2.d2.-d0.f2.f2.f1.d1.r1.-f1.-r1.-d1.r1.f1.-r1.-f1
692,-f0.-r2.f1.-d1.d0.f2.-r1.-f2.f1.-r1.f1.-f0.d2.-f0.-f0.d2.r2.-d2.-d1.r2.-f0.-d2.f0.r0.r0.-d2.-r2.d2.r0.r0
693,r2.f0.-r1.r0.f1.-d2.d1.r2.-f2.d0.f2.-r2.-f2.-f1.-d2.r1.-d1.r1.-d2.f1.d2.r1.d0.r1.-d0.-r1.-f1
694,-f2.-d1.-f2.-r1.-d2.r2.-d0.-f0.d0.r1.r1.d0.f0.-f1.-r2.-f0.r2.-d0.d2.f0.d0.-r2.f1.r2.r2.f2.-r2.d0.-r2.-d0.r2.-d0
695,-f1.d0.r0.d2.-f0.-d2.-r0.f0.-r2.f1.-d2.-r0.-d0.-r1.f2.d1.-r1.d2.r0.r0.-d2.r1.d2
696,-r1.d1.f0.-r0.r2.-f2.-r2.-d2.-d0.r2.r2.f0.-d0.-r2.-f2.r2.-f1.d1.-d0.-f0.-r0.f0.f0.-d1.-f0.d1.r0.-d1.f0.d0
697,r2.f0.-d2.f2.-r1.f0.d1.-r0.f0.-d2.f0.d2.r0.r0.d0.-r0.-d2.r0.-d0.-r0.-r0.-d1.r0.f2.-f0.-r1.f0.-r0.-f0.r1.f0
698,-r0.f0.-f2.r2.-f2.r2.r2.-d0.-r0.f2.-r0.-f0.-r2.f2.-d2.-r0.-r0.f2.f2.-d2.f2.f2.-d0.f2.f2.d0.-f0.-f0.r2.-f1.-d1.f1.d1.r2.f1.d1.-f1.-d1
699,-d2.-f2.r2.d1.-f0.-d2.f2.d2.-d0.-d0.f2.-f0.d1.r2.f1.-r2.f1.f0.r2.-d2.r0.-d1.-r0
700,-f1.f0.-d0.r2.-r0.-d0.d2.-f2.-d2.r0.d2.r2.-d2.d1.-f1.-r1.f1.r2.-d1.r0.f1.-r0.d1.-f0.-r1.f0.-r2.-f0.r1.f0
701,-d0.f2.-d0.f1.r1.-d1.-d0.-r0.f0.-r0.-f1.f0.d2.f0.-d2.r0.-d2.r2.-f1.d1.f1.-r2.-d1.-r0.f2.d1.-f1.-d1.-f2
702,-d2.-d1.f0.f0.r1.-d2.r1.d0.f0.r2.f2.-r1.r0.-d1.f0.d1.-r2.-r0.f0.-d2.-f0.d2.d0.r2.r2.-d0.r2.-f0
703,d1.r0.d1.-r2.f1.d0.-f2.f1.d0.-r1.d2.r1.d2.-f2.-d0.f0.-d1.f2.d1.-f0.-d2.d0.r0.-d2.-d0.-f0.-d1
704,f1.f1.d1.-d2.-f0.-f0.r0.f2.f2.r2.-f2.r2.r2.-d2.r0.f0.f2.f2.d2.-f0.-f0.d2.d0.-f0.-f0.r2.r2.-d0.-d0.-r0.-r0.-d2.-f1.-d1.f1.r1.d1.f1.-r1.-f1
705,r0.d2.f0.-r0.-d2.f0.r0.d0.r2.-f0.-r0.-d1.d2.-r0.-f0.-d0.-r0.d0.-f0.-r2.-f2.-r2.d1.r2.f2.r2.f0
706,-d0.-r1.-d1.-r2.-d2.r0.-r2.f0.r0.d0.-f1.r0.d2.r2.r2.-f0.r2.-d2.f0.-r0.-f1.r0.-f0.-r0.f1.r1
707,f1.d2.-r0.-d1.-f0.d0.-f1.-r0.d0.f0.-d0.-f0.d2.r2.-r1.f0.d2.f0.-r2.-f0.r2.r2.f2.-r2.-f0.r2.-f2
708,r2.d2.-r1.-f0.r0.f0.d0.r2.-f2.-d2.f2.f2.d1.-r2.d2.r2.-f2.d0.-r2.-f0.-f0.r2.f0.-r2.f0.r2.-d0.-f0.r0.f0
709,f1.d0.-f0.-r0.-d2.f2.-r1.r0.-d0.-r1.-r0.-d0.r1.d0.f1.-d0.f0.d0.-f0.-r0.f1.r0.f0.-r0.-f1.r2.-r1.d0.r1.r0.f0.r2.f2.-r2.-f0
710,f2.d0.d0.r0.-r1.-f1.-d0.f2.d1.d1.f0.f0.d1.f2.f2.d0.f0.-d0.-f2.-d0.-f0.-r0.-f2.-f1.r2.f2.r0.-f2.-r2.d0
711,d0.-f2.d2.d2.f2.-d2.r0.-d0.r0.r2.-f0.-r0.-r0.-d0.r0.-f0.-f0.-r0.-r0.f2.f2.-d0.f2.f2.d2.-d0.-r0.-r0.d2.-f0.r1.f1.-r1.-f1.-f0.-r1.d1.r1.-d1
712,-r0.-d2.f2.-d1.-f0.-r2.-d0.r1.d1.f2.-d2.-r2.f1.r1.-d0.d1.-f1.-d2.-f1.r1.-f1.r1.-d1.f1.r1.-f0
713,f1.f1.-r0.d0.d0.-f0.d0.f0.d1.f0.-r0.-f0.r0.-d1.d0.-f0.d1.f0.-r2.f2.-d1.f0.d1.-f2.-f0.-d0.-f1
714,-d2.r2.f2.-f1.-d2.r2.-d1.-r0.d2.d2.r1.r2.-f1.-d0.f2.f0.r0.d0.-f0.-d0.-f0.r2.-r0.f1.-d2.f2.f0.-r0.f1.r2.-f1.r0
715,r1.f1.d2.-f0.r2.f2.-r0.d2.f2.-d0.f2.-d2.-f2.f0.r0.-f2.d2.-f2.r0.-f2.-f2.-d2.r0.-f0.-r0.d2.-f2.r0.f0.-r0.-f0
716,-f1.d1.r2.d1.d1.f2.r0.f1.-r0.-f2.-d1.f2.-d2.r2.-r0.-f0.r0.f2.-r2.-f0.r2.-f2.f0.d0.f1.-d2.-f1.-d0.f1.d2.d0.f0
717,-r1.-d0.-f2.-d2.-f0.d1.-f2.-d0.-r0.-d1.-f2.d2.-f0.r0.-d0.-r0.-f2.-d0.-f0.d0.-r2.d0.r1.-d0.-r1.f2.r1.d0.-f2.-r2.f2.-r1.-f2.r2.f2
718,-r0.f0.f1.r1.r1.-d2.f0.-r0.-r0.r2.-f2.-d2.r2.f0.-d0.-d0.r0.f2.-r0.-r0.r2.r2.d0.r2.r2.d2.d2.-f0.-f0.-d2.-r0.-r0.f1.d1.-r1.-d1.r1.-f1.r1.f1.-r1.-f1
719,r0.-d2.r0.-f2.f1.-r2.d0.f0.d2.-d0.f0.-d0.-f2.-f0.-r2.-f2.-d0.-r2.-f2.f0.-d0.-f0.d0.f2.f1.-d0.r2.-d0.-r2.-f1.r2
720,-r0.f1.-d2.-f0.d2.-d1.f0.r1.r0.-f0.-r0.d1.-d0.f2.d1.r0.-f2.f0.-d0.r2.f2.-r2.f1.r1.-f0.-r0.-f1.r0.-f2.-d1.f2.f0
721,-d2.-f0.d1.r1.r1.d0.-r2.f1.r2.f0.-r0.-d1.-f1.r2.-f0.-d0.-r2.-d0.r2.f0.-r2.-d2.-f0.d2.-f1.d2.f1.d1.-f1.-d2.f1
722,-d0.r1.d1.-f1.f0.d1.-d0.f1.-f0.-r1.d0.-r0.-d0.f2.r1.f0.r2.f0.-d0.r2.f0.d0.f0.f0.-r2.f0.d0.f2.-d0.-f2
723,f0.-r1.f1.r1.f0.d0.f2.-d0.-r1.-d0.f2.r2.f2.f2.-f0.-r1.f0.-r2.-d2.f2.-d1.-f2.f0.d2.f2.d1.-f2.-f0.r1
724,-f0.f2.-d1.r2.d2.d2.f0.-d0.-r2.d2.-r0.-d2.-r2.f0.-r2.-f0.-f0.f2.f2.d0.r2.r2.f2.f2.d2.-d0.f2.f2.d0.f1.r1.-f1.-r1.-d0.f0.-d1.-r1.d1.r1.-f0
725,f2.r0.d1.-d0.-f1.r0.-d1.-f2.-d1.r1.r2.d0.f0.d1.-r0.d0.d0.r0.-f2.d0.f2.-d1.-d0.-r2.d1.r2.-f0.d2.f2.-d2.f0
726,-d2.d1.-f2.-d2.r0.-f0.d0.r0.-d2.f0.d2.f2.r2.-d0.-r1.-f2.r1.r0.d0.-f2.d2.-f1.-d2.-r0.d2.-r0.-d2.f2.-r2.f2.r2.f2.f2.r0
727,-d0.-f2.d1.-d0.r2.-r1.f0.-r2.d1.-f1.r1.-f2.d2.f2.-r1.f1.f0.-d2.r1.f0.-d0.-f0.-r0.d2.-f0.-d2.-r1.d2.-r0.-d2.r0
728,r2.-d1.-r0.f0.r0.-d2.-r2.-f0.-f0.r1.-r0.-f2.-d2.-r1.-f0.-d2.-f1.d0.f1.d2.r0.f1.-r0.-f1.d1.-r0.-d1.f1.r1.-f1.r0.f1.-r1.-f1
729,-d0.-r0.-f0.-d2.-f0.r0.f2.-r0.f2.r2.r2.-d2.r2.f2.d2.-r0.-r0.-d0.r2.r2.-d2.-d0.-r0.-r0.d0.-f0.-f0.-r2.-d1.r1.d1.r2.-r1.f0.d1.f1.-d1.-f1.-f0
730,d0.r2.-r0.-f2.-r2.r1.f1.d0.r2.d2.d1.-f2.d0.f1.d0.d0.f0.r0.f1.-r0.-f1.-r0
731,r1.d2.r0.d2.f1.d0.-f2.-r0.f0.-d2.d0.f2.f2.d2.-f2.-d2.-f1.f0.-d0.r0.-f2.d1.f2.-r0.d0
732,f0.-d2.-r1.-f1.d0.-f0.-d2.r2.f2.-r2.-f1.-r1.d0.r1.-r0.-d1.r1.d1.r2.-d2.-r2.-d2.r2.-d2.-r2.d2.d2.f0.r2.-f0.r0.f0.-r2.-f0
733,-f2.r0.d0.-r1.-d2.-f1.-f1.-r2.-d2.-f0.-r1.f0.-d1.-r1.-f2.-r0.d2.-r0.-d2.-r2.-f2.-d0.f2.f2.-d2.f2.d2.f2.f2.d0.r0
734,-d2.-r0.d2.d2.f0.-r2.f0.-f2.-d2.r2.r2.d2.r2.r2.d0.r2.-d2.-f0.-f0.r2.r2.-f0.-f0.d2.d2.r2.r2.-d0.-f0.-f0.f2.f2.r1.f1.-d1.-f1.-r1.d1
735,-f2.r1.-f0.r2.-f0.d1.d1.-r2.-f0.r0.f2.d0.f0.-r2.-d0.r2.-f0.-r0.d0.r2.-r1.-d0.r0.d0.-r2.r1.-d0
736,-f2.r0.-d0.f0.r2.-r0.f2.r0.d0.-r2.-d0.d2.-f2.r2.f2.-d2.f2.-r1.f2.f2.-f1.-r1.r0.f0.-r0.f1.r0.-f1.r1.f1
737,f0.-d0.-f2.-r1.-d2.-r1.f2.-r2.-f1.-r1.-f0.r0.f1.f2.d2.f2.f2.-d1.-f2.-d2.-d1.-f2.r2.f2.-d0.r2.-d1.-r2.d0.r2.-f0
738,f0.-f2.-r0.-f0.r2.r2.f2.d2.d2.-r0.f2.-r0.f2.-r0.f2.f2.r2.r2.-d0.-f0.-f0.f2.f2.d2.-r0.-r0.d2.-r0.-r0.d2.-r0.-f1.r1.f1.r0.-r1.-r1.f1.r1.-f1
739,f1.-r2.d1.r0.f0.r2.d0.f0.-d2.-f2.-d1.-f1.-r1.d1.r2.r0.-d1.f0.d0.-f0.-r0.d2.-r0.f0.r0.-d2.-d0.f2.d0
740,-f1.r0.d1.-d0.f1.r0.r0.-d0.r1.f0.-d1.f1.r1.r0.-d1.r2.-f0.-r2.-f2.r2.-f1.-r1.-f2.r1.f2.f0
741,-f1.-r2.d0.-f2.d2.d2.-r0.-d0.-r0.-f2.-r0.-f2.r2.d2.r2.r2.-d2.f2.f2.d2.d2.-r0.-r0.f2.f2.d2.f2.f2.d2.r1.-f1.r1.f1.r1.r1.-f0.-d1.-f1.d1.f1.f0
742,d1.-f0.-r0.d0.f2.-d0.r2.f2.-r1.-d2.d1.r0.-d1.-r0.f1.-r2.-d2.r2.-f0.d2.f0.d1.-f0.-d2.f0.-d1.-f0.d2.-f1.r0
743,f1.f1.r1.r0.-d2.f2.f2.-d2.r2.r2.f2.r2.f2.r2.r2.-f0.-d2.-f0.-f0.d2.r2.r2.d2.f2.f2.-r0.-r0.-d0.f2.f2.-d2.r2.-f1.-d1.f1.d1.-r2.-d1.r1.d1.f1.-r1.-f1
744,f1.-d2.-r2.-d0.f2.r0.d2.-f2.d0.-r0.-d0.-f1.d2.f2.d2.-f2.d0.r0.-d0.-d2.r0.f2.d2.-r0.-d2.f2.r2.-d2.-r2.-f2
745,-f0.r2.d1.r2.-d2.-d0.r1.d0.-r1.f2.r0.f1.r0.-d0.-r2.d0.-f0.-d0.-d2.-d2.-f2.d2.d2.f2.-r0.r2.f2.r0.-f0.-r0.-f2.r0.f0
746,f1.r0.f1.-d0.r0.d1.-r0.-f0.-d0.-r2.r1.f0.-r2.-f0.-r2.-d2.-d1.f0.d2.-f0.r2.r1.-d2.-f0.-d0.f0.d2.-f0.d0.-f0
747,-r1.d1.r1.d0.f2.-f1.d2.d2.-f2.f0.d2.-f0.r0.f2.f1.d2.r2.-d0.-r2.d2.r2.-d2.-d1.f0.-d2.-f0.d1.-r2.-f1.r2.f0.-r2.f1.r2.-f1
748,-f2.f1.-d0.r1.-f2.f1.d1.-r0.r1.r2.-f0.-d2.r2.-d0.f2.-r0.-f2.-d1.d0.r0.d2.-f2.-d2.-f0.d2.f2.-d2.f0
749,f2.-r2.r1.d1.-f1.-d2.-r0.-f1.d2.r1.-f2.-r0.-d1.f2.r2.-d0.-r0.f2.-d1.f0.r2.f2.r1.-f2.-r2.r0.-d2
750,f0.-d0.-d0.-f0.r2.r2.d0.-r2.-d0.-f0.-f0.-f2.d0.r0.f2.d2.d2.r2.r2.d2.-d0.-r0.-r0.-d0.-f0.-f0.d2.d2.r0.-f1.-d1.f1.d1.-r0.-r0.d1.-f1.-d1.f1.r0
751,-f1.-d2.-r0.f0.f0.-d2.f0.-d0.-r2.-f1.-f0.r2.-r0.-d2.f0.r0.-f0.-r0.d2.f0.r0.f0.-r0.f0.f0.r0.r0
752,r1.r1.d0.-f2.-d0.r0.-d1.-r2.-f1.-r1.-d2.f2.r2.f1.r1.d0.f1.-d0.-r1.-r0.-f0.d0.-r2.-d0.r2.f0.-r2.-f0
753,r2.f2.-f0.r2.-f0.r1.-r0.f2.-f1.r0.f1.d2.-f1.-r2.d0.f0.-r1.-d1.f1.d1.-f2.r1.-f0.r1.d1.f0.r1.f2.-r1.-d1.r1
754,r2.f1.-d1.-r1.-f1.f0.r1.-f1.-d1.-d0.r1.-f2.-d2.r2.f1.r2.-d2.f0.-r2.-f0.d0.r2.d2.r2.r2.-d0.-f0.-r2.d2.r2.-d2.f0
755,-f2.-r1.-f2.-d0.r2.d0.r2.d2.-d1.-r0.f0.-d2.-f0.r0.-d0.d1.r2.d1.d1.d0.-r2.-d1.-r0.-f2.r0.d1.r2
756,f0.r1.-d2.-r0.-d2.-f0.-f2.r2.d2.r2.r2.f0.-d0.-r0.-r0.-f0.-f0.d2.f2.f2.-d2.r2.r2.-d0.-d0.f2.f2.d0.-r0.d1.f1.-d1.-f1.r0.f0.-r1.-f1.r1.f1.-f0
757,-f1.r1.-f2.-d2.r0.-d0.r0.r0.-f2.-d2.d1.d0.-r1.-f0.r2.-d0.-r2.d0.-r2.-d0.r2.-f2.d0.-f1.d1.f1.-d0
758,f1.-f0.-f0.r0.d2.-f2.-d0.r0.-f2.d2.f2.f2.-r2.d2.r2.r2.-f0.-f0.-d0.r2.r2.d2.d2.-d0.-r0.-r0.-d0.-d0.r2.-d1.f1.d1.-f1.r2.d1.-r1.-d1.r1
759,-r2.-d0.-f1.f0.-d0.-f2.r2.-f2.r0.-d0.f2.-r2.d2.d2.-f0.f2.f2.-d2.-r0.-r0.d2.-r0.-r0.d0.f2.f2.-d0.-f0.d1.-r1.-d1.r1.f0.-d1.f1.d1.-f1
760,d2.r0.-d1.-f0.-r2.f1.r0.d1.-r2.-d1.f0.d0.-f0.d1.r0.-f0.-d2.-f1.r0.f2.-r1.-f2.-r0.-f2.r1.f0.-r1.f2.r1.f1
761,-r1.-f0.d0.d0.r0.d1.-r2.-d1.-f0.-d0.-f2.d1.d0.-r0.f0.r1.d0.-r1.-f0.-r1.f1.-r2.-f1.r2.-f1.r1.-f0.d0.f0.-d1.-f0.-d0.f0
762,-f1.r0.-d0.-f2.-d0.r1.-f1.d2.r2.-d0.f0.d0.-r2.-d1.f2.f0.r1.-r0.-f2.-r0.f2.-r1.r0.-d2.r0.f0.d2.-f0
763,r2.-d2.f0.-d2.-f0.-f0.-d0.f2.-r0.d2.-f2.d2.d2.r0.-d0.-d0.-r0.-r0.f2.f2.-d0.-d0.-r0.-r0.-d0.-r1.f1.-d1.r1.-f1.d1.f0.f1.d1.-f1.-d1.-f0
764,f2.-r0.-r0.d0.-f0.-d2.-r0.-r0.-r2.-f2.-d2.-r0.-r0.-f2.-r0.-f0.-f0.-d0.-f0.-f0.r2.r2.d2.d2.r2.r2.-d0.-r0.-r0.d2.r2.r2.-f1.d1.r1.-d1.f1.-r1
765,f0.-d2.f2.-d1.d0.-r1.-f0.-d1.-r0.f1.r1.-r0.-f2.r0.f0.-r1.f0.r1.-f1.r2.-f0.r1.d2.-r1.f0.-r2.-f0
766,d0.-f2.d0.f1.f1.r1.d0.r2.r1.-d1.-f1.f0.-r0.-f0.d2.d1.f1.-d0.-f0.-d0.f1.d0.-f1.d0.-f2.-f0.r2.f0.-r2.f0
767,d0.-f2.-f1.-d2.r2.f0.f2.-d0.f0.r0.f0.-f2.d2.r2.-d0.-f0.-f0.r2.r2.-f0.-f0.d2.-r0.-r0.r2.r2.f2.f2.d2.-f0.-f0.-d1.-r1.d1.f1.r1.d1.-f1.-d1
768,r0.r0.f1.-d2.d1.-f2.-d2.r1.r1.-f0.d2.r2.-d2.-r0.-f1.-r1.-f0.-d2.d1.d0.-r2.f1.r2.d2.-r2.-d2
769,r0.-f0.-d1.-r1.d0.-f1.d1.-r1.-r0.-d2.f2.-r0.-d1.-f2.-d0.-r2.f2.r2.-f2.f1.d0.-f1.-f0.r2.f0
770,d1.-r2.d2.f0.r0.f0.-r1.-d1.-f0.-d1.f0.d0.r2.f1.r1.f2.r0.r0.-f1.r0.d0.-r0.-f2.-r2.-f0.r2.f2.f2.-r2.f0.r2.-f2.-r2.-f0
771,r0.d1.-d0.r2.f1.-d1.r1.-f1.r2.-r0.-f2.r2.f0.-r2.f0.r0.f0.f0.r2.-r0.-f0.d2.f0.f0.-d2.-f0.-r2.f0.d2
772,-r2.-f2.r2.d2.d2.-r2.-f2.r0.-f2.-d2.r0.-f2.d2.f2.f2.d0.-r0.-r0.d0.-r0.-r0.-f0.-f0.d2.f2.f2.r0.-d1.f1.d1.-f1.-r0.d0.f1.-r1.-f1.r1.-d0
773,-d1.-f1.-d1.-f0.-r0.-d2.f1.-f2.f1.-r2.-f0.d0.-r0.-r1.-d2.-f0.d2.-d0.r1.-f0.-r1.-d2.d0.r0.d0.-f1.-d2.f1.-d0.d2.f1.f0.-d0.-r2.d0.-f1.-d0.r2.d0
774,f0.f2.d2.-r0.-r0.-d0.-r0.-r2.d2.r0.f0.-r2.d0.-f0.-f0.-r0.d0.r2.r2.d2.d2.-d0.-r0.-r0.-d0.-f0.-f0.-r0.-r0.f2.f2.-d0.f1.d1.-r1.-d1.-f1.r1
775,f2.-d0.f0.-r2.d0.f2.r0.-d2.d0.-f2.-d2.d0.f1.-d0.-f0.r2.d2.-r2.-f1.d1.f1.r2.f2.f2.d1.-r2.-d1.r2.f2.f2.-r2
776,r2.-r1.-d1.-f0.-r2.-f1.-d0.r2.-f1.f0.-f2.-f1.r2.f2.f2.-r2.f0.r2.f2.-r1.-f2.-r1.-d1.-r1.d1.f2.-d1.r1.d1.-f2
777,f0.-d1.-f1.d0.-r1.-d1.-f0.d0.-f2.r2.-f2.r1.f1.-r2.f2.-r1.-r0.f2.d0.r2.-d1.r2.d1.r2.f1.r2.-f2.-r2.-f1
778,f0.-d2.-f2.d0.-d1.-r1.-f2.r0.-f1.r1.-d0.-f2.r1.r1.-d2.r2.-f1.d2.-f2.-d2.-f2.-r2.f2.-d0.-r2.d0.f1.-d0.r2.f2
779,r2.-d1.f2.d1.-r0.-f2.-r0.-d2.f1.f1.r0.d2.d0.r0.d0.-d1.-f2.-d0.f2.d1.r2.r2.f0.d0.-f0.r2.r2.-f2.d2.-f2.-d2.f2.f2
780,f0.r2.d1.-f0.-f0.r2.d0.f2.f2.d0.r2.r2.-f0.-r2.d2.-r0.d0.-r0.-r0.-d2.-f0.-f0.-d2.r2.r2.d2.-f2.-d1.-r1.d1.r1.f2.-f0.d1.-f1.-d1.f1.f0
781,r0.-f2.f1.d1.d1.r0.-d2.-r2.-d0.-d0.r2.-f2.d0.f2.-d2.r0.f0.-d2.-f0.-f0.-r0.-r0.-d2.-f0.-f0.-d0.f2.f2.d0.r2.r2.-r0.f1.d1.-f1.-d1.r0.d1.f1.-d1.-f1
782,-d2.-f2.f1.-d2.-r0.d0.r0.-d2.r0.f0.-d2.f0.r2.d2.f2.-d0.-r2.d0.r2.f1.-r2.-f2.-f1.d2.-f1.-d2.-f2.r0
783,r0.-d0.-f2.r0.-f0.-r0.r2.d2.-r2.r0.-f2.d0.-r0.d0.-r1.-d2.f1.-r2.-d1.r2.d1.-f1.-d1
784,d2.-f1.-d0.-r0.f2.-r2.f1.-f0.d1.d1.-d0.f0.r1.-f0.-r1.f1.-d1.-f2.-f1.-r1.-f2.-r2.-f2.d0.f2.r2.-f2.f0
785,-d0.r0.r0.f0.d2.-f1.-r2.r1.r1.d0.-f2.-r2.d0.-r2.-f2.d1.f2.d2.-f0.-r1.f0.r0.-f0.r1.f2.f0.r2.-f2.-r0.f2.-r2
786,-r2.d1.-r0.-r0.-f2.-d0.-f0.r2.d2.f2.d0.r2.r2.-d0.-d0.-f0.d2.d0.-f0.-f0.r2.r2.d0.r2.r2.d2.-r0.-r0.f2.f2.r2.d1.r2.r0.f1.-r0.-d1.f1.d1.-f1
787,-r2.-d2.f0.-d0.-f1.-d1.-r0.-d1.d0.f0.-d1.r1.r2.-d0.r2.-f0.d0.f0.-d2.-d0.r1.d0.-f2.-d0.-r1.-d1.-r0.d2.f0
788,d0.f2.-d0.r1.r1.d0.r0.-d2.-d2.-f2.-f0.d0.-r0.-f0.d2.-d1.d0.d0.-r0.d0.f0.-r0.-f0.d0.-r2.f0.r0.-f0.-r1.f1.f1.r1.f0.-r1.-f1.r1
789,-f2.-d2.-f1.-d0.-f0.-d2.-f2.-r0.-r2.-f2.r2.r2.-f0.r0.d2.-r0.-r0.d2.d2.r2.r2.f2.f2.-d2.-r0.-r0.d2.-f0.-f0.-d0.-d0.-r1.-f1.-r1.f1.-r1.-r1.f1.r1.-f1.-r1
790,r1.d2.r1.-f0.d0.f2.r2.f0.-r2.f2.-f0.r2.f2.d1.f0.-d1.-r0.-d0.r0.-f2.-r1.-f0.-d0.f0.f0.d0.r1.-d0.-f1.-f0
791,d0.-r0.-r0.-d0.-r0.f2.r0.r2.f2.-d0.-r2.f0.-d0.r2.r2.d2.f2.f2.-r0.-r0.-f0.-f0.-d2.r2.r2.-d0.-d0.r2.r2.-f0.-r1.-f1.r1.f1.f0.f1.r1.-f1.-d1.-r1.d1
792,r1.f2.r2.d1.-f1.f0.-r2.-d2.-d0.-f0.d0.-r0.-d1.r0.-d0.-r2.d0.f2.-r0.d2.d2.-f2.r0.-f0.d2.f0.-r0.-f0.-d2.f0
793,d2.f2.r0.d1.d1.f2.f2.-r0.f0.d2.-f2.d1.-f1.d0.f0.-d2.-r0.-f1.r1.-d1.-r1.r0.d1.r0.f0.r1.f1.-r1.-f0
794,-d0.r1.-f0.d0.d0.-f1.d1.-d2.-r0.d0.-f1.-r1.f0.-r1.-f0.r1.f0.r2.d0.-f1.-d0.f1.f0.d0.-f0.-d0
795,-d1.-f0.r1.d1.-d0.r1.-f0.-r0.-f2.-d1.r0.-f0.-d0.-r0.f0.-r0.d1.-r2.d2.-d0.-r0.-d2.r0.d0.r2.-d1.-r0.-d2.r0.d1.-r0.d2.r0
796,f0.-r1.-f2.d2.r2.r2.d0.r0.-d2.r2.-d2.-r2.-r2.f1.-r1.r0.d0.f0.r1.f2.-f0.-d0.f0.r1.r1.-f0.-r0.f0.r1.-f0
797,-r1.-d0.-f2.r2.d2.-f1.f2.-r1.-d0.f0.r2.d2.-r2.-d2.r1.f0.r2.-f0.-r1.f0.-d2.-f0.-r2.f2.-r0.-f2.-f1.d0.f1.r2.f0
798,f2.r1.-d1.d0.r0.-d1.-r0.r2.f1.-d0.-f1.r2.f0.-d0.-f0.r2.d0.r2.r2.-d0.-r0.d0.r2.-d0.f2.-d0
799,-r2.d1.f2.d1.d0.-r0.-d0.-f2.d0.d2.r2.r2.f0.d0.-r0.-d2.r0.r0.-d0.-r0.-f0.d0.-f0.r1.d0.-r1.-d0.-r1.f0
800,-d2.-r1.f1.r2.-d1.-d0.f0.d0.r0.d0.-f2.r0.-f2.-d2.-d1.-r1.f2.-d0.r0.-f1.r2.-d1.-r0.d1.-r2.f1
801,r2.r2.f2.f2.r2.-d0.-r0.-d0.r2.r2.-d2.r2.d2.d2.-f2.-r0.-r0.d2.r2.r2.d2.-d0.-d0.-f0.-f0.-r0.-r0.d0.-r0.-r0.-d2.d0.f1.-r1.-f1.r1.-d0
802,-r0.f1.f1.d2.-d1.f2.-d2.r1.-d2.-r0.f1.-r2.-r1.d2.-f0.-d2.d0.-r2.d0.f0.d1.f2.d0.d0.-f2.d2.f2.-d2.d0.-f0
803,-d0.-f2.r2.-f1.-d1.-f1.-d2.-r1.f1.-f0.-f0.-r2.-f2.-d0.f1.-d2.-f2.-d0.f2.r2.f2.-r2.d2.d0.-f1.-r1.f1.r0.-f1.r1.f1
804,d2.-d0.-f1.-r1.-f0.r0.f2.-d0.-r1.-f0.-r1.r2.r0.f2.-r0.f0.-r2.-d2.-f0.-f1.d2.r2.d1.d0.-r1.-d0.-r1.d0.-r2.f0.d1.-f0.-d1.r2
805,-r2.f0.-r0.-f2.d2.-f2.-d1.-f2.r0.d2.f1.r0.f1.d0.f1.-d0.f1.-d2.r0.-d2.f0.-r0.-f0.d2.-r0
806,d1.r0.-f1.r2.d2.-r1.-d1.r0.-f1.d1.-r0.d0.f2.f2.d2.-f2.-d0.-r0.-d2.d0.r0.-d0.-r0.d2.-f2.r0.f2.d0.-f2.-r0
807,-d2.-r2.d0.-r0.-f0.r1.-r2.d2.-d1.-r0.d2.d2.d0.r2.d2.-f2.d2.r1.-d2.r2.r0.f0.d2.f0.-d2.-r0.-d2.r0.d2
808,f0.f0.r0.r2.r2.-f2.d2.d2.-r0.-r2.d0.r2.r2.f0.-d0.-f2.-d2.r2.r2.-d2.r2.r2.f2.f2.d0.f2.f2.-r0.-r0.-d2.-f2.-r1.-d1.r1.d1.f2.-d1.f1.d1.-f1
809,-f0.f1.r1.r1.-d2.-f0.-r2.d0.f0.r0.d2.d2.f2.r0.-r2.d2.-f0.-f0.d2.-f0.-f0.d2.r2.r2.f2.f2.-r0.-r0.-d2.f2.f2.-r2.d1.-f1.-d1.f1.r2.-d1.-r1.d1.r1
810,-f0.-r0.f2.-f1.r1.f2.-f1.-d0.f2.r0.r0.d1.-d0.-r2.d0.r2.d2.-r0.-d2.-r2.-r1.-f1.-d0.-f1.d0.r2.-d0.-f2.-r2.f1.r2.f2
811,f0.r0.-d2.f2.-d2.-f1.-r2.d2.d2.r0.f1.r0.r0.d0.f0.-r0.-d2.r0.-d0.-r0.-f0.d1.f1.d2.-f2.-d2.f2.-f1.f0.r2.-f0.-r2.f1.r2.-f1
812,d2.-r1.-d0.-r1.f1.-d0.f2.f2.r1.d2.-r1.d2.-r2.d2.f2.d0.f2.r0.-f2.d0.f2.-d1.r1.d1.-r0.-d1.-r1.d1
813,-d0.-r2.-f0.-f2.r2.d2.f2.-r2.-f0.r0.f2.-r2.-f0.-f0.-r0.-r0.-f0.-f0.-d0.-f0.-f0.r2.r2.d2.r2.r2.-d0.r2.r2.f2.r1.-d1.-r1.d1.-f2.-r1.d1.r1.-d1
814,r1.-f1.r1.f0.-d0.f0.d0.d0.-r2.-r2.-d2.r2.-f2.-f2.r2.-d1.-r1.d2.-r2.d0.r2.-d2.r1.-d2.r0.f2.-r0.-f2
815,-d1.f0.f0.r0.d0.-f0.-r1.f1.d2.-d0.f2.r1.d2.-f1.-d2.-f2.r2.d2.-r0.-f0.r0.-d2.-r2
816,f2.d2.-d1.-r2.-f0.-r2.r1.f0.r1.-d1.d0.-f1.-d2.f1.-d0.f1.-d1.r2.d1.-f0.r2.-d1.-r2.d1.f0.d0
817,f2.d0.f1.-d0.f0.r2.r2.f0.-d0.-f0.-r0.-r0.-f0.f2.r2.-f0.-f0.f2.f2.-d2.-f0.-f0.f2.f2.-d2.r2.r2.d2.d2.-r0.d1.f1.-d1.-f1.r0.-r1.-f1.r1.f1
818,-d1.-f0.r0.-d1.-r1.d1.-d0.f2.r2.d2.r1.r0.-f2.-r2.-f1.-d2.f2.-d2.r2.r2.f0.-r2.-f0.-r2.-d2.-f2.r0.f2.f1.d2.-f1.-d2.f0.d2
819,-f2.-d1.-f2.-d0.-r0.-f2.-r2.-d0.f2.d2.d2.-f2.r0.-d2.r1.d2.-f0.-d2.-d0.r0.-f1.d0.f1.d2.-f1.-d0.f1.r0.-d1
820,d1.-f2.f0.d2.r1.f2.f2.d0.d0.-r0.d2.d0.f0.-r2.f0.-d0.-f0.-d0.-f0.r2.f0.d0.-f2.-r2.f2.f0
821,-f1.f0.-d2.-f2.-d2.-r2.d2.-d0.-f1.f0.-d2.f2.f1.-r1.d2.-f0.r0.f0.-d1.d0.r1.f0.r0.r0.-f0.-r1.f0.-r0.-f0
822,-r2.d1.d2.d2.r0.f2.r0.d2.d2.d0.-r0.-d0.f2.d0.r2.r2.-f2.-r0.-r0.f2.f2.r2.r2.d2.f2.f2.d2.-f0.-f0.r2.r2.-d2.-r2.-d1.r2.r0.-f1.-r0.f1.r1.-f1.-r1
823,r1.-f2.-d0.-r0.f1.d1.-f2.-r0.-d2.-r1.-d1.f2.d2.f0.-d1.-f0.-d2.d1.-r2.r0.-f2.-r0.-d2.r0.f2.r2.-r0
824,-d1.-r2.-d0.-f1.-d0.-f2.r0.f2.-d2.-f2.r2.r2.f2.-r2.f2.-r2.-d2.-d1.f0.r2.-f0.-f1.-r2.d1.r2.f2.-d1.f1.d1.-f2
825,r2.-d2.-d0.f1.r2.f2.f2.r2.-d2.-f2.r2.r2.-d0.f0.d0.r2.f0.r2.-d0.-r1.-d0.r0.d0.-r0.d0.-r2.-d2.f0.r2.-d0.-f0
826,-r2.f2.-d2.-f0.-r2.r0.d0.d0.-r0.-d2.-r2.-f1.d0.-f0.d1.r0.-d1.-r0.d1.r2.d1.-f1.d2.f1.d1.-f1.-d2.-f1
827,-r0.d2.d2.f1.d0.r0.-f0.-r2.f1.-f0.d0.r0.-f1.r2.-r0.f2.-d0.-f2.r0.f1.r1.-f1.-f0.-d1.f0
828,-d2.f2.f2.r0.-d0.r0.f1.-f0.r0.-d1.f2.f0.d0.r1.f0.f0.r1.r0.f0.-r0.f0.-r2.-d2.r2.-f0.d2.-r2.-f1.-r0.f1.r2.-f1.r0.f1
829,-r1.r0.-d0.r1.-r0.-r2.-f0.f1.r1.d2.r1.-f1.r2.-d2.-d0.-r0.d2.-d0.-r0.d0.d0.-f0.-d0.r0.d0.f1.f0
830,f2.r1.r0.f0.d2.-r0.-d0.-f0.r2.r2.-f2.d2.-d0.f2.-d2.-r0.-r0.-f0.-f0.-r0.-r0.d2.-d0.-f0.-f0.-r0.-r0.d0.-f0.-f0.-f2.d1.-r1.-d1.r1.f2.-d1.f1.d1.-f1
831,-f1.-d2.f2.-d2.f1.d0.-r2.r0.f2.-r2.d0.d0.f1.d0.f0.-r0.f2.r0.f1.-d0.-r0.-d0.r2.f2.-r2.d0.-f2.d0.-f0
832,-d0.-f2.r2.f2.r2.-f1.d2.r2.-f2.d0.-f0.r2.r2.f0.r2.d2.-r2.-f2.f0.-d1.-d1.-f0.-d2.f0.d1.-d0
833,r1.-d1.r1.r1.-f0.-d1.-r2.r1.r0.-f2.d0.-r2.-f2.r2.f2.d1.-f2.d0.r2.f1.-d0.f2.d0.r0.-f1.-d1.-f1.r2.f1.-r2.d1
834,d1.f2.-f1.r0.-d1.-f1.-r2.d2.-d0.r2.-d1.-d1.r1.f2.r1.f0.d2.-r2.d2.r2.-d2.r1.-f0.-r0.-d2.r0.d2.f0
835,-d1.-f0.r1.-d0.-r2.r0.f1.-f0.d0.f0.r2.r0.-d0.-f1.d2.d2.-f2.d2.f2.f0.d1.r2.-d2.-r2.d2.-d1.r0
836,-f1.f0.d2.d2.-f1.r2.-d0.-f0.d0.f2.r2.-d2.f0.d1.d0.r2.r2.d2.r2.f0.d0.f0.-d1.-f0.r1.-d0.-f0.d0.f0.-r1
837,d0.r2.f1.d2.r2.d2.-f1.f0.d2.r0.d1.-f1.-f0.-f0.-d2.-f1.d2.-f1.-d2.f1.d2.-f1.-d1.r0.r0.d1.f1.-d1.r0
838,f2.-d2.f1.f1.-r1.-f0.r2.d0.-f2.-d2.-f0.-f0.-f2.-r0.-r0.-d0.-f0.-f0.r2.f2.f2.r2.r2.d0.-r0.-r0.-f0.-f0.d2.-r0.-r0.-d0.-d1.-r1.d1.f1.r1.d1.-f1.-d1
839,-f2.-f0.-d2.-f0.-d2.r1.f0.-d1.-f0.r2.d0.r2.r1.-d1.-f0.-d2.f0.-d0.f0.f0.d2.-f0.-r0.d1.d0
840,d2.f0.-d0.-f1.f0.-r1.d0.-f0.-d1.r0.-d0.r0.-f0.d1.-f2.-d1.f0.d2.-f2.d1.r1.-d1.d0.f2.-d2.-f2.-d0.f2
841,d0.f2.r0.d1.-r1.d1.f1.r1.-f0.-r1.r2.r2.-f2.-f2.-r2.-r0.-d0.-f2.-r2.-r0.d1.-f0.r2.d0.-r2.f0.-d1.-d0.r0
842,r2.-d0.r1.-r0.f2.f2.d0.f0.-f2.r2.-d0.-f2.-r2.-f0.d2.d2.-r0.-r0.-d2.-d0.-r0.-r0.-f0.-f0.r2.r2.-f0.-f0.-r2.-d1.f1.d1.-f1.r2.r1.-f1.-r1.f1
843,r2.r2.d2.-f1.r2.d0.r1.-r0.-d2.-f0.d2.-d0.r0.-f2.-r0.f0.r0.r0.f2.r0.-f2.r1.-r0.-f2.-r2.-d1.r2.f2.-r2.d1.r2
844,d1.-r2.r0.-f1.d0.r2.d2.-f2.-d2.-f2.d1.-r1.-r0.f0.f0.-r2.-f2.-d2.-f1.d2.-f0.-r0.-f2.r0.f1.-r0.f2.r0
845,f0.r0.d2.d2.-f0.-r0.-d1.r1.-f2.f0.r1.f2.-r1.-d1.-r2.d2.-f1.r0.-d2.-r0.f1.r0.f2.r2.-f2.-r0.f2.-r2.-f2.d0.-f2
846,f2.-d0.-f1.-r0.f0.d2.d2.-r2.-f0.d2.-f0.-d0.-r0.d2.-r0.-d0.-r0.-r0.r2.r2.f2.f2.-d0.-f0.-f0.-r0.-r0.d2.-d0.-d0.r2.-d1.-r2.-r0.f1.r0.d1.f1.-d1.-f1
847,r1.-f1.-d2.f2.d0.r2.-r0.f0.r1.d1.r2.r2.-f2.r0.d1.-r2.-r0.-d1.f0.d1.r0.f0.-d2.-r0.f2.r0.f1.-r1.-f1
848,-d1.-r1.d2.-f0.d2.-d1.f2.-d2.r2.f1.d2.d1.f2.r0.-f2.f0.-d2.-f1.d2.f2.-r1.d0.-r1.-d0.r1.r1
849,-d2.r2.-f2.-d0.r1.-d1.-f0.-r2.f1.r2.f2.-r2.d2.-r2.-f0.-r1.-f2.d2.-r1.d2.r0.-d2.r1.-f2.-d0.f2.-d2.-f2.d0.f2.r0
850,-r0.-d1.d0.-f1.d1.r1.f0.-r0.-f0.d2.f2.d0.-f0.-d0.-r2.d0.f0.r2.d1.f2.f0.-d1.-d2.-f0.-d0.-r0.d2.f0
851,r0.-f2.-r2.f1.-d0.-f0.d1.r0.f0.d0.-r0.f2.-d1.-r2.-f2.r0.-r1.-d1.f1.r1.d1.d0.r1.-d0.-r1.-f1.r1.d0.d0
852,r0.-d0.-r1.-f0.-d0.-d0.-r0.-f2.r0.-d1.-r0.-d0.-f2.f0.d0.r1.d0.d0.-r1.-r0.f2.-r2.-f0.r2.-d1.-r2.-d0.r2.d1.d0.-f2.-f0
853,-f2.-d2.-d0.r0.r2.r2.-d0.-d0.f0.r0.-f0.-f2.r2.-d2.-r0.-r0.-f0.-f0.-d2.-d0.-d0.-r0.-r0.-f0.-f0.d2.f2.f2.-d2.r0.f1.d1.-f1.-d1.-r0.r1.f1.-r1.-f1
854,-f2.r1.-d0.-f0.-f0.-r2.d2.-d0.r2.-d0.f2.f2.d2.f2.-r0.r2.r2.d2.r2.r2.-f0.-f0.d2.-r0.-r0.f2.f2.-r0.-r0.d0.-f2.d1.r1.-d1.-r1.f2.f1.-r1.-f1.r1
855,r0.d0.f1.-r1.f2.-r1.-d2.f2.-f1.-r2.f2.f2.r0.d0.f0.-d0.-f0.r2.f2.-r1.d1.-r0.-d1.r1.r0.f1.d0.-f0.-d2.f0.-d1.-f0.d2.f0.d1
856,-f2.r2.-r0.-d0.-d0.f2.-d0.f0.-d0.-d0.-r0.f2.f2.d2.-f0.-f2.r2.r2.d2.-r0.-r0.d2.-f0.-f0.f2.f2.r2.r2.d2.d2.r2.f1.-d1.-f1.d1.-r2.d1.f1.-d1.-f1
857,r1.f0.-r1.-d0.-r0.-r1.-f1.-d2.-f2.-f0.r2.-f1.r2.-d0.-r0.d2.-r0.d0.-r0.-d2.r2.r2.d2.r0.r0.-d2.r2
858,r1.-f0.r1.-d1.-r2.d0.f0.-r2.-f1.-d1.-d1.f1.r2.-d2.-f0.r0.d2.-f0.-r0.f0.d2.f0.r2.-d2.-r2.-r1.f2.-r2.-f2.r1
859,-d1.r1.f2.r1.d0.f1.r0.-d0.-d1.-f2.-f2.-f0.r2.f0.-d0.-r0.-f0.r0.-d1.d0.f0.f0.-d1.f0.f0.-d0.r2.d0.-f2.-r2.f0
860,-r0.-r0.-r2.-f0.-f0.f2.r0.d0.-r2.f0.-r0.-r0.f2.d2.-r0.-r0.-f0.-f0.d2.d2.-f0.-f0.f2.f2.d2.-d0.r1.d1.r1.-d1.-r1.-r1.f0.f1.-r1.-f1.r1.-f0
861,r2.-d2.-d1.-r2.-f2.-f2.d0.r1.-d1.f1.-d0.r2.-d0.f0.r0.d0.-r2.-f2.d2.d0.-f0.d0.f0.d0.f2.-d2.-d1.-f2.d0.f2.-d0.-r2.d1
862,-f0.r0.d2.f1.d2.f1.d0.-f1.-r0.-f0.r0.-f2.r1.r0.-d0.-r0.f2.r0.d0.-f2.r0.-d1.-r0.d1.f2.f0
863,f0.f1.f0.f2.f2.d0.-r2.d0.-r0.-r2.-f2.-d2.-f2.r2.d2.d2.f2.f2.-r0.-r0.d0.r2.r2.d2.-f0.-f0.-d0.-d0.f2.f2.d2.-f2.-r1.-d1.r1.d1.f2.r1.f1.-r1.-f1
864,-r0.-d2.d1.f2.f2.-d2.d0.-f0.-r2.-f1.-r0.-r0.-f1.r0.f1.f0.d1.-f1.r0.f1.d2.f0.-d1.-f1.-f0.-d2.-r2.-f2.-r1.f2
865,f2.-f1.-r2.-f0.-d0.-d0.f2.-d2.-f2.-r0.-f1.r1.f2.-r2.-d1.-r2.d1.-r2.f0.-r1.-d0.r1.d2.-f1.-r1.d0.f2.r0.-f2.r1.f2.-r0.-f2
866,d0.-f0.r2.-d2.-f1.d1.-f2.d0.-f2.d1.r1.-d0.-f0.-f0.-f1.-f1.d0.-f2.-d2.-d0.r1.d0.-f1.-r1.f1.f1.r1.-f0
867,-r2.d2.d1.r0.-d0.-f0.f1.r2.-d1.r0.-f1.d2.d1.-r2.d2.f2.d0.f1.-d0.-f1.-d0.-f0.-d0.f0.-d0.-f0.d0.d0.-f1.d0.f1.f0.-r0.-d0.-r0.d0.r0
868,d1.r2.-r0.-f1.-d2.d1.r0.-d0.-f2.r1.-d1.-d0.-f2.d2.f1.-d1.-f1.-d2.-f2.-r1.-f2.f1
869,d2.r1.d1.d1.-f2.f1.-r0.d0.f2.-r1.-f0.-f0.r0.f0.-r1.f1.r2.-d2.-r2.d0.r1.d1.f2.-d1.-f2.-r1.-d0
870,-r1.f2.-r2.f2.r2.r1.r1.d2.-f1.r1.f0.d0.-f0.r2.r0.-f0.-r2.-r0.-d2.f1.d0.d0.f2.-d0.-f2.r1.d0.r0.f2.-r0.-d0.-r1
871,-r1.f1.-r2.d0.f2.r2.r2.f1.-r0.d2.r0.f2.-r2.r1.-f2.-d1.-r2.f1.-r1.-f2.r1.f2.d1.-f1.-f0.r1.f0
872,d2.-f1.-d0.f2.-d0.f2.-d1.-f0.r1.-d0.-f2.-d1.d0.-f0.d2.r0.f0.-r0.d2.r2.-f0.-d2.r2.-d0.-f0.d0.-r2.f0
873,d2.-f2.f0.-d2.-r0.-d1.-f2.-d2.-f2.-r1.f2.f1.r2.r2.d2.r2.-d2.-f1.-d2.r2.-d2.f0.r2.d1.r2.d0.-r2.-d1.-d0.-f2.-f0
874,f2.d2.-f2.-r2.-d0.f2.r2.-d0.r0.-f2.-d0.r0.d2.r2.r2.-d2.d0.-r0.-r0.r2.r2.f2.f2.-r0.-r0.d2.-r0.-r0.f1.r1.f1.-r1.-f1.-f0.-r1.-f1.r1.f0
875,r2.f1.-f0.-d1.-f2.r1.-f1.d1.d0.r2.-f2.r0.-d0.f2.f0.-d1.r0.f2.-r0.d1.-f2.r0.d0.r0.-d0.f2.-r0.-f2.-f0
876,d0.r2.-d2.f0.-r1.-f1.r2.d1.-f2.-d0.r0.-f0.d1.f0.-d1.-r2.f1.r2.-d1.-r1.-d1.-f0.r0.f0.-d1.-f0.-f2.r0.d2.-r0.-d2.-r0
877,d0.f1.f1.r1.f2.d0.f0.d2.-f2.r2.r2.-f2.-r0.-d0.-r0.-r0.f2.r2.r2.-d0.-d0.r2.r2.-d2.r2.r2.f2.f2.-r0.-r0.d2.-f0.-r1.d1.r1.-d1.f0.f0.r1.-f1.-r1.f1.-f0
878,-f2.-r2.f2.f2.d0.-f0.-f0.d2.f2.-r0.-r0.f2.-d2.-r2.-d0.-d0.-f0.-f0.-d2.-d0.-d0.r2.r2.f2.f2.r2.r2.-f0.-f0.d0.-f2.r1.f1.-r1.f2.-f1.d1.f1.-d1.-f1
879,f1.r2.-d1.r2.d2.d2.-d1.f2.-f1.-r1.-d2.-f1.r0.-d1.-f2.-r0.-f0.r1.f0.r0.-f0.-r1.r0.r0.-f2.-r0.f2.r0.r0
880,d0.d2.f1.r1.r1.f2.r2.-f0.f2.f2.r2.r2.-d2.-f0.-f0.r0.d2.f0.-f2.d2.r2.r2.d2.-d0.-d0.r2.r2.-f0.-f0.d0.f2.r1.-d1.-r1.d1.-f2.f1.d1.-f1.-d1
881,-f0.-r0.-d1.-d0.-r0.-r0.r2.r2.-f0.d2.-d0.f2.r0.-r2.f2.r2.f2.f2.r2.r2.d0.f2.f2.r2.r2.-d0.f2.f2.d2.r2.r2.f2.d1.-f1.-d1.-f2.f1.r1.f1.-r1.-f1
882,-r0.f2.d1.-f0.r0.d1.-d0.f1.f2.-d0.-r2.-d2.-d0.-f1.-d2.f0.d2.-f2.-r0.f1.r0.d2.-r0.f2.-r1.-f2.r1.d1.f2.-d1.-r0.d1.-f2.-d1
883,-r0.d0.-f2.f0.r1.d1.f2.f1.-r2.-d1.f0.r0.f2.r0.f1.r0.-d2.-f2.d2.r0.f2.-r0.-f1.r0.f2.-r2.-d1.r2.-f2.-r2.d1.r2.f2
884,-f1.-d0.-r0.-f1.-r1.d2.f1.r2.f1.-f0.r0.r0.-f1.-d2.f0.-r0.d2.r0.d0.f0.-d2.f2.d2.r0.-d2.-r0.-d2.-f2.d2.-f0
885,r2.-f2.r2.f1.r0.r0.-d2.-r2.-d0.r1.-d1.-r1.-d2.r0.f2.d0.-r0.-d1.r2.f2.-d2.-f2.-r2.d1.f2.f2.-d0.f2.d0.f2.f2.d2.-f2.-d0.f2.-d2.-f2
886,-r2.-f2.-d2.-r2.-f2.-r2.-d2.-f1.d1.d0.f0.-d0.-f2.-r0.f2.r0.-f0.-r1.-r0.-r0.-d2.d0.-r1.-d0.r1.d2.r0.r0
887,f2.r1.f2.d0.-r2.f2.-d2.-f0.-d1.-r0.-d2.-r2.f0.r2.-r1.r0.-f2.d1.-f0.-d1.f2.r1.d0.r1.-d0.r0.d0.-r1.-d0
888,f1.f1.r1.-r0.-r0.f2.d2.d2.f2.f2.-r0.r2.f2.-r0.-r0.-d0.-r0.r2.r2.-f0.-f0.r2.r2.d2.-d0.-d0.r2.r2.-d0.r2.r2.-f0.-f0.d2.-f0.d1.-f1.-d1.f1.f0.r1.f1.-r1.-f1
889,-f2.d2.d2.r1.d0.-r0.f0.d0.-r2.d0.-r2.-f1.d2.f2.d2.f1.-d2.-f2.r0.-f2.-d2.r1.-r0.-f1.-r0.-r1.-d0.-r2.d1.d1.r2.d0.-r2.d1.r2
890,-f2.f1.f1.r1.-d2.-f0.-f0.-d0.-f2.r2.r2.d2.d0.-r0.-r0.-d0.-r2.f0.f2.f2.d0.f2.f2.d2.r2.r2.d2.d2.-r0.-r0.-d2.-r1.-f1.r1.f1.-d0.r1.-r2.-d1.-r1.d1.r2
891,d1.-f0.-r2.f1.r0.d1.f2.r1.r0.f0.f1.-r0.-r0.-d2.r2.-f0.r1.f0.r2.-d2.-f0.-r1.-f0.-r2.f0.r1.-d2.r0.f0.f0.-r0.-f0.d2
892,-d2.f0.-d0.-r1.f2.-r0.-f0.-d1.-r0.f2.r1.d0.-r0.f0.-d2.f0.d2.-r1.-f0.-r0.d2.-r2.r0.d2.r2.-d2.r2.-f0.-r2.f0
893,r0.f2.-r2.-d0.-f2.-r1.-r1.-d0.-f0.d1.-r2.d2.f0.-d2.-f1.-d1.f1.r0.f2.-r0.f2.r2.d2.f1.-r0.d2.r0.f0.-d2.-f1.-f0
894,f2.-f0.d0.r2.f0.r1.-r0.f0.-d2.r0.r1.f1.r1.-f1.d2.-f0.-r0.-d0.f2.-r2.-f2.d0.r0.f2.-d0.r2.d0.-f2
895,r1.f1.-r0.-d2.r2.d0.r2.-d2.f1.f0.-d2.r2.-r0.f2.r2.d2.r0.-d2.r0.-f2.-r2.-f0.-r2.f0.-r1.-f0.r2.-r0.-d0.r2.r0
896,-f1.-d2.r0.d0.r1.-f2.-d1.-r0.-f1.r2.-f0.d2.f0.f0.-d2.d1.r2.r2.-d1.f2.d2.r0.d1.r0.-d2.-r0.f2.-r0.-f2.r0.-d1.-r0
897,-f2.r0.-f0.r2.f1.-d2.-r0.f1.-d2.r2.-d1.-r2.f1.d1.r0.-d1.-r0.-d2.-f0.d2.-f0.d1.d0.r0.r0.d2.-r2.-d2.-r0
898,-r1.-f2.-d2.r0.-f2.-d2.-d2.f0.-r2.-r0.f2.d2.f1.-d0.-r1.d0.r0.f1.f1.d2.f1.d0.-d1.r1.-d2.-r1.d1.-r0
899,-r2.-d1.-f0.-d0.r2.r2.d2.-r0.d2.-r0.-d0.-r0.-d1.f0.r1.-f0.d2.f2.-r0.-d2.d1.r2.d1.-r2.-d1
900,r2.f0.d2.-d1.-r2.-d2.r2.f1.-d2.-r0.-d2.r0.-d1.f2.f0.f0.-d1.-f0.-d1.-f0.-r0.d1.-f0.-d1.f0.r0.-d0.-r0.d1.r0.d0.-r0
901,r1.d0.-r1.-d1.-r1.-d1.r0.d2.f0.-d1.-d0.f2.r0.r0.-d0.-r0.-d2.f2.-f1.-r0.d2.f0.-d2.-f0.r1.f0.r0.-f0.-r1.f1.f0
902,d2.-f0.-r1.-d1.-f0.r0.f0.-r1.r0.f1.d2.-f1.r1.f1.-f0.-d1.f1.d1.-f1.-d0.r0.-f0.-r0.f0.-d2.f0.d2.d2
903,-f2.-d2.-r1.f1.-d0.-f0.r1.d2.d2.r0.r0.-f0.r0.f0.f2.-f1.-d0.f0.-r0.-f0.d0.f1.r1.-d1.f0.d1.-r0.-d1.-f0.d1.f0.r0.-f0
904,-d0.f2.f2.-d0.f0.-f2.-d0.f2.-r0.-d2.-f2.r0.r2.-f0.-f0.-d0.-f0.-f0.r2.r2.d2.-f0.-f0.-r0.-r0.-d2.-f0.d1.-r1.-d1.r1.f0.-d1.f1.d1.-f1
905,f0.-d1.-f1.r1.d0.-r0.d2.r0.f2.-r0.-d2.-f2.f0.r2.-d2.-f1.r0.d1.-r0.r1.d1.-f1.-r1.f1.r2.-d1.-f1.d1.-r2
906,r2.-f1.-r0.-r0.d2.-f0.-r2.-d2.-f0.-d0.-r2.-f2.-d0.-r0.-d2.-r0.-r0.d2.f2.f2.-d0.r2.r2.f2.f2.d2.d2.-d0.-r0.f1.d1.-f1.-d1.-r0.d1.f1.-d1.-f1
907,d2.d2.-f1.r0.f2.r1.d0.d0.-r0.d1.-f2.-f1.-r0.-d0.-f2.d0.d0.f2.f2.-d1.f2.-r2.d0.r2.f2.-d2.-f2.-r2.-d0
908,-f2.r2.d2.r2.d2.-f2.f1.d1.f0.d2.-f2.-f2.-d1.f2.-r2.-f2.r2.-d1.f2.f0.-r0.-f0.-d1.f0.r0.-f0.d1.f0
909,f0.-r2.d2.r1.-d1.f0.r2.-r0.-d1.-r2.d0.r0.f0.-r0.d2.f0.d0.-f0.r2.-f0.r0.f0.d0.-r1.-r0
910,-d2.d1.-f1.-d2.-f2.-f1.d2.-r2.-f1.r0.-d2.f1.-d0.f2.-r2.-d1.d0.-f2.d2.f2.f0.d2.-f0.-d1.f0.-d2.-f0.d1
911,r2.d0.-d1.d2.d2.r2.d0.-f2.-r0.-d2.f2.-r0.-f2.r2.d0.r2.r2.f2.f2.-d2.f2.f2.-d0.-d0.-r0.-r0.f2.f2.d0.r2.-d1.-r1.d1.-r2.d1.-f1.-d1.r1.f1
912,-f2.-r2.-d1.-r2.d0.f2.-r2.-f1.-r2.-r1.f0.-r1.-f2.f1.-f0.-r0.-f1.-r2.d2.d2.r2.d2.r0.-d0.-r0.d2.r0.d0
913,d0.r0.-f2.f0.r2.d0.r1.-r0.f2.-r1.-f1.-f0.-r1.-f2.r1.d2.d2.r1.d2.r2.d2.f2.d2.-r2.-f2.d2.f2.d2.-r1
914,-f0.r0.d1.-f0.-d2.r2.r2.-f0.-d0.-r0.-r0.-f2.-r0.-r0.d2.d0.-r0.-d0.r2.r2.-f0.-f0.-r0.-r0.-f0.-f0.-d2.f2.f2.r2.r2.d2.-r0.d1.r1.-d1.-r1.r0.-d1.-f1.d1.f1
915,-f2.-d2.-d1.f2.f2.d2.d2.r2.-f0.-f0.d2.r2.-f0.-f0.r2.d2.-f2.r2.r2.d2.-d0.-f0.-f0.r2.r2.d2.-f0.-f0.d0.f2.-r1.d1.r1.-d1.f2.r1.-f1.-r1.f1
916,r1.d2.-f0.-r2.f2.d1.r1.-f0.-d2.-r2.d2.-f1.f0.d1.-f2.-d1.f2.d2.-d1.-r1.-d0.-f1.d0.r1.-f0.-r1.-f2.r1.f2.f0
917,-f2.d2.f0.-d2.r2.r2.f2.r0.-f2.-r0.-f0.-f0.f2.f2.r2.f2.f2.d2.-r0.-r0.d2.d2.-r0.-r0.f2.f2.d2.-f0.-f0.d2.d0.-r2.-d1.r1.d1.r2.f1.-r1.-f1
918,f1.-r1.-d2.-r0.f2.-d0.r0.-f1.r2.f1.r2.-r1.d1.r1.r0.f1.-r0.-f0.d0.f2.-d0.-f2.f0.-r2.-f2.r2.-f2.-f0
919,-r2.-d2.d0.-f2.d1.r2.d1.-r1.r2.-d2.f1.d2.-d0.f2.-r2.-r0.-d1.-f0.d2.-r1.f0.-r1.-f0.r1.-d1.-f1.d1.d1.f1
920,-d2.r1.d2.d2.r2.r2.-d2.d0.f0.-r0.r2.f2.r0.d2.d2.-f0.-d0.-r0.-r0.-d2.-f0.-f0.r2.r2.-d0.-f0.-f0.d0.-r1.-f1.-d1.f1.r1.d1.-f0.f1.-r1.-f1.r1.f0
921,-r2.r0.f1.d0.-r0.-d1.f1.d0.-f1.-r1.f0.-r0.-r2.d2.-r1.d0.-d2.-f0.-r2.f0.-d1.-d0.r2.-d0.f1.d0.-f1
922,f2.-d2.d1.f1.-r1.-f0.r2.-f0.r1.f2.r0.r0.d0.r1.f0.-r1.-d0.f1.d2.r2.-f1.-r2.-d2.d0.f1.d2.-f2.-d2.-f1.-d0
923,-f2.r0.f2.-d2.-r1.r2.-f0.-d0.f0.d2.-f0.r0.r0.d0.-r0.d0.r0.-d0.-r2.-f2.-d0.f0.d0.f2.-f0.d0.r2
924,d0.d2.r1.-r0.-r0.f0.d2.r2.-f2.-d0.r2.-d0.-d0.r2.-f2.-r0.d2.r2.r2.d2.f2.f2.d0.-r0.-r0.d2.d2.d0.f2.f1.r1.-f1.-r1.f2.r1.f1.-r1.-f1
925,d2.r2.-r0.-f0.-d2.d1.f2.f2.-r0.d2.r2.f1.-d2.-f2.r1.f2.d2.f1.r1.-f2.-r1.d2.-r0.-d0.r0.-d2.r0.d0.-r0.f2.r0.-d0.-r0
926,-d1.f0.-r0.f2.-f1.r0.d2.f1.r2.r2.d2.-r2.r1.f1.-f0.d2.-r1.d2.r2.-d2.-r2.r1.-d2.-f0.r2.f0.-d2.-f0.-r2.f0
927,r1.-f2.d1.-f1.-d2.-f1.r2.r2.-d0.f0.r0.-f0.-d0.-f0.-r1.f0.-r2.d0.-f0.d1.f2.r2.d0.-r2.-f2.-d1.-d0.r2.-f0
928,r0.r2.f1.f1.-r1.d0.-f2.r0.f0.f2.f2.r2.d0.r0.-f2.r2.f0.d2.-f0.-f0.-d0.-d0.-f0.-f0.-r0.-r0.d0.f2.f2.d0.-r2.-d1.r2.r0.-f1.-r0.f1.d1.r1.-f1.-r1.-d1
929,-f2.d0.r0.f0.-d2.r2.-r0.-d1.-f2.-r2.-r1.-d2.-r0.d0.-f1.-r2.f2.r0.d1.-f2.d0.f1.r2.f1.-r2.-f1.-d0
930,-r0.-f0.r2.-f0.-d0.-f0.d2.f0.r2.f2.-r0.r2.-f0.d2.d2.f2.f2.-r0.-r0.r2.r2.d2.d2.f2.f2.r2.r2.-d2.-f0.-f0.-r2.d1.r1.-d1.r2.-r1.d1.-r1.-d1.r1
931,-d0.-d1.d2.r2.f2.r2.r2.-f2.r0.-f0.r2.r2.f2.-d0.-r0.-f0.-f0.-r0.-r0.-d0.-d0.-r0.-r0.d0.-r0.-r0.-d0.-f2.-d1.f1.d1.f2.-f1.d0.r1.-f1.-r1.f1.-d0
932,-r1.-f2.d2.f2.-d1.f0.-d2.d0.f0.-d2.-r0.d0.f0.-d2.-f0.d2.d0.r0.d0.-f2.f0.-r2.f2.r2.-f0.-d0
933,f0.-f2.-d2.-r0.-f0.-f0.f2.-r0.-r0.r2.r2.d0.-r2.f2.r0.-f0.-r0.d2.d2.-r0.-r0.d2.r2.r2.d2.-d0.-f0.-f0.f2.f2.-d2.-r0.-r0.f1.-d1.-f1.d1
934,f0.d2.f0.r1.d2.r2.d2.r2.f1.-f0.-d2.f1.f0.r2.-f0.-d0.r0.d2.f0.d1.-f0.-d2.-r0.f0.-d1.-f0
935,r1.-f1.r1.-f2.-d0.f0.-r2.-d2.r0.d2.-r2.d2.f2.f1.-r2.-d2.-f1.r1.-f0.d0.-f0.-d0.f0.r0.d0.f0.d2.-f0.-d0.f0.-d2
936,d1.-f2.r2.-r0.d1.f0.-r0.d0.-r0.-r0.d1.f0.r1.-f0.r0.-f2.-d1.-f2.-d2.-f2.-r2.f2.d2.-f2.-r1.-f1.r1.-f0.-r1.f1.r1.f0
937,-f2.r0.f1.-d0.r0.d1.-d0.f2.-d2.-f0.-d1.-r0.f1.d1.f0.-d1.f2.-f0.-r1.-f2.d1.-f2.-d1.f2.f0.d1.r2
938,-d0.-r2.d2.f2.-f1.-r0.d1.r2.r1.-d2.-r0.d0.f2.d1.-r2.-d1.r2.-d1.-d0.r2.-d0.r2.r2.-d2.f0.d2
939,f0.-r2.d1.f2.-f1.-f1.d1.d2.-f2.-d2.f2.-f0.d1.f2.-r1.-f2.r2.f2.-r0.d0.r1.-f1.d1.f1.-r1.-d0.-r2
940,r0.-f0.r2.d2.-f2.-d0.-r2.-d1.-f1.-f0.-d0.-r0.-d2.r2.-f0.d1.f0.-r2.d2.-r2.d2.-r2.-d2.-r1.d2.r2.-d2.-r2
941,-f1.d2.-d1.-r1.d0.f0.r1.f0.-r2.-f1.-d0.f2.r1.-d2.-f0.d1.f0.-d1.f2.-r2.d0.r2.f0.-r2.-d0.r2.-f2.f0.f0
942,-d2.-r2.f0.d2.f2.d0.-r0.d2.-f0.f2.r2.-f0.-r0.-f0.-f0.f2.f2.d2.d2.-d0.-f0.-f0.d2.f2.f2.r2.r2.-d0.f1.r1.-f1.-r1
943,d2.f0.-r0.-d2.f2.r0.-d2.f0.d2.f2.-r0.d0.r2.-d0.-r0.-r0.r2.r2.-f0.-f0.-r0.-r0.-d0.-d0.-r0.-r0.d0.r0.-f1.-d1.f1.d1.-r0.f1.-d1.-r1.d1.r1.-f1
944,-f2.r1.-d2.-r1.r0.f2.-d0.f1.r0.f0.-d2.-d1.-r2.f1.-d0.-f1.d2.-f2.r2.r2.f2.-r0.-f2.d0.-r2.-d0.f2.r0.-f2.r2
945,f0.r0.-d2.d0.r0.d1.r2.r2.-d0.f2.f2.-r2.d0.f0.-d0.-f2.-r1.d0.r0.-d0.r1.d0.f0.r0.-f2.-r0.-f0.r0.f0
946,r1.-r0.-r0.-f0.-f2.r0.-f0.-f0.-r2.f0.-r0.-r0.-d0.f0.-d0.-d0.-r0.-r0.-d2.f2.f2.-d0.-r0.-r0.-d0.f2.f2.d0.f2.f2.-f1.d1.-r1.-d1.r1.f1.-r1.f1.r1.-f1
947,-f0.r1.d2.f2.-d2.-r0.-r0.-d1.f1.-d1.-f0.d2.d2.-d1.f0.-d1.-d0.-f2.d0.r0.f2.-r0.d0.-r0.-d0.r0.-f2
948,-f2.-r1.-f2.-d0.f0.d0.r2.-f0.-d0.-f2.-r0.-d2.-r2.-f0.r2.d2.f2.d2.-f0.r0.-d2.r0.-f2.-r0.f2.d2.r0.f0.r0.r0
949,-d2.f0.r1.-d0.f0.-d0.-r2.f2.-d2.-d1.-r2.r0.-f2.-r2.-f1.r0.f1.r2.-f0.r0.-f1.-r0.-r0.f2.r0.-f2.-f0.-d0.f0
950,d2.d2.-r0.-f2.d2.d2.-r0.-d0.f0.d0.r2.f2.-d2.r0.-d0.f2.f2.d0.-f0.-f0.d0.-f0.-f0.d2.r2.r2.-f0.-f0.f2.f2.-f0.-r1.f1.r1.-f1.f0.d1.-r1.-d1.r1
951,d2.r2.-d1.f1.r1.d2.f0.r2.-d1.r2.d1.-f0.r1.f0.-r1.-r0.d0.-d1.f2.r2.-f2.d1.r2.d2.r2.-d2.f0.r2.-f0
952,r2.-d1.-f2.-r0.f2.f2.d0.r1.-d1.-r0.f0.-r1.r0.f0.-r2.-r0.d2.r0.d0.r1.-d2.-f1.-r1.f1.r1.-d0
953,d0.r2.d1.r0.-d2.f0.f2.r2.f2.f2.-r0.-f0.-d2.r2.-f0.-f0.d2.-f0.-f0.d2.-d0.r2.r2.-f0.-f0.-d0.f2.f2.-d0.f1.-r1.-d1.r1.-f1.d1.r1.f1.-r1.-f1
954,d2.r1.f0.-d0.f0.r0.f0.r1.r1.-d1.r1.-f2.-r0.d1.f0.r0.-f1.d1.-f0.-d0.-r1.-d2.-d1.r1.r0.-f1.d0.f1.-r1.-f1
955,-d2.-d1.-f0.r1.f1.-d2.r0.d0.d0.-f2.d0.-f2.r2.r2.f1.d2.f1.-d2.-r2.-f0.d2.f0.r2.f0.-r2
956,-r0.f1.f1.d1.r0.f0.-r2.-d0.-d0.f0.r2.r2.-d0.-f0.-d0.f2.d0.-f0.-f0.-d0.r2.r2.-d2.-f0.-f0.-r0.-r0.-f0.-f0.f2.f2.-d2.r0.-r1.d1.r1.-d1.-r0.f0.f1.-d1.-f1.d1.-f0
957,-f2.-r2.r1.f2.-r1.-d2.-f1.d2.f0.-r2.-f2.-d2.-r2.-d2.-d1.d0.-r0.-f0.d2.d2.-f0.-d2.r0.f0.-r0.-f0.-d2.f0.r0
958,d0.f1.f1.r1.d2.r2.r2.-d2.r2.-f2.-r0.-r0.-d0.-f0.-r2.d2.f2.r2.r2.-d0.f2.f2.-d2.-f0.-f0.-r0.-r0.-d2.-r0.-r0.d0.-r1.-d0.-d2.-f1.d2.f0.r1.-f1.-r1.f1.-f0
959,-d2.-f2.-d2.f1.-d2.-d2.-f2.-d0.-r2.d0.-r2.-d0.f2.f2.-f1.r0.d0.r0.r0.d2.-f1.r0.f1.f0.-d2.r0.d2.-f0.r0.-f0.-r0
960,d2.f1.r1.-r0.d0.r0.-f1.d1.d2.f1.-r0.-f2.f0.-d1.r2.d0.f2.d2.f2.-d2.-r2.d0.-f2.d1.-r1.f2.r0.-f2.r1.f2.-r0.-f2
961,-f2.d2.f2.r2.-d2.-d0.-f2.-r2.d2.-r0.-r0.f0.-r0.-f2.d2.-r0.-r0.-d0.r2.r2.d0.-r0.-r0.-d2.-r0.-r0.d2.f2.f2.-r1.-r1.-f1.-r1.f1.-r1.f1.r1.-f1.-r1
962,-f1.r1.f0.-r1.-d1.f0.-r2.f0.-d2.f2.d1.f0.f0.-r1.f1.-r2.d2.f2.d1.d0.r0.f1.-d2.r0.-f0.-d0.r0.d0.r0.f2.r0.f0.-r0.-f2.r0.-f0
963,-r2.-d0.-r1.-f2.d0.r0.-f1.-d0.-r2.r0.-f2.f1.r2.r0.-f0.-d1.-r1.d1.f0.-d2.r2.-d1.-r2.d2.-f2
964,f2.-f0.d0.r1.-f2.-d1.-f0.-r2.-f2.r2.r2.d2.d2.r0.-d0.f1.-r0.d1.-d0.f1.-r0.-f1.r0.r0.-f1.-r0.d0.r0
965,r2.r0.-f2.-d0.-r2.-d2.r2.r2.f2.r0.f2.-r0.f0.d2.d2.-d0.-d0.-r0.-r0.-f0.-f0.-d2.-f0.-f0.d2.d2.d0.r1.-d1.f1.-r1.d1.-f1.-f0.-f1.-d1.f1.d1.f0
966,r0.f0.r1.-d0.-r2.r0.-f0.d2.-r2.-f2.f0.-d1.f0.f0.r2.d2.d0.-r2.d1.-f2.d0.r0.-d0.f2.-r2.d0.-r0.-d0
967,-d0.f2.f2.-d0.-r1.-d0.f1.-d1.f1.r0.r0.d1.-d0.-r1.-d1.-f2.r0.r1.d2.-r0.d1.r1.-f0.-r1.f0.-d1.-r1.d1.-f0
968,r2.f2.-f0.-r0.-d2.-f0.-d2.f2.-d2.r0.-f2.d0.-r0.-d0.f2.-f0.-r1.f1.d1.f0.r0.-f1.d1.-f2.-f0.-d0.f2.d0.r1.-d0
969,f1.r2.-f1.r2.-f0.d0.f0.-d2.d1.-f1.-r0.d0.-f2.r0.-f0.r2.f2.-d1.d2.r2.d1.-r2.-d2.-f2.f0.d0.r2.-d0.f2
970,f1.d1.f0.r1.-r0.-d1.f1.r0.d0.f1.-f2.-f0.d2.-f2.d2.-f2.-d2.d0.-r1.-d1.r0.-d0.r2.-d2.-r2.-d1.f2.d1
971,d2.-f2.-d0.-r1.f1.r0.f2.f2.r2.-d2.f1.-r2.-f1.-f0.r2.d1.r0.-d1.f2.d2.f1.d1.d0.r1.r0.-d0.-r0
972,-d0.f2.-d2.f2.-r0.d1.d0.r1.r1.-f0.-f0.d1.-f1.r0.d2.-r0.f2.-d0.-f1.-d1.-f0.d1.d0.r0.d2.-r2.-d2.-r0.-f2.-d2
973,d0.f1.-d1.-r2.-f2.-d0.f0.r2.d0.r2.d0.-f2.-r2.d0.r1.-d0.-f0.d0.r1.f0.-r1.-d1.f1.d1.d0
974,-r0.-d0.-f2.r2.d1.f2.-d1.-f0.-r2.-f2.-d1.f1.-d0.r2.-d2.d1.-r1.-d1.f2.d1.-f2.-d0.-r1.d0
975,-d0.-f1.-d0.r0.-f0.d1.f1.-d2.r2.-d0.f0.d2.-r2.-d2.r2.-d0.-r2.d2.f2.-r2.-f1.r2.-f2.-r2.f1.r2.r2
976,-d0.-r1.-f2.r2.-d2.-r2.-f0.d2.r0.-d1.-r0.d1.-r1.-d0.-r2.-d1.f0.-r1.-f0.r1.-f0.d1.-f1.-d1.-f0.d1.f1.f0
977,-r0.-f2.-f0.-f0.r0.r2.-d0.f2.d2.-r0.f2.-d0.r2.-f0.-f0.d0.-f0.-f0.f2.f2.-d2.f2.f2.r2.r2.-d2.-r0.-r0.-d0.r1.-r2.d1.-r1.-d1.r2
978,r2.-r0.d2.r1.-f0.r1.-d2.f1.f0.d2.-r1.-r2.d0.f1.-f0.r2.-f0.r2.f1.f0.r0.-f1.r1.f2.-r1.f1
979,-r2.-d1.-r0.-f1.-d0.r2.-r1.-d2.r1.f1.d0.f1.r0.-f1.-r1.d0.-r2.r1.d0.-r2.-r2.-f2.r1.r0.d2.d2.-f2.-d2.-r0
980,-r2.f2.r0.-f1.-r2.-f2.-d2.-d1.f0.r0.r0.f1.r2.-f0.d0.f0.-r2.f0.r2.d0.-r2.f0.d0.-f0.-d0.-r1.-f0.r1.f2.f0
981,r2.-d2.f2.-r1.f1.d0.-f1.r2.d0.-f0.-d0.r2.f0.-d2.f2.f1.-r1.-d2.f0.d2.d2.r1.d1.r0.f0.-r0.-d1.r0.d1.-f0.-d1
982,-r0.-d0.f0.r0.d2.f1.r2.d0.-r2.-r0.d2.r0.-d2.-r0.-d1.-r1.-d0.-f2.-d2.-f2.-r2.f2.d2.f2.r2.f2
983,-d0.f1.r1.r1.f0.d0.r2.-f0.-d0.r2.f0.r2.f0.r0.d2.d2.-d0.-r0.-r0.f2.f2.d0.f2.f2.r2.r2.d0.-r0.d1.-r1.-d1.r1.r0.-f0.-d1.f1.d1.-f1.f0
984,r0.-d2.-r0.-d1.-f2.d2.f1.d2.-r2.r1.f0.r2.-d1.-f0.-r0.d1.f0.d1.r2.-d1.-r2.-f0.-d0.r1.f0.-r1.d0.r1.-d0.-f0
985,f2.-r0.f1.-f0.d0.r2.f0.-d0.-d0.-f0.-d2.-f2.-d2.-r0.f2.f2.-d0.f2.f2.-d0.r2.r2.d2.r2.r2.f2.f2.r2.r2.-f0.-f0.-r0.d1.-f1.-d1.f1.r0.-d1.-r1.d1.r1
986,d1.-r1.r0.f2.d2.d0.f2.f2.-r0.d0.f0.-r1.-f0.r1.r0.-f0.d2.-f0.d0.f0.-d2.r0.-d0.-r0.-d2.-d0.-f2.d0.f2.d0
987,-d1.-f1.-r0.f0.-r0.-f1.-d1.f2.r2.f0.-d2.f1.-d2.-f1.f0.r0.f1.f1.-r0.f0.f0.r0.-f1.-r0.-d1.r2.d1.r0.-d1.-r2.d1
988,d1.f2.-f0.-d0.f0.d2.-f2.d2.r1.d2.-f0.-f0.r1.-f2.-r0.f1.d1.-f0.-d1.f1.f0.d1.f2.d1.-f1.-d2.-d0.f1.d0.f2.-d0.-f1.d0.-f2
989,-f0.r1.r1.-f0.r0.d1.f2.-d0.r0.f0.-r0.-f0.-r0.-d1.-r2.-d0.f2.r2.d2.-r0.-f2.-f0.r2.d0.-r2.f0.r0
990,-r0.-d1.f1.-d0.-f0.d0.-r1.-r2.f0.r2.-d0.r1.-d2.-d1.f1.f0.d0.r2.d2.-r2.r0.-f2.-r2.-r0.f2.r2.-f2.r0.f2.-r0
991,r1.-d2.-f2.-d1.-r0.-d1.-r2.-d1.f0.r0.-d1.f0.r1.r1.-f0.r1.f0.-r0.-f0.-r2.f0.r1.-f0.r2.d0.r2.-f0.-d0.f0.-r2.f0.-d2.-f0.-d0.f0.d2.-f0
992,-f2.d2.-f1.-d1.-r2.-f0.f1.-r0.f1.-r2.-f1.-r0.-d2.-r0.f2.r2.d2.r2.d0.-r2.-f2.-f0.-r2.-d0.-r2.f0.r2.-f0.d2.r2.d0.-r2.-d2.f0
993,f1.f1.-r1.f2.d2.d2.r0.d2.d2.-d0.-d0.-r0.-r0.-d2.f2.-d2.r0.d2.r2.r2.-f0.-f0.-r0.-r0.d2.r2.r2.-r1.-f1.-r1.f1.-r1.-r1.f0.d1.-f1.-d1.f1.-f0
994,-d0.-r2.r0.f0.-r0.-f1.-d0.f0.-d2.-r1.-d2.d0.-f1.d2.r0.d1.d0.f0.-d0.-r0.-d1.r0.-d0.-r0.-f0.-r0.f0.d1
995,-r1.-f2.f1.r2.f0.-r1.-d0.f1.f0.-d2.f0.d2.f1.-d2.-f1.-r0.-d2.-r2.-d2.f0.f0.d2.f0.f0.r2
996,-r2.-d0.-f2.d1.-r2.-f0.-f1.r2.f0.-d2.-f2.f0.d0.d0.f0.-d0.-r2.-r1.-f2.r2.f2.r2.r2.-d0.r2.d0.-f2.d0.f2.-d1.-d0.r2
997,-d0.-f2.-r2.-d2.r0.-f0.-r1.f1.d2.-f0.r0.-f2.-r0.-d0.f2.-r2.-f2.-d0.-f0.-d1.f2.-d0.-r0.d0.-f1.r0.f1.r0.d1.-r0.-f1.-r0.f1.r0.f0
998,r0.f0.d0.d0.-r0.-r0.d1.-f1.r0.-f1.-d1.f1.-r2.-f2.-r0.d1.r0.f2.-r0.-f2.r0.-d2.-f2.-r0.f2.-r0.-f2.-d0.-r0.d0.f2.-d0.r0.d0
999,-d2.f1.r2.-f0.-d2.r1.d0.d0.f2.-r0.f2.-d1.-f2.r0.d0.r0.-d2.-d0.f2.-d0.f2.r0.d2.d2.f0.-d2.-r0.-d2.r0.d2.-f0
1000,-f0.d0.-d2.-r0.r2.-f0.-d0.-d0.-r0.f2.r0.-f0.r2.r2.f0.-r0.-r0.d0.-f0.-f0.-d0.-d0.-f0.-f0.r2.r2.d0.r2.r2.d0.f2.f2.-r1.d1.-r1.-d1.-r1.f1.-r1.-f1
1001,r2.f0.-r2.f2.d0.f0.-d0.r0.d1.d1.f1.d0.-r0.-d0.-r0.-f0.r0.d0.-f0.r0.r0.d0.f0.d1.r0.-f0.-r0.-d1.d0
1002,f0.-f2.-d0.f2.r0.f2.f2.r2.r2.d0.f2.f2.-r2.-f0.-d0.-d0.-f0.-f0.-d0.-r0.-r0.-d0.f2.f2.d2.-f0.-f0.d0.-r2.d1.r2.r0.f1.-r0.r1.-d1.-r1.d1
