initial_state_id,path
0,d2.-f2.-d1.r2.-d1.f0.d0.r0.f2.f2.r0.-f0.r0.-f1.-d0.f1.-r0.-r0.-f2.-d1.f2.-d2.-f2.d2.d0.-r0.-d0.-d1.-f1.-f0.-f0.f1.-r0.f2.-d0.-r0.d0.-f2.d1.r0.-d1.-d1.-f0.d1.-f2.-r1.-f0.r1.f2.-f0.d0.-f0.-d0.f0.f0.f0.-r0.f0.r0.-f0.-r0.f0.f0.f0.d2.f0.-d2.f0.-r0.-d0.r0.d0.f0.-r0.-f0.r0.-f2.-r0.f0.r0.f2.-r0.f0.r0.-f0.d1.r0.-f0.-r0.f0.-d1.-f0.r0.f0.-r0.f0.-r0.-f0
1,d1.-r1.-d1.-r2.d1.r1.-d1.r2
2,d2.-r0.r2.d2.d2.r0.-r2.d2.-r0.r2.d2.d2.r0.-r2
3,d0
4,-r2.d0
5,r2.-f1.-r2
6,f1.-d2.-d0.-r2
7,f2.-d1.-f0.f2.-r2
8,f0.-r0.d1.-r2.d1.f0
9,-r0.d2.f2.-r2.-r1.r0.-d1
10,r1.-f1.-r1.-f2.f1.-d1
11,f2.-f1.-d2.f0.-r1.r0.-r1.f2.-d0
12,-f0.-r1.d0.f1.d0.-f2.-d0.f2.-d2.-r2
13,-r0.f2.-d1.f2.d0.d1.d1.-f1.r1.r0.-f1
14,-f2.-r2.-r1.-r2.f2.-d0.f1.-f0
15,r0.-d1.-f1.-f1.-r0.-r0.-d1.-f0.-f1.d2.r1.f2.r2
16,d1.r2.-d1.f1.-f0.-r2.f0.r1.-f0.-r0.-f2.d1.f2.-d0
17,d2.r0.-d2.d1.f0.-d0.-r1.-r0.d0.r0.-d1.f0.d0.-f0.-f2
18,d0.d0.f1.f0.r2.f0.d0.d1.-f0.-r1
19,-f0.-f0.d0.-r2.f0.f1.-r1.f1.f2.f1.r1.-d0.-r0.-r1.-f1
20,r0.r1.-d0.d2.r0.-d2.f0.d1.r2.d0.f1.d0.d1.d0
21,r2.r0.r0.-f1.d2.d1.-d0.-r2.r0.-f0.-f0.-d2.-f1.d1.-f2.-r1.f2
22,-d2.f1.d0.-r1.-d2.f0.d1.d0.r0.d0.f0.-f1.r0.-f2
23,f1.d1.-f0.-d2.f1.r1.r0.r1.-d1.-f2.f1.r0.-d1.r0.-r2
24,f0.-d1.-r0.-f2.r2.r0.-r1.d2.r2.-f0.f1.-d1.-d0.-r2.d0.-r1.f0.f1.-f2.d1
25,d2.f2.r2.f0.-r0.-r1.-r2.d2.r2.d1.r0.r1.-d2.f0.-r0.f2.d0.d1.d0.-f0.d1
26,f1.d0.-d2.-r0.r2.f2.f2.f0.d1.-r2.-f0.-r1.r2.d0.r2.-f0.r2.-f2.-r2.-f1.-r0.-r2
27,-r0.d0.f0.f0.r2.-f0.-r1.f1.-d0.f0.-d0.r1.f1.r2.-r1.-f1.r0.f1.r0.r1.-r2.-f1.-d0
28,-r2.-f2.-r0.-r1.-r1.-r0.-f2.-d2.d0.-r2.d1.-f1.-f2.-d1.-r0.f2.d2.r1.f1.-f2.r0.-d0.r2.r0.-d2.f1
29,-r0.d1.-r0.d2.-f1.d0.f0.d0.-f2.-r0.d0.f2.-d0.-d0.-f0.f1.-r1.f2.r1.-f2.r1.-f1.-f2
30,-r0.-r0.f0.r0.-d1.r0.r1.-r2.f0.-d0.-d1.-d1.r2.f2.f1.-r0.d2.-d1.r1.-f2.r1.f0
31,-d1.r1.d1.d1.r2.-d0.-d0.r2.-f1.d2.f2.-f0.r0.d0.-f1.-f0.-d1.f1.r1.d0.d0.-d1.-f2.f0.r0
32,-d2.r1.-f2.-r1.f2.r2.r0.-f0.d2.f2.r1.f2.f0.-d1.-r0.f1.-d0.f1.r2.d1.-r2.-f2.r1.d2.r1.f1.-d2.d1.-f0.-f0
33,-d2.-d0.f2.-r2.d1.-f1.d0.-r2.-d0.d1.d1.-d2.r1.d0.d0.f2.f2.-f0.d0.-r1.f2.d0.-d1.f0.d2.-r2.-d2.f1.d0
34,-d2.r1.d1.-d0.d1.-d0.-r2.f1.f1.f2.-r1.-f0.f1.d2.-d0.f2.r2.r2.r2.d1.d0.-r1.d2.f1.-r1.-r1.-d0.f2
35,-d2.-f1.-f0.f1.-r1.r0.-d2.-f1.-r0.-f1.-d1.-f0.-r1.-r2.-f1.d2.-f1.d2.-f0.-r1.-d2.f0.-r0.-f0.r0.-r2.d1
36,-r2.-d1.-d0.f0.r2.f2.r1.-f0.-d2.-r0.-f2.-d2.-r1.-f0.r0.-f2.d0.-f1.-f1.-d1.d0.f2.f1.-r2.-r0.f0.-d1.r0.r2.-d1.f0.-d0.-f1.-r0
37,-d0.d1.-d2.-r0.r1.-d1.-d0.-d1.d2.d1.d2.d0.r1.-f0.d0.-f0.-d1.-d2.-d1.f0.-r2.d0.f1.-f2.-f0.-r0.-d2.-f2.r2.d0.-r0.-r1.f1.f1.d2
38,d1.-r0.d1.-r1.r2.-r1.f2.f2.-d0.-f0.f2.f0.-r1.-f1.-r1.-d0.-r2.-d2.f1.d0.-f2.d2.-f0.-r0.d0.r2.r2.d2.f2.-r1.f2.f2.r1.-r2
39,-f0.f2.d2.-f1.-f0.r1.f1.f1.f2.f2.r2.-f2.r1.f1.-d0.f2.r0.-f1.f2.f1.-d0.r0.-f1.-d0.-r2.r0.r1.d1.d1.f2.f0.-r0.f0.r0.-f1
40,-r0.d2.f0.d1.f1.r1.f0.-r2.d1.f1.-r0.-d2.d0.-f1.r1.r0.f1.-d1.-f2.f1.-d0.-f0.-d2.-d1.-d1.f1.-d1.r0.r0.d0.-f0.-r2.d0.d0
41,-d1.d2.-r1.-r1.f1.-d2.-f0.d2.f0.r1.-d2.-r2.-d0.f2.f1.-r0.d2.d1.-f0.d2.-f1.r1.-d0.r2.d1.r0.-r2.d1.f1.d0.r1
42,-d0.d2.-d0.r2.d1.-d0.-d0.d2.f0.-r1.-f0.r0.d0.f0.f2.-f0.r2.f0.d0.d1.d0.d2.r1.r1.-f0.r1.-r2.d2.-r0.-f2.-r1.-r0.f0.f2.d2.r2
43,-d0.-f2.r2.-f1.r1.-r0.-r0.-r0.d2.-f0.d2.d0.-f2.r2.-d0.-f0.r1.-d2.-f2.-r2.d2.r1.d0.r1.-f1.r2.r1.r1.d2.d2.r2.f0.-r0.r2.-r0
44,-d0.f2.f1.d2.-f0.-f0.-d2.f0.-r0.-d0.-f0.-f0.-r2.f2.f2.r0.-f2.d0.r2.r2.-d2.f2.f2.d0.-r0.-r0.d0.r2.r2.-d2.-f0.-d1.-r1.d1.r1.f0.f1.r1.-f1.-r1
45,-f1.f2.d0.f2.-r1.f1.-d0.-r0.r1.d0.-f2.d1.-d0.r1.r1.r1.-d1.-d1.d2.-r0.-d1.d0.d0.-r1.-r2.r0.-r1.-f1.-d1.r0.r0.-r2.f2.f2.-f0.-d2.-r0.f0.-r2
46,-r2.-d1.-f0.-f1.f0.d1.-r0.-r2.d0.f2.d0.-r1.r2.d1.-f1.-d2.r1.-d1.d2.f0.d1.d1.-d0.-d2.r0.-f1.-d1.-r2.r0.f1.-d1.-r0.d0.f1.-d2.f0
47,-f0.d2.d2.-r0.-r0.-f2.r2.r2.-f0.d0.-f2.-d2.-f2.-r0.-r0.-r2.f2.f2.d2.-r0.-r0.r2.r2.f2.f2.-d2.r2.r2.-d2.-r0.-r0.-f1.r1.-f1.-r1.-f1.-f1
48,-r1.r0.-f1.-r2.f2.-r1.-d2.f2.d0.r1.d2.-r1.f2.-r2.-d0.r0.-r2.d0.f2.-d0.d2.-r1.f1.r1.-f1.-d1.-d2.d0.d2.-f0.-d2.f2.-r1.-f2
49,-f0.r2.-f1.d2.d2.-d0.-f2.r2.f0.-f2.d0.-r2.f0.f2.d2.-r0.-r0.f2.f2.-d0.-r0.-r0.r2.r2.d2.-d0.-r0.-r0.-d2.-r0.d1.-r1.-d1.r1.r0.-d1.f1.d1.-f1
50,-d2.-r0.r2.-d0.-d0.r0.d2.d0.f0.r0.d0.r0.-d0.-d0.-f0.-f0.-r0.-r0.-f0.-f0.d0.f2.f2.d2.d2.-d0.f2.f2.r0.-d1.-r1.d1.r1.-r0
51,-d2.r2.-f0.-f0.-d2.r0.d0.r0.d2.f2.-r0.f2.f2.r0.-r2.f2.f2.-d0.r2.r2.d0.-f0.-f0.-d2.-f0.-f0.-r0.-r0.f2.f2.-d2.f1.-r1.-f1.r1
52,-d1.-r2.r1.f1.-f2.r2.-d0.r0.f2.f1.-d0.r0.r2.-r0.r1.-d0.-d0.d2.-f0.-r1.-f2.d0.d1.r2.d2.-f1.-f0.-f0.f2.r1.r1.-f0.-f0.f1.r2.-f1.-d2.-f0
53,f0.d2.f1.f1.d1.-d0.-d0.-f0.-r2.f2.d2.d2.d0.-r0.-r0.-d2.f0.-d0.-d0.-r0.r2.r2.-d0.r2.r2.d2.d2.r2.r2.-d2.-r0.-r0.-d2.f2.f2
54,-r0.d2.r2.f0.-r0.d2.d2.-d0.-d0.-r2.d2.-f0.d2.-f0.-f0.-d0.r2.r2.d2.-f0.-f0.r2.r2.-d0.-d0.-f0.-f0.-d2.-r1.r2.f1.r1.-f1.-r2.-d1.f1.d1.-f1
55,-r0.f1.d1.d1.-r0.-d2.r2.f2.-r0.-r0.r2.-f2.-r0.-d0.r0.r2.d0.-r0.-r0.d2.r2.r2.d0.f2.f2.r2.r2.d0.r2.r2.d0.r0.d1.-f1.-d1.f1.-r0.r1.f1.-r1.-f1
56,-d0.-r1.d2.d0.-r2.f2.f2.r2.r2.f2.-d2.-f0.-f2.-d0.r0.d2.d2.r2.r2.-f0.-f0.d0.-f0.-f0.-d0.r2.r2.-d0.-f0.-f0.f2.f2.r0.r1.d1.-r1.-d1.-r0.-r1.f1.r1.-f1
57,-r0.-f0.f2.-r2.f2.d0.-r0.-r0.f2.-d2.-f2.-r2.-f0.-d0.-f0.-f0.-r0.-r0.r2.r2.-d0.-d0.-r0.-r0.-d2.-r0.-r1.d1.r1.-d1.r0.r0.f1.d1.-f1.-d1.-r0
58,-f0.d0.f1.f1.d1.-r0.-f2.-r0.f2.f2.r2.-f2.-r0.f2.d2.-f0.f2.-d0.-f0.-f0.d2.d2.f2.f2.-r0.-r0.-d2.-r0.-r0.-d2.-f0.d1.-r1.-d1.r1.f0.f0.-d1.f1.d1.-f1.-f0
59,-f0.-r0.f1.f1.-d1.r0.-f0.-r2.-d2.f2.d2.d2.-d0.-d0.-f0.d2.f0.-d0.f2.f2.d2.-f0.-f0.d2.f2.f2.r2.r2.-d2.-d0.-d0.f0.-f1.r1.f1.-r1.-f0.d1.-r1.-d1.r1
60,-f2.-r1.-f2.-r2.f0.-r2.d0.-r0.f2.r2.r2.d0.f0.-r2.-f0.-f0.r2.r2.d2.-r0.-r0.-d2.-r0.-r0.-d2.r2.r2.-d0.r0.f1.-d1.-f1.d1.-r0.-d1.d0.f1.d1.-f1.-d0
61,d0.r2.-f0.f2.-r0.-r0.-f0.r0.-d2.r2.r2.-f2.-d0.f0.r2.f2.f2.r2.r2.-d0.r2.r2.d2.d2.d0.r2.r2.-f0.-f0.d2.d2.r2.r2.f1.r1.d1.-f1.-r1.-d1
62,-d2.r1.d2.d2.-r2.f0.-d0.-f2.-r2.f2.r2.r2.-d2.-r2.f2.d2.f2.f2.d0.r2.r2.f2.f2.-r0.-r0.d0.-f0.-f0.r0.d1.-r1.-d1.r1.-r0.-f1.r1.f1.-r1
63,-d1.d2.d2.-f0.-f0.f2.f2.-r0.d0.r2.f2.d2.-d0.-d0.f0.r2.-d2.d0.-r0.-r0.d2.f2.f2.-r0.-r0.f2.f2.d2.d2.r0.-f1.-d1.f1.d1.-r0.f1.-r1.-f1.r1
64,f0.-r0.d2.r0.-d2.r2.f2.-r2.f0.r0.-f0.d2.r0.r2.r2.-d2.f2.f2.r2.r2.f2.f2.-d2.f2.f2.d0.f2.f2.f1.-r1.d1.r1.-f1.-d1.-f0.f1.r1.-f1.-r1.f0
65,f2.-r0.d2.d0.-f0.-d2.f0.r0.-d0.r2.d2.f2.f2.r0.-f0.-f0.f2.f2.-r0.-r0.-d0.-r0.-r0.-f0.-f0.-d2.-f0.-f0.-d2.f2.f2.f1.r1.d1.-r1.-d1.-f1
66,d2.f1.-f2.r0.-d2.-r2.d2.f2.f2.-d0.-d0.-r0.-d0.-f0.f2.f2.-r0.-r0.-d2.-r0.-r0.-f0.-f0.d2.d2.f2.f2.-r0.-r0.d2.r2.d1.r2.r0.f1.-r0.-d1.f1.d1.-f1
67,-r2.f2.f2.-r0.-f0.-r0.-f2.-r0.-d0.-f0.-r0.-r0.-f2.d2.-d0.-d0.-f0.-f0.f2.f2.-d2.f2.f2.-r0.-r0.d0.-r0.-r0.-d2.d0.f1.-d0.-d2.-r1.d2.r1.f1.-r1.-f1
68,-d0.f2.d1.-f0.-f0.r0.-d2.f0.-d0.r2.f0.d2.d0.r0.-f0.d2.d0.-f0.-f0.d2.d2.f2.f2.r2.r2.-f0.-f0.f1.-r1.-f1.r1.-d0.f0.-f1.-d1.f1.d1.-f0
69,-f2.-r2.-r2.d2.-f0.r0.r2.-d0.-d0.f2.d2.-d0.r0.-r2.-f0.-f0.-d0.-d0.r2.r2.-d2.-r0.-r0.d0.-r0.-r0.-d0.-f0.d1.-r1.-d1.r1.-f0.r2.d1.-r2.-r0.-f1.r0
70,f0.d2.f2.f2.d2.-d0.-d0.r2.-d2.-f0.-r0.-r0.d0.f2.r2.d0.r2.r2.-d2.-r0.-r0.-f0.-f0.d0.-r0.-r0.r2.r2.-f0.-f0.r2.r2.-r1.f1.r1.-f1
71,r2.-f0.r1.r0.f2.f2.r0.d0.-f0.-f0.-r0.-r0.-d0.-d0.-r0.-f0.f2.r2.-f0.-f0.-r0.-r0.-f0.-f0.-d0.-d0.-f0.-f0.-r0.-r0.-d2.-r0.-r0
72,f0.-r0.-d1.d2.d2.-r0.-d0.-r0.-r0.f2.-r0.d2.f0.-f2.d2.r2.f2.f2.-r0.-r0.f2.f2.-r0.-r0.-d0.f2.f2.r2.r2.d2.-f0.-d1.-f1.d1.f1.-f0.d1.r1.-d1.-r1
73,-f2.r2.d2.r0.r2.d2.r0.f2.-d2.-r0.r2.-d0.f2.-r2.-d0.-r0.-r0.d2.-f0.-f0.f2.f2.r2.r2.f2.f2.d2.d2.-d0.-f0.-f0.-r0.d1.-f1.-d1.f1.r0
74,-d0.f2.r2.-f0.d0.-f0.-f0.r0.r2.-d0.-r2.f0.r2.f2.d2.d2.d0.-r0.-r0.d2.-d0.f2.f2.-r0.-r0.f2.f2.-d2.-f0.-f0.-f0.-r1.-f1.r1.f1.f0
75,-d2.-f1.f0.r2.d2.-f0.-r0.-r0.f2.d2.r0.-d0.-f2.d2.-f0.-f0.r2.r2.-d2.-r0.-r0.d2.-d0.-f0.-f0.-r0.-r0.r2.-d1.-r1.d1.-r2.r1.f1.f1.-d1.-f1.d1.-f1
76,r2.d2.d2.-d0.-r0.-r0.r2.f2.-r2.d2.d2.d0.r0.-f2.r2.d2.-r0.-r0.r2.r2.d2.r2.r2.f2.f2.d0.-r0.-r0.-d0.-d0.r1.-r0.f1.-r1.-f1.r0.-f1.-d1.f1.d1
77,-f2.f1.f1.d1.r0.-r2.-d0.-d0.r0.-d2.-d0.-r0.-r0.r2.-d2.-f0.f2.-d0.-d0.r2.r2.-d0.-r0.-r0.-d0.f2.f2.-d0.-r0.-r0.r2.r2.d2.r0.d1.-r1.-d1.r1.-r0.-f1.r1.f1.-r1
78,d0.r0.-r2.f0.-d2.-r2.-f2.-r2.d0.f0.-d0.-d0.-r0.-f0.-f0.-d2.-f0.-f0.f2.f2.r2.r2.f2.f2.d0.f2.f2.-d0.-d2.f1.d2.d0.r1.-d0.f0.d1.-f1.-d1.f1.-f0
79,-f2.d2.d2.-r0.-r0.-d0.-d0.r2.r2.f2.-d0.-d0.r2.-f2.r0.f0.r2.d2.d2.r2.r2.f2.f2.d0.-r0.-r0.r2.r2.-d0.f2.f2.-r2.d1.r2.r0.f1.-r0
80,-r2.-d1.-f0.-f2.d2.r0.d2.f2.f2.r0.f2.-d0.-f0.r2.-f0.-f0.d2.d2.r2.r2.d2.d2.d0.-f0.-f0.-d0.-r0.-r0.f2.-r1.-d1.r1.d1.f2.r1.f1.-r1.-f1
81,d0.f0.-r1.r0.-d0.-d0.r0.f2.-d2.-f0.-r0.-f0.r0.d2.d2.f0.d0.-r0.-r0.-f0.-f0.-r0.-r0.-d2.d0.f2.f2.d2.-r0.-r0.-d2.f2.-d1.-r1.d1.r1.-f2.f1.r1.-f1.-r1
82,-r2.-r0.f2.f2.-d2.-f0.-d2.d0.-f0.-f0.r0.-r2.d0.-r2.d2.d0.r2.r2.d2.d2.-r0.-r0.r2.r2.f2.f2.d2.d2.f2.f2.r2.d1.-r1.-d1.-r2.r1
83,f0.-d2.-f0.f2.r0.d2.d0.-r0.-r0.d2.-r0.-f2.d2.-f0.-f0.r2.r2.d0.-f0.-f0.r2.r2.d0.-r0.-r0.r2.r2.-d0.-d0.-f1.d1.-f1.-f1.-d1.-f1
84,-f0.-r1.f0.-r0.-r0.-d2.r0.-d2.-f2.r2.-f2.-d0.-f0.d2.-r0.-r0.d2.f2.f2.d2.d0.-f0.-f0.-r0.-r0.d0.r2.r2.f0.d1.-f1.-d1.f1.-f0.-d1.-r1.d1.r1
85,r0.r1.d2.-r0.-f0.r0.-d0.-d0.r2.f0.-r0.-f2.r2.-f0.-r0.-r0.d2.r2.r2.-d0.-d0.f2.f2.-d2.r2.r2.-f0.-f0.-d2.f2.-r1.d1.r1.-d1.f2.d0.f1.-d1.-f1.-d0.d1
86,-f2.-r0.-d2.r0.-d0.-f0.-f2.d0.r2.r2.f2.d0.-r0.-f2.r2.r2.f2.f2.d2.-r0.-r0.f2.f2.-d0.-d0.f2.f2.-d2.-r0.-d1.-r1.d1.r1.-r0.-r1.d1.-f1.-d1.r1.f1
87,f0.f0.-r0.-d0.-d0.r2.-d0.-d0.-r0.f0.-r2.-f2.d0.f0.r2.r2.d2.-f0.-f0.-d0.-d0.r2.r2.d2.-r0.-r0.f2.f2.-d2.-f0.-f0.-f1.-d1.r1.d1.-r1.f1.r1.f1.-r1.-f1
88,r0.r2.-f0.-d0.-d0.f2.d2.-r0.-d2.f2.r0.d0.-f2.-d2.-r0.-r0.d2.d2.r2.r2.f2.f2.-d2.-r0.-r0.-f0.-f0.f2.f2.d2.-r1.r2.-d1.r1.d1.-r2.-r1.f1.r1.-f1
89,r0.-f0.d2.f2.f2.d0.-r0.-d0.-d0.r0.-d0.-d0.-r0.-f0.-f0.r2.r2.f0.-d2.r2.r2.f2.f2.d0.f2.f2.-d2.r2.r2.-f0.-f0.r2.r2.f2.f2.d1.-r1.-d1.r1
90,-r0.-f0.-f0.r0.r2.-f0.d0.r0.-d0.-d0.-r2.d2.-d0.f0.f2.f2.-d0.r2.r2.-d0.-d0.-r0.-r0.-d0.-f0.-f0.-d0.-d0.r1.-r2.d1.-r1.-d1.r2.-f0.f1.r1.-f1.-r1.f0
91,-r0.-d0.-d1.d2.f2.f2.-d2.-r2.f0.d0.-r0.r2.-f0.-r0.-f0.r0.-d0.f2.f2.-d0.-f0.-f0.d2.f2.f2.-d2.r2.r2.-d0.f1.d1.r1.-f1.-r1.-d1.r1.f1.-r1.-f1
92,d2.d2.-d0.-d0.r2.-f0.d0.r2.-f2.r0.r2.-d0.-r2.d2.d2.f2.f2.-d2.f2.f2.d0.f2.f2.d0.-r0.-r0.r2.f1.-r1.-f1.-r2.r1.-r2.-d1.r2.r0.-f1.-r0
93,f1.f1.-d1.-r0.-r0.-f2.-r0.f2.-r0.-r0.d0.r2.-f2.-r0.r2.f2.f2.d2.f2.f2.-r0.-r0.d2.d2.-d0.-d0.-f0.-f0.d0.-r0.-r0.-r1.f1.-r1.-f1.-r1.-r1.f0.-d1.f1.d1.-f1.-f0
94,-f0.-d0.-r0.-d2.r2.d0.-f0.d2.-d0.-f2.-r0.f0.d2.f2.f2.r2.r2.d2.-f0.-f0.-d2.-r0.-r0.f2.f2.-d0.-f0.-f0.r0.f1.-r1.-f1.-r0.r1.-f1.-r1.f1.r1
95,-d2.f2.d2.r0.-f2.-r0.-f0.-r0.d2.f2.f2.-r0.d2.d2.r2.d2.d2.-r0.-r0.-f0.-f0.f2.f2.d0.r2.r2.d0.r2.r2.-f0.-f0.f2.f2.d1.f1.-d1.-f1
96,r0.d2.-r2.f0.d2.f0.-r2.d2.r2.r2.d2.-r2.f0.d2.-f0.-f0.d2.-r0.-r0.-f0.-f0.d2.d2.f2.f2.r2.r2.-d2.d0.r1.-d0.-d2.f1.d2.d1.f1.-d1.-f1
97,f0.-d2.-f1.-d2.-f2.-d0.-d0.-r0.-d2.-f2.-r0.d2.r0.-f0.-d0.-d0.f2.f2.d0.-f0.-f0.-d2.f2.f2.-r0.-r0.-d0.-d0.r2.r2.d2.-f2.-r1.-d1.r1.d1.f2.r1.f1.-r1.-f1
98,-r2.d2.d2.-r0.-d2.-r0.-r0.f0.r2.d2.-r2.d2.f0.d2.-f0.-f0.d2.d2.-f0.-f0.-d0.-r0.-r0.r2.r2.-f0.-f0.-d0.r1.f1.-d1.-f1.-r1.d1
99,-f2.f1.d1.d1.-r2.-d2.r0.-r2.-f0.-f0.-d0.-f0.d2.-f0.-d0.-d0.-r0.-d0.r2.r2.d2.d0.-f0.-f0.d0.-r0.-r0.r2.r2.-d0.-d0.-d1.d0.-f1.d1.f1.-d0.-r1.f1.r1.-f1
100,r0.-d2.-r1.r0.f2.f2.-d2.-f2.d0.r2.-d2.d0.r2.r2.d2.-f0.-r0.-r0.-d2.-f0.-f0.-d2.f2.f2.r2.r2.-d2.d0.-f0.-f0.-d0.-d0
101,r2.-f2.-d1.-r2.-f0.-f0.d2.-f2.-r2.-d0.-d0.f2.f2.r2.f2.-r0.f2.f2.d2.r2.r2.-d0.-d0.-f0.-f0.d2.-f0.-f0.f2.f2.-d0.r1.d1.r1.-d1.-r1.f1.-r1.-f1
102,f2.-r2.d2.r2.-d2.f0.f2.r0.f2.-d2.-d0.-r0.-f0.-r0.-r0.f2.f2.-r0.-r0.-f0.-f0.d2.-r0.-r0.-d2.-d0.-f0.-d1.-r1.d1.r1.r1.d1.-r1.-d1.-f0
103,f0.r0.r2.-d0.-f0.-d0.-d0.r2.f0.-r0.d0.-f0.r0.-f0.-f0.r2.r2.-f0.-f0.-d2.d0.-f0.-f0.-d2.f2.f2.d0.-f1.-r1.d1.f1.-d1.r1.f0.f1.r1.-f1.-r1.-f0
104,r0.-d1.d2.d0.f0.d2.d0.-r0.-r0.d2.d2.-r0.-f0.f2.f2.r2.f2.f2.d0.f2.f2.-d0.-d0.r2.r2.-d0.f2.f2.d0.-r0.-r0.d0.f2.-r1.-d1.r1.d1.-f2.r1.f1.-r1.-f1
105,d0.f1.-f2.r2.-d0.-f0.r0.d2.-r2.-d0.r2.r2.d0.f0.-d0.-d0.f2.f2.-r0.-r0.f2.f2.-d0.-r0.-r0.f2.f2.-d2.d0.f2.-d1.-f1.d1.-f2.f1.-r1.f1.r1.-f1
106,-r0.d2.f1.-f0.d2.d2.d0.-r0.-d0.f0.r0.f0.d2.d2.r0.f2.r2.r2.-d0.-r0.-r0.-d0.r2.r2.-d2.r2.r2.-d0.-r0.f1.d1.-f1.-d1.-r0.f0.-f1.-r1.f1.r1.-f0
107,-f0.-r2.f1.r1.r1.d2.f0.d2.d2.r2.f2.f2.r0.d2.-r0.f2.-r0.-f0.-r2.d0.r2.r2.d0.r2.r2.d0.-r0.-r0.f2.f2.-d2.-f0.-f0.-f2.-r1.d1.r1.-d1.f2.r1.-f1.-r1.f1
108,f1.r1.r1.-d2.r0.-f2.-d0.-d0.r2.-d0.f2.f2.-r2.-d2.-f0.-f0.r0.f2.r2.r2.-f0.-f0.r2.r2.d2.r2.r2.d2.-d0.-f0.-f0.-d0.-f0.-f0.r2.d1.-r1.-d1.-r2.r1.-f1.r1.f1.-r1
109,f2.r0.d2.d2.-r2.f0.-r0.-d0.-f0.-d2.r2.r2.f0.-r2.d2.f2.f2.d2.d2.-d0.r2.r2.-f0.-f0.r2.r2.-d0.-r0.-r0.d2.d2.-r2.-d1.r1.d1.r2.-f1.-r1.f1
110,-d2.-f1.-f0.-d0.r0.f2.f2.-d0.-f2.r2.r2.f0.d2.f2.-r0.f2.f2.-d0.-d0.-f0.-f0.d2.f2.f2.-d2.-f0.-f0.-r0.-r0.-d0.-r0.r1.d1.-r1.-d1.r0.-r1.f1.r1.-f1
111,f0.d1.-f2.d0.-r0.-f0.-r2.-d2.f0.d2.-d0.f2.-r2.d2.f2.f2.d2.r2.r2.-d2.f2.f2.-r0.-r0.r2.r2.d0.-f0.-f0.-r0.-f1.d1.f1.-d1.r0.-r1.-d1.r1.d1
112,-r1.d2.d2.f0.d2.d2.-d0.-d0.-r2.f2.f2.-r2.f0.-d2.r0.f2.-r2.-d0.-f0.-f0.r2.r2.-f0.-f0.-r0.-r0.d2.f2.f2.d2.d2.d0.r0.f1.-r1.-f1.-r0.f1.r1.-f1
113,f2.d2.-d0.-d0.-f0.f2.d0.-r0.-r0.-f2.-d0.-r2.f2.-r0.d0.-r0.-r0.r2.r2.-d2.r2.r2.-d2.f2.f2.r2.r2.r2.d1.-r1.-d1.-r2.r1.-f1.d1.f1.-d1
114,r2.-f1.-d2.f0.-f2.-r0.-d0.-d0.r2.-f2.d0.f0.d2.-f2.d2.d2.-f0.-f0.-r0.-r0.-d0.-r0.-r0.r2.r2.d2.-r0.-r0.-d0.-d0.-r0.-r0.-r2.f1.r1.-f1.r2.f1.-r1.-f1
115,-f2.d0.-r0.r2.d2.f2.r2.-f2.-r0.-r0.f2.r0.f2.r0.d2.d2.-r0.-r0.r2.r2.-d0.f2.f2.-d2.-f0.-f0.d0.-r1.r0.-f1.r1.f1.-r0
116,f2.f1.f1.r1.d2.-f0.-f0.-r0.-r0.f2.f2.r0.-d2.r0.f2.d2.-f0.r2.d2.f2.f2.-d2.-d0.-f0.-f0.d2.d2.-d0.r2.r2.f2.f2.f0.f1.r1.-f1.-r1.-f0.-d1.-r1.d1.r1
117,r2.f0.d0.-f2.r0.-r2.d2.d2.-d0.-r0.-r0.d2.-f2.d2.d2.r2.-d2.f2.f2.r2.r2.d2.-f0.-f0.r2.r2.d2.d2.f2.f2.-r0.-r0.-r1.-d1.r1.-d0.r1.d1.-r1
118,-d0.f1.-r0.-r0.f0.-r0.f0.-d2.r0.f0.f2.d0.-r0.-f2.d0.-f0.-f0.d2.r2.r2.-f0.-f0.-d2.d0.-f0.-f0.r2.r2.-r1.r2.-f1.r1.f1.-r2.d1.f1.-d1.-f1
119,d0.r0.f1.-r0.-r2.d2.-f0.-d2.-f2.d0.f0.d0.r0.-d2.-d0.-f0.-f0.-d0.r2.r2.-f0.-f0.-d2.-f0.-f0.-r0.-r0.r2.r2.-f0.-d1.-f1.d1.f1.f0.-r1.f1.r1.-f1
120,d0.d2.d2.-r0.-r0.d2.f2.f2.-d0.-r2.-f2.r0.-d0.f0.-r0.-d2.f2.f2.-r0.-r0.d0.-r0.-r0.r2.r2.-d2.-r0.-r0.-f0.f1.d1.-f1.-d1.f0.-r2.-f1.-d1.f1.d1.r2
121,f0.-r2.f1.r1.r1.r2.-f2.-d2.-r0.-r2.d2.f0.-r2.d0.-f0.d2.-r0.-r0.f2.f2.d2.-d0.-r0.-r0.-f0.-f0.d2.d2.d0.-r0.-r0.-d2.r1.d2.d0.-f1.-d0.f0.-r1.-f1.r1.f1.-f0
122,f0.-r0.d2.-r0.-r0.f0.-d0.-d0.f0.d2.r0.f2.r2.d0.-r0.-f0.-f0.d2.-d0.f2.f2.d0.-f0.-f0.-d0.-r0.-r0.f2.f2.d0.-f1.d1.r1.f1.-r1.-d1
123,f0.f2.r0.-f0.-r2.-d2.-f2.-r2.f2.f2.r2.-d2.f2.f2.-d0.-d0.-f0.-f0.d0.r2.r2.-f0.-f0.r2.r2.-f0.r1.f1.-r1.-f1.f0.f0.f1.-d1.-f1.d1.-f0
124,d2.f1.f1.d1.-d0.-d0.-f0.-f0.-d0.-r0.r2.-f2.-r0.-f0.d0.r0.f2.-d0.-f0.-f0.f2.f2.d2.f2.f2.-d2.r2.r2.d0.r2.r2.d2.d1.f1.r1.-f1.-d1.f1.-r1.-f1
125,r0.d2.-f0.f2.f2.-r0.d0.-f0.r2.d0.f2.f2.d0.r0.f2.f2.d2.-r0.-r0.-d0.-f0.-f0.d2.d2.r2.r2.d0.-r0.-r0.-f0.-f0.d0.f1.-r1.-f1.r1.-d0
126,-r0.-f1.-f0.-d0.f0.r0.-d2.-d0.-d0.-r0.d2.d0.-r0.d2.-d0.-r0.-r0.d2.r2.r2.d2.d2.-f0.-f0.-d2.-f0.-f0.-d0.r2.-d1.f1.d1.-f1.-r2.f0.r1.-f1.-r1.f1.-f0
127,f2.d2.d2.-r2.d0.-f0.d2.d2.-f0.-d2.-f0.d2.d2.r0.d2.r2.r2.d2.d2.r2.r2.-d0.f2.f2.d2.d2.-f0.-f0.d2.r2.r2.-r0.f1.d1.-f1.-d1.r0.-d1.r1.d1.-r1
128,d2.-f0.-f0.d2.d0.r2.r2.-f2.-r2.-f0.-r0.-f0.-f0.-d2.-r0.-d0.f2.f2.r2.r2.-d0.r2.r2.d0.-f0.-f0.d2.d2.r0.-r1.d1.r1.-d1.-r0.f2.r1.d1.-r1.-d1.-f2
129,r2.f1.f1.-r1.r2.-d2.f2.-r0.-r0.d2.d2.r0.f0.d2.d2.-d0.r2.r2.f0.-d0.-d0.f2.f2.-d2.-r0.-r0.d0.f2.f2.-r0.-r0.f2.f2.d1.r1.-f1.-d1.f1.f1.-r1.-f1
130,f0.-d2.f1.-d2.-f2.d2.r2.f2.r0.d0.-r0.-r0.-f2.r2.d2.-f0.-f0.r2.r2.d2.f2.f2.d2.d2.-f0.-f0.r2.r2.d2.d2.-f0.d1.r1.-d1.-r1.f0.f1.-r1.-f1.r1
131,f0.d0.-d2.f0.f2.f2.d0.f0.-r0.-f2.-r0.d0.f0.r2.d2.d2.f2.f2.-d2.d0.-f0.-f0.-d0.r2.r2.-f0.-f0.f2.f2.r2.d1.-f1.-d1.f1.-r2.-r1.f1.r1.-f1
132,f2.-f1.-r0.f2.f2.d0.f0.-f2.r2.r2.f2.f2.-d2.d0.-r2.-d2.-r0.-r0.-f0.-f0.d2.-f0.-f0.-r0.-r0.d2.-f0.-f0.d2.-d0.r2.d1.-r1.-d1.-r2.r1.-d1.f1.d1.-f1
133,-r0.f2.d2.f2.f2.-r2.f0.d2.-f0.-d0.r2.d0.-r2.-f2.d2.-d0.-r0.-r0.-d2.-f0.-f0.d0.-r0.-r0.-d2.r2.r2.f2.-d1.-r1.d1.r1.-f2.-d1.-f1.d1.f1
134,-r2.f1.r1.r1.-r0.-f2.-d2.r0.-d0.-f2.-r2.-d0.-f2.-r0.d2.r2.r2.-d0.r2.r2.d0.-r0.-r0.d2.-f0.-f0.-d0.f1.-d1.-f1.-d0.d1.-r2.d1.r1.-d1.r2.f1.-r1.-f1
135,-d0.f0.-d0.r2.-f2.-d0.f2.r0.-f0.-f0.r2.-f2.-r0.-r0.d2.-r0.-r0.f2.f2.d0.-f0.-f0.r2.r2.d2.-f0.-f0.-f0.-r1.d1.r1.-d1.f0.r0.f1.-r0.-r2.d1.r2
136,-r2.f0.d2.-r0.d2.d0.-f0.-d0.-d0.r0.d2.f0.-r2.f2.f2.-d0.r2.r2.f2.f2.-r0.-r0.-d2.-f0.-f0.d0.-r0.-r0.-d0.-d0.r1.r1.-f1.r1.f1.r1.r1.f1.-r1.-f1
137,-f2.-d0.d2.d2.-f0.r2.f2.f2.-d2.r0.d0.r2.-f2.-d2.-r0.-d2.d0.f2.f2.r2.r2.d0.-r0.-r0.r2.r2.-d0.-r0.-r0.r2.r2.-r1.d1.f1.r1.-d1.-f1
138,d1.-f0.-f0.-r2.-d0.-d0.-r2.-d0.r0.d2.-f0.d0.r2.-f0.-f0.-d0.-d0.f2.f2.-d2.f2.f2.-d2.f2.f2.-d0.-r0.-r0.-f0.-f0.-f0.-d1.f1.d1.-f1.f0.d1.-r1.-d1.r1
139,r0.f0.-r1.-f0.-d0.-f2.d0.-f2.-r2.d0.f2.f2.d2.-r2.-d0.-f0.-f0.-r0.-r0.d0.-f0.-f0.d2.-f0.-f0.-r0.-r0.-f0.-f0.f2.-r1.d1.r1.-d1.f2.f1.-d1.-f1.d1
140,f2.r0.-d0.-d0.-f0.d2.d0.-r2.f2.f2.r2.f0.f2.-r0.d2.f2.f2.d2.r2.r2.d2.d2.f2.f2.-d2.-r0.-r0.-d0.-f0.-r1.f1.r1.-f1.f0
141,-d2.-r0.-d2.-r0.-f0.-d0.-r2.f2.-d0.-d0.r0.d2.-d0.-d0.-r0.d2.d0.r2.r2.d0.-f0.-f0.f2.f2.r2.r2.f2.f2.-d2.f2.f2.r1.f1.d1.-r1.-f1.-d1
142,-f0.-r2.f1.f1.-d1.d2.r0.-d2.f0.d2.d2.-d0.r2.-d2.f2.-r2.-d0.-r0.-r0.-d0.-f0.-f0.r2.r2.-d0.-r0.-r0.d2.d2.-d0.-r0.-d1.r1.d1.-r1.-r0.-f2.d1.f1.-d1.f2.-f1
143,f2.d0.r0.f0.d2.-r0.-f0.r2.r2.f0.-r2.-f0.r0.f2.d2.-r0.-r0.d2.d2.r2.r2.-f0.-f0.r2.r2.d0.-f0.-f0.-d2.r2.r2.r0.f1.-r0.-r2.d1.r2
144,-r2.-d0.-d0.f0.r2.r2.f2.d2.d2.f0.-d2.-f2.-r0.-f0.-f0.r2.d2.f2.f2.-d2.r2.r2.-d0.-f0.-f0.-r0.-r0.d2.f2.f2.-r0.-r1.-d1.r1.d1.-r0
145,r2.-r1.-d2.r0.-f0.-f0.r2.-d0.-d0.-f2.r0.-d2.-d0.r2.r2.f2.r2.r2.d0.-r0.-r0.-d2.f2.f2.-r0.-r0.d0.f2.f2.r2.r2.-f0.-f0.d1.-f1.-d1.f1.r1.f1.-r1.-f1
146,-f2.-f2.r2.r2.d0.r0.-d2.-f0.d2.d2.f0.f2.r0.d0.r2.r2.d0.-r0.-r0.d2.r2.r2.d2.-r0.-r0.f2.f2.-d2.-r1.r2.-d1.r1.d1.-r2.-f0.r1.f1.-r1.-f1.f0
147,r2.-d0.-d0.-f0.r2.d2.d2.f0.f2.f2.r0.d0.-r0.f0.-f2.d2.d2.r2.r2.-d2.r2.r2.d2.d2.f2.f2.r2.r2.d2.d2.f2.f2.-d2.f2.r1.-f1.-r1.-f2.f1
148,r0.d2.f2.f2.-r0.-r0.-r2.d2.-d0.-d0.-f0.-f2.-d0.-d0.-r2.-f2.-r2.-f0.-f0.d0.-r0.-r0.-f0.-f0.-d2.f2.f2.-d0.-d0.-f0.-f0.-d2.-r0.f1.-r1.-f1.-r0.f1.r1.-f1
149,-d0.r0.-f0.r0.d0.-f0.d0.f2.r0.-f0.d2.r0.r2.d0.f2.f2.d2.f2.f2.r2.r2.d2.f2.f2.d2.-r0.-r0.r2.r2.-r1.-d1.-f1.d1.r1.f1
150,f0.d2.d0.-f0.f2.f2.r0.d2.d2.f0.f2.-r0.-d2.r0.-r2.-f0.-f0.-d0.r2.r2.d2.-r0.-r0.-d2.-f0.-f0.-r0.-r0.d2.d2.-r0.-r0.-f0.-d1.r1.d1.-f1.-r1.f1.f0
151,-f2.d0.-d1.r0.-d2.-r2.-d0.-d0.-r2.-f0.r2.-d2.f2.-r0.-f2.-r0.-r0.-d2.f2.f2.-d2.d0.-r0.-r0.-f0.-f0.d0.r2.r2.-r0.-d1.r1.d1.-r1.r0.-f1.f2.-r1.f1.r1.-f2
152,-r1.d2.-f0.d0.f2.f2.-d2.-r0.-d2.-f0.r2.d2.-f0.r2.f2.f2.-d2.-r0.-r0.d2.-r0.-r0.d2.-f0.-f0.d2.f2.f2.r2.r2.r2.-d1.-r1.d1.-r2.r1.f1.r1.-f1.-r1
153,-f0.-r0.-r2.f2.f2.-d2.-f2.r0.-d0.f0.-r2.-f2.-r0.-r0.-d2.-r0.-r0.d2.d2.r2.r2.-d0.-r0.-r0.-f0.-f0.-d2.-f0.-f0.r0.-r1.-d1.r1.d1.-r0.-f1.-d1.f1.d1
154,r0.d2.-d0.-f2.-d2.r0.r2.r2.-d0.-d0.-r0.d0.f0.r2.f0.-d2.-r0.-r0.r2.r2.d2.d2.f2.f2.-d2.-f0.-f0.f2.f2.-d2.-f0.-f0.f1.r1.-f1.d1.-r1.-d1
155,-d0.-d2.f1.f1.d1.-r0.-r2.-d0.f2.d2.d2.f0.d2.-r0.-f0.-r0.-r0.f0.d2.d2.f2.f2.d0.f2.f2.-d2.f2.f2.d2.-r2.d1.r2.r0.f1.-r0.-f2.-d1.f1.d1.f2.-f1
156,-r2.-d2.-r0.d2.d2.f2.-d0.-r0.-f0.-f0.-r0.-f0.-d0.-d0.r0.d2.-f0.-f0.-d2.r2.r2.f2.f2.d0.r2.r2.-f0.-f0.r2.d1.-r1.-d1.-r2.r1.-d1.f1.d1.-f1
157,-f2.-d2.-r2.f2.-d0.-f0.-f0.d2.-f2.d2.d2.-f0.d2.d2.r0.f2.f2.-d2.r2.r2.d0.-r0.-r0.f2.f2.-d2.f2.f2.-d2.f0.-r1.-f1.r1.f1.-f0.f1.r1.-f1.-r1
158,r0.f1.r1.r1.r0.d2.d2.r0.-d0.f0.-f2.-r0.-f2.r0.-f2.-d2.-r0.-r0.d2.-r0.-r0.-d0.-d0.f2.f2.r2.r2.d2.d2.d0.-r0.-r0.f1.-f2.r1.-f1.-r1.f2.r1.f1.-r1.-f1
159,-d0.-r0.f0.-r0.f0.d2.d2.r0.f0.-r0.-r0.d0.f0.r0.-d2.-f0.-f0.-r0.-r0.d2.f2.f2.d0.-r0.-r0.-d0.-r0.-r0.d0.-f1.-r1.-f1.r1.-f1.-f1
160,-f0.d2.d2.-r0.f0.d2.d2.r2.d0.r0.-d0.-f0.-f0.-r0.-f2.-d0.-d0.-r0.-r0.r2.r2.d0.f2.f2.r2.r2.-d2.r2.r2.d0.f2.-d1.r1.d1.-r1.-f2.r1.d1.-r1.-d1
161,f2.f2.f1.r1.r1.r0.-r2.f2.f2.-r0.-r0.-r2.-d2.d0.r2.-d0.-d0.r2.-f2.d2.d0.f2.f2.-r0.-r0.f2.f2.-d2.r2.r2.-f0.-f0.d0.f2.f2
162,f2.-r0.-d1.r2.-d0.-d0.f2.r0.f2.r2.r2.d2.f0.-r0.d0.-r0.d0.r2.r2.-d2.-d0.f2.f2.d2.-r0.-r0.r2.r2.d2.d2.d0.r1.-d0.-d2.f1.d2.-r1.f1.r1.-f1
163,f0.d1.-d0.f0.-r0.f0.d0.-r0.d2.f2.f2.d0.f2.-r0.-d2.-f0.-f0.d2.r2.r2.-d2.-r0.-r0.d2.-r0.-r0.-d2.-r0.d1.r1.-d1.-r1.r0.r0.-d1.-f1.d1.f1.-r0
164,f0.r2.-r0.f0.f2.-r2.-f0.r2.r2.-f0.-r0.-r0.d2.-r2.-f0.r2.r2.-d2.-d0.-r0.-r0.-d2.r2.r2.-d2.-f0.-f0.-d0.f0.d1.-f1.-d1.f1.-f0.-r2.-d1.r1.d1.r2.-r1
165,r0.-r2.-f0.-f0.-d0.-d0.f0.-d2.r0.r2.r2.d2.r2.-d0.-f0.d0.-f0.-f0.r2.r2.-d0.-d0.-f0.-f0.r2.r2.d2.-r0.-r0.r2.r2.-f0.-d1.f1.d1.-f1.f0
166,f0.-r0.r2.f0.-r0.-r0.r2.r2.f0.r0.-d0.-d0.-f0.-r0.d2.-d0.-r0.-r0.-d0.r2.r2.-f0.-f0.r2.r2.d2.d2.f2.f2.d0.r1.-r0.-f1.-r1.f1.r0.-f1.d1.f1.-d1
167,f2.r2.f1.r1.r1.d2.-r2.f2.f2.r0.d0.-r0.r2.r2.-f2.-d2.d0.f0.-d2.-f0.-f0.r2.r2.-d0.f2.f2.-d0.-d0.-f0.-f0.f2.f2.-d2.-d2.r1.d2.d0.-f1.-d0.-r1.-f1.r1.f1
168,r2.r2.f1.f1.d1.-f0.-r2.-f2.d2.f2.-r0.-f0.-f2.d0.f2.f2.-r2.-d2.f2.f2.-d2.-f0.-f0.d0.-r0.-r0.d2.-d0.-d0.-r0.-r0.d0.-f1.-d1.f1.r1.d1.f1.-r1.-f1
169,r0.-f2.f1.r1.r1.d2.r0.d0.-r2.-f2.d2.r2.d0.f2.r2.f2.-r2.-d2.-r0.-r0.d2.d2.-d0.f2.f2.d0.-r0.-r0.-d2.-r2.-f1.r1.f1.r2.-r1.f0.d1.-r1.-d1.r1.-f0
170,-d2.-r1.f0.d0.-r2.-f0.d2.-f2.-r0.f2.-r2.d0.r2.d2.-r0.-r0.f2.f2.-d2.-f0.-f0.-d2.-f0.-f0.d0.r2.r2.d0.f0.-d1.-r1.d1.r1.-f0.f1.r1.-f1.-r1
171,f0.f2.f1.f1.-d1.d2.d2.-r0.f0.d0.-r0.r2.-d2.r0.f2.-r2.d2.f0.-d0.-f0.-f0.d2.d2.d0.-f0.-f0.r2.r2.d0.r0.d1.r1.-d1.-r1.-r0.f0.-d1.-f1.d1.f1.-f0
172,-f2.d0.r1.-d0.f2.r0.-f0.-d2.r2.-d0.f2.-d2.d0.f2.d2.-r0.-r0.f2.f2.-d2.f2.f2.-d0.-d0.-r0.-r0.-f1.-r1.f1.-d1.r1.d1.-f0.-d1.f1.d1.-f1.f0
173,f0.f2.d2.-r2.f2.-r2.f2.-d2.f0.-f2.-d2.-r2.-f2.-d0.-r0.-r0.-f0.-f0.-d2.-f0.-f0.d2.-r0.-r0.r2.r2.d2.d2.f1.-r1.-f1.r1.-d0.f0.r1.d1.-r1.-d1.-f0
174,-d0.f2.f1.d1.d1.d2.d2.-f0.-d0.r0.d2.r0.-r2.-d0.f2.d2.-f2.r2.r2.d2.-f0.-f0.-d0.-d0.-r0.-r0.d0.-f0.-f0.r2.r2.-r1.-d0.-d2.-f1.d2.r1.-f1.-r1.f1
175,-f2.-d0.-r0.-d2.-d0.-r0.-r0.f0.-r0.-d0.-d0.-r0.-d0.r0.r2.r2.-f0.-f0.r2.r2.d2.-r0.-r0.d0.f2.f2.d0.-f2.r1.d1.-r1.-d1.f2.d0.f1.-d0.-d2.-r1.d2
176,-r1.-d2.f0.r0.-f0.-f0.-d0.-r2.d0.f0.-d2.r2.d0.-r0.-r0.d2.-f0.-f0.-r0.-r0.d2.f2.f2.-d2.-r0.f1.-d1.-f1.d1.-r0.-d1.d0.f1.d1.-f1.-d0
177,-d2.-f0.-f0.-f2.-d2.-r2.d2.d2.-r0.d0.f0.d2.d2.-r0.-d0.-d0.-r0.-r0.-f0.-f0.d0.f2.f2.-d0.-f0.-f0.-r0.-r0.-d0.-r2.-d1.f1.d1.-f1.r2
178,-f2.f1.f1.-d1.r2.-d0.-r2.f2.f2.-r0.-r0.-r2.d2.-f0.d2.d2.-r2.-f2.r2.r2.-d0.-f0.-f0.r2.r2.-f0.-f0.-r0.-r0.d2.d2.-d0.-r1.-r1.f1.-r1.-f1.-r1.f0.f1.d1.-f1.-d1.-f0
179,-r0.f0.-f1.d2.-f2.-d2.-f0.-r2.-f0.d2.-r2.d2.r2.-d0.-d0.-r0.r2.r2.d2.-d0.-d0.-r0.-r0.-f0.-f0.d2.-d0.-r0.-r0.r2.d1.r1.-d1.r2.-d1.-f1.d1.-r1.f1
180,d2.d2.r2.f2.r2.d2.d2.-r0.f2.f2.r0.d2.r2.f2.-d2.-r0.-r0.-f0.-f0.r2.r2.-d0.f2.f2.d0.-f0.-f0.d0.-f0.d1.-r1.-d1.r1.f0
181,-r0.f1.f1.r1.-d2.-f0.-r0.f2.d2.d2.r0.d2.r2.f2.-r2.-f0.r0.-f0.-f0.f2.f2.d0.-r0.-r0.d0.r2.r2.d0.-f0.-f0.-d2.r0.-d1.-r1.d1.r1.-r0.f1.f1.-d1.-f1.d1.-f1
182,f0.f1.d0.r2.r2.f2.-d0.f0.-r0.-r0.f0.-d0.-r0.d2.d2.r2.-d0.-r0.-r0.r2.r2.-d0.f2.f2.-d0.r2.r2.-d2.-r0.-r0.-f0.d1.r1.-d1.-r1.-f0.f1.-r1.-f1.r1
183,-d2.r2.f1.d0.-f2.d0.-r2.f2.d0.r2.-f2.d2.-f0.-r0.-r0.d2.d2.-r0.-r0.d2.-f0.-f0.-d0.-f0.-f0.-r0.-r0.-f0.-f0.r2.d1.-f1.-d1.f1.r2.-d1.-r1.d1.r1
184,-r0.f1.-r0.d2.-f2.d2.-d0.-d0.r2.f0.-f2.-r2.-d2.-d0.-d0.-f0.-f0.-d2.d0.r2.r2.f2.f2.r2.r2.-f0.-f0.-d2.-r0.f1.d1.-f1.-d1.r0.d1.f1.-d1.-f1
185,f1.-r0.-f0.f2.r2.-f0.r0.-f0.r0.r2.-d2.r0.d2.d2.f2.f2.d2.-f0.-f0.-d2.-r0.-r0.-d0.-d0.f2.f2.r2.r2.-d2.-r0.f1.r1.-f1.r0.-r1.-d1.f1.-r1.d1.r1.-f1
186,d0.-f0.d2.f2.-d0.r0.f0.d2.-r0.-f0.-f0.-r2.-f0.r0.d2.d2.f2.f2.-d0.-r0.-r0.d2.d2.d0.f2.f2.r2.r2.-f0.-f0.f2.f2.f2.d1.r1.-d1.-r1.-f2
187,-r2.f1.f1.d1.-d2.d0.r0.-d2.r0.r2.r2.d0.-f0.-d2.r0.-d2.f2.f2.-r0.-r0.r2.r2.-d0.-f0.-f0.-r0.-r0.-d2.f2.f2.-d2.-r2.-f1.-d1.f1.d1.r2.-f0.f1.-r1.-f1.r1.f0
188,d0.f0.r0.-f2.d2.d2.-f2.-d0.r2.r2.-f2.r0.-d0.-d0.f2.f2.d2.-d0.-d0.f2.f2.-r0.-r0.d2.d2.-r0.-r0.d0.r2.d1.r1.-d1.r2.-r1.f1.d1.-f1.-d1
189,r2.r2.r0.-f2.d2.-r2.-f0.-f0.-r0.-f2.-d0.-d0.-r0.-f0.-f2.d2.-f0.-f0.-r0.-r0.d2.d2.f2.f2.-d2.-f0.-f0.-d2.r2.r2.d0.d1.f1.-d1.-f1
190,-f0.-d2.r2.f0.-f2.r0.-d2.f0.-r2.f0.f2.f2.d2.d2.f2.f2.-d0.-d0.-r0.-r0.f2.f2.-d0.r2.r2.-d0.-r0.-r0.f0.-d1.-f1.d1.f1.-f0.d1.r1.-d1.-r1
191,-r2.f2.-d2.f2.f2.-r2.f0.d2.d2.r0.-r2.-d2.d0.f0.r2.r2.d0.r2.r2.f2.f2.r2.r2.-f0.-f0.d2.r2.r2.d2.-r0.-r0.-d1.-r1.-f1.d1.f1.r1
192,f0.f0.-d1.f0.-d0.-d0.r2.d0.-f0.-f0.-f2.-d0.-r0.-f2.r0.d0.f2.f2.-d2.r2.r2.d2.-f0.-f0.f2.f2.-d2.-f0.-f0.-d0.-r2.-f1.d1.f1.-d1.r2.f1.r1.-f1.-r1
193,d2.-r2.d1.-f0.-f0.-f2.d2.-r2.-d0.f2.-r0.-f0.f2.-d0.r2.-d0.r2.r2.-d0.-r0.-r0.-d0.f2.f2.-r0.-r0.d2.-f0.-f0.r0.r1.d1.-r1.-d1.-r0.-r1.f1.r1.-f1
194,-r2.-f0.r1.r2.d0.-f0.r2.d0.-r0.-r0.r2.-d0.r2.f2.-d0.-d0.f2.f2.-d2.-d0.-d0.-f0.-f0.f2.f2.-r0.-r0.-d2.-f0.-f0.r0.-r1.d1.r1.-d1.-r0.r1.-f1.-r1.f1
195,-f2.r2.d2.d2.-f0.-f0.-r0.-r0.-r2.-d2.-f0.-f0.-r0.d2.-f0.d0.-f2.-r0.-d2.-r0.-r0.d2.f2.f2.-d2.-f0.-f0.-d2.f2.f2.d0.-r0.-f1.-d1.f1.d1.-r0
196,-d0.f2.-f1.d2.-f0.-r2.f2.r0.r2.f2.-d2.-f0.-r2.-f0.-f0.d2.d2.-d0.f2.f2.-d0.-r0.-r0.d0.f2.f2.r2.r2.d2.d2.-r1.f1.-d1.r1.d1.-f1.r1.f1.-r1.-f1
197,f0.r2.-d1.-r0.-d2.f2.r2.-f2.-d0.f0.d2.-f0.f2.-r0.-f0.-f0.d0.r2.r2.d2.-d0.r2.r2.-f0.-f0.r2.r2.-d0.-d0.-r0.-r0
198,-f0.d2.f0.-d2.d0.r2.-d2.f2.f2.d0.r0.-r2.-f0.r2.r2.d2.-r0.-r0.d2.r2.r2.-d2.-f0.-f0.-d0.-f0.-f0.-d2.-r0.f1.d1.-f1.-d1.r0.-f0.f1.r1.-f1.-r1.f0
199,f2.d0.-f1.-r0.d2.d2.-r0.-f0.-f0.d0.r2.-d0.-d0.-f0.-f0.r0.-f2.-d2.-f0.-f0.-d0.-d0.r2.r2.d0.-r0.-r0.-d2.-f0.-f0.d2.f1.-d1.r1.-f1.-r1.d1.r1.f1.-r1.-f1
200,d0.r0.d2.d2.-r0.-d2.f2.-r2.d2.r2.r2.-d0.f2.-d0.f0.-r2.-d2.-f0.-f0.-d0.-r0.-r0.d2.-d0.-d0.-r0.-r0.-f0.-f0.-d0.-r0.-r0.-r1.-f1.d1.f1.-d1.r1
201,f0.d0.f1.f1.r1.d0.-r2.-f0.-r0.f2.d2.d2.d0.r0.f2.d2.-f0.-f0.-r0.-r0.d0.-r0.-r0.r2.r2.-f0.-f0.r2.r2.f2.f2.-d0.-d0.r2.-d1.-r1.d1.-r2.d1.-f1.-d1.r1.f1
202,d0.-r0.-r2.-f0.d2.-f2.-d2.-r2.f0.r2.-f0.-f2.r2.r2.d0.-r0.-r0.-d2.f2.f2.d2.-d0.-r0.-r0.-r0.d1.f1.-d1.-f1.r0.-r2.d1.r2.r0.f1.-r0
203,-d1.d2.f2.r2.d2.r2.-d0.r0.-d0.-r0.-d0.-f0.-r2.-f0.-f0.d2.d2.-f0.-f0.f2.f2.r2.r2.d2.-f0.-f0.-d0.-d0.-r0.-r0.-d0.r2.f1.d1.-f1.-d1.-r2.d1.f1.-d1.-f1
204,-r0.d2.r2.-d2.r0.-f0.r2.r2.-d2.-f0.-d2.f2.r2.f2.f2.d2.d2.r2.r2.-f0.-f0.d2.-r0.-r0.-d2.f2.f2.d2.-d1.d0.-r1.d1.r1.-d0.r0.d1.-r1.-d1.r1.-r0
205,-r2.-r1.-d0.-d0.r2.r2.d0.f0.-d0.f0.r0.r2.r2.f0.r2.-d2.-f0.-f0.-r0.-r0.-d0.-r0.-r0.d2.f2.f2.d0.-f0.-f0.d2.d2.r2.-d1.-r1.d1.-r2.d1.-f1.-d1.r1.f1
206,f0.r2.-r0.d2.d2.-r0.-d2.-r0.d2.d2.d0.-f0.r0.f2.-d2.f0.-d2.f2.f2.d2.f2.f2.-d0.f2.f2.d2.d2.f2.f2.-d0.r0.f1.-r1.-f1.-r0.r1.r1.d1.-r1.-d1
207,f1.d1.d1.r2.d0.r0.r2.-f0.-r0.-r0.f2.r2.d2.f2.r2.r2.f2.f2.-d0.r2.r2.f2.f2.-d2.-d0.-d0.r2.r2.d0.-f0.-d1.r1.d1.-r1.f0.d1.f1.-d1.-f1
208,-r0.-r0.-r2.f0.r0.d2.-r2.f2.f2.-d2.d0.f2.-r2.-d2.d0.r2.r2.-f0.-f0.-d2.f2.f2.d2.d2.-r0.-r0.f1.f1.d1.-f1.-d1.-f1.-f0.-f1.r1.f1.-r1.f0
209,-r0.-f2.-d2.-f0.-d0.r2.r2.-d2.r2.d2.-f0.-f2.r0.f0.d2.d2.r2.r2.-d2.f2.f2.r2.r2.-d2.-f0.-f0.d0.r2.r2.-f0.-f0.-f1.-r1.d1.r1.f1.-d1
210,-d2.r0.d2.d2.-f2.r0.-d0.f0.-f2.-r0.-d0.-r2.-f2.-r0.-r0.f2.f2.-d2.-r0.-r0.-d2.-r0.-r0.r2.r2.f2.f2.-d0.r2.r2.d0.-f1.-d1.f1.-d0.d1.-f1.r1.f1.-r1
211,-f0.f1.f1.-r1.r2.-d2.f0.-d2.-d0.r0.r2.f0.-r0.-f0.-f0.r0.-d0.-f0.-f0.r2.r2.-d2.-f0.-f0.f2.f2.d0.r2.r2.d2.r1.d2.d0.-f1.-d0.f0.-r1.-f1.r1.f1.-f0
212,d2.f1.r1.r1.d2.-f0.-d2.r2.-d2.r2.f2.-r0.-d2.-r2.d2.d2.r2.r2.d2.d2.-f0.-f0.-r0.-r0.-f0.-f0.-r0.-r0.d2.-r0.-r0.d2.r1.-d1.-r1.f1.d1.-r1.-f1.r1
213,d2.r2.-f0.-d2.-r0.-r0.d2.-f2.r0.-f0.-f0.d0.-f0.-r0.-r0.d2.r2.r2.-d0.r2.r2.-f0.-f0.-d0.-f0.-f0.-f1.r1.f1.-r1.-d0.d1.f1.-d1.-f1
214,-f2.r0.r1.-f0.d2.-f0.-f0.d2.-f2.-r0.r2.f2.r2.f0.r2.r2.d2.d2.f2.f2.-d0.-f0.-f0.-d0.-d0.r2.r2.-f0.-f0.-d2.f2.f2
215,f2.-d0.d2.-r0.-f0.-f0.r2.-d0.-f0.-r0.f2.f2.-d2.-r0.-r0.-f2.-d2.r2.r2.-d2.-f0.-f0.-d2.r2.r2.d0.-r0.-r0.f2.f2.d2.r2.d1.-f1.-d1.f1.-r2
216,-r2.d2.d2.-f0.d2.-d0.-r0.-f2.r2.-d2.r0.-r2.-d2.f0.d2.d2.-r0.-r0.d0.-r0.-r0.-f0.-f0.-d2.-f0.-f0.-r0.-r0.d2.d2.-f0.-f0.r2.f1.-r1.-f1.-r2.r1
217,f2.d2.f1.d1.d1.-d2.r2.r2.d2.d2.-f0.-r2.-f2.-d0.-r2.d2.d0.f0.-r0.-r0.-d2.r2.r2.d0.-f0.-f0.f2.f2.d0.d1.r1.-d1.-f1.-r1.f1.-f0.f1.d1.-f1.-d1.f0
218,-f0.-d2.-f0.-f2.d2.d0.r0.-f2.-r0.-d2.r2.-f0.-r0.-r0.-f0.-f0.-r0.-r0.d2.d2.f2.f2.-d0.-f0.-f0.-d0.-f0.-f0.f2.-d1.r1.d1.-r1.f2.r0.f1.-r1.-f1.-r0.r1
219,r0.-f0.r2.f0.-d0.-d0.f0.-d0.r0.-d0.-f0.d2.d2.f0.r2.r2.-f0.-f0.-d2.-r0.-r0.f2.f2.d2.-r0.-r0.f2.f2.d0.d0.r1.-f1.-r1.f1.-d0.r1.f1.-r1.-f1
220,-r0.f2.f2.d2.-f2.-r0.r2.r2.f0.-r0.f0.r2.d2.f2.f2.d2.d2.-r0.-r0.-d0.r2.r2.-d2.-f0.-f0.f2.f2.d0.f0.-r1.-d1.r1.d1.-f0.-f0.d1.f1.-d1.-f1.f0
221,f0.f0.r0.r2.-d0.-d0.f2.r2.-f2.r0.f0.-r0.-r0.-f2.r2.r2.d2.-r0.-r0.r2.r2.-d0.-r0.-r0.d2.-d0.-d0.r1.-r2.d1.-r1.-d1.r2.-r1.f1.r1.-f1
222,-r0.d2.-r0.-d2.-f0.-f0.-f2.r2.f0.d0.f2.f2.-d2.-d0.-f2.-d2.-r0.-r0.d2.-d0.-f0.-f0.-r0.-r0.-f0.-f0.-d2.f2.f2.-d0.r1.-r0.f1.-r1.-f1.r0
223,-r0.-d2.f1.f1.r1.r0.-d0.-d0.-f0.-f0.f2.r2.-f0.f2.r0.d2.-f0.f2.d0.-f0.-f0.-d2.-f0.-f0.d2.f2.f2.-d2.f2.f2.d0.r1.-r0.-f1.-r1.f1.r0.-d1.f1.d1.-f1
224,-d0.r2.-d1.d2.f0.-r2.-d2.-f0.d0.-f0.-f0.d0.f2.-r0.-r0.r2.d0.-r0.-r0.-d0.-f0.-f0.r2.r2.d2.-r0.-r0.r2.r2.d2.-f0.-d1.-r1.d1.r1.f0.d1.-f1.-d1.f1
225,r2.-f0.-f0.-f2.d0.-f0.f2.d2.-f0.-d2.f2.r2.f0.-r0.-r0.-d0.-f0.-f0.r2.r2.-f0.-f0.d2.-d0.-r0.-r0.-d2.r2.r2.f0.f1.r1.-f1.-r1.-f0
226,-f2.-r2.f1.-d0.-f0.-f0.r0.d2.f2.d2.d2.-f0.-f0.-r0.r2.d2.-f0.d2.d2.f2.f2.d2.f2.f2.d2.-f0.-f0.d2.-r0.-r0.f2.r1.d1.-r1.-d1.-f2.-r1.f1.r1.-f1
227,-d1.-d0.f2.-r0.-r0.d2.r2.-d0.-d0.f2.f2.d0.-f0.r0.r2.r2.-f0.-f0.-d2.r2.r2.d2.d2.r2.r2.-d0.-f0.-f0.r2.r2.-d0.f0.f1.r1.-f1.-r1.-f0.r1.f1.-r1.-f1
228,f1.f1.d1.d2.-f0.f2.f2.r2.r2.f0.r2.f0.-f2.-d2.-f2.d2.r2.r2.-d0.-r0.-r0.-d2.-f0.-f0.-d0.-d0.-f0.-f0.-d0.-d0.r2.r2.f0.f1.-r1.-f1.r1.-f0.d1.r1.-d1.-r1
229,f2.f2.-f0.d2.-f0.-f0.d0.r0.d2.d0.f2.f2.d2.f0.-r2.d2.r2.r2.-f0.-f0.-d2.f2.f2.d2.-d0.r2.r2.-f0.-f0.-r0.-d1.-f1.d1.f1.r0.r1.f1.-r1.-f1
230,-f0.f1.r1.r1.r0.-d0.-f0.d2.d2.-d0.-d0.-r2.-f0.d0.r2.f0.d0.-r0.-r0.-f0.-f0.-d0.-r0.-r0.-d0.-d0.-r0.-r0.f2.f2.-d0.-d0.-r1.-f1.-r1.f1.-r1.-r1.f1.r1.-f1.-r1
231,f2.-r0.d2.r2.-f0.-f0.f2.f2.-d0.r0.r2.f2.d2.d2.f2.f2.-d0.-r2.d2.-d0.f2.f2.-r0.-r0.-d2.-r0.-r0.d2.r2.r2.-d2.-f0.-f1.r1.f1.f1.-r1.-f1.-f0
232,r2.r2.f0.r2.r2.f2.f2.r2.r2.d2.d2.d0.f0.r0.-d2.-f0.-f0.r2.r2.f2.f2.d2.-f0.-f0.d2.-d0.r2.r2.r0.d1.-f1.-d1.f1.-r0.f1.-f2.d1.-f1.-d1.f2
233,-f2.d2.-f0.d2.f0.d2.d2.-f0.f2.f2.d0.-r2.d2.r0.f2.f2.d2.r2.r2.-d0.-f0.-f0.-r0.-r0.-d2.f2.f2.r2.r2.f1.-d1.-r1.-f1.r1.d1
234,r2.-f0.d1.-d0.-d0.-f0.r2.d0.r2.r2.f2.f2.r2.d2.-r2.f0.-r0.-r0.-d0.-d0.-f0.-f0.d0.r2.r2.d2.d2.r2.r2.d0.r2.f1.d1.-f1.-d1.r2.d1.f1.-d1.-f1
235,f0.d2.f2.-r0.f0.-d2.d0.-r2.-d2.-r0.-r0.f2.-d0.-d0.r0.-f0.-f0.d2.-d0.-f0.-f0.-r0.-r0.-f0.-f0.-d0.f2.f2.-f1.-r1.f1.r1.-d0.d1.-f1.-d1.f1
236,d2.f0.f1.d1.d1.-d0.-d0.-r0.-r2.d2.-d0.-d0.r0.-f2.-d2.-r0.f2.-d0.-d0.-f0.-f0.f2.f2.-d0.-f0.-f0.-d2.r2.r2.-f1.-r1.f1.r1.-d0.-f2.-d1.r1.d1.-r1.f2
237,r0.-f2.f1.f1.d1.d2.d0.r2.f2.-d0.-d0.-r0.-f0.-f2.-r2.-d0.-r0.-f2.r2.r2.d2.-f0.-f0.-d2.f2.f2.-d2.f2.f2.-d2.-f0.-f0.d2.-r0.f1.r1.-f1.r0.f1.-r1.-f1
238,-f0.d0.d1.-r0.-r2.-d0.-d0.-r0.-r0.-f2.d0.f0.-d2.r0.-r2.-d0.-r2.-d0.-d0.-f0.-f0.-d2.r2.r2.-f0.-f0.d2.-r0.-r0.f2.f2.d0.-f1.-d1.f1.r1.d1.f1.-r1.-f1
239,-d2.f0.f1.f1.-r1.-d2.-f2.-d0.f0.r0.-d2.-f0.-r2.f0.-r0.f2.-d0.r2.r2.d2.-d0.-d0.-r0.-r0.-d0.r2.f1.-d1.-f1.d1.-r2.-d2.-f1.d2.d0.-r1.-d0.r1.f1.-r1.-f1
240,f0.-d0.-r0.f0.-d0.-d0.-f2.r2.f0.f2.f2.-d2.r2.r2.f0.-r0.-f0.-f0.d2.d2.r2.r2.d0.-r0.-r0.-f0.-f0.r2.r2.f2.f2.d0.-r0.f1.r1.-f1.r0.-r1
241,-d2.f2.r0.-r2.f0.-r0.-r0.d2.f2.d2.f0.-r0.d2.f2.f2.-d0.r2.r2.d0.-r0.-r0.-f0.-f0.-d0.f2.f2.-d0.-f0.r1.-d1.-r1.d1.f0.-r0.-d1.f1.d1.-f1.r0
242,d2.f2.-f1.d2.r2.-d0.-d0.-r2.f0.-f2.r0.-r2.-f0.-d0.-f2.d2.r2.r2.d2.-f0.-f0.-d2.-f0.-f0.d2.r2.r2.-d2.r2.r2.f2.-d1.-f1.d1.-f2.f1.d1.r1.-d1.-r1
243,d2.-f0.d0.r2.f0.r0.-f2.-r0.-r0.r2.-f0.-r0.-r0.f0.r2.r2.f2.f2.d2.r2.r2.-d0.-r0.-r0.f2.f2.d2.-d0.-d0.-f0.-f0.r0.r1.-d1.-r1.d1.-r0
244,-r0.f0.-r0.-r0.-f2.-r0.-d0.-d0.f0.r2.f2.d2.-r2.-f0.d0.-f0.-f0.-d2.-f0.-f0.-d0.-d0.-f0.-f0.-r0.-r0.-d0.-d0.r2.r2.f0.d1.-f1.-d1.f1.-f0.d1.f1.-d1.-f1
245,f2.-r0.f1.f1.-d1.d2.d2.f2.d2.-r0.r2.r2.-f2.d2.f0.f2.-r0.-r0.r2.-d2.f2.f2.d2.-r0.-r0.d2.-r0.-r0.r2.r2.-d2.-f0.-r1.d1.r1.-d1.-f0.f1.-d1.-f1.d1
246,f2.-r2.f1.-r0.d2.d2.-r2.f2.f2.-r2.-f2.r0.-d0.-d0.f2.-d2.-f2.-d0.-f0.-f0.d2.d2.-f0.-f0.-r0.-r0.-d2.-r0.-r0.-d0.f2.f2.r2.r2.r1.-f1.-d1.f1.d1.f1.-r1.-f1
247,-f0.f2.f1.f1.-r1.-d0.f0.f2.r2.f0.-d0.r0.d0.f2.f2.d2.-f0.d2.f2.f2.r2.r2.d0.-f0.-f0.-r0.-r0.-f0.-f0.d2.-d0.-d1.d0.-f1.d1.f1.-d0.f0.d1.r1.-d1.-r1.-f0
248,-d2.-r1.r0.-f0.-d0.-r0.-d2.-r0.-r0.d2.f2.r0.d0.f2.-r0.-r0.f2.f2.-d2.-r0.-r0.-d2.-f0.-f0.d2.-f0.-f0.d2.-r0.-r0.-f2.d1.f1.-d1.f2.-f1.-d1.r1.d1.-r1
249,r0.f0.-d0.-r2.f2.-r0.-r0.-d0.-d0.-r2.d0.r0.-r2.f0.r2.d0.f2.f2.-d2.f2.f2.d2.d2.f2.f2.r2.r2.-d2.f2.f2.-d2.r1.-f1.-f1.-r1.-f1.-f1
250,-d0.d2.r0.d2.d2.-f0.-f0.d0.r2.d2.r2.-f0.-d0.-r0.f2.d0.f2.f2.-r0.-r0.-f0.-f0.-r0.-r0.d2.-r0.-r0.-f0.-f0.-r0.-r0.d0.-r1.d1.r1.-d1.r1.f1.-r1.-f1
251,-r2.d2.-f1.d0.f0.-d0.-d0.f2.f2.r2.d2.-d0.-d0.-f0.-d2.r0.-d2.-f0.-f0.-d2.-r0.-r0.-d2.-r0.-r0.-f0.-f0.-d0.-f0.-f0.-d0.-f2.d1.f1.-d1.f2.-f1.-r1.-f1.r1.f1
252,f2.-d0.r2.-d0.-d0.r2.r2.f0.d0.-f0.-f0.-r0.-r0.d0.r2.d2.-f0.r2.r2.-d0.-d0.-r0.-r0.d0.r2.r2.f2.f2.d0.r2.r2.-d0.-r0.-r0.f1.-r1.-f1.r1
253,-f0.-d0.f2.-r0.d2.d2.r0.f0.r2.d0.-f0.d0.r2.d2.f2.f2.d2.-f0.-f0.d2.-d0.-r0.-r0.-d2.f2.f2.d2.r0.-r1.-d1.r1.d1.-r0.d1.f1.-d1.-f1
254,r0.r0.d2.d2.f0.r2.r2.f0.-d2.-r2.f2.f2.d2.d2.d0.-f0.d2.f2.f2.-d0.f2.f2.d0.-r0.-r0.-d2.-f0.-f0.f2.f2.r1.-r0.-f1.-r1.f1.r0.-d1.f1.d1.-f1
255,-f0.-r0.d2.f2.f2.r2.-f0.-f0.r2.f0.-r0.d2.-r2.d2.-f0.-f0.r2.r2.d2.d2.-d0.f2.f2.d2.-f0.-f0.r2.r2.d0.-r1.-d1.r1.d1.f0.-r1.f1.r1.-f1.-f0
256,-f0.f1.f1.d1.d2.-r2.-d2.r2.f0.-f2.d2.r2.f0.-r0.-r0.-f2.-d2.-r0.-r0.f2.f2.-r0.-r0.d0.f2.f2.-d0.-d0.f2.f2.-r1.-f1.-d1.r1.d1.f1.r1.f1.-r1.-f1
257,-d2.-r1.d0.-f0.-d0.-f2.-r0.-r0.-r2.d0.r2.-f0.r0.-f0.d2.-d0.r2.r2.d2.-f0.-f0.d2.d2.f2.f2.r2.r2.d2.d2.-r1.-d1.r1.d1.r1.f1.-r1.-f1
258,d0.d0.f1.f1.r1.d2.-r2.f0.-d0.-r0.-d0.f2.d2.d2.-d0.r0.f0.d2.r2.r2.-d0.-r0.-r0.-f0.-f0.-d0.-d0.-r0.-r0.d2.r2.d1.f1.-d1.-f1.-r2.-r1.-f1.r1.f1
259,d0.f1.f1.-r1.f2.d2.f0.-f2.-r0.r2.r2.f0.-d0.-d0.-f0.-r2.f0.-r0.-r0.d0.r2.r2.d2.-r0.-r0.d2.f2.f2.-r1.-f1.r1.f1.-d0.r1.-r2.-f1.-r1.f1.r2.r1.f1.-r1.-f1
260,-d0.-d0.f0.r0.d0.-f0.-d2.r0.-f2.-r0.d2.r0.-f0.-f0.-r0.-r0.-d2.f2.f2.-d2.-f0.-f0.-r0.-r0.d0.-f0.-f0.d0.-f0.d1.-r1.-d1.r1.f0.f0.-f1.d1.f1.-d1.-f0
261,-d0.-f0.d2.d2.-r2.-f2.r0.-r2.f2.f2.-d0.f0.-d2.f0.-d0.-d0.r2.r2.d0.-f0.-f0.-d2.f2.f2.d0.-f0.-f0.-d0.-d0.f2.f2.r2.-f1.-r1.f1.-r2.r1
262,f0.-d2.r0.d2.d2.-f2.-r0.r2.r2.-f2.-d0.f2.-r2.f2.r0.f2.f2.d2.d0.-f0.-f0.r2.r2.d0.r2.r2.f2.f2.-r2.d1.f1.-d1.-f1.r2.f0.f1.d1.-f1.-d1.-f0
263,f2.f2.f1.f1.-d1.-d0.-f0.-f0.-d2.-r0.-r0.-r2.d2.r0.r2.-f0.r0.r2.r2.-d0.r2.r2.d2.f2.f2.r2.r2.d0.r2.r2.d2.f0.f1.r1.-f1.-r1.-f0.r1.f1.-r1.-f1
264,f0.r1.f0.r2.-f0.d2.-r2.-f2.r0.f2.d2.r2.f2.-d0.-d0.f2.f2.r2.r2.-f0.-f0.d2.-r0.-r0.-d2.d0.-f0.-f0.d0.-r1.-d1.r1.-d0.d1.r1.f1.-r1.-f1
265,f2.-r1.f2.f2.-r0.d2.f2.-d2.d0.-f2.-r2.d0.-r0.d2.-r0.-r0.r2.r2.d2.d2.d0.-f0.-f0.-d0.-d0.f2.f2.-r0.-r0.-f2.-d1.f1.d1.f2.-f1.d0.r1.-f1.-r1.f1.-d0
266,-r0.-r2.f1.f1.d1.f0.-d0.-d0.-f2.-r0.-r0.d2.-r2.-d2.-r0.d0.-r2.f2.-r0.-r0.d0.f2.f2.-d2.d0.-r0.-r0.d0.-f0.-f0.-d0.-d0.-f0.r1.d1.-r1.-d1.f0.-f1.-d1.f1.d1
267,-r2.-d2.-r0.-r0.-f2.r0.-f0.-d0.-r0.-d2.-f0.r2.-f0.-r0.f2.f2.d0.r2.r2.-d0.-d0.-r0.-r0.-d0.-f0.-f0.d0.-r0.-r0.f2.f2.-f1.r1.-d1.-r1.f1.d1
268,f0.-r2.f1.r1.r1.-f0.r2.d0.f2.f2.-d0.-r2.-d0.-d0.-r2.d0.f0.-r0.-r0.-f0.-f0.-d0.r2.r2.-d2.-f0.-f0.f2.f2.d0.-r1.r0.f1.r1.-f1.-r0.d0.r1.-d0.-d2.f1.d2
269,f0.f0.d1.r0.-r2.-d0.-d0.-f0.-r0.-f0.-f0.-r0.-r0.-f2.d2.-r0.-f0.-f0.r2.r2.-d0.-f0.-f0.d0.r2.r2.d2.-d0.-d0.f2.-r1.d1.r1.-d1.-f2.f1.-d1.-f1.d1
270,d2.d2.r2.r2.-f2.-d2.-f0.-f0.-f2.r0.f2.f2.d0.f2.-d2.f2.f2.d2.-d0.-r0.-r0.-f0.-f0.-r0.-r0.-d2.-r0.-r0.f2.f2.r1.-r2.-d1.-r1.d1.r2.f1.d1.-f1.-d1
271,r0.r2.r2.f2.d2.d2.f2.d2.d2.r2.f2.-d2.-f2.r0.-d2.r2.r2.d0.-r0.-r0.-d0.f2.f2.d2.-r0.-r0.-d0.-f2.-d1.r1.d1.-r1.f2.d1.-r1.-d1.r1
272,f0.f1.f1.r1.-f0.-r0.f0.f2.-d0.-d0.r0.d0.-f0.d2.r2.f0.-d2.-f0.-f0.d0.-r0.-r0.-d0.-r0.-r0.r2.r2.-d0.-d0.r2.r2.d2.-r1.-f1.-r1.f1.-r1.-r1.f1.r1.-f1.-r1
273,-f0.d2.d2.r2.f2.f2.d2.d0.-f2.-r0.-d2.d0.-f0.r0.-f0.-f0.-d0.-r0.-r0.-d0.-f0.-f0.-r0.-r0.r2.r2.-d0.-d0.-r0.-r0.-d0.r1.f1.d1.-r1.-d1.-f1
274,-d2.-r1.-r0.-f0.r0.-d0.-d0.-r2.f2.-r0.r2.d2.f2.-r0.-r0.d2.r2.r2.d2.-d0.r2.r2.-f0.-f0.-d0.f2.f2.d2.-r1.r0.f1.r1.-f1.-r0.-d1.-f1.d1.f1
275,-f0.f2.-r1.f0.-r0.d2.r2.-d0.-f0.-r2.f2.f2.-d0.r0.-f0.d2.-r0.-r0.d0.r2.r2.d2.d2.-r0.-r0.f2.f2.r2.r2.r1.-d1.-r1.-f1.d1.f1.-f0.f1.r1.-f1.-r1.f0
276,-f0.d0.r1.-f0.-f0.-f2.d0.-r2.d2.-f2.d0.r0.d0.-f0.r2.d2.-r0.-r0.d2.-r0.-r0.r2.r2.d2.-d0.-f0.-f0.-r0.-r0.d2.r2.-d1.f1.d1.-f1.-r2.-f0.r1.-f1.-r1.f1.f0
277,f0.-f2.f1.r1.r1.-d0.r2.-d2.-r0.d0.r0.f0.f2.f2.d0.r0.d2.d2.r2.r2.-d0.-f0.-f0.d2.d2.-r0.-r0.d0.-f0.-f0.d2.-r2.-f1.r1.f1.r2.-r1.f0.f1.-d1.-f1.d1.-f0
278,f0.r1.d2.-f0.-f2.r0.f2.r0.f0.d0.f0.r0.f2.-d0.f2.f2.d2.d2.-d0.r2.r2.f2.f2.d2.d2.f2.f2.d0.d0.-f1.-d1.f1.-d0.d1.f0.r1.d1.-r1.-d1.-f0
279,-d2.f2.d2.-f0.-f0.-d2.-f0.-f0.d0.-r0.-r2.f0.-d0.-d0.f0.r2.r2.d0.f2.f2.-d2.-r0.-r0.-d0.-r0.-r0.d0.r2.r2.-f2.r1.d1.-r1.-d1.f2.f1.r1.-f1.-r1
280,f1.f1.-r1.d2.-d0.-r0.f0.r2.-f0.-f0.-r0.d2.d0.-f0.-r0.-d2.f2.f2.-d2.d0.-f0.-f0.-r0.-r0.f2.f2.r2.r2.d2.d2.-r0.-r0.d0.-r1.f1.r1.-f1.-d0.-d1.-f1.d1.f1
281,-r2.-f2.r1.d0.-r2.-f2.d2.r2.f0.r0.-d0.-f0.-d2.-r0.-r0.d2.d2.-r0.-r0.d2.r2.r2.d2.-f0.-f0.-r0.-r0.-f0.-f0.-f1.-d1.f1.r1.d1.f1.-r1.-f1
282,f0.r2.-f0.-f0.r0.d2.d0.f2.-r0.-f0.r2.-f0.r2.-f0.-f0.-d2.-r0.-r0.f2.f2.d2.d2.-d0.-f0.-f0.f2.f2.-r0.-r0.d2.-d1.r1.f1.-r1.d1.-f1
283,-r2.-d2.-r0.f2.f2.-d0.r0.-d2.-r0.-r0.f2.r2.-d2.f2.-r2.d2.d2.f2.f2.d2.-f0.-f0.d2.-r0.-r0.d0.-f0.-f0.f2.f2.-d2.f2.-d1.-f1.d1.-f2.f1
284,d0.-r2.f0.d2.d2.-d0.-d0.-r0.d2.-d0.f0.-r0.-r0.-d0.r0.-f0.-f0.r2.r2.d2.f2.f2.d2.-r0.-r0.r2.r2.d2.d2.-r0.-r0.d0.f2.-r1.d1.r1.-d1.-f2
285,r0.r2.-r0.-r0.-d0.f2.f2.-r2.-f2.r0.d2.-r0.d0.-r2.-f2.-d0.-d0.-f0.-f0.r2.r2.-d0.-f0.-f0.d0.-f0.-f0.-d2.-r0.-r0.-d0.-d1.r1.d1.-r1
286,d0.-r0.f1.-f2.-d2.-d0.-f0.f2.-d2.-f2.r2.f2.r0.-f0.-r0.-r0.-d0.f2.f2.-d2.-r0.-r0.-f0.-f0.-d2.-r0.-r0.-d0.d1.r1.-d1.f1.-r1.-d1.-f1.d1
287,-f0.d2.-f0.-r0.-d2.-r0.-r0.d2.r0.d2.d2.f0.-d0.-r2.-f0.r2.r2.-d0.-f0.-f0.-d2.-r0.-r0.-f0.-f0.-r0.-r0.f2.f2.d2.d2.f1.-d1.r1.d1.-f1.-r1
288,f1.d1.d1.f2.f2.-d2.d0.f0.d2.d2.f2.d2.d2.-r0.d0.-f0.-f0.r2.-d2.r2.r2.-d0.r2.r2.d2.-f0.-f0.-d2.r0.r1.d1.-r1.-d1.-r0.f0.-f1.-d1.f1.d1.-f0
289,-d0.-r1.d2.r0.-r2.-f2.-d0.-r0.-f2.-d2.-d0.-d0.r0.-d0.f2.f2.d0.-f0.-f0.-d0.-d0.-f0.-f0.-r0.-r0.-d0.-d0.f2.f2.-f1.-r1.-f1.r1.-f1.-f1.r1.f1.-r1.-f1
290,r2.d2.r0.-f0.-f0.r2.d2.-d0.r0.f0.-r2.-d0.-d0.-r2.f0.-d2.-f0.-f0.r2.r2.d0.-f0.-f0.-r0.-r0.-d2.r2.r2.-d0.-d0.-r0.-r1.-d1.r1.d1.r0
291,r0.f0.-d2.-r2.f2.d0.-r0.r2.r2.f2.d0.-r0.-r2.f2.f2.-r0.-r0.-d2.r2.r2.-d0.-r0.-r0.d2.-f0.-f0.-f1.-r1.f1.r1.-d0.r1.f1.-r1.-f1
292,r2.-f1.-d0.-f0.r0.r2.f2.d2.r2.r2.-d0.f0.d0.f2.r2.r2.-d2.f2.f2.d2.d2.-f0.-f0.d2.d2.-r0.-r0.d2.-f0.-f0.-d0.-d0.d1.r1.-f1.-d1.f1.f1.-r1.-f1
293,f0.-r0.-r0.f0.-f2.-r0.r2.r2.-f2.d0.r2.d2.d2.f2.f2.r2.d2.d0.-r0.-r0.r2.r2.d2.f2.f2.d0.-r0.-r0.d0.f2.f2.d0.-r1.-d1.r1.-d0.d1.r1.-d1.-r1.d1
294,d2.f2.d0.-r0.-r2.-f0.-f0.d2.-r0.r2.r2.f0.d2.-r0.r2.r2.-f0.-f0.f2.f2.-d0.-f0.-f0.d0.-r0.-r0.f2.f2.-r0.-r0.r2.r2.-r1.-f1.r1.f1.r1.f1.-r1.-f1
295,d2.-f1.-d2.r0.-d0.-r2.-d2.f0.-f2.-r0.r2.r2.d2.-r0.-f0.-f0.d2.r2.r2.-d0.-r0.-r0.d2.f2.f2.d0.-r0.-r0.d0.r2.d1.-r1.-d1.-r2.r1.-d1.f1.d1.-f1
296,-f0.-d2.r2.d0.-f2.r0.d2.d0.r2.d2.d2.-f0.r0.d2.-f0.-f0.-d2.-f0.-f0.-d2.-f0.-f0.-d2.r2.r2.d0.r2.r2.d0.f1.-d1.-f1.-d0.d1.-f1.-d1.f1.d1
297,-r0.d2.r2.f2.d0.-r0.-r0.f0.-r0.-r0.-f2.-d2.-f0.-r2.-d0.f2.f2.d2.-f0.-f0.r2.r2.-f0.-f0.-d0.-f0.-f0.-d0.-d0.-r0.-r0.f1.-f2.r1.-f1.-r1.f2.-d1.f1.d1.-f1
298,r0.d2.f1.f1.-d1.-d2.f2.r2.-d0.-f0.-d2.r2.f0.-r0.-d0.-f0.d0.-r0.-r0.f2.f2.r2.r2.f2.f2.-d0.-f0.-f0.d2.-r0.-r0.d0.-r2.-d1.f1.d1.-f1.r2.d1.-r1.-d1.r1
299,r2.-d2.-d0.-d0.r0.d0.r2.d2.-f2.r0.f0.r2.r2.f2.r2.-f0.-f0.r2.r2.-f0.-f0.r2.r2.d2.d2.-f0.-f0.d0.r2.r2.-d0.f2.f2.f1.r1.-f1.-r1
300,-f2.d2.d2.-f0.-f0.d0.-f2.d2.f0.r2.r2.d2.d2.-r0.d2.-f2.-d2.f2.f2.-d2.f2.f2.-d2.-f0.-f0.r2.r2.f2.f2.d0.r2.r2.r1.f1.-d1.-f1.-r1.d1
301,r2.-d2.f1.f1.d1.-d2.-d0.f2.d2.-d0.-r0.f0.f2.-r2.-f0.f2.d0.-f0.-f0.-d0.f2.f2.d0.-f0.-f0.r2.r2.d0.f2.f2.d2.r2.f1.-d1.-f1.d1.-r2.-f1.r1.f1.-r1
302,-f2.r0.-d0.-d0.f0.f2.d0.r2.r2.d0.-r0.-f2.-r0.-r0.-f0.r0.-d0.-d0.-r0.-r0.d0.-r0.-r0.-d0.r2.r2.-d0.f2.f2.d2.-d1.d0.f1.d1.-f1.-d0.-f1.-r1.f1.r1
303,-f1.d2.d2.-d0.r2.f0.r2.r2.d2.f0.f2.-d0.r2.-d0.r2.r2.-f0.-f0.d2.f2.f2.d2.-r0.-r0.-d0.-r0.-r0.f2.f2.f2.-d1.-r1.d1.r1.-f2.f1.r1.-f1.-r1
304,-f0.d2.-f2.d2.-f0.f2.f2.r2.f0.d2.-f2.-r0.-f2.r2.r2.d2.f2.f2.-d0.f2.f2.-d0.r2.r2.f2.f2.d2.d2.r2.r2.f0.d1.-f1.-d1.f1.-f0
305,-r2.f2.d2.-d0.-f0.d0.f0.d2.d2.r0.f2.-d0.-d0.-f2.-d2.f2.f2.-r0.-r0.r2.r2.d2.r2.r2.d2.-f0.-f0.r2.r2.-f1.d1.f1.-d1
306,f2.r1.r0.-d0.r2.f2.-d0.-f2.r2.f0.-r2.d0.-f2.r2.r2.-d2.-r0.-r0.f2.f2.d2.d2.f2.f2.d2.-d0.-d0.f2.f2.d2.r2.-d1.-r1.d1.-r2.r1.d1.-f1.-d1.f1
307,-f2.-r2.-f0.d0.-r0.-f0.d2.-r0.d2.d2.-f0.r0.-f2.-d0.-r0.-r0.f2.f2.-r0.-r0.d0.-r0.-r0.-f0.-f0.d2.-d0.r2.r2.d0.f1.-r1.-f1.r1.-d0.f0.-d1.f1.d1.-f1.-f0
308,-r2.f2.f1.r1.r1.r0.-f0.d2.d2.d0.f2.-r0.-r0.-d0.f2.-r0.-d0.-r0.-r0.-d2.-f0.-f0.-d2.-d0.-d0.-r0.-r0.f2.f2.-d0.-d1.d0.-f1.d1.f1.-d0.f0.d1.r1.-d1.-r1.-f0
309,-r2.d2.f1.f1.d1.f2.r2.d0.f2.-d0.f2.r2.-f2.d0.-f0.-f0.r0.f2.f2.d2.-r0.-r0.f2.f2.-r0.-r0.r2.r2.r1.f1.-r1.-f1.-d0.f0.d1.-f1.-d1.f1.-f0
310,f0.f1.-r2.f0.r2.r2.d2.-r2.f0.-f2.d0.f2.f2.-d2.r0.-d0.-d0.-f0.-f0.d2.-d0.-d0.-f0.-f0.-d2.f2.f2.r2.r2.f2.f2.d2.r0.-f1.-d1.f1.d1.-r0.f1.-r1.-f1.r1
311,r0.-f2.f1.r1.r1.-f2.d2.d2.f0.r0.d2.f2.f2.d0.-r0.d0.f0.-r0.-d2.-f0.-f0.f2.f2.-r0.-r0.-d2.-d0.-r0.-d1.r1.d1.-r1.-r0.f1.r1.-d1.-r1.-f1.d1
312,f2.-d0.f1.f1.-r1.d2.-f0.r2.-f0.d0.f2.d2.-r0.f2.f2.r2.r2.d2.-f0.-f0.d2.r2.r2.d2.-d0.-d0.f2.f2.-f0.r1.-d1.-r1.d1.f0.f1.d1.-f1.-d1
313,f0.d0.r0.d2.f0.f2.-r0.f0.d2.d2.-f0.f2.r0.-d0.r2.r2.d0.f2.f2.r2.r2.d2.r2.r2.d0.-r2.-f1.d1.f1.-d1.r2.f1.-d1.-f1.d1
314,-f2.f1.d1.d1.f2.d2.f2.-d0.-f0.-f0.-d0.-f0.r0.d2.-r0.f2.f2.r2.r2.d2.r2.r2.-d2.f2.f2.-d2.-d0.-d0.-f2.-d1.f1.d1.f2.-f1.r1.-f1.-r1.f1
315,d0.f2.d2.-d0.-d0.f2.f2.-r0.-r0.d2.f2.f2.d0.-r0.f0.-f2.r2.r2.d0.-r0.-r0.d0.-f0.-f0.-d2.-r0.-r0.-d0.-d0.r2.r2.f2.f2.f1.r1.d1.-r1.-d1.-f1
316,-d0.f2.r0.f2.r0.d0.-r2.-d2.-f0.r2.-f0.-f0.-d0.f2.-d2.r2.r2.-f0.-f0.-d2.-d0.f2.f2.-d0.-f0.-f0.r2.r2.-d1.-r1.f1.r1.d1.-f1
317,-d0.f1.f1.-d1.-d2.-f0.-r0.-r0.r2.r2.-f0.r0.r2.r2.-f0.f2.-r2.d2.f2.f2.d0.f2.f2.-d0.-r0.-r0.d2.d2.d0.-f0.-f0.-r0.-r0
318,r2.-d0.-r0.-d0.-d0.-f2.-r2.-f0.-f0.-r0.-d0.-f2.-d0.f0.-r0.-r0.f2.f2.d2.d2.r2.r2.d0.-r0.-r0.-d2.-r0.-r0.d2.d2.-r0.-f1.-d1.f1.d1.-r0.d1.f1.-d1.-f1
319,f0.d2.-r0.f2.d2.d2.-r0.-r0.f0.d2.-r2.f0.r0.-f0.d2.d2.r2.r2.d2.r2.r2.d2.-r0.-r0.-f0.-f0.d0.r2.r2.f2.-r1.-d1.r1.d1.f2.d0.-r1.f1.r1.-f1.-d0
320,d2.-f1.-r0.-f0.-f0.-d0.-r0.-r0.-f0.-r0.d0.r0.f2.f2.-r2.-d2.-r0.-r0.d2.d2.-d0.-f0.-f0.-r0.-r0.-f0.-f0.-r0.-r0.d0.-f0.f1.r1.-f1.-r1.f0.r1.f1.-r1.-f1
321,d2.r0.d1.f0.d2.-d0.r2.d2.-f2.r2.r2.d0.r2.f0.-r2.-f0.-f0.d2.-r0.-r0.-d0.-r0.-r0.f2.f2.-d0.-d0.-f0.-f0.r2.f1.r1.-f1.r2.f1.-r1.-f1
322,f0.-r0.d2.d2.d0.-f2.-d2.f0.d0.-f0.-d2.-r2.-f2.d2.-f0.-f0.-r0.-r0.d2.-r0.-r0.-d2.r2.r2.-d2.-f0.-f0.-d2.d0.-f1.r1.f1.-r1.-d0.f0.-r1.-f1.r1.f1.-f0
323,d0.-r1.-f0.r0.-d0.-f2.d0.r0.-d0.-f0.f2.-r0.-d0.f2.f2.-d2.f2.f2.d2.d2.f2.f2.d0.r2.r2.d2.d2.r2.r2.r0.-d1.r1.d1.-r1.-r0.d1.f1.-d1.-f1
324,-r2.-d1.d0.f2.-r0.-r0.f2.r2.f2.d2.d2.f0.d0.-f0.-d2.r2.r2.d2.d2.-f0.-f0.f2.f2.r2.r2.-f0.-f0.d0.r2.d1.-r2.-r0.-f1.r0.f1.r1.d1.-r1.-f1.-d1
325,-d0.f1.r1.r1.f0.r0.r2.r2.-d2.-f0.d2.-f2.r0.-d2.d0.-f0.-d0.-r0.-r0.r2.r2.d0.f2.f2.-d2.r2.r2.d0.-r0.-r0.-d2.-r0.f1.r1.-f1.r0.f1.-r1.-f1
326,-r2.d2.-d0.-f0.-f0.d2.d2.-f0.r0.f0.-d0.-d0.-r2.-d0.r0.f2.f2.d0.r2.r2.d2.-f0.-f0.d2.-r0.-r0.d2.r2.r2.d0.-d1.d0.-r1.d1.r1.-d0.r1.d1.-r1.-d1
327,-f0.-d0.f1.f1.r1.-d0.f2.f2.d0.-f2.r0.-d2.d0.f0.d2.-f0.r2.d2.d0.f2.f2.r2.r2.-d0.-r0.-r0.-d0.r2.r2.-f0.-f0.-r0.-r1.-d1.r1.d1.-r0.f0.-f1.d1.f1.-d1.-f0
328,-r2.r1.-d2.r2.d2.d2.-r0.-f2.r2.r2.d0.-r2.f2.d2.r2.r2.f0.d2.r2.r2.-f0.-f0.-r0.-r0.r2.r2.d2.-f0.-f0.-d2.-r2.-f1.d1.f1.-d1.r2.f1.r1.-f1.-r1
329,-r0.d2.-r0.-r0.d0.-r0.f2.f2.-r0.r2.f0.r2.-d2.f2.f2.r0.f2.f2.d2.f2.f2.d0.-r0.-r0.-d2.f2.f2.d0.-r0.-r0.d0.-d1.-r1.f1.r1.d1.-f1
330,d0.f0.d0.r0.f0.-f2.r0.f2.d2.f2.-r2.-d0.f2.r2.r2.-d0.-f0.-f0.r2.r2.-f0.-f0.r2.r2.d2.-f0.-f0.f2.f2.-d0.-r2.d1.f1.-d1.-f1.r2
331,-d0.-f2.f0.-r2.d0.-r0.-r0.d2.f0.r0.-d0.r2.-f2.-d2.-f0.-f0.d2.r2.r2.-d0.f2.f2.-d2.-r1.r0.f1.r1.-f1.-r0.f0.-f1.r1.f1.-r1.-f0
332,-f2.r0.-r2.-f0.r0.-r2.-f2.-d2.-f2.d2.-f2.r0.-f0.-f0.r2.r2.d2.-f0.-f0.d2.-r0.-r0.d2.d2.-d0.r2.r2.d2.r2.d1.-f1.-d1.f1.-r2.r1.f1.-r1.-f1
333,f0.f1.f1.-r1.d2.-r0.-d0.-f2.r0.-f0.-r2.f0.d2.-r0.-d2.f0.-r0.-r0.-d2.d0.f2.f2.r2.r2.d0.-r0.-r0.-d0.-d0.r2.r2.-r1.d1.r1.f1.-d1.r1.-f1.-r1
334,-r2.-d0.-d0.f0.f2.-d2.f2.f2.-r0.d2.r0.-d0.-f2.r2.f2.f2.-d2.r2.r2.f2.f2.-r0.-r0.d2.f2.f2.d2.-d0.-f0.-f0.-r1.-f1.-r1.f1.-r1.-r1
335,-f0.-r0.-d2.-r0.-r0.d0.r2.f0.-d0.-r0.d2.-f2.d2.d2.r2.r2.-d2.-r0.-r0.-d0.r2.r2.-f0.-f0.d2.-r0.-r0.-f0.-f0.r0.r1.-d1.-r1.d1.-r0.f1.-d1.-f1.d1
336,-f0.-d2.-f1.d0.f2.r2.-d2.f2.f2.r2.-d2.-r2.f2.d2.-r2.d0.-r0.-r0.d2.f2.f2.-d0.-r0.-r0.f2.f2.-d0.-d0.f1.-d1.r1.-f1.-r1.d1.r1.f1.-r1.-f1
337,-r0.f2.r2.d0.f2.-d2.-d0.-d0.-r2.-f0.d2.d0.f2.f2.-r0.f2.f2.-r0.-r0.r2.r2.d2.f2.f2.-d0.-d0.r2.r2.d0.r2.d1.-f1.-d1.f1.r2.r1.-f1.-r1.f1
338,-f0.d2.d1.r0.d2.f2.f2.-r0.-f0.f2.d0.-f0.-d2.f2.r0.-d2.-d0.-d0.r2.r2.f2.f2.-d2.f2.f2.d2.f2.f2.-d0.-d0.-f0.d1.f1.-d1.-f1.f0.-d1.r1.d1.-r1
339,-d0.f2.f1.r1.r1.-f0.d0.-r2.d2.d2.f2.r0.-r2.d2.f2.r0.f2.-d2.r2.r2.d0.-r0.-r0.r2.r2.d0.r2.r2.d2.f2.-r1.d1.r1.-d1.-f2.f1.-d1.-f1.d1
340,f0.f2.d2.-f2.d2.f0.f2.r2.r2.-d2.-r0.-r0.d2.-r2.f0.d0.-r0.-r0.d0.-r0.-r0.d0.r2.r2.-f0.-f0.d0.-r0.-r0.d2.r0.-d1.-r1.d1.r1.-r0.f1.r1.-f1.-r1
341,-r2.-r0.f0.r2.-d0.-d0.-r0.d0.f2.f2.d2.d0.-r0.f0.-d2.-f0.-f0.-r0.-r0.r2.r2.d0.-r0.-r0.-f0.-f0.-r0.-r0.d0.r1.-f1.-d1.f1.d1.f1.-r1.-f1
342,f2.-d2.f1.r1.r1.d2.-f2.r2.-f2.r0.-d0.-f0.-d0.-r0.-r0.-f0.r0.-f0.-f0.f2.f2.-d2.-d0.-f0.-f0.-r0.-r0.-d2.-r0.-r0.-r2.d1.r2.r0.f1.-r0.-d1.d0.f1.d1.-f1.-d0
343,-d0.f2.f1.-f0.-d2.d0.-r0.d0.r2.-f2.-r0.-f0.d0.-f0.f2.f2.-d0.-f0.-f0.-d2.d0.r2.r2.d0.-r0.-r0.f2.f2.-d2.-r0.r1.-d1.-r1.d1.r0.-r1.-f1.r1.f1
344,-f0.-r0.-f0.-d0.-d0.r2.-d2.-r0.d2.d2.-d0.-f0.-d0.-r0.-r2.-d0.-r0.-r0.-d2.-f0.-f0.-d0.-d0.f2.f2.-r0.-r0.f2.f2.d2.-r1.f1.-r1.-f1.-r1.-r1
345,f2.-d0.-d0.r0.-f2.d2.d2.r2.r2.-f0.-d2.d0.f2.r2.r2.-d2.-f0.-f0.-d0.-d0.f2.f2.-r0.-r0.f2.f2.-d2.r2.r2.-r1.r2.-f1.r1.f1.-r2.-r1.f1.r1.-f1
346,r2.-f0.f1.f1.-r1.f2.f2.r2.r2.-d0.-d0.-r0.d0.-f0.-d2.r0.f2.-r0.-r0.-f0.-f0.d2.-f0.-f0.d0.-f0.-f0.-r0.-r0.d2.d2.d0.f0.-d1.-f1.d1.f1.-f0.d1.r1.-d1.-r1
347,-f2.f1.d1.d1.-r0.-r0.-f2.-r0.-r0.d0.-f0.d2.d2.-d0.-d0.-f0.-r0.d0.-f0.r2.d2.-r0.-r0.-d2.d0.-r0.-r0.r2.r2.-f1.r1.-d1.-r1.d1.f1.f1.r1.-f1.-r1
348,-f0.f2.d1.r2.-d2.-f0.-d0.-r2.-d0.-f0.-d2.-r0.d2.-r0.d2.-d0.-r0.-r0.d2.f2.f2.d2.d2.-f0.-f0.f2.f2.d2.f1.r1.-f1.-d1.-r1.d1.f0.-d1.-f1.d1.f1.-f0
349,f0.d0.d2.-r2.f0.d2.d2.-f0.r2.-d0.f0.-d2.-r0.-f0.r2.r2.-f0.-f0.-d2.f2.f2.-d0.-f0.-f0.-d2.-r0.-r0.-f0.-f0.f1.-d1.-f1.d1
350,r0.-r1.-d2.-r2.f0.-r0.d2.r0.f2.d2.-f0.-f0.-d0.r0.-d2.d0.-r0.-r0.-d2.-f0.-f0.r2.r2.f2.f2.r2.r2.f2.f2.d2.r0.-r1.d1.r1.-d1.-r0.r1.-f1.-r1.f1
351,f2.-d0.f1.r1.r1.-r0.-r0.-f0.-f0.-d0.-r2.d0.f2.f2.d2.d2.-d0.f2.-r0.-r0.-r2.-f0.-f0.-d0.-d0.r2.r2.d0.r2.r2.-d2.d0.-r1.-d1.r1.-d0.d1.r1.f1.-r1.-f1
352,r0.-d0.-d0.-r0.-f0.-d2.-r0.f2.f2.r2.f2.f2.r2.f2.d2.-r0.-r0.-f0.-f0.d2.-d0.-d0.-f0.-f0.r2.r2.-d2.-r0.-r0.-d0.f0.r1.f1.-r1.-f1.-f0.-r1.d1.r1.-d1
353,f2.f1.f1.-d1.-r2.d2.d2.-f0.-f0.-d0.f0.r2.-d0.-d0.-f0.-r2.-f0.r2.d2.d0.r2.r2.-d2.f2.f2.-d0.r2.r2.f2.f2.d2.r2.f1.d1.-f1.-d1.r2.-r0.-f1.r0.r2.d1.-r2
354,-d0.-r0.-d0.-d0.f2.d0.-r2.d2.-f0.-d0.-f0.f2.-r0.d2.d2.-r0.-r0.-f0.-f0.-r0.-r0.d2.r2.r2.f2.f2.d2.-d0.r2.r2.-f1.f2.-r1.f1.r1.-f2.-r1.f1.r1.-f1
355,-d2.f0.-d2.-f0.-f2.d2.r2.r2.-f0.-d2.f2.d2.r2.d2.-d0.-r0.-r0.d2.-f0.-f0.-r0.-r0.f2.f2.-d2.-r0.-d1.f1.d1.-f1.-r0.-r1.-d1.r1.d1
356,-r0.-r0.d2.-r0.-r0.d2.-r0.-f2.-r0.-d0.-f0.r0.-d2.-d0.-f0.-f0.-d0.-r0.-r0.d2.r2.r2.f2.f2.-r0.-r0.f2.f2.-f1.f2.-d1.f1.d1.-f2.-f1.r1.f1.-r1
357,-f0.f2.-r0.-r0.f2.d2.d2.-r2.d2.d0.r0.f0.-d0.-f0.-r0.d2.d2.r2.r2.d0.-r0.-r0.-d0.-f0.-f0.f2.f2.r2.r2.f2.-d1.r1.d1.-r1.f2.-d1.f1.d1.-f1
358,r0.f1.f1.-r1.-d0.-d0.r2.r2.-f0.-f2.-d2.-f2.-r2.f2.r0.d2.-f0.-f0.f2.f2.d2.f2.f2.r2.r2.-d2.-d0.f2.f2.r1.-f1.-r1.f1.-d0.-d1.f1.d1.-f1
359,-f0.-r1.-f0.f2.f2.-d2.r0.-f0.d2.r0.f0.r0.f2.f2.r0.-f0.-f0.d2.d2.f2.f2.d0.-f0.-f0.d0.r2.r2.-d0.-d0.r2.f1.d1.-f1.-d1.-r2.-f1.f2.-r1.f1.r1.-f2
360,-d2.-f0.-r0.-r0.-f0.-d0.-f0.r2.f2.-d2.-r2.-d0.-d0.-f0.-f0.r0.d2.r2.r2.-f0.-f0.-d2.f2.f2.-d0.-d0.r2.r2.d0.f2.f2.-d2.-r1.r2.d1.r1.-d1.-r2
361,f1.r1.r1.d2.-f0.-r2.d0.-f0.-f0.r0.f0.-d2.f0.-d2.-r2.f2.-d0.-f0.-f0.d0.-r0.-r0.-f0.-f0.r2.r2.-f0.-f0.-d2.r0.f1.-d1.-f1.d1.-r0.d1.r1.-d1.f1.-r1.-f1
362,d0.-f0.-d2.-f0.d2.-r2.d2.d2.f0.-r0.-r2.d2.f0.f2.f2.-r0.-r0.-d2.-f0.-f0.d2.d2.r2.r2.d0.f2.f2.-r1.-d0.-d2.-f1.d2.-f1.d1.f1.-d1
363,f2.f1.f1.d1.f0.-r0.-r2.-f0.-r0.-r0.-d2.-r0.f0.r0.d0.f2.d2.d2.-f0.-f0.f2.f2.d2.d2.-r0.-r0.-d2.r2.r2.f2.f2.d2.d2.f0.r1.-d1.-r1.d1.-f0.f1.d1.-f1.-d1
364,d2.-f2.d2.-f0.d0.f2.d0.-f0.r0.d0.r2.f0.d2.d2.f2.-d2.-r0.-r0.f2.f2.d2.f2.f2.d0.-f0.-f0.-d2.d0.-r0.-r0.-r1.d1.r1.f1.-d1.r1.-f1.-r1
365,f0.-r2.-r1.-d0.r0.f0.-r2.-d0.-d0.f0.d0.-r0.r2.f0.-r2.d2.-f0.-f0.d0.-f0.-f0.d2.-r0.-r0.f2.f2.d0.r2.r2.d2.d2.d0.f1.r1.-f1.-r1.-d0.r1.f1.-r1.-f1
366,f0.d2.-f2.r2.r2.-d0.r2.d2.f2.d0.-r0.d2.d2.-f0.d2.-f0.-f0.-r0.-r0.-d2.-d0.r2.r2.-f0.-f0.-d0.-f0.d1.-r1.-d1.r1.f1.d1.-f1.-d1.f0
367,f0.r0.-d0.-d0.f2.-d2.-f2.-r2.-d0.f2.f2.-d0.r2.r2.d0.-r2.d2.-f0.-f0.d0.f2.f2.-d0.-r0.-r0.-f0.-f0.r2.d1.r2.r0.f1.f1.-r0.-r2.d1.r2
368,f2.-r0.d2.d2.-d0.-f0.-d0.-d0.r2.d0.-f2.r0.d2.r0.-d2.-f0.-f0.r2.r2.-d0.r2.r2.d2.-d0.-f0.-f0.-d2.f1.d2.d0.r1.-d0.f0.-f1.-r1.f1.r1.-f0
369,-f0.-d1.d2.f2.f2.r0.-d0.-d0.f2.f2.-r0.-d0.f0.-r2.-d0.-d0.-f2.-r0.-r0.f2.f2.-d0.-f0.-f0.-d2.-d0.r2.r2.-f0.-f0.d2.-r1.d1.r1.f1.-d1.r1.-f1.-r1
370,f0.r0.r2.-f0.-f0.-d0.-d0.-r0.d0.-f0.r0.d2.d2.f0.-d0.-r0.-r0.-d0.r2.r2.-f0.-f0.d2.-f0.-f0.d2.d2.-f0.-f0.-d2.f0.-d1.r1.d1.-r1.-f0.-f1.r1.f1.-r1
371,r0.f1.f1.r1.f2.-d0.-r2.-f2.-d2.f2.r0.-f0.-f0.d2.-r0.d2.f2.f2.-r0.-r0.d2.-d0.f2.f2.-r0.-r0.r2.r2.-d2.-r0.-r0.-f0.r1.d1.-r1.-d1.f0.f0.-r1.f1.r1.-f1.-f0
372,f0.-d2.f1.r1.r1.d2.f0.-f2.-r0.-r0.-f2.-d0.-r0.r2.d2.r2.r2.f2.d2.r2.r2.d0.r2.r2.-d2.r2.r2.-f0.-f0.-d2.-f0.-f0.f2.f2.f0.d1.r1.-d1.-r1.-f0.f1.-r1.-f1.r1
373,f2.-r0.f2.d0.-r0.d2.d2.f2.r0.d2.-r0.-d0.-d0.-r0.d2.-d0.-f0.-f0.-r0.-r0.-d0.f2.f2.-r0.-r0.d2.d2.-f1.f2.-r1.f1.r1.-f2.-f1.r1.f1.-r1
374,-d0.-f1.-f0.f2.-r0.-f2.d2.d2.-r2.-d2.r2.-f0.-f0.-r0.f2.d2.-d0.-f0.-f0.f2.f2.-d0.r2.r2.f2.f2.-d2.f2.f2.d2.-r1.r2.-f1.r1.f1.-r2.d1.f1.-d1.-f1
375,-f0.-d0.f1.f1.r1.f0.r2.f2.-r2.-d0.-d0.-f2.-d0.f0.-d2.r2.f2.-r0.-r0.-d0.-d0.-r0.-r0.-d0.-r0.-r0.-d0.r2.r2.f2.f2.r2.-d1.r1.d1.r2.d1.f1.-d1.-r1.-f1
376,-r0.f0.f1.f1.r1.r2.r2.-d0.r0.-d0.-d0.r2.d0.-f0.-d2.-d0.-d0.-r2.-f2.r2.r2.-d0.f2.f2.d2.r2.r2.-d0.f2.f2.r2.r2.-r0.f1.r1.-f1.r0.f1.-r1.-f1
377,f0.-r2.d2.-f0.f2.r2.r2.-f0.-f0.-d2.r0.f2.f2.r2.d2.-f0.f2.f2.-d2.f2.f2.d2.-r0.-r0.-d2.-r0.-r0.-d0.r2.r2.d0.-r2.-d1.r1.d1.r2.-r1
378,-r0.r2.-d2.-r2.-d0.-d0.r0.-f2.d2.f0.r0.f2.-r2.-d2.-f0.-f0.d0.r2.r2.-f0.-f0.d2.-r0.-r0.d2.r2.r2.-d2.r2.f1.d1.-f1.-d1.-r2.r1.f1.-r1.-f1
379,f0.f0.f1.d1.d1.r0.f2.-d2.-f2.d0.-r0.-r2.-f2.-r0.d2.d2.f0.d2.-r0.-r0.r2.r2.-d2.-f0.-f0.d2.-r0.-r0.d0.f1.r1.d1.-r1.-f1.-d1.-r1.f1.r1.-f1
380,-r0.f0.f1.r1.r1.d2.f2.d2.r2.r2.-d2.f2.r0.-r2.-f0.-d2.f2.f2.-r2.d2.-d0.-f0.-f0.-d0.-f0.-f0.r2.r2.-d2.-r0.-r0.d0.r0.f1.d1.-f1.-d1.-r0.-f1.-r1.f1.r1
381,d2.r2.-f1.r0.f2.f2.r0.d2.-r0.f2.f2.-r2.d0.f0.d2.-f2.d0.-f0.-f0.d2.d2.-d0.-f0.-f0.-r0.-r0.-f0.-f0.-d2.-f0.-f1.-r1.f1.r1.-f0.-d1.r1.d1.-r1
382,r0.-f2.d2.d2.r2.r2.d2.r2.-f2.-r0.d2.-r2.-f2.r2.f0.f2.f2.d2.-d0.-d0.-r0.-r0.d2.-r1.-d0.-d2.-f1.d2.f0.-d1.-r1.d1.r1.-f0.f1.r1.-f1.-r1
383,r0.-d0.-d2.f2.f2.-r2.-f0.-d2.f2.f2.d2.-r0.d2.r2.-f2.r0.r2.r2.d2.-r0.-r0.r2.r2.-f0.-f0.-r0.-r0.-d2.r2.r2.-d2.-r0.r1.d1.-r1.-d1.-r0.d1.f1.-d1.-f1
384,f2.r2.f2.-r0.-r0.f2.d2.-f0.d0.r2.-f0.r2.-f2.d0.-r0.-r0.d0.f2.f2.d2.-r0.-r0.r2.r2.-d2.f2.f2.d0.r1.-r0.-f1.-r1.f1.r0.r1.-d1.-r1.d1
385,f2.f1.f1.-r1.d2.d2.f2.d2.-r0.r2.r2.-f0.-f0.d0.f2.-d2.-d0.-d0.-r0.d2.-r0.-r0.d2.-r0.-r0.-d0.-d0.f2.f2.-d0.-r0.-r0.d2.r0.f1.-r1.-f1.-r0.r1.f0.d1.r1.-d1.-r1.-f0
386,-r0.f2.-r1.-f0.-f0.-d2.-r2.-d0.r2.r2.-d0.-r2.-d2.-f0.-d2.f2.d2.d2.f2.f2.-d0.-r0.-r0.d0.r2.r2.-d2.-f0.-f0.-d2.-r0.-r0.d1.-f1.-d1.f1.r1.f1.-r1.-f1
387,-r0.-d2.-d0.f0.d0.f0.-d0.r2.r2.-d0.-f0.-r0.-r2.d2.-f0.-f0.-r0.-r0.d2.d2.d0.-f0.-f0.-d2.-r0.-r0.d0.r2.d1.-f1.-d1.f1.-r2.-f0.-f1.-d1.f1.d1.f0
388,-r0.f2.f1.f1.r1.-f2.d2.f0.-r0.-d2.r2.-f0.-f0.-d0.-f2.r0.d0.f2.f2.-d0.-d0.-r0.-r0.-d0.-r0.-r0.r2.r2.d2.d2.-f0.f1.-r1.-f1.r1.f0.-r1.f1.r1.-f1
389,-f2.-d2.-f0.-f2.d2.r0.-d0.r2.r2.-f0.-d0.r2.-d0.f2.f2.-d2.f2.f2.-d2.-r0.-r0.-f0.-f0.-d0.-r0.-r0.-d2.d0.r1.f1.-r1.-f1.-d0.-f0.-d1.r1.d1.-r1.f0
390,-r0.-r0.f2.-d0.r2.r2.f2.r2.r2.f0.f2.f2.d0.r2.f2.f2.d0.r2.r2.-d0.-d0.f2.f2.d2.r2.r2.d2.r2.r2.-r1.-d0.-d2.-f1.d2.f1.r1.-d1.-f1.d1.-r1
391,d0.r0.-f0.f2.-d0.r2.-f0.-f0.-d0.f2.f2.r0.-d0.r2.-f0.-f0.d0.-r0.-r0.f2.f2.-d0.-d0.-f0.-f0.d2.f2.f2.d0.-r0.-r0.-d1.r1.f1.d1.-r1.-f1
392,-f2.-r0.-d2.r0.-d0.f0.d2.d0.-f2.r0.r2.d0.-f0.-d0.-r0.-r0.f2.f2.-d0.-r0.-r0.-f0.-f0.-d0.-r0.-r0.f2.f2.r2.r2.-d1.-r1.-f1.d1.f1.r1
393,-d2.-r1.-r0.d2.-r0.-f0.r0.r2.r2.d2.f0.f2.-r0.-r2.-d2.r2.r2.d2.d2.r2.r2.f2.f2.d0.-r0.-r0.d2.r1.-d1.-r1.f1.d1.-f1.f0.f1.-r1.-f1.r1.-f0
394,d2.f2.-r1.-d0.-d0.-f0.-d2.f2.f2.d2.f2.-d0.-f0.-r0.-r0.r2.d2.-f0.-f0.-d2.-f0.-f0.f2.f2.-d2.d0.f2.f2.r2.d1.f1.-d1.-f1.-r2.-d1.r1.d1.-r1
395,d0.r0.r2.r2.d2.d2.-d0.r2.f2.-r0.-d0.-d0.r0.f0.-d2.-r2.-f0.-f0.-d2.f2.f2.d2.f2.f2.-r0.-r0.-d0.r2.r2.d2.d2.-f0.-f0.r1.-d1.-r1.d1
396,-r0.-f2.d2.f0.d2.d2.r2.-d2.d0.f0.d2.d2.f2.-d0.-d0.r2.r2.-d2.r2.r2.-f0.-f0.d0.f2.f2.d0.r2.r2.-f0.r1.d1.-r1.-d1.f0.-f1.-d1.f1.d1
397,-f2.d2.-d0.r0.-d2.-r0.-r0.d0.-f2.r0.f2.-r2.-f0.d2.-r0.-r0.f2.f2.-r0.-r0.r2.r2.-d2.-r0.-r0.-f0.-f0.-d0.-d0.-r0.-r0.d1.f1.r1.-f1.-d1.f1.-r1.-f1
398,-f0.-f0.d2.f0.r0.f2.-d2.r0.r2.f2.-r0.-f2.-d0.-d0.r2.r2.f2.f2.-r0.-r0.r2.r2.-d0.-r0.-r0.f2.f2.-r0.-r0.-d2.-r0.d1.-r1.-d1.r1.r0.-d1.-f1.d1.f1
399,-f2.-r1.d2.-f0.r2.d0.f0.-f2.d0.r2.-d0.-r0.-r2.d0.-r0.-r0.-d2.-f0.-f0.d2.-f0.-f0.-r0.-r0.-f0.-f0.-d2.-d0.r1.-d1.-r1.-d0.d1.f0.f1.d1.-f1.-d1.-f0
400,d2.d2.r2.-d0.f2.d2.d2.r0.-f0.-r0.r2.d0.r0.d0.r2.r2.-d2.d0.-f0.-f0.r2.r2.-d2.-r0.-r0.f2.f2.-d0.-d2.-r1.d2.d0.f1.-d0.-f1.-r1.f1.r1
401,-f0.r2.d2.d2.-f0.d2.d0.r2.-f0.-d2.r2.d2.d2.f2.f2.-r2.-f0.-f0.-d0.-r0.-r0.d0.f2.f2.-d2.f2.f2.r2.r2.-f0.-f0.r2.r2.f2.-d1.-f1.d1.-f2.f1
402,-f2.d0.f1.f1.-d1.f0.-r0.-r0.d2.f2.-d2.-d0.-r0.-d0.f2.d2.r2.d2.f2.f2.d2.-f0.-f0.-d0.-f0.-f0.-r0.-r0.f2.f2.-r0.-r0.-r0.f1.d1.-f1.-d1.r0.d1.f1.-d1.-f1
403,f0.d0.r2.d0.-f2.-r0.d2.f2.r2.r2.d0.-f2.-d0.f2.-r0.-r0.-d0.r2.r2.-d0.-r0.-r0.-d0.f2.f2.r1.-r2.d1.-r1.-d1.r2.f0.-r1.-d1.r1.d1.-f0
404,f0.r0.f1.f1.d1.-d2.r2.-d2.d0.r0.d2.d2.-r0.-r0.-d2.-r2.-f0.f2.-d2.f2.f2.-r0.-r0.d2.r2.r2.-f0.-f0.-r0.-r0.-d0.-d0.f2.f2.d0.-r1.-d1.r1.-d0.d1.r1.f1.-r1.-f1
405,r1.d2.-r2.-d0.f0.-r0.r2.r2.-d2.-r0.-f0.-f0.d0.-f0.r2.f2.f2.r2.r2.-d2.d0.-f0.-f0.-d2.f2.f2.-r0.-r0.d0.-f1.-d1.f1.r1.d1.-r1.-f0.r1.f1.-r1.-f1.f0
406,-d2.f2.r2.-d2.f2.f2.-r2.-f0.d2.d2.d0.-f0.-r0.-r0.-d2.r2.r2.d2.d2.-f0.-f0.-d2.-r0.-r0.r2.r2.f2.f2.-f1.r1.-f1.-f1.-r1.-f1.f0.-r1.f1.r1.-f1.-f0
407,f1.f1.r1.-r0.-r0.f2.-d2.f0.r2.d2.d2.r2.f0.d2.-d0.-d0.r0.-f0.-f0.-d2.d0.r2.r2.d2.f2.f2.-r0.-r0.f2.f2.-d2.f0.-r1.d1.r1.-d1.-f0.d0.f1.-d1.-f1.-d0.d1
408,r0.f2.d2.r0.d0.-r0.-f2.d2.-r0.-r0.-r2.-f2.-r0.-r0.-d2.r2.r2.-d2.-d0.-d0.-f0.-f0.-r0.-r0.-f2.-r1.d1.r1.-d1.f2.d0.f1.-d0.-d2.-r1.d2
409,f0.-d0.-f0.d2.r0.d0.-r2.-d2.-r0.d2.d2.-d0.f0.-d2.r2.r2.-d2.-f0.-f0.-r0.-r0.-d0.-f0.-f0.-d0.-d0.r2.r2.-d2.r0.f1.-r1.-f1.-r0.r1.r1.f1.-r1.-f1
410,-f0.-d2.f1.r1.r1.-r0.-r0.r2.f2.f2.-d2.r0.f0.-r0.-r0.d2.d2.-f0.-f0.-f2.-r2.d2.d2.-d0.f2.f2.d0.-f0.-f0.-r0.-r0.-f0.-f0.-d0.r2.-f1.d1.f1.-d1.r2.f1.r1.-f1.-r1
411,f2.r0.d1.f0.-d0.f0.-f2.d2.-r2.d2.d2.-f0.-r0.-f2.-d2.-f0.-f0.-d2.r2.r2.d2.f2.f2.d0.f2.f2.d2.d0.-r1.-d1.r1.-d0.d1.-f2.r1.f1.-r1.f2.-f1
412,r0.-f0.-d0.r0.d2.r2.-d2.f0.-f2.-r0.-d2.-f0.d2.d2.-d0.-d0.f2.f2.-r0.-r0.d0.f2.f2.r2.r2.-d2.-d0.-d0.-r0.-r0.-f0.-r1.-d1.r1.d1.f0.r1.d1.-r1.-d1
413,d0.-r1.-r0.f2.-r0.-f0.-d0.-d0.f2.r2.r2.f2.-d2.d0.-r0.d0.-r0.-r0.-d2.-f0.-f0.d2.f2.f2.r2.r2.f2.f2.-d0.-f0.-f0.r0.d1.-f1.-d1.f1.-r0.r1.f1.-r1.-f1
414,-r2.f1.r1.r1.f0.d2.-d0.f2.r2.d0.f0.-d0.-d0.r2.r2.d2.-f0.-d0.-d0.-r0.-r0.r2.r2.d0.f2.f2.d0.-r0.-r0.d2.-f0.d1.r1.-d1.-r1.f0.f1.-r1.-f1.r1
415,f2.d0.r1.r0.d2.d2.-r2.d0.r2.d2.d2.-f0.r2.d2.f2.f2.r2.-d2.-f0.-f0.f2.f2.d2.f2.f2.d0.-r0.-r0.-d2.-r0.-r0.f0.d1.-f1.-d1.f1.-f0.r1.f1.-r1.-f1
416,f1.r0.f0.r2.f2.-d0.-d0.-f0.-f0.-r2.-f0.-r0.-d2.r0.-f0.-f0.d2.f2.f2.d2.d2.d0.r2.r2.f2.f2.d2.d2.f2.f2.f1.d1.r1.-f1.-r1.-d1.r1.f1.-r1.-f1
417,-d2.f2.f1.d1.d1.-r2.-d0.r2.r2.-f2.d2.r0.-f0.-r2.f2.-d0.-r2.d2.d2.d0.-f0.-f0.d0.-r0.-r0.-d2.d0.f2.f2.r2.r2.f2.f2.f2.d1.r1.-d1.-r1.-f2.f1.-r1.-f1.r1
418,f0.d2.-d0.-d0.-r0.-r0.f2.r2.d0.-r0.d2.d2.-r2.f0.-f2.r2.-f0.-f0.-d0.-f0.-f0.f2.f2.-d0.-d0.-f0.-f0.f2.f2.-r0.-r0.d2.f2.f2.f1.r1.-d1.-f1.d1.-r1
419,d2.d2.f2.f2.-r0.-d0.-r0.-r2.f0.-d0.-d0.-r0.-r0.-r2.-f0.-d0.f2.f2.d0.-f0.-f0.-d0.-f0.-f0.f2.f2.-r0.-r0.d2.d2.d0.-r1.f1.-d1.r1.d1.-f1
420,-f0.-f2.-d2.r2.f0.d2.-d0.f0.-r0.d2.r0.-r2.-f0.-f0.-d0.r2.r2.d2.f2.f2.r2.r2.d0.r2.r2.f2.f2.-d0.-d1.d0.-r1.d1.r1.-d0.d1.f1.-d1.-f1
421,f0.-r1.f2.r2.-d0.-d0.-f0.-f0.f2.f2.d0.-f0.-f0.-r0.f0.-r0.-f2.-r0.-r0.d0.r2.r2.f2.f2.d2.-d0.-d0.-r0.f1.d1.-f1.-d1.-r0.r1.-d1.-r1.d1
422,r0.f0.-f1.r0.d0.f0.-r0.-f2.-r2.-d2.r0.-f0.d2.f2.-d2.-f0.-f0.-d2.-r0.-r0.d0.-f0.-f0.r2.r2.f2.f2.-r0.-r0.-d0.f1.f1.-d1.-f1.d1.-f1.r1.f1.-r1.-f1
423,-d0.f2.-d1.d2.-d0.-r0.r2.r2.f0.-f2.r0.-f2.d2.-d0.-r0.-d2.-f0.-f0.d0.-f0.-f0.d2.-f0.-f0.r2.r2.f2.f2.r2.r2.-d0
424,-f0.-d2.-f2.-r0.-f0.-f0.-d2.f0.d2.f0.-r0.-d0.-d0.-r2.f2.f2.r2.r2.-d0.r2.r2.d2.-f0.-f0.d2.d2.f2.f2.r2.r2.-f0.-f0.-d1.-f1.r1.f1.d1.-r1
425,f2.f1.r1.r1.d2.-r2.f0.-d0.-d0.-r0.-r0.-r2.-f0.f2.-d0.-r2.d2.-f0.-f0.d0.f2.f2.d0.-r0.-r0.-d0.-d0.f2.f2.-r0.-r0.f2.f2.f1.r1.d1.-r1.-f1.-d1.-r1.f1.r1.-f1
426,r2.-d0.f1.f1.d1.-r0.-f0.f2.d2.-d0.r2.d0.-f0.-f2.d0.r0.-d2.-r0.-r0.-d2.r2.r2.-d2.r2.r2.-d2.r2.r2.f2.f2.d0.r1.-d1.-r1.-d0.d1.-r1.-f1.r1.f1
427,r2.d2.d2.-d0.r2.d2.r2.f0.d0.-r0.-d0.-d0.-r0.-f2.d0.f2.f2.d2.d2.-d0.-f0.-f0.d0.-f0.-f0.r2.r2.-f0.-f0.-d2.f1.d2.d0.r1.-d0.f1.r1.-f1.-r1
428,d0.f1.d1.d1.f0.f2.d2.f2.d2.-d0.-f0.-f2.r0.-f2.r2.d2.d2.-f0.-f0.d0.r2.r2.-d2.-f0.-f0.-d0.-d0.-f0.-f0.f2.f2.d0.d1.r1.-f1.-d1.f1.f1.-r1.-f1
429,-d2.-f0.r0.-f2.-r0.r2.r2.d0.-r0.-r2.-d0.-f0.r0.-d2.f2.f2.-d2.f2.f2.-d2.-r0.-r0.-d0.-d0.f2.f2.-d2.r0.f1.d1.-f1.-d1.-r0.d1.f1.-d1.-f1
430,d2.-r0.-r0.d2.d2.-r2.-f2.d0.f2.d0.-f0.-r0.d2.d2.f2.-d2.d0.-f0.-f0.-d0.-d0.r2.r2.-f0.-f0.d2.f2.f2.r2.f1.d1.-f1.-d1.-r2.-r2.-f1.r1.f1.r2.-r1
431,f2.f1.f1.-d1.-f0.-f0.-d0.-r0.r2.-f0.f2.f2.-d0.-r0.-f0.-f0.f2.-d0.-d0.f2.f2.d2.f2.f2.d2.-r0.-r0.-d2.-f0.-f0.d0.-r0.-r0.f1.-r1.-d1.r1.-f1.d1.r1.f1.-r1.-f1
432,r2.f0.d0.f0.f2.-d0.-d0.r2.-f0.d2.-r2.-f0.-f0.-r0.-f0.-f0.d2.d2.f2.f2.d2.-r0.-r0.-f0.-f0.r2.r2.d0.-r0.-r0.-d0.-d0.d1.-r1.-d1.r1.f1.r1.-f1.-r1
433,-d0.r0.r2.-d2.r2.d0.r0.r2.-d2.d0.-f2.r0.-f0.-f0.f2.f2.-d2.-d0.-d0.-r0.-r0.-d0.-f0.-f0.d0.f0.r1.f1.-r1.-f1.-f0.d0.r1.-f1.-r1.f1.-d0
434,-f0.f1.-d0.r2.-f0.-f0.r2.-f0.r2.r2.d2.-f2.-d2.-r0.-f0.-f0.-r0.-r0.d2.d0.-r0.-r0.-f0.-f0.d2.f2.f2.d2.-f2.r1.d1.-r1.-d1.f2.-f1.-d1.f1.d1
435,f1.f1.r1.f0.d2.d2.r0.f0.-f2.-r0.-r0.f0.-r2.d2.d2.-d0.r2.d2.-d0.r2.r2.-f0.-f0.d2.f2.f2.-r0.-r0.-d2.-f0.-f0.f2.r1.-d1.-r1.d1.f2.f1.d1.-f1.-d1
436,-r0.-f0.-d2.r2.r2.f2.-r0.d2.-f0.d2.f2.f2.-r2.d0.-f0.-f0.f2.f2.r2.r2.-d2.r2.r2.-d0.-f0.-f0.-r0.-r0.f2.f2.d0.f1.-d1.-f1.-d0.d1.f1.-r1.-f1.r1
437,-f2.-r0.d1.-d0.-d0.-r0.-r0.f2.f2.-r0.f2.-d0.-d0.f0.-r2.f0.f2.d2.-f0.-f0.f2.f2.d2.d2.d0.f2.f2.d2.-r0.-r0.d2.-f0.-f0.-r0.f1.r1.-f1.r0.f1.-r1.-f1
438,d2.-f0.-f0.f2.-d2.f2.f2.r2.d2.r0.-d2.-r2.f2.f2.-d2.-r0.-r0.-d0.f2.f2.d2.f2.f2.-d2.-r0.-r0.-f0.-f0.-f1.d1.-r1.-d1.r1.f1.-f0.-r1.f1.r1.-f1.f0
439,f1.f1.r1.-f0.r0.r2.f2.f2.-r0.r2.r2.d2.-r0.-r2.f0.r2.d2.d2.-f0.-f0.r2.r2.d2.-f0.-f0.r2.r2.-d0.r2.r2.-d2.-f0.r1.d1.-r1.-d1.f0.-f1.-d1.f1.d1
440,-f2.d2.-d0.-f2.r2.d2.-r0.d2.-r0.d2.d2.-f0.d0.r2.-f0.-f0.-d2.f2.f2.d2.d2.-r0.-r0.-d2.r2.r2.-d0.-d0.r2.r2.-f1.-r1.d1.r1.-d1.f1
441,-d0.-f1.-r2.-d2.-r0.-d2.-r2.-d0.f0.f2.d2.r0.d2.d2.r2.r2.d0.-f0.-f0.d0.-f0.-f0.-r0.-r0.f2.f2.d2.f2.f2.f0.-d1.-f1.d1.f1.-f0.-d2.-f1.d2.d0.-r1.-d0
442,r2.d2.-f0.d0.r2.-d0.-r0.-f2.d2.d2.d0.r2.r2.d2.-f0.-d0.r2.r2.-d0.f2.f2.d0.-r0.-r0.-d0.r2.r2.d2.r0.-f1.-d1.f1.d1.-r0.r1.-f1.-r1.f1
443,-f2.f1.r1.r1.-r0.-r0.-d0.r2.f0.-d0.-d0.-f0.-f0.r2.d2.f2.f2.-d2.-r2.d0.r2.r2.d0.r2.r2.f2.f2.-d0.-f0.-f0.d2.-r0.-d1.-r1.d1.r1.r0.-f0.f1.r1.-f1.-r1.f0
444,-r0.d2.f1.f1.r1.r2.d0.f0.-r2.-f0.-r0.f2.d2.d2.-f0.-r0.-r0.f2.f2.-r0.-r0.-f0.-f0.-d0.-d0.r2.r2.d2.-f0.-f0.-d0.-d0.-f0.-r1.d1.r1.-d1.-f0.f1.-d1.-f1.d1
445,r0.-r1.d2.d0.-r0.-r0.-f2.-d0.-d0.-f0.d0.-r0.-r0.-d0.f2.-r0.-r0.d2.d2.-d0.r2.r2.-d2.f2.f2.r2.r2.-d2.f2.f2.d0.r0.-r1.-d1.r1.d1.-r0.r1.f1.-r1.-f1
446,r0.-f2.-r0.d2.d2.-r0.-d0.-d0.r2.r2.f0.r0.d0.-r2.d2.-f2.-d2.-r0.-r0.d2.f2.f2.r2.r2.-d2.-f0.-f0.-r0.-r0.d0.-r0.-f1.-r1.f1.-r0.r1.f1.r1.-f1.-r1
447,-d0.-f0.f1.f1.-r1.-f0.f2.f2.d2.f2.f2.-r0.-r0.r2.-d0.r2.-f0.r0.-d2.f2.f2.d2.-r0.-r0.d2.d0.f2.f2.-d2.-r0.-r0.r2.f1.d1.-f1.-d1.r2.d1.f1.-d1.-f1
448,r2.r2.-f0.-r0.d2.d2.-d0.-r2.f2.-d2.r2.f2.-d2.-f0.-f0.-r0.-r0.r2.r2.-d2.-f0.-f0.-r0.-r0.d2.-d0.r2.d1.r2.r0.f1.-r0.-f2.-d1.f1.d1.f2.-f1
449,-f2.d2.f1.f1.d1.-d2.d0.-f2.-r0.f0.r2.r2.f0.-f2.r0.-f0.-r0.-r0.-f0.-f0.-d0.f2.f2.r2.r2.d2.f2.f2.-d2.-f0.-r1.d1.r1.-d1.f0.f0.r1.-f1.-r1.f1.-f0
450,-r1.r0.f2.r2.-f0.r0.-d0.-r2.f0.-r2.-f0.-f0.-f2.d2.-d0.f2.f2.d2.d2.-f0.-f0.r2.r2.-d0.-f0.-f0.r2.r2.f2.f2.r0.f1.-d1.-f1.d1.-r0.f0.-d1.f1.d1.-f1.-f0
451,f2.r2.f1.-d2.f2.f2.-r0.-r0.d0.r0.f0.-r0.-f0.d2.f2.-r0.-r0.-d2.r2.r2.d2.-f0.-f0.-r0.-r0.d2.r2.r2.d0.-f2.-r1.d1.r1.-d1.f2.-f0.r1.-f1.-r1.f1.f0
452,-f0.-r1.-d2.-r0.-f2.-d0.-f0.-d2.f2.f2.r2.-f2.-r2.-d2.f2.f2.d0.f2.f2.-r0.-r0.d0.-r0.-r0.d2.-f0.-f0.d2.-r1.-d1.-f1.d1.r1.f1.f0.-r1.f1.r1.-f1.-f0
453,-r0.-d2.f1.f1.-d1.-d2.f0.r2.-f0.-r0.f0.-d0.r0.f0.r2.-f2.d2.-r0.-r0.-d2.r2.r2.f2.f2.-d0.-d0.f2.f2.-d0.-d0.-r0.-r0.d2.f1.-d1.r1.-f1.-r1.d1.r1.f1.-r1.-f1
454,r2.d0.-d1.-f0.-r0.-r0.f2.r2.r2.-f0.-d0.-r0.-d2.-r0.-f2.-r0.-d0.r2.r2.d2.d2.f2.f2.-d0.-f0.-f0.-r1.d1.r1.-f1.-d1.f1.-f0.f1.-r1.-f1.r1.f0
455,r2.-f0.r1.d2.f0.-r0.-f0.-f0.d0.r0.d2.r0.-f0.d0.f0.r2.d2.-d0.-r0.-r0.d2.-f0.-f0.-d2.d0.r2.r2.-f0.-f0.r2.r2.r2.-d1.f1.d1.-f1.-r2.r1.-f1.-r1.f1
456,-d2.f0.r0.f0.-d2.-r0.f2.-d0.r0.-d2.-f0.-f0.-r0.-f0.-d0.-d0.r2.r2.d0.f2.f2.-r0.-r0.d0.r2.r2.-f0.-f0.f2.f2.f0.-r1.d1.r1.-d1.-f0
457,f2.f2.d2.-r0.-d0.-f0.-d0.f2.-r0.-d0.-f0.-r0.-r0.-f0.r2.d0.-f0.-f0.-r0.-r0.-d0.-r0.-r0.f2.f2.-r0.-r0.f2.f2.r2.-d1.-r1.d1.-r2.r1.r0.f1.-r0.-r2.d1.r2
458,r0.r2.d2.r0.r2.f2.-r0.-r0.-d0.-f2.-r0.-d0.f2.r2.f2.f2.d2.d2.d0.-r0.-r0.d0.r2.r2.d0.r2.r2.d0.-r1.d1.r1.f1.-d1.-f1.f0.f1.r1.-f1.-r1.-f0
459,-r2.d2.d2.-r0.-r0.-d2.-r2.d2.-r0.-d2.-d0.-f2.-r2.-f0.d2.d0.r2.r2.-d2.-f0.-f0.-d2.r2.r2.-d2.-r0.-r0.r2.d1.f1.-d1.-f1.r2.d0.r1.-d0.-d2.f1.d2
460,r0.d2.f2.-d2.r2.f2.f2.-r0.-f2.-d0.-f2.-d2.-d0.-d0.r0.-d0.-d0.-r0.-r0.-d0.r2.r2.d2.-f0.-f0.r2.r2.-d0.-f0.-f0.r2.r2.-r1.d1.-f1.-d1.f1.r1
461,f2.-r2.f1.f1.-r1.d2.f0.d2.-d0.f0.f2.f2.r2.d0.r2.d2.d2.-r0.-d0.r2.r2.-d2.f2.f2.r2.r2.f2.f2.-r0.-r0.-d0.-f0.-d1.f1.d1.-f1.f0.r1.-f1.-r1.f1
462,-d2.r0.-f2.d2.r2.-d2.-r2.d0.-r2.-d2.-f0.f2.r2.r2.-f0.-f0.-r0.-r0.d2.-d0.f2.f2.-d2.r2.r2.f2.f2.d2.r2.f1.-d1.-f1.d1.-r2.d0.-r1.f1.r1.-f1.-d0
463,-d2.f2.f1.r1.r1.f0.-r2.-f0.-r0.f2.-d2.-f0.-r2.-d2.-d0.-r0.f2.f2.d2.-r0.-r0.d2.-f0.-f0.f2.f2.-d2.-r0.-r0.d2.d2.-r0.d1.f1.-d1.-f1.-r0.-d1.r1.d1.-r1
464,f0.-d0.f1.f1.-d1.-r0.f2.-d2.-d0.-f2.d0.f0.-d0.r2.-d0.f0.-d2.f2.f2.d0.f2.f2.-d2.r2.r2.d2.d2.r2.r2.-d2.-r0.-r0.-r2.d1.r1.-d1.r2.-r1.f0.-d1.-f1.d1.f1.-f0
465,d0.r2.d0.-r0.-r0.r2.-f0.d2.-r2.f2.-r0.-f0.-d0.-f0.-f0.-d2.-d0.f2.f2.d0.-f0.-f0.-d0.r2.r2.-f0.-d1.r1.d1.-r1.-f0.d0.r1.-f1.-r1.f1.-d0
466,f0.r2.d2.-r2.-f0.-f0.-r2.d2.-f2.-d0.-r0.-d2.-f0.-d2.-d0.r2.r2.f2.f2.r2.r2.f2.f2.d2.-d0.-d0.-r0.-r0.f2.-r1.-f1.r1.-f2.f1.-r2.d1.r2.r0.f1.-r0
467,-d2.-r2.f1.f1.d1.d2.d0.-r2.-d0.-f2.d2.f0.d0.r2.-f0.-r2.-f0.-f0.-d0.-f0.-f0.-d0.-f0.-f0.-d0.-d0.-r0.-r0.d2.-f0.-f0.r0.-f1.d1.f1.-d1.-r0.f1.r1.-f1.-r1
468,r0.f2.d0.-r0.-r0.d0.-f2.d2.d2.-f2.-d2.f0.r2.-f0.-f0.-r0.-r0.d0.-r0.-r0.r2.r2.-d0.r2.r2.d0.r2.r2.-f0.-d1.-f1.d1.f1.-f0.-r1.f1.r1.-f1
469,-r0.f2.r1.f2.-d0.-r0.-d0.-d0.-r0.-d2.-r0.-r0.-d2.r2.-f0.r2.r2.-d2.-d0.r2.r2.-d0.-f0.-f0.f2.f2.-d0.f2.d1.f1.-d1.f2.-f1.-r1.-f1.r1.f1
470,-f0.-r1.-r0.-r0.f0.d2.d2.-r0.-r0.-d0.-d0.-r0.d2.-r0.-d2.-f0.-d0.-d0.f2.f2.-d0.r2.r2.d2.-f0.-f0.d0.-f0.-f0.-r0.-r0.-d2.d0.r1.-f1.-r1.f1.-d0.-d1.f1.d1.-f1
471,d2.f0.-d2.-f0.d2.d2.-r0.-d0.-d0.f2.f2.-r0.-r0.-f0.f2.f2.-d2.r2.r2.-d2.d0.f2.f2.-d0.-r0.-r0.d0.f1.r1.-d1.-f1.-r1.d1.f0.f1.d1.-f1.-d1.-f0
472,f2.f1.f1.d1.f0.-d0.-f0.-f0.f2.r0.d0.-r2.f2.r2.r2.d0.r0.d0.r2.r2.d0.r2.r2.-f0.-f0.d0.r2.r2.f2.-d1.-f1.d1.-f2.f1.f0.-r1.f1.r1.-f1.-f0
473,-r0.-f2.f1.d1.d1.-f2.-r0.d0.f0.r2.-d0.-r2.d2.-f0.r2.d2.r2.r2.-f0.-f0.f2.f2.d2.r2.r2.-d2.-r0.-r0.-d2.-r0.-r0
474,-f2.-d2.-f2.r2.r2.d0.f0.r2.r2.f2.f2.-r2.d0.-f2.-d0.-f0.-f0.-d0.-r0.-r0.-f0.-f0.d2.-f0.-f0.f2.f2.-r0.-r0.-d2.-r0.d1.f1.-d1.-f1.r0.f1.r1.-f1.-r1
475,d0.d0.-r0.-d0.-r2.f0.-d2.-r0.-r0.-d0.-r0.f0.-f2.d2.-f0.-f0.f2.f2.d2.-f0.-f0.-d2.-d0.-d0.r2.r2.-d2.-f0.-f0.r0.-r1.-d1.r1.d1.-r0.r1.-d1.-r1.d1
476,f2.r2.d2.r0.-d0.-d0.-r0.f2.-d0.-d0.-f2.d2.-d0.-d0.r2.-f0.f2.f2.r2.r2.-f0.-f0.-r0.-r0.r1.-f1.-f1.-r1.-f1.-f1.-f0.-f1.r1.f1.-r1.f0
477,f0.-f2.r0.d2.-d0.r0.-r2.d2.f0.-d2.-f2.r2.f0.f2.f2.r2.r2.d2.r2.r2.d2.f2.f2.d2.-d0.f2.f2.r2.r2.r0.d1.r1.-d1.-r1.-r0.-f1.d1.f1.-d1
478,f2.-d2.-r0.-d0.-r0.-r0.-d2.f2.f2.-r0.f0.-d2.f2.-r0.-d0.-f0.-f0.r2.r2.-f0.-f0.-r0.-r0.-d0.-d0.r2.r2.-d2.-f2.d1.r1.-d1.-r1.f2.f1.f1.r1.-f1.-r1.-f1
479,-f0.-r2.-r1.-f0.-f0.-r2.-d2.-f0.-r0.d2.f0.-d0.-f0.-f0.f2.d2.-r0.-r0.d0.-f0.-f0.r2.r2.f2.f2.-r0.-r0.-f0.f1.r1.-f1.-r1.f0.r1.f1.-r1.-f1
480,f1.d1.d1.-d2.r0.-f2.-r0.-d2.-r0.r2.d0.f2.d0.r0.-f0.-f0.r2.r2.-f0.-f0.f2.f2.d2.-r0.-r0.f2.f2.-d2.r2.f1.d1.-f1.-d1.-r2.-f0.r1.-d1.-r1.d1.f0
481,d2.-f1.d2.-f2.-d0.r0.-f2.d0.f0.-d2.r2.r2.f2.f2.r0.r2.r2.-d0.-r0.-r0.-d2.-f0.-f0.d0.-r0.-r0.d2.d2.r2.r2.-d2.f0.f1.r1.-f1.-r1.-f0.r1.f1.-r1.-f1
482,-d0.-f0.-d2.-d0.-r0.-r0.-f0.-d0.-d0.r0.-r2.f0.d2.f0.d0.-r0.-r0.-d2.-r0.-r0.-f0.-f0.r2.r2.-f0.-f0.-d2.-d0.-f0.-f0.-f0.r1.-d1.-r1.d1.f0
483,-f2.-r2.-f0.-r2.-f0.-f0.-r0.-f2.-d2.r2.f2.f2.d2.-r0.-f0.-f0.-r0.-r0.d0.-r0.-r0.f2.f2.d0.r2.r2.f2.f2.d2.-f0.-f0.-r1.-r1.f1.-r1.-r1.d1.-f1.-d1
484,r2.f0.r2.r2.-f0.r2.-d0.-d0.-f0.-f0.-d0.-r0.-f0.-r0.-f0.-r0.-r0.d2.r2.r2.d2.-r0.-r0.-f0.-f0.-r0.-r0.-d0.-r0.-r0.d2.d2.r2.d1.f1.-d1.-f1.-r2
485,r0.r2.f1.r0.d0.-f0.f2.-d0.-r0.f0.-f2.d0.-r2.-f0.d2.d2.f2.f2.d2.-f0.-f0.d2.r2.r2.-d0.f2.f2.d2.d2.d0.-r1.-d1.r1.-d0.d1.r1.f1.-r1.-f1
486,f2.-d2.-r0.-r0.-r2.-f0.r0.d2.d2.-r2.-d2.-d0.-d0.-r0.-f2.-d2.-f0.-f0.-d2.r2.r2.d2.f2.f2.-d2.-r0.-r0.r2.r2.d0.r0.-r1.-d1.r1.d1.-r0.-d1.-f1.d1.f1
487,f2.r2.r1.f2.-r0.d2.f2.-d2.f0.-d0.r2.f2.d2.d2.-f0.-d2.-f0.-f0.r2.r2.-d0.r2.r2.-d2.-f0.-f0.-d0.r2.r2.-d1.d0.-f1.d1.f1.-d0.-r1.f1.r1.-f1
488,d2.f0.f2.-r0.-f0.-f0.-d2.r0.r2.r2.d2.r2.r2.-d2.-f0.-d0.-f0.-f0.-d2.-f0.-f0.f2.f2.d0.f2.f2.-d0.-d0.-r0.-d1.f1.d1.-f1.r0.-r1.r0.f1.r1.-f1.-r0
489,-f2.d2.r2.r2.-d0.f0.r2.-f0.-f0.d0.f2.-r0.-r0.r2.f2.r2.r2.d0.-f0.-f0.-d0.-r0.-r0.d2.d2.f2.f2.-r0.-r0.-r2.-f1.-d1.f1.d1.r2.-f1.r1.f1.-r1
490,d2.-f2.f1.f1.-r1.d2.d0.f0.-f2.-r0.f2.r0.d2.d2.-f2.r0.r2.-d2.r2.r2.-f0.-f0.-d2.-d0.-d0.-r0.-r0.f2.f2.d0.-f0.-f0.-r2.f1.d1.-f1.-d1.r2.d1.f1.-d1.-f1
491,r0.r2.d2.d2.f0.-r0.-r2.f2.-r0.-r0.f0.-r0.d2.-f2.-r2.-f0.-f0.d0.-f0.-f0.d2.d2.-r0.-r0.f2.f2.d0.f2.d1.r1.-d1.-r1.-f2.r1.-r2.-f1.-r1.f1.r2
492,f2.r0.d1.-f0.-f0.-d0.f2.-d0.r2.-f0.-d0.r2.f2.f2.d0.-r0.d2.-r0.-r0.-f0.-f0.f2.f2.d0.-r0.-r0.-d2.f2.f2.-d0.r2.-d1.r1.d1.r2.d1.f1.-d1.-r1.-f1
493,-r2.d2.-r2.-f2.-r0.d2.d2.f0.r2.r2.-f2.-r0.-f2.d0.r2.f2.f2.-d0.f2.f2.-r0.-r0.d0.r2.r2.-d0.-r0.-r0.-d0.-d1.-r1.-f1.d1.f1.r1.r1.f1.-r1.-f1
494,r0.r0.f1.d1.d1.-d2.r2.-f0.r2.r2.-f2.d2.-r0.-d0.-r2.d0.r0.-d2.r2.r2.f2.f2.-d2.-r0.-r0.f2.f2.d0.r2.r2.r2.f1.d1.-f1.-d1.-r2.d1.f1.-d1.-f1
495,-r0.f2.d2.-r0.-r0.f0.d2.d2.d0.-r2.d0.-f2.r0.d2.-f0.-r0.-r0.-f0.-f0.-r0.-r0.d2.-d0.-f0.-f0.-d2.-r0.-r0.-d0.r2.d1.-r1.-d1.-r2.f1.r1.-f1
496,-d0.f0.f1.f1.d1.f2.-r0.-f0.-f2.r0.f0.-r2.-f0.-d2.-r2.-d0.f2.f2.-r0.-r0.f2.f2.d2.d2.f2.f2.-d2.r2.r2.-d0.-r2.-f1.d1.f1.-d1.r2.f1.r1.-f1.-r1
497,r2.f2.d1.d2.f2.-d0.-r0.r2.-d2.-r0.f2.-d0.-r0.-f2.-r0.-r0.-f0.-f0.-d0.-f0.-f0.r2.r2.-f0.-f0.d2.r2.r2.d2.-d0.-d0.-r0.-d1.-r1.d1.r1.r0.d1.-f1.-d1.f1
498,-f2.-d2.-r0.-r0.d0.-f0.-f0.-r0.d2.d2.r0.-f0.-r0.r2.f2.f2.-d2.r2.r2.d2.-d0.-d0.-f0.-f0.d2.-r0.-r0.d2.r1.r1.f1.r1.-f1.r1
499,-f0.-r2.f1.r1.r1.d2.f2.-r2.f0.-f2.d0.-f2.-r0.-r0.-d2.f0.-d2.f2.f2.d2.-r0.-r0.-d2.r2.r2.d0.f2.f2.-d2.f1.-f2.r1.-f1.-r1.f2.-d1.-r1.d1.r1
500,-r2.-r0.d2.r0.r2.r2.d0.r0.-f2.-r0.-r0.d2.-d0.-r0.f0.-d0.-f0.-f0.r2.r2.-d0.-d0.f2.f2.-r0.-r0.d2.-f0.-f0.-d0.f0.-r1.-d1.r1.d1.-f0.-d1.f1.d1.-f1
501,f2.-d1.d2.-r0.f2.d2.d0.r0.d0.-f0.-f2.d2.d2.-r0.f2.-r0.-r0.d0.f2.f2.d0.f2.f2.d0.r2.r2.d2.d2.f2.f2.-d0.r1.-r2.-d1.-r1.d1.r2.f0.f1.d1.-f1.-d1.-f0
502,r0.-d2.-f0.-f0.f2.f2.r2.r2.d2.-f0.d0.r2.d2.d2.-f0.-r2.-f0.-f0.d2.f2.f2.-d0.f2.f2.r2.r2.d2.d2.f2.f2.d2.-d0.-r1.r2.-d1.r1.d1.-r2
503,d0.-f2.f1.f1.d1.f0.d2.d2.r0.-d2.-f0.r0.-f2.r2.d2.r2.-d0.f2.f2.-d0.-f0.-f0.d0.-f0.-f0.r2.r2.-d0.-r0.-r0.d0.-f0.r1.d1.-r1.-d1.f0.-f1.-d1.f1.d1
504,-f0.-r0.f0.r2.-f0.-f0.-r2.-d0.f0.f2.f2.d2.f0.-f2.-r0.d2.-f0.-f0.r2.r2.-f0.-f0.-d2.-r0.-r0.d2.r2.r2.f2.f2.f1.d1.-r1.-d1.r1.-f1.r1.f1.-r1.-f1
505,-r0.-r0.r2.r2.f0.-d0.-r0.f0.r2.r2.d2.d2.-f2.-d0.-d0.r0.r2.r2.d2.f2.f2.-d0.-f0.-f0.-d2.f2.f2.-d0.-d0.f2.f2.r2.r2.f2.-d1.-f1.d1.-f2.f1
506,f0.-r2.f1.f1.r1.d0.r0.-d2.-d0.f0.r0.-d0.-r2.f2.f2.-r0.-f0.-f0.-d2.r2.r2.-d2.-r0.-r0.-d0.f2.f2.d0.-r0.-r0.d0.r1.-d0.-d2.f1.d2.f0.-r1.f1.r1.-f1.-f0
507,d2.-f0.-d0.-d0.r0.f2.-r2.f2.-d0.r0.f0.d0.f2.-r0.d2.-r0.-r0.-d2.-d0.r2.r2.f2.f2.d0.-f0.-f0.-d2.-d2.-r1.d2.d0.f1.-d0.-f2.-d1.-r1.d1.r1.f2
508,f0.f0.r1.d2.d2.r2.-f0.d2.d2.d0.-r2.-d2.-d0.-d0.r2.r2.f2.f2.-r0.-f0.-d0.r2.r2.d2.f2.f2.d2.r2.r2.d2.f2.r1.-d1.-r1.d1.f2.f1.d1.-f1.-d1
509,-r0.-r0.d2.-d0.-d0.-r2.-f0.-f0.r0.f0.f2.d0.-r0.-r2.d2.f2.f2.r2.r2.-d2.-d0.r2.r2.d2.r2.r2.f2.f2.d2.-f0.-d1.-r1.d1.r1.f0.r1.f1.-r1.-f1
510,r0.r2.f1.f1.-d1.f2.-d0.-d0.r2.-f0.-f0.r0.f0.r0.d2.d2.r0.d2.f2.f2.r2.r2.d2.f2.f2.r2.r2.d2.-r0.-r0.-f0.-f0.-d0.-d0.d1.r1.-d1.f1.-r1.-d1.-f1.d1
511,f2.d2.f1.f1.-d1.d0.-f0.d0.r0.d2.d2.-r2.d2.-r0.-f2.-d0.-r0.-r0.-d0.r2.r2.-d2.f2.f2.-r0.-r0.-f0.-f0.d2.-r2.-d1.r1.d1.r2.-r1.d1.f1.-d1.-f1
512,r2.-f2.-d1.r0.-f0.d2.-r0.-d0.f2.-d0.-r0.r2.r2.-d2.f2.-r0.-r0.d0.-r0.-r0.r2.r2.f2.f2.-r0.-r0.-r0.-f1.r0.r2.d1.-r2.-f0.f1.d1.-f1.-d1.f0
513,f0.-d0.f1.d1.d1.f2.r0.-d2.-f0.-f2.r0.-d0.-d0.-r2.d0.r0.f2.-d0.f2.f2.r2.r2.-f0.-f0.-r0.-r0.d0.r2.r2.f2.f2.-d0.-d0.f2.r1.-d1.-r1.d1.-f2.f1.d1.-f1.-d1
514,f2.-r0.-r0.-r2.f0.d2.r2.d2.r0.r2.r2.d0.r0.-f0.-d0.r2.r2.f2.f2.-d0.-r0.-r0.-d2.f2.f2.r2.r2.-d0.-f0.-d1.f1.d1.-f1.f0.f1.r1.d1.-r1.-f1.-d1
515,d0.r2.-d0.r2.f2.-d2.-f0.-f0.d2.-f0.r0.f2.-r0.-f2.d2.d2.f2.f2.d2.r2.r2.f2.f2.r2.r2.f2.f2.-d0.r2.r2.-f1.r1.f1.-r1.-d0
516,-d0.f2.f2.d2.-f0.-d2.d0.r2.d2.r0.f0.r2.f2.-r0.-r0.d2.d2.f2.f2.d2.f2.f2.-d0.-r0.-r0.-d2.-r0.-r0.-r2.f1.-d1.-f1.d1.r2.f1.-r1.-f1.r1
517,d2.f1.f1.-d1.f2.r2.r2.-d2.-r0.-r0.f2.f2.-d0.-f0.-d2.-r0.r2.-d0.-f0.-f0.d2.-f0.-f0.d2.d2.-f0.-f0.f2.f2.-r0.-r0.-d0.-d0.-r0.-d1.-r1.d1.r1.-r0.d1.-f1.-d1.f1
518,f0.-r0.-d0.-d0.f0.d2.-r2.f0.r0.-f0.-f0.-r0.-r0.-d0.-f0.d0.f2.f2.-r0.-r0.r2.r2.-d0.-f0.-f0.r2.r2.-d2.r2.r2.-r1.r0.f1.r1.-f1.-r0.-r1.f1.r1.-f1
519,f0.-f2.d1.-d0.-r0.-f0.-f0.-d0.f2.-d0.-d0.r0.f2.-d0.-f0.r2.-d2.-f0.-f0.d2.d2.f2.f2.-r0.-r0.d2.r2.r2.f2.f2.d0.-r0.f1.-r1.-f1.-r0.f1.r1.-f1
520,d2.r0.f1.d1.d1.f2.r0.r2.f0.r0.f0.f2.f2.-r0.-d0.f0.-r0.-r0.-f0.-f0.-d0.-f0.-f0.-d0.-r0.-r0.d2.r2.r2.d0.f1.d1.-f1.-r1.-d1.r1.r1.f1.-r1.-f1
521,-f2.d2.-f2.-r2.f0.r0.-d0.-r0.-r0.-d0.-r2.d2.d2.-d0.-d0.f2.f2.d2.f2.f2.-r0.-r0.-d0.r2.r2.-f0.-f0.r0.d1.-f1.-d1.f1.-r0.f0.f1.d1.-f1.-d1.-f0
522,-d2.f1.f1.d1.-f0.-f0.d2.d2.-f2.d2.-d0.-d0.-r2.f2.f2.d0.-f0.-f0.r2.f2.-d2.f2.f2.-d2.-d0.-r0.-r0.-f0.-f0.-d0.-r2.-d1.r1.d1.r2.-r1.-f1.-r1.f1.r1
523,d2.-r0.f1.f1.-d1.-r2.-f2.d2.-r0.r2.d2.d2.-d0.f0.r2.d0.f2.f2.-r0.-r0.d2.r2.r2.-d0.-r0.-r0.f2.f2.r2.r2.-d2.f0.-d1.-f1.d1.f1.-f0.d1.r1.-d1.-r1
524,d2.-d0.-d0.-r0.-r0.d2.d2.-r2.-f0.d2.d2.-d0.r0.-f0.-f0.-r0.-f0.-d2.-d0.f2.f2.r2.r2.-f0.-f0.-r0.-r0.d2.r2.r2.-f0.-f0.d1.f1.r1.-f1.-d1.-r1
525,-d0.f0.f1.d2.-d0.-d0.f2.r0.f2.r0.-d2.f0.-f2.-d0.-r0.-r2.f2.f2.d2.-r0.-r0.-d0.-r0.-r0.d2.r2.r2.-d2.d0.r2.r2.-f1.-d1.f1.r1.d1.f1.-r1.-f1
526,r2.-f0.-d1.r2.d2.-f2.d2.d2.d0.f2.r2.-d2.r2.r2.-f0.r2.r2.d2.f2.f2.-r0.-r0.f2.f2.r2.r2.-d0.-r0.-r0.r2.r2.d0.-r0.f1.r1.-f1.r0.f1.-r1.-f1
527,r0.-f0.-f1.d2.-d0.-d0.-r0.-r0.f2.r0.-r2.-d2.r0.f2.r2.r2.f0.f2.f2.-d0.-f0.-f0.-r0.-r0.d2.d2.-f0.-f0.-d2.-r0.d1.f1.-d1.-f1.-r0.-r1.-f1.r1.f1
528,f0.r0.f1.f1.r1.-r0.d0.r2.d2.-d0.-f0.-f0.-r0.-d0.-r2.f2.d0.-f0.-f0.d0.r2.r2.d2.-d0.-d0.-f0.-f0.f2.f2.-d0.f2.-d1.r1.d1.-r1.f2.d1.f1.-d1.-f1
529,-r0.-r0.f0.d0.-r0.-r0.d0.-f0.-f2.r0.f0.-r0.-f0.-f0.-d2.-r0.-r0.f2.f2.r2.r2.d0.r2.r2.d2.r2.r2.-d0.-d0.r1.-r2.f1.-r1.-f1.r2.-d1.f1.d1.-f1
530,-f0.-f0.r0.d0.-r0.-r0.d0.-f0.d2.f2.-r2.-d2.r0.-d0.-d0.-f0.-f0.-d2.f2.f2.-r0.-r0.d2.-f0.-f0.d0.r2.r2.-f2.d1.f1.-d1.f2.-f1.d1.f1.-d1.-f1
531,-f0.d2.f1.d1.d1.-r0.-r0.r2.r2.-d0.f0.d0.r0.d2.-f0.r0.-f2.d0.f2.f2.d2.-f0.-f0.f2.f2.-r0.-r0.d2.-d0.-d0.r2.r2.d0.-f2.d1.f1.-d1.f2.-f1.-r1.-f1.r1.f1
532,-f2.-d0.f2.-r0.-f0.-f0.-d0.-d0.-f0.-f2.r2.d2.f2.-r0.-d0.-d0.-f0.-f0.-r0.-r0.d2.r2.r2.-d0.-r0.-r0.-d0.f2.f2.-d0.-r1.d1.r1.-d1
533,-r2.d0.d2.-r0.-d0.f0.-d0.-f0.-f0.r2.r2.-d0.-r0.f2.f2.r2.d2.r2.r2.d2.-d0.-r0.-r0.r2.r2.f2.f2.d0.r2.r2.-d0.r2.-d1.-f1.d1.f1.-r2
534,-f2.-d2.r0.-f0.-f0.-d0.r2.r2.f2.f2.-d2.-f2.r0.-f0.-f0.-r0.-d0.r2.r2.-d0.-r0.-r0.-d2.-f0.-f0.d0.-d1.d0.r1.d1.-r1.-d0.r0.f1.-d1.-f1.d1.-r0
535,f2.d0.d2.f0.-d2.f0.-r0.r2.d2.-r0.-r0.-d2.-f0.r2.-f2.d2.f2.f2.d2.d2.-f0.-f0.d0.f2.f2.-d2.r2.r2.d2.d2.-d0.r1.-d1.-f1.-r1.f1.d1
536,-f0.f1.f1.-r1.-r0.-r0.-d2.r0.-f0.r0.-f2.-d2.-r0.-r0.r2.f0.-d0.r2.r2.f2.f2.r2.r2.d0.-f0.-f0.f2.f2.-d0.-d0.-r2.f1.-d1.-f1.d1.r2.-r1.d1.r1.-d1
537,-d2.-r0.-f1.d0.-f0.d2.d2.f2.d0.r0.-f0.-r2.d2.d2.f0.-d2.-r0.-r0.-d0.r2.r2.-f0.-f0.r2.r2.d2.d0.r2.r2.-f0.-f0.d1.r1.-f1.-d1.f1.f1.-r1.-f1
538,f0.f1.d1.d1.f0.-r0.-r0.f2.f2.r2.d0.r2.r2.-f0.-f0.-r0.-f0.-d0.-r2.f2.f2.d0.-f0.-f0.-d2.r2.r2.d0.r2.r2.-r0.d1.f1.-d1.-f1.r0.-r1.-f1.r1.f1
539,r2.f2.d0.f0.r0.-d2.-d0.r0.d0.-f0.-f2.r0.d2.d2.r2.r2.-f0.-f0.-r0.-r0.d2.-r0.-r0.d0.f2.f2.-r0.-r0.-d2.f1.d1.-f1.-d1.f1.r1.-f1.-r1
540,-d2.r2.f2.f2.-d0.-d0.f0.-r2.f2.f2.-r2.-f2.-r0.f0.d2.d0.-r0.-r0.-d2.-r0.-r0.-f0.-f0.d0.f2.f2.r2.r2.-f1.f2.-r1.f1.r1.-f2.d0.-f1.r1.f1.-r1.-d0
541,d2.d2.f0.-r2.f2.f2.-d2.-d0.-r2.f2.f2.-d0.-d0.-r0.f0.f2.f2.d2.r2.r2.d0.f2.f2.r2.r2.-d2.f2.f2.-d2.f0.-d1.f1.d1.-f1.-f0.d1.r1.-d1.-r1
542,r0.-d2.f1.f1.-d1.-d2.-f2.r2.-f2.-d2.d0.-r2.f0.r0.d2.d2.f0.d2.f2.f2.-d2.d0.-f0.-f0.-r0.-r0.-d0.-f0.-f0.-d2.r2.d1.-f1.-d1.f1.r2.-d1.-r1.d1.r1
543,f0.r0.-r2.-d0.-d0.-r0.-f0.-r2.f2.f2.d0.f2.r2.d2.d2.r2.r2.-f0.-f0.-d0.-r0.-r0.d2.f2.f2.d0.r2.r2.-d0.-r0.f1.r0.r2.-d1.-r2.-f1.f2.-d1.f1.d1.-f2
544,-f0.-f2.f1.f1.d1.-d0.-r0.r2.-f0.d0.-r0.-d2.-r0.-d0.-d0.r0.-d2.-r0.-r0.d2.-r0.-r0.d0.r2.r2.-d0.-r0.-r0.d2.d2.f2.f2.f2.-d1.r1.d1.-r1.-f2.d1.f1.-d1.-f1
545,-f0.-f2.r1.d2.r2.d0.r2.-d0.f0.-f2.d0.f2.d2.f2.r0.-f0.-f0.r2.r2.d0.-r0.-r0.-d2.r2.r2.-f0.-f0.d2.-d0.-f0.-r1.d1.r1.-d1.f0.f1.-d1.-f1.d1
546,-f2.-r2.-d2.-r0.-r0.d2.d2.-f0.r2.-d2.-r0.-r0.-f2.d0.-f2.-r2.d0.-f0.-f0.f2.f2.d0.-r0.-r0.-d2.-r0.-r0.d2.-r0.f1.d1.-f1.-d1.-r0.-r1.f1.r1.-f1
547,f2.-r0.d0.r0.d2.d2.-f0.f2.r0.f2.-r0.-d0.-d0.-r0.d2.d2.-r0.-r0.d2.f2.f2.r2.r2.f2.f2.-d2.d0.-r0.-r0.f0.f1.-r1.-f1.r1.-f0.d1.-r1.-d1.r1
548,d0.-f0.-f0.-f2.-d2.d0.r2.r2.-f2.d2.d2.r0.f2.f2.d0.-r0.-f0.-f0.-d0.-d0.-f0.-f0.-d2.-r0.-r0.r2.r2.-d0.-r0.-r0.d2.-d0.-r2.f1.-d1.-f1.d1.r2
549,-d0.d2.-f0.-f0.r2.r2.-d2.-f0.r0.f2.f2.r2.d2.r0.-f0.-d0.-d0.r2.r2.d0.-r0.-r0.d0.r2.r2.-d0.-r0.-r0.f2.f2.-r1.-d0.-d2.-f1.d2.r1.f1.-r1.-f1
550,-f0.-d0.-r0.d2.-f0.d2.-d0.-d0.-f0.-d0.-d0.-r2.-f0.-f0.d0.r0.-f0.-f0.-r0.-r0.r2.r2.d2.d2.-f0.-f0.r2.r2.d0.-r0.-r0.-d2.-d0.-d0.f0.-d1.-r1.d1.r1.-f0
551,-f2.-r0.f2.d0.f0.r2.f0.-d2.r0.f0.r2.-f0.-f0.d2.d2.-f0.-f0.f2.f2.d0.-r0.-r0.-d0.-r0.-r0.-d0.-d0.r2.r2.f1.-f2.r1.-f1.-r1.f2
552,-r2.f1.d2.d2.f0.-r0.-f0.d0.-r2.f2.-d2.-d0.-d0.-f2.-d0.-d0.f0.d2.-r0.-r0.f2.f2.-d0.-r0.-r0.-f0.-f0.-d2.f2.f2.-r1.r0.-f1.r1.f1.-r0.d1.f1.-d1.-f1
553,r0.r0.f1.d1.d1.f2.d2.-f0.-f0.-d2.f0.-d0.-f0.d0.-r2.d2.d2.-r0.-r0.d0.r2.r2.-d0.f2.f2.r2.r2.-d0.r2.r2.r1.d2.d0.-f1.-d0.-r1.-f1.r1.f1
554,-f0.-r1.f0.-r0.-r0.-d0.r2.d2.f2.f2.-r0.-r0.-r2.f0.-r0.-f2.-r0.-r0.f2.f2.d2.-r0.-r0.d2.-f0.-f0.d0.f2.f2.-d0.r0.f1.d1.-f1.-d1.-r0.r1.-d1.-r1.d1
555,-f2.d2.d2.r0.d0.r2.r2.f0.f2.-d2.-d0.-r2.-f2.d2.d2.-d0.-f0.-f0.d2.d2.f2.f2.d2.-r0.-r0.d0.f2.f2.r1.-f1.-r1.f1.-d0.r0.f1.d1.-f1.-d1.-r0
556,-r0.d2.f0.-d2.-r0.f0.-d0.r2.r2.-d2.-f0.-f0.r2.-d2.f2.f2.-d2.f2.f2.-d0.-d0.-r0.-r0.-d2.-r0.-r0.r2.r2.d2.d2.-f0.r1.-d1.-r1.d1.f0.d1.-r1.-d1.r1
557,-d2.r0.f1.r1.r1.-r2.d2.-d0.-f2.d0.-r0.r2.-f2.r0.-d2.-f0.-f0.d2.-d0.-d0.-r0.-r0.-d0.-d0.f2.f2.d0.-r1.-r1.f1.-r1.-f1.-r1.f0.f1.d1.-f1.-d1.-f0
558,r2.-f0.d1.-f0.f2.f2.-d0.-f0.-r0.f2.-d0.-d0.-r0.-d0.r2.-d2.-r0.-r0.-d0.-f0.-f0.-r0.-r0.-d0.-r0.-r0.d2.d2.-r2.-d1.r1.d1.r2.d1.f1.-d1.-r1.-f1
559,-f2.d0.f1.f1.-r1.-d0.-d0.-f2.-r2.-f0.-r0.-d0.-f0.-f0.-f2.-r0.f2.d0.-r0.-r0.r2.r2.-d0.r2.r2.-f0.-f0.-d0.-d0.r0.-f1.d1.f1.-d1.-r0.-f0.f1.r1.-f1.-r1.f0
560,f0.r0.-r1.-d0.-d0.-r0.f2.-r0.f2.-d2.-f0.r2.r2.-d0.-f2.r0.-d2.f2.f2.-d0.f2.f2.-r0.-r0.-d0.f2.f2.d0.d1.f1.r1.-f1.-d1.-r1.-f0.r1.f1.-r1.-f1.f0
561,-f2.d2.r0.f2.r2.-f2.-d0.r2.d2.-r0.-r0.-f0.d0.r0.d2.d2.-r0.-r0.d0.-f0.-f0.-d0.f2.f2.-r0.-r0.r2.r2.d0.-r0.-f1.-r0.-r2.-d1.r2.-r1.-d1.r1.d1
562,-f2.f1.d1.d1.d2.-r0.d2.r2.f0.-d0.-f0.-f0.-d2.r0.d0.r0.f2.-d2.d0.-f0.-f0.r2.r2.-d0.-r0.-r0.d2.-r0.-r0.-d0.r2.r2.-f2.-d1.-r1.d1.r1.f2.f1.r1.-f1.-r1
563,-r2.f2.r2.d2.-d0.r2.f2.d0.f0.r2.-f0.r2.-f0.-d2.-r0.-r0.d0.-r0.-r0.d0.r2.r2.f2.f2.d2.f2.f2.r0.-f1.-d1.f1.d1.-r0.-r0.-f1.d1.f1.-d1.r0
564,-d0.d2.f1.f1.-r1.-f0.-f2.r2.f2.r2.r2.-f0.-r2.-f0.-d0.-f2.-r0.d2.d2.-f0.-f0.d2.f2.f2.-r0.-r0.-d2.-r0.-r0.f2.f2.d2.-d1.-r1.d1.f1.r1.d1.-f1.-d1
565,r2.d0.d2.d2.-r0.-r0.-f0.-r0.r2.d2.r0.-f2.d2.-r0.-r0.f2.r2.r2.-f0.-f0.d2.f2.f2.-d2.-f0.-f0.f2.f2.-r0.-r0.d2.-f2.-r1.-d1.r1.d1.f2
566,-f0.-d1.-f0.-f0.f2.f2.r2.-f0.d2.d2.-r2.-d2.r2.-f2.d0.r0.-f0.-f0.d2.d2.d0.-r0.-r0.-d0.-f0.-f0.d2.-r0.-r0.-d2.-f0.f1.-r1.-f1.r1.-f0.-r1.f1.r1.-f1
567,-r0.f0.-r0.-r0.-f0.-f0.-f2.-d0.-r0.-f2.-d0.-d0.r0.f2.f2.r0.f2.f2.r2.r2.f2.f2.-d2.-d0.-d0.-f0.-f0.r0.-r1.-d1.r1.d1.-r0.f0.f1.d1.-f1.-d1.-f0
568,-r0.-d1.-f0.-d0.f2.-d0.-r0.f2.d2.-f0.d0.f0.-r0.f2.f2.d2.r2.r2.-d0.-d0.f2.f2.d2.d2.-f0.-f0.-r0.-f1.-r1.f1.-r0.r1.-f0.-d1.r1.d1.-r1.f0
569,d0.f2.f1.f1.r1.-r0.-r0.-f2.-r2.-f2.r2.r2.-d2.-f2.-r0.-f2.-d0.-f0.f2.f2.d2.-r0.-r0.-d2.r2.r2.-d2.r2.r2.-d0.-d0.-f0.-r1.-d1.r1.d1.-f0.r1.f1.-r1.-f1
570,-r2.-f0.-f1.-d0.-r0.f2.-r0.d2.d2.-d0.-f0.-f0.d2.f2.d2.d2.r0.-f0.-f0.-d0.-f0.-f0.f2.f2.d0.f2.f2.d2.d2.-f0.-f0.-d2
571,-f0.-f0.-d0.-d0.f0.d2.d2.r0.d0.-r2.-f0.-f0.r0.-f0.-f0.-d0.-r0.-r0.-d0.r2.r2.-f0.-f0.d0.-r0.-r0.r2.r2.-d2.d0.r1.-d0.-d2.f1.d2.-r1.-d1.r1.d1
572,f0.r0.f1.f1.d1.d2.f0.r2.f2.r0.-d0.-d0.-f2.d0.r2.d2.d2.f0.r2.d2.f2.f2.d2.d2.r2.r2.-f0.-f0.-d0.-r0.-r0.d0.d1.-r1.-d1.f1.r1.-f1.r1.f1.-r1.-f1
573,-f0.d0.-f0.r0.d2.d2.f2.f2.-r2.-f0.-d0.r2.r2.f2.f2.-d0.r0.r2.r2.d2.-f0.-f0.d2.d2.-f0.-f0.d0.-f0.-r1.-d1.r1.d1.-f0.f1.-r1.-f1.r1
574,-r0.d2.r0.r2.r2.-f0.-r0.-d0.f2.r2.-f2.-d0.-d0.f0.d0.-r0.-r0.f2.f2.d0.r2.r2.d2.f2.f2.r2.r2.-d2.-f0.-f0.f2.-r1.-f1.r1.-f2.f1.f1.d1.-f1.-d1
575,f0.r2.-r0.d2.-r0.f2.f2.r2.-f0.-f0.d2.d2.-f0.-r0.r2.r2.-f2.-d0.-d0.-r0.-r0.-d2.f2.f2.-r0.-r0.-d0.r2.r2.-f0.-f0.-d0.-d0.d1.-f1.-d1.f1
576,-d2.-r0.-r0.f0.-d0.-r0.-r0.f2.d0.r0.r2.-d2.f0.-d2.-d0.-f0.-f0.r2.r2.-d2.d0.-f0.-f0.-d0.-f0.-f0.-d1.r1.d1.-r1
577,d2.-f0.d0.-r0.-r0.f2.-r2.-d0.-f0.d0.-f2.d2.-r2.f0.d2.d0.f2.f2.-r0.-r0.-d2.r2.r2.d2.r2.r2.-d0.-f0.-r1.f1.r1.-f1.-f0.f1.-d1.-f1.d1
578,-f2.-d0.f1.f1.-r1.-r0.-r0.-d0.-d0.f0.-r0.f0.r2.f2.f2.r0.-f0.-d2.d0.r2.r2.-d2.f2.f2.d0.-f0.-f0.f2.f2.-d2.r2.-f1.d1.f1.-d1.r2.f1.r1.-f1.-r1
579,-f0.-d0.d2.d2.-r2.d2.-d0.-f0.-f0.-r0.-d0.r2.f0.d0.r2.-f0.-f0.-r0.-r0.d0.f2.f2.-d2.f2.f2.r2.r2.-d0.-d0.r2.r2.f2.-r1.-d1.r1.d1.-f2
580,f2.d0.f1.-r0.-d2.f2.f2.r2.-d2.r0.f2.d2.f2.d0.f0.-d2.-f0.-f0.-d2.-f0.-f0.r2.r2.-f0.-f0.r2.r2.-d2.r2.r2.-d0.-d0.r0.f1.-r1.-f1.-r0.f1.r1.-f1
581,d0.d2.d2.r0.-d2.-r0.-r0.-r2.f0.-d0.-d0.r0.-d2.r2.f0.-d2.f2.f2.-d0.f2.f2.-d0.r2.r2.-d0.f2.f2.-r0.-r0.-f0.-r1.-d1.r1.d1.f0.-d1.-f1.d1.f1
582,-f0.f2.f1.f1.-d1.-f0.f2.-r0.f2.-d2.-d0.-d0.r2.r2.d2.d2.r0.d0.r2.r2.d2.-r0.-r0.-f0.-f0.f2.f2.d0.-f0.-f0.-r0.-r0.-r0.d1.-f1.-d1.f1.r0.r1.f1.-r1.-f1
583,-f2.-d0.r2.r2.f2.d2.r2.-f0.-r0.d0.-f0.d2.r0.-f0.-f0.r2.r2.-d0.-r0.-r0.r2.r2.f2.f2.d2.-f0.-f0.f2.f2.r0.-d1.-f1.d1.f1.-r0.-r1.f1.r1.-f1
584,-r2.-f2.-d1.d0.-r2.d0.f2.-r0.f0.d0.-r0.d0.-r2.f0.d0.-r0.-r0.d2.-r0.-r0.r2.r2.f2.f2.-d0.-f0.-f0.-d2.-f0.-f0.-r0.f1.r1.-f1.r0.f1.-r1.-f1
585,f0.d1.d2.f2.f2.-d0.-f0.-f0.f2.f2.-r2.-d0.-d0.r0.-f2.-r0.-r0.r2.-d2.-d0.r2.r2.d0.-r0.-r0.d2.-f0.-f0.-d0.-r0.-r0.-r2.-d1.r1.d1.r2.-r1.-f1.-r1.f1.r1
586,f0.f2.-d2.r2.-d0.r0.f2.f2.r2.-f0.d0.r0.-d2.f2.d2.d0.f2.f2.-d2.r2.r2.d2.d2.r2.r2.-f0.-f0.d0.f2.-r1.-d1.r1.d1.f2.r1.f1.-r1.-f1
587,f0.-r0.-r0.-f2.-r2.f2.f2.-r0.-r0.-f0.-f0.r2.r2.-f0.r2.f2.-r0.d2.d2.-d0.-r0.-r0.-d0.-f0.-f0.d2.f2.f2.r2.r2.d0.-f0.-f0.r1.r1.d1.r1.-d1.r1
588,f0.r0.d2.d2.-f0.f2.f2.-r0.-r0.-d2.r2.-d0.r0.f0.-d2.r2.r2.-d0.-f0.-f0.d0.-f0.-f0.-r0.-r0.d0.r2.r2.-f0.d1.r1.-d1.-r1.-f0.r2.f1.-d1.-f1.d1.-r2
589,r2.-d0.f1.d1.d1.f0.-d0.-f0.-f2.r2.f0.d2.r0.f2.d0.-f0.d2.d2.d0.-r0.-r0.-d0.r2.r2.-f0.-f0.d0.-r0.-r0.r2.r2.-f0.-d1.f1.d1.-f1.f0.d1.-r1.-d1.r1
590,-r2.d2.-r1.-r0.-d0.-r0.f0.r0.-d2.-r0.-r0.-r2.-f2.-r2.-f0.-f0.-d0.-d0.-r0.-r0.d2.-d0.-d0.f2.f2.r2.r2.-f0.-f0.-r0.-r0.-d0
591,-d0.f1.f1.d1.-r0.-r0.d2.f0.f2.f2.r0.-r2.-f0.-f0.-d0.f2.f2.-r2.f0.d2.r2.r2.-d2.-r0.-r0.f2.f2.-r0.-r0.r2.-f1.d1.f1.-d1.r2.-r1.-d1.r1.d1
592,-d2.f1.f1.d1.d2.-r2.-f2.r2.d0.r0.f2.f2.r0.-d0.-d0.f0.r2.-f0.-f0.-r0.-r0.d0.f2.f2.-d0.f2.f2.r2.r2.d0.f1.-f2.r1.-f1.-r1.f2.-d1.-r1.d1.r1
593,r0.d2.f1.f1.r1.d2.-f2.r2.d2.d2.-d0.-d0.r0.-f2.-r2.-f2.-d2.f0.d2.d2.f2.f2.-d0.-f0.-f0.-r0.-r0.-d0.r2.r2.d0.f2.f2.d2.d2.d1.-f1.-d1.f1.r1.f1.-r1.-f1
594,d0.-r0.f2.f2.-d2.-r0.-r0.-r2.f0.f2.r2.d0.r0.d2.f0.r2.r2.d2.f2.f2.-r0.-r0.f2.f2.-d2.-d0.-f0.-f0.-r1.r2.-f1.r1.f1.-r2.f0.d1.-r1.-d1.r1.-f0
595,d0.r2.-d1.-r0.r2.d0.-r2.-d2.-f0.r2.d2.d2.-r2.-d0.r0.d2.-r0.-r0.-d2.f2.f2.-d2.-d0.-d0.f2.f2.r2.r2.-d0.f0.f1.r1.-f1.-r1.-f0.r1.f1.-r1.-f1
596,-f2.-f1.-d0.-r0.-r0.-r2.d2.-f2.r0.-f0.-d0.-f0.-r0.f0.-r0.-r0.r2.r2.-d2.f2.f2.-r0.-r0.-d0.-r0.-r0.-f0.-f0.d2.-d0.-f0.d1.-f1.-d1.f1.f0.r1.f1.-r1.-f1
597,-f0.r0.d2.r2.-f2.-r0.-r0.f0.-d2.f0.-d2.-f2.-r0.-r2.f2.f2.r2.r2.d0.-r0.-r0.-d0.-d0.-f0.-f0.d2.f2.f2.-d2.f2.f2.r1.-r2.-f1.-r1.f1.r2
598,r0.d2.-f2.-r2.-d0.-r2.-f0.r0.d2.f0.-r0.-r0.f0.-d2.-r0.-r0.f2.f2.r2.r2.d2.f2.f2.d2.d2.-f0.-f0.d0.f2.f2.f1.-f2.-d1.-f1.d1.f2.-f1.-d1.f1.d1
599,-f0.r1.d0.r2.d2.r2.r2.-d2.-r2.f2.d0.f0.-r2.d0.-f0.-f0.d2.f2.f2.r2.r2.-f0.-f0.-r0.-r0.d2.-f0.-f0.d0.-r2.-f1.d1.f1.-d1.r2.f1.r1.-f1.-r1
600,r2.-d0.-d0.-r2.f2.-r0.-r0.f2.r2.r2.-d0.-f2.d2.-f2.-d0.-d0.-f0.-f0.d2.d2.-r0.-r0.d2.r2.r2.f2.f2.-d0.-d1.r1.-f1.-r1.d1.f1.-f0.f1.-d1.-f1.d1.f0
601,f0.-f2.f1.f1.-r1.r0.f2.-d0.-r2.f0.-r0.-f2.d2.d2.r2.r2.-d0.-r2.d2.-r0.-r0.d2.d0.r2.r2.d2.d0.-r0.-r0.-r1.r0.-f1.r1.f1.-r0.f0.r1.-d1.-r1.d1.-f0
602,f0.f1.d2.-f0.f2.-r0.-r0.-d2.-r2.f2.-r0.-r0.-r2.d2.r0.-d2.r2.r2.d2.-f0.-f0.d2.r2.r2.d0.-f0.-f0.d2.f2.f2.-d1.d0.-f1.d1.f1.-d0.f0.d1.r1.-d1.-r1.-f0
603,f0.f1.-d0.f0.d2.f2.f2.-d2.r0.f2.d0.-r2.d2.d2.r2.-d2.f2.f2.-d0.-r0.-r0.f2.f2.-d2.-f0.-f0.-d0.-d0.-f0.-f0.d0.f0.-d1.f1.d1.-f1.-f0.d1.-r1.-d1.r1
604,-d0.-f2.f1.f1.d1.r0.-f0.-f2.-r0.r2.-f2.d2.f0.d0.-r2.-f0.-r0.-r0.r2.r2.d2.r2.r2.d2.r2.r2.-d0.-r0.-r0.-d0.-f2.r1.-d1.-r1.d1.f2.-r1.-f1.r1.f1
605,r0.-d2.f1.r1.r1.-r0.d2.d0.-r0.-r0.d0.f0.-r2.-f2.r0.-d0.r2.r2.-f0.-f0.d2.d2.-r0.-r0.d2.d2.r2.r2.d0.d0.-r1.-f1.r1.f1.-d0.d1.f1.-d1.-f1
606,-r2.-f2.d0.-r2.-f2.d2.r0.-d2.r0.-d2.-f0.d2.-f0.-f0.-d0.-d0.-r0.-r0.-d0.-d0.r2.r2.d2.-f0.-f0.d0.r1.r1.-d1.-r1.d1.-r1.-f0.d1.f1.-d1.-f1.f0
607,-f2.d0.f0.-r2.-f0.-d0.-d0.-f2.-d0.-r0.-r0.r2.d0.r0.r2.r2.-f0.-f0.-d2.-d0.-d0.r2.r2.-d2.f2.f2.-d0.r2.-f1.-r1.f1.-r2.r1.-f0.f1.-d1.-f1.d1.f0
608,-d2.f2.f2.d2.r0.d2.f0.r0.-r2.-f0.-d0.r0.d0.r2.r2.d2.f2.f2.d2.-f0.-f0.-r0.-r0.-d2.r2.r2.f2.f2.f0.f1.r1.-f1.-r1.-f0.f1.d1.-f1.-d1
609,-d0.-r2.f1.f1.r1.-f0.-d2.f0.-d0.-d0.f0.f2.r2.-d0.r2.-d0.r0.-d2.r2.r2.f2.f2.-d2.r2.r2.f2.f2.d0.-f0.-f0.f2.f2.-d2.d1.r1.-f1.-d1.f1.f1.-r1.-f1
610,-d0.f1.f1.-d1.d2.d2.r0.d0.r0.-f0.-f0.r2.d2.d2.-r0.f2.-d2.-f2.r0.r2.r2.d2.-r0.-r0.-f0.-f0.-r0.-r0.r2.-f1.-d1.f1.d1.-r2.r0.f1.-r1.-f1.-r0.r1
611,f0.f1.f1.-r1.-f2.d2.-f2.-d2.-r0.-d0.-d0.f2.-r0.-r0.f2.-d2.f2.d2.-r0.-r0.-f0.-f0.-d0.-r0.-r0.-d2.-f0.-f0.-d2.-f0.-f0.r2.r2.f0.d1.r1.-d1.-r1.-f0.f1.-r1.-f1.r1
612,-f2.f1.-r0.-d0.-d0.-r0.f2.d0.r2.-d0.-r2.-d2.f0.r2.-f0.-f0.d0.-r0.-r0.-f0.-f0.-d2.-f0.-f0.-d2.d0.-f0.-f0.f2.f2.f0.-d1.-f1.d1.f1.-f0.-r1.f1.r1.-f1
613,f2.r0.d2.-f0.d0.f2.r0.-r2.d0.r2.d2.d2.-f0.r0.d2.f2.f2.d2.f2.f2.d2.-f0.-f0.-d0.-r0.-r0.-d0.-r0.-r0.f1.-f2.-r1.-f1.r1.f2.-r1.f1.r1.-f1
614,-r0.-d0.r0.d2.d2.f0.-d0.-r0.-r0.f0.-r0.-d0.-r2.-f0.-f0.-r0.d2.f2.f2.-r0.-r0.d0.f2.f2.-d2.d0.-f0.-f0.r2.r2.d1.f1.-d1.-f1.f0.f1.r1.-f1.-r1.-f0
615,-r0.-d2.r1.f2.d0.-f2.d0.-f2.r2.f2.r0.r2.d2.d2.-d0.r2.r2.d2.r2.r2.f2.f2.d2.-f0.-f0.-r0.-d1.-r1.d1.r1.r0.d1.-f1.-d1.f1
616,f2.d0.r0.-r2.f2.-r0.-d0.f0.-d0.-r0.d2.d2.f2.d2.d2.-f0.-f0.-d2.r2.r2.-f0.-f0.r2.r2.-f0.-f0.-d0.f2.f2.-d2.-r2.-d1.r1.d1.r2.d1.-r1.-d1
617,r0.-f2.r1.-d2.f0.-r2.-d0.-f2.r0.f2.d2.-r2.-d2.-f2.-r0.-r0.r2.r2.-d2.-f0.-f0.r2.r2.-d0.-r0.-r0.-d2.-f0.f1.r1.-f1.-r1.-f0.-d1.-r1.d1.r1
618,-f2.-f0.-f0.d2.-f2.d2.d2.-r2.-f0.d0.f0.d0.-r2.-d2.d0.r2.r2.d0.r2.r2.f2.f2.-d0.-d0.-r0.-r0.r2.r2.f2.f2.f0.d1.-r1.-d1.r1.-f0.f1.-r1.-f1.r1
619,-f0.-f2.-d2.f2.-r2.d2.d2.r0.-f2.-r2.-d0.-r0.-r0.-f2.r0.-d0.-d0.f2.f2.d2.r2.r2.f2.f2.-d2.f2.f2.d2.d2.-r0.-r0.-f0.-f0.f1.r1.-d1.-f1.d1.-r1
620,f2.r0.-d0.r0.-d0.-f0.-d0.r2.d2.f0.d2.r2.-d2.r2.r2.f2.f2.-d0.-f0.-f0.r2.r2.-f0.-f0.-d0.-r0.-r0.-f1.d2.d0.-r1.-d0.-f0.f1.d1.-f1.-d1.f0
621,f2.-r0.-r0.-f0.d0.-r0.d2.r2.r2.f0.d0.-r2.-f0.-r0.-r0.-d0.-r0.-r0.r2.r2.-d0.-r0.-r0.d2.-d0.-d0.-r0.-r0.-d2.-f0.-r1.f1.r1.-f1.f0.r1.f1.-r1.-f1
622,f2.r1.d2.-r0.-f0.-d0.-r0.-f0.d0.r2.f0.r2.f2.f2.-r0.-r0.-f0.-f0.-d2.-r0.-r0.-f0.-f0.d0.f2.f2.d2.d2.-f0.-f0.-r1.r2.f1.r1.-f1.-r2.-d1.-f1.d1.f1
623,-d0.-f0.f1.f1.d1.-r0.-f2.-d2.r2.-d0.-f2.-r0.-f2.r2.-f0.r2.d2.d2.d0.r2.r2.d2.f2.f2.-r0.-r0.-f0.-f0.d0.d0.-r1.-f1.r1.f1.-d0.d1.f1.-d1.-f1
624,-f0.-d2.-r2.d2.d2.-d0.-r0.f2.-d2.r2.-f2.-r0.f0.r2.r2.-f0.-f0.-d0.r2.r2.-d0.r2.r2.f2.f2.d2.-f0.r1.d1.-r1.-d1.r1.f1.-r1.-f1.-f0
625,-f2.-f0.-f0.-r2.-f0.-r0.-r0.f2.r2.r2.f0.r2.d2.-r2.f2.f2.d2.d2.-r0.-r0.d2.d2.r2.r2.-d0.-d0.f2.f2.-d2.r2.r2.-d0.-d0.f2.-r1.-d1.r1.d1.-f2
626,f0.-d1.-r0.-r0.d2.-f2.d2.d2.-f2.-d2.-d0.-d0.-r2.-f0.f2.f2.-r2.f2.f2.r2.r2.-d2.-r0.-r0.r2.r2.f2.f2.-r2.f1.-d1.-f1.d1.r2.-r1.d1.r1.-d1
627,d0.f1.f1.d1.-r0.-d0.-d0.-f0.d2.d0.-f0.-f0.r0.-d2.-d0.f0.-d0.-f0.-f0.d2.-f0.-f0.-d2.r2.r2.d2.-f0.-f0.r2.r2.d0.-f0.r1.d1.-r1.-d1.f0.-f1.-d1.f1.d1
628,-f2.f1.r1.r1.-r2.-d2.f0.d2.f2.d2.d2.-d0.-r0.-r0.-f0.-r0.-d0.-f0.-f0.-d2.-f0.-f0.-d0.f2.f2.-r0.-r0.-d2.r2.r2.d2.d2.-f0.d1.-f1.-d1.f1.f0.-d1.-r1.d1.r1
629,f0.-r0.r2.-f0.r2.-f2.d2.d2.-f2.-d2.-r0.-r0.f0.-f2.d2.-d0.-d0.r2.r2.-d2.-f0.-f0.-r0.-r0.f2.f2.d2.d2.-r0.-r0.d0.f1.-d1.-f1.d1.-r1.f1.r1.-f1
630,-f0.f1.f1.d1.-d0.f0.-f2.d0.r0.d0.-f0.d2.r2.-f0.-f0.-r0.-f0.-f0.-d0.-d0.-r0.-r0.-f0.-f0.-d2.-f0.-f0.r2.r2.f2.f2.r2.r2.-d2.-r0.f1.r1.-f1.r0.f1.-r1.-f1
631,-r0.-f0.-r0.-d0.r2.r2.f0.-d2.f2.d2.r2.r2.d2.r0.-d0.-r0.-r0.-d0.f2.f2.-d2.-f0.-f0.d2.d2.r2.r2.f2.f2.r2.r2.-r1.-d1.r1.d1
632,r2.f1.f1.-d1.d2.d2.-r0.-r2.f2.r2.d0.-f0.-f0.d2.r2.d2.-f2.d0.f2.f2.d0.r2.r2.-d0.f2.f2.-r0.-r0.r1.-r2.f1.-r1.-f1.r2.f1.d1.r1.-f1.-r1.-d1
633,-r0.d0.f0.-r0.f2.d2.f2.-r0.-r0.r2.r2.-d2.-f0.d2.d2.f2.f2.-d0.r2.r2.-d2.-f0.-f0.d0.-f0.-f0.f2.f2.-d2.-f2.d1.r1.-d1.-r1.f2.f1.d1.-f1.-d1
634,f2.-d1.-d2.r0.-f0.-f0.-r2.-d0.-d0.-r0.-r0.d0.-r2.d2.r2.r2.-f0.-d2.r2.r2.d0.r2.r2.-d0.-r0.-r0.d2.d2.-r2.f1.d1.-f1.-d1.r2.f0.-f1.-r1.f1.r1.-f0
635,-r2.f1.f1.d1.-f0.r2.f2.f2.-r0.-d2.r2.f2.-r2.d0.-r0.-f0.f2.f2.d2.d2.-f0.-f0.-d0.f2.f2.-d2.r2.r2.d2.d2.-d0.r2.r2.-r0.d1.-f1.-d1.f1.r0.-d1.-r1.d1.r1
636,f0.d0.-f2.-r0.-f2.d2.-f0.-r0.d2.f2.f2.-d0.-r2.-f2.r2.r2.d2.-r0.-r0.-d0.-d0.-r0.-r0.-d2.f2.f2.-d0.-d0.-f0.-f0.d0.-r1.-d0.-d2.-f1.d2
637,-r0.f0.f1.r1.r1.-r0.d0.-f2.-r0.r2.f2.-d0.f0.-r0.-r2.-f0.-d0.-d0.f2.f2.d0.-r0.-r0.d0.r2.r2.-f0.-f0.r2.r2.d2.-r0.d1.-f1.-d1.f1.r0.-d1.-r1.d1.r1
638,-f2.d2.-r2.d2.-d0.-r2.f0.d2.-r2.-d0.-d0.-r2.-f2.d2.-r0.-r0.-d2.r2.r2.d2.r2.r2.d0.f2.f2.d2.-f0.-f0.-d1.d0.r1.d1.-r1.-d0.f0.-d1.f1.d1.-f1.-f0
639,-f2.f1.f1.r1.-d2.-d0.-d0.-f2.r0.-f0.r2.d2.d2.r2.-d0.-f0.-f2.-d2.-r0.-r0.-d2.f2.f2.-d0.-r0.-r0.-d2.r2.r2.r2.-f1.-d1.f1.d1.-r2.r0.f1.-r1.-f1.-r0.r1
640,f0.-d2.-f1.-f0.r0.-d0.-d0.-f2.r2.d2.r2.r2.-d2.-d0.-r0.-f2.r2.r2.d0.r2.r2.-d0.-d0.r2.r2.-f0.-f0.-d0.f2.f2.r1.r1.-f1.r1.f1.r1.r1.f1.-r1.-f1
641,-d0.-f0.d2.d2.-r0.r2.-f0.-d2.f2.f2.-d0.-r0.d2.d2.-f2.-d2.f2.f2.d2.r2.r2.-d2.-r0.-r0.-d0.-d0.f2.f2.-d0.r2.-d1.r1.d1.r2.-r1.d1.r1.-d1.-r1
642,f0.r2.-f0.d2.-f0.f2.r0.d0.f2.f2.r2.r2.d2.-r2.d2.-r0.-r0.-d0.-d0.f2.f2.-r0.-r0.-d0.-d0.-f0.-f0.-d0.-f0.-f0.r0.-d1.r1.d1.-r1.-r0
643,f0.-r0.f2.f2.r0.-d2.-r2.-f2.-d0.-d0.r0.f2.f2.-r0.-r0.f2.-r0.-r0.d0.-r0.-r0.-f0.-f0.d0.-f0.-f0.-d2.-r0.-r0.r2.r2.-f0.-f0.-f1.d1.-r1.f1.r1.-d1
644,-f0.-r0.f0.-r0.-d0.-d0.r0.-f0.-f2.-d0.f2.-r2.-f0.-r0.-r0.-d0.r2.r2.d2.f2.f2.-d2.-d0.-r0.-r0.-d2.d0.r1.-f1.-r1.f1.-d0.f1.d1.-f1.-d1
645,-f2.-d1.-f0.d2.d2.-f0.-d2.r0.r2.f2.d0.-f2.d2.d2.f2.d0.-f0.-f0.-r0.-r0.-d2.f2.f2.d2.-r0.-r0.-d0.-r0.-d1.-f1.d1.f1.r0.-r1.f1.r1.-f1
646,-f2.-r0.r2.-d2.-f0.f2.d2.r0.-f0.-f0.-f2.r2.r2.f2.r2.r2.d2.r2.r2.-f0.-f0.-d2.f2.f2.d2.-f0.-f0.-d0.-f0.-f0.r1.-r0.-f1.-r1.f1.r0
647,d0.f0.-r1.-f0.d2.d2.r2.r2.f0.-r0.-r0.f2.f2.-d0.-d0.r2.d0.-f0.-d2.r2.r2.d2.d2.d0.f2.f2.r2.r2.-d0.r2.d1.r1.-d1.r2.-r1.-d1.-f1.d1.f1
648,-f2.-d1.-f0.-d0.-f2.-r0.-r0.d2.d2.r2.r2.d0.r0.f2.-d0.f2.-d0.-d0.f2.f2.d0.r2.r2.-d2.f2.f2.-d0.r2.r2.d0.r0.d1.f1.-d1.-f1.-r0.-d1.r1.d1.-r1
649,f0.d0.r2.f2.-r0.f2.f2.-d2.f0.d0.-f2.-r0.d2.-f0.-r0.-r0.-f0.-f0.-d2.-r0.-r0.-d0.r2.r2.f2.f2.d2.d2.d0.r0.r1.-d1.-r1.d1.-r0.-f1.r1.f1.-r1
650,-f0.d2.-r0.-r2.f0.-d2.-d0.r2.r2.f2.-d0.-f0.-f0.d0.-r0.-d0.-r0.-r0.f2.f2.-d2.r2.r2.-d0.f2.f2.-d0.r2.r2.d0.f0.f1.-r1.-f1.r1.f1.r1.-f1.-r1.-f0
651,-f0.f2.-r1.-r0.-d2.-f0.-r2.-f0.-d0.f2.-d0.-d0.f2.r2.r2.-f0.-f0.d2.d2.-d0.r2.r2.-d2.-r0.-r0.r2.r2.f2.f2.-d0.-d0.-d1.d0.-r1.d1.r1.-d0.f1.r1.-f1.-r1
652,-r0.-f0.-r1.-r0.f0.-r0.-r0.d0.-r2.-d0.r2.-f0.-f0.d2.d0.-f0.d2.d2.f2.f2.d2.d2.-r0.-r0.-d2.r2.r2.-f0.-f0.d2.f2.f2.-r0.f1.r1.-f1.r0.f1.-r1.-f1
653,f0.-f2.-r2.f2.d2.d2.r0.f2.-r0.-r0.r2.r2.f2.d2.r2.-f0.f2.f2.d2.-d0.-d0.f2.f2.d2.-r0.-r0.f2.f2.-d0.-f0.-f0.d2.d2.-f1.-d1.-r1.f1.r1.d1
654,r0.-f1.-r0.-r0.r2.-d0.f0.r2.d2.d2.r2.-f0.f2.d0.-r0.d2.-f0.-f0.r2.r2.d2.d2.f2.f2.d0.r2.r2.f2.f2.-d0.-r2.d1.r2.r0.f1.-r0.-d1.f1.d1.-f1
655,r1.d2.-f2.d0.f0.f2.d2.-r2.-d2.r2.-d0.-d0.-r0.r2.r2.d2.r2.r2.d2.d2.r2.r2.-d0.-r0.-r0.r2.r2.d2.d2.f2.f2.r0.-r1.d1.r1.-d1.-r0.f1.-d1.-f1.d1
656,f2.f1.f1.-r1.-d0.r2.-d2.d0.-r0.d2.d2.-f2.-r0.d2.d2.-f0.-r0.-r0.d2.d2.f2.f2.d0.-r0.-r0.f2.f2.-d2.r2.r2.d2.d2.r1.-r0.f1.-r1.-f1.r0.d1.-f1.-d1.f1
657,-r2.-f2.r0.-d2.f0.d0.-f2.-d0.-d0.r2.d2.-f0.-f0.-r2.d0.-r0.-r0.d2.-d0.-r0.-r0.-f0.-f0.-d2.f2.f2.d2.r2.r2.d0.r1.-d1.-r1.-d0.d1.-f0.-r1.d1.r1.-d1.f0
658,r2.f0.d2.d2.-f0.f2.r0.f2.-d0.-r0.-d0.r2.r2.-f0.-f0.d0.-r0.-r0.d2.d2.f2.f2.-d2.r2.r2.d0.r2.-d1.f1.d1.-f1.-r2.f1.-f2.-r1.-f1.r1.f2
659,-d0.f0.-d1.d2.f2.r2.-d2.-f2.-r0.-r2.-f0.-f0.-d2.-r0.d0.-r0.-r0.r2.r2.-d0.-f0.-f0.-d2.r2.r2.f0.f1.-r1.-f1.r1.-f0.-r1.f1.r1.-f1
660,-f0.-r1.d2.r0.r2.r2.-d0.f2.-d2.-f2.r2.-d0.-r2.-f0.-r0.d2.d2.f2.f2.d2.-r0.-r0.d2.d2.d0.-f0.-f0.d0.-r0.-r0.r2.r2.-r1.d1.r1.f1.-d1.r1.-f1.-r1
661,d2.d2.-d0.f0.-d2.-r0.-r2.d2.f0.d0.-f0.-r2.-d2.-r0.-r0.-d2.-r0.-r0.r2.r2.f2.f2.-r0.-r0.-f0.-f0.-d0.r2.-f1.d1.f1.-d1.-r2.r0.-f1.-r1.f1.-r0.r1
662,-r2.-d2.-f0.-f0.-f2.-d0.r0.f2.d2.d2.f0.-r2.-d0.r0.-d2.-f0.-f0.r2.r2.d2.d2.-d0.f2.f2.d2.-r0.-r0.-d2.-f0.-f0.-f2.-r1.f1.r1.f2.-f1.r1.-f1.-r1.f1
663,-r0.f1.r0.r2.f2.r0.d0.-f2.-d0.-d0.f0.f2.f2.d0.-f2.-r0.-r0.d2.d2.f2.f2.d0.r2.r2.-d2.r2.r2.d2.-f0.-f0.-d2.-r0.d1.r1.-d1.-r1.r0.f1.-r1.-f1.r1
664,-d0.-r2.f1.d1.d1.f2.f2.-d2.-f0.r0.-d2.-f2.-d2.f0.d2.-r0.-r0.d0.-f0.-f0.d2.r2.r2.-d2.-r0.-r0.-f0.-f0.d2.d2.r0.f1.d1.-f1.-d1.-r0.d1.f1.-d1.-f1
665,f0.f2.f1.f1.-d1.d2.-f2.-r0.d2.-d0.r0.-f0.d2.r0.-f0.r0.d2.-d0.-f0.-f0.f2.f2.-d0.-d0.r2.r2.f2.f2.d0.f2.f2.r2.-d1.r1.d1.r2.d1.f1.-d1.-r1.-f1
666,f0.-r2.-r0.-r0.d2.-f2.-r0.d2.r0.-r2.f0.r0.-f0.f2.-d0.-r0.-r0.r2.r2.d2.d2.f2.f2.r2.r2.-d0.-r0.-r0.d2.d2.f1.-f2.r1.-f1.-r1.f2.-f1.-d1.f1.d1
667,d0.-r2.d2.d2.r2.-f2.d0.f2.f2.r0.d2.f0.f2.-d0.-d0.r0.d0.f2.f2.-d2.-r0.-r0.r2.r2.-d2.-f0.-f0.-d0.f2.f2.-d0.r1.-f1.r1.f1.r1.r1
668,-f0.d2.d2.-r0.-f0.-r2.d2.f0.-r2.-d0.-f0.-r0.-r0.-r2.d0.-f0.-f0.d0.r2.r2.-f0.-f0.-d0.-d0.f2.f2.d2.d2.f2.f2.r2.r2.-r1.f1.-d1.-f1.d1.r1
669,f0.d0.-r1.d2.d2.f2.d0.r0.-f0.r0.f0.d2.-r2.f2.f2.-d2.-r0.-r0.f2.f2.r2.r2.-f0.-f0.-r0.-r0.-d2.-d0.-d0.r2.r2.d1.-f1.-d1.f1.r1.f1.-r1.-f1
670,d2.-r1.f2.f2.r0.-r2.-d2.-f0.r2.r2.-f0.d0.f2.f2.r2.-f0.-f0.r2.r2.-d0.-d0.-f0.-f0.-r0.-r0.-d2.-r0.-r0.-d0.-d0.f2.f2.r2.f1.d1.-f1.-d1.-r2.d1.f1.-d1.-f1
671,-d2.-f2.d2.-d0.-d0.-f0.-r0.-r0.r2.f0.-d0.-d0.-r0.f0.d0.-f0.d2.r2.r2.f2.f2.d2.d2.-f0.-f0.d2.-r0.-r0.d0.-f0.-f0.r2.f1.r1.-f1.r2.-r1
672,-d1.r2.-f0.-r2.-d2.d0.-r0.-f2.r2.f0.d2.-r0.f2.f2.d0.r2.r2.d2.d0.r2.r2.-f0.-f0.d0.f2.f2.r0.f1.-d1.-f1.d1.-r0.d1.r1.-d1.f1.-r1.-f1
673,-d0.-d2.f2.f2.-r0.d0.f2.-r2.-f0.-f0.-d0.-d0.f2.d2.-f0.r2.r2.-d0.-r0.-r0.r2.r2.-d0.-d0.r2.r2.d2.-r0.f1.d1.-f1.-d1.-r0.f0.-d1.r1.d1.-r1.-f0
674,r0.-f0.f2.-d0.f2.f2.-d0.r2.r2.-f0.-d2.f2.-d2.r0.f0.f2.f2.-d0.-r0.-r0.-f0.-f0.f2.f2.-d0.-f0.-f0.d2.-d0.-d0.f2.-r1.f1.r1.f2.-f1
675,-d2.r2.-f1.-r0.f2.r0.-r2.d2.d2.-r0.d2.f2.d0.-r0.f2.d2.r2.r2.f2.f2.r2.r2.d2.-d0.-d0.-r0.-r0.-f0.-f0.d2.-d0
676,-f0.-f2.d2.f2.-d2.f2.-d2.f2.r2.r2.-f0.-f0.r0.-d2.-f2.d0.f2.f2.d2.-r0.-r0.-f0.-f0.-d0.-d0.f2.f2.-r0.-r0.-d2.-r1.-f1.-r1.f1.-r1.-r1.f1.r1.-f1.-r1
677,d0.-r2.d2.r2.f2.r0.d2.-f0.r2.d2.d2.-r0.f0.d2.-f0.-f0.f2.f2.d2.r2.r2.d0.f2.f2.d2.-d0.-d0.r0.-d1.-f1.d1.f1.-r0.d0.f1.-r1.-f1.r1.-d0
678,-f2.-d0.f1.f1.-r1.d2.f0.-f2.d0.r0.-d2.f2.f2.-r0.-r2.-d2.r0.d2.r2.r2.d2.-d0.-f0.-f0.d0.-f0.-f0.f2.f2.d2.-r2.d1.f1.-d1.-f1.r2.f0.-r1.-f1.r1.f1.-f0
679,f1.r1.r1.-f0.-f0.f2.r0.d0.r2.-d0.-f2.r0.r2.f2.-r0.-r0.r2.r2.-f0.-f0.-r0.-r0.d0.-f0.-f0.-d2.r2.r2.d0.f2.f2.-r2.f1.r1.-f1.r2.-r1.f0.r1.f1.-r1.-f1.-f0
680,d0.r0.d2.d2.-r0.-f2.-d2.f2.f2.d0.-r2.d2.d2.-r2.f2.r2.f0.f2.f2.d0.-f0.-f0.f2.f2.-d0.r2.r2.f2.f2.-d0.-d0.-f0.-f0.d2.-f1.-d1.-r1.f1.r1.d1
681,-f0.r0.-d2.r2.f0.-d2.-f0.-d0.-d0.r0.-f2.r0.d2.-r2.-f0.-f0.d2.-f0.-f0.r2.r2.-d2.d0.-f0.-f0.-r0.-r0.d2.-d0.r0.r1.d1.-r1.-d1.-r0.r1.f1.-r1.-f1
682,f0.-r0.f2.-d0.r2.r2.d2.d2.-r0.r2.r2.-d0.-d0.-f0.-f0.r0.-f2.-r0.-r0.-d2.r2.r2.f2.f2.-d2.-f0.-f0.d0.r2.r2.d2.d2.-r0.-r0.-f0.d1.f1.-d1.-f1.f0
683,-f0.d2.-f2.-r0.-r0.-d2.-f0.r0.r2.d0.f2.-r0.-f0.r2.r2.d2.r2.r2.-f0.-f0.d0.-r0.-r0.d2.-r0.-r0.d2.r0.d1.-r1.-d1.r1.-r0.f1.-f2.-r1.-f1.r1.f2
684,d0.-f2.f1.f1.-r1.d2.d2.-r0.d2.d0.r2.-d0.-r2.-f2.-r2.-f0.-d0.r0.f2.f2.-r0.-r0.r2.r2.-d0.-r0.-r0.d0.f2.f2.d2.d2.r1.-r2.f1.-r1.-f1.r2.d1.-f1.-d1.f1
685,f0.f2.-f1.d2.f0.-d2.-d0.f2.r0.f0.d2.d2.f2.-r2.f2.-d0.-d0.-r0.-r0.d0.f2.f2.r2.r2.-d0.r2.r2.r2.d1.-r1.-d1.-r2.r1.-f1.f2.r1.f1.-r1.-f2
686,-d0.d2.f0.-r2.-f2.d2.d2.r0.-f0.-r0.-r0.d2.f0.-d2.f2.f2.-d2.-f0.-f0.r2.r2.-f0.-f0.-d2.-d0.f2.f2.d0.r0.d1.r1.-d1.-r1.-r0.-r0.f1.d1.-f1.-d1.r0
687,f0.r2.f0.-r0.-d2.r2.-f0.-d2.-d0.-d0.f2.-d2.-r2.-d2.f2.f2.-r0.-r0.-d2.-f0.-f0.-r0.-r0.-d2.-d0.-r0.-r0.-f2.-d1.-r1.d1.r1.f2.d0.f1.-d1.-f1.-d0.d1
688,f2.f1.f1.r1.d2.-d0.-d0.-r0.-r0.-r2.d2.r2.r2.-f0.-r0.-r0.f2.r0.-f0.d2.d2.r2.r2.-d2.-d0.f2.f2.-d2.r2.r2.-d0.-d0.-r0.-r0.d1.r1.-d1.f1.-r1.-d1.-f1.d1
689,-d2.r0.d1.-d2.-f0.d2.-r0.-d0.-d0.-r0.-r0.d2.d2.f2.r2.-f0.d0.-r0.-d0.-d0.-r0.-r0.-f0.-f0.d2.d2.-r0.-r0.-d0.-f0.f1.r1.-f1.-r1.f0.r1.f1.-r1.-f1
690,d2.-r2.-f1.-d0.r0.-d2.r0.-f0.r2.-d0.-r0.f0.d0.-f2.r2.r2.d2.-d0.-r0.-r0.d2.-f0.-f0.f2.f2.r2.r2.-d2.f1.d1.-r1.-d1.r1.-f1.r1.f1.-r1.-f1
691,f2.r2.f1.f1.-r1.-f0.r0.f2.-d2.r2.-d0.-d0.-r0.d2.-f2.r0.r2.r2.d0.f2.f2.d0.-r0.-r0.-d0.r2.r2.d2.-d0.f2.f2.f1.d1.r1.-f1.-r1.-d1.r1.f1.-r1.-f1
692,-r0.d2.f1.f1.d1.-f0.d2.-f0.r0.r2.-f2.-r2.f2.f2.-r2.f0.r0.d2.f2.f2.-r0.-r0.f2.f2.d2.-f0.-f0.-r0.-r0.d2.-r1.-f1.-d1.f1.r1.d1.f0.f1.-r1.-f1.r1.-f0
693,d2.d2.-r0.-r0.d0.-r2.d2.d2.-f0.-f0.d0.f2.d0.f2.f2.-r2.-f0.-f0.r2.r2.d2.-r0.-r0.-f0.-f0.-r0.-r0.-d0.-d0.r1.-r2.-f1.-r1.f1.r2.-r1.f1.r1.-f1
694,r0.-r2.d2.-r2.-f0.-d0.-r2.d0.r0.-d0.-d0.-r0.-r0.-f0.-f0.f2.-d2.-r0.-r0.-d2.r2.r2.d2.d2.-f0.-f0.-r0.-r0.-d2.r2.r2.-d2.-r1.-r1.-f1.-r1.f1.-r1
695,r2.f0.-r0.-d2.r0.d2.r0.-d2.r2.r2.-d0.-f2.d2.-r2.-f0.-f0.d2.d0.f2.f2.-d2.-r0.-r0.d2.d2.r2.r2.-f0.-f0.-r2.d1.-f1.-d1.f1.r2.-f1.-r1.f1.r1
696,f0.-r0.f1.f1.-d1.r2.f2.-d0.f2.-r0.-d2.-f0.-f2.-r0.-r2.-f2.d2.-d0.-d0.r2.r2.-f0.-f0.d2.-f0.-f0.d2.d2.-f0.-f0.-d0.-d0.-r0.d1.r1.-d1.-r1.r0.f1.-r1.-f1.r1
697,f0.-r1.d2.d2.f0.-d0.-f2.-r2.f2.f2.-d2.-f0.-d0.-d0.f2.-d2.r2.r2.-d2.-f0.-f0.d2.-f0.-f0.-r0.-r0.d0.f2.f2.-d0.-d0.d1.-f1.-d1.f1.r1.f1.-r1.-f1
698,-r0.f0.-f2.r2.-f2.r2.r2.-d0.-r0.f2.-r0.-f0.-r2.f2.-d2.-r0.-r0.f2.f2.-d2.f2.f2.-d0.f2.f2.d0.-f0.-f0.r2.-f1.-d1.f1.d1.r2.f1.d1.-f1.-d1
699,-r0.f0.f1.f1.d1.f2.-r0.-r0.d2.d2.d0.f0.-r0.-f2.r2.r2.-d0.-f0.-r0.-r0.d2.-r0.-r0.-f0.-f0.d2.d2.d0.f2.f2.-d2.-f0.-d1.-r1.d1.r1.f0.d1.-f1.-d1.f1
700,f2.d2.-f0.-f0.-d0.-f0.-f0.d2.f0.d0.r0.d0.r2.-f0.r2.r2.d2.-r0.-r0.r2.r2.f2.f2.-r0.-r0.d2.f2.f2.-r0.-r0.-d1.d0.f1.d1.-f1.-d0.-f1.r1.f1.-r1
701,f2.-d2.f1.f1.-r1.d2.d2.-f0.-f0.f2.f2.r2.f2.f2.-r2.d2.r2.r2.f0.d2.-r0.f2.f2.-d0.-r0.-r0.d2.-d0.-d0.-r0.-r0.-r2.-d1.-f1.d1.f1.r2.-f0.-r1.f1.r1.-f1.f0
702,-r0.-d0.-r2.d0.-r0.f2.f2.d0.f0.d2.r0.-f0.-f2.r2.r2.d0.r2.r2.d0.f2.f2.d2.-r0.-r0.-d0.-d0.-r0.-r0.-d0.-d0.r2.-d1.-f1.d1.f1.-r2
703,-r0.d0.f1.f1.d1.-f0.-f0.-r2.-d0.f2.f2.d2.d2.r0.-r2.f0.f2.f2.r2.d2.-f0.-f0.r2.r2.d0.f2.f2.-r0.-r0.-d0.-d0.r2.-d1.-r1.d1.-r2.r1.d1.-f1.-d1.f1
704,f1.f1.d1.-d2.-f0.-f0.r0.f2.f2.r2.-f2.r2.r2.-d2.r0.f0.f2.f2.d2.-f0.-f0.d2.d0.-f0.-f0.r2.r2.-d0.-d0.-r0.-r0.-d2.-f1.-d1.f1.r1.d1.f1.-r1.-f1
705,r2.d2.r2.-d0.r0.f0.-r0.f2.f2.-r0.-r0.r2.-f2.r2.d2.d2.-r0.-r0.-d0.r2.r2.f2.f2.d2.d2.d0.f2.f2.d0.-r0.f1.d1.-f1.-d1.r0.-f1.f2.-r1.f1.r1.-f2
706,d0.d2.-r0.-f0.-r2.f2.d0.f2.d2.d0.-r0.-f0.-d2.-r0.-r0.-d0.-d0.r2.r2.d2.d2.-r0.-r0.-f0.-f0.-d2.-f0.-f0.f2.f2.f1.-f2.d1.-f1.-d1.f2.-f1.d1.f1.-d1
707,f0.d0.-r0.-r0.-d0.r2.f2.-r0.d2.-f0.d2.-r2.-f2.d2.-d0.-f0.-f0.f2.f2.d2.d2.-r0.-r0.-d2.-f0.-f0.d2.r2.r2.-f2.r1.-d1.-r1.d1.f2.-r1.-f1.r1.f1
708,-r2.-d2.f2.d2.d2.f2.d2.-f0.-f0.f2.f2.-r2.-d0.f2.f2.-d2.-r0.-r0.-d2.f2.f2.d0.-r0.-r0.f2.f2.-r0.-r0.-f2.d1.f1.-d1.f2.-f1.-r1.d1.r1.-d1
709,-r0.-f0.f1.f1.d1.d2.d2.r0.f2.r2.r2.f0.f2.-d2.r2.f0.-f2.-d2.r2.d2.d0.-f0.-f0.-d2.f2.f2.-r0.-r0.f2.f2.-d0.-r0.-d1.r1.d1.-r1.-r0.d1.f1.-d1.-f1
710,-d0.d2.f0.-d2.-r0.r2.f2.f2.d0.f0.-d2.-d0.r2.-f0.-f0.d0.f2.f2.d0.-r0.-r0.-d2.-d0.-d0.-r0.-r0.d0.-r1.-d0.-d2.-f1.d2.f0.r1.f1.-r1.-f1.-f0
711,d0.-f2.d2.d2.f2.-d2.r0.-d0.r0.r2.-f0.-r0.-r0.-d0.r0.-f0.-f0.-r0.-r0.f2.f2.-d0.f2.f2.d2.-d0.-r0.-r0.d2.-f0.r1.f1.-r1.-f1.-f0.-r1.d1.r1.-d1
712,r0.d2.-r0.d2.d2.-d0.-d0.-f0.r2.d0.-f0.-f0.-r0.-r0.-f2.-r0.-r0.f2.f2.d2.d2.f2.f2.-r0.-r0.d2.d2.d0.-r0.-r0.-f0.-f0.f2.f2.-d1.r1.d1.f1.-r1.-f1
713,d0.-f2.d2.f2.f2.-d0.f0.-r0.-r0.f2.-r0.-d2.-d0.r2.-f0.-f0.-d0.-f0.-f0.-r0.-r0.d2.-r0.-r0.d0.r2.r2.f2.f2.-r0.-r0.-r0.f1.d1.-f1.-d1.r0
714,-f0.f2.-d1.-d2.f2.-r0.-r0.-d2.-r0.f0.-f2.d2.-f0.f2.-d2.-r0.-r0.d2.d2.-d0.r2.r2.-d2.-r0.-r0.-d0.f2.f2.-d0.-f1.r1.f1.-r1.-d0.-f2.d1.-r1.-d1.r1.f2
715,-d0.-d0.-r0.-f2.d2.-f0.r2.r2.d2.f0.d2.-f0.-r0.-r0.d2.d2.f2.f2.r2.r2.d2.-f0.-f0.-r0.-r0.-d0.-d0.-r0.-r0.-d1.-f1.r1.d1.-r1.f1.r1.f1.-r1.-f1
716,f2.-d2.f1.f1.d1.r2.f2.f2.d2.-f0.-f0.-r2.-f0.d2.d2.-f0.-d2.-f2.-r0.-r0.f2.f2.d0.-r0.-r0.-f0.-f0.d2.d2.-r0.-r0.d2.-f0.-f1.-r1.f1.r1.-f0.-d1.r1.d1.-r1
717,-r0.-r1.-f0.-r2.d2.d2.-d0.f0.-f2.-r0.d2.f2.r0.f2.d0.r2.r2.-d0.-f0.-f0.d2.d2.-d0.-d0.-r0.-r0.d2.f2.f2.-r2.-d1.r1.d1.r2.-r1.f0.-f1.-r1.f1.r1.-f0
718,-r0.f0.f1.r1.r1.-d2.f0.-r0.-r0.r2.-f2.-d2.r2.f0.-d0.-d0.r0.f2.-r0.-r0.r2.r2.d0.r2.r2.d2.d2.-f0.-f0.-d2.-r0.-r0.f1.d1.-r1.-d1.r1.-f1.r1.f1.-r1.-f1
719,-r0.-f2.f1.d2.-d0.f0.-r0.-d2.-r2.-f0.-r2.f0.r0.-r2.f2.-d0.-r0.-r0.-d2.-f0.-f0.d0.-f0.-f0.r2.r2.-d2.-r1.r0.-f1.r1.f1.-r0.f0.d1.f1.-d1.-f1.-f0
720,-d0.-d2.f1.f1.d1.-d2.-r2.f0.-d0.r0.-d0.-r2.-f0.-d2.r2.f0.d2.d2.-d0.-f0.-f0.-r0.-r0.d0.-f0.-f0.-d0.f2.f2.-d2.r2.d1.f1.-d1.-f1.-r2.-d1.r1.d1.-r1
721,r2.f1.d1.d1.-r0.d2.r2.d2.-d0.-d0.r2.-f0.-r2.-f2.-d0.-r0.r2.r2.-f0.-f0.d2.-d0.r2.r2.-d2.f2.f2.-d0.-d0.r2.r2.r1.-f1.r1.f1.r1.r1.f0.f1.-r1.-f1.r1.-f0
722,-f2.r2.f1.r1.r1.r0.-r2.-d0.-r2.-f2.-r2.f2.-r2.-d2.-r2.-f0.-f0.-r0.-r0.r2.r2.-d0.-f0.-f0.f2.f2.r2.r2.d2.f2.f2.-d0.r1.d1.r1.-d1.-r1.f1.-r1.-f1
723,-r0.d2.-f0.-f2.r2.-d0.-d0.r2.r2.-d0.f2.-r0.-r0.f2.r2.d2.d2.-r0.-r0.f2.f2.-d0.-d0.-r0.-r0.d2.-f0.-f0.-r0.-r0.d0.r1.d1.f1.-d1.-f1.-r1.-r1.f1.r1.-f1
724,-f0.f2.-d1.r2.d2.d2.f0.-d0.-r2.d2.-r0.-d2.-r2.f0.-r2.-f0.-f0.f2.f2.d0.r2.r2.f2.f2.d2.-d0.f2.f2.d0.f1.r1.-f1.-r1.-d0.f0.-d1.-r1.d1.r1.-f0
725,d0.-f2.d0.r2.r2.-f2.-r0.-r0.-d2.r0.r2.d0.f0.d2.-r2.-d0.-d0.-r0.-r0.r2.r2.f2.f2.-r0.-r0.-f0.-f0.-d2.-r0.-r0.-d2.d0.-r1.-d1.r1.-d0.d1
726,r0.-r2.-f0.-d0.-d0.r2.-d2.-r0.r2.r2.f2.f2.-r0.-d0.-d0.-f2.d2.-r0.-r0.d0.-r0.-r0.-d0.-d0.r2.r2.d0.f2.f2.r2.r2.-d2.d0.-r1.f1.r1.-f1.-d0
727,-r2.f1.d1.d1.r0.-d0.-d0.f2.r0.-r2.-f2.-r0.-r0.-f0.-r0.-r0.-d2.d0.f0.-d2.-r0.-r0.-d2.d0.-r0.-r0.d2.-r0.-r0.r2.r2.-d2.-r1.d2.d0.f1.-d0.r1.f1.-r1.-f1
728,-d2.-d1.-r0.-r0.f0.-d2.f0.d2.f0.f2.-d0.f2.f2.-r0.f0.d2.-r0.-r0.d2.-r0.-r0.-d0.f2.f2.r2.r2.f2.f2.-d2.-d0.-f2.d1.-r1.-d1.r1.f2.-d1.f1.d1.-f1
729,-d0.-r0.-f0.-d2.-f0.r0.f2.-r0.f2.r2.r2.-d2.r2.f2.d2.-r0.-r0.-d0.r2.r2.-d2.-d0.-r0.-r0.d0.-f0.-f0.-r2.-d1.r1.d1.r2.-r1.f0.d1.f1.-d1.-f1.-f0
730,d0.r2.d2.r2.-d2.r2.-d0.-f2.d2.-f0.-d2.r0.-f2.-r0.-r0.-d0.r2.r2.f2.f2.d2.d2.-d0.-r0.-r0.f2.f2.-d0.f1.-f2.-r1.-f1.r1.f2.d1.-r1.-d1.r1
731,-r0.r2.r2.-d2.r0.d0.-f0.-f0.r0.-d2.-f0.-d0.-d0.-r2.-f0.-f0.r2.r2.-d0.-d0.-f0.-f0.d0.-f0.-f0.f2.f2.-r0.-r0.-d0.-d0.d1.f1.-r1.-d1.r1.-f1
732,f2.d2.f0.r2.d0.f2.f2.-d0.-d0.r2.f2.f2.-d2.r2.-f2.r0.d0.-r0.-r0.f2.f2.d2.r2.r2.-f0.-f0.d2.d2.-f0.-f0.f2.f2.f0.-r1.d1.r1.-d1.-f0
733,-f0.-d0.-f0.r0.d0.r0.-d0.-f0.-f2.d0.-r0.-r0.r2.-f2.-d2.-f0.-f0.-d2.r2.r2.d0.f2.f2.d0.f2.f2.-r0.-r0.f1.d2.d0.r1.-d0.-f0.f1.d1.-f1.-d1.f0
734,-d2.-r0.d2.d2.f0.-r2.f0.-f2.-d2.r2.r2.d2.r2.r2.d0.r2.-d2.-f0.-f0.r2.r2.-f0.-f0.d2.d2.r2.r2.-d0.-f0.-f0.f2.f2.r1.f1.-d1.-f1.-r1.d1
735,r0.-d2.f1.f1.r1.d2.-r0.d2.d2.r0.-d2.f0.f2.-r2.-d2.-r0.-f0.r2.r2.f2.f2.d2.r2.r2.-f0.-f0.f2.f2.d2.-d0.-f0.-f0.d0.r1.d1.r1.-d1.-r1.f1.-r1.-f1
736,-r1.-r2.-f0.-f0.d2.d0.-f2.-d0.-f0.-r0.-f0.-f0.d0.-r2.d2.-r0.-r0.f2.f2.-d0.-f0.-f0.d0.f2.f2.-d0.r2.r2.-d0.-d0.f1.d1.-f1.-r1.-d1.r1.r1.f1.-r1.-f1
737,r2.f2.r2.r2.-f0.d2.d2.-r0.-d0.f0.-f2.-d2.f0.d2.d2.d0.-f0.-f0.-r0.-r0.f2.f2.-r0.-r0.f2.f2.d2.f2.f2.r0.-f1.-r0.-r2.-d1.r2.-r1.f1.r1.-f1
738,f0.-f2.-r0.-f0.r2.r2.f2.d2.d2.-r0.f2.-r0.f2.-r0.f2.f2.r2.r2.-d0.-f0.-f0.f2.f2.d2.-r0.-r0.d2.-r0.-r0.d2.-r0.-f1.r1.f1.r0.-r1.-r1.f1.r1.-f1
739,d0.-d2.-r1.-f0.r2.d2.-f0.-f0.d0.r2.-d2.f0.r0.r2.f2.d0.-f0.-f0.-r0.-r0.-f0.-f0.-d0.-f0.-f0.-d0.-r0.-r0.-f1.-r1.f1.r1.-d0.f1.-f2.d1.-f1.-d1.f2
740,r2.-r1.d2.r0.d2.r0.-d0.r0.r2.d2.d2.f2.-r0.d2.-f0.f2.f2.-d0.-f0.-f0.-d2.f2.f2.d0.r2.r2.-d0.f2.f2.d0.r2.-d1.-r2.-r0.f1.r0.d1.f1.-d1.-f1
741,-f1.-r2.d0.-f2.d2.d2.-r0.-d0.-r0.-f2.-r0.-f2.r2.d2.r2.r2.-d2.f2.f2.d2.d2.-r0.-r0.f2.f2.d2.f2.f2.d2.r1.-f1.r1.f1.r1.r1.-f0.-d1.-f1.d1.f1.f0
742,r0.r2.d2.f0.r0.-r2.-d2.f2.-r2.-f0.-d2.-r0.-r0.f0.-r0.-r0.d2.-f0.-f0.-d0.-d0.-r0.-r0.-d2.-f0.-f0.-r0.-r0.-f0.-f0.d0.-r1.-d1.r1.-d0.d1
743,f1.f1.r1.r0.-d2.f2.f2.-d2.r2.r2.f2.r2.f2.r2.r2.-f0.-d2.-f0.-f0.d2.r2.r2.d2.f2.f2.-r0.-r0.-d0.f2.f2.-d2.r2.-f1.-d1.f1.d1.-r2.-d1.r1.d1.f1.-r1.-f1
744,-r2.-f0.-r0.f2.f2.-r0.-d0.f0.r2.r2.f2.r2.-d0.-d0.-f0.d2.d2.d0.-r0.-r0.-f0.-f0.-d0.-r0.-r0.f2.f2.-d2.-f0.r1.d1.-r1.-d1.f0.-f1.-d1.f1.d1
745,f2.f2.d2.f2.-r2.f0.-f2.d2.r0.-f2.-r0.-f0.-f0.-r2.d0.r2.r2.-d0.-r0.-r0.r2.r2.-d2.-f0.-f0.f2.f2.d2.d2.-r0.-r0.f1.r1.-d1.-f1.d1.-r1
746,f0.-d0.r0.-f0.-f2.d2.f0.d2.d2.-d0.-d0.r2.r2.-f0.-d0.r0.-f0.-f0.d2.-f0.-f0.d2.-f0.-f0.r2.r2.f2.f2.d0.-f0.-f0.d0.-d2.f1.d2.d0.r1.-d0
747,-f0.d2.d2.-f0.f2.f2.d2.r2.-d0.-d0.-f2.d2.r2.-f2.r0.-d0.-d0.-f0.-f0.-d0.-r0.-r0.-f0.-f0.r2.r2.-d0.-d0.f2.f2.-r0.-r0.-d0.f1.-r1.-d1.-f1.r1.d1
748,-r0.r2.d0.-r0.-r0.d2.d2.f2.f2.-r0.-d0.-d0.-f0.d2.d2.-f0.-r0.-d2.r2.r2.-f0.-f0.-d0.-r0.-r0.r2.r2.-f0.-f0.-d0.-f0.-f0.d2.d2.-f1.d1.-f1.-d1.-f1.-f1
749,-f0.-d0.-r0.-r0.-d2.r2.f0.d2.-r0.-r0.-d2.r2.d0.r0.-f0.d0.r2.r2.-d0.-r0.-r0.r2.r2.-d2.f2.f2.d0.-f0.-f0.f2.f2.-d1.-f1.d1.f1.f1.r1.-f1.-r1
750,f0.-d0.-d0.-f0.r2.r2.d0.-r2.-d0.-f0.-f0.-f2.d0.r0.f2.d2.d2.r2.r2.d2.-d0.-r0.-r0.-d0.-f0.-f0.d2.d2.r0.-f1.-d1.f1.d1.-r0.-r0.d1.-f1.-d1.f1.r0
751,-d0.-d2.r0.f2.-r0.d2.-r0.-d2.-d0.-f0.d2.d2.r0.-f0.-f0.d0.-f0.-f0.-r0.-r0.d2.-r0.-r0.r2.r2.d2.r2.r2.d0.-r2.-d1.r1.d1.r2.-r1.-d1.-f1.d1.f1
752,f1.f1.d1.r0.d0.-r0.r2.f0.r0.f0.-r0.-r0.d2.d2.f0.r2.r2.d2.-r0.-r0.f2.f2.d0.r2.r2.-d0.-d0.-f0.-f0.-d0.-r0.-r0.f1.r1.d1.-r1.-f1.-d1.-f0.-r1.f1.r1.-f1.f0
753,f0.r0.f1.f1.d1.-r0.d0.-f0.-f0.-d2.-r2.-f0.-f0.r2.-f2.r2.r2.-d2.-f0.d2.f2.f2.-d0.-r0.-r0.d0.f2.f2.d2.-d0.r2.r2.-d2.-f0.d1.r1.-d1.-r1.f0.f1.-r1.-f1.r1
754,r2.f1.f1.r1.d2.d2.-d0.r0.-d0.-d0.-r2.f0.-d2.-r0.f2.r2.d2.d2.-f0.-f0.d2.-d0.-d0.-f0.-f0.-d0.r2.f1.-r1.-f1.-r2.r1.f0.-f1.-d1.f1.d1.-f0
755,-d2.f1.f1.-r1.-d2.-r2.-d0.-f0.r0.f2.-d0.f2.d0.-r2.f0.-d2.f2.f2.d0.r2.r2.d0.-r0.-r0.-d2.r2.r2.f2.f2.r0.d1.-f1.-d1.f1.-r0.f0.r1.f1.-r1.-f1.-f0
756,f0.r1.-d2.-r0.-d2.-f0.-f2.r2.d2.r2.r2.f0.-d0.-r0.-r0.-f0.-f0.d2.f2.f2.-d2.r2.r2.-d0.-d0.f2.f2.d0.-r0.d1.f1.-d1.-f1.r0.f0.-r1.-f1.r1.f1.-f0
757,f0.r0.r1.-d0.-r0.-f0.d2.-r2.d2.d2.-r2.d0.-r2.f2.-r2.-d0.-d0.f2.f2.-d2.-r0.-r0.d2.-d0.r2.r2.d0.r2.r2.-f0.f1.-r1.-f1.r1.f0.d1.r1.-d1.-r1
758,f1.-f0.-f0.r0.d2.-f2.-d0.r0.-f2.d2.f2.f2.-r2.d2.r2.r2.-f0.-f0.-d0.r2.r2.d2.d2.-d0.-r0.-r0.-d0.-d0.r2.-d1.f1.d1.-f1.r2.d1.-r1.-d1.r1
759,-r2.-d0.-f1.f0.-d0.-f2.r2.-f2.r0.-d0.f2.-r2.d2.d2.-f0.f2.f2.-d2.-r0.-r0.d2.-r0.-r0.d0.f2.f2.-d0.-f0.d1.-r1.-d1.r1.f0.-d1.f1.d1.-f1
760,-d2.f2.-r1.d2.d2.f2.d0.-f0.d2.r0.f2.f2.-r2.-f2.d2.d2.f2.-d2.f2.f2.-r0.-r0.d2.d2.-f0.-f0.-d2.-f0.-f0.d0.r2.f1.d1.-f1.-d1.r2.-f1.-r1.f1.r1
761,-f2.-r0.d2.-r0.-d0.-d0.f2.-r0.-r0.-f2.-d0.r2.-f0.r0.d0.-r2.d2.d2.-r0.-r0.d0.f2.f2.d0.r2.r2.f2.f2.-r0.-r0.d0.f2.f2.-f1.r1.f1.d1.-r1.-d1
762,-d2.f2.-d2.-r2.f2.-r0.d2.-f2.-d0.f2.f2.-r0.f0.r2.d2.f2.f2.d2.-r0.-r0.d2.-f0.-f0.f2.f2.-d0.-r1.r2.-d1.r1.d1.-r2.f1.d1.-f1.-d1
763,r2.-d2.f0.-d2.-f0.-f0.-d0.f2.-r0.d2.-f2.d2.d2.r0.-d0.-d0.-r0.-r0.f2.f2.-d0.-d0.-r0.-r0.-d0.-r1.f1.-d1.r1.-f1.d1.f0.f1.d1.-f1.-d1.-f0
764,f2.-r0.-r0.d0.-f0.-d2.-r0.-r0.-r2.-f2.-d2.-r0.-r0.-f2.-r0.-f0.-f0.-d0.-f0.-f0.r2.r2.d2.d2.r2.r2.-d0.-r0.-r0.d2.r2.r2.-f1.d1.r1.-d1.f1.-r1
765,-f2.r0.d2.-r0.f0.-d0.-r2.d2.d2.r2.r2.-d2.-r2.-d0.-d0.-f0.-f0.f2.f2.-d0.r2.r2.d0.-f0.-d1.r1.d1.-r1.-f0.-f0.d1.r1.-d1.-r1.f0
766,r0.-d2.-f0.d2.d2.f0.r2.d2.-r2.f0.d2.-f0.r2.r2.-d2.r2.r2.-d2.-f0.-f0.r2.r2.-d0.f2.f2.d2.-f0.-f0.-r0.d1.-r1.-d1.r1.r0.-f1.d1.f1.-d1
767,d0.-f2.-f1.-d2.r2.f0.f2.-d0.f0.r0.f0.-f2.d2.r2.-d0.-f0.-f0.r2.r2.-f0.-f0.d2.-r0.-r0.r2.r2.f2.f2.d2.-f0.-f0.-d1.-r1.d1.f1.r1.d1.-f1.-d1
768,r0.d0.r0.-f0.-f0.-d0.-d0.-r0.d0.f2.-r0.-f2.r2.d2.-f0.-f0.-d0.r2.r2.d2.-r0.-r0.d0.-f0.-f0.-d0.-f0.-f0.f2.r1.d1.-r1.-d1.-f2.d0.f1.r1.-f1.-r1.-d0
769,d0.-d2.f0.d2.f2.d2.d2.r2.f0.d2.d2.-d0.-d0.r0.d0.-f0.d2.d2.r2.r2.-d0.-r0.-r0.-d0.-d0.-r0.-r0.-f0.-f0.d2.d0.f1.-r1.f1.r1.-f1.-f1
770,-d0.-f2.f1.d2.f2.d2.-d0.-d0.-r0.-r0.f0.f2.f2.r0.-f0.-f0.-d2.-r2.-f0.d2.-r0.-r0.r2.r2.d2.d2.-r0.-r0.-d2.-d0.r2.r2.-f0.-f0.-r0.-r0
771,-r0.f1.r1.r1.-r2.d0.-f0.d2.-r0.-f2.-r0.-r0.-d2.-f0.-r2.-f0.-d0.-r0.-r0.-d2.-f0.-f0.d2.d2.d0.f2.f2.-d0.-d0.-f0.-f0.-f2.-d1.f1.d1.f2.-f1.r1.-f1.-r1.f1
772,-r2.-f2.r2.d2.d2.-r2.-f2.r0.-f2.-d2.r0.-f2.d2.f2.f2.d0.-r0.-r0.d0.-r0.-r0.-f0.-f0.d2.f2.f2.r0.-d1.f1.d1.-f1.-r0.d0.f1.-r1.-f1.r1.-d0
773,-r0.r2.-d2.-d0.-r2.-d2.d0.-r0.d2.f0.r2.d0.-r0.-f0.-f0.-r0.-r0.-f0.-f0.-d0.-d0.-f0.-f0.d2.-r0.-r0.d2.d2.-d0.-f0.-r1.d1.r1.-d1.-f0.-r1.-f1.r1.f1
774,f0.f2.d2.-r0.-r0.-d0.-r0.-r2.d2.r0.f0.-r2.d0.-f0.-f0.-r0.d0.r2.r2.d2.d2.-d0.-r0.-r0.-d0.-f0.-f0.-r0.-r0.f2.f2.-d0.f1.d1.-r1.-d1.-f1.r1
775,-d2.r2.-d2.-r2.-d0.-r0.-r0.d0.r2.-f0.d0.-r2.-d0.-f2.-r0.-r0.f2.f2.d2.f2.f2.-r0.-r0.f2.f2.-r0.-r0.d0.f2.f2.d0.-f0.f1.-d1.-f1.d1.f0
776,-r0.f0.d1.r2.-f2.d2.d2.f2.d2.f0.-f2.r0.d2.-f0.-r0.-r0.-d2.-r0.-r0.d2.-r0.-r0.d0.-r0.-r0.-d0.-r0.-r0.f2.f2.d0.r1.-d0.-d2.f1.d2.-r1.f1.r1.-f1
777,-r0.r2.f1.r1.r1.-d2.-f2.d2.r2.d0.-f0.-f0.f2.r0.-d0.-d0.r0.d2.f2.f2.d2.d2.-d0.-r0.-r0.d0.f2.f2.-d0.-d0.-f0.-f0.-d2.d1.r1.-d1.f1.-r1.-d1.-f1.d1
778,-d2.-d0.-d0.r2.d2.-f0.-d0.r2.d2.-f2.d2.f2.r0.d2.d0.r2.r2.d0.-r0.-r0.-d2.r2.r2.d0.-r2.-f1.d1.f1.-d1.r2.-d1.d0.f1.d1.-f1.-d0
779,f2.-d2.f0.-d0.r0.f0.-r0.d0.r2.r2.-f0.-f2.r2.d2.d2.f2.f2.d2.r2.r2.d0.r2.r2.d2.f2.f2.d0.r0.f1.-r0.-r2.d1.r2.-f0.-r1.-f1.r1.f1.f0
780,f0.r2.d1.-f0.-f0.r2.d0.f2.f2.d0.r2.r2.-f0.-r2.d2.-r0.d0.-r0.-r0.-d2.-f0.-f0.-d2.r2.r2.d2.-f2.-d1.-r1.d1.r1.f2.-f0.d1.-f1.-d1.f1.f0
781,r0.-f2.f1.d1.d1.r0.-d2.-r2.-d0.-d0.r2.-f2.d0.f2.-d2.r0.f0.-d2.-f0.-f0.-r0.-r0.-d2.-f0.-f0.-d0.f2.f2.d0.r2.r2.-r0.f1.d1.-f1.-d1.r0.d1.f1.-d1.-f1
782,-d2.-r2.-r2.d0.f0.r2.-d2.r2.f2.f2.-d2.r2.-f0.-f0.-r2.-f0.-f0.-d2.d0.r2.r2.-d2.-f0.-f0.d2.d2.-r0.-r0.-f0.d1.f1.-d1.-f1.f0.-d1.r1.d1.-r1
783,d0.d2.d2.r0.r2.r2.d2.f2.f2.r2.r2.d0.-f2.r0.d2.d2.-r2.d0.-r0.-r0.d2.d2.d0.f2.f2.r2.r2.d0.-r0.-r0.-f0.-f0.-d2.-r1.-d1.r1.f1.d1.-f1
784,-r2.-d2.d0.-r2.d0.-r0.-r0.d2.r2.d2.f0.-r2.-f2.d2.r2.r2.-d0.-d0.f2.f2.-r0.-r0.d0.r2.r2.f2.f2.d0.r0.-f1.-r1.f1.-r0.r1.-f0.-f1.-d1.f1.d1.f0
785,-f2.d2.f2.d0.-f0.r2.r2.d0.-r0.-r0.f2.-r0.-d2.-r0.-r0.d0.r2.r2.d0.-f0.-f0.d2.r2.r2.d2.r2.r2.-d1.f1.-r1.d1.-f1.r1.-f0.r1.-d1.-r1.d1.f0
786,-r2.d1.-r0.-r0.-f2.-d0.-f0.r2.d2.f2.d0.r2.r2.-d0.-d0.-f0.d2.d0.-f0.-f0.r2.r2.d0.r2.r2.d2.-r0.-r0.f2.f2.r2.d1.r2.r0.f1.-r0.-d1.f1.d1.-f1
787,f2.-r0.d2.f2.-r0.-d0.r2.-d0.-r2.-f0.-f0.d2.f2.-r0.f0.f2.f2.-d0.f2.f2.-d2.d0.r2.r2.-d2.r1.-r0.f1.-r1.-f1.r0.r0.-f1.-r0.-r2.-d1.r2
788,-d2.-r2.d2.f2.r0.f2.f2.r0.r2.r2.-d2.-r2.d0.-f2.r2.-f0.-f0.-d0.-d0.-f0.-f0.r2.r2.-d0.-r0.-r0.r2.r2.d0.r2.r2.d2.f0.-f1.d1.f1.f1.-d1.-f1.-f0
789,-f2.-d2.-f1.-d0.-f0.-d2.-f2.-r0.-r2.-f2.r2.r2.-f0.r0.d2.-r0.-r0.d2.d2.r2.r2.f2.f2.-d2.-r0.-r0.d2.-f0.-f0.-d0.-d0.-r1.-f1.-r1.f1.-r1.-r1.f1.r1.-f1.-r1
790,f2.f2.f1.r1.r1.d0.-r2.-d2.f2.-r0.-r0.d2.-r2.d2.-d0.-r0.-f0.d2.r2.r2.d2.d2.-f0.-f0.d2.d2.-d0.-d0.-f0.-f0.-r0.-r0.-r2.-d1.f1.d1.-f1.r2.d1.-r1.-d1.r1
791,d0.-r0.-r0.-d0.-r0.f2.r0.r2.f2.-d0.-r2.f0.-d0.r2.r2.d2.f2.f2.-r0.-r0.-f0.-f0.-d2.r2.r2.-d0.-d0.r2.r2.-f0.-r1.-f1.r1.f1.f0.f1.r1.-f1.-d1.-r1.d1
792,f0.f2.d2.d2.f2.d2.d0.-f2.-r0.-r0.d0.-f2.r0.-r2.f0.-d0.-f0.-f0.-d0.-r0.-r0.-d2.-f0.-f0.-d2.d0.-r0.-r0.-f0.-r1.-d1.r1.d1.f0.f0.-f1.d1.f1.-d1.-f0
793,-f0.-d2.f2.r2.f0.d2.r0.f2.-d0.-r0.-r0.-d2.-r0.d2.d2.-r0.-r0.-f0.-f0.r2.r2.f2.f2.-d0.r2.r2.-d0.-r0.-r0.-f0.-d1.-f1.d1.f1.-f0.f1.r1.-f1.-r1
794,-r2.-d0.f1.f1.r1.-r0.-r0.-d2.f2.-d2.-f0.-d2.-d0.-f0.-r0.-r0.r2.r2.d0.r2.r2.-d2.f2.f2.d2.f2.f2.d2.f2.f2.f0.d1.-r1.-d1.r1.-f0.-d1.f1.d1.-f1
795,-d0.-f0.d0.r0.f0.r2.r2.d0.-f0.-f0.r0.d2.d2.-r2.d2.d2.-r0.-r0.-d2.f2.f2.r2.r2.d0.-f0.-f0.-d2.r2.-f1.-r1.f1.-r2.r1.-f0.f1.r1.-f1.-r1.f0
796,d2.f1.f1.d1.d2.f0.-r2.-f0.-d0.f2.-d2.r2.r2.-f2.-r0.d2.d2.r2.-d2.-d0.f2.f2.d0.r2.r2.-d2.f2.f2.r2.-d1.r1.d1.r2.-r1.-f2.d1.f1.-d1.f2.-f1
797,f1.f1.-d1.-f0.-r0.-d2.-f0.-f0.d2.-r2.d0.f0.-d2.r2.r2.f2.r2.r2.d2.-d0.-r0.-r0.d2.d2.d0.-r0.-r0.r2.r2.-r0.d1.-r1.-d1.r1.r0.-d1.f1.d1.-f1
798,f2.f1.f1.r1.f2.d2.-f0.d2.d2.r2.r2.d2.d2.r0.-f0.-f0.-d2.-d0.f2.-r0.-r0.-d2.r2.r2.d2.-f0.-f0.d2.f2.f2.-d2.-f0.-f0.-r1.f1.r1.-f1.-d0.-d1.-f1.d1.f1
799,-f2.r2.f1.f1.r1.d2.d2.-r2.d0.f0.-r2.f2.f2.d2.-r0.r2.r2.-d0.f2.-d0.-d0.r2.r2.d2.r2.r2.-d2.f2.f2.d2.f2.f2.d0.-d2.r1.d2.d0.-f1.-d0.-r1.-f1.r1.f1
800,f2.r2.-d1.d0.r2.d2.-d0.r0.r2.r2.-f0.r2.f2.r2.d2.-f0.-f0.r2.r2.-d2.-f0.-f0.-d0.-d0.f2.f2.-d2.-f0.-f0.-d2.-r2.-d1.r1.d1.r2.-r1.-f2.d1.f1.-d1.f2.-f1
801,r2.r2.f2.f2.r2.-d0.-r0.-d0.r2.r2.-d2.r2.d2.d2.-f2.-r0.-r0.d2.r2.r2.d2.-d0.-d0.-f0.-f0.-r0.-r0.d0.-r0.-r0.-d2.d0.f1.-r1.-f1.r1.-d0
802,-f2.d2.f1.f1.-d1.d2.r2.f2.f2.d0.-f2.-d2.f0.r2.f2.d2.d2.r0.f2.-r0.-r0.r2.r2.-d0.-f0.-f0.-r0.-r0.-d0.r2.r2.-r1.-f1.r1.f1.-d0.r1.-r2.-d1.-r1.d1.r2
803,-d0.r0.r2.-d2.r0.-d0.r0.-d2.d0.-f2.d2.d2.-r2.-f0.-f0.-d2.-f0.-f0.d2.d2.-r0.-r0.r2.r2.f2.f2.d0.f2.f2.r1.-r0.-f1.-r1.f1.r0.-d1.f1.d1.-f1
804,d0.d2.r2.-d0.f2.r0.-d0.f2.d0.r0.-f0.-f0.-r2.d2.r2.r2.-f0.-f0.-d0.r2.r2.f2.f2.-d2.f2.f2.r2.r2.d2.d2.f1.-d1.r1.-f1.-r1.d1.r1.f1.-r1.-f1
805,-r2.f0.-d1.d0.f2.f2.r0.-f0.-f0.r2.-f0.d0.f2.d0.-f0.d2.-d0.-r0.-r0.d2.-f0.-f0.r2.r2.-f0.-f0.r2.r2.-d2.-r0.d1.f1.-d1.-f1.-r0.-d1.r1.d1.-r1
806,f0.f2.f2.-r0.-d2.-r0.f2.f2.r2.d2.d2.-f0.-r0.-r0.r2.f2.f2.d0.-f0.-f0.-r0.-r0.r2.r2.-d2.-r0.-r0.d0.f0.d1.f1.-d1.-f1.-f0.-f1.r1.f1.-r1
807,f0.d2.f1.d1.d1.d2.f0.r2.f2.-d0.-r0.-d0.-d0.f2.d2.-d0.-f0.f2.f2.-d0.-r0.-r0.d2.r2.r2.-f0.-f0.d2.f2.f2.-d0.r2.d1.-r1.-d1.-r2.r1.-d1.f1.d1.-f1
808,f0.f0.r0.r2.r2.-f2.d2.d2.-r0.-r2.d0.r2.r2.f0.-d0.-f2.-d2.r2.r2.-d2.r2.r2.f2.f2.d0.f2.f2.-r0.-r0.-d2.-f2.-r1.-d1.r1.d1.f2.-d1.f1.d1.-f1
809,-f0.f1.r1.r1.-d2.-f0.-r2.d0.f0.r0.d2.d2.f2.r0.-r2.d2.-f0.-f0.d2.-f0.-f0.d2.r2.r2.f2.f2.-r0.-r0.-d2.f2.f2.-r2.d1.-f1.-d1.f1.r2.-d1.-r1.d1.r1
810,-d0.-f2.-d2.f2.f2.d0.r2.r2.-f0.r0.r2.r2.-f0.-f0.f2.r2.-f0.-d0.r2.r2.-d2.f2.f2.d2.-f0.-f0.f2.f2.r2.r2.f2.r1.-d1.-r1.d1.f2
811,-f2.r2.d1.f0.-r0.-r2.-f0.-f0.d0.-f0.-r0.-f0.f2.f2.r2.r2.f0.-d2.r2.r2.d0.-f0.-f0.-d2.-f0.-f0.f2.f2.-d0.-f0.d1.-f1.-d1.f1.f0.r1.f1.-r1.-f1
812,r2.f1.d1.d1.f0.d2.d0.r2.r2.f0.-f2.-r0.f0.-r0.f2.f2.r2.-d0.r2.r2.-f0.-f0.d2.f2.f2.d0.-f0.-f0.-d0.-f0.-f0.d0.d1.f1.r1.-f1.-d1.f1.-r1.-f1
813,-d0.-r2.-f0.-f2.r2.d2.f2.-r2.-f0.r0.f2.-r2.-f0.-f0.-r0.-r0.-f0.-f0.-d0.-f0.-f0.r2.r2.d2.r2.r2.-d0.r2.r2.f2.r1.-d1.-r1.d1.-f2.-r1.d1.r1.-d1
814,f2.-r0.f2.f2.-d0.-d0.-r0.-f0.-d2.r2.-d2.-f0.-r0.d0.-f0.d0.-r0.-r0.-f0.-f0.d2.d0.f2.f2.r2.r2.-r0.d1.r1.-d1.-r1.r0.f0.d1.f1.-d1.-f1.-f0
815,-f2.-r2.-f1.f0.-d0.f0.d0.-r2.d0.f2.-d0.r0.f0.-r0.-d0.-f0.-f0.r2.r2.f2.f2.r2.r2.d2.d2.-d0.r2.r2.-d2.-r1.d1.r1.f1.-d1.r1.-f1.-r1
816,f0.f2.f1.d1.d1.d0.r2.f2.-r2.f2.-d2.r0.-f0.r0.-r2.-d2.-r0.-r0.-f0.-f0.d0.r2.r2.-d0.-d0.r2.r2.f2.f2.d2.-r0.-r0.d1.r1.-f1.-d1.f1.f1.-r1.-f1
817,f2.d0.f1.-d0.f0.r2.r2.f0.-d0.-f0.-r0.-r0.-f0.f2.r2.-f0.-f0.f2.f2.-d2.-f0.-f0.f2.f2.-d2.r2.r2.d2.d2.-r0.d1.f1.-d1.-f1.r0.-r1.-f1.r1.f1
818,f0.d2.r0.f2.r0.f2.f2.-d0.r2.r2.f0.r0.-r2.f2.r2.r2.f2.f2.-d2.-r0.-r0.d2.-r0.-r0.d2.d2.-r0.-r0.r1.-f1.d1.-r1.f1.-d1
819,f0.f1.d1.d1.r0.d2.d2.f0.r0.r2.r2.-f2.r2.f2.-r0.-d0.-d0.-f0.-f0.d2.r2.r2.f2.f2.r2.r2.d0.-f0.-f0.-r0.-r0.d1.r1.-f1.-d1.f1.f1.-r1.-f1
820,f0.-f2.-d2.-f2.-d2.r2.-f0.f2.f2.-r2.d0.-f0.-f0.-d0.r2.d2.d2.d0.-r0.-r0.f2.f2.d2.-f0.-f0.-d0.f2.f2.-r0.-r0.-f1.-d1.-r1.f1.r1.d1
821,-r0.f0.-r1.-f0.r0.-f0.-f0.d0.r0.d2.-r0.d2.-f0.-f2.-r0.-f0.-f0.f2.f2.-r0.-r0.d2.f2.f2.-d2.-f0.-f0.-d2.-f0.-f0.d0.r1.-d1.-r1.f1.d1.-r1.-f1.r1
822,-r2.d1.d2.d2.r0.f2.r0.d2.d2.d0.-r0.-d0.f2.d0.r2.r2.-f2.-r0.-r0.f2.f2.r2.r2.d2.f2.f2.d2.-f0.-f0.r2.r2.-d2.-r2.-d1.r2.r0.-f1.-r0.f1.r1.-f1.-r1
823,r0.-d0.f1.f1.-r1.-d0.-f0.r2.-f2.-r2.d2.d0.f0.r2.d2.-r0.f2.f2.d0.-f0.-f0.d2.-f0.-f0.r2.r2.-f0.-f0.d2.d2.r2.r2.-d2.d1.-f1.-d1.f1.r1.f1.-r1.-f1
824,f0.f2.-d0.-d0.-f2.-d0.-f0.-d0.r2.d2.f0.r0.-d2.f2.-d0.-d0.-f0.-f0.-d0.r2.r2.d2.d2.-f0.-f0.-r0.-r0.-d2.-r0.-r1.d1.r1.-d1.r0.r0.d1.f1.-d1.-f1.-r0
825,d0.-r0.-f0.-d0.-f0.d2.d2.-r0.-r0.-d0.-r0.d0.-r2.d2.-f2.r2.r2.-d0.-d0.-f0.-f0.d0.-f0.-f0.d2.r2.f1.r1.-f1.r2.-r1.-f1.f2.r1.f1.-r1.-f2
826,r2.-f2.d2.d2.-f2.-d2.-f0.-r0.-d2.-d0.-f0.r2.r2.f2.-r0.-d2.r2.r2.d2.-r0.-r0.d2.f2.f2.-d0.-d0.r2.r2.d2.d2.-r1.r2.-d1.r1.d1.-r2
827,r0.f1.f2.f2.-d0.r0.-r2.-f0.-f0.d0.-f2.-r0.d2.-d0.-f0.-d2.f2.f2.r2.r2.d0.r2.r2.d2.-d0.-f0.-f0.-r0.-r0.-f0.-d1.f1.d1.-f1.f0.d1.-r1.-d1.r1
828,-r2.-f0.f2.r0.-f2.-r2.-d0.-f0.r0.-f2.d2.f2.-r0.-r0.-f0.-f0.-d2.-f0.-f0.-r0.-r0.r2.r2.d2.-f0.-f0.r2.r2.-f0.-f0.-r2.-f1.r1.f1.r2.-r1
829,d0.d0.f1.r1.r1.f2.-r0.-f2.-r2.d2.d2.-r0.-d2.r2.-f0.-f0.d2.-r0.-r0.d2.r2.r2.d0.f2.f2.r2.r2.-f0.-f0.-r0.-r0.-f0.-d1.f1.d1.-f1.f0.r1.-f1.-r1.f1
830,f2.r1.r0.f0.d2.-r0.-d0.-f0.r2.r2.-f2.d2.-d0.f2.-d2.-r0.-r0.-f0.-f0.-r0.-r0.d2.-d0.-f0.-f0.-r0.-r0.d0.-f0.-f0.-f2.d1.-r1.-d1.r1.f2.-d1.f1.d1.-f1
831,-r0.-f2.f0.r0.-d2.-f0.-f0.-r2.f2.-r0.-r0.d2.d2.r0.f2.f2.r0.f2.f2.-r0.-r0.f2.f2.-d2.-r0.-r0.d2.r0.-d1.f1.d1.-f1.-r0.-r1.r0.f1.r1.-f1.-r0
832,-r2.-f2.-d0.-d0.-r0.-r0.-f0.d2.d2.-r0.d2.d2.-r0.-r0.-d0.r0.-f0.-r0.-r0.r2.r2.d2.-f0.-f0.d2.d2.r2.r2.-d2.f2.f2.-d2.-r0.-r0.-f1.d1.r1.f1.-r1.-d1
833,d1.d2.-f0.-d0.r2.r2.-d0.r0.-f0.-f0.-d2.-r2.-f2.-r0.-r0.f0.d2.r2.r2.d0.r2.r2.d2.r2.r2.d2.d2.-f0.-f0.-d1.-r1.-f1.d1.f1.r1.-f0.-r1.f1.r1.-f1.f0
834,-f0.-r2.d1.d2.d2.-f0.r2.d0.r0.f2.f2.-r0.f2.f2.-r0.-f2.r0.r2.r2.-f0.-f0.d0.-r0.-r0.-d2.-f0.-f0.f2.f2.r2.r2.d0.d1.-f1.-d1.f1.r1.f1.-r1.-f1
835,f0.f0.d2.d2.f2.f2.-r0.d2.f2.r0.-f0.-r2.d2.d2.-d0.f0.d2.-f0.-f0.d2.d2.f2.f2.-d0.-r0.-r0.-d2.-f0.-f0.d2.d2.f2.f2.f1.r1.d1.-r1.-f1.-d1
836,d0.d2.-r0.-r0.-d0.-d0.r2.-d0.r2.f0.-d2.d0.r0.d0.-f0.-f0.d2.d2.-f0.-f0.f2.f2.d2.r2.r2.f2.f2.r2.r2.-d2.f2.-d1.r1.d1.-r1.-f2.r1.d1.-r1.-d1
837,r0.r2.f2.-r2.-d2.-r2.d0.-f0.-r0.-r0.f0.-r0.-f2.r2.r2.d2.-r0.-r0.d2.d2.d0.-f0.-f0.d2.-d0.-f0.-f0.r2.d1.r1.-d1.r2.-r1.-f2.-d1.f1.d1.f2.-f1
838,f2.-d2.f1.f1.-r1.-f0.r2.d0.-f2.-d2.-f0.-f0.-f2.-r0.-r0.-d0.-f0.-f0.r2.f2.f2.r2.r2.d0.-r0.-r0.-f0.-f0.d2.-r0.-r0.-d0.-d1.-r1.d1.f1.r1.d1.-f1.-d1
839,-f0.-d0.f1.d1.d1.-r2.-f0.f2.-r0.-d0.f0.r2.r2.-d0.f0.f2.-d2.-f0.-f0.d2.-d0.-d0.-f0.-f0.r2.r2.-d0.-f0.-f0.r2.d1.-f1.-d1.f1.r2.-d1.-r1.d1.r1
840,r0.-f2.d2.d2.-r0.-d2.-d0.f2.f2.r0.r2.f2.-r0.-f0.-r0.d2.-r0.-r0.d2.d2.-f0.-f0.-r0.-r0.f2.f2.r0.f1.-d1.-f1.d1.-r0.r1.-f1.-r1.f1
841,-d2.-r0.d2.f2.f2.d2.d2.r0.r2.r2.-d2.f2.f2.-d0.-d0.-f2.r0.d2.d2.-d0.-f0.-f0.-d2.f2.f2.-d0.-r0.-r0.d0.f0.f1.-d1.-f1.d1.-f0.d1.f1.-d1.-f1
842,r2.-d0.r1.-r0.f2.f2.d0.f0.-f2.r2.-d0.-f2.-r2.-f0.d2.d2.-r0.-r0.-d2.-d0.-r0.-r0.-f0.-f0.r2.r2.-f0.-f0.-r2.-d1.f1.d1.-f1.r2.r1.-f1.-r1.f1
843,f2.r0.f1.d1.d1.r0.-f2.-r0.-r2.-f0.-d0.-r2.-f2.-d0.-d0.r0.f2.f2.d2.d2.-d0.-f0.-f0.r2.r2.-f0.-f0.-d2.f2.f2.d0.r1.-r2.f1.-r1.-f1.r2.f1.r1.-f1.-r1
844,-d0.-f0.-f2.-d0.f0.d0.r2.f2.r2.r2.-d2.f2.f2.r0.-d0.-r0.-r0.-f0.-f0.d0.-f0.-f0.-d0.-r0.-r0.-d0.-r0.-r0.d2.d2.r1.-r2.-d1.-r1.d1.r2.-f1.-d1.f1.d1
845,f0.r2.f1.d1.d1.-f0.d0.f2.-r0.-d0.-d0.r2.-d0.-r2.-f2.-r0.d0.-f0.-f0.-d0.f2.f2.-r0.-r0.r2.r2.d2.d2.-f0.-f0.d2.-d1.-r1.-f1.d1.f1.r1.-f2.-r1.f1.r1.f2.-f1
846,f2.-d0.-f1.-r0.f0.d2.d2.-r2.-f0.d2.-f0.-d0.-r0.d2.-r0.-d0.-r0.-r0.r2.r2.f2.f2.-d0.-f0.-f0.-r0.-r0.d2.-d0.-d0.r2.-d1.-r2.-r0.f1.r0.d1.f1.-d1.-f1
847,f0.-r2.d2.-f0.-f0.-f2.d2.r2.r2.f2.d2.d2.-d0.-d0.-f0.r0.-f0.-r2.d2.-f0.-f0.-d2.r2.r2.d2.-r0.-r0.d2.f2.f2.-d2.f0.-f1.d1.f1.f1.-d1.-f1.-f0
848,-f0.-d2.r0.-f0.r0.-f2.r2.-f0.-f2.-r0.-d0.f2.f2.r0.-d2.-f0.-f0.r2.r2.-d0.r2.r2.-d2.f2.f2.d0.f2.f2.r2.r2.-f0.-r1.-d1.r1.-f1.d1.f1.f0
849,f2.r2.-f2.-r0.-r0.r2.f2.d0.-f0.d2.d2.-f2.r2.f2.f2.d2.-d0.-d0.-r0.-r0.d2.f2.f2.-r0.-r0.-d2.-f0.-f0.d0.-f0.-r1.f1.r1.-f1.f0.-f1.d1.f1.-d1
850,-d0.-f0.d2.f0.d2.-f0.-d2.-d0.-d0.-r0.f2.r0.-r2.d2.-f0.-f0.r2.r2.-f0.-f0.-d2.r2.r2.d2.r2.r2.d2.d2.r2.r2.f0.r1.-d1.-r1.d1.-f0.d1.-r1.-d1.r1
851,-f2.d2.-f0.-d2.-f2.-r2.-f0.d2.d0.-f2.d2.r2.-f0.-f0.-d2.-d0.-f0.-f0.-r0.-r0.r2.r2.-d2.-r0.-r0.d2.d2.-f0.-f0.f2.-r1.-d1.r1.d1.-f2.-r1.d1.r1.-d1
852,-f2.-r0.-f0.-r0.-r0.-d2.d0.-f2.-r0.-r0.-r2.-f0.-r0.-r0.f2.-r0.-r0.-d2.d0.r2.r2.-d2.-r0.-r0.r2.r2.-f0.-f0.-r0.-r0.-f2.-d1.r1.d1.-r1.f2
853,-f2.-d2.-d0.r0.r2.r2.-d0.-d0.f0.r0.-f0.-f2.r2.-d2.-r0.-r0.-f0.-f0.-d2.-d0.-d0.-r0.-r0.-f0.-f0.d2.f2.f2.-d2.r0.f1.d1.-f1.-d1.-r0.r1.f1.-r1.-f1
854,-f2.r1.-d0.-f0.-f0.-r2.d2.-d0.r2.-d0.f2.f2.d2.f2.-r0.r2.r2.d2.r2.r2.-f0.-f0.d2.-r0.-r0.f2.f2.-r0.-r0.d0.-f2.d1.r1.-d1.-r1.f2.f1.-r1.-f1.r1
855,-d2.-r2.f1.r1.r1.-d2.f2.r0.-r2.-d0.-f0.r0.-d0.-d0.r0.-d0.-f0.d2.r2.r2.d2.-r0.-r0.r2.r2.-d0.r2.r2.f2.f2.d0.f0.-d1.r1.d1.-r1.-f0.d1.f1.-d1.-f1
856,-f2.r2.-r0.-d0.-d0.f2.-d0.f0.-d0.-d0.-r0.f2.f2.d2.-f0.-f2.r2.r2.d2.-r0.-r0.d2.-f0.-f0.f2.f2.r2.r2.d2.d2.r2.f1.-d1.-f1.d1.-r2.d1.f1.-d1.-f1
857,f0.f1.f1.r1.-f0.-r2.d2.d2.f0.f2.f2.r2.d0.f2.f2.d2.f2.-r0.-r0.d2.-f0.-f0.-d2.f2.f2.-d2.f2.f2.-r0.-r0.d0.d0.f1.r1.-f1.-r1.-d0.f0.-f1.d1.f1.-d1.-f0
858,-f0.d1.-f0.r0.d0.r2.-f2.-r0.-r0.-f0.-f0.f2.f2.-r0.-d0.r2.r2.d2.d2.f2.f2.-d2.r2.r2.-d0.f2.f2.d2.r2.r2.-f2.-d1.f1.d1.f2.-f1.r1.-f1.-r1.f1
859,-r2.-f0.f1.f1.-r1.r0.-f0.-d2.-f0.-d0.-d0.f0.-r2.-f0.d2.-r0.-r0.f2.d2.-d0.f2.f2.-d0.r2.r2.-d0.-d0.-r0.-r0.-f0.r1.d1.-r1.-d1.-f0.-r1.f1.r1.-f1
860,-r0.-r0.-r2.-f0.-f0.f2.r0.d0.-r2.f0.-r0.-r0.f2.d2.-r0.-r0.-f0.-f0.d2.d2.-f0.-f0.f2.f2.d2.-d0.r1.d1.r1.-d1.-r1.-r1.f0.f1.-r1.-f1.r1.-f0
861,-f2.-d0.-f0.-f0.-d2.-f2.d2.d2.-r0.-r2.d0.-f0.r2.f0.r2.r2.d2.d2.-r0.-r0.d0.f2.f2.-d2.r2.r2.-d0.r2.r2.-d0.-d0.-r0.r1.-d1.-r1.d1.r0.-r1.f1.r1.-f1
862,-f2.-d2.-r2.-f0.-r0.-r0.-d0.-d0.-r0.-r0.-f2.d0.-r2.f2.-d2.f0.d0.r2.r2.d2.d2.f2.f2.d2.-f0.-f0.-r0.-r0.-d0.-d0.f2.f2.r2.r2.-r0.d1.-r1.-d1.r1.r0
863,f0.f1.f0.f2.f2.d0.-r2.d0.-r0.-r2.-f2.-d2.-f2.r2.d2.d2.f2.f2.-r0.-r0.d0.r2.r2.d2.-f0.-f0.-d0.-d0.f2.f2.d2.-f2.-r1.-d1.r1.d1.f2.r1.f1.-r1.-f1
864,-f2.d2.-r2.-d2.f2.-d0.-d0.f2.d2.-f0.-f0.-r0.-f0.-f0.-r0.-r0.-f0.-f0.r2.r2.d0.-f0.-f0.d2.d2.r2.r2.-d0.f2.-d1.-r1.d1.r1.f2.r2.d1.-r1.-d1.-r2.r1
865,-d0.r2.f2.-r0.-d0.f2.d2.f2.-d0.r2.-f0.-f0.r0.d2.-d0.-d0.f2.f2.-d0.-f0.-f0.-d2.f2.f2.-d0.-r0.-r0.r2.r2.-r0.f1.-d1.-f1.d1.r0.-r1.f1.r1.-f1
866,f2.-d0.-r0.-r0.f0.-r0.d0.r2.d0.f2.-d2.f0.d2.d2.f2.-d0.r2.r2.-d2.d0.f2.f2.r2.r2.-f0.-f0.f2.r1.-d1.-r1.d1.f2.-f1.d1.f1.-d1
867,-d2.f0.f1.r1.r1.-d0.f2.d2.-d0.-r2.-d2.-r2.f2.f2.-r2.d2.d2.-f2.d2.-r0.-r0.r2.r2.d2.-f0.-f0.f2.f2.-d2.-r0.-r0.-r0.f1.r0.r2.-d1.-r2.-r1.f1.r1.-f1
868,f2.-d0.-d2.-r0.-d0.-d0.-f0.-f0.d2.d2.r0.-d0.-d0.r2.f2.d2.-r2.-d2.r2.r2.f2.f2.d0.f2.f2.-d2.-f0.-f0.r2.r2.-d1.-r1.f1.r1.d1.-f1
869,-f0.-d2.f1.f1.-r1.-r0.d0.-f0.-f2.r0.-d2.r0.d0.f2.-r2.d2.d0.-f0.-f0.r2.r2.-f0.-f0.-d0.-r0.-r0.-f0.-f0.d0.-f0.-f0.r0.f1.-r1.-f1.-r0.f1.r1.-f1
870,-f2.-r0.-d0.-d0.-r0.f0.r2.f2.-r0.r2.r2.-f2.-d2.-f0.-f0.-r2.-f0.-f0.d0.-r0.-r0.-d2.d0.-f0.-f0.d2.-r0.-r0.-f0.r1.-d1.-r1.d1.-f0.r1.d1.-r1.-d1
871,d0.f2.d1.f2.r0.f2.f2.d2.-r0.-f2.d2.-r0.d0.-r2.d0.-f0.-f0.d0.-f0.-f0.r2.r2.d2.d2.-r0.-r0.-d0.r2.f1.-d1.-f1.d1.-r2.r0.-f1.-r0.-r2.-d1.r2
872,f0.d0.f2.-r2.f2.f2.-r0.-f0.-f0.-r0.-d2.f0.r0.r2.-f0.-f0.-d0.-f0.-f0.f2.f2.d2.r2.r2.d0.-f0.-f0.-d0.-r0.-r0.-r0.-d1.r1.d1.-r1.r0.-f1.r1.f1.-r1
873,-d0.r2.-d0.f2.-d0.r2.r2.f2.-r0.-d0.-d0.-r2.-d0.-d0.-f0.d2.f2.f2.r2.r2.-d2.-d0.-r0.-r0.d2.d2.-r0.-r0.-f0.-f0.d2.r0.-f1.-r0.-r2.-d1.r2
874,f2.d2.-f2.-r2.-d0.f2.r2.-d0.r0.-f2.-d0.r0.d2.r2.r2.-d2.d0.-r0.-r0.r2.r2.f2.f2.-r0.-r0.d2.-r0.-r0.f1.r1.f1.-r1.-f1.-f1.-f0.f1.-r1.-f1.r1.f0
875,f2.r2.f1.f1.r1.-r0.-r0.-d2.d0.r2.d0.-r0.-f2.r0.f2.f2.r0.-f0.-f0.f2.f2.d0.f2.f2.d0.-f0.-f0.d0.-r0.-r0.-d0.f2.f2.f0.-r1.d1.r1.-d1.-f0.f1.-d1.-f1.d1
876,-r0.-f0.d2.d0.-f2.-d0.-d0.-r2.d2.-r0.-r0.r2.f2.r2.f2.-d2.-f0.-f0.d0.-r0.-r0.d2.-f0.-f0.d2.r2.r2.f2.f2.d0.-f0.-r1.f1.r1.-f1.f0.r1.-f1.-r1.f1
877,d0.f1.f1.r1.f2.d0.f0.d2.-f2.r2.r2.-f2.-r0.-d0.-r0.-r0.f2.r2.r2.-d0.-d0.r2.r2.-d2.r2.r2.f2.f2.-r0.-r0.d2.-f0.-r1.d1.r1.-d1.f0.f0.r1.-f1.-r1.f1.-f0
878,-f2.-r2.f2.f2.d0.-f0.-f0.d2.f2.-r0.-r0.f2.-d2.-r2.-d0.-d0.-f0.-f0.-d2.-d0.-d0.r2.r2.f2.f2.r2.r2.-f0.-f0.d0.-f2.r1.f1.-r1.f2.-f1.d1.f1.-d1.-f1
879,-r0.-f1.-f0.-f0.-r0.-r0.d0.f2.f2.-r0.-r0.f2.f2.-d2.r0.d2.d2.f0.d2.-f0.-f0.-d0.r2.r2.-d0.r2.r2.-d2.-r0.-r0.-f0.-f0.-d2.r2.f1.-r1.-f1.-r2.f1.r1.-f1
880,d0.d2.f1.r1.r1.f2.r2.-f0.f2.f2.r2.r2.-d2.-f0.-f0.r0.d2.f0.-f2.d2.r2.r2.d2.-d0.-d0.r2.r2.-f0.-f0.d0.f2.r1.-d1.-r1.d1.-f2.f1.d1.-f1.-d1
881,-f0.-r0.-d1.-d0.-r0.-r0.r2.r2.-f0.d2.-d0.f2.r0.-r2.f2.r2.f2.f2.r2.r2.d0.f2.f2.r2.r2.-d0.f2.f2.d2.r2.r2.f2.d1.-f1.-d1.-f2.f1.r1.f1.-r1.-f1
882,r0.r2.f1.r1.r1.d2.r2.r2.f0.-r0.-r0.-f2.-d2.r2.r2.-f0.f2.-r2.-d2.-f0.-f0.f2.f2.-d2.d0.-f0.-f0.d0.-f0.-f0.r1.d1.-f1.-d1.-r1.f1.r1.f1.-r1.-f1
883,f0.f0.r0.f0.d2.d2.r0.f0.d0.-f0.-f0.r2.d2.r2.-f2.-d2.r2.r2.f2.f2.d0.r2.r2.-f0.-f0.r2.r2.-d0.-f0.-f0.-d0.f1.d1.r1.-f1.-d1.-r1
884,f0.-f2.d2.-r0.-f0.-r2.-d0.r0.f0.r0.-d0.-f0.-f0.f2.-r0.-d0.f2.f2.-r0.-r0.d0.-f0.-f0.-d2.f2.f2.-d0.-d0.-f0.-f0.f2.d1.f1.-d1.f2.-f1
885,d2.-d0.r0.d2.d2.-d0.r2.d2.d2.f0.-f2.d2.-r0.f2.-d0.-r0.-r0.d2.-f0.-f0.-r0.-r0.d0.-f0.-f0.-r0.-r0.d2.d2.-f0.d1.r1.-d1.-r1.f0.f1.-r1.-f1.r1
886,d1.d2.f0.-r0.-d0.-f2.-r0.-r0.-f0.-r0.d2.-f2.r2.f2.f2.-d2.r2.r2.-d2.-f0.-f0.-d2.f2.f2.-r0.-r0.r2.-d1.f1.d1.-f1.-r2.-f0.f1.-d1.-f1.d1.f0
887,-f0.-f0.-r2.d2.f2.f2.-d2.-f0.f2.f2.r2.r2.-f0.-r2.d2.d2.-f0.-f0.f2.f2.-d0.-r0.-r0.f2.f2.-r0.-r0.d2.r2.r2.-d2.-d1.f1.d1.-f1.d1.f1.-d1.-f1
888,f1.f1.r1.-r0.-r0.f2.d2.d2.f2.f2.-r0.r2.f2.-r0.-r0.-d0.-r0.r2.r2.-f0.-f0.r2.r2.d2.-d0.-d0.r2.r2.-d0.r2.r2.-f0.-f0.d2.-f0.d1.-f1.-d1.f1.f0.r1.f1.-r1.-f1
889,r1.d2.d2.f0.d2.f2.-r2.-f0.-f0.r0.r2.f2.-r0.-r0.d2.r2.r2.-f0.-f0.d2.d2.d0.-r0.-r0.d2.d2.-f0.-f0.-d0.-d1.d0.-f1.d1.f1.-d0.-f2.d1.r1.-d1.-r1.f2
890,-f2.f1.f1.r1.-d2.-f0.-f0.-d0.-f2.r2.r2.d2.d0.-r0.-r0.-d0.-r2.f0.f2.f2.d0.f2.f2.d2.r2.r2.d2.d2.-r0.-r0.-d2.-r1.-f1.r1.f1.-d0.r1.-r2.-d1.-r1.d1.r2
891,f0.r0.-r2.-d2.r0.r2.f0.-d2.-r0.d0.-f0.-f0.-d0.-r2.d2.d2.-d0.-d0.r2.r2.d2.f2.f2.-d0.-f0.-f0.-d2.-r0.-r0.f2.f2.-d1.-f1.d1.f1.f1.r1.-f1.-r1
892,-r0.d0.-f0.-f0.-f2.d2.d2.-d0.-f0.d2.-d0.-r0.-r0.f0.-r0.r2.-d2.r2.r2.f2.f2.d2.d2.d0.f2.f2.-d2.-r0.-r0.f2.f2.-d0.f0.f1.d1.-f1.-d1.-f0
893,d2.d2.-r0.d0.-f2.r0.f2.f2.d0.f0.d2.d2.-f0.-f0.d2.-r0.-f0.-f0.d2.f2.f2.d2.d2.-r0.-r0.f2.f2.-d2.r2.r2.-f0.-f0.-d2.r2.f1.-r1.-f1.-r2.r1
894,-f0.-f2.f1.f1.-d1.-f2.-d0.-r2.f0.-d0.-d0.f2.d2.r2.r2.-f2.d2.r2.r2.d2.d2.-r0.-r0.d2.-r0.-r0.-f0.-f0.d2.-f0.-f0.d0.r2.-d1.-r2.-r0.f1.r0.d1.f1.-d1.-f1
895,f2.d2.-d0.-d0.-f0.-d2.-r0.-f2.-r2.f0.d2.d2.-f0.-f0.-r0.-r0.-d2.-f0.-f0.f2.f2.r2.r2.-d0.-d0.f2.f2.-d2.r1.d2.d0.-f1.-d0.r0.-f1.-d1.f1.d1.-r0
896,-d0.d2.-r0.f0.-f2.-d2.f0.-f2.-r0.f2.-d0.r2.r2.f0.d2.d2.-d0.-d0.-r0.-r0.-f0.-f0.d2.-f0.-f0.f2.f2.-d0.-d0.f2.f2.-d0.-f0.-r1.-d1.r1.d1.f0
897,-r2.-d2.f1.f1.-r1.d2.-f0.-f0.-d0.f2.-r0.-r0.r2.-f0.-f0.-r0.d2.-d0.-d0.r0.-d2.-r0.-r0.d2.-d0.-d0.f2.f2.-d2.f2.f2.-f0.d1.r1.-d1.-r1.f0.f1.-r1.-f1.r1
898,r0.f2.-r0.f0.f2.f2.d2.r0.-f2.r0.f2.-r0.-f0.-f0.r2.d0.f2.f2.-d0.r2.r2.-d0.-d0.-f0.-f0.d0.-r0.-r0.-f0.-f0.f2.f2.f1.d1.-f1.-d1
899,-r0.f0.r2.f2.d2.d0.f2.d2.r2.f2.-r0.f0.f2.f2.d2.-f0.-f0.-d0.-d0.-r0.-r0.r2.r2.-d2.-f0.-f0.d0.r2.-d1.-f1.d1.f1.r2.-f0.d1.-f1.-d1.f1.f0
900,r2.-d2.-f2.-d2.-r0.d2.-r2.-d0.r2.d2.d2.-d0.-f0.d0.f2.f2.r2.r2.d0.-r0.-r0.-f0.-f0.d0.-f0.-f0.-r0.-r0.-d0.-d0.-f2.-d1.f1.d1.f2.-f1.d1.-f1.-d1.f1
901,-f2.-r0.-r0.d2.d2.-f0.-f0.d2.f2.d2.r0.-r2.-d2.r2.-f0.d2.d2.-f0.-f0.-d2.f2.f2.d2.-f0.-f0.-d2.r2.r2.-d2.r0.d1.-r1.-d1.r1.-r0.-d1.-r1.d1.r1
902,f0.d0.f1.f1.-r1.r0.-f0.f2.f2.-d2.r0.-f2.r0.-d0.f0.d0.-r0.d2.f2.f2.d0.-r0.-r0.f2.f2.-d0.-d0.f2.f2.-d2.-r0.-r0.r1.-r2.-d1.-r1.d1.r2.-r1.-f1.r1.f1
903,r2.-d0.f2.f2.-d0.r2.r2.f0.-d2.f2.f2.r0.-d0.-r2.d2.f0.d2.r2.r2.d2.f2.f2.d2.f2.f2.d0.-f0.-f0.-d2.-r0.-r0.d0.-f1.-r1.f1.r1.-d0
904,-d0.f2.f2.-d0.f0.-f2.-d0.f2.-r0.-d2.-f2.r0.r2.-f0.-f0.-d0.-f0.-f0.r2.r2.d2.-f0.-f0.-r0.-r0.-d2.-f0.d1.-r1.-d1.r1.f0.-d1.f1.d1.-f1
905,-r2.f1.f1.d1.d2.-f2.d2.-r2.f0.r0.r2.-f0.-d2.-r0.d2.d2.-r0.-r0.d2.d0.r2.r2.-f0.-f0.d2.d2.r2.r2.-d0.r2.r2.-f0.d1.-r1.-d1.r1.f0.-d1.f1.d1.-f1
906,r2.-f1.-r0.-r0.d2.-f0.-r2.-d2.-f0.-d0.-r2.-f2.-d0.-r0.-d2.-r0.-r0.d2.f2.f2.-d0.r2.r2.f2.f2.d2.d2.-d0.-r0.f1.d1.-f1.-d1.-r0.d1.f1.-d1.-f1
907,r2.-f1.-d2.-f2.-r2.-d0.-d0.-r0.r2.-d2.-d0.-d0.-f2.r0.-f0.-r0.-r0.-d2.d0.-r0.-r0.r2.r2.-f0.-f0.-d2.r2.r2.d2.-r0.-d1.-r1.d1.r1.-r0.f1.d1.r1.-f1.-r1.-d1
908,r0.-d2.f0.d2.d0.-f0.-f2.-r0.-f0.-d0.-d0.r0.f0.-d2.-f0.-f0.-r0.-r0.-d0.-f0.-f0.-d0.-d0.-f0.-f0.-r0.-r0.d2.d0.-f1.-d0.-d2.r1.d2.-r2.f1.-d1.-f1.d1.r2
909,f2.r0.-f0.r2.r2.d0.-r0.r2.-f0.d0.r0.f0.-d2.-f0.-f0.d2.d2.f2.f2.r2.r2.d2.-r0.-r0.f2.f2.d2.-f0.-d1.f1.d1.-f1.-f0.d1.r1.-d1.-r1
910,-r2.-d2.f0.d2.d2.f0.-f2.r0.f0.-d2.-f0.-f2.-r2.-d0.-r0.-r0.d2.f2.f2.r2.r2.-d0.r2.r2.d2.-r0.-r0.d2.d0.r1.-f1.-r1.f1.-d0.f0.f1.-r1.-f1.r1.-f0
911,r2.d0.-d1.d2.d2.r2.d0.-f2.-r0.-d2.f2.-r0.-f2.r2.d0.r2.r2.f2.f2.-d2.f2.f2.-d0.-d0.-r0.-r0.f2.f2.d0.r2.-d1.-r1.d1.-r2.d1.-f1.-d1.r1.f1
912,f0.-d2.d0.-f0.d2.-f0.-f0.-d2.-r0.f0.-r2.-d0.-d0.-f0.r2.-d2.-r0.-r0.d0.f2.f2.d2.f2.f2.d2.f2.f2.d2.r2.-d1.f1.d1.-f1.r2.-r1.-d1.r1.d1
913,f2.-f1.d2.-f2.r0.-f0.-d0.r0.f2.f2.-d2.f0.-d0.-d0.-r0.f2.-d0.f2.f2.-d2.d0.-r0.-r0.-d0.f2.f2.d0.f2.f2.r2.r2.-f2.d1.f1.-d1.f2.-f1.-d1.r1.d1.-r1
914,-f0.r0.d1.-f0.-d2.r2.r2.-f0.-d0.-r0.-r0.-f2.-r0.-r0.d2.d0.-r0.-d0.r2.r2.-f0.-f0.-r0.-r0.-f0.-f0.-d2.f2.f2.r2.r2.d2.-r0.d1.r1.-d1.-r1.r0.-d1.-f1.d1.f1
915,-f2.-d2.-d1.f2.f2.d2.d2.r2.-f0.-f0.d2.r2.-f0.-f0.r2.d2.-f2.r2.r2.d2.-d0.-f0.-f0.r2.r2.d2.-f0.-f0.d0.f2.-r1.d1.r1.-d1.f2.r1.-f1.-r1.f1
916,-r2.d2.f2.d2.-d0.-r0.-r0.f2.d2.-r2.f0.-d0.-r0.-f0.-f0.d2.d0.-f0.-f0.d2.r2.r2.d2.d2.-r0.-r0.r1.-r2.-f1.-r1.f1.r2.f0.-r1.d1.r1.-d1.-f0
917,-f2.d2.f0.-d2.r2.r2.f2.r0.-f2.-r0.-f0.-f0.f2.f2.r2.f2.f2.d2.-r0.-r0.d2.d2.-r0.-r0.f2.f2.d2.-f0.-f0.d2.d0.-r2.-d1.r1.d1.r2.f1.-r1.-f1
918,-f0.-r0.d2.-f0.-f0.-d0.-d0.-f0.-r0.-r0.r2.r2.-f0.-f0.d2.-d0.-r0.-d2.-r0.-r0.d0.-f0.-f0.f2.f2.-d0.f2.f2.d2.-d0.-f1.-d1.-f1.d1.-f1.-f1
919,-r1.d2.r2.d2.-f2.d2.-f2.-r0.f0.-d2.-d0.-f0.f2.f2.-r0.-r0.f2.f2.d0.-f0.-f0.f2.f2.-d0.-f0.-f0.d0.-r1.r2.f1.r1.-f1.-r2.-f0.f1.-r1.-f1.r1.f0
920,-d2.r1.d2.d2.r2.r2.-d2.d0.f0.-r0.r2.f2.r0.d2.d2.-f0.-d0.-r0.-r0.-d2.-f0.-f0.r2.r2.-d0.-f0.-f0.d0.-r1.-f1.-d1.f1.r1.d1.-f0.f1.-r1.-f1.r1.f0
921,f0.d0.f1.r1.r1.-f2.-r2.d2.-r2.-f0.-d0.f2.-r0.f0.f2.-r0.f2.f2.r2.r2.-d2.-r0.-r0.d2.-d0.-d0.-r0.-r0.-d0.-r0.-f1.-d1.f1.d1.r0.f1.-r1.-f1.r1
922,f2.-r0.f2.f2.d0.-r0.f2.f2.-r0.f0.-d0.-d0.r0.-d0.r0.r2.-f0.-f0.-d0.f2.f2.-d2.-r0.-r0.d2.-r0.-r0.r2.r2.f2.f2.-d2.-d1.r1.-f1.-r1.d1.f1
923,r2.-r1.-r0.-f0.-f2.-r2.-f2.-r0.-f0.-d0.-d0.-r0.f2.-r2.-f0.-f0.-r0.-r0.d2.d2.r2.r2.f2.f2.d2.-d0.-d0.-f2.-d1.f1.d1.f2.-f1.r1.-f1.-r1.f1
924,d0.d2.r1.-r0.-r0.f0.d2.r2.-f2.-d0.r2.-d0.-d0.r2.-f2.-r0.d2.r2.r2.d2.f2.f2.d0.-r0.-r0.d2.d2.d0.f2.f2.f1.-f2.r1.-f1.-r1.f2.r1.f1.-r1.-f1
925,d0.r2.-f2.-r2.f0.-r0.-f0.-f0.r0.f0.d2.-r0.r2.r2.f2.-r0.-r0.-d2.-f0.-f0.f2.f2.d0.f2.f2.d0.-f0.-f0.d0.r1.-r2.-f1.-r1.f1.r2.-d1.-f1.d1.f1
926,-f0.d0.f1.f1.-r1.-r0.f0.-r0.-r0.f0.-r0.-f0.-f0.-f2.d2.-d0.-f0.r2.-d0.-f0.-f0.-d2.r2.r2.d2.-r0.-r0.f2.f2.-d0.r2.r2.-r0.r1.-d1.-r1.d1.r0.-f0.-r1.-f1.r1.f1.f0
927,r0.d2.f1.d1.d1.-f0.-r0.-f2.d2.-r0.-r2.-f0.-f0.f2.-r0.-f0.-r0.-d2.r2.r2.d2.d2.-f0.-f0.d2.r2.r2.-d0.-d0.-r2.f1.r1.-f1.r2.f1.-r1.-f1
928,r0.r2.f1.f1.-r1.d0.-f2.r0.f0.f2.f2.r2.d0.r0.-f2.r2.f0.d2.-f0.-f0.-d0.-d0.-f0.-f0.-r0.-r0.d0.f2.f2.d0.-r2.-d1.r2.r0.-f1.-r0.f1.d1.r1.-f1.-r1.-d1
929,-r0.-d1.d2.f0.-r0.d0.r2.f2.f2.-r0.-r0.-f2.d2.-r0.-r0.f0.r2.-f0.-f0.d0.f2.f2.-d0.f2.f2.r2.r2.d2.-d0.-r0.-r0.-f0.-d1.r1.d1.-r1.f0.d1.f1.-d1.-f1
930,-r0.-f0.r2.-f0.-d0.-f0.d2.f0.r2.f2.-r0.r2.-f0.d2.d2.f2.f2.-r0.-r0.r2.r2.d2.d2.f2.f2.r2.r2.-d2.-f0.-f0.-r2.d1.r1.-d1.r2.-r1.d1.-r1.-d1.r1
931,-d0.-d1.d2.r2.f2.r2.r2.-f2.r0.-f0.r2.r2.f2.-d0.-r0.-f0.-f0.-r0.-r0.-d0.-d0.-r0.-r0.d0.-r0.-r0.-d0.-f2.-d1.f1.d1.f2.-f1.d0.r1.-f1.-r1.f1.-d0
932,f2.r0.d2.f2.-r0.-r0.-f0.-f0.-r0.-r0.-r2.-d2.-r0.-r2.-f0.-f0.d0.f2.f2.-d0.-r0.-r0.r2.r2.-d0.r2.r2.-d2.r2.r2.-f1.-d1.-f1.d1.-f1.-f1
933,f0.-f2.-d2.-r0.-f0.-f0.f2.-r0.-r0.r2.r2.d0.-r2.f2.r0.-f0.-r0.d2.d2.-r0.-r0.d2.r2.r2.d2.-d0.-f0.-f0.f2.f2.-d2.-r0.-r0.f1.-d1.-f1.d1
934,f0.f1.f1.-r1.r2.-f0.r0.f2.-d2.-d0.-r0.d2.d2.-r0.d0.-r0.-d0.f2.f2.d2.-f0.-f0.-r0.-r0.-f0.-f0.-d2.-r0.-r0.r2.r2.d0.f0.d1.f1.-d1.-f1.-f0.-d1.r1.d1.-r1
935,f0.-r0.-f0.d2.-f2.d2.d2.r2.d2.d2.f0.r0.f2.r0.-d2.r2.r2.d2.f2.f2.-r0.-r0.-d2.r2.r2.-f0.-f0.-r0.f1.-d1.-f1.d1.-r0.-f1.-d1.f1.d1
936,r0.d2.f1.d1.d1.r2.r2.-f0.-d0.r2.r2.-d2.r0.r2.r2.-f0.d2.r0.-f0.-f0.-d0.-r0.-r0.-d0.-r0.-r0.r2.r2.f2.f2.d0.f2.f2.-r1.-f1.r1.f1.-d0.d1.f1.-d1.-f1
937,r2.-f0.d2.d2.-f0.r0.d0.f2.-r2.-d0.-d0.f2.f2.r2.f0.r0.r2.r2.-f0.-f0.-d2.-f0.-f0.-d2.r2.r2.-d2.-f0.-d1.-f1.d1.f1.-f0.-f0.f1.r1.-f1.-r1.f0
938,r2.d0.r0.r2.r2.f0.d2.f0.r2.-d0.-r2.f2.-r2.d2.d2.-r0.-r0.f2.f2.d2.d2.-f0.-f0.d2.d2.-d0.r2.r2.d0.f1.-r1.-f1.r1.-d0.f1.-d1.-f1.d1
939,r0.r2.f1.f1.d1.-r2.-d0.f2.-d0.-r0.-d2.-r2.-f2.-r2.-d0.-d0.r2.f2.f2.-d2.d0.-r0.-r0.-f0.-f0.-d0.-d0.-f0.-f0.-d2.f2.f2.d0
940,-r2.d2.d2.-d0.-r0.-f0.-f0.-d0.r2.r2.-d2.f2.-d0.-d0.-r0.f0.d0.-r0.-r0.-d2.-f0.-f0.f2.f2.-d2.r2.r2.-d0.r2.r2.-r1.r2.d1.r1.-d1.-r2.f1.-d1.-f1.d1
941,r0.d0.f0.d0.r0.f0.-r2.-d0.-d0.-r0.-r0.-d0.-r0.f2.-r0.-r0.d2.d0.-r0.-r0.f2.f2.-d0.-d0.-f0.-f0.-d2.-r0.-r0.r2.-d1.-f1.d1.f1.-r2.f1.d1.-f1.-d1
942,-d2.-r2.f0.d2.f2.d0.-r0.d2.-f0.f2.r2.-f0.-r0.-f0.-f0.f2.f2.d2.d2.-d0.-f0.-f0.d2.f2.f2.r2.r2.-d0.f1.r1.-f1.-r1
943,d2.f0.-r0.-d2.f2.r0.-d2.f0.d2.f2.-r0.d0.r2.-d0.-r0.-r0.r2.r2.-f0.-f0.-r0.-r0.-d0.-d0.-r0.-r0.d0.r0.-f1.-d1.f1.d1.-r0.f1.-d1.-r1.d1.r1.-f1
944,r0.r0.d0.f0.-d0.-r2.-d2.d0.-f0.-d0.-d0.-r0.-r0.r2.-d2.-r0.-r0.d2.d2.r2.r2.-d2.f2.f2.d2.f2.f2.-d0.r0.-d1.-r1.d1.r1.-r0.f1.-d1.-f1.d1
945,-f0.d1.-d2.-d0.-d0.f2.d2.r2.r2.-f0.-r0.f2.-r0.f2.r0.d2.d2.f2.f2.-d0.r2.r2.-d2.r2.r2.-d0.f2.f2.d0.-r0.-f1.d1.f1.-d1.r0.r0.f1.-r0.-r2.d1.r2
946,r1.-r0.-r0.-f0.-f2.r0.-f0.-f0.-r2.f0.-r0.-r0.-d0.f0.-d0.-d0.-r0.-r0.-d2.f2.f2.-d0.-r0.-r0.-d0.f2.f2.d0.f2.f2.-f1.d1.-r1.-d1.r1.f1.-r1.f1.r1.-f1
947,-d2.-r0.f2.r2.-f0.d0.-f0.-r0.f2.r0.-f0.d0.r2.r2.f2.f2.d2.r2.r2.-f0.-f0.-d0.-d0.-f0.-f0.-d0.-d0.-f0.-f0.r0.-f1.-d1.f1.d1.-r0.f1.-r1.-f1.r1
948,-r0.-r1.d2.d0.-r0.-r0.-d2.f0.r0.f2.d2.d2.f0.-r0.-d2.f2.r2.r2.d2.r2.r2.-d0.-d0.-f0.-f0.d2.d2.-d0.r0.-r1.-d1.r1.d1.-r0.f0.-f1.d1.f1.-d1.-f0
949,d0.f1.f1.d1.-d0.r0.d2.-f0.-f2.r0.d0.f0.-f2.r2.-f0.d2.f2.f2.d0.r2.r2.d0.r2.r2.-d0.-d0.-f0.-f0.r2.r2.d0.-r2.d1.r2.r0.f1.-r0.-d1.f1.d1.-f1
950,d2.d2.-r0.-f2.d2.d2.-r0.-d0.f0.d0.r2.f2.-d2.r0.-d0.f2.f2.d0.-f0.-f0.d0.-f0.-f0.d2.r2.r2.-f0.-f0.f2.f2.-f0.-r1.f1.r1.-f1.f0.d1.-r1.-d1.r1
951,-d0.-r0.f1.-r0.-r0.-f0.-f0.-r0.-r0.-f0.-r0.f0.-d0.r2.f0.-f2.-r0.d0.-f0.-f0.-r0.-r0.-d0.-d0.-f0.-f0.r2.r2.d2.d2.d0.-f0.-f0.r2.r2
952,d0.-f0.f1.f1.-d1.d2.-f2.d0.r2.-d0.-d0.-f0.-d0.-r0.-d2.r2.-f2.d2.-d0.-f0.-f0.r2.r2.f2.f2.r2.r2.-d2.-d0.-r1.f1.r1.-f1.-d0.-d1.-f1.d1.f1
953,d0.r2.d1.r0.-d2.f0.f2.r2.f2.f2.-r0.-f0.-d2.r2.-f0.-f0.d2.-f0.-f0.d2.-d0.r2.r2.-f0.-f0.-d0.f2.f2.-d0.f1.-r1.-d1.r1.-f1.d1.r1.f1.-r1.-f1
954,-d2.-f0.-r1.-r0.-r0.-f0.d2.d2.f0.-f2.-r0.-f2.-d0.-f0.-r2.d2.-r0.-r0.d2.d2.-f0.-f0.-d2.f2.f2.-d2.-r0.-r0.r2.-d1.r2.r0.-f1.-r0.d1.-f1.-d1.f1
955,f0.-r0.r1.-d0.-d0.f2.-d0.-d0.-f2.d0.r0.-d2.f2.f2.d2.-r0.-f0.r2.r2.-d2.r2.r2.d2.-r0.-r0.-d0.-d0.-f0.-f0.-r0.-r0.-r0.-r1.-d1.r1.d1.r0.r1.f1.-r1.-f1
956,-r0.f1.f1.d1.r0.f0.-r2.-d0.-d0.f0.r2.r2.-d0.-f0.-d0.f2.d0.-f0.-f0.-d0.r2.r2.-d2.-f0.-f0.-r0.-r0.-f0.-f0.f2.f2.-d2.r0.-r1.d1.r1.-d1.-r0.f0.f1.-d1.-f1.d1.-f0
957,r2.r2.-r0.-r0.d0.-r0.-f0.-d2.-f0.-r0.-r0.d2.d0.-r0.-d2.-f0.-f0.d2.r2.r2.-d0.-d0.f2.f2.-d2.f2.f2.-r0.-r0.f2.d1.-r1.-d1.r1.f2.r1.-f1.-r1.f1
958,d0.f1.f1.r1.d2.r2.r2.-d2.r2.-f2.-r0.-r0.-d0.-f0.-r2.d2.f2.r2.r2.-d0.f2.f2.-d2.-f0.-f0.-r0.-r0.-d2.-r0.-r0.d0.-r1.-d0.-d2.-f1.d2.f0.r1.-f1.-r1.f1.-f0
959,-f0.f2.d2.-r2.-f0.-d0.-d0.r2.r2.-d0.-d0.r2.-d2.-d0.-f0.r0.-f0.-f0.-d2.-r0.-r0.d0.-f0.-f0.-r0.-r0.d0.-r0.-r0.d2.r1.f1.-r1.-f1.-d0.d1.-f1.-d1.f1
960,f0.d0.f1.r1.r1.r2.-d2.d0.-f2.-r0.-d2.-r0.d0.-f2.-r0.-d0.f2.f2.d2.-r0.-r0.-d2.-f0.-f0.d2.d2.-r0.-r0.r2.-d1.f1.d1.-f1.-r2.f0.r1.-f1.-r1.f1.-f0
961,-f2.d2.f2.r2.-d2.-d0.-f2.-r2.d2.-r0.-r0.f0.-r0.-f2.d2.-r0.-r0.-d0.r2.r2.d0.-r0.-r0.-d2.-r0.-r0.d2.f2.f2.-r1.-r1.-f1.-r1.f1.-r1.f1.r1.-f1.-r1
962,-d2.f0.f1.r1.r1.-f0.-f0.-d0.f0.d0.r0.-f0.-f0.r2.-d2.r2.r2.-f0.-f0.f2.-d0.-d0.f2.f2.-r0.-r0.-d2.-f0.-f0.-d2.-f0.-f0.-d2.-f0.-f0.d0
963,r0.-f2.f1.r1.r1.d0.f2.d0.-r2.d2.d2.-f0.d2.-f0.-r0.d2.-r0.-r0.-d0.-d0.r2.r2.-f0.-f0.r2.r2.-d0.f2.-d1.-f1.d1.-f2.f1.d1.r1.-d1.-r1
964,-f1.-d0.-r2.-d2.r2.-f2.-d2.-r0.-r0.-f0.-r0.-f2.r2.-d2.-r0.-r0.d2.d2.f2.f2.d0.f2.f2.-d0.-f0.-f0.-r0.-r0.-d0.-d0.f1.-d1.-f1.-r1.d1.r1.f0.-r1.-f1.r1.f1.-f0
965,r2.r0.-f2.-d0.-r2.-d2.r2.r2.f2.r0.f2.-r0.f0.d2.d2.-d0.-d0.-r0.-r0.-f0.-f0.-d2.-f0.-f0.d2.d2.d0.r1.-d1.f1.-r1.d1.-f1.-f0.-f1.-d1.f1.d1.f0
966,-d0.r1.-d2.r0.f2.r0.d2.-r2.f0.f2.f2.r0.-f2.r0.d0.r2.r2.-f0.-f0.-d2.d0.-r0.-r0.d0.-r0.-r0.-r2.d1.r1.-d1.r2.-r1.-f0.f1.-r1.-f1.r1.f0
967,-d0.f2.-r0.-r0.f0.d2.-f0.-r2.-d2.d0.f2.r2.r2.d0.-r0.d0.-r0.-r0.d2.f2.f2.-r0.-r0.-d2.r2.r2.-d0.-f1.-d1.-r1.f1.r1.d1
968,d2.d2.-r0.r2.d2.-r0.f0.-r2.-d0.f2.-d2.-r2.d2.r2.r2.-d2.-r0.-r0.d2.r2.r2.-d2.-r0.-r0.-d0.-d0.r2.r2.-d1.r1.-f1.-r1.d1.f1.-f0.f1.-d1.-f1.d1.f0
969,-d0.-r0.f2.f2.r2.r2.f0.r2.r2.f0.d0.r0.-d0.r2.d0.f0.-d2.f2.f2.-r0.-r0.-d2.-f0.-f0.d0.-r0.-r0.d1.-r1.-d1.f1.r1.-f1.f0.d1.f1.-d1.-f1.-f0
970,r0.d2.r0.d2.-d0.-d0.-f0.r0.d2.-f2.-d0.r2.r2.f0.-r0.d2.d2.f2.f2.-r0.-r0.-d0.r2.r2.-f0.-f0.-r1.-r1.f1.-r1.-f1.-r1.-f0.-d1.f1.d1.-f1.f0
971,f2.d0.f1.d1.d1.-d0.-d0.-r2.d0.-r2.d0.-f0.-f0.r2.d2.d2.f0.f2.f2.-r0.-r0.-f0.-f0.-d0.-f0.-f0.f2.f2.-r0.-r0.d2.f2.-d1.-r1.d1.r1.-f2.f1.r1.-f1.-r1
972,-d2.-d0.-d0.-r0.-d2.r2.-d0.f0.-r0.-r0.f2.r2.-d0.r0.-d0.r2.r2.-d0.-d0.r2.r2.-d0.-r0.-r0.d0.r2.r2.d2.f2.f2.d0.f1.-r1.-f1.r1.-d0.f1.d1.-f1.-d1
973,f0.d0.d2.-r0.-d2.-r0.-r0.-d0.-r2.f2.f2.-d0.r2.f0.f2.-d2.f2.f2.d2.-f0.-f0.d2.-f0.-f0.r2.r2.-d2.-f0.-f0.-d0.-d0.-f2.r1.f1.-r1.f2.-f1.d1.-r1.-d1.r1
974,-d0.-f2.r1.r0.-f0.-f0.r2.f0.-f2.-d2.f0.r2.-f2.d2.-f0.-d2.r2.r2.-d2.-f0.-f0.d2.d2.-r0.-r0.d0.-r0.-r0.d2.d2.f2.d1.f1.-d1.f2.-f1.-d1.r1.d1.-r1
975,r2.d0.r1.-d2.f2.-d0.-d0.r2.r2.-d0.r0.-f0.-f0.-d0.-d0.-r0.r2.f2.-r0.-r0.r2.r2.d0.r2.r2.-d2.r2.r2.d2.-r0.-r0.-d1.-r1.d1.f1.r1.d1.-f1.-d1
976,-r0.f0.f2.-d2.-r0.-r0.-f0.-r0.d2.-d0.r0.d2.d2.-f2.-d2.r2.r2.d2.-f0.-f0.d2.d2.-r0.-r0.r2.r2.d2.r2.r2.-d2.-f0.-r1.f1.r1.-f1.f0.-d1.f1.d1.-f1
977,-r0.-f2.-f0.-f0.r0.r2.-d0.f2.d2.-r0.f2.-d0.r2.-f0.-f0.d0.-f0.-f0.f2.f2.-d2.f2.f2.r2.r2.-d2.-r0.-r0.-d0.r1.-r2.d1.-r1.-d1.r2
978,f0.r2.d2.d2.-d0.-f0.-f0.-r0.f2.f2.-d2.f2.f2.-d2.-f0.d2.-r0.-r0.f2.f2.d2.d2.-r0.-r0.d2.-f0.-f0.r2.r2.d0.-f0.-f0.-f1.-d1.-f1.d1.-f1.-f1
979,d0.d2.-f0.-r0.-f2.d2.r2.r2.-f0.-f0.-d0.-r2.d2.d2.f2.r2.r2.-d0.r2.r2.-d2.r2.r2.-d2.f2.f2.d0.f2.f2.r2.d1.-r1.-d1.-r2.-f1.r1.f1
980,-r2.-r1.d2.d0.-r2.-f0.-d0.r2.r2.-d2.-d0.r0.f0.r2.-f0.-f0.d2.-f0.-f0.-r0.-r0.-d2.r2.r2.d2.d2.-r0.-r0.-d0.-d0.-f0.d1.r1.-d1.-r1.f0.f1.-r1.-f1.r1
981,-d2.-f2.-d2.-d0.-d0.f2.-r0.-r0.d2.d2.-d0.r0.r2.-d0.-d0.f0.-r2.-f0.-f0.d2.-r0.-r0.d0.-r0.-r0.f2.f2.d2.-f0.-f0.f2.f2.-d2.-f1.-d1.r1.d1.-r1.f1
982,-r0.-d1.r0.-d2.-f2.-r0.-r0.-f0.-f0.d0.-f0.-f0.d2.f2.-r0.-f0.r2.r2.f2.f2.-d0.-d0.-f0.-f0.d2.-f0.-f0.d2.r0.-d1.-r1.d1.r1.-r0.-r1.d1.-f1.-d1.r1.f1
983,-d0.f1.r1.r1.f0.d0.r2.-f0.-d0.r2.f0.r2.f0.r0.d2.d2.-d0.-r0.-r0.f2.f2.d0.f2.f2.r2.r2.d0.-r0.d1.-r1.-d1.r1.r0.-f0.-d1.f1.d1.-f1.f0
984,r0.d2.d2.-f2.d0.f0.-r0.f0.f2.d2.-f0.r0.f2.d0.r2.r2.-d2.-f0.-f0.f2.f2.-d0.-r0.-r0.-d0.-d0.f0.r1.d1.-r1.-d1.-f0.r1.-d1.-r1.d1
985,f2.-r0.f1.-f0.d0.r2.f0.-d0.-d0.-f0.-d2.-f2.-d2.-r0.f2.f2.-d0.f2.f2.-d0.r2.r2.d2.r2.r2.f2.f2.r2.r2.-f0.-f0.-r0.d1.-f1.-d1.f1.r0.-d1.-r1.d1.r1
986,-r0.r2.-d0.-d0.-r0.d2.-d0.r0.-f0.-r0.r2.-f0.-r0.-r0.f2.d2.-d0.-f0.-f0.r2.r2.-d2.-d0.-r0.-r0.d0.f2.f2.-d0.-d0.f1.-r1.-d1.r1.-f1.d1
987,-d0.r0.-f1.-r0.-d2.r0.d2.-r0.-r0.r2.d2.d2.-r2.f0.-r2.f2.-d2.-r0.-r0.d0.r2.r2.f2.f2.d2.-d0.-d0.f2.f2.-r0.-r0.r2.-d1.-f1.d1.f1.r2.-r1.f1.r1.-f1
988,-f2.r2.-d2.-f0.r0.-d0.-d0.f2.d2.f2.d2.r0.-f0.-f2.-r0.-r0.d2.d2.r2.r2.d0.-f0.-f0.-r0.-r0.-d0.-r0.-r0.-f0.r1.-d1.-r1.d1.-f0.-d1.f1.d1.-f1
989,-d2.-d0.f2.f2.-d0.f0.-r2.-d2.f0.r0.-d0.-d0.-f2.-d0.-f0.-f0.-d2.r2.r2.f2.f2.-r0.-r0.-f0.-f0.d2.f2.f2.d2.r2.-d1.-r1.d1.-r2.r1.r0.-f1.-r1.f1.-r0.r1
990,-d0.-d2.-f0.-f0.r0.d0.r2.-d2.f2.-r0.-f2.-r2.-f2.r0.d2.-r0.-r0.d2.d2.-d0.-r0.-r0.d2.r2.r2.d0.r2.r2.-d0.-d0.-f1.f2.-r1.f1.r1.-f2
991,-f0.-d2.r1.d2.r0.d2.-f0.-f0.f2.f2.-r0.-r0.-d2.r2.r2.f0.d2.r2.d2.-f0.-f0.-d2.-f0.-f0.-d0.-d0.-f0.-f0.d2.-r1.r0.-f1.r1.f1.-r0.d1.f1.-d1.-f1
992,-r1.d2.r2.r2.d2.-r0.-r0.f2.-d2.f0.-f2.-d0.-r0.-d2.r2.-f0.-f0.d2.-r0.-r0.-f0.-f0.-d0.f2.f2.-d0.f1.r1.-f1.-d1.-r1.d1.f0.-d1.-f1.d1.f1.-f0
993,f1.f1.-r1.f2.d2.d2.r0.d2.d2.-d0.-d0.-r0.-r0.-d2.f2.-d2.r0.d2.r2.r2.-f0.-f0.-r0.-r0.d2.r2.r2.-r1.-f1.-r1.f1.-r1.-r1.f0.d1.-f1.-d1.f1.-f0
994,f0.f2.d2.d0.-r2.-d2.-f2.-r2.f0.d2.-d0.-f0.-r2.-f0.-f0.f2.f2.-d0.-d0.f2.f2.d2.r2.r2.d0.-f0.-f0.-f1.-r1.f1.r1.-d0.f1.-r1.d1.r1.-d1.-f1
995,d2.-d0.-d0.-f0.-f0.-r0.d2.-r2.-f0.f2.f2.r2.r2.d2.-d0.-f0.r2.r2.d0.-f0.-f0.d2.f2.f2.r2.r2.-d2.d0.-f0.-f0.-d2.-f1.d1.f1.-d1
996,-f0.-f0.-r0.-r0.f2.f2.-d0.-r2.-f0.-f0.-f2.-d2.-f2.-d0.r2.d2.d0.-f0.-f0.f2.f2.d2.-r0.-r0.-d0.-d0.f2.f2.r1.f1.d1.-r1.-f1.-d1.f0.-d1.f1.d1.-f1.-f0
997,d2.-f0.-f0.-d2.-r2.d0.-f0.-d0.-d0.f2.d2.d2.-r2.-d0.-d0.r2.-d0.-d0.f2.f2.d2.f2.f2.d2.-f0.-f0.-d2.-f0.-f0.-r0.-r0.d1.r1.-f1.-d1.f1.-r1
998,-f2.r0.d2.r2.-f0.-r0.-r0.-f0.-f0.-f2.-r2.f2.d2.r2.d2.f2.f2.-d2.r2.r2.d2.-f0.-f0.-d0.f2.f2.f1.d1.-r1.-f1.-d1.r1.f0.-d1.f1.d1.-f1.-f0
999,d2.r1.-r0.-f0.-f0.-d0.r0.-f0.-f0.r0.-r2.-f0.-f0.-d0.-d0.f0.-r2.d2.-r0.-r0.-d2.d0.-r0.-r0.d0.-f0.-f0.f2.f2.r2.-d1.-r2.-r0.f1.r0.d1.f1.-d1.-f1
1000,-f0.d0.-d2.-r0.r2.-f0.-d0.-d0.-r0.f2.r0.-f0.r2.r2.f0.-r0.-r0.d0.-f0.-f0.-d0.-d0.-f0.-f0.r2.r2.d0.r2.r2.d0.f2.f2.-r1.d1.-r1.-d1.-r1.f1.-r1.-f1
1001,f0.f0.f1.r1.r1.-d0.-r0.d2.r0.d0.f2.f2.-r0.f2.-d0.-f0.-d2.-f0.-f0.r2.r2.d0.r2.r2.-f0.-f0.d0.f2.f2.-r0.-r0.-d0.r1.-d0.-d2.f1.d2.-r1.f1.r1.-f1
1002,f0.-f2.-d0.f2.r0.f2.f2.r2.r2.d0.f2.f2.-r2.-f0.-d0.-d0.-f0.-f0.-d0.-r0.-r0.-d0.f2.f2.d2.-f0.-f0.d0.-r2.d1.r2.r0.f1.-r0.r1.-d1.-r1.d1
