initial_state_id,path
0,d2.-f2.-d1.r2.-d1.f0.d0.r0.f2.f2.r0.-f0.r0.-f1.-d0.f1.-r0.-r0.-f2.-d1.f2.-d2.-f2.d2.d0.-r0.-d0.-d1.-f1.-f0.-f0.f1.-r0.f2.-d0.-r0.d0.-f2.d1.r0.-d1.-d1.-f0.d1.-f2.-r1.-f0.r1.f2.-f0.d0.-f0.-d0.f0.f0.f0.-r0.f0.r0.-f0.-r0.f0.f0.f0.d2.f0.-d2.f0.-r0.-d0.r0.d0.f0.-r0.-f0.r0.-f2.-r0.f0.r0.f2.-r0.f0.r0.-f0.d1.r0.-f0.-r0.f0.-d1.-f0.r0.f0.-r0.f0.-r0.-f0
1,-r1.-f2.r1.-f1.-r1.f2.r1.f1
2,d2.-r0.r2.d2.d2.r0.-r2.d2.-r0.r2.d2.d2.r0.-r2
3,d0
4,-r2.d0
5,r2.-f1.-r2
6,f1.-d2.-d0.-r2
7,f2.-d1.f2.-f0.-r2
8,f0.-r0.d1.-r2.d1.f0
9,-r0.d2.f2.-r2.-r1.r0.-d1
10,r1.-f1.-r1.-f2.f1.-d1
11,f2.-f1.-d2.f0.r1.r1.r0.f2.-d0
12,-f0.-r1.d0.f1.d0.-f2.-d0.f2.-d2.-r2
13,-r0.f2.-d1.f2.d1.d1.d0.-f1.r1.r0.-f1
14,-f2.r2.r2.-r1.f2.-d0.f1.-f0
15,r0.-d1.f1.f1.r0.r0.-d1.f2.r2.-d1.-f1.-f0.r2
16,d1.r2.-d1.f1.-f0.-r2.f0.r1.-f0.-r0.-f2.d1.f2.-d0
17,d2.r0.-d2.d1.f0.-d0.-r1.-r0.d0.r0.-d1.f0.d0.-f2.-f0
18,d0.d0.f1.f0.r2.f0.d1.d0.-f0.-r1
19,f0.f0.d0.-r2.f0.f1.-r1.f1.-f0.d1.r2.-d1.-d0.f2.f0
20,r1.r0.d2.-d0.r0.-d2.f0.d1.r2.d0.f1.d1.d0.d0
21,r2.r0.r0.-f1.d2.d1.-d0.-r2.r0.-f0.-f0.-d2.-f1.d1.-f2.-r1.f2
22,-d2.f1.d0.-r1.-d2.f0.d1.d0.r0.d0.-f1.f0.r0.-f2
23,f1.d1.-f0.-d2.f1.-r2.r1.-f1.-d1.d0.r0.-f1.r1.r0.r0
24,f0.-d1.-r0.-f2.r2.r0.-r1.d2.r2.-f0.f1.-d1.-d0.-r2.d0.-r1.f0.f1.-f2.d1
25,d2.f2.r2.r2.-f1.-r2.-d2.f0.-r0.f2.d1.d0.d0.-f0.d1
26,f1.d0.-d2.-r0.r2.f2.f2.f0.d1.-r2.-f0.-r1.r2.d0.r2.-f0.r2.-f2.-r2.-f1.-r0.-r2
27,-r0.d0.f0.f0.r2.-f0.r2.r0.d1.f2.d0.f2.r1.d1.r2.-r1.-d1.r0.d1.-r2.-r2.-f1.-d0
28,-r2.-f2.-r0.-r1.-r1.-r0.-f2.-d2.d0.-r2.d1.-f1.-f2.-d1.-r0.f2.d2.r1.f1.-f2.r0.-d0.r2.r0.-d2.f1
29,-r0.d1.-r0.d2.-f1.d0.f0.d0.-f2.-r0.d0.-f1.-f0.r2.r2.f1.-f0.-d1.f2.d1.-f2.d1.f0
30,-r0.-r0.f0.r0.-d1.r0.r1.-r2.f0.-d0.-d1.-d1.r2.f2.f1.-r0.d2.-d1.r1.-f2.r1.f0
31,-d1.r1.d1.d1.r2.-d0.-d0.r2.-f1.d2.f2.-f0.r0.d0.-f1.-f0.-d1.f1.r1.d0.d0.-d1.-f2.f0.r0
32,r1.r1.-d1.f2.r2.d1.r0.f1.d1.f2.d2.f2.r1.-d2.-d0.-f1.-r0.-f0.-r1.f0.r0.-f0
33,-d2.-d0.f2.-r2.d1.-f1.d0.-r2.-d0.d1.d1.-d2.r1.d0.d0.f2.f2.-f0.d0.-r1.f2.d0.-d1.f0.d2.-r2.-d2.f1.d0
34,d2.-f1.-r2.f2.f0.r2.r2.d2.d2.f2.r0.d0.-f1.d0.d0.f1.d0.-f1.-r2.-f1.r1.-r0.d2.f2.-d2.-r1.d2.r1
35,-f0.d0.f1.d2.-d1.f1.r0.f1.-d2.-f0.-r2.-f1.f0.r2.-f2.-d2.-d0.f0.-r0.d2.-r0.-d2.f2.r0.-f2.-f0.d2
36,-f1.r1.f1.-f0.-r2.-f0.-d2.-f0.-d0.-d0.f0.-d0.f0.f0.r1.f2.-d0.-r1.f0.d2.-r0.-d1.r0.-d2.r1.-f2.-r0.f2.-r1.-f2.r0.f2
37,-f1.-d0.-f2.-r0.d1.f0.-r0.-r0.f0.r0.d0.r0.-r2.d0.r2.d0.-f2.r2.-d0.r0.r0.-d1.f2.-r2.-f2.d1.r0
38,-f0.r2.-f2.-d0.-d0.r1.f0.r1.-r0.-f1.r1.-f1.-d2.-r0.d2.f1.d2.-r0.-d2.-r2.d2.f2.-d2.-f2.r2.-r0
39,f0.r2.d1.-f0.d2.-r2.-d2.r1.r1.-d2.r0.d0.r2.-f0.-r2.-r0.f2.f2.-d2.f2.f2.r0.f1.-r1.-r0.d1.r1.-d0.r1.-d1.-r2.d1.-r1
40,-r2.f2.-r2.-f2.f1.r2.d2.-r1.f2.-f0.-d0.-r2.f0.-r0.f0.f0.r2.-f0.d2.-f1.-d2.f1.-d2.r2.r0.-f0.-d2.f0
41,-d1.d2.-r1.-r1.f1.-d2.-f0.d2.f0.r1.-d2.-r2.-d0.f2.f1.-r0.d2.d1.-f0.d2.-f1.r1.-d0.r2.d1.r0.-r2.d1.f1.d0.r1
42,r2.r2.f0.r0.-f1.-d2.f0.-r0.-f2.d2.-f0.-d2.-r1.-d1.-r2.r1.r0.-d2.-d0.f0.d1.-f0.r1.-d1.-f0.-r1.f0.r1
43,r0.f0.r1.-r0.d0.r0.-f2.d2.-r2.-f2.d2.f2.-r1.-f2.r1.f1.-r1.-d2.-f2.-r2.d0.f2.-d0.-f0.-d1
44,-f0.d0.-r1.-d1.f2.r0.f2.-d1.f0.-f2.-d2.r1.d2.r0.-f1.-f2.-r0.-f2.r0.f2.f2.-r0.f2.-d0.-f2.-d2.f2.d0.-f2.r0
45,-f2.-d1.r0.-d1.-f1.-d2.-d0.-r0.-d2.-d0.-f2.r2.f0.r2.-r0.f0.r0.d0.r0.-d0.-r0.-f0.-r2
46,-d1.-f0.d1.-d0.r0.f0.d1.-r0.-d1.-r0.f2.d2.-f2.r2.-d2.f1.r2.f1.r0.-f1.-r2.f1.-r0.f0.r0.-f1.-d2.f1.-r0.-f1
47,d1.f1.f1.-d2.r0.-f2.f0.d2.-d0.-f2.-d2.-f2.r0.d0.f2.f2.-d0.-r0.-f2.d0.-f2.-r1.-f0.r1.f2.-r1.f0
48,r2.-f2.r1.d0.-r2.-d1.r2.r2.d0.-f0.-f0.d0.d0.f0.-d1.f1.-d0.-f1.r2.f2.r2.r2.f1.r2.d0.r1
49,-f0.r2.-f1.d2.d2.-d0.-f2.r2.f0.-f2.d0.-r2.f0.f2.d2.-r0.-r0.f2.f2.-d0.-r0.-r0.r2.r2.d2.-d0.-r0.-r0.-d2.-r0.d1.-r1.-d1.r1.r0.-d1.f1.d1.-f1
50,-d2.f0.r0.-d2.-f2.-d0.r0.f1.d0.r2.-d0.f1.-r2.d1.r2.-d2.-f2.-d0.f2.r1.-r0.d0.-r1.-d0.-r1.r0.f2.r1.f1.f1.-r1.-f2.r1.-f1
51,-d2.r2.-f0.-f0.-d2.r0.d0.r0.d2.f2.-r0.f2.f2.r0.-r2.f2.f2.-d0.r2.r2.d0.-f0.-f0.-d2.-f0.-f0.-r0.-r0.f2.f2.-d2.f1.-r1.-f1.r1
52,f0.d2.r0.f1.d0.f1.-f0.r0.-f0.r2.d2.-f1.r2.f1.-r2.-d0.f2.d1.-f2.d0.f2.-d1.r2.f2
53,f1.r0.d0.d0.-r1.-f2.-r0.-d1.-r0.d2.d1.r2.-f1.-d0.r2.-r0.f1.-r1.f0.-r2.r1.-d1.r2.-f0.d1.f1.d0.-r2.-d2.-d0.-f0.d2.f0
54,f2.d2.-d1.r1.-f0.-r0.d2.f2.-d2.r1.-d1.f2.r1.-f0.r1.f0.r1.r1.d2.d2.-d0.f0.-r2.d2.r2.-f0.d2.r0
55,-r1.f1.-r2.d0.r0.-f1.f0.d2.-f2.d0.f0.-r1.d2.-r1.-r1.-d2.-f2.-f0.d1.-f1.-f2.d0.-r1.-d2.-d0.f0.f0
56,f2.-d0.-f1.-d1.-r2.f2.-d0.f2.f1.f1.r0.-d2.f0.-d2.-r0.-f1.-f0.d2.f0.r2.f0.-r2.-r1.-d2.r0.d2.r1.d2.d2.-r0
57,f2.-f0.-r2.r0.d2.-d0.-r0.f2.d0.-r2.d0.-r2.f2.-r1.d0.-r2.-d0.-d2.-r2.d2.r2.-r1.-f2.d1.f2.-d1.-f0
58,r1.-f2.-d2.f2.-d2.r1.-f0.-r2.f0.d2.d2.-d1.-r0.f0.r0.-d2.r0.-f0.-r0.-f2.-d1.f2.f0.d1.-f2.-d1.-f0.d1.f2.f0
59,-f0.-r0.f1.f1.-d1.r0.-f0.-r2.-d2.f2.d2.d2.-d0.-d0.-f0.d2.f0.-d0.f2.f2.d2.-f0.-f0.d2.f2.f2.r2.r2.-d2.-d0.-d0.f0.-f1.r1.f1.-r1.-f0.d1.-r1.-d1.r1
60,-d0.r2.d2.r0.-f0.-d2.d0.-r2.d1.f0.-r0.r1.-d0.r1.-d2.r1.-f1.r1.-f1.-r2.-d0.r2.d0.f1.-r1.d2
61,-d0.-f2.-f1.d0.-r0.-d0.-r2.-f0.f2.r0.f2.d0.r2.-d2.-r2.f0.r2.-d0.-f0.-r2.-d0.-r1.d1.r1.d0.r2.f0
62,d1.-f1.-d0.f2.r0.f1.f1.d1.-r0.-d0.d1.d1.-r2.-d2.d1.r2.-d0.r2.d2.-d1.-r2.-d2.-r2.f2.d2.-f2.-r2.f2.-d2.-f2
63,r2.-d1.-f0.d2.-r0.d0.f1.r2.-f0.-f2.-r2.-f1.f0.r2.-f0.-f0.r0.-d0.f2.-r0.-f0.-r0.d2.d0.-r1.d1.f0.-d1.-f0.r1.f0
64,f0.-r0.d2.r0.-d2.r2.f2.-r2.f0.r0.-f0.d2.r0.r2.r2.-d2.f2.f2.r2.r2.f2.f2.-d2.f2.f2.d0.f2.f2.f1.-r1.d1.r1.-f1.-d1.-f0.f1.r1.-f1.-r1.f0
65,-f2.r2.f0.-d1.f0.-r1.r0.-f2.d0.r2.f2.d2.f0.-r1.-f1.-f0.-r0.-d2.r0.d1.-f0.d1.f0.-d1.-r0.-d1.-f2
66,-d1.r1.-f2.r2.-d2.r2.f1.-f0.d1.-f2.r0.-d2.f2.-r2.d0.-f2.r1.-r0.-d0.r0.-f2.r0.f2.-r0.-d1.f2.d1.d0
67,r0.d2.-f2.r1.-f0.-r0.d1.f2.f0.-r0.-d2.-r0.-d1.r1.-r0.f1.r2.f2.-r2.d0.-f2.d1.d0.-r1.d2.-r2.-d2.-f0.r1
68,d2.f1.d2.-f2.-r2.r0.-d0.-r2.f2.-d2.r0.f2.r2.-d2.-f1.r0.d1.-f2.r0.f2.d0.-f2.-f1.-r0.d0.r0.f2.f1.d2.-f0
69,f1.-d0.-f1.-r1.f2.-f1.-r2.r1.-d1.f0.r0.-d1.-f2.-r1.f2.-d1.-f2.-r0.f2.d1.-r0.f0.r0.f0.d2.-f0.d2.d2.-r0.d2.d0.r0.-d0.-f0.d0.-r0.-d0
70,d2.f0.-d0.r1.f1.-f0.-r2.-d1.-r0.d2.-f2.r0.-d0.r2.d2.r0.r0.d0.-r0.-f0.r1.-d1.f0.r1.-f0.-r1.d1.r2
71,r1.-r0.-d2.-r2.-d2.-f2.-r0.f1.-f0.-r2.-f1.-d2.-f2.r1.-f2.-r2.-d2.f1.r2.-f1.-d1.-d0.f2.-r2.f1.d1.-f1.r2.f1
72,-r0.d0.d0.r0.f1.-r1.-f0.d2.f1.-d0.f2.-r1.f2.f1.r2.d2.f1.-d2.-f0.-d0.r1.r1.d2.r1.-d2.d0.f0.-d0
73,-r2.-f0.d0.-r0.-f0.d0.-r0.d0.f0.-d2.f0.d0.-r1.d1.r0.-d1.-r0.-d1.r1.d1.f2.-f0.-r0.-f0.-f0.d2.-f0.-d2.-f0.r0.-f2.r0.f0.-d2.-r0.d2.f2
74,-f1.d2.-f0.d0.f0.-r2.d2.f1.-r2.-f1.d1.-f0.r1.-d0.r0.-f1.-r0.f2.-d0.r2.d1.r2.d0.-r2.-d1.-f0.-f2.r0.f0.-r2.-f0.-r0.f0.r2
75,-d2.-f1.f0.r2.d2.-f0.-r0.-r0.f2.d2.r0.-d0.-f2.d2.-f0.-f0.r2.r2.-d2.-r0.-r0.d2.-d0.-f0.-f0.-r0.-r0.r2.-d1.-r1.d1.-r2.r1.f1.f1.-d1.-f1.d1.-f1
76,-d0.f0.d2.-r1.f1.r1.d2.-f1.d1.f0.r2.f1.-r2.f0.d0.r0.f2.r0.-f2.d2.-r0.-d2.-f2.-r0.f2.-f0
77,-r1.r0.d1.f2.r2.-f0.d2.-f2.d2.d2.-d1.d0.f0.-r0.-f2.d0.-r1.-d0.-f0.-d1.f1.r0.-d2.-r0.d2.-f1.f0
78,f2.r0.d0.-r1.f2.-f0.r1.-f1.-d0.-f1.-d2.-f2.-d1.f2.d2.-r0.d1.r2.-d0.-f2.-d0.r0.-d0.-r0.d0.d0.f2.d0
79,-r2.d2.r0.d2.-d1.-f2.-r0.d2.f0.d2.f2.-d1.f1.-d0.-r2.d0.-r1.d2.f1.-r2.-r0.-d0.r0.-f1.-r0.f1.r2.-f1.-f0
80,-r0.-d1.f1.f1.-f0.-r0.-f2.d2.-f1.f0.r1.d2.-r1.-r2.f2.d2.-f2.-r2.-f2.r2.d2.r2.-f1.-r2.-d2.-r0
81,-d2.-f2.-r1.-d0.-r1.-d0.-r0.f2.-d2.-r1.d0.-r1.-f0.-r0.-d2.-f2.-r1.-d2.d0.-f1.-d0.r1.-r0.f1.d1.-f1.r2.r0.f1
82,-r2.-r0.f2.f2.-d2.-f0.-d2.d0.-f0.-f0.r0.-r2.d0.-r2.d2.d0.r2.r2.d2.d2.-r0.-r0.r2.r2.f2.f2.d2.d2.f2.f2.r2.d1.-r1.-d1.-r2.r1
83,f0.-d2.-f0.f2.r0.d2.d0.-r0.-r0.d2.-r0.-f2.d2.-f0.-f0.r2.r2.d0.-f0.-f0.r2.r2.d0.-r0.-r0.r2.r2.-d0.-d0.-f1.d1.-f1.-f1.-d1.-f1
84,f2.-d1.f2.f1.r0.d2.f2.-d0.-r2.d0.d0.-r2.f1.r1.f0.-d0.-f0.d0.f2.-d0.-f2.f1.-d0.-f1.r2.f1.d0.f1.f1.-r0
85,f0.-r0.-d1.f1.-r1.-r0.f2.-r1.-d0.-r1.-d0.-f2.-f0.r2.-d1.-d0.-d2.r0.d2.-f0.r2.f0.-r0.-f1.-d0.r0.d0.r2.-d0.-r0.d0.-r2.f0
86,d0.r1.-d2.r0.-f0.d0.-r2.f2.-r1.d2.-r2.r0.-d2.f1.-r2.f0.f0.-r0.d2.r0.-d2.-f2.-d2.f2.d2.-f0.r2.-f1
87,-r2.-d2.f0.-r1.d2.-d0.-r2.-r2.f0.-f2.-r1.f1.f1.-r2.-f0.r0.-f0.-f1.r2.f1.-r1.f1.r1.r0.d1.-r0.r1.f1.-r2.-f1.-r1
88,-d0.-f1.d2.r0.-d1.f2.-r0.-d1.-r2.f2.d0.f2.-f0.-d0.-f1.-r2.f1.r2.f1.-d0.f0.r2.f2.d0.r0.-d0.-f2.-r2
89,r0.-f0.d2.f2.f2.d0.-r0.-d0.-d0.r0.-d0.-d0.-r0.-f0.-f0.r2.r2.f0.-d2.r2.r2.f2.f2.d0.f2.f2.-d2.r2.r2.-f0.-f0.r2.r2.f2.f2.d1.-r1.-d1.r1
90,-r1.-d1.r2.f0.r0.-d0.-r2.-d2.-r0.d0.-r0.-f2.f1.-r0.f0.r0.f1.f1.-r1.f2.f2.r1.d1.-r1.-f2.r1.-d1.f1
91,f2.r0.-d0.f2.-r1.f0.d2.r1.r0.-d1.-f1.-r2.f1.-d2.-f0.-d2.f0.d2.-f2.-d1.f2.d2.-f2.d1.-f0
92,r1.-d1.f2.r0.d1.-r2.-f2.f1.d2.r2.f2.r1.-f0.r0.-f2.r0.f0.r2.-f0.-d0.-d1.f0.d1.-r2.d2.r2.-d1.f2.d0.-f2.-d2.f2
93,d1.f2.r1.d1.-f2.-r1.f0.r2.f1.f0.r0.f0.-r0.d2.d2.f2.r2.r2.f0.r2.r2.d2.-f0.d1.f0.-d2.-f0.-d1.f0
94,-d2.-r1.-d1.-r0.-d0.f0.-r1.r2.f2.-r2.-d2.-f2.-r1.-d0.r2.d0.r2.-f2.-r2.f2.r2.r2
95,-f2.-r2.-d0.-r2.-f0.-d0.-f1.-r0.-d0.f1.-r0.-f2.r0.f0.r1.d2.f0.f2.d1.-f2.r1.-d2.-f1.d0.f1.-d1.-f1.d1.f1.-d1.-d0.-r1.f1
96,d2.-r2.r0.-f2.-r0.f0.r1.-f2.d1.f1.-r0.d0.d1.f0.-d2.-r0.-d1.-f2.-d1.f2.f0.-r1.-f0.-d0.r1.d0.-r1.d1.-f1.r2.-f2.-r2.f1.r2.f2.-r2
97,-r2.-f0.-r1.-d2.r2.-d2.-d0.-f0.-d0.-f1.-r1.f1.r1.-d0.-f2.r0.f0.r1.-d2.r0.d2.-r1.f0.r1.-f0.-r0.f0.-r1.f2
98,d2.-d0.r0.-f2.r1.-d0.f0.-d2.r2.f0.-r0.d1.-r2.d2.d0.f1.r0.-d0.-r0.-f0.-d0.-f1.-r2.-f1.r2.f1
99,d1.-d0.-f0.-d0.r2.-r1.d1.-d0.-f2.-r1.f1.-r0.-f1.f0.f0.r1.f0.f0.d2.-f0.r0.-d2.-d0.-f0.d0
100,r0.-d2.-r1.r0.f2.f2.-d2.-f2.d0.r2.-d2.d0.r2.r2.d2.-f0.-r0.-r0.-d2.-f0.-f0.-d2.f2.f2.r2.r2.-d2.d0.-f0.-f0.-d0.-d0
101,f2.r2.-f2.-d2.-r0.-f0.r2.r2.-d0.-r2.-f0.-f2.-d2.-f2.d0.f2.-d0.-d1.f1.-f0.d0.r1.d1.-f1.-f0.r1.-d1.r2.f2
102,-d0.-f2.-d2.d0.-f2.f0.-r0.-f0.-d0.r1.d1.f1.f1.d0.f1.-d0.-r0.d2.-f0.-d2.r0.d2.d0.r2.d2.-r2.d1.r2.-d2.-r2
103,f0.r0.r2.-d0.-f0.-d0.-d0.r2.f0.-r0.d0.-f0.r0.-f0.-f0.r2.r2.-f0.-f0.-d2.d0.-f0.-f0.-d2.f2.f2.d0.-f1.-r1.d1.f1.-d1.r1.f0.f1.r1.-f1.-r1.-f0
104,-d0.f2.-f1.r2.-d2.r0.-d1.-r2.d0.r0.f2.r1.r1.d2.-r0.-d2.-r1.-f2.-d2.r0.d2.-r0.-d1.r0.d0.f2.d1.f0.-d1.-f2.d1.-f0
105,r2.f0.-d2.r2.-r0.d1.-f0.-r1.f0.-d2.-f0.r0.-d2.-d1.d0.-f0.-d0.f0.-d2.d1.f0.d2.-r0.-f0.r0.-d1.-r0
106,-r0.d2.f1.-f0.d2.d2.d0.-r0.-d0.f0.r0.f0.d2.d2.r0.f2.r2.r2.-d0.-r0.-r0.-d0.r2.r2.-d2.r2.r2.-d0.-r0.f1.d1.-f1.-d1.-r0.f0.-f1.-r1.f1.r1.-f0
107,d1.f0.-d1.-f2.r0.f1.r0.-d0.-f2.r0.-d2.r2.-d0.-d0.d2.f2.-d2.-d2.-f2.-r1.-d1.f2.d1.-r1.-d0.-r2.-d1.-r0.d1.r2.r0
108,d1.-f0.r2.f2.r2.f1.d2.-r1.-f0.r2.-r1.d0.d0.-r2.f0.f0.-r0.f0.-r1.-f0.r1.r1.r0.-f2.r1.f2.r1.-r0
109,r0.d0.f2.-r2.-d0.-f2.f1.-f0.r0.d1.-f2.-d0.-r2.-f2.f1.r2.f2.-d0.-r2.-r2.-d0.f0.d0.-r2.-f0.r2.d0.-r2.-f1
110,-f2.f1.-r1.d1.d1.-f0.f2.-r1.-d0.f2.r1.r1.-f0.-r2.-r0.d0.r0.-f0.-r0.-d0.-r1.-d2.r1.d2.-r2.-d2.r2.-d2
111,-r2.-d1.f2.-f1.-d2.r1.-d1.r2.-r0.-d0.r0.-d2.-r2.d0.d0.-f0.-d0.-f0.r2.-f0.r1.f0.-d1.-f0.-r0.f0.-r2.-f0.r2.r0.d1
112,d2.f2.r2.-f0.-d0.-f0.-d0.-r2.-f1.r2.f1.f0.-r1.-d0.-r2.-d0.-r1.d0.r1.d2.-r1.r0.-d0.r1.d0.-r0
113,f2.d2.f0.r0.d0.-r1.-d2.-f0.-r1.-f1.-r1.-f0.-r2.r1.f2.-d1.r0.-f2.r2.f2.-r2.-r0.-d1.-r1.f0.r1.-f0.d1.f0
114,r1.-d0.f0.f0.r2.f0.-r2.-f2.d2.-f0.d0.f2.d2.-r1.-f1.-f0.r0.-f2.r2.f2.r2.d0.r1.-d2.-r1.-d0
115,r2.d2.r1.d2.-f0.d0.-r1.f2.-r2.f1.-r2.-d0.r2.f0.f0.-r1.-r2.-f0.-d0.-f0.-d0.f0.d0.r0.d2.r2.-d2.-r0.d2
116,f2.f1.f1.r1.d2.-f0.-f0.-r0.-r0.f2.f2.r0.-d2.r0.f2.d2.-f0.r2.d2.f2.f2.-d2.-d0.-f0.-f0.d2.d2.-d0.r2.r2.f2.f2.f0.f1.r1.-f1.-r1.-f0.-d1.-r1.d1.r1
117,d2.-f1.r2.-d2.f2.-f1.d1.d1.-r0.d2.-f1.r0.d2.r0.-d1.r2.f0.r1.-f0.-d1.-f0.-d2.r1.d2.-r1.f0.-r2
118,-d0.f1.-r0.-r0.f0.-r0.f0.-d2.r0.f0.f2.d0.-r0.-f2.d0.-f0.-f0.d2.r2.r2.-f0.-f0.-d2.d0.-f0.-f0.r2.r2.-r1.r2.-f1.r1.f1.-r2.d1.f1.-d1.-f1
119,-d2.d0.-f1.r0.f0.-d0.-r2.f1.-r2.-f1.-r2.-f1.d0.-r2.f0.r0.-d0.f1.f1.-r0.-d0.-f2.d0.f1.-d0.f2.r2
120,-r0.-d0.r2.-d0.f2.-r2.f2.-d0.-f0.-d1.f0.-d1.f2.d1.-r2.d1.r2.-d1.-r2.f0.r2.d2.-r1.f0.-d1.-f0.d1.-f0
121,r0.f2.-d0.r2.-r1.d0.-f1.-d2.-r2.-f2.-r2.-d2.-d0.r2.f0.-d1.r2.d1.-f0.-d0.-f2.r0.f0.-r0.f2.-d1.r0
122,d1.-d0.-r2.-f0.d2.-f0.-d2.-f0.-r2.f1.f1.-r0.d0.f1.d0.r0.-d0.-r2.d0.r2.r1.-d1.f2.-r1.f0.r1.-f2.-f0
123,f0.f2.r0.-f0.-r2.-d2.-f2.-r2.f2.f2.r2.-d2.f2.f2.-d0.-d0.-f0.-f0.d0.r2.r2.-f0.-f0.r2.r2.-f0.r1.f1.-r1.-f1.f0.f0.f1.-d1.-f1.d1.-f0
124,f0.d0.r1.d0.-f0.r2.-d2.-r0.d2.-f0.r0.-f0.-f0.-r0.-d2.f2.d2.f1.-r1.-f1.r0.f2.-f1.d2.-r1.-d2.-f2.-r0.f2.r1.-f2.r0
125,r0.d2.-f0.f2.f2.-r0.d0.-f0.r2.d0.f2.f2.d0.r0.f2.f2.d2.-r0.-r0.-d0.-f0.-f0.d2.d2.r2.r2.d0.-r0.-r0.-f0.-f0.d0.f1.-r1.-f1.r1.-d0
126,-d0.-f2.r1.-f1.r2.-d1.r2.-f0.d0.r2.f0.d0.r0.-d0.r1.-f0.-d0.f0.-r2.-f0.d0.f0.-r1.f2.-f0.d1.-f0.-d1.-f2.f0
127,-r2.-f0.d1.-f1.-r0.d1.f2.-f1.r0.d1.-d2.-f0.d2.r0.d0.-r0.f1.r0.-d0.f0.-r1.d2.d0.f1.-r1.-d2.-f1.d1.f1
128,-r1.d0.-r0.-f0.-d0.-r2.f2.-r0.d2.-f0.-d1.-d0.f0.r0.d2.-f0.-d2.-r2.-d2.-f0.-d1.r0.f0.d2.-f0.d1.f0.-d2.r0.-f0
129,r2.f1.f1.-r1.r2.-d2.f2.-r0.-r0.d2.d2.r0.f0.d2.d2.-d0.r2.r2.f0.-d0.-d0.f2.f2.-d2.-r0.-r0.d0.f2.f2.-r0.-r0.f2.f2.d1.r1.-f1.-d1.f1.f1.-r1.-f1
130,f2.r0.d2.r2.-f0.-d0.-r0.f1.-r2.-f2.d0.f2.f2.-d0.f1.r2.-f1.-r2.f0.d0.-f2.r2.-r0.f2.-r2.-f2.r0.f2.r2.-f2
131,-r2.r0.-d0.-f1.r0.f1.r0.d1.f0.r1.f0.d0.r1.f0.d1.r1.f2.d1.-f0.-d1.-f0.-r1.f2.-d1.-f2.d1.-f2
132,-d0.-r2.-f2.-r0.d2.r1.-d2.-r1.r0.-d0.-f1.-r2.d0.-r0.-d0.r0.-d2.f2.-r2.-f2.r2.-f2.d2.-r0.f2.r2.-f2.r0
133,-r0.f2.-d0.f1.-r1.f1.d2.-d0.r1.-f2.-d0.r1.f0.r2.-f0.d0.-r2.f1.r2.f0.r0.-d1.-r1.d1.f1.r1.-f1
134,d0.f1.d1.r0.d1.d0.-f1.-d0.-r1.d0.-f1.-r2.-f2.-d2.f2.r2.-d0.-f0.-r2.d0.f2.f2.d1.d0.r0.-d0.-r2.d0.-r0.-d0
135,d1.-r2.r1.d0.r2.-d2.f2.-r1.f2.r0.-d2.-f1.-f0.-d0.r0.-f0.-r0.d0.f0.-r2.-d2.f0.r2.-d2.f0.d2.-f0
136,f1.d0.-f0.-d1.r0.-f2.-f0.-d1.r0.-f0.r2.f1.-d0.-r1.-f1.r2.r1.-d2.r1.d2.f1.-d2.-r1.d2
137,f1.-d2.-r0.d2.-r2.d2.r2.-r0.-d2.-r0.-d0.f1.-d1.d0.f0.d1.r0.r0.d2.-r0.-d2.-r0.f2.r0.-f2.-d2.f2.f2.d2.f2.-r0
138,r1.d2.r2.d1.f0.-d2.-f2.-r0.-d2.-f0.r0.f2.-f1.r2.-f1.d2.f2.f1.d2.-r2.-d0.r2.-d2.-r2.-d2.d0
139,r0.f0.-r1.-f0.-d0.-f2.d0.-f2.-r2.d0.f2.f2.d2.-r2.-d0.-f0.-f0.-r0.-r0.d0.-f0.-f0.d2.-f0.-f0.-r0.-r0.-f0.-f0.f2.-r1.d1.r1.-d1.f2.f1.-d1.-f1.d1
140,d2.r2.d0.-r0.-d2.d1.-f1.r2.d0.f0.r2.d0.r2.f2.r0.r0.-f2.-r0.f2.r2.-f2.-r0.-f2.-r2.-f0.r2.d0.-f2.-r2.f0
141,-d1.-f2.f0.-d0.r0.f0.-r2.d1.f0.-d1.d0.d0.-f2.-r0.-d1.-f1.-r2.f1.-r2.-d0.-f0.r2.d0.f2.-d0.d2.r2.-d2.f0.d0.-f2
142,r1.d2.r0.-f1.-r1.f2.d0.f0.d2.f1.-d2.d0.-f2.-d2.-r1.-r0.-f2.f1.-d1.-d0.r1.-f2.-d1.f2.f2.d1.-r1.-f1.r1.-f2.-r1.f1
143,-d0.f2.-d2.r2.f0.-r2.-f0.d0.-r2.-r2.f0.r2.f1.-f0.d0.f2.d1.-f2.-f1.-d1.-r2.-d1.r2.d1.r1.-f0.-r1.f1.r1
144,r1.r1.f2.r0.f2.f1.-d1.r0.d1.-r0.d2.d2.f2.d2.d2.-r2.-f2.r2.f2.-d1.-d0.r2.-d2.f2.-d0.-f2.d2.f2.d0.-f2
145,-f0.-d2.d1.r0.-d0.-r2.-d2.r0.-f1.-r2.-f0.-d2.-r1.f2.r2.f0.-d1.f0.f0.-d0.f1.r0.-f1.-r0.-f2.-r1.-f0.r1.f2.-f1.f0
146,d2.r2.d2.-f0.d0.f2.-r0.-f0.r2.-d2.r2.f2.d1.d0.-f2.-r2.d2.f2.-d0.r0.-d1.r2.-d1.d0.f1.-d0.-f1.d1
147,f1.-f0.-d0.f0.-d2.r2.-d2.r1.-r0.-d2.-f2.-d0.-d0.-f2.-d2.-f1.d0.r2.-d0.f1.r2.r2.-d2.-r2.d2.f2.f2
148,d2.-r2.d2.f2.-d2.-r0.-f0.d2.-d1.-d0.r0.f0.-d2.d1.r0.f2.-d2.-r0.-d0.-r2.-f0.-d0.r2.d0.d0.-r2.f0.r0
149,-d2.r0.d0.r2.d0.-f2.-d1.f2.r1.-d2.f0.-r0.f2.f1.-f0.-d2.r2.-f0.r0.f0.-r2.f0.-d2.-f1.d2.-f1.-f0.-d2.f0.d2.f1.-d2.-f0
150,r0.f2.-r2.-d0.f0.-r0.f2.-r0.-d0.f2.f1.d1.-r1.-r0.-f1.d2.f2.f2.d1.f2.-r0.-d2.r1.d2.r0.-d2.-r1.f1
151,r2.-r1.-f1.-d0.r1.d2.-f0.r0.f2.-f1.r2.f1.r0.d0.-r0.-d0.-r2.f2.-r0.-f2.r2.r0.f2.d2.r0.-d2.-f2
152,-d0.-r1.r0.f2.f2.-d2.-f0.-r0.-d0.f2.f2.-r2.-f2.d2.-f1.-d2.-f2.-d2.r0.f0.r1.-d2.r0.d2.-r1.-r0.d2.f1
153,-r2.d0.-f1.-r1.f0.-d2.d0.-f1.-d1.-f2.-r1.f0.r1.d0.f2.-f1.-d2.f1.-d1.f0.d0.-f0.d1.-f2.-r1.-f0.r1.f2.f0
154,r0.d2.-d0.-f2.-d2.r0.r2.r2.-d0.-d0.-r0.d0.f0.r2.f0.-d2.-r0.-r0.r2.r2.d2.d2.f2.f2.-d2.-f0.-f0.f2.f2.-d2.-f0.-f0.f1.r1.-f1.d1.-r1.-d1
155,-f2.-d0.-f0.-r2.-f2.d0.d0.-f1.-r2.r1.r0.-d2.r0.f2.-d1.-r0.-f1.d0.-r1.d2.d0.-r1.-d2.r1.d0.-r2.d0
156,d0.-r2.-f0.r0.-d2.f0.-d1.-f2.d1.r2.f2.r1.-f1.d0.-f0.-d0.-f2.-d1.f1.-d2.-f0.d2.r1.d0.-r2.-d0.r2.-r1
157,-r1.d0.r2.d2.r0.f2.d0.-f0.d1.f1.f0.-d2.-f0.-d0.-f1.r0.-d1.-f2.d0.-r1.-d0.-f0.-d1.f0.d1.f2.f0
158,-f0.r2.-d1.r2.d0.r0.-d1.f1.r2.f1.r0.-f1.-r0.d0.d0.-f0.r2.d2.-d0.f0.-d2.d0.f0.-r2.f1.r2.-f0.-f0.-r2.-f1.r2.f0
159,-d2.-r0.-d2.f0.-d0.-f0.r2.d2.r0.d1.f0.-r1.-d0.f2.r2.f2.-r2.-f2.-d2.f2.r2.d2.d0.-f2.d1.r0.d0.-r0.-d1.r0.-d0
160,d2.-r1.f1.-f0.-r1.d0.f2.d2.-r2.r0.-f0.-r0.-d0.-d1.-f2.-r1.-d0.r1.-f2.r0.-d2.-r2.r0.f2.r2.-f2.-r0.f2.d2.f2
161,f2.d1.r1.d0.-f0.d0.-r0.d1.f1.-r2.-f1.-r2.-d2.-f0.-d2.-r0.-f1.f2.-r0.f0.r0.d2.d2.r0.r0.-d2.f1.d2.r0
162,f2.-r0.-d1.r2.-d0.-d0.f2.r0.f2.r2.r2.d2.f0.-r0.d0.-r0.d0.r2.r2.-d2.-d0.f2.f2.d2.-r0.-r0.r2.r2.d2.d2.d0.r1.-d0.-d2.f1.d2.-r1.f1.r1.-f1
163,f0.d1.-d0.f0.-r0.f0.d0.-r0.d2.f2.f2.d0.f2.-r0.-d2.-f0.-f0.d2.r2.r2.-d2.-r0.-r0.d2.-r0.-r0.-d2.-r0.d1.r1.-d1.-r1.r0.r0.-d1.-f1.d1.f1.-r0
164,-f0.-d0.r2.-d2.-r0.-d2.-f0.d0.r2.-d2.-r0.f2.r1.d0.-r0.-d1.-r1.-r1.d1.f0.-d1.-f2.-f1.-r1.f2.r0.d0.r1.d1.-r1.-d0.r1
165,d1.r1.f2.-d2.f1.r0.-d0.r2.f2.d1.r0.f0.r0.d2.-r0.d2.-f0.d1.f1.f0.r0.r0.d2.r2.-d2.r0.r0.d2.-r2
166,r2.f0.d2.-f1.r0.d1.d2.-d0.-r2.-d2.r1.d0.-r2.-d2.f1.f0.-r2.f2.r2.-r1.-f0.d1.d0.-r2.-f0.r2.f0.f0
167,f2.r2.f1.r1.r1.d2.-r2.f2.f2.r0.d0.-r0.r2.r2.-f2.-d2.d0.f0.-d2.-f0.-f0.r2.r2.-d0.f2.f2.-d0.-d0.-f0.-f0.f2.f2.-d2.-d2.r1.d2.d0.-f1.-d0.-r1.-f1.r1.f1
168,-r1.-d2.-f2.-d2.f1.r2.-f2.-f2.-r0.f2.-d2.r0.-f0.r2.d2.-r2.-r0.d1.-f1.-r1.-r0.-f1.r0.-d1.-f1.f0.-d2.-f0.d1.f0.d2.-f0
169,r0.-f2.f1.r1.r1.d2.r0.d0.-r2.-f2.d2.r2.d0.f2.r2.f2.-r2.-d2.-r0.-r0.d2.d2.-d0.f2.f2.d0.-r0.-r0.-d2.-r2.-f1.r1.f1.r2.-r1.f0.d1.-r1.-d1.r1.-f0
170,-f2.d1.f2.-f0.d2.-f0.-d0.-f2.d2.-d0.f0.-d0.-r0.f0.r0.-f1.r2.f0.f0.-d1.f1.d1.-f0.-d1.-f1.f0.f0.-r2
171,f0.f2.f1.f1.-d1.d2.d2.-r0.f0.d0.-r0.r2.-d2.r0.f2.-r2.d2.f0.-d0.-f0.-f0.d2.d2.d0.-f0.-f0.r2.r2.d0.r0.d1.r1.-d1.-r1.-r0.f0.-d1.-f1.d1.f1.-f0
172,f0.r1.f0.-r2.-d0.-r2.d2.-r0.d2.r2.f0.-r2.d0.d0.r2.r2.d2.f0.r0.-d0.f0.-d2.-f0.d2.-r0.-d2.r0.d0.-r0.-f0
173,f0.f2.d2.-r2.f2.-r2.f2.-d2.f0.-f2.-d2.-r2.-f2.-d0.-r0.-r0.-f0.-f0.-d2.-f0.-f0.d2.-r0.-r0.r2.r2.d2.d2.f1.-r1.-f1.r1.-d0.f0.r1.d1.-r1.-d1.-f0
174,-r1.f2.-d0.-f2.f0.-d2.d1.-f1.r0.d2.f1.r2.-d2.f1.-r1.-r0.-d2.-r0.d2.-r2.r0.r1.-f0.-r1.d1.r1.f0.-r1
175,-r0.-f0.r0.f2.d2.d1.-r2.d1.f2.-r1.-d2.-r2.r1.-f2.-d0.f2.d1.d0.f2.-d0.-f2.-d1.-r2.d0.-r2.d0.-r2.-d0.r2
176,-d0.-r1.-d2.-f0.d0.-f2.r1.-f1.-d1.d0.f1.-d0.r0.f0.-r0.f0.-r0.d2.r1.d0.-r0.-d2.-r2.d2.-r1.-f0.r2.r0
177,-d2.-d0.-r0.f0.-d1.-r2.-f0.-r1.-d2.-r2.d0.-f2.d2.-d0.-f2.-r0.-r0.-d2.-r0.f2.-d2.-r2.f2.r0.d0.-r0.-d0.r2.d0.r0.-d0
178,-f2.r0.-d0.-r1.f0.r2.-r1.f2.-d2.-r2.-f2.-d1.-f1.r1.r1.d2.r2.-f2.-r2.f1.r2.d1.-f0.-d0.f0.-d1.-f0.d0.f2.f0
179,-r2.-f1.-d2.f2.-r0.-f1.-f0.r0.f0.-r1.-f0.r1.f1.r0.-f2.-r2.-f2.r2.r0.-f2.d1.f2.-d2.-f2.-d1.-f0.-d2.f2.d2.f0.-d2.-f2.r0
180,-r1.f2.r2.-f1.-d0.r2.-f1.d1.f0.d0.r1.d0.f1.f1.-r0.-d0.-r1.-d2.r2.-f2.-r1.f2.d2.-f2.r1.f2
181,-d0.-r2.r1.-d1.r2.d2.-f0.d2.-r2.d2.-f0.-r0.f0.r0.-d2.-f2.-d1.f2.r0.-d2.f2.-d2.-f2.-d2.-f2.-d2.-r0.d2.f2
182,r2.-r0.d0.d0.-f2.-r2.d0.r2.-d0.-r0.d2.-r0.d0.-r0.d2.f1.-f0.-r1.-f1.r0.f1.r1.f0.f0
183,-d2.-r1.-d1.-f1.-d0.r1.f0.d1.r0.r0.d2.r1.-f2.r2.f0.-r2.-f0.-r1.f1.-d2.r0.f0.r1.-f0.-d1.-r1.-r0
184,d1.f2.-d2.f2.-f0.-d1.d0.-r0.-f2.-r0.d0.f0.-d2.-f0.-d2.f0.r1.f0.-r1.-r0.f1.-r2.d2.r2.-d2.f2
185,f1.-r0.-f0.f2.r2.-f0.r0.-f0.r0.r2.-d2.r0.d2.d2.f2.f2.d2.-f0.-f0.-d2.-r0.-r0.-d0.-d0.f2.f2.r2.r2.-d2.-r0.f1.r1.-f1.r0.-r1.-d1.f1.-r1.d1.r1.-f1
186,-d1.r2.d2.r0.-f0.-d0.r0.r2.-f1.d2.-r1.d1.r2.r2.f0.-r2.-d1.f1.d1.-f1.-r2.-d1.f2.-r1.f0.r1.-f0.d1
187,-f0.-r0.-f2.-r1.-f2.d0.-r1.d1.r2.-r0.-f0.d1.f2.d0.f0.-d0.-f1.-r1.-f2.f1.-d0.-r1.d0.f0.-r0.f0.r1.-f0.r0
188,f2.f2.r2.-r1.f2.-d2.f2.-d2.-r0.r1.r2.f1.r0.d0.f0.r0.-f0.-r0.-d2.d1.-f2.d0.r2.-f2.-r2.f2.-d0.f2
189,d0.f1.-r0.-f0.-r2.-f2.-d2.f1.-r1.-r0.f1.f0.-d2.f2.r0.-f2.d2.r1.f0.-r1.-r2.f1.r2.-f0.-d1.f0.d1.-r2.-f1
190,-r1.-f1.d1.f2.-d2.-f2.f0.r1.f1.d1.f2.d2.f0.-d0.-r2.d0.f0.r0.r0.d2.-d1.f0.d0.-f0.-d2.d1.-d0.-r0
191,-d2.-f0.-r2.r1.-f1.d2.-f0.d0.-r0.f1.-d2.f1.r2.d2.f2.-r2.f0.d0.-r2.f1.-d0.-r2.f1.r2.d0.-r2.-f1.r2.-f1
192,-r1.-d0.f2.r2.-r1.f1.-f0.-r2.-f0.-r2.d2.f2.f0.-r2.f1.-d2.-r1.-r0.-f0.d2.-d0.-f0.d1.f1.-d1.f0.d1.d0
193,-d0.-f2.r2.-f2.d2.r1.f0.d0.f0.-r2.f0.-d0.-d0.-f1.d1.-f0.d0.f0.-r1.-f2.-f0.-d2.-f1.-d0.f1.d2.r1.d2.-r1.-d2.-f1
194,-d2.r0.-d0.-r2.f0.-r2.-f1.d2.f2.-f0.r2.-d2.r1.d2.-f0.r0.-d1.r0.-d1.r0.r0.-d1.f2.r2
195,-f2.r2.d2.d2.-f0.-f0.-r0.-r0.-r2.-d2.-f0.-f0.-r0.d2.-f0.d0.-f2.-r0.-d2.-r0.-r0.d2.f2.f2.-d2.-f0.-f0.-d2.f2.f2.d0.-r0.-f1.-d1.f1.d1.-r0
196,d0.r2.d1.r2.-f0.-d1.f0.f0.-d0.-f0.-d1.r0.-d0.r0.d2.-r1.-d2.-r0.f1.d2.d0.-f0.d1.f0.r1.-d0
197,r2.-r0.-f2.f1.r2.f0.-r0.f0.-r1.-d0.-r0.-f2.r0.f2.r1.-d2.r0.d2.-r1.-f2.-f1.d1.-f0.d0.f0.-d1.-f0
198,-f0.r1.f2.-r0.-d1.d0.f2.r1.-d0.r0.d2.f2.f2.-d2.-f2.-r0.f1.r0.f2.-r0.f1.d0.-r1.-d0.-r0.d0.r1.f0.r0.f1.-r0.-f0
199,-r2.f0.-r0.-d2.r0.-f1.-r2.d0.f1.d0.-f0.d0.-f1.-r2.-f0.r2.-r0.-d0.f0.f0.r2.f1.-r2.f0.f0.r2.-f1.r0.f0
200,-d0.-r1.f0.d1.r2.d2.-r1.f0.r1.d2.d2.-r0.f2.-r1.-f2.d1.f2.-d2.f1.-r0.-d0.r0.f1.r0.-f1.-r0.-f1.d2
201,-r1.-f2.-r0.-f0.d1.-f1.-r1.f2.-r2.f1.r1.d0.r1.f2.r0.f2.r1.f2.-d2.-f2.-d2.-r1.d2.-r2.-d1.r2.d2.-r2.d1.r2.-d2
202,-f0.d2.f0.r2.d2.r1.-d1.r0.d0.r2.d0.-r0.-d0.-f0.-r0.f0.d1.d0.r0.r1.f2.-d2.-r1.d2.r1.-f2
203,f1.r0.r0.d1.f1.-r1.-d2.-r0.-f2.r0.r0.f0.-r0.-f1.d2.f1.r0.r0.f1.d0.r1.-d0.-r0.-d2.-r2.d1.r2.-d1.-f1.-f1.-r0.-f1.r1.f1.r0.-f1.-r1
204,f0.r1.-f0.d1.-f2.r2.-d1.f1.r1.-r0.d2.-r1.-f2.-d0.f2.d2.-d0.r0.-d2.-r0.d0.d0.r0.d2.r2.f0.d0.-r2.-d0.-f0
205,-d0.-f2.-r0.-f2.-r1.-d2.-r1.-d2.f1.r0.d0.-r0.-f0.-d1.-f1.f0.d2.-f2.-r1.-d0.r1.-r0.-f1.r0.f0.-r0.f1.r0.-f0
206,r0.d1.-r1.f2.-d2.-r0.f0.d2.-f2.r0.-f1.-d0.-r0.d0.d0.r0.f2.d1.-f2.r0.r0.f2.-d0.-f0.d0.d0.-f2.d0.f0.r0
207,r1.f2.-r2.-f1.f0.d2.r0.f0.f1.f0.r0.-d2.r0.-d2.r1.-r0.f2.r0.f1.r2.-d2.-r2.-r1.d2.d0.-f1.-d2.f1.-d0.r1.-f0
208,-r0.-r0.-r2.f0.r0.d2.-r2.f2.f2.-d2.d0.f2.-r2.-d2.d0.r2.r2.-f0.-f0.-d2.f2.f2.d2.d2.-r0.-r0.f1.f1.d1.-f1.-d1.-f1.-f0.-f1.r1.f1.-r1.f0
209,r2.f2.-f1.d0.r0.-f0.-r1.f2.-d2.r2.d2.-d0.r1.-d1.f0.-d1.-f0.d1.d0.r2.-f0.-d0.f2.-d0.-f2.d0.-f2
210,-r2.f0.d0.r2.-r1.f2.d2.-r1.-f2.f1.-f0.r2.-f2.-f0.-f0.-r1.f2.r1.r0.-f0.-r0.f0.d2.d2.-f1.-f0.-r0.f0
211,d2.f2.-f1.-d0.-f0.-r1.r0.-f2.d2.d1.f0.r2.r2.r0.f2.r0.-f2.r0.d0.r0.-d0.-r0.d0.r0.-d1.-r0.-d0.r0.d1
212,-f1.d0.-r2.-f0.r0.-d1.-r2.d2.r0.-d2.-r0.f2.r2.-r0.-d1.r0.d2.-r0.d2.-f2.d1.-f1.r0.f1.-d1.f2
213,-d0.f0.-r0.-d0.f0.r2.r2.-d1.-d0.-r0.-f1.r0.-f2.f0.-r1.d0.f0.r2.r1.d1.f1.-r0.-f1.-d1.f1.r0.f2.-r0.-f1
214,-f2.r0.r1.-f0.d2.-f0.-f0.d2.-f2.-r0.r2.f2.r2.f0.r2.r2.d2.d2.f2.f2.-d0.-f0.-f0.-d0.-d0.r2.r2.-f0.-f0.-d2.f2.f2
215,f1.r2.-d2.f1.r2.d2.d1.-f2.d2.f0.-r0.-f1.-f0.d1.-f2.r2.-f1.d1.r1.-d1.d0.-r1.-f1.-r1.f1.r1.-f0
216,-r2.d2.d2.-f0.d2.-d0.-r0.-f2.r2.-d2.r0.-r2.-d2.f0.d2.d2.-r0.-r0.d0.-r0.-r0.-f0.-f0.-d2.-f0.-f0.-r0.-r0.d2.d2.-f0.-f0.r2.f1.-r1.-f1.-r2.r1
217,r0.d2.d2.r0.f0.r1.-d2.-r0.-d1.-f2.-d0.f0.-r1.d0.r1.f0.-d1.f0.r1.-f0.d1.-f0.-r2.-d1.r2.r0.-f1
218,-f1.-r2.-d1.d0.-f1.-f1.r0.-f0.-d2.-r2.-f2.-r0.-f2.-d1.-r2.d1.-r1.r0.d1.-r0.-d1.-f0.-d1.-f1.d1.d0.f1.r0.-f1.-d1.f1.-r0
219,-d0.r1.f1.d2.r1.d2.f1.d1.f0.r2.-f0.-d2.-f1.d2.f2.-f1.r0.d0.-f1.-f0.r1.-f2.-r1
220,-r0.-f1.-d0.f2.-d1.d0.-f0.-r2.d2.d2.-f0.-d2.-r0.-f2.-r2.-r1.f2.-r0.f0.f0.d2.-f0.-d2.-f2.r0.f1
221,-f0.d2.-r0.d2.-r2.f0.f0.-d0.f1.-d2.-f1.r2.f2.f2.d2.r2.-f0.-r2.-r0.-d2.-f2.-d0.f2.d0.f0.-d0.-f2.d0.-f0
222,-r1.-f2.d0.-r1.r0.-d1.f1.-r1.d2.-r2.-d0.r2.d2.d2.-r2.r1.f2.d2.f2.-r0.-d2.r0.f2.f2.r2.-f0
223,-r0.-d2.f1.f1.r1.r0.-d0.-d0.-f0.-f0.f2.r2.-f0.f2.r0.d2.-f0.f2.d0.-f0.-f0.-d2.-f0.-f0.d2.f2.f2.-d2.f2.f2.d0.r1.-r0.-f1.-r1.f1.r0.-d1.f1.d1.-f1
224,f0.-d2.-f2.-r2.-f2.r0.d0.-r0.d0.-f0.r0.f0.-r0.f2.-r2.f0.d0.r1.-d0.r2.-d1.f2.-d2.f1.d2.-f2
225,-f0.r0.f1.-d0.-f0.-d0.-f2.r0.f0.d2.d2.r1.r0.-d2.-r0.f0.-r1.f2.-d1.f0.f0.-d1.-f2.f1.-r1.-f1.-f0
226,f1.r0.f2.-r2.f0.f0.r0.d2.-f2.d0.r1.f1.-r1.d2.r2.d0.-f0.-f0.-d2.-d0.-r0.f1.-r0.-f2.r0.f2.-f1.d1
227,d2.-r2.d2.r2.-d0.-r2.d2.-r1.f0.-d1.f0.r0.-d0.r0.-f2.d0.d0.-f1.-d0.f0.-r2.-d2.-r2.f0.r2.d2.-d0
228,r2.f2.-d1.-r1.f0.-r1.r0.d1.-r2.-r0.d1.-d0.-f2.-f2.-d0.f2.r2.f2.-d0.-f0.-r0.f1.-d2.f1.d2.-f1.r0.-f1
229,f2.f2.-f0.d2.-f0.-f0.d0.r0.d2.d0.f2.f2.d2.f0.-r2.d2.r2.r2.-f0.-f0.-d2.f2.f2.d2.-d0.r2.r2.-f0.-f0.-r0.-d1.-f1.d1.f1.r0.r1.f1.-r1.-f1
230,r1.-r0.-d1.-r1.-d1.-r2.r0.f2.r2.r2.-d1.f2.-d2.r2.-d2.-r2.d2.r2.f2.-f0.-r2.-r0.-f2.-r1.-d2.r1.f2.r0
231,-f2.f1.-d0.-f2.r0.d2.d2.-f0.f2.-r2.-f1.f0.d0.-r2.-d0.f2.f2.d1.d1.f0.d1.-f0.-d1.-f2.-f0
232,f0.d1.f1.d1.f0.-d2.-r1.-f1.-d2.r2.f1.-d0.-r2.d0.f2.f0.-r0.d0.r0.d0.d0.f2.d0.-f0.d0.d0.r2.-f2.-d2.r2.d2.f2
233,-r0.-f0.-r2.r1.f2.-d0.f1.d2.-f0.r2.-f2.f0.-r0.-d2.-r0.d0.-f0.-d0.-f0.-r0.f0.-d0.r0.d0.-r0.-f0.-r0.f0.-r0
234,r2.-f0.d1.-d0.-d0.-f0.r2.d0.r2.r2.f2.f2.r2.d2.-r2.f0.-r0.-r0.-d0.-d0.-f0.-f0.d0.r2.r2.d2.d2.r2.r2.d0.r2.f1.d1.-f1.-d1.r2.d1.f1.-d1.-f1
235,-f1.-d2.-r0.f1.-d1.d0.f2.d0.r2.d2.-r0.f2.f2.-d2.-r2.-f2.r2.f2.-r0.d1.r2.r0.f1.d0.-f0.d1.f1.-d1.f0
236,d2.f0.f1.d1.d1.-d0.-d0.-r0.-r2.d2.-d0.-d0.r0.-f2.-d2.-r0.f2.-d0.-d0.-f0.-f0.f2.f2.-d0.-f0.-f0.-d2.r2.r2.-f1.-r1.f1.r1.-d0.-f2.-d1.r1.d1.-r1.f2
237,-d2.f0.r0.r0.f0.f0.r1.-d0.-f2.d1.r2.d1.f1.-r2.r1.-d0.r0.f1.-r0.-f1.-r0.f1.f0.-d2.f1.d2.-f0
238,-f2.r1.f0.d0.-r2.d1.f2.d1.f2.-f0.-d0.f0.d0.-f0.r1.f2.f2.r0.d1.f2.-d1.-f2.-d1.f2.r2.-f2
239,r2.f0.-r1.-d1.-r2.f0.r0.-d1.-r2.f0.-r2.-r0.-d1.-r0.-d0.f0.-r2.f0.f0.-d2.f1.d2.-f1.d0.-f0.d1.f0
240,r2.-d1.r1.-f0.-d0.-r0.-f2.-d1.-r0.-f0.-r2.-d2.r2.-f0.d2.-f0.-r0.f0.-d2.-d2.-r2.r0.-f0.-r0.f0.r2.f0.-d1
241,f0.r2.-f1.d0.-r2.-r1.-f0.d1.r0.-d0.f0.d0.f2.-f0.-d0.-f2.r2.-d0.f0.-d2.f2.-r0.f1.-r1.-f1.r0.-f2
242,-d0.-f0.-r0.-f1.f0.-r0.f2.-r1.-f0.r0.r1.-d2.f1.r2.f2.f2.-r2.-f1.-d0.r1.d2.-r1.-d1.r1.d1.-f1.-d2.d0
243,f2.f1.d1.-f0.d0.-d1.f2.r1.r1.-f0.r2.-f0.-r2.d0.r2.f0.f0.-d1.-f0.-d0.f0.r2.r2.-f0.-r2.d0.r2.f0.r2.r2.f0
244,-f2.-d2.-f2.-r2.d0.r0.d2.-r0.-f1.d2.-d1.-r2.-d1.r1.-f1.-f0.r1.f1.f0.-d1.-d1.f2.d1.-f2.r0.-d2
245,r1.r1.d2.f0.-d1.-r1.f2.d2.r2.-f0.f2.d2.f1.-d0.f1.-d1.-r0.-f1.r0.-d2.d1.f0.-d0.-r1.d0.-f0.-d0.r1.d0
246,f2.-r2.f1.-r0.d2.d2.-r2.f2.f2.-r2.-f2.r0.-d0.-d0.f2.-d2.-f2.-d0.-f0.-f0.d2.d2.-f0.-f0.-r0.-r0.-d2.-r0.-r0.-d0.f2.f2.r2.r2.r1.-f1.-d1.f1.d1.f1.-r1.-f1
247,d1.d1.f1.r2.d2.-f0.-r1.d2.d0.-f1.r0.d2.f2.d0.r0.r0.d1.-r0.-f0.r1.r0.-d0.-f2.-r2.f2.r0.-f2.r2.f2
248,-d2.-r1.r0.-f0.-d0.-r0.-d2.-r0.-r0.d2.f2.r0.d0.f2.-r0.-r0.f2.f2.-d2.-r0.-r0.-d2.-f0.-f0.d2.-f0.-f0.d2.-r0.-r0.-f2.d1.f1.-d1.f2.-f1.-d1.r1.d1.-r1
249,r0.-f2.-r1.d2.-r1.-d0.-r0.-f2.-d2.r2.d0.-r2.-d2.-f2.d2.f2.-d0.f2.-f1.-d0.-f2.r0.-d0.f2.d0.-f2.d0.-r0.f1
250,-r1.-f2.d0.-f1.r1.-r0.d0.r0.d1.r0.f0.-r0.d2.d1.f0.d2.d1.r2.f1.r2.-d0.r0.d0.f2.-d0.-f2.r1.-d1.-r1.-r0
251,-r2.d2.-f1.d0.f0.-d0.-d0.f2.f2.r2.d2.-d0.-d0.-f0.-d2.r0.-d2.-f0.-f0.-d2.-r0.-r0.-d2.-r0.-r0.-f0.-f0.-d0.-f0.-f0.-d0.-f2.d1.f1.-d1.f2.-f1.-r1.-f1.r1.f1
252,f2.-d0.r2.-d0.-d0.r2.r2.f0.d0.-f0.-f0.-r0.-r0.d0.r2.d2.-f0.r2.r2.-d0.-d0.-r0.-r0.d0.r2.r2.f2.f2.d0.r2.r2.-d0.-r0.-r0.f1.-r1.-f1.r1
253,d1.-f0.-d0.f1.-f0.r0.-f1.-r2.-f1.r0.-r2.r0.-d0.-r0.r2.d0.r2.-d0.r2.r2.f2.-r0.f1.-r0.-f1.r0.r0
254,d2.-f2.d2.r0.d2.r1.-d2.r0.-d2.-r1.-d0.f2.r2.f0.-r2.-r0.f2.r0.-f0.-r0.f2.r0.-f2.-d0.f2.f2
255,-f0.-r0.d2.f2.f2.r2.-f0.-f0.r2.f0.-r0.d2.-r2.d2.-f0.-f0.r2.r2.d2.d2.-d0.f2.f2.d2.-f0.-f0.r2.r2.d0.-r1.-d1.r1.d1.f0.-r1.f1.r1.-f1.-f0
256,f0.f0.-r1.r0.-f2.f0.r1.f1.r2.f1.r2.-f0.d2.f2.-d0.-r2.-d2.-f0.d0.f0.d2.d2.d1.-d0.-r2.-r0.d2.r2.-d2.r0.f0.-d2
257,-d2.-r1.d0.-f0.-d0.-f2.-r0.-r0.-r2.d0.r2.-f0.r0.-f0.d2.-d0.r2.r2.d2.-f0.-f0.d2.d2.f2.f2.r2.r2.d2.d2.-r1.-d1.r1.d1.r1.f1.-r1.-f1
258,-r2.f0.-d1.f2.-f1.-r2.-d2.-d1.-f2.-r2.d0.-r2.-d2.r0.-f0.-d2.-f1.d2.f0.r0.-d2.f1.d2.r2.-d2.f0.d2.-f0
259,-d1.f0.r2.-r1.f2.-r0.-f1.f0.d2.d0.f2.r1.f2.r1.r0.f2.f2.r0.r0.-f0.r0.-d0.f2.-r0.d0
260,-d2.f1.-d2.-f0.-d2.f2.-r1.-d1.f1.-f0.f1.r1.-d0.-r1.-f0.r1.f0.-r0.-r1.-f1.r1.-f0.-r1.-d2.r1.d2.r0.-d2.-r1.d2
261,-d0.-f0.d2.d2.-r2.-f2.r0.-r2.f2.f2.-d0.f0.-d2.f0.-d0.-d0.r2.r2.d0.-f0.-f0.-d2.f2.f2.d0.-f0.-f0.-d0.-d0.f2.f2.r2.-f1.-r1.f1.-r2.r1
262,r2.f1.-d2.r2.d2.-r2.r0.-d2.-f1.f0.-r2.d0.-r0.d2.r0.f2.r0.-d0.f2.d0.-r0.-f2.-d0.r2.-f2.-r2
263,f2.f2.f1.f1.-d1.-d0.-f0.-f0.-d2.-r0.-r0.-r2.d2.r0.r2.-f0.r0.r2.r2.-d0.r2.r2.d2.f2.f2.r2.r2.d0.r2.r2.d2.f0.f1.r1.-f1.-r1.-f0.r1.f1.-r1.-f1
264,d2.-d0.f1.-f0.r0.-d1.-d1.-f1.-r1.r0.d2.-r0.f0.f0.-d2.r2.-f2.d0.f2.r0.f2.r0.r0.d0.r0.-d0.-f2.d0.d0.f0.-r2.-f0.d0.f0.r2.-f0
265,f0.-d0.f1.r2.d1.-f0.r2.f0.-d2.-f0.-d0.-f1.-r0.d0.r2.f0.r2.f2.-d0.-f2.-d0.r2.r2.f0.f0.-r0.-f0
266,d1.f1.r0.d2.r1.-f2.d2.-d1.-r0.d1.r0.-d1.r1.-d2.r2.-d2.r0.-d0.-r0.-d2.r0.d0.-r0.-d2.r0.-f2
267,-r2.-d2.-r0.-r0.-f2.r0.-f0.-d0.-r0.-d2.-f0.r2.-f0.-r0.f2.f2.d0.r2.r2.-d0.-d0.-r0.-r0.-d0.-f0.-f0.d0.-r0.-r0.f2.f2.-f1.r1.-d1.-r1.f1.d1
268,d2.-r1.-f2.-d2.d0.-r2.f0.f0.-r2.-d2.r2.d2.-r1.-r1.d0.d1.r2.r0.-f0.-d0.f2.-f1.d1.f1
269,f0.f0.d1.r0.-r2.-d0.-d0.-f0.-r0.-f0.-f0.-r0.-r0.-f2.d2.-r0.-f0.-f0.r2.r2.-d0.-f0.-f0.d0.r2.r2.d2.-d0.-d0.f2.-r1.d1.r1.-d1.-f2.f1.-d1.-f1.d1
270,-r0.-d0.-f0.r1.f2.-d1.f2.r0.r0.f1.r1.-f0.-r1.-r0.d2.f0.d2.r0.-d2.-f0.d2.r0.r0.d2.r1.-d2.r0.d2.-r1.d1
271,-f0.r2.d2.f2.d2.-f1.r0.-d2.r1.d2.-f2.-d0.r0.d1.-f1.d1.f1.-d1.-r2.d1.r2.f1.-d1
272,-r0.-f1.-r2.f1.-r2.f2.-r2.-f1.d0.r2.d0.-r0.d0.r0.-d0.r0.-f2.-d1.-f1.-d2.-f1.r1.f1.-r1.d1.f1
273,r0.f0.r0.-d1.-f0.d0.-f0.d2.d0.-r1.f0.f1.r0.-d1.-f0.r1.-d1.f0.r1.-f0.r1.-f2.d0.f2.r1.-f2.-d0.f2.f1.r0.-f1.r1.f1.-r0.-f1
274,-d2.-f0.r2.-d2.-r1.-r0.f0.-d2.r0.-f0.-r0.d0.r0.d2.r0.r0.-d0.r0.f1.r2.-r0.d0.r0.-d0.-r2.-f1
275,-f1.-r2.-d2.r0.f1.-r1.-r0.-f0.-r0.-d0.-f2.d0.-f2.d0.-r0.-f2.-d2.f2.-r2.-d0.r2.d2.-r2.d0.r2.r0.f0
276,f2.r0.-d0.-f1.r0.d2.r0.d2.d2.-r0.f0.-d2.r0.d2.-f0.d1.-r2.-d1.-r0.-f1.r0.d1.r2.f1.-r2.-r0.d1.-r2
277,f0.-f2.f1.r1.r1.-d0.r2.-d2.-r0.d0.r0.f0.f2.f2.d0.r0.d2.d2.r2.r2.-d0.-f0.-f0.d2.d2.-r0.-r0.d0.-f0.-f0.d2.-r2.-f1.r1.f1.r2.-r1.f0.f1.-d1.-f1.d1.-f0
278,d1.-r2.f0.-r0.d2.f1.-d1.-r2.-f2.-r0.-r0.f2.r0.d0.f2.-r1.-f2.-r2.-f1.r0.f1.r1.d2.-f0.r1.f0.-d2.-f0.-r1.f0
279,r0.-f2.-r0.d2.-r1.-r1.f0.r1.-d0.f0.-r0.f0.r0.-d1.-f2.f0.-r0.f2.r0.f0.f0.r2.-f1.-r0.f1.-r2.-f2
280,d0.f0.-d1.f1.-d0.r0.-f2.f0.d1.-r2.-d1.f2.-r0.-r0.-d1.-r0.-r0.-d1.r0.-f2.r2.-d1.-f0.d1.-f1.-r1.f1.-d1.f0.d1
281,-r2.-f2.r1.d0.-r2.-f2.d2.r2.f0.r0.-d0.-f0.-d2.-r0.-r0.d2.d2.-r0.-r0.d2.r2.r2.d2.-f0.-f0.-r0.-r0.-f0.-f0.-f1.-d1.f1.r1.d1.f1.-r1.-f1
282,-f0.r2.d0.f1.-d2.d0.f1.r1.d1.f0.-d2.d1.r2.-d1.d0.f2.f0.r2.f2.f2.-r0.-f2.-r2.f2.r0.f2.-f0.-d0
283,-d0.r2.d1.r2.-d0.-f1.f0.-r1.d1.-f1.f2.-d0.f1.r0.f2.r1.f2.-r1.d0.f2.-d0.-f2.-r2.d0.r2.-d0.-f2.d0.d0
284,d0.r2.f1.-d2.r2.-f2.-r1.r0.-f0.-d2.f0.-r1.d1.-f0.d2.r2.-f2.r0.d0.-f1.d2.f1.d1.-r0.f2.-d1.-d0.-r2
285,f0.r1.r1.-f1.d0.-r2.-f2.-f0.-d0.-r2.-d2.r1.d0.-f0.-d0.f0.r2.-f2.r0.f2.d0.-f2.-r0.f2.-f0
286,d2.r2.f1.d2.r0.-d0.f2.-r2.-f0.d0.f1.f0.-d0.-r2.f2.-d0.f1.f1.f0.r0.-f0.-r0.f1.-f0.-d2.-f2
287,-r2.f0.r1.-f0.-d1.-d0.f1.-r2.-d0.-f2.-d2.r2.r1.d0.r0.f1.d2.-f1.-r2.f1.r0.r0.d1.r2.r0.f1.-r0.-f1.-r0
288,f1.-d1.-f1.r0.f0.r0.f1.r0.f0.-d2.-r2.-d2.-f1.d2.d2.-r2.r1.f2.r2.f1.-r1.f0.-r2.-f0.r1.f0
289,-r0.f2.r2.r2.f2.r1.-d0.r1.f1.-d0.f2.-d0.-f0.d0.-r2.d0.-f1.r2.-d2.r0.f0.d0.f0.r2.-d0.-f0.-r2.f0.r1.-f0.-r0
290,d1.f2.-r1.f2.d2.d2.r0.-d0.-r0.-d1.-r0.-f2.r0.f2.d2.-f2.d1.-r0.d0.-r1.-f2.-d0.f2.d0.r1.-d0.-f2.r0
291,f0.-r1.-d1.r2.-d0.-d1.f2.r1.f2.f2.f0.-r0.f0.d1.-d0.f2.d0.-f2.-d1.-d2.-f0.-f1.-r0.f1.r0.-f2.-f0
292,-d0.r0.-d1.f0.d0.-r1.r0.d2.d2.-r0.-d2.-d0.r0.-d2.d0.f2.f2.d1.f2.f2.-r2.-f2.-d2.r2.-r0.f1.r0.f0.-r0.-f1.r0.-f0
293,-f2.-d1.-r0.d2.r0.d2.f0.f0.-r0.f1.r2.-r1.-f2.r1.-f1.-r2.-f0.r1.f0.-d1.r1.d1.r2.r0.d0.r1.f1.-r0.f0.d0.-f0.-r1.f0.-d0.-f0
294,-d0.-f1.r1.f0.r0.-f0.d0.-f2.f0.r2.-d2.r0.f1.d0.-f2.-f0.d1.f1.-d0.-d1.f1.d0.-r0.d1.-d0.-f1.d0.f1.-d1.-f1
295,d1.-r1.-f1.-d2.-r2.r1.r1.-d1.-f0.d2.f2.d2.r0.d2.-r2.f2.r2.f2.f2.-r2.-r0.d1.r0.-d1.-r1.r0.-f1.-r0.f1
296,-r0.d1.-f1.-d2.f0.-r2.-d0.-r1.-f1.-r2.d2.f1.d2.r1.-f2.-r1.-f1.-f1.r1.d0.d1.-f1.-d0.f1.f1.-r0
297,-r0.d2.r2.f2.d0.-r0.-r0.f0.-r0.-r0.-f2.-d2.-f0.-r2.-d0.f2.f2.d2.-f0.-f0.r2.r2.-f0.-f0.-d0.-f0.-f0.-d0.-d0.-r0.-r0.f1.-f2.r1.-f1.-r1.f2.-d1.f1.d1.-f1
298,r2.r2.-d0.-r1.d2.f0.-d2.r2.-d0.-r2.f1.d1.-f2.r1.f2.-f1.-r2.-d1.r2.d1.r1.-f0.-r0.f0.-d2.-r1.d2.-f0
299,f0.-r1.-d2.f2.-r0.-f2.-d2.f2.-f0.-r2.d2.d2.f2.r2.-d2.f1.r2.f0.-d0.r2.d0.-f0.-r2.d2.d0
300,r2.-d1.-r1.-f1.d0.f0.-d2.f2.f0.r2.-d2.r0.-d1.r2.-r0.d2.f2.-d0.-r0.-f0.r0.d0
301,-d1.-r1.f0.-d0.r0.-d1.f2.d2.f2.d1.r0.-d1.-d0.f1.d0.-f2.d0.f0.-r0.-f0.d2.-r1.-d2.-d0.-f0.-d1.-f1
302,-d1.-f2.-r0.-f2.-f0.-r0.-d0.r2.-f2.f0.d0.-f1.-d0.-r2.d0.f0.f0.-d0.f0.r2.f2.r1.-f2.-r2.-f0.d0.-f1.-d1.f1.-d0
303,d2.-r2.-d1.d0.r2.-f2.-r1.-d2.d1.-f1.-d0.r1.-f2.d1.-r1.f2.d0.-r2.d0.r2.d0.d0.r1.d0.-r0.-d0.-r1
304,r0.d2.-r1.d2.-r2.d0.-r0.-f0.r0.d0.f1.r0.-f2.f0.-r2.r0.d0.-r1.-f2.r1.f2.-d0.r2.-d2
305,-r2.f2.d2.-d0.-f0.d0.f0.d2.d2.r0.f2.-d0.-d0.-f2.-d2.f2.f2.-r0.-r0.r2.r2.d2.r2.r2.d2.-f0.-f0.r2.r2.-f1.d1.f1.-d1
306,d1.d1.r0.f1.-f2.-r0.-d1.-d2.f2.-f0.r0.d0.-r0.r2.f2.-r2.f1.d0.f1.-f0.r2.-f1.f0.r2.f1.-r2.-f1.-r2
307,-f2.r2.d2.d2.r2.-r1.-f2.-d1.r0.f1.f1.r0.-d0.f0.d1.-f0.-r2.d2.r2.f2.-r0.f0.r0.-f2.d0.f0.-d1.-d0.f2
308,-r2.f2.f1.r1.r1.r0.-f0.d2.d2.d0.f2.-r0.-r0.-d0.f2.-r0.-d0.-r0.-r0.-d2.-f0.-f0.-d2.-d0.-d0.-r0.-r0.f2.f2.-d0.-d1.d0.-f1.d1.f1.-d0.f0.d1.r1.-d1.-r1.-f0
309,r0.f0.-d0.-f2.f1.r2.d0.f0.d2.-r1.f2.f2.-f1.-d2.-r2.f1.f1.-d0.f1.-f0.d2.-f1.d0.f0.d0.r2.d1.-r2.-d1.-d0.-f0
310,f1.r0.d2.r2.-r1.f0.-r2.d0.r2.d0.-r1.-f2.r2.-d2.r1.-f0.d2.r1.f0.-r2.-d1.-f2.d1.-f0.d2.r1.d0.-r0.-d0.-r1
311,f2.-d0.f0.-d2.d1.r1.f0.-r2.d1.-r0.d2.-f2.-d2.-f0.-d0.r2.-f2.r2.f2.-r2.d0.-f2.r2.f2.r0.r0.-f2.-r2.f2.-r0.f0
312,d1.-d0.-f1.d2.f2.-r0.d2.-f2.d2.r2.d2.-d0.-f0.-r1.d2.r1.r0.d2.-r0.-d2.d1.-f2.-r2.-d2.-d0.-f0.r2.f1.d0.-f1.d2.f1.-d0.-f1
313,d1.-r1.r0.d1.-f1.-d2.-r1.f2.r0.f0.r0.f0.-r0.f1.d2.-f1.-d0.r2.f2.-r2.d0.f1.-r2.d2.r0.-d2.r2.r0.-f0.-r0.f0
314,-r0.f2.-r2.d0.d0.-f0.d0.r0.r0.f2.d0.r1.d1.f1.-r1.-d0.-r0.-d1.-d0.f0.-d2.-f2.r1.-f0.-r0.f0.-r1.-f0.r0.d0
315,-f2.f1.r2.-f2.-r2.-r0.-f0.-r0.-d0.-r0.d0.-d2.r1.r0.f0.-d2.-f0.-r0.-d0.-r0.-f2.-d0.f2.-r0.-f2.d0.f2
316,f1.-d1.f0.r1.r1.f1.-r0.f0.f0.-r2.d2.-f0.-d2.f0.-r2.f0.-r2.-f0.d2.-r2.-d2.-r2.f2.f2.-r2.d1.r2.-f2
317,-f1.-r2.-f1.d0.-r0.r2.-f2.d2.-r2.-d1.-r2.-f0.-d2.r2.f0.-d0.-f0.-r1.f0.-r0.-f0.r1.-r0.f0.-d2.r0.d2.d0.-f0
318,-r0.-d1.f0.-d0.r1.-f0.r2.-f0.d1.-r0.-d2.r2.d0.f2.f0.f0.d1.f0.-d1.f1.r0.-d0.r0.r0.d0.r0.-f0.-r0
319,d1.d1.f2.-d0.f0.f0.r0.f0.-d2.f1.r2.f1.r1.d0.-f0.-d0.-r0.f0.-r1.-f0.-d1.-f2.r0.f2.d1
320,-f2.r0.-f2.-f1.f0.-r2.-f2.f1.-f0.r2.-f2.-r2.-f2.-f1.r1.d2.-r0.-r1.f2.r0.d0.-r0.f2.d2.-f2.-r0.f0.r0.-d0.f2.-r0.-f0
321,f1.-d2.r1.-f1.-d2.d0.r1.-r0.d0.r2.-f0.-d2.f2.d1.-f2.-d1.-r2.f2.d2.-f2.r1.d0.f2.-d0.r1.-f0.r0.f0.r1.-f0.-r0.f0.d0
322,d1.-f0.d1.-r1.f1.d2.d1.r0.-d1.r2.r1.f0.-r1.-f0.d0.r2.f0.r0.d0.-f0.-d2.-d0.f1.f0.-r1.-f0
323,-f1.r2.f1.-d2.d0.-r0.f0.-r1.-f1.-r0.-d0.r0.-f2.r2.f2.-r2.-f2.-d2.r2.f1.f0.d2.f2.-r2.-f0.r2.r2.f0.-d0.f0.d0.f0.f0
324,f1.d2.-d0.-f2.-r1.-d0.f2.-r0.-d0.r0.-f0.-d0.-f1.-r0.f2.r2.-f2.d0.f2.-d1.-r2.f0.-d0.-f0.d1.f0.d0.-f0.-d2.-d0
325,r1.f0.d1.-d0.-r0.d0.f2.-d2.-f1.-r0.-r0.f1.-r2.r1.-d0.-r2.-d2.-f0.r0.-f1.-r0.f0.-d2.-r0.d2.f1.-r0.d2.-r0.-d2.r0
326,f2.f2.-f0.r0.d1.-r0.-r0.d0.-r2.-f0.-r2.d2.f2.r2.-f2.-d2.-r2.f2.-f0.f2.-r2.f0.r2.d1.-d0.r0.d0.f1.-d0.-f1.-r0.f1.d0.-f1
327,d0.-r2.r1.-d1.-f2.-d1.f1.r2.-r0.-f2.r0.-f1.d0.-f0.d2.-d0.f2.d2.d2.r2.d2.d2.f2.d0.-f1.-d0.-f2.d0.f1
328,-d1.-f2.d2.-f2.d1.-d0.r1.d2.-r2.-f2.d2.d2.r1.-r0.d2.-r0.-r0.d1.-f1.-d0.-f0.-d2.-d0.r0.d0.-r0.-d1.f2
329,f1.-d1.-f2.-d2.r2.f0.-r0.-d2.-d1.-r2.r0.f2.-f0.d0.-f2.-r2.-f2.f0.-d0.r2.d0.f2.-d0.-r0.-f2.r1.r0.d2.d0
330,-f0.-d0.r0.d2.f2.d0.-d2.r2.-f2.r2.r2.f2.r1.r0.-f2.-f0.d0.f1.d0.f1.-d0.-r0.-d2.d0.-f1.-d0.f1.d2.-f2.f1
331,-r1.-f0.-d0.r0.d1.r2.r2.f0.f0.r0.-f1.-r2.-f0.d2.r1.f0.d2.f2.r1.-f2.-d2.-r1.-r0.f2.-r1.-f2.-d1
332,d2.-f2.f0.-d0.-r1.f2.-d1.-r2.-f2.-f1.-d0.-r2.d2.r0.-d2.d1.r2.f1.-r0.d1.r0.-d1.-d0.-d0.-f1.d0.f2.r1.-f2.-r1
333,-d1.-r0.-d1.-f0.d2.r2.d2.d2.r1.f0.-d1.f2.r1.d2.-f2.-r2.-f1.d0.r2.f2.-d0.f2.r0.-f0.-r1.f0.-r0
334,d0.-r2.d2.f2.-f0.r1.d0.f2.-r0.f2.r0.f0.r1.d2.-r1.-d2.-f2.d2.-f0.-r0.-d2.-d0.r2.r0.-f2.r1.f1.-r1
335,-r2.-f1.-d1.-r1.-f2.r2.-d2.-r2.f0.-d1.-d2.-r2.f0.d2.-d1.-d0.-r2.d0.r2.r2.d1.-f2.-f2.-d1.f2.-d1.f2.d1.-f2.d1.f2
336,f2.-d2.r1.d1.f2.r2.-d1.r0.-f1.d2.d1.r0.d1.-f0.-r0.-d0.r0.r0.-d2.d0.f0.d2.r1.d0.r2.r0.-f1.-r0.-d0.-r1
337,-r2.-f1.d0.d0.r1.d1.f2.d1.r2.r1.f0.r2.r0.d0.r1.d0.r0.-d2.-r0.-d0.-r1.-d0.-f1
338,r0.d0.-f1.-d2.r2.f0.-r0.d1.r2.f2.-r1.r0.f0.d2.d2.-r0.-f2.r0.r0.-d2.f2.-r2.-d0.r2.-d2.-r2.d0.r2
339,-d0.f2.f1.r1.r1.-f0.d0.-r2.d2.d2.f2.r0.-r2.d2.f2.r0.f2.-d2.r2.r2.d0.-r0.-r0.r2.r2.d0.r2.r2.d2.f2.-r1.d1.r1.-d1.-f2.f1.-d1.-f1.d1
340,f0.d2.r0.f1.r1.d2.r0.-f1.r2.-f2.-r2.r1.-f2.r0.-d2.-f2.f1.-r0.f2.-r1.f2.-d1.-d0.-f0.-r2.f0.d1.f2
341,d2.-f1.d0.-f2.d2.-f2.-r2.-r2.-f0.-r0.-d0.-f2.-r0.-d0.f2.-f0.-r0.-d0.r2.f0.r0.-f1.-r0.-f0.r0.f1.f1
342,-f1.f0.d2.-r0.f0.d2.-r0.-r1.f2.-f1.r0.f1.f1.r0.-d1.f0.-d1.r1.f1.d1.-r1.d1.-f0.d1.f0.d2.d1.d1
343,d2.r1.f0.-d0.f0.d0.-r1.f2.-f0.d2.-f0.-d2.f1.-d1.r2.f2.r2.d2.-r2.-f2.r2.r2.-f2.r2.d1.-r2.f2
344,-f0.-r0.-f0.-d0.-d0.r2.-d2.-r0.d2.d2.-d0.-f0.-d0.-r0.-r2.-d0.-r0.-r0.-d2.-f0.-f0.-d0.-d0.f2.f2.-r0.-r0.f2.f2.d2.-r1.f1.-r1.-f1.-r1.-r1
345,-d0.-r2.d0.-f2.-r2.-r2.f2.-f1.d0.r2.f2.d2.d2.-r1.d0.-r0.f0.d1.f0.f0.r1.-d1.f0.r1.-f0
346,r1.f1.-r1.-d1.r2.-d2.r0.d2.r2.f0.f0.d2.-d0.r2.r2.-d2.r2.r2.d2.r2.r2.-d2.-r2.r1.-d2.r2.-d0.-r2.d2.r2
347,-f2.d1.-r0.d1.r2.d0.-f2.r2.d2.-r2.-f0.d0.d0.f2.d0.d0.-f1.-r0.-r0.-d1.r0.d1.r0.d2.-f0.-d2.-d0.r0.d0
348,-f0.f2.d1.r2.-d2.-f0.-d0.-r2.-d0.-f0.-d2.-r0.d2.-r0.d2.-d0.-r0.-r0.d2.f2.f2.d2.d2.-f0.-f0.f2.f2.d2.f1.r1.-f1.-d1.-r1.d1.f0.-d1.-f1.d1.f1.-f0
349,-r1.-d0.-r2.-d2.-f1.r2.-d0.-r0.-f1.-r0.-d1.-r2.-d1.-r0.f1.f2.r2.-f0.r1.r0.-f1.-r0.-f2.-r2.f2.-d0.r2.r0.-f2
350,-f0.-r0.-d2.r2.-r0.-d0.-r0.f0.r0.f1.r2.f2.-f1.-d0.-f2.-r1.-d2.d1.d1.f1.-d2.-f1.d1.-f1.-r0.f1.r0.f0.-d2.-f0.d1.f0.d2.-f0
351,-r0.f1.r2.d0.-r2.f0.-r0.-f0.d0.r2.-r1.f0.r0.d0.r2.-r1.r0.-f0.-r0.f0.r2.f0.r0.r0.-f0.r2.f0.r0.r0.f0.f0
352,-r1.d1.-f1.-d0.f0.-d0.r2.-d2.f2.r2.f0.d0.-f2.d0.f2.-r0.-f0.-d0.-f2.-r0.-f1.-r1.f1.r0.f2.-d0
353,-d2.-f2.d2.f2.f2.d2.f2.-r0.d1.d1.f1.r0.-f1.r2.d0.-f0.-r1.-r0.-d1.-f1.r0.f1.-d0.-r0.d0.f1.-d0.r0.d0
354,-f0.r1.-d2.f0.d1.-d0.-d0.r2.-d2.-r2.f1.-r0.f1.r0.d1.f2.-r0.-f2.-r1.-f2.-f1.-d1.f2.f1.r1.d2.d0.r0.-d0.-r0
355,-f1.d1.-r1.d1.-f1.d0.-r0.d0.r1.f2.f2.d2.r0.r0.-d2.-f2.d0.-r0.d0.f2.-d0.r0.d0.r0.-f2.-r0.f2.r0.r0
356,d1.-f2.-d0.f2.f2.-d2.-f0.-d1.-r0.-d1.r1.-d1.-f1.-r1.f0.-r2.f2.r2.-f0.r1.d1.-f0.-d1.-d0.r0.d0.f0.r0
357,-r2.d0.r0.f0.r0.-f2.d1.d1.-r0.f0.-d2.r0.-r2.-f1.-r2.-f0.r2.-f2.f1.f0.-d2.-r0.-d1.r2.d1.d0.-f2.-d0.r0
358,r2.-d2.-r2.f1.f1.r0.-f0.-r0.-r1.f0.-d0.-f0.d1.-d0.f2.-d0.-r2.-f2.r2.-d1.f2.r2.f2.-d1.-f2.-d2.f2.d1
359,f2.r0.-f0.-r1.-f0.-d0.r0.d0.d0.-f1.d1.f2.d0.-r2.-r1.f0.r1.-r0.f2.-f1.-d1.-f2.r1.-f0.-d0.-r2.-d2.f1.d2.r2.d0
360,-d2.-f0.-r0.-r0.-f0.-d0.-f0.r2.f2.-d2.-r2.-d0.-d0.-f0.-f0.r0.d2.r2.r2.-f0.-f0.-d2.f2.f2.-d0.-d0.r2.r2.d0.f2.f2.-d2.-r1.r2.d1.r1.-d1.-r2
361,-d1.d0.-f2.-d1.f1.-r0.-d2.-f0.-r2.-r0.f2.-d2.-r2.d2.r2.f0.-d0.r0.d0.-f0.-r0.d2.f0.-d2.-f0.-r0.-f0.r0.-f0
362,-r0.f0.-r0.f2.-f1.-d1.r0.d2.-f1.-d2.f2.-f1.d2.-f2.r2.-r0.-d1.f1.-d2.-d0.-f2.-r1.f2.-f1.-d1.f1.f0.r1.-f0.-r1
363,-r1.f2.r2.-d0.-f2.d2.-f0.r0.f0.-r2.-f0.r2.-d2.-r1.-r2.-r2.-f2.-d2.-f2.-d1.r2.-f2.-r2.f2.f0.d2.-r2.d1.r2.-d2.-r2.-d1.r2
364,f0.-r2.f2.-r0.-f0.d0.f1.r0.d2.-f2.f0.-d0.r2.d0.-r2.d2.f0.f0.d2.-f1.-d2.f0.d2.f0.d2.-f0.-d2.f1.d2.-f1
365,f0.-r2.-r1.-d0.r0.f0.-r2.-d0.-d0.f0.d0.-r0.r2.f0.-r2.d2.-f0.-f0.d0.-f0.-f0.d2.-r0.-r0.f2.f2.d0.r2.r2.d2.d2.d0.f1.r1.-f1.-r1.-d0.r1.f1.-r1.-f1
366,f1.-d1.r1.f0.f0.-r1.-d2.-f2.-r1.f0.-d2.r1.-r0.-f2.r0.f2.-r2.-f2.r2.f0.-r2.f2.-r2.r0.d0.-r2.-r0.-f2.-r1.-f0.r1.f2
367,-d1.f1.-d1.-r2.-d2.-f2.f0.r1.-r0.-f2.d0.-f0.d2.-d0.r2.f0.d0.r2.f2.r2.-f2.r2.-d0.-f0.d2.-r2.-d2
368,d2.d2.-r0.-f2.-f1.f0.d0.r2.d1.d0.-r1.f1.r1.-f1.-d2.-f2.-d0.f2.f2.d2.-f0.-r0.-d2.-f2.-f0.d0.f0.r0
369,-d0.f2.-r1.-d2.r0.-d1.-r2.-r0.d1.-r0.d2.-r2.-r1.-d2.r1.-d1.-f0.r2.-d0.-r0.-d0.-r2.-f1.r2.d0
370,f2.-d0.-f0.-r0.f1.-d2.f1.-d2.-d2.-r1.-r0.f0.-d0.d2.-r0.-r0.-f0.d0.f0.d0.r0.f2.-r1.-f1.r1.-f2.-r1.f1
371,r0.f1.f1.r1.f2.-d0.-r2.-f2.-d2.f2.r0.-f0.-f0.d2.-r0.d2.f2.f2.-r0.-r0.d2.-d0.f2.f2.-r0.-r0.r2.r2.-d2.-r0.-r0.-f0.r1.d1.-r1.-d1.f0.f0.-r1.f1.r1.-f1.-f0
372,f0.-d2.f1.r1.r1.d2.f0.-f2.-r0.-r0.-f2.-d0.-r0.r2.d2.r2.r2.f2.d2.r2.r2.d0.r2.r2.-d2.r2.r2.-f0.-f0.-d2.-f0.-f0.f2.f2.f0.d1.r1.-d1.-r1.-f0.f1.-r1.-f1.r1
373,r0.-d2.-r2.-f0.-d1.-f0.r2.r2.d2.r2.-f1.-f0.-r1.r0.d2.f0.-d2.-f0.-d2.-r0.-f2.r1.-f2.-r1.f2.-r1.-d1.f0.d1.f2.-d1.-f0.d1
374,-d0.-f1.-f0.f2.-r0.-f2.d2.d2.-r2.-d2.r2.-f0.-f0.-r0.f2.d2.-d0.-f0.-f0.f2.f2.-d0.r2.r2.f2.f2.-d2.f2.f2.d2.-r1.r2.-f1.r1.f1.-r2.d1.f1.-d1.-f1
375,d2.f1.d1.f1.-d1.f0.-d2.-d2.r1.d0.-r1.-r0.d2.r0.-f0.-r2.f0.r2.d2.r2.d2.-f2.d0.f2.d1.-f2.-d2.-d0.-f0
376,-f1.r0.-f0.-d2.r1.d1.f2.-f0.-d1.-r0.d0.-r2.-f0.-d1.f0.d1.-r2.d2.-f2.-d1.-d0.r2.-d2.d1.-r0.-d0.r0.-d1.-r0.d0
377,d0.-r1.-f0.d0.-r2.r0.-d1.-r2.-f0.r2.-r1.-f2.r0.-d0.-r2.d0.r1.r0.-d0.f0.-d0.f0.d0.-f1.-d0.-f0.d0.f1.d0
378,-d1.r0.f2.-d0.r0.-f0.r2.f2.r2.-f2.-r1.d2.d2.r1.-d0.r0.-f1.r2.f0.d1.-r2.-r2.-d1.-f2.d1.f2.r2.f1
379,r1.-r0.d1.f2.-f0.r0.-d2.-f2.f0.-r0.-f0.r2.-f2.-f0.r1.f0.-r1.-f2.-r1.-f1.-r1.r0.d1.-r1.-r0.-d0.f0.d0.-f1.-d0.-f0.d0.f1
380,-f2.-r1.-f1.r0.-r2.-d2.r2.-d1.f1.-f0.-d0.f2.-r0.d0.d0.r2.-f0.r2.r2.d0.-f1.f0.f0.-r2.-f2.r2.f0.f0
381,-r0.d0.-f1.r1.-d0.-f0.-d2.f2.r2.-d2.-r0.-d2.-r1.f2.-r0.-f2.d0.-f2.-d0.r2.-f0.r2.-d0.-r2.f0.-r2.r0
382,-r0.-f1.d2.-r2.-f2.f0.r0.d2.d0.-f1.-d0.r2.-f2.-r2.-f2.-d1.-f0.d2.-f2.-r2.f2.r2.-d2.r1.r0.d0
383,-d2.r0.-d2.f2.f2.-d2.f2.r0.d1.r2.-d1.-f1.r0.-d1.-f2.-r1.r0.-d2.-r2.-f1.r2.d2.-r2.r0.r0
384,d2.-f0.d0.-r2.f0.-f1.r1.r0.f2.-d2.-f2.f1.d2.-d0.f2.d2.f0.-r0.-f1.r0.-f0.-d2.-d1.-r0.-d0.r1.d0.r0
385,d2.r0.-d0.f2.r0.r0.-d1.f1.-d1.f0.-r2.-f2.f1.-d0.r2.-f1.d0.f1.d2.r2.-d2.f0.-r2.-f1.-f0
386,-f2.-r2.f0.-d1.-r1.-f1.d2.f1.f1.-d1.d0.-r2.d2.-r2.d2.r2.-f0.d2.d2.f0.-d2.r2.-d2.d1
387,-r0.-d2.-d0.f0.d0.f0.-d0.r2.r2.-d0.-f0.-r0.-r2.d2.-f0.-f0.-r0.-r0.d2.d2.d0.-f0.-f0.-d2.-r0.-r0.d0.r2.d1.-f1.-d1.f1.-r2.-f0.-f1.-d1.f1.d1.f0
388,-d2.d0.-f0.-d0.r1.-r2.f1.d2.f1.f0.r1.f2.r1.-r0.-d2.r2.-f0.r2.f0.f0.-d0.-f0.d0.-f2.d0.f2.-d0.r2.d0.-f2.-d0.f2
389,-f2.-d2.-f0.-f2.d2.r0.-d0.r2.r2.-f0.-d0.r2.-d0.f2.f2.-d2.f2.f2.-d2.-r0.-r0.-f0.-f0.-d0.-r0.-r0.-d2.d0.r1.f1.-r1.-f1.-d0.-f0.-d1.r1.d1.-r1.f0
390,-r1.d2.-r0.-f0.d2.r2.-d0.-f0.-f0.r2.-f0.r2.f0.r2.-d0.-r0.-d1.d0.-f1.d1.r1.-d2.-r1.-f0.-r1.f0.-d0.-f0.r1.f0
391,d0.r0.-f0.f2.-d0.r2.-f0.-f0.-d0.f2.f2.r0.-d0.r2.-f0.-f0.d0.-r0.-r0.f2.f2.-d0.-d0.-f0.-f0.d2.f2.f2.d0.-r0.-r0.-d1.r1.f1.d1.-r1.-f1
392,r0.-f0.d2.-r2.-d0.r1.f1.r0.f1.-r0.-d0.-f1.r0.-d0.f2.f1.d0.f0.-r0.-f0.-d0.-f1.d2.d0.-f2.-d0.f2.-d2.-f2.d0
393,f2.r2.-r0.d1.d1.f2.-f1.-r0.d0.-f1.r2.r1.-d0.f2.-d0.f2.d0.f2.-r0.d1.f2.d2.r0.-f0.-d2.-f2.-d1.-d0.r0.d0.-r0
394,f1.-d2.-r0.-d0.f1.-r0.f0.f1.-d0.-r0.-d1.-r2.-d0.-f2.r0.r1.f1.-r1.f0.r1.d2.d1.-r0.f2.-d0.f0.d0.-f2.-d0.-f0
395,-r1.d0.-r2.r0.-d1.-r2.f1.-r2.-r1.d0.-r0.d0.d0.f0.r2.-f0.-d0.f0.-d1.r2.d1.f0.d2.-f0.r1.d0.-f2.-d0.f2.-r1.-f2
396,f1.d2.f2.-d2.-r1.-f0.r0.d2.-r0.-f2.f1.r0.-f0.r1.-r0.-d2.-d1.-f1.-d0.r1.-d0.-r1.-r0.d2.r0.-d1.-r0.-d2.r0.d1
397,-f2.d2.-d0.r0.-d2.-r0.-r0.d0.-f2.r0.f2.-r2.-f0.d2.-r0.-r0.f2.f2.-r0.-r0.r2.r2.-d2.-r0.-r0.-f0.-f0.-d0.-d0.-r0.-r0.d1.f1.r1.-f1.-d1.f1.-r1.-f1
398,-f0.-f0.d2.f0.r0.f2.-d2.r0.r2.f2.-r0.-f2.-d0.-d0.r2.r2.f2.f2.-r0.-r0.r2.r2.-d0.-r0.-r0.f2.f2.-r0.-r0.-d2.-r0.d1.-r1.-d1.r1.r0.-d1.-f1.d1.f1
399,r1.-f1.r0.-f0.-d2.r2.-f1.-d0.r2.-d2.-d1.d0.r2.-d2.-r2.-d1.f0.-r2.-f0.r2.-f0.-r2.f0.-d0.-f0.-d2.f0.d0.-f0
400,d2.d2.r2.-d0.f2.d2.d2.r0.-f0.-r0.r2.d0.r0.d0.r2.r2.-d2.d0.-f0.-f0.r2.r2.-d2.-r0.-r0.f2.f2.-d0.-d2.-r1.d2.d0.f1.-d0.-f1.-r1.f1.r1
401,-r0.-d2.-f2.-d2.-r2.f1.r0.f0.-r0.-d2.-d1.-f1.d1.f0.d2.f0.r0.f1.-r2.-f2.-d0.r2.d0.-r2.f2.-r1.-r0.-d2.r0
402,-f2.d0.f1.f1.-d1.f0.-r0.-r0.d2.f2.-d2.-d0.-r0.-d0.f2.d2.r2.d2.f2.f2.d2.-f0.-f0.-d0.-f0.-f0.-r0.-r0.f2.f2.-r0.-r0.-r0.f1.d1.-f1.-d1.r0.d1.f1.-d1.-f1
403,r0.-d1.r1.-f0.r1.-d0.-r0.-r1.f0.d1.r0.f2.-r0.f2.-r2.-f2.-r1.r2.d2.-r0.-f2.-r1.-f2.r1.f2.-r2.f0
404,r1.d2.f0.r2.d2.-d0.r2.-d0.-r2.f1.f1.r1.d2.f0.-d2.-r2.d1.f0.d2.-f0.d0.f2.f2.-d0.-f0.d0
405,r1.d2.-r2.-d0.f0.-r0.r2.r2.-d2.-r0.-f0.-f0.d0.-f0.r2.f2.f2.r2.r2.-d2.d0.-f0.-f0.-d2.f2.f2.-r0.-r0.d0.-f1.-d1.f1.r1.d1.-r1.-f0.r1.f1.-r1.-f1.f0
406,-f1.d2.r2.d0.r2.d1.-f2.r0.-f1.r1.f1.-d0.-r2.d0.r1.-d0.r2.d0.f2.-d0.r0.-d0.r2.d0.r0.r0
407,f2.r0.d2.-f2.-r2.d0.r1.d1.d0.-r1.d1.r2.-r1.f1.r2.-f1.f0.-d1.r0.-f0.d0.r2.-d0.r1.r2.-d0.f0.d0.r0.d0.-r0
408,d1.-r0.-f0.-d0.r2.-r1.-f0.f2.-f0.d2.-r0.-f2.-r0.-d2.-d1.-r2.f1.r1.-f1.-d1.r2.d1.-r1.d1
409,-d0.-f2.-d0.-f2.-r1.d0.-r0.f0.-d0.-f2.-r2.-r1.f0.-r0.-f0.-r2.r0.-f0.d0.r2.-d0.r2.f0.d0.-f0.-d0.-f0.-r2.-d2
410,d1.-f2.d2.f1.r1.r1.f2.-r1.f0.r1.-f0.r0.-f0.r2.f0.d2.f0.-f2.d2.-r1.f2.d2.-f2.-r2.-r0.d0.d0.-f0.d0.-f2.-d0.f0.d0.f2
411,-f2.d0.d0.f2.-f0.d2.-f2.d0.-f0.d2.-d0.-f0.-d2.-f0.r1.r0.-d1.r0.d0.f1.-d0.-r0.d1.d0.f2.d1.-f1.-d1.-f2.d1.f1
412,-d2.r0.r0.d2.-r0.-f1.-d0.f0.d0.-f1.-d1.r2.d2.d2.-r1.-d2.r2.-d1.-f1.d1.-r2.d1.-d0.r1.-d1.-d0
413,-d2.f2.-f0.-r1.f2.d1.r2.r2.f2.-r2.d2.r2.-f2.d1.d1.-d0.-r2.-d1.r2.d1.-r0.-f2.d1.f2.r2.d1.-f2.-d1.r0.f1.-r0.f2.r0.-f1.-r0
414,-d0.r0.-d2.f1.r2.-d0.-r1.-d0.r0.-d2.f2.-f0.-r1.f0.r2.f0.r0.-f0.d0.-r2.-f0.-f0.d2.f0.-d2.f0.-d2.-r0
415,f1.-f0.d0.r0.-f2.-f1.-d1.r0.-d2.d1.r0.d2.d2.d0.r1.d2.-d0.-r2.-f0.r2.-f0.-d0.f0.f0.d0.f0.-r2.-f0.d0
416,d2.r1.r1.f1.-d1.-f2.r0.f0.-r2.d2.r2.-f2.-d2.r0.d0.-r0.-d0.-f2.-d0.f2.r0.-d2.d0.-f2.-d1.f2.d2.-d0
417,-d2.r0.-f0.r0.-d0.-f1.-d0.-f1.d1.-f0.f2.r2.d0.r2.-d0.r2.r2.-d0.r2.-f1.-r2.d0.f1.r1.-f1.-r1.f1
418,d1.f1.-d0.-r0.-d1.d2.r0.-f2.-f1.d1.d1.-f0.-d2.-f2.-f1.-r0.r2.f0.r1.-d1.f1.-d2.-f2.d2.d0.-r0.-d0.f0
419,d2.d2.f2.f2.-r0.-d0.-r0.-r2.f0.-d0.-d0.-r0.-r0.-r2.-f0.-d0.f2.f2.d0.-f0.-f0.-d0.-f0.-f0.f2.f2.-r0.-r0.d2.d2.d0.-r1.f1.-d1.r1.d1.-f1
420,r2.r2.-f1.d1.f2.-d0.-r2.f2.d1.r2.-r0.f1.-d0.f2.-d2.-f2.d2.-r0.d0.r0.-d2.-f2.-r0.f2.r0.-f2.r0.-f2
421,-d2.f2.d2.-d0.-f1.-d1.r2.-d2.d0.r2.d0.f1.f0.-r0.-f0.r0.-f0.-d2.-f0.-d0.r0.r0.d0.r0.r0.d2.-f0.r0.f0
422,-r0.-f1.f0.r0.d0.r2.-f0.r2.-f0.-d0.f2.-r2.f2.d0.f0.-d2.f2.d2.-f2.-d0.f2.f2.-d2.-d0.-f0.d2.f0.d0.-f0.-d2.f2.f0
423,-r1.d0.r1.d0.f0.f0.d2.-r2.d2.-r2.-d1.-f0.-r0.-d2.r1.-d0.-r1.d2.r2.-r0.f0.-r0.-f0.-d0.r0.d0.-r2.-r0.-f0
424,-d2.-f0.-r2.f0.-d0.-r2.d0.r0.f2.-d2.d0.-r1.-r0.f2.r2.-f0.-d2.-f1.-d1.-f2.-d0.f2.d1.-f2.-d1.-r2.d1.d0.f0.d2.f2.-d2
425,d0.r2.-r0.-f0.d2.-d0.-f1.r2.-f0.d0.f0.d1.-r0.-f0.r2.-f2.r2.f1.-r2.f2.f2.d0.-f2.r2.d1.r1.-d1.-r2.d1
426,-d2.d0.-r2.f2.-f1.-f0.-d0.r1.-d1.d0.-r2.-f1.r2.d2.-d0.f2.f2.-r2.-d2.-r0.-r1.r2.f2.d0.-r2.d0.r2.d0.d0.r0
427,f1.-f0.-r1.-d2.d0.-r0.f0.f1.-d1.d0.r2.r2.-d2.-r2.d2.r2.f0.-d0.-r1.r0.f1.r1.-d0.r2.-d1.-r2.f1.d0.-f2.-d0.-f1.d0.f2
428,-r2.-d0.r1.-d0.-r0.-f2.f1.-r2.-f1.r1.d0.f2.-r2.-r0.d0.-f2.r0.-d2.-r0.d0.r0.d2.-d0.f2.-r0.f1.r0.-f2
429,r0.d2.f1.d2.-f0.r1.d0.-r0.d0.-r2.-d1.r2.-r1.-r0.f2.f0.d0.-r2.-d0.-r0.-d2.-r1.d0.r1.d2.-r1.-d0.r1.-d0
430,d1.r1.-d0.-f2.-r1.r2.f2.r0.-d0.-r2.d1.-d0.-f0.d0.-f0.r2.f0.-r2.-d1.r2.d1.d0.-r1.-d1.-r2.d1.r1.-f2
431,d2.-f2.-f0.-d0.-r1.d1.-r2.-f1.d0.r2.-r1.-f0.r1.r0.d0.-f2.d2.d2.r0.-d2.-r0.-d2.f0.f0.-d0.-f2.d0.f0.f0
432,f1.-d1.-r2.f0.-r2.f1.f0.-d2.f2.d1.-r0.-d1.-r0.d1.-r0.f1.d2.f0.-d2.f2.d2.r0.f0.-d2.-d0.-f2.-d1.-r0
433,d2.r0.d0.-f2.f0.-d2.-f0.r1.d0.f1.f0.r2.-d0.f2.r2.-f2.d0.-r1.d1.f0.-d1.f2.r1.-f1.-d1.f1.r1.-f2.-f0
434,r2.r2.d2.f0.-r0.r2.d2.-f0.r1.r1.d1.-r0.-f1.-d2.-r2.-f0.d2.-f0.-r1.-d2.-r2.r1.-d2.-r1.r2.r0.-f0.-r0.f0.-d2
435,r0.-f0.-r1.f0.-d0.r0.r2.d0.r0.f2.d0.-f2.-r2.-f0.r2.f1.d1.r0.r0.f1.-r1.r0.-f1.-r2.f2.f2.r2.f1.-r2.-f2.r2
436,-r1.d1.f0.r1.-f1.-d1.-f0.-r0.f2.d0.d0.-r0.-d2.f2.-d0.f0.d0.-f2.d2.-d1.-d0.-r0.f2.-r0.-f2.r0
437,d0.r2.d2.f2.r0.d0.r2.d2.-f0.-r2.-d1.-f1.-f0.d2.-d1.-f1.d1.-f0.r2.-d1.-f2.d1.f1.-f0.d0.f0.-d1.-f0.-d0.f2.f0
438,-f0.-d0.-f2.r2.f0.d2.r2.d0.f0.d2.f1.r1.-f1.-r1.-f1.d0.f1.-r2.-f1.d2.r2.-d2.-f2.d2.f2.r1.-f2.-r1.-d2.r0.d2.r1.-d2.-r0
439,f1.f1.r1.-f0.r0.r2.f2.f2.-r0.r2.r2.d2.-r0.-r2.f0.r2.d2.d2.-f0.-f0.r2.r2.d2.-f0.-f0.r2.r2.-d0.r2.r2.-d2.-f0.r1.d1.-r1.-d1.f0.-f1.-d1.f1.d1
440,d1.-r1.d2.d1.-r0.f0.-r0.-f2.-d0.f2.-r0.-f0.-r2.d1.r2.d2.-f1.d0.f1.r1.-d2.-d0.f1.d0.r2.f0
441,-d0.-f1.-r2.-d2.-r0.-d2.-r2.-d0.f0.f2.d2.r0.d2.d2.r2.r2.d0.-f0.-f0.d0.-f0.-f0.-r0.-r0.f2.f2.d2.f2.f2.f0.-d1.-f1.d1.f1.-f0.-d2.-f1.d2.d0.-r1.-d0
442,r2.d2.-f0.d0.r2.-d0.-r0.-f2.d2.d2.d0.r2.r2.d2.-f0.-d0.r2.r2.-d0.f2.f2.d0.-r0.-r0.-d0.r2.r2.d2.r0.-f1.-d1.f1.d1.-r0.r1.-f1.-r1.f1
443,f2.d1.-r1.f2.-r1.-d2.d1.-f0.-r0.-f1.-f0.r2.d2.-f2.-r2.-f2.r1.d0.-r1.-r0.-f0.-d2.-f0.d2.f0
444,d0.f2.f1.-r0.-d1.r2.-d2.f0.r1.-r0.d1.r1.-r0.-d0.-f2.d0.f2.f0.-r1.-f0.-d2.f0.r1.-f0
445,-f1.-r1.f2.-f0.d2.f1.d2.-r0.-d1.f2.r2.r0.r0.f2.-d2.-f1.r0.-f0.-d1.-r0.f1.r0.r0.-f2.-d0.-r0.d0.f2.f0
446,-r0.d1.f1.-r0.-f2.-f2.-r0.d0.r2.-d2.-r2.f1.-r0.f0.r0.-d0.-f1.-r2.-f0.-d1.f0.-d0.-f0.d1.-f0.-d2.r0.-f0.-r0.f0
447,d2.-r2.-d0.r0.d2.r2.-r1.-f0.-r0.-d2.-d1.r0.f0.d1.-r0.-f0.r0.-d1.-f1.r1.-f1.-d0.r2.d1.-r2.-d1.d0.f1.f1
448,-d2.-f0.d1.r2.d2.-d1.-r0.f0.r2.d2.-r1.-f2.-d2.r0.r0.d0.r1.-r0.-f2.d0.f2.f0.-r0.-f0.-r2.f2
449,-r0.f1.-d2.f1.d1.-f2.r2.d0.f2.d2.r0.f2.d2.-r0.f2.-r0.-f2.-r2.f2.r2.f2.d1.r0.-d1.-r0.d2.r0.-f2.r0
450,d2.-f0.r1.f1.-d2.-d0.-f2.-r2.-f2.r1.r1.d0.r0.-d0.-f2.r1.d1.-f2.-r2.-d0.-r1.-r0.-d0.f0.r0.-f0
451,f2.r2.-r0.d1.f1.r1.-d2.r0.r2.d2.f2.d0.r0.-f2.-f2.r1.r1.r0.-f2.-d1.-f1.-d2.-r0.d2.f1.d1.f2
452,-d2.-r0.d0.f0.-r0.-d2.d0.f2.r1.r0.f0.-r1.-r2.-f0.d1.f2.-f1.d2.f0.r0.-f2.-d1.f2.-r0.f2.-r1.-f1.r1.-f0.-r1.f1.r1
453,r1.-d2.r2.-d0.-f0.r0.d1.f1.-d2.-f1.d0.f1.f1.-f0.r2.d2.-f1.-d2.r1.f0.-d0.-f0.-r1.-f1.-r2.-f0.r2.f1.f0
454,-r2.d2.-f2.-r2.-f2.d1.-d0.f2.f0.d2.-f0.-r0.d1.-f0.-r0.-f0.-r2.d1.r2.d0.f0.-d2.-d0.r2.-d0.r1.-f0.-r1.d0.-r2
455,-f2.r1.-f2.f0.-r2.-r2.f2.d2.r2.-d2.f2.d2.r0.-f1.r2.-f2.d0.f1.f0.d1.f0.-d1.-f0.-r1.-f0.r1.f2.f2.f0
456,-d2.f0.r0.f0.-d2.-r0.f2.-d0.r0.-d2.-f0.-f0.-r0.-f0.-d0.-d0.r2.r2.d0.f2.f2.-r0.-r0.d0.r2.r2.-f0.-f0.f2.f2.f0.-r1.d1.r1.-d1.-f0
457,-d0.r2.-d2.-f0.r0.d0.-f1.r1.d1.-f2.d1.f2.-d1.-f2.-d2.-r0.-r1.-d0.-r0.d2.r0.-d2.r0.d2.d0
458,r0.d2.f2.-d0.r0.f0.d1.r1.-d1.-f0.-d2.r0.f0.-r0.f2.-r2.-f2.f1.f0.r2.-r0.f1.r0.f2.-r0.d0.-f1.r0
459,r2.-d1.-f1.d0.r1.-f0.-r2.-d2.-f0.-r1.-f0.d0.r2.d0.f0.r2.r2.-f0.-r0.d2.-d0.r0.-d0.r1.f0.-r1.-f0.d0.-r0
460,f2.-f0.-r2.-d1.f1.r1.-f0.-d2.f0.d0.-f2.f0.d2.d2.f2.d2.r0.f0.-r0.-f0.d0.-r1.-f1.r1.-d0.r1.d0.r0.-f2.-r0.f1.r0.f2.-r0
461,-f1.d2.f1.-d1.r0.-d2.-f2.d0.r1.-f2.-r0.f2.d2.f1.f0.r2.r2.-d0.r2.d2.r1.-d0.-f2.-r2.d0.r2.-r1
462,d0.-r2.f2.-f0.d0.-r0.f0.r2.-r1.-f1.-r0.-f0.-d0.f1.f0.-d0.r2.d2.-f2.d0.f2.-d2.-d0.-r2.d0.f1
463,-f2.-r0.-d2.d0.-r2.d1.f2.-r2.d0.-f0.d1.-r0.f2.-d2.f0.-d2.r0.d2.d0.-r1.-f2.-r2.-f0.-d0.r2.f2.r1.-f2.f1
464,-f0.r2.-d2.r1.-f1.d1.-f1.r1.r0.-d1.-f1.f0.-d1.-r2.d1.f1.r2.-f1.-f0.d2.d2.-r2.-d2.r2.d2.r2.-d2.f0.-r2.-f0
465,d0.f0.r0.d1.-r1.d0.-r1.d2.d2.-r2.-d0.r2.-d2.-r2.-d2.f2.r0.r2.d2.r1.d2.f0.-r1.-d2.-r2.d2.r1
466,r0.d0.r2.-f2.d1.r2.-r1.d2.d2.f2.-d1.-r2.-d0.r2.d2.-d0.-f1.d2.-f2.d1.d0.-r1.d0.-f1.-d0.-f2.d0.f1.-d0.f2
467,-d2.-r2.f1.f1.d1.d2.d0.-r2.-d0.-f2.d2.f0.d0.r2.-f0.-r2.-f0.-f0.-d0.-f0.-f0.-d0.-f0.-f0.-d0.-d0.-r0.-r0.d2.-f0.-f0.r0.-f1.d1.f1.-d1.-r0.f1.r1.-f1.-r1
468,-f0.r1.-d0.f0.-r0.d0.-r1.f0.r0.-f0.d2.-r2.r0.-f0.r0.f0.r0.-d0.f2.-d2.-f2.-f0.-r0.d0.r0.-d0.f0.d0
469,-f0.d2.d0.f0.d0.r1.f0.-r1.f2.r0.r0.f2.r1.-d2.-r2.f2.-r2.-f0.-d2.r0.-f0.-d0.f0.d2.d0.f0.-r0.f0.-r2.-f0.r0
470,d2.-r1.d0.-f0.r2.f2.f2.-d0.-r2.-d2.r1.-d0.-r2.d0.r2.d0.-r0.d1.f2.-d1.-r1.-f1.d1.-f2.-d1.f1
471,-d0.-r2.-f1.-r1.f2.-r2.d2.-f1.d2.-f1.-r2.d1.-r0.d2.d2.r0.r2.-d1.-r0.-d2.-f2.-d0.f0.d0.-f0
472,-f2.d1.r1.r1.d2.r0.d1.-f2.-d1.f2.d2.f0.-d0.-f2.-r1.d0.-r2.-d0.f2.r2.r1.d0.r0.-d2.r0.r0
473,r2.f1.d0.f2.f1.r2.-d2.-d1.-f0.-d0.-r1.-f0.-d1.-d0.-r1.-d0.-d0.r1.d0.-f2.r2.f2.d2.d1.r0.-d1.r1.-f2.-r1
474,d0.f1.-d2.-f0.-d2.f2.r2.-r1.-d2.r1.-f2.-d1.f0.d2.d1.r1.f2.-r2.d2.r1.-d2.r2.d2.-r1.-f2.d1.f2.d0.-f2.-d1.f2.-d0
475,-d2.d1.-d0.f0.-f1.-r0.r2.-f2.d0.d0.f0.-d2.-r2.d1.-f2.-d1.r2.f2.d2.-f2.f0.-r2.-d0.-f0.d0.-f1.d2.f1.-d2.-d0.f0
476,d2.f0.r1.-f2.-d1.f0.-d0.r2.f2.f2.r2.d1.d0.-f1.-r2.-r1.-f2.r2.r1.d2.d2.f1.f0.r2.-d1.-r2.d1.-r2.-f1.f0
477,-f1.-r2.r0.d0.r2.-f1.-d0.r1.d2.-f0.d2.r2.f2.f0.d0.-f2.d2.f0.-r2.f0.-d2.-f0.-d2.f1.r2.f1.-r2.-f1.d2.f2.f0
478,f1.-d2.r2.-r0.-d2.d0.-f2.d1.-d0.f2.-r0.f1.-f0.-d0.-f1.r2.-d2.r0.-d0.-r0.d2.r0.r0.f1.-r0.-f1.r0.r0
479,f1.d0.r0.d2.-f2.-r2.d2.f0.-r1.-d2.-r1.-f0.d1.-f0.-d1.-f2.f0.-r1.-d1.-f2.-f0.-r1.-f0.-r1.f0
480,-r1.d2.r0.d2.d2.r1.f2.d2.r2.d1.d0.r2.d2.-f1.r0.-d2.-d0.-r1.-r0.f2.r0.d0.r0.-f0
481,-f0.-d1.d0.-r0.d2.r2.d2.-f0.d2.f2.r0.-f2.-d2.-f1.-f0.-r2.r1.-r0.-d2.f2.f2.d2.r1.r1.-d2
482,d1.f2.-r2.-f2.-d0.f0.-r0.-d1.r1.-f2.-f1.r2.-d1.f0.d1.f2.d0.f1.d2.-r1.-f0.-f1.-r1.-d2.r1.-f2.d1.r0
483,f0.-r0.d2.f2.d1.-f0.d2.r0.d2.-f2.-f1.-d2.r0.f2.-r0.d2.-f2.r2.r2.f2.f2.-r2.-f2.-d0.-r2.d0.r2.f2.-r2
484,-f1.d1.r2.f2.r0.f1.r1.d0.d0.-f0.r0.f0.d2.d0.-r1.-f2.r0.-f1.-r0.-f0.-d2.-f0.-d2.f2.-d2.-r2.d2.r2.d2.f0
485,r0.d0.f2.-d2.f0.r2.d0.f0.-r2.-r0.-d0.f2.-f0.-r0.f0.d1.-r2.f1.-d2.f2.d2.f0.-d2.-d0.-r1.-f2.-f0
486,r0.-d2.-f2.-f0.r1.r0.d2.-r0.-d2.-r2.d1.f0.-r1.-f0.r1.-f2.r2.-r1.-d0.-r2.r1.r0.d2.d2.r2.-f0.-d2.f0
487,r2.-f2.-d1.r1.-d2.-r0.-f1.f0.d0.-r2.r0.r0.-d2.r0.-d0.-r0.d0.f2.r0.-f0.-r0.f0.-d2.-f2.d2.-r0.d2
488,r2.d2.f0.f0.-r0.-d0.f2.-d2.d0.r1.d0.d0.r2.d2.-r0.f1.f2.-d2.-f2.d0.-r2.d1.r2.f1.-d0.-f1.-r2.f1
489,f2.-f0.-r2.-r1.-f0.d1.-r1.-d2.f2.-r0.-f1.-r2.-f1.r2.f1.d2.r2.-f1.-r0.-f2.d1.-r2.-d1.f2.f0.r0.f1.-r0.-f0
490,r2.f2.-d1.r2.d0.d0.r2.d2.-r2.-d1.f2.f0.r1.-f0.r2.-d2.-r2.-f2.-r2.f2.r0.f2.r0.-f2.r2.f2
491,r2.f0.r1.d2.f2.-f0.-r2.-d2.-r2.-d0.-d2.-f0.r1.f0.f0.-r1.f1.r0.f2.r2.-f2.-r0.-f2.-r2.f1.f1.r2
492,-d2.r2.-f2.-d2.f1.d1.r1.d1.r0.-f0.-d0.r0.-d2.f2.-d1.-r2.r0.d0.-r0.-d0.r2.-d0.r2.-d0.-f0.-r2.f0.d0
493,f1.r1.-d2.-f0.-d1.d0.-r1.d0.-r1.d0.f2.-r1.d2.-r0.-d2.r0.f2.r0.-f2.-r0.d0.-f0.d0.f0.d0.d0.-f2
494,d1.-f2.r2.-f1.d2.f2.-d0.-f1.-d0.f2.d2.f1.-f0.-r2.-f2.d2.-r1.d2.f2.d2.r0.f2.-r2.-f2.r2.r2.f0.-d2
495,-r1.-f1.-d1.-r0.-f1.-d2.-f1.r0.-d1.r0.d2.f1.-d0.-f1.-r1.f0.r0.f0.r0.-f0.r1.d0.f0.-d0.-r0.-f0.-r2.r0.r0
496,f2.d0.r0.-f0.d0.r2.f1.f1.-d2.-f0.r0.-d2.d0.d1.-r2.d2.-d0.-r2.-r2.-r0.-f0.d0.-f1.r1.f0.f1.d2.d1.-r0.d1.r0.-d2.-d1.r0
497,r1.f1.d2.-d0.-r2.d2.-r2.-r1.d1.-d0.f0.d0.-f2.-d2.r0.f2.-r0.d1.r0.f2.r2.f1.-r2.f1.-d2.-d1.-r1.d1.d1.r1.f0.-d1.f1.d1.-f0.-d1.-f1
498,-f2.-d2.-r0.-r0.d0.-f0.-f0.-r0.d2.d2.r0.-f0.-r0.r2.f2.f2.-d2.r2.r2.d2.-d0.-d0.-f0.-f0.d2.-r0.-r0.d2.r1.r1.f1.r1.-f1.r1
499,-d1.d0.-f0.-r2.r1.-d0.-f1.d2.r0.r0.-d0.r2.-f1.r2.-f2.d1.f2.-r2.-f2.-r2.d0.f0.r2.d2.f1.-d0.-f1.-d2.f1.d0.-f1
500,f2.-r2.d0.-f2.d2.-r2.f1.r0.r0.f0.r2.-r1.-d2.r1.d0.d0.-r1.d2.d0.-f0.d2.f0.-d0.-f0.-d2.f0.-r0.f0
501,f0.-r0.-d2.-f2.r2.d0.f1.-d2.r0.f1.-r1.-f2.-d2.-f2.r2.f2.-r1.-f2.d1.-r2.-d2.f0.r2.-f0.d2.f2.d2.-f2.-r0
502,d1.r2.-d0.r2.-f1.r2.-f2.-r0.f1.-f0.d0.d0.-f0.-d0.-r1.-d1.f0.-d1.-f0.-d1.-r0.f0.-r2.-d2.r2.r0.-f0.-d1
503,d0.-r1.-f0.-d2.-r0.d0.f0.d1.f1.r1.d2.f0.r1.d0.d0.-f0.-d0.f0.-d0.f2.f1.r1.f0.-d2.r0.-d1.-r1.r0.r0
504,-f0.-r0.f0.r2.-f0.-f0.-r2.-d0.f0.f2.f2.d2.f0.-f2.-r0.d2.-f0.-f0.r2.r2.-f0.-f0.-d2.-r0.-r0.d2.r2.r2.f2.f2.f1.d1.-r1.-d1.r1.-f1.r1.f1.-r1.-f1
505,-f2.r0.-d1.r0.f0.-r2.r0.-d0.r0.d2.r1.r1.-f1.-r1.f0.-d1.f1.-f0.-d0.-d2.-f1.r0.d0.-r0.-d0
506,f0.-r2.f1.f1.r1.d0.r0.-d2.-d0.f0.r0.-d0.-r2.f2.f2.-r0.-f0.-f0.-d2.r2.r2.-d2.-r0.-r0.-d0.f2.f2.d0.-r0.-r0.d0.r1.-d0.-d2.f1.d2.f0.-r1.f1.r1.-f1.-f0
507,-d2.f1.d0.-f0.-d0.-r0.d2.-r0.d2.-d1.r2.-d0.r2.-f2.r2.-f0.r2.-f1.r0.d1.-r2.-d1.-r0.-d2.-r1
508,d2.f0.r0.f0.-d0.-f2.d1.r1.-r0.f1.-d2.-r2.-d2.r2.f0.d0.-r2.-f0.r2.-d2.f2.d2.-f0.-d2.-f2.d2
509,-r0.-r0.d2.-d0.-d0.-r2.-f0.-f0.r0.f0.f2.d0.-r0.-r2.d2.f2.f2.r2.r2.-d2.-d0.r2.r2.d2.r2.r2.f2.f2.d2.-f0.-d1.-r1.d1.r1.f0.r1.f1.-r1.-f1
510,-d2.-f2.d2.-r0.d1.f0.-d0.-f1.r2.-r0.-f2.-d0.-f1.r2.f0.f0.d2.f0.-r2.d2.f0.d1.-f2.-d1.-f0.-d2.-d0.r2
511,f1.-r1.-d0.r2.-r0.d1.f2.-r2.d0.r2.d0.-r2.d0.-r1.d0.f1.r1.f2.-f1.f0.d0.-f0.-d2.-d0.r0.-d2.-f0.d2.f1.-d2.f0.d2.-f1
512,-f2.-f0.-r0.d2.-d1.r0.-f2.-d2.-r2.d2.f2.-d2.r2.-f2.d2.f2.f2.-r1.-f2.r1.-f2.d2.-f2.-r2.-f2.r2.d2.f2
513,-f0.-d2.r2.-f0.d2.-f2.r1.d0.-d1.f0.-d0.f1.-r2.d0.d0.-r0.-d0.r1.-d1.-f2.-d0.f2.-d2.-f2.d2.d2.d0
514,f2.-r0.-r0.-r2.f0.d2.r2.d2.r0.r2.r2.d0.r0.-f0.-d0.r2.r2.f2.f2.-d0.-r0.-r0.-d2.f2.f2.r2.r2.-d0.-f0.-d1.f1.d1.-f1.f0.f1.r1.d1.-r1.-f1.-d1
515,d2.-f0.r1.-d1.r2.d0.f1.-f0.-d2.d0.r0.f2.d2.-f2.d2.-r2.-f2.d2.d2.-r0.f2.r1.r1.-d0.r0.d1.-r0.d0.r0.-d1.r1
516,-d0.f2.f2.d2.-f0.-d2.d0.r2.d2.r0.f0.r2.f2.-r0.-r0.d2.d2.f2.f2.d2.f2.f2.-d0.-r0.-r0.-d2.-r0.-r0.-r2.f1.-d1.-f1.d1.r2.f1.-r1.-f1.r1
517,-d1.-r0.d2.r2.-f1.d0.r1.-f2.-r2.d1.-f2.-d2.r2.-r0.d2.r1.-f2.d2.f2.r0.-f2.-d2.r0.-f0.-r0.f2.f0
518,-f0.d0.r1.d0.-f0.-d2.r2.-f2.r0.-d2.f2.-d2.f1.-r0.f2.-d1.f2.-d1.f0.d1.-f2.d1.-r2.r0.d0.-f2.-d1.f2.-d0.-f2.d1.f2
519,-d0.-r1.f0.d2.f2.-r0.d2.f2.r0.-d0.r0.d0.f2.-d0.f1.d0.d2.r1.f1.-d1.-d0.-r0.-f1.-r1.-f0.-r1.-f2.d0.f2.f0.r1
520,d2.d2.f1.-r2.d1.f2.r0.-r2.-d0.f2.-r2.f0.d1.r2.-f1.-d0.-r0.d2.f0.-d2.r0.-f0.-f0.-r0.f1.r0.-f2.f0
521,-d0.r1.-f1.f0.d1.r1.-d1.-f2.-d2.-f2.-f2.r2.-r0.d0.-r2.-f2.-r2.f2.r2.f0.r2.r1.-f2.-r2.f2.f2.-d1.-f2.-r2.f2.d1.-f2.r2
522,-d2.f1.f1.d1.-f0.-f0.d2.d2.-f2.d2.-d0.-d0.-r2.f2.f2.d0.-f0.-f0.r2.f2.-d2.f2.f2.-d2.-d0.-r0.-r0.-f0.-f0.-d0.-r2.-d1.r1.d1.r2.-r1.-f1.-r1.f1.r1
523,f1.-r2.-d1.d0.-f1.f0.-r0.d2.d2.f1.d0.-r1.-f0.r1.f0.r0.-d2.-f0.d2.-r0.d1.f1.d2.-d1.d0.r1.-d0.-r1.-f0
524,d2.d2.f2.-r0.-f2.-r0.-d2.-r1.-d2.f1.f0.d2.r2.-d0.r2.-d2.r2.f2.d0.-f2.-d0.f2.r2.d0.-r2.-d0.-f2.-f0
525,-d0.f0.f1.d2.-d0.-d0.f2.r0.f2.r0.-d2.f0.-f2.-d0.-r0.-r2.f2.f2.d2.-r0.-r0.-d0.-r0.-r0.d2.r2.r2.-d2.d0.r2.r2.-f1.-d1.f1.r1.d1.f1.-r1.-f1
526,-d0.r0.r0.f0.d0.-r2.f2.r0.f0.-d1.-f0.d0.f0.-f2.r2.-f2.d1.-f2.-r2.-d2.-r2.f2.-d1.f1.-r1.f0.r1.-d0.-f1.-f0
527,r1.f2.-f0.-r2.-d0.-r2.f2.-f0.d1.-d0.f0.-d2.f1.-r0.d1.f1.-d1.r0.d1.-f1.d2.d2.r2.r2.f1.r2.r2
528,-d1.-f0.r0.-d1.-r2.f2.-d2.-r1.-d0.-r0.f0.-d0.f2.d2.-f0.d1.-d0.r0.-d1.-r0.d0.r0.-d2.f0.-r2.f1.-d2.-f1.d2.r2
529,-r0.-r0.f0.d0.-r0.-r0.d0.-f0.-f2.r0.f0.-r0.-f0.-f0.-d2.-r0.-r0.f2.f2.r2.r2.d0.r2.r2.d2.r2.r2.-d0.-d0.r1.-r2.f1.-r1.-f1.r2.-d1.f1.d1.-f1
530,-f0.-f0.r0.d0.-r0.-r0.d0.-f0.d2.f2.-r2.-d2.r0.-d0.-d0.-f0.-f0.-d2.f2.f2.-r0.-r0.d2.-f0.-f0.d0.r2.r2.-f2.d1.f1.-d1.f2.-f1.d1.f1.-d1.-f1
531,f2.r1.-f0.-r0.-f2.-r0.d1.-f0.r1.-d0.-f1.r1.-d1.-r0.d2.-r0.-f0.-f2.r0.f2.r0.f0.-r1.f0.-r0.-f2.r0.f2.-f0.-r2.-f2
532,f1.-r0.-d0.f1.-r1.-f1.-f0.-r1.-f0.-r2.-r1.f0.-r2.-f1.-f0.d2.-f0.-d2.-r2.-f2.r2.f0.-r2.f2.r2.-f2.-r2.f1.r2.-f0
533,r1.-d2.d0.-r1.r0.-f2.-r0.f0.-d1.d0.f2.-d0.-f0.r2.-d0.r0.r0.-d0.r1.d0.-r0
534,r2.f0.-d2.-r0.-d1.-r0.d2.f1.r1.f0.-r1.f1.f1.-r0.d2.f0.-d1.-d1.-f0.-d0.-f2.d0.-f1.-r1
535,d2.-r2.d2.-f0.d1.f2.-f0.-d0.r2.r2.r0.f0.-d2.-f2.d2.f1.d2.f0.d2.-r1.-f0.d2.f0.-d2.r1.d2.-f0.d2.d0
536,f0.-d1.-f1.r2.d2.-r0.d2.-d1.-f0.r2.-f0.-r2.-f1.d0.-r1.-r0.-r1.-d2.-r2.d2.r1.-d2.-r0.-f2.-f1.r0.-d1.-f2.r0.-f2.-r0.f2
537,r2.f2.-f1.-r0.d2.f2.r0.f0.-f2.-r0.f2.-r2.-r0.-f2.-d0.f2.r0.d2.-f0.-r0.f0.d0.-r2.d0.r2.-f0.-r2.-d0.r2
538,f2.r0.d2.-r2.d1.f2.r1.r1.-d2.-r1.-d2.d1.-r0.f1.d2.-r2.-d2.f2.-f0.-r0.d2.f1.f0.d2.f2.d2.f0.d2.r2.d2.-r2.-d2.-f2.-f0
539,f2.f2.-d2.d1.r2.-d1.-r1.d2.-f2.d2.r1.r0.-f2.r1.d0.-r1.d2.r1.-d0.f2.f2.d0.-f2.-d0.-f2.r1.r0
540,-d2.r2.f2.f2.-d0.-d0.f0.-r2.f2.f2.-r2.-f2.-r0.f0.d2.d0.-r0.-r0.-d2.-r0.-r0.-f0.-f0.d0.f2.f2.r2.r2.-f1.f2.-r1.f1.r1.-f2.d0.-f1.r1.f1.-r1.-d0
541,-f2.f1.-r0.-d2.d1.-r2.r0.-f0.-d0.r0.-f0.r2.d0.-r1.-r0.f0.d0.f0.-d1.-f0.r0.d2.-d1.-r1.d0.r1.-d2.d1.-d0
542,-r0.f2.-r0.d0.r2.f1.d2.-f2.-d2.f1.-r0.-f0.-d0.f2.r0.-f2.-d2.-d1.d0.-r2.d0.r2.r2.-f2.r0.-f2.-r0.f2.-r2.-r0
543,-d0.f2.r0.-f0.-r1.-d2.-f2.-r2.-f2.-d2.f0.d0.f2.-d1.-f1.-r0.-d0.f0.d0.-r2.d0.d1.r2.-f1.-f0.-d1.f1.-d0.-f1.d1.f1
544,-d0.-r2.-d2.-f2.r2.f0.d1.d1.r2.d1.-d0.-f0.-r2.-f0.d1.r1.-d1.f2.-d1.f0.d1.-d0.r0.-f1.-r0.f1.d0.-f1
545,d0.-r0.-d1.-r2.d1.f0.-f1.r1.d2.f2.d0.d0.f0.r0.-f2.r2.d1.r2.r2.f2.d0.r0.f2.-r0.f2.d1.f2.-d1.f1.d1.-f2.-d1.r2.-f1.r1.f1.-r2.-f1.-r1
546,d2.f0.-d1.r2.d2.f1.d2.-r0.-f0.-d0.f2.f0.r0.f0.d2.-f1.r0.-f2.-d2.-r1.-r0.-f2.-r2.f2.-d0.f2
547,-f1.d0.f2.-f0.r0.-d2.-r1.-f2.-f0.r2.-r0.d1.r1.-r0.d2.r0.r0.-d2.-r0.d0.-r2.f2.r2.-f2.-d0.f2.r2
548,-f1.d0.-f0.r0.r0.-d2.r2.f1.-d2.r0.-d1.r1.-d2.r2.-d1.-f1.-r1.d1.-r2.-d1.f2.d1.-f2.-r0
549,-d0.d2.-f0.-f0.r2.r2.-d2.-f0.r0.f2.f2.r2.d2.r0.-f0.-d0.-d0.r2.r2.d0.-r0.-r0.d0.r2.r2.-d0.-r0.-r0.f2.f2.-r1.-d0.-d2.-f1.d2.r1.f1.-r1.-f1
550,d1.f2.d0.r2.d1.d1.-r0.-d0.-r2.d0.r2.-f0.r2.-d0.-f1.f0.-d0.r1.f2.-r1.-f2.d0.d2.d2.f2.d2.r0.d2.d2.-r0.-d2.f0
551,-f2.-r0.f2.d0.f0.r2.f0.-d2.r0.f0.r2.-f0.-f0.d2.d2.-f0.-f0.f2.f2.d0.-r0.-r0.-d0.-r0.-r0.-d0.-d0.r2.r2.f1.-f2.r1.-f1.-r1.f2
552,-r2.f1.d2.d2.f0.-r0.-f0.d0.-r2.f2.-d2.-d0.-d0.-f2.-d0.-d0.f0.d2.-r0.-r0.f2.f2.-d0.-r0.-r0.-f0.-f0.-d2.f2.f2.-r1.r0.-f1.r1.f1.-r0.d1.f1.-d1.-f1
553,r2.-r1.-f1.-d2.-r2.r0.-f1.-r2.f0.r2.-d2.-r0.-f1.d2.-r0.-f0.d1.f0.r0.-d2.-r0.-f2.d0.f2.-d0
554,-r2.d2.f0.d0.f1.d2.f2.-d1.-r2.r0.d1.d1.f2.r0.-d2.r1.d2.r2.-d1.d0.-r1.-r0
555,-r2.-d2.d1.-r1.d1.-r1.-d2.-f2.r1.-f1.d0.-f1.f0.-d1.f1.f1.d1.-r2.-d1.r2.-d0.f1.d0.r0.-f1
556,-f0.d1.r2.d0.-r1.-f0.-r0.-d1.-f2.f1.r0.r0.-f2.-d0.f2.f0.r2.-d1.-r2.-d1.-f1.d1.r2.-d1.-r2.f1
557,-d2.-f0.-d0.-r1.d2.-f2.d2.-d1.-r0.-d1.f1.d1.-d0.r0.-f2.-r0.f2.-r0.-f0.r0.-f2.-r0.d2.-r1.-f0.-r2.f0.r1.-f0.r2.f0
558,d0.-f1.-d2.-r2.r0.-d2.f1.r1.-d2.-r1.-f2.r0.f0.-r0.f2.r0.r0.-f2.d0.-r0.d1.d0.-f2.-d0.f1.d0.-f1.-f0.r2.f0
559,f0.r2.f0.d1.-r2.r1.-f0.r0.-d0.f1.f1.r2.f1.r1.d2.f2.r2.f2.d2.-r1.-d2.f0.d0.-f2.-f0
560,f0.r0.-r1.-d0.-d0.-r0.f2.-r0.f2.-d2.-f0.r2.r2.-d0.-f2.r0.-d2.f2.f2.-d0.f2.f2.-r0.-r0.-d0.f2.f2.d0.d1.f1.r1.-f1.-d1.-r1.-f0.r1.f1.-r1.-f1.f0
561,d0.f2.-f1.-r2.d2.-f0.-r2.-r0.f0.d1.-d0.-f0.-d2.-f1.-r2.d2.f2.f0.-d1.-r1.d1.r0.-d1.-r0.f1.-r0.-f1.r1.r0
562,d2.-f2.-d0.-r0.-f2.d1.f0.-r0.d1.f0.d0.r2.f0.-r2.-f0.-f1.-d1.-r2.-d0.r2.-d0.d1.-f2.-d0.f0.d0.-r2.-f0.r2.f2
563,-d2.f2.r1.-d1.-r0.-f0.d2.f0.-r2.f2.r0.-f2.r2.f1.-f0.-r2.-r0.-f0.-r1.-d2.f0.f2.f0.-r2.-f2.-d2.f2.r2.-f2
564,d0.f0.-r2.d1.f1.r0.f1.-r0.-d2.-r0.-d2.f2.d2.-f2.-r1.-r0.-d1.-r2.d1.f1.f0.-d2.r2.f2.f2.-r2.-d2.-f0.d2.f2.-d2.f0
565,r2.-f2.-d2.d0.-r1.-f2.d2.d2.d0.f1.d2.-f0.d0.-f2.-d0.-f2.-d0.f2.-f0.d0.f2.f0.-r0.f0.r0
566,r2.d0.f2.-r2.f1.-r2.r0.-d2.r2.f1.-d1.f0.f0.r1.-d2.r1.d2.-f0.-d1.-r0.f1.r0.d1.d0.-f0.r1
567,-r0.f0.-r0.-r0.-f0.-f0.-f2.-d0.-r0.-f2.-d0.-d0.r0.f2.f2.r0.f2.f2.r2.r2.f2.f2.-d2.-d0.-d0.-f0.-f0.r0.-r1.-d1.r1.d1.-r0.f0.f1.d1.-f1.-d1.-f0
568,d1.-f0.d0.f2.r2.-r0.r2.d1.f0.-r2.d1.f1.-d2.f0.d0.-f0.d2.f2.-r2.-f2.r2.-f1.d2.f2
569,f1.r1.-f0.d1.-r1.-d2.f0.d2.-f0.r0.-f2.-d2.r1.r0.d2.d2.-f2.-r0.-d2.f2.d2.-f2.r0.d2.-f0.-d2.f2.d2.f0.d2.r0
570,f1.-d2.-f0.-d0.f0.f1.-d2.f2.d0.r2.d2.-r2.-d0.-r0.f1.d0.-f1.-r1.f1.r2.f0.f2.-d2.-r1.d2.r1.-d1.-f0
571,-f0.r2.r2.d2.r2.-f0.d2.f2.-d0.-r2.-d1.f1.r1.f1.-r2.-d2.-f1.d2.-f0.d2.f0.-d2.-r1.f0.r1.f2.r0.-f2.-r1.f2.-r0.-f2.-f0
572,f2.f1.r2.-d1.r2.-d1.f2.-f0.-r2.-d1.-r1.r0.f2.r2.-d2.-f1.-d2.-r0.d2.d2.r0.f0.r0.f0.-r0.f1.r0.-f0.-r0.f2
573,r1.r0.-d2.d0.r1.-r0.f2.d2.r1.f1.-d2.f1.f0.r0.-f0.-d1.-r2.-f2.-d0.r2.d1.-r2.d2.-d1.-f1.-d0.f1.-d2.f2
574,-r0.d2.r0.r2.r2.-f0.-r0.-d0.f2.r2.-f2.-d0.-d0.f0.d0.-r0.-r0.f2.f2.d0.r2.r2.d2.f2.f2.r2.r2.-d2.-f0.-f0.f2.-r1.-f1.r1.-f2.f1.f1.d1.-f1.-d1
575,d1.-f2.-r0.d0.-f0.r2.d0.-r0.-d2.-r2.-f2.-d2.d0.-r1.-f2.-r0.-d0.r2.-f1.r0.-f0.-d2.f0.-r0.f1.-f0.d2
576,-r2.r0.d1.r0.-d1.r0.f2.-d1.d0.f2.-d0.-f2.-r0.f2.d2.f1.d2.r2.d0.r2.-d0.r2.-d2.-r1.d2.r2.-d2.r1
577,r2.-d2.f0.-r2.f1.-r2.-d1.f1.d0.r1.d0.f0.d2.f2.f2.-d2.f2.r0.f1.-r0.d2.d1.-r2.-d1.r2.-d2.-r2.d1.r2
578,-f2.-d0.f1.f1.-r1.-r0.-r0.-d0.-d0.f0.-r0.f0.r2.f2.f2.r0.-f0.-d2.d0.r2.r2.-d2.f2.f2.d0.-f0.-f0.f2.f2.-d2.r2.-f1.d1.f1.-d1.r2.f1.r1.-f1.-r1
579,-f2.-r1.-f0.d2.r0.f1.-r2.f2.-d2.f0.-d0.r2.f0.r0.-d0.r0.r0.d0.f0.f2.r2.-f0.-r2.-f0.d2.f0.-d2.-f2.-d0
580,-d2.-r2.f1.-d0.-r2.-f0.-r2.-d0.r0.f2.r2.f2.-d2.r0.-d0.-f2.d2.d0.r2.r1.f0.r2.f1.-r0.-f1.-r2.-d0.-f0.-r1.f0
581,d2.-d1.r0.f1.-f0.-d0.f0.-f2.r2.-r1.d0.-f2.-d0.f0.-r0.d2.d1.f0.r2.-d1.f1.d1.-f1.-f0.-d0.r1.f2.-r1.-f2
582,f2.r2.f2.d1.r2.d0.r1.-d0.f1.f1.r2.-f0.r1.r0.f2.f2.f0.-r2.d0.r2.r0.f2.-r0.d0.r0.r0.-d0.r2.d0.r0.r0.-d0.-r2.d0
583,-f2.-d0.r2.r2.f2.d2.r2.-f0.-r0.d0.-f0.d2.r0.-f0.-f0.r2.r2.-d0.-r0.-r0.r2.r2.f2.f2.d2.-f0.-f0.f2.f2.r0.-d1.-f1.d1.f1.-r0.-r1.f1.r1.-f1
584,-f2.-f0.r0.-d1.d0.r0.-f2.-d0.-d0.-f2.r1.d0.r0.-d0.-d0.-r1.d0.d0.f2.d1.r0.-d0.-r0.-d1.-f1.-r0.f0.r0.f1.-r0.-f0.r0
585,-d0.-r1.-d0.f1.-d0.-f2.r1.-d0.f2.-d0.-f0.r1.-d0.-r1.-r0.-d2.-r0.f2.d2.f1.-d2.-f1.-d2.-f2.d2.d2.f0.r0.-f0.-d2.f0
586,d2.f0.-d0.-f1.d2.-f0.d2.d2.r2.f0.r2.f1.r0.d2.-r2.-r0.-d2.r2.-r0.-f0.d0.-r0.-d2.r0.f0.-r0.d2.r0.-f0.-d0.-f0.d0
587,-f0.d2.-r2.f1.-r0.d1.-f2.-r1.-f1.d2.-r2.r0.-f2.-r0.-d0.-r2.-f0.-r2.f0.r2.-d2.r2.f2.f0.-d0.f0.d0.f0.f0
588,r0.d2.-r0.-f2.r2.d1.f2.f2.r1.r0.f0.r2.-d1.f2.-f0.r2.-r1.f2.r1.d1.-f2.r0.-d2.-f0.r0.f0.-r0.d2.-r0.f2
589,-r1.-d2.d1.-f2.-d0.-f0.d2.r0.d2.f0.r2.f2.-d0.f0.-f2.d2.f1.r1.r1.-f2.r0.-f1.-r0.f2.-r1.-d1.r1.r1.d1
590,f0.r0.-d2.r2.f2.-r2.-f0.d1.-d0.-r0.-d0.-r0.-f2.-r2.f2.-d0.f2.d0.-f2.f0.-d2.-r1.d2.-f1.-f0.r0
591,-d2.-r2.-d0.r2.f0.d0.-r2.d1.-r0.f1.r1.f0.d0.-r1.d0.r2.-d1.-r1.d1.-f1.r1.-f1.r0.-d0.r2.d1.-r2.d0.-r0
592,-d2.f1.f1.d1.d2.-r2.-f2.r2.d0.r0.f2.f2.r0.-d0.-d0.f0.r2.-f0.-f0.-r0.-r0.d0.f2.f2.-d0.f2.f2.r2.r2.d0.f1.-f2.r1.-f1.-r1.f2.-d1.-r1.d1.r1
593,r0.d2.f1.f1.r1.d2.-f2.r2.d2.d2.-d0.-d0.r0.-f2.-r2.-f2.-d2.f0.d2.d2.f2.f2.-d0.-f0.-f0.-r0.-r0.-d0.r2.r2.d0.f2.f2.d2.d2.d1.-f1.-d1.f1.r1.f1.-r1.-f1
594,-r0.-f1.f0.-d1.-f2.-d2.-r0.-d1.-r1.d0.f1.-f2.-d0.f0.-d2.r1.d2.f0.d0.-f0.r1.d1.-r1.f1.f0.d1.-f0.d1.d1.-r0.f0.r0.d1.-r0.-f0.r0
595,f2.-d0.r1.f0.r0.d1.r1.-d0.f1.f1.-d2.f1.f0.d1.d0.-f0.-r0.f0.r0.f0.d0.f0.f0.r1.d0.-r1.-d0.f0.f0
596,d1.-f2.-f1.d2.-d1.-f0.r0.-d0.r2.d0.-f1.d1.f2.-r2.f2.r2.d2.-f2.-r0.-f2.r0.-d0.-f2.d2.d2.f2.d0.-f2.d2.-d0
597,-f0.r0.d2.r2.-f2.-r0.-r0.f0.-d2.f0.-d2.-f2.-r0.-r2.f2.f2.r2.r2.d0.-r0.-r0.-d0.-d0.-f0.-f0.d2.f2.f2.-d2.f2.f2.r1.-r2.-f1.-r1.f1.r2
598,r0.d2.-f2.-r2.-d0.-r2.-f0.r0.d2.f0.-r0.-r0.f0.-d2.-r0.-r0.f2.f2.r2.r2.d2.f2.f2.d2.d2.-f0.-f0.d0.f2.f2.f1.-f2.-d1.-f1.d1.f2.-f1.-d1.f1.d1
599,f1.-r1.f0.d0.d0.r1.f0.r0.-r1.-f0.-d0.-d0.-f1.r1.d2.d0.f2.-r2.f0.d2.-f0.r2.f1.-d0.-r2.d0.f1.-d0.r2.d0.f1
600,d2.-f2.-r2.-d2.-r2.d2.-f0.-d1.d2.-r0.-f2.-r1.d0.r0.r0.f1.r1.-r0.f2.-d2.-f2.-r1.-f1.-f0.-r0.f0
601,r1.-d0.-f0.-d1.f2.-r0.-f1.d0.d0.-r1.-f0.r1.-f2.-r1.d1.r1.-d2.-d1.d0.-r0.-d0.r0.f2.-d0.f2.f2.d0
602,d0.-r0.f2.d0.f1.d2.d2.f2.-r1.-d0.r1.f2.r1.f2.-r2.f2.r0.-f2.r2.-d0.-r1.f0.-r0.-f2.r0.-f0.-r0.f2
603,f2.d1.f0.d1.r1.-r0.f0.r2.r1.f2.r2.-d0.r2.-d0.-f1.r2.f1.r2.-f1.-r2.-f2.d0.f0.-d2.f2.d2.r0.d2.-r0.-d2.-f2
604,-f2.r1.-d2.f0.-r0.d0.r2.f1.-d1.-r2.f0.-r1.f2.d2.-f1.-d1.-f0.d1.d0.-r2.-d0.f2.f2.r2.d2.f2.-d2.-r2
605,-r2.d1.r1.f1.r2.f2.-d1.f0.d0.-r0.f2.r0.f1.-d2.r2.f2.f1.d2.-r0.f0.-d2.f0.r2.-f0.d2.-f0.-r1
606,-f0.r0.-d0.-f2.f0.-d2.-r2.d1.-r0.-f2.r0.-d2.f0.d0.-f0.-d0.-f0.-d2.-f1.d0.f1.d2.d1.-r2.-d1.f0.d1.-f0.r2.f0
607,-f2.f0.r2.-r1.f0.-d2.-d0.f2.-r0.f2.-r1.-d0.-f1.-r0.d2.r2.f1.-r2.-f1.f0.-r2.-f0.r0.f0.r2.f1.f0
608,-d2.-f0.-r2.d2.r0.d2.-r2.-d2.d1.f2.r2.-r1.f0.-r0.-d1.f1.d1.-f0.-d1.r2.d1.-r2.-f2.r2.-d1.-r2
609,-d0.-r2.f1.f1.r1.-f0.-d2.f0.-d0.-d0.f0.f2.r2.-d0.r2.-d0.r0.-d2.r2.r2.f2.f2.-d2.r2.r2.f2.f2.d0.-f0.-f0.f2.f2.-d2.d1.r1.-f1.-d1.f1.f1.-r1.-f1
610,-d1.f2.-r0.-d1.r2.-f2.-d0.f0.d1.-f2.-r2.r1.f2.r2.d2.f2.-r2.d1.-r1.-d1.r1.-d2.-d1.f2.d1.f2.d1.-f2.-d1.-d1.f2.-r1.f0.r1.f2.-r1.-f0.r1
611,-r1.-d1.-r1.-d0.-r0.-f2.r2.-f2.r2.r1.-f2.-r0.-d1.f2.r0.-d2.r0.-f2.-r2.-f2.r2.-f1.r0.f1.-r2.-r0.f0
612,d0.r0.-f0.d1.-f1.d2.f0.f1.-r2.r0.-d2.-r1.-d2.-d1.-r2.-f2.d2.f2.d1.-f2.-d1.-d0.r2.-d2.-f2.d2.f2.-r2.d0.r2
613,-f1.-r0.-f0.r2.f1.-r0.-d1.-r1.f1.-d0.r0.d0.r0.-d0.f2.-d2.d0.r2.r1.f0.f0.d2.-r0.-d2.f0
614,-d0.r2.d2.f2.r1.-f1.d0.r2.f1.d1.-f0.-d0.r1.-d1.-f2.d1.-f1.d0.-f2.-d0.-f0.-d1.f0.-d0.f1.d0
615,r0.f2.d2.-d1.r1.d2.r2.-f0.-r2.r1.-d2.f0.d2.-f1.-r0.f1.-r1.-f1.d1.-d0.f2.-d1.r2.f2.-r2.-f2.r0
616,f2.-d1.-r1.f2.-d2.-r1.d1.-f1.f0.r2.-d0.-f2.f0.-d1.r1.r0.-r2.d0.d1.-r2.d2.f2.d0.f2.-r0.-d0.-r2.f0.d0.-f2.-d0.-f0.d0.f2
617,-r2.d2.-r1.-d1.-f0.r1.r1.-d1.f2.f2.-d0.-r0.-f1.-r1.f1.f0.d2.-r0.-d2.-f2.-d2.-d0.r2.-d1.r2.-d0.d2.r2.-d2.r2.-f0.r2.r2.f0.-r2.d2.r2
618,r2.-r1.d2.f2.r2.r2.-f0.-r1.-f1.-d2.f0.f0.r0.d2.r0.-d1.-f0.r1.f0.d1.-r1.-d0.r1.r0.-f2.r0.r0.-d2
619,d1.-r1.-d2.-f0.-r2.f1.-d1.-r1.f2.-d1.d0.f2.r0.-d2.-f2.-r0.-d0.f0.-r2.f2.r1.-f2.r2.r0.-f1.-r0.-f0
620,f0.d1.-f2.-r1.-f0.d1.-r0.d0.-d2.-f2.d0.r0.f2.-r0.-f0.d0.f0.-d2.-f0.-d1.-d0.-r0.-d2.-r0.d0.r0.d2.-d0.r0.-f2
621,f2.r0.d0.-r0.d0.-f1.-r2.-d0.-d1.-f2.-r1.-f1.-d2.-r2.f0.d0.f1.d1.r0.r0.-f2.-d1.-d0.r1.-d2.r2.-f2
622,d2.-r1.d0.f0.r0.-d2.r1.r1.f0.-d2.d1.-r0.d2.-f0.d0.r0.-d1.-d0.-d0.f2.d0.f2.-r0.f2.r0.f2.d0.-f2.-r0.f2
623,-f2.-d0.-r1.-d0.f0.-d0.f2.r2.f1.-f0.d2.-f2.d2.-f0.f1.f1.-r2.-r1.-d2.r0.d0.d1.-f2.d2.f0.-d2.f2.d1.-d0
624,-f0.-r0.d1.f1.r2.r2.r1.d0.f0.-d2.f0.-r0.d2.r2.f2.f2.f1.r2.f0.r2.r2.-f0.r0.f0.r2.-f0.-r0.d2.-f0.-d2
625,-d1.f2.-d0.r2.-r1.-f1.-d2.-r2.d1.-f2.f1.-d0.-f1.r2.d0.-f2.r1.r0.-d2.r2.-d1.r2.-f1.-r2.f1.-r2.-d0
626,f0.-d1.-r0.-r0.d2.-f2.d2.d2.-f2.-d2.-d0.-d0.-r2.-f0.f2.f2.-r2.f2.f2.r2.r2.-d2.-r0.-r0.r2.r2.f2.f2.-r2.f1.-d1.-f1.d1.r2.-r1.d1.r1.-d1
627,d0.f1.f1.d1.-r0.-d0.-d0.-f0.d2.d0.-f0.-f0.r0.-d2.-d0.f0.-d0.-f0.-f0.d2.-f0.-f0.-d2.r2.r2.d2.-f0.-f0.r2.r2.d0.-f0.r1.d1.-r1.-d1.f0.-f1.-d1.f1.d1
628,d2.-f2.-d1.-r1.-r0.d2.r0.-f2.-d1.-r0.d2.-r2.-d2.-f1.-r1.-f2.f1.-d2.f0.f0.r0.-f0.-d1.-d0.r0.f2.-r0.d0
629,-r0.f2.d2.r0.d0.r0.d2.d1.f2.-d2.-r1.-f0.r1.d0.-r2.-d0.r0.d0.d0.-r0.d0.r2.-d0.-r2.-f2.-d0.f2.-r1.-f2.d0.f2
630,-r2.-f2.d2.f2.-r2.f0.f0.d2.-f2.-d2.d1.r1.r1.d0.f0.d2.d0.f0.-d0.f1.f1.r2.f1.-r2.-f1.-r2.f1.r2.f1.d0
631,d0.-r2.-f0.-r0.-f2.-r2.-d2.-r1.-d0.-f2.-d2.-f0.d0.-r2.-d0.f1.d0.f0.-d0.-r1.d1.-f2.-d1.r1.f1.d1.f2.-d1.-f1
632,-r2.-d2.r1.d1.-r0.d0.-r2.r0.f1.d2.-r2.-r0.d2.-f0.r0.-f0.-r0.f0.r0.f0.-d2.-f2.d0.r0.-d0.-r0.f0.r0.f2.-r0.-f0.r0
633,-r0.d0.f0.-r0.f2.d2.f2.-r0.-r0.r2.r2.-d2.-f0.d2.d2.f2.f2.-d0.r2.r2.-d2.-f0.-f0.d0.-f0.-f0.f2.f2.-d2.-f2.d1.r1.-d1.-r1.f2.f1.d1.-f1.-d1
634,f2.-d0.-r0.-d2.f2.-f1.d2.-r1.r0.f0.d0.f1.-r0.-d1.-r1.r0.-f1.r1.f2.r0.-f2.-r0
635,f1.-d2.r0.f1.-r2.-d0.r2.d1.f2.-d2.-f2.-d2.r0.-f2.f0.d0.d0.-r2.f0.r2.f1.r0.-f1.-f0.-r0
636,f0.d0.-f2.-r0.-f2.d2.-f0.-r0.d2.f2.f2.-d0.-r2.-f2.r2.r2.d2.-r0.-r0.-d0.-d0.-r0.-r0.-d2.f2.f2.-d0.-d0.-f0.-f0.d0.-r1.-d0.-d2.-f1.d2
637,d0.f2.d2.f1.d2.f2.d1.-r0.-f1.-d2.d0.-f1.r0.d2.d0.r2.d2.-r0.f1.-r1.-f1.-r2.-f2.r0.f2
638,-r0.d2.-f2.-r0.f1.-r1.-d2.-f1.f0.-d2.-f2.d2.-r0.-d0.r0.d0.-r1.f0.r1.-f0.d2.-r2.-d1.r2.d2.-r2.-d2.-d0.f0.f0
639,f2.-d1.-r0.-f0.-r2.d2.r2.d2.r2.d2.-r1.-r2.d0.f0.-r0.-f1.-r0.-d2.f2.d2.-f2.r2.f2.r2.-f2.-r2.f2.-r0.-d0.-f2.-r2.d0.r0
640,-d1.r0.d2.-d0.r2.-f0.d0.d1.-r1.r0.-f2.r0.d2.f2.d1.-f2.r1.d1.-f0.-r0.f0.-r0.-d1.r0.-d2.-f2
641,-d0.-f0.d2.d2.-r0.r2.-f0.-d2.f2.f2.-d0.-r0.d2.d2.-f2.-d2.f2.f2.d2.r2.r2.-d2.-r0.-r0.-d0.-d0.f2.f2.-d0.r2.-d1.r1.d1.r2.-r1.d1.r1.-d1.-r1
642,d0.-r2.d0.-r1.-f2.d1.d1.r2.-f1.d0.f1.f2.d2.-d0.r1.d0.-r1.d1.d1.f1.-r1.-f1.d1.f0.-d1.-f0
643,f2.r1.-f0.-r1.-f0.-d2.d1.f2.d0.f2.-r0.d1.f2.-d0.r0.-d1.-r0.-f2.d2.r1.-d1.d0.-f0.-d0.f0.d1.-f0
644,-f0.-r0.f0.-r0.-d0.-d0.r0.-f0.-f2.-d0.f2.-r2.-f0.-r0.-r0.-d0.r2.r2.d2.f2.f2.-d2.-d0.-r0.-r0.-d2.d0.r1.-f1.-r1.f1.-d0.f1.d1.-f1.-d1
645,f2.r2.-r1.-f1.-d1.r1.-r0.f0.r2.-r1.-f1.r2.-f2.d1.-r0.f2.d2.r0.-f2.r1.f2.f2.r2.f0.-r2.f2.f2.-r1.f2
646,f0.r2.-d0.-r0.d0.-r0.d2.-r0.-d2.-d1.-r0.f2.f1.r0.-d2.-r0.f0.-r1.-f0.-r1.-d1.-f0.-r1.f0.r1.d1
647,d0.f0.-r1.-f0.d2.d2.r2.r2.f0.-r0.-r0.f2.f2.-d0.-d0.r2.d0.-f0.-d2.r2.r2.d2.d2.d0.f2.f2.r2.r2.-d0.r2.d1.r1.-d1.r2.-r1.-d1.-f1.d1.f1
648,-d1.-f2.-r2.f0.-d0.r1.-d2.-r2.-d0.r0.r0.-d0.-r0.-r1.d0.f2.-d0.r1.f2.r1.-f2.-d0.-r1.f2.r1.r1.-f2.-r1.f2.r1.-f2.d2.f2.-d2.r1.d2.-f2.-d2
649,f0.d0.r2.f2.-r0.f2.f2.-d2.f0.d0.-f2.-r0.d2.-f0.-r0.-r0.-f0.-f0.-d2.-r0.-r0.-d0.r2.r2.f2.f2.d2.d2.d0.r0.r1.-d1.-r1.d1.-r0.-f1.r1.f1.-r1
650,f0.-r1.d1.f0.-d1.r0.r0.d2.d2.f0.-d0.-r2.d0.r2.f2.-r2.-f0.-d1.-d0.f0.r2.-f0.-r0.d0.r0.f0.f0.-r0.-d0.r0
651,r2.d2.-f2.-d2.-r0.-f2.r2.-f2.-f0.d0.-r0.-d0.r2.-r1.-d2.r0.d2.r1.-f0.-r2.-d0.-f1.d0.f1.-r1.-f1.-d0.f1.d0.-r0.-d0
652,d2.f0.-d0.r0.-f2.d0.r2.-d2.-r2.-d0.-f1.r0.f1.-r2.-r0.f0.r0.d1.f0.-d1.d0.-r2.-r1.-f0.d1.-f0.-d1.f0
653,r2.d1.-r1.f1.-d2.d1.-r0.-f1.-f0.-r0.r2.-d0.-r1.r0.r2.-d2.d0.r0.r0.d2.-r0.-d0.r2.r2.d0.r2.r0
654,r2.r2.d0.r0.-f0.d0.-r0.-d0.-f1.r0.-d2.-r2.-f2.-d1.-r2.-d2.d1.r2.f2.f1.r2.-f2.d1.f2.-d1.-r2.-f1.-r2
655,r0.d2.f2.r2.-d1.-f2.r0.-f2.-f2.-d2.d1.d0.r1.-r0.-f1.r0.-f2.-r0.-f2.f1.d0.f2.-d0.f1.d0.-f2.-d0.-f1.d0.f2.-d0
656,f0.-d0.-r0.f2.f2.r1.-f1.-r0.-f0.-d0.r0.f0.r2.-d2.-r2.-f2.f0.-d2.-f0.d2.-f1.r1.-r0.f1.f0.-r0.-f1.r0.-f0.d0.-r1.-d0.-f1.-d0.f1.d0
657,d0.-r0.-f1.r2.-r0.f2.-f0.-r1.d2.-r0.-d0.r2.r0.-d2.-f2.-r2.-d0.f2.d0.-f2.r2.f0.-d0.-r2.d2.r2.d0.-r2.-d2.r2.f2
658,d0.-f0.r0.r0.d2.-r1.d2.r0.-f0.-r0.f0.-d2.-f0.d2.r0.d0.f0.-d2.-f0.r1.d2.-r1.-r0.-d1.-d0.f0
659,-r1.f1.r2.f1.-d0.f1.-d2.r1.r0.f0.-r0.-d0.-f0.r2.-d0.f0.d0.-r2.d2.r2.f0.-r2.-d2.r2.f2.-f0.-d2
660,d1.-f0.r1.-d2.-r1.d0.d2.-r1.d0.-f1.r2.d2.-f0.d2.-f0.r2.-f2.-r2.f0.r2.-r1.-f2.-d2.f2.d2.f2.-r2.-f2.r1.f2
661,-d0.f2.-r0.-d2.f1.r0.-f0.d1.r2.-f2.-f0.d1.r0.-d1.f0.r1.d2.-f1.-r1.d1.-f0.-r0.-d1.r2.r0.-f1.f0
662,-d1.r0.f1.-r2.-f2.-f2.-r1.d0.r1.d1.d1.-f2.-d2.r2.f1.f1.f0.f0.-d0.-r0.-d1.r0.d0.-f1
663,r2.r2.d1.-d0.-f2.r0.r2.d0.-r2.-d1.r2.f0.r2.-d0.f1.-d0.f0.r0.d0.-f0.-d0.-f0.-r0.-d2.-f0.-d0.f0.d2.-f0.d0.-r0
664,-r1.d2.-f2.d2.-r2.f0.-d0.f1.f0.-r0.d2.-r0.-d2.f2.-d2.-r2.d2.-r0.d0.r0.d1.-r0.d0.d0.r0.d0.r0.f2
665,r1.-f0.d2.f2.f2.-d0.-f1.d2.f0.r0.f2.-d0.f1.r1.d1.r2.-f0.d2.d1.-f1.-d2.f1.-d1.-f2.-r2
666,f2.d2.-f1.-d0.r0.d2.-d1.-r2.-f2.-d1.f1.f2.-r0.-f2.r0.-f2.d0.d0.r0.d0.r2.-d0.-r0.d2.d0.f2
667,d0.-r2.d2.d2.r2.-f2.d0.f2.f2.r0.d2.f0.f2.-d0.-d0.r0.d0.f2.f2.-d2.-r0.-r0.r2.r2.-d2.-f0.-f0.-d0.f2.f2.-d0.r1.-f1.r1.f1.r1.r1
668,-r0.d2.f2.-d0.f1.d2.f0.f0.-d1.f1.-d0.r0.d2.d0.r0.f1.r0.r0.-f0.r0.-f2.-r0.f0.-f1.r0.f2.-r0.f1
669,-r2.d0.r2.-r0.f2.-f1.-r1.f0.-f1.d2.r0.-f1.-d0.-f0.-d1.r1.-f1.d1.f1.f0.f0
670,d1.f2.-d0.-f1.r2.f0.r2.-d1.-r1.f0.-d2.-d0.-r2.-f0.r1.-f0.r2.f1.f0.-d0.-r1.d0.f0.-d2.-d1.-f1.-r1.f1.d1.r1
671,-r0.-f1.-d0.-r0.-d0.d2.f0.r2.d0.f1.r0.f2.r2.f0.r2.-r1.-d1.d0.-f1.d1.f1.-d0.-f1.-r1.f1
672,f1.-d1.-r0.-d0.-f2.-r1.-f2.d0.r2.-f2.-d2.-f2.-d0.-f2.-d2.-r0.d2.d2.-r0.-d0.f2.d0.r0.-d2.-r2.-f2
673,r2.-r1.-f1.r0.-d0.-f2.d2.-r2.d2.r2.-d2.d1.d1.f2.-d0.f2.d2.-r0.f2.r0.d1.r0.-f2.r0.f2.-r0.d0.r0.-d1
674,r1.r1.d2.-f1.d1.f1.-d0.-f0.d1.-d0.-f0.-f0.-r0.-f2.-f0.r2.-r0.-d0.-r0.d0.-r2.r0.f2.-d0.-r2.d0.-r0.-d0.r2.d0
675,-d2.r2.-f1.-r0.f2.r0.-r2.d2.d2.-r0.d2.f2.d0.-r0.f2.d2.r2.r2.f2.f2.r2.r2.d2.-d0.-d0.-r0.-r0.-f0.-f0.d2.-d0
676,-d2.-f1.r2.-r0.f1.-f0.-r0.-f2.-r1.r0.-d0.-r2.-d2.-r0.d2.-d0.-f0.-r0.f1.r1.r0.-d0.-r0.-d0.r2.d0.r0.-d1
677,d1.f0.f0.d0.r0.-d1.-r1.f2.-r2.d2.d2.-r0.-d0.r0.-d2.d1.r0.d2.r2.r1.d2.f0.-d2.f1.d1.-f2.-f0.r1.f0.-r1.-f1
678,d2.-f2.f1.d2.-r1.-d1.-r1.-f2.-r0.-f2.-f2.-r2.r0.-f2.r0.r0.-d2.r1.d2.r0.-d2.r2.d2.r0.r0.-d2.r0.-f0
679,d1.r1.d1.f2.r2.-f0.d0.f0.-r2.f0.-r2.f2.-d2.-f2.r0.-f2.d2.-d0.f2.d2.-d1.-f0.d1.f0.-d2
680,-d0.f1.r0.d2.f2.-r2.-f0.-r0.f0.-r0.-f0.-r2.-f2.r0.f2.r1.d2.-d1.-f1.-d2.-f0.d1.-r0.-d1.-f1.d1.r0.-d1.-r0.f1
681,-r2.r0.f2.f2.-d0.r0.-f2.-r0.f0.-r2.-r2.f0.r2.d1.-f2.-d1.-f0.-f1.-r0.-d1.-r1.r0.-f1.r1.f1
682,r2.-r1.-d0.r2.r2.-d0.d2.-d1.f1.-r1.f0.r0.-f2.r2.-f0.-r2.-d2.-f1.-r1.-d0.f1.-d2.f2.f0.-d2.r0.-d1.-r0.d2.r0
683,r1.-r0.-f1.f0.r2.d0.r2.f2.-d1.f0.-r1.r0.d2.r2.-f1.-f0.-d1.-r2.-d0.f2.d0.r2.-d0.-f2.-f0.d2.f1.-d2.f0.d2.-f1
684,d0.r0.-d1.-f2.-r2.-f2.r0.-d1.r1.f0.-r2.-f0.r2.-d1.-f0.-d0.-f2.r1.d0.-r1.d1.-f0.r1.-d0.-r1.d0.f0.f0
685,d1.r1.-d0.-r2.-f0.d2.-r0.f2.-d1.r1.-d0.-r1.-d2.-r2.-r0.d2.-f0.-d2.-f0.r2.f0.r0.d2.-r0.-d0.r0.d2.d2.-r0.d0.r0
686,-r2.-d0.r0.-f0.r0.-f0.d2.-r0.f1.f0.-d2.d1.r2.f0.-r2.f2.r2.f2.f2.d0.r0.r0.-f1.-r0.f1.-r0.-d2.-d0
687,-r1.d0.f0.r1.-d1.-r0.-d2.-r0.f1.r1.f2.f2.-r1.d1.-r1.-d2.d1.f2.-d1.-f2.-r1.d2.-r0.d1.-r1.-d1.r0
688,r1.-f0.d1.-d0.r1.f0.f0.d2.f1.d2.-d1.-r0.-d2.f0.-d1.r2.d2.r0.-d2.r1.d2.r0.r0.-f0.d0.f1.-d0.f0.d0.-f1.-d2.-d0
689,d0.-r0.f1.d0.-f0.-d2.-f0.-r2.-f1.f0.-d2.d1.r2.d0.f2.f2.d2.-r0.d0.r0.-d0.r0.-d1.-f2.-d0.f2.d1.-r2.-r0
690,d2.-r2.-f1.-d0.r0.-d2.r0.-f0.r2.-d0.-r0.f0.d0.-f2.r2.r2.d2.-d0.-r0.-r0.d2.-f0.-f0.f2.f2.r2.r2.-d2.f1.d1.-r1.-d1.r1.-f1.r1.f1.-r1.-f1
691,f2.r2.f1.f1.-r1.-f0.r0.f2.-d2.r2.-d0.-d0.-r0.d2.-f2.r0.r2.r2.d0.f2.f2.d0.-r0.-r0.-d0.r2.r2.d2.-d0.f2.f2.f1.d1.r1.-f1.-r1.-d1.r1.f1.-r1.-f1
692,-d1.f2.-d1.-r2.d0.-r2.r1.d0.f2.f2.r1.-d2.r0.d0.d0.-r0.f2.d1.-f2.d2.d0.f1.-r0.-f1.-d2.-f2.-f0.d0
693,r2.f0.-r1.r0.f1.-d2.d1.r2.-f2.-d2.r2.-f2.-d1.f2.-d2.-r2.-d1.f2.d1.f0.r0.-d2.-f2.d2.-r0
694,r0.-r2.d2.-r2.-f0.-d0.-r2.d0.r0.-d0.-d0.-r0.-r0.-f0.-f0.f2.-d2.-r0.-r0.-d2.r2.r2.d2.d2.-f0.-f0.-r0.-r0.-d2.r2.r2.-d2.-r1.-r1.-f1.-r1.f1.-r1
695,-f1.d0.r0.d2.-f0.-r1.-d2.r2.r2.f2.-d1.r0.d1.f1.d2.-d0.-f0.d0.-f1.-d0.-f2.-f1.r1.d1.-r1
696,f1.-r2.d2.f1.d2.-r2.r0.f0.-d1.-r0.d0.r2.d0.r0.f1.f1.d2.f2.-d1.f0.d1.f1.-d0.f1.d0.r1.r0.d0.-r1.-d0.-r0.-f0
697,r2.f0.-d2.f2.-r1.f0.d1.-r0.f0.-d2.f0.d2.r0.r0.d0.r2.-r0.-d0.r0.f0.-r0.f1.f2.d2.-f0.-r2.-r1.-d2.-f1
698,-r0.f0.-f2.r2.-f2.r2.r2.-d0.-r0.f2.-r0.-f0.-r2.f2.-d2.-r0.-r0.f2.f2.-d2.f2.f2.-d0.f2.f2.d0.-f0.-f0.r2.-f1.-d1.f1.d1.r2.f1.d1.-f1.-d1
699,-d2.-f2.r2.-f0.-d2.f2.-d0.-f1.d2.-d0.r1.r1.f2.r2.d0.-r1.-f1.-d2.f1.-d0.-f1
700,-f2.f1.r1.-r0.d2.-r2.-f2.r2.f0.f0.d2.r2.f0.f0.r1.f2.r2.-f2.-r2.f0.-r1.-d0.r1.-f0.-r0.f0.-r1.-f0.r0.f0
701,-d0.f2.-d0.f1.r1.-d1.-d0.-r0.f0.-r0.f0.-d0.f1.r0.-d2.f1.d2.r2.-f2.-d0.-r0.f0.r0.-f0.-d2.f0.d0
702,-d2.-d1.f0.f0.r1.-d2.r1.d0.f0.-r0.-r1.-d0.-r1.r0.-f1.-d2.f1.r1.f0.-d2.-f0.d2.d0.r2.r2.-d0.r2.-f0
703,r0.d1.r0.d1.-f2.f1.d0.-r0.-f2.f0.f0.r2.r0.-d2.-f2.d2.f2.-r2.f1.-r1.-d1.-r2.d1.r1.-d1
704,-f0.r1.r1.-d1.d0.r0.f2.f2.-r2.-f0.r2.-d0.-f2.d0.r2.-d0.f2.-f1.-d2.r2.d2.f2.d1.-f2.-r2.-d1.r2.-f0.-r2.f1
705,r0.d2.f0.-r0.-d2.f0.r0.d0.r2.-f0.-r0.d2.-d1.-r0.-f0.-d0.-r0.d0.-f0.-r2.-f2.-r2.d1.r2.f2.r2.f0
706,-d0.r0.f0.r2.f1.-r1.r2.f0.r0.d0.-f1.f0.-d2.-f0.d2.-r2.-f0.r0.f0.r1.d2.r0.-d0.-r0.-d2.-r0
707,-d2.f1.r2.d1.r2.-d0.-d0.r1.-f0.-r2.f2.f0.-d0.-d0.f2.-r2.-r2.-d0.-r2.f2.d2.-r0.-f2.-d1.r0.-d2.-f2
708,r2.d2.-r1.-f0.r0.f0.d0.r2.-f2.-d2.f2.f2.d1.-r2.d2.r2.-f2.d0.-r2.-f0.-f0.r2.f0.-r2.f0.r2.-d0.-f0.r0.f0
709,-d2.-r0.f2.-r1.f2.r2.-f2.f1.-r1.d0.d0.-f0.r2.-f2.-d2.-f0.-r0.f0.r2.-r0.d1.f0.-d1.-f0.-r1.-f0.r1.f0.r0
710,f2.r1.d0.d0.-r2.d1.-f0.-d0.-r0.d1.r1.r0.f0.d2.-f0.r2.-d2.r0.f0.f0.r2.d0.-r0.d2.-r1.-f0.r1.f0.-d2.r0
711,d0.-f2.d2.d2.f2.-d2.r0.-d0.r0.r2.-f0.-r0.-r0.-d0.r0.-f0.-f0.-r0.-r0.f2.f2.-d0.f2.f2.d2.-d0.-r0.-r0.d2.-f0.r1.f1.-r1.-f1.-f0.-r1.d1.r1.-d1
712,r2.f0.d2.f1.d2.f0.d2.f1.-r0.-f2.d0.r1.-d0.-r0.-d2.-d0.f0.-d1.-f1.d1.-r1.d1.f1.r1
713,r1.f1.f1.-r0.d0.d0.r1.-f0.d0.r1.f0.-d2.f0.d2.-r1.d1.r2.-d0.r0.d0.-r2.-r0.-f1
714,d2.-d1.-r2.-f0.-d1.f1.r2.-f2.f0.r0.-d0.-d0.-r1.-f2.-r0.f2.-f1.-d1.-f2.-f0.d1.f2.d1.-f2.d1.d0
715,r1.d2.-r1.-f0.-d1.d0.-r2.f0.r2.-f2.-r0.-d1.d0.d0.-f0.d1.f0.-r2.-f0.-d1.-f1.-d0.-f0.-f0.d2.d0.-f1.d2.f1.d1.-f1.-d2.f1
716,-d1.f1.-d1.-f2.d2.-f2.r2.d2.f0.d1.f1.d0.-r1.f0.r2.-r0.-f2.-r2.f2.-d1.-r0.-f0.r2.-f1.d0.f1.-d0.r1.d0.-f1
717,r0.-f0.r1.d1.-r0.d1.f1.-r2.-f2.d0.f1.-d0.f2.d0.f2.r0.d2.-r1.-r0.f2.-r2.f2.r2.f2.f2.r1.-d0
718,-r0.f0.f1.r1.r1.-d2.f0.-r0.-r0.r2.-f2.-d2.r2.f0.-d0.-d0.r0.f2.-r0.-r0.r2.r2.d0.r2.r2.d2.d2.-f0.-f0.-d2.-r0.-r0.f1.d1.-r1.-d1.r1.-f1.r1.f1.-r1.-f1
719,-d2.-f1.-r2.-d0.f1.r1.-r0.d1.d0.-f0.r0.f0.r0.f2.f2.-r2.f2.-r1.f2.-r0.f0.r0.d0.f0.-d0.f1.-d1.-r0.d1.-f1.-f0
720,-r0.f1.-d2.-f0.d1.-d0.r0.f0.-r2.-f2.d2.r2.d2.-r1.-d0.r1.d2.-r1.d2.d2.f0.d2.-d1.f2.-d2.d1.-f0.d2
721,-d2.-r2.f1.d1.f2.-r0.f1.-d0.r1.-r0.-d2.-f2.-r2.-r1.-d2.-r0.-f0.-r0.d1.-r0.-f1.d0.f1.d2.f0.d0.r1.-d0.f2
722,d0.d0.-r0.-d2.-d0.-r1.-f0.-r1.r0.-d0.-r2.d0.-f0.-d0.-r0.-f2.-f0.-d0.f0.-r0.f0.d2.r0.d0.-r0.-d2.r0.-f1.f0.-d1.-f0.-r0.f0.r0.d1.-r0.-f0.r0
723,r1.-d1.f0.r2.f2.r2.f0.d0.-d1.-r0.-f0.-d2.f2.d0.-f2.-r2.d1.r1.-d1.d0.d0.r2.-d0.f2.d0.d0.r0.d1.-r0.-d0.r0.-d1.-r0
724,d2.d0.f2.d0.d0.-r2.r1.-d1.f1.r2.-d2.-r2.f2.-d2.f0.-r2.-d0.r0.r0.f0.r2.-f0.r0.r0.d2.f0.-r2.-f0
725,r1.d1.-d0.r2.f0.-r0.-f2.d0.-r0.-f1.-f0.-d1.f2.d1.r0.d1.-r1.r0.r0.d2.-r0.-d0.-f1.-f0.d0.r0.d0
726,f0.-d0.r2.d1.f2.-d2.f2.-f1.d1.-f0.d2.-d1.r0.d2.r2.r2.-d2.r2.f0.-r0.-d0.r0.f1.-f0.-r0.d0.r0.-f1
727,-r0.-d2.r1.d2.-f0.d0.-f0.-r2.d2.f1.-r1.d0.-d2.r1.f0.r0.f0.-d1.-f0.-d0.f0.d0.-r0.d1.r0.-f0.-r0.-d1.r0
728,-d2.-d1.-r0.-r0.f0.-d2.f0.d2.f0.f2.-d0.f2.f2.-r0.f0.d2.-r0.-r0.d2.-r0.-r0.-d0.f2.f2.r2.r2.f2.f2.-d2.-d0.-f2.d1.-r1.-d1.r1.f2.-d1.f1.d1.-f1
729,-d0.-r0.-f0.-d2.-f0.r0.f2.-r0.f2.r2.r2.-d2.r2.f2.d2.-r0.-r0.-d0.r2.r2.-d2.-d0.-r0.-r0.d0.-f0.-f0.-r2.-d1.r1.d1.r2.-r1.f0.d1.f1.-d1.-f1.-f0
730,d0.r2.-r0.-f2.-r2.r1.f1.d0.r2.d2.d1.-f2.d0.f1.d0.d0.f0.r0.f1.-r0.-f1.-r0
731,r1.d2.r0.d2.f1.d0.-f2.-r0.f0.-d2.d0.f2.-d2.-f1.-r1.d2.f2.d2.-f2.-d2.-f2.-d2.f2.r1.f0.d1.r1.f1.r2.-f1.-r1
732,f0.-d2.-r1.-f1.d0.-f0.-d2.r2.f2.-r2.-f1.-r1.d0.r1.-r0.-d1.r1.d1.r2.r0.f2.f2.r0.-d2.-r0.f2.f2.-r2.-d0.-r2.d0.r2
733,-d0.-f2.-r2.f0.r1.-d2.d0.r0.d0.-f2.-d0.-r2.-r1.-f2.r1.-d1.-r2.-r1.f1.r2.r1.d2.d1.-r1.-f1.r1.f1
734,-r1.-d1.f1.-r0.-f0.d1.r2.f2.f2.d2.d1.-f2.-r2.r0.-f0.-r2.-f0.-d2.f0.r2.-f1.r2.-r0.-d1.f2.d1.-f2.d1.r0.d2.-r0.-d1.r0.-d2
735,-r0.-f2.d0.r1.d1.d1.-f2.-r2.d2.-r2.-d2.r0.d0.f2.-d0.r0.-f2.r0.r0.-f0.-r0.d2.f0.f0.-d2.f0.r0
736,-r1.f1.d2.f2.f2.d0.-r0.-d1.d0.r0.f2.-r1.r0.r0.-f0.-r2.f0.r0.d1.-r2.-d1.-r0.d1.d0.f1.-d0.-f1.d0
737,d2.-r2.f2.-r1.-d2.-f1.r2.-d0.-f0.d1.-d0.-d0.-f2.f1.d0.f0.-d0.-r2.-f0.-r0.d0.-r1.d1.r1.-d0.r0.-f1.-d1.f0.d0.-f0.d1.f0.-d0.-f0
738,r2.f2.r0.-f0.-d2.-d1.d0.-f0.-f1.d0.-f1.r2.f0.d0.f0.-d1.-d0.f2.d1.f1.-r1.d2.r1.-f1.-f0.-r0.-d0.r0.-d1.-r0.d0.r0
739,d1.-r2.r0.-f2.d2.d2.-f1.r1.f1.f0.-d2.-r0.-r2.d0.f0.-d0.r2.d0.-r2.f0.-r2.-d2.r2.-f0.r1.-f0.-r1.f0.-r1.f2.f0
740,r2.-r1.d2.r0.d2.r0.-d0.r0.r2.d2.d2.f2.-r0.d2.-f0.f2.f2.-d0.-f0.-f0.-d2.f2.f2.d0.r2.r2.-d0.f2.f2.d0.r2.-d1.-r2.-r0.f1.r0.d1.f1.-d1.-f1
741,f1.d2.-d0.-f2.-d1.-r1.r0.-d2.r2.-f0.-d0.-f1.-f2.r2.-r0.-d2.-r1.d2.-r2.r1.d2.-r1.-d2.-f1.-d2.-f2.f1.r2.f2.-r2.f1.r2.-f2.-r2.-f1
742,d1.r2.-d0.r2.-f1.r1.d2.-r2.d0.r1.r1.-d0.-f0.-d2.-f2.d2.f0.d2.-f1.-d2.f1.r2.-d1.f0.d1.f2.-d1.-f0
743,-r2.d0.d0.-f2.-r0.d1.d1.-f0.d2.f0.d1.-r1.-d2.f0.f0.d2.f2.f2.-f0.r1.-f1.-r1.-f2.-d0.-f1.d0.r1.d2.-f2.d1.f2.-d2.-f2.-d1.f2
744,f1.-d2.-r2.d1.r2.-f0.r1.d0.-f0.-d2.-r0.d2.-d0.-r0.-d0.r0.-d2.-f2.r0.f2.-d1.d0.-f2.-r0.f2.d1.-r0.-d1.r0.f0
745,-f0.r2.d1.r2.-d2.f2.r0.f1.-d1.-d0.r2.d0.-f2.d1.d1.-r2.-d1.f2.-d0.-f2.-f0.-r0.d1.r0.-d1
746,f2.-d1.-f0.d1.r0.d2.-r2.f1.-r2.-f0.r1.-f1.r0.-f2.-r0.f0.f1.r0.-f0.d2.-r0.-d2.-f1.d2.f1.r0.r0.-f1.-d2.f1
747,-r1.-d2.r2.-d2.d1.r1.r1.f0.d2.-r1.-f1.-d2.-f2.d2.r0.-f0.d1.f0.r0.-d2.-f0.-r0.-d1.f2.-f0.r2.-f0.d2.f0.-r2.f0
748,-f2.f1.-d0.r1.-f2.f1.d1.r1.r2.-r0.-f0.-d2.r2.-d0.f2.-r0.-f2.-d1.d0.r0.d2.-f2.-d2.-f0.d2.f2.-d2.f0
749,-r0.f2.f2.d0.r1.f2.-r2.-f0.-d0.-f1.-d1.r0.d2.-r1.-f2.d1.f2.d1.-r2.-d2.-f1.d2.r1.d0.-r1.-d0.-f1.-d0.f1.d0.f1
750,-r0.d0.-f0.r0.f2.-d1.-f0.-d1.f0.r0.-f0.-r2.-d2.r2.f0.r0.-d2.f0.r2.-f0.-r2.r0.-d0.-r1.d0.-r1.-d0.r1.r1.-f2.-d1.f2.d0.-f2.d1.f2
751,f1.f1.-r0.-d2.-d0.-f0.r2.f0.r2.-f2.d0.f0.-d0.f2.d1.-r2.-f2.r2.-f0.-r2.-d2.f0.d2.f2.-d1
752,d0.-f2.d2.-f2.f0.-r1.-d2.r2.-d0.d1.-r1.f2.-r1.-r0.-d2.-d2.-r1.f2.r1.-f2.d2.-r1.d0.r1.-f1.-r1.-d0.r1
753,r2.f0.-d1.-r1.-d1.f2.-d1.r2.r1.d2.r0.-f1.r2.f1.-d2.r2.d2.-f1.d2.f0.-d2.-f2.f1.-r2.d2.r2.d2.f2.-d2
754,r2.-r1.-d1.f0.r1.-d1.-r1.-d0.-r0.-d1.-r1.-d0.-r0.d0.-r2.r0.-f2.d0.r1.r0.f2.-r1.f2.d0.f2.f2.-d0.f2
755,-f2.-r1.-f2.-d0.r2.d0.r2.d2.-d1.-r0.f0.-d2.-f0.r0.d1.-d0.r2.d1.d1.d0.-r2.-d1.-r0.-f2.r0.d1.r2
756,f0.r1.-d2.-r0.-d2.-f0.-f2.r2.d2.r2.r2.f0.-d0.-r0.-r0.-f0.-f0.d2.f2.f2.-d2.r2.r2.-d0.-d0.f2.f2.d0.-r0.d1.f1.-d1.-f1.r0.f0.-r1.-f1.r1.f1.-f0
757,r2.-r1.d2.f0.r2.-d0.-f2.-d0.-r1.-f2.-f1.-d0.-f0.-d1.r2.f1.d1.r1.-d2.-r1.-r0.f2.d0.r0.-d1.f0.-r2.d0.-r1.d2.r1.-d0.-r1.-d2.r1
758,f0.-r0.-d2.f2.d1.f2.r2.f1.f1.-d2.-f1.-r0.-d0.f2.-d2.-f2.-r2.f0.r2.-r0.d2.r1.-d0.-r1.-d2.-f1.d0.f1.-r1.-f1.-d0.f1
759,-d2.-r1.f1.d0.-r1.-f2.-d1.-f2.-d0.f1.-r2.-d0.r2.f2.-r2.-r2.-f0.d2.f2.d0.-f2.-d2.-d0.-f2.r2.-d2.f0.d0.-f0.d2.f0.-d0.-f0
760,-d0.f0.-r1.-f2.r2.-d2.-f1.-d0.-f0.-d2.-r1.-f0.d2.-f2.-d2.f0.r1.-d0.f1.d0.-f2.-r0.-f2.r0.-d2.-r2.f2.r2.d2.f2
761,f1.-r1.-f0.-d0.f1.-d0.-r0.d0.f0.d2.-f2.d0.-f2.-d0.r2.-d1.-f2.-r1.-f1.-r1.f1.f0.-d1.f2.d1.-r2.f1.r2.-f2.-r2.-f1.r2.f2
762,-r1.f2.-d2.-r0.-f2.r2.f0.d2.-d1.r2.r2.-f2.-r2.r1.-f2.-r2.f2.r0.f1.-r2.-f1.r0.r0.f1.r2.-f2
763,r2.-d2.f0.-d2.-f0.-f0.-d0.f2.-r0.d2.-f2.d2.d2.r0.-d0.-d0.-r0.-r0.f2.f2.-d0.-d0.-r0.-r0.-d0.-r1.f1.-d1.r1.-f1.d1.f0.f1.d1.-f1.-d1.-f0
764,f2.-r0.-r0.d0.-f0.-d2.-r0.-r0.-r2.-f2.-d2.-r0.-r0.-f2.-r0.-f0.-f0.-d0.-f0.-f0.r2.r2.d2.d2.r2.r2.-d0.-r0.-r0.d2.r2.r2.-f1.d1.r1.-d1.f1.-r1
765,f0.-d2.f2.-d1.d0.-r1.-f0.-d1.-r0.f1.r1.-r0.-f2.r0.f0.-r1.f0.r1.-f1.r2.-f0.r1.d2.-r1.f0.-r2.-f0
766,d0.-f2.d0.r1.-f1.d0.-r0.d1.f2.r2.-d0.-r0.d0.r0.r1.f1.-r1.-f2.-f1.d2.-r2.f0.-r0.f1.r0.-f0.r2.-d2
767,d0.-f2.-f1.-d2.r2.f0.f2.-d0.f0.r0.f0.-f2.d2.r2.-d0.-f0.-f0.r2.r2.-f0.-f0.d2.-r0.-r0.r2.r2.f2.f2.d2.-f0.-f0.-d1.-r1.d1.f1.r1.d1.-f1.-d1
768,r0.r0.-f2.-f0.-r1.r0.-f2.r0.d1.d1.-f0.d1.-r0.d2.r0.d2.-r0.-d2.r0.-f1.-r2.-r0.-d2.-d2.-r1.-d1.r1.d2
769,r0.-f0.-d1.-r1.d0.-f1.d1.r2.f0.d2.-r0.f1.-d2.f2.-r2.d2.r2.-d2.d1.-f2.-d1.-d0.-r1.-r0.f0
770,-d0.-r2.-f2.d0.f1.-d1.f1.-d1.-r2.d1.f2.-d1.r0.-f2.d2.-r1.-f2.r1.f2.-r1.d1.d1.f0.d0.f2.-r1.-f2.r0.f2.r1.-f2.-r0
771,-r0.d2.r2.f2.-r0.-d2.-f1.-d1.r2.f0.-d1.-r0.-f0.r0.-d0.f2.f2.d0.f2.f2.-d0.f2.-d0.-f2.-r2.f0.d0.r2.f2
772,-r2.-f2.r2.d2.d2.-r2.-f2.r0.-f2.-d2.r0.-f2.d2.f2.f2.d0.-r0.-r0.d0.-r0.-r0.-f0.-f0.d2.f2.f2.r0.-d1.f1.d1.-f1.-r0.d0.f1.-r1.-f1.r1.-d0
773,-f0.-d2.r2.f1.d0.f2.-d0.r0.-d1.r2.r1.-f0.-r2.d2.f1.-r0.-d2.r2.-r1.-d2.d1.r1.-d1.f1.-r1.d2.r1.-d2.-f1.-r0.d1.r0.-d0.-r0.-d1.r0.d0
774,-f2.-r0.f1.f1.d1.-f1.-r2.f0.-r1.f0.-r0.f2.r0.d2.f0.-d2.-d2.f0.-r0.-r1.-f2.-r0.-d0.f2.d0.-f0.-r2.f0.-r0.-f0.r2.f0
775,d2.-r2.-f0.d0.-r1.-d2.d1.r0.f1.-r2.d2.-r2.d1.-r0.-d1.f1.r0.d0.r2.-f2.f0.d1.-f0.-d1.f2
776,-r0.-d1.-f2.d2.r1.r1.-f0.d1.r2.f2.-f0.-d0.-r1.d0.r2.r0.f1.d1.-r0.-r1.d1.r1.-d1.-r0.-d1.-f0.-d2.f0.d1.-f0.d2.f0
777,f0.-d1.-f1.d0.-r1.-d1.-f0.d0.-f2.r2.-f2.-r2.-r0.-d1.-r2.-d0.r2.f2.d0.r2.-d1.r2.d1.r2.f1.r2.-f2.-r2.-f1
778,f2.d2.-r2.-d1.f2.r1.-f0.d0.r0.-f2.r0.-d2.r2.-d2.-r2.f0.r2.d2.-r2.-d2.-r2.f2.f1.r2.d1.r0.-d1.r1.d1.-r0.-d1.-f0
779,r2.-d2.r0.-f2.r2.-f2.-d2.r2.f2.d2.-f0.d2.f1.-d2.-f2.f0.r2.d2.f2.-r0.-f0.-d1.r0.f1.r1.-d1.-f1.d1.-r1
780,-d1.f2.-r1.-f0.d1.d1.-d0.f0.-r2.f2.-r2.-r2.-r1.-f2.-d0.f2.-f0.r2.f1.r0.-f1.r2.r2.-f0.-f2.d2.-r1.f0.r1.-d2.-r1.-f0.r1.f0
781,r0.-f2.f1.d1.d1.r0.-d2.-r2.-d0.-d0.r2.-f2.d0.f2.-d2.r0.f0.-d2.-f0.-f0.-r0.-r0.-d2.-f0.-f0.-d0.f2.f2.d0.r2.r2.-r0.f1.d1.-f1.-d1.r0.d1.f1.-d1.-f1
782,d1.-f2.d0.-f2.-r0.-r0.-d2.f2.r2.-d1.f0.d2.-r0.-d2.-f0.-d2.-d2.f0.d2.-f0.r0.-d0.-r0.d2.r0.d0.-r0.-f0
783,r0.d0.r1.-r0.-f1.-d2.-r2.f0.r2.f2.r2.-f2.r1.-d2.r1.d2.-r1.-f1.-d0.r1.d2.r2.-f2.-r2.-d2.-r1.-f2
784,r1.f2.-f1.r1.d1.-r0.f1.-f0.-d2.f2.-d0.f1.f1.-r0.d2.d2.-r0.d2.r0.f0.r0.-f0.f1.r0.f1.-r0.d2.f1.-d0.-r0.-f1.r0.d0.-f0.-d0.f1.d0.f0
785,f2.d0.r2.d0.r1.-r0.d2.f2.-r2.f0.r2.f0.-d2.-r0.d1.r0.d2.f0.-r0.f1.r0.-f1.-r1.-d1.f1.-d2.-f2.d2.-f1.-d2.f2
786,d0.-f2.r2.r2.d2.r0.-f2.r1.d2.-d0.-f2.d2.d2.f2.r2.d1.d1.-r0.-d2.-d0.r1.-r0.d1.-f0.-d1.f0.-d1.r0
787,r2.d2.-f2.-d0.-f1.-r1.-f0.-r0.d1.-f0.-f0.d2.r1.-d2.-r0.f0.d2.r2.d0.f0.r0.-f0.-d1.-f1.-d0.f1.d1.-r2.-r0
788,d2.f2.f2.-d0.-f1.d1.r0.-f0.-r0.r2.-f2.-d2.-r2.-d0.-f0.r2.r2.f1.-d0.r1.d0.-f1.d0.-f2.f1.-d1.r2.d1.-r2.-f1.-r2.f1.r2.f2
789,-r1.-d0.-f1.r1.f2.d2.-r2.d0.r0.d0.-f1.-r0.f0.-r2.-f0.-r1.f0.f0.-r2.-d2.r2.-f0.d2.f2.-f0.r0.f2.-r0.f0.r0.-f2
790,d1.f2.-r1.-d0.-f2.f0.r1.-d2.f0.f0.-d1.-r0.d2.f2.-d2.d1.f1.r0.-d1.-f1.d1.r1.-f2.-r1.-d2.r1.f2.-r1
791,d0.-r0.-r0.-d0.-r0.f2.r0.r2.f2.-d0.-r2.f0.-d0.r2.r2.d2.f2.f2.-r0.-r0.-f0.-f0.-d2.r2.r2.-d0.-d0.r2.r2.-f0.-r1.-f1.r1.f1.f0.f1.r1.-f1.-d1.-r1.d1
792,-f0.-r2.-f0.-d2.-r0.-f0.d1.-f1.r0.d2.-d1.r0.-d2.-r1.r0.-f0.-r0.f0.r1.f2.r2.-f1.r2.f1.r1.-f1.-r2.f1
793,r2.-d1.d0.-f2.d1.-r1.d2.-d1.-r0.-d0.-r2.d2.f0.-r2.-d2.-r1.r0.-d2.-r0.-r2.f2.r2.-d1.r0.f2.r2.d2.r1.-d2.-f1.-r2
794,-d0.r1.-f0.d0.d0.-f1.-d2.d1.d0.-f1.r2.-d0.-f2.d0.f2.r2.-r1.-d0.f2.d0.-r0.-f2.-r2.-r0.-d0.r0.d0.f0
795,f0.-d0.r1.f1.-r0.-f1.d1.-f2.d0.r0.-f0.d0.d0.f0.f0.-r0.-d0.r2.-r1.-f2.r1.d0.-r1.f2.-r2.r1.-f0
796,-d2.f0.r1.-d0.r2.r2.-f1.-d0.-r2.f2.d2.-f2.-r0.-f0.-r0.f0.r0.d2.r1.-f0.-d1.r2.-d1.-r0.d1.-r2.r0.d1
797,-d2.-r2.r1.d0.r0.f0.r1.-d2.f2.d1.-r0.f0.r0.f0.-r1.-d0.r1.d0.f2.f0.f0.d2.r0.d2.-r0.-d2.-f2.-d2.-r2
798,-r2.f1.d1.-r2.-f2.d1.f1.r2.-f0.-r2.f0.r2.-r1.-d2.-r2.-d2.-r0.d2.r2.r0.-f0.r0.-d0.r0.d0.r0.f2.r0.f0.-r0
799,-d1.r1.-f1.-r2.d1.f0.-r2.-d2.-r2.-f1.-r1.f1.f0.d0.r2.-d0.-f1.-r2.d2.r2.f1.-f0.r2.d2.-r2.-d2.-r2.f2.f0
800,-d2.r0.d1.f2.r2.-f2.f1.-d1.-d1.r1.d2.d2.-f2.-d2.r0.-r1.d2.r1.d1.r2.-r1.-r0.d1.-f2.-d1.f2.-r2.f0
801,r2.r2.f2.f2.r2.-d0.-r0.-d0.r2.r2.-d2.r2.d2.d2.-f2.-r0.-r0.d2.r2.r2.d2.-d0.-d0.-f0.-f0.-r0.-r0.d0.-r0.-r0.-d2.d0.f1.-r1.-f1.r1.-d0
802,-f2.d2.f1.f1.-d1.d2.r2.f2.f2.d0.-f2.-d2.f0.r2.f2.d2.d2.r0.f2.-r0.-r0.r2.r2.-d0.-f0.-f0.-r0.-r0.-d0.r2.r2.-r1.-f1.r1.f1.-d0.r1.-r2.-d1.-r1.d1.r2
803,-d0.r0.r2.-d2.r0.-d0.r0.-d2.d0.-f2.d2.d2.-r2.-f0.-f0.-d2.-f0.-f0.d2.d2.-r0.-r0.r2.r2.f2.f2.d0.f2.f2.r1.-r0.-f1.-r1.f1.r0.-d1.f1.d1.-f1
804,d2.-d0.-f1.-r1.-f0.r0.f2.-d0.-r1.-f0.r1.r1.-d0.-r0.-d2.r0.r1.d1.-r1.d0.r2.f2.-d1.-f2.d2.f2.-d2.f2.d1.-f2
805,-r2.f0.-r0.-f2.d2.-f2.-d1.-f2.r0.d2.f1.r0.f1.d0.f1.-d0.f1.-d2.r0.-d2.f0.-r0.-f0.d2.-r0
806,d2.-d1.f2.f2.d2.f0.r1.d0.f0.-d1.-r0.-f0.-d0.-r0.d2.d2.-r1.f0.-d2.-f0.d1.-f1.-d1.f0.d2.f2.d0.f0.-d0.-f2.-f0.-r1
807,-d2.-r2.d0.-r0.-f0.r1.-r2.d2.-d1.r2.r1.-f2.-d2.r1.d2.f0.f0.r2.-f0.-d2.-r1.-r0.f0.-r2.-f0.r0.f0.r2.f0
808,-d2.-r2.d2.-f2.f0.r0.f2.f0.f2.d1.-r1.-d2.f0.f0.r0.f0.-d1.-r0.-r1.-f0.r1.f2.-r1.-f2.-r0.-d1.f1.d1.f0.-d1.-f1.d1
809,-d2.r0.f2.r1.d0.r0.-f0.-r0.-r0.d2.-f2.r2.r0.-d2.r1.d2.-f2.r0.-f1.r0.-f1.d1.f0.-d1.f1.f0.r1.f2.-r1.-f0.r1.-f2.-r1
810,f2.r0.-d0.-f1.r2.r0.r0.f2.d2.-f0.-d2.r2.d1.f0.-d1.-f0.-r0.-d0.-r0.f0.-r0.-f0.r0.-d2.r0.d1.-r0.d2
811,-f1.f0.-d2.r0.d1.-r1.d0.-r0.d0.r0.d0.d0.-r2.d2.d0.f2.r2.-r1.d0.r1.-d0.r2.f2.d0.-f2.-r2.-d0.-r0.-f0
812,-d0.-f0.r2.f1.d1.r2.d0.-f0.d0.d2.r0.-d2.-f0.d2.r2.r2.f1.d0.-f1.d2.-f2.-d0.r2.-d0.f2.d0.-r2.d1
813,-r0.-d2.-r0.d0.f2.d2.-f1.-r1.f1.-r0.-f1.-d0.f2.-r0.-d0.r0.-d2.-r0.f2.f2.-r2.r0.-d0.-r2.d0.r2.r2.-r0.-d2
814,f1.f1.d2.-d0.-r2.f2.f2.r2.f0.-d2.r1.d0.-r2.-d0.-f0.-d0.-r2.f0.-r1.-f0.r0.f0.-r0.-f0.r2.f0.-r0.-f0
815,r1.-f0.-r2.d2.f0.-d1.-r1.f0.d2.r0.d0.-r2.-d0.f1.r2.d2.-f1.-f0.-r2.d1.-r1.-d2.r1.d2.-d1
816,r0.d0.r2.-f1.-r0.-f2.d2.f0.-d1.-r1.f1.r1.f2.-d2.r2.d2.-r1.-f0.d0.-f2.r0.f2.-d0.f2.f0.-r1.-f0.d2.d1.-f0.-d1.f0
817,f2.d0.f1.-d0.f0.r2.r2.f0.-d0.-f0.-r0.-r0.-f0.f2.r2.-f0.-f0.f2.f2.-d2.-f0.-f0.f2.f2.-d2.r2.r2.d2.d2.-r0.d1.f1.-d1.-f1.r0.-r1.-f1.r1.f1
818,f0.d2.r0.f2.r0.f2.f2.-d0.r2.r2.f0.r0.-r2.f2.r2.r2.f2.f2.-d2.-r0.-r0.d2.-r0.-r0.d2.d2.-r0.-r0.r1.-f1.d1.-r1.f1.-d1
819,f2.-f1.r1.-f0.f2.r1.d1.-f2.-d1.-r0.-d2.f1.r0.d1.-f0.-d1.-f1.-d0.f0.-r2.f0.r2.d0.d0.r1.d0.-f0.-d0.f0.-r1.-f0
820,d1.-r2.-d2.-r0.-d2.r0.-d1.-f1.r2.d1.f2.r2.f2.d2.r0.d2.-r2.-d2.-r2.f0.d2.-f0.-d2.r2.r0.r0
821,-r0.f0.-r1.-f0.r0.-f0.-f0.d0.r0.d2.-r0.d2.-f0.-f2.-r0.-f0.-f0.f2.f2.-r0.-r0.d2.f2.f2.-d2.-f0.-f0.-d2.-f0.-f0.d0.r1.-d1.-r1.f1.d1.-r1.-f1.r1
822,-r2.d1.d2.d2.r0.f2.r0.d2.d2.d0.-r0.-d0.f2.d0.r2.r2.-f2.-r0.-r0.f2.f2.r2.r2.d2.f2.f2.d2.-f0.-f0.r2.r2.-d2.-r2.-d1.r2.r0.-f1.-r0.f1.r1.-f1.-r1
823,r1.-f2.-d0.-r0.f1.d1.-f2.-r0.-d2.-f0.-r1.-d1.f2.-d2.-d2.r2.r2.d2.r2.-d2.f0.-r2.-f0.d2.f0.-d2.-f0.-r2.f0
824,-d1.-r2.-d0.-f1.-d0.-f2.r0.f2.-d2.-f2.r2.r2.f2.-r2.f2.-r2.-d2.-d1.f0.r2.-f1.-f0.-r2.d1.r2.f2.-d1.f1.d1.-f2
825,d0.-r0.-f0.-d0.-f0.d2.d2.-r0.-r0.-d0.-r0.d0.-r2.d2.-f2.r2.r2.-d0.-d0.-f0.-f0.d0.-f0.-f0.d2.r2.f1.r1.-f1.r2.-r1.-f1.f2.r1.f1.-r1.-f2
826,-r2.f2.-d2.-f0.-r2.r0.d0.d0.-r0.-d2.-r2.-f1.d0.-f0.d1.r0.-d1.-r0.d1.r2.d1.f1.-d0.-f1.d1.f1.d0.f1
827,-r0.d2.d2.f1.-d1.d0.r0.-f0.-r2.-f0.r2.d1.r0.f2.f2.-d2.r2.-d2.r0.f0.-r0.d2.d2.f2.r2
828,-r2.-f0.f2.r0.-f2.-r2.-d0.-f0.r0.-f2.d2.f2.-r0.-r0.-f0.-f0.-d2.-f0.-f0.-r0.-r0.r2.r2.d2.-f0.-f0.r2.r2.-f0.-f0.-r2.-f1.r1.f1.r2.-r1
829,-r2.-f0.r0.f1.-r1.d2.f2.-d0.-f0.-d0.f2.d0.-r2.-d0.-r1.d0.r2.-f1.-f2.-d2.r0.f1.-d0.-f1.-r0.d2.f1
830,f2.r1.r0.f0.d2.-r0.-d0.-f0.r2.r2.-f2.d2.-d0.f2.-d2.-r0.-r0.-f0.-f0.-r0.-r0.d2.-d0.-f0.-f0.-r0.-r0.d0.-f0.-f0.-f2.d1.-r1.-d1.r1.f2.-d1.f1.d1.-f1
831,-r2.d2.-f1.f0.d2.r0.-f1.-r0.-f2.d2.r2.r2.f2.r0.-f2.-f2.r2.-f0.d0.-r0.d2.r0.-d0.r0.f2.-r1.-f2.r1.d1.-r0.d0.r0.-d1.-r0.-d0
832,-d0.-f2.r2.f2.r2.-f1.d2.r2.-f2.d0.-f0.r2.r2.f0.d2.f0.-d1.-f0.d2.d2.f0.-d0.-f0.d2.f0.-r2
833,-r1.-f0.-d1.d0.-f1.-d1.-d0.r2.r2.-f0.f2.r2.-r1.-d1.f0.-d2.-f1.-d0.f0.d0.-f2.f0.r2.f2.-r2.f0.f0
834,f2.-d2.-r2.-f1.-r2.-f0.d0.r0.d0.-r2.f0.-d0.r0.f0.-r2.-r1.f2.f1.-d2.d1.-f1.d0.d0.f1.r0.-d2.-d0.f2.d2.-f2.-d1.f2
835,-d1.-f0.r1.-d0.-r2.r0.f1.-f0.d0.f0.r2.r0.-d0.-f1.-d2.-d2.f1.f0.r2.-f1.d1.r2.-d2.-r2.d2.-d1.r0
836,-f0.d1.f1.r0.f1.-r2.d2.f0.-d0.-f2.-f0.d1.-d0.f2.d2.f0.-d2.-f0.-d0.r0.-d2.-r0.d0.f2.d2.-f2.-f0.r0.-f2.f0
837,-d1.-r2.-f2.f1.-r1.-r2.-f2.f1.r2.-d0.r1.d0.-r1.f0.f0.d2.f0.f0.d0.d0.r0.d1.d0.-r0.-d0.r0.-d1.r2.-r0
838,f2.-d2.f1.f1.-r1.-f0.r2.d0.-f2.-d2.-f0.-f0.-f2.-r0.-r0.-d0.-f0.-f0.r2.f2.f2.r2.r2.d0.-r0.-r0.-f0.-f0.d2.-r0.-r0.-d0.-d1.-r1.d1.f1.r1.d1.-f1.-d1
839,-d1.-r2.-f0.-r2.d2.-d1.r0.-d1.-r2.r1.-f1.d2.-d1.r2.d2.-f0.-d2.-f0.-r1.f0.r0.-f0.-r0.f0.-d2
840,-r1.-d0.-r0.d1.r2.-d2.f2.d0.r1.-d1.-f0.r0.-f1.-r2.d0.-r0.-r0.-d0.-r0.f0.-r0.-f0.-d0.f1.r1.-f2.-r2.f2.-r1.-r1.-f2.r2.f2.r1
841,-d0.-r2.-d0.-r2.f1.r2.-d0.r0.-f2.-r0.d1.-f0.-d0.-r2.f1.r1.f2.f0.d2.-d0.-f2.-r2.f2.r2.-d2.-r1.-f0.r1.-f2.-r1.f0.r1.f2
842,r2.-d0.r1.-r0.f2.f2.d0.f0.-f2.r2.-d0.-f2.-r2.-f0.d2.d2.-r0.-r0.-d2.-d0.-r0.-r0.-f0.-f0.r2.r2.-f0.-f0.-r2.-d1.f1.d1.-f1.r2.r1.-f1.-r1.f1
843,r2.f2.d2.-f1.-r2.r1.-d1.-r2.r1.-d0.f0.-r0.-f2.-f1.-r0.-f0.-r2.f2.r2.-f2.f0.-r0.d0.r0.f2
844,d1.-r2.r0.-f1.d0.r2.d2.-f2.-d2.-f2.d1.-r1.-r0.f0.f0.-r2.-f2.-d2.-f1.d2.-f0.-r0.-f2.r0.f1.-r0.f2.r0
845,-r0.-d2.d0.-f1.-r2.-f1.-d2.f0.-d1.-d0.r2.-r1.f2.f0.-d1.-r2.-f2.-r2.f2.-d2.-f2.d0.f2.d2.-d0.-r2.-r1.f2.r1.f0.-r1.-f2.r1
846,-r1.-d0.f2.r2.-f1.r0.-d1.r2.d0.-f2.-d0.-r2.-d1.f0.f0.d2.-f0.-d2.f0.-d1.f0.d2.-r2.d2.r2.-d2.-r2.-d2.r0.d2.r2.-d2
847,r1.-f1.-d2.f2.d0.r2.-r0.f0.r1.d1.r2.r2.-f2.r0.d1.-r2.-r0.-d1.-f1.f0.-d0.-r0.f1.f0.r0.-d2.-r1.r0.-f2.r1.f1.-r1.f2.r1.-f1
848,-d2.-f0.d1.-d0.f1.-d0.-r2.f1.-r0.d1.f0.d0.-f2.d0.f2.-r0.f0.r0.-d1.-f1.d1.-f0.-d1.-f2.-d0.f2
849,-r1.r0.-f2.d2.-d1.-f1.r1.-d1.f2.f2.d1.r1.r1.-d0.-r0.-d0.-r0.-d2.-r0.d2.r0.r0.f2.r0.r0.-f2.-d2.f2.r0.r0.-f2
850,r1.f2.-r0.-d1.f2.r2.d0.r2.d1.f2.-d1.-f2.f0.-d2.f2.-f0.r1.-f1.-d2.-f2.-d1.r0.d1.-r0.f2.d2.-f2.-f0
851,r0.-f2.-r2.f1.-d0.-f0.d1.r0.f0.d0.-r0.-f1.r1.f1.r1.r1.f2.-r2.-f2.-r2.f0.r2.r0.-d2.r1.d0.-r1.d2.r1
852,-d2.r0.-d0.f0.-d0.f2.-r0.f1.-d2.-f0.-r1.-f2.-r2.-f2.r1.r0.-d2.r2.-d1.f0.-d0.f1.d1.r0.-d1.-r0.d2.r0.d1.-r0
853,f2.-r1.-d2.f0.r0.f1.-d0.f2.d1.d0.d1.-r2.f2.f2.r2.d0.r2.-d0.-r2.f2.-r2.-d1.r2.d2.d0.-r2.d1.r2.-d0
854,-f2.r1.-d0.-f0.-f0.-r2.d2.-d0.r2.-d0.f2.f2.d2.f2.-r0.r2.r2.d2.r2.r2.-f0.-f0.d2.-r0.-r0.f2.f2.-r0.-r0.d0.-f2.d1.r1.-d1.-r1.f2.f1.-r1.-f1.r1
855,-f0.-d0.r2.f0.d2.-f1.-r1.d1.-r0.-f1.-d2.f1.r0.-f0.-f2.-d2.-r2.d1.d2.-r1.-r0.-d0.-f2.-d2.-r2.f2.-r2.-f2.-r2.d2.f2
856,-f2.r2.-r0.-d0.-d0.f2.-d0.f0.-d0.-d0.-r0.f2.f2.d2.-f0.-f2.r2.r2.d2.-r0.-r0.d2.-f0.-f0.f2.f2.r2.r2.d2.d2.r2.f1.-d1.-f1.d1.-r2.d1.f1.-d1.-f1
857,-d0.-f1.f0.r1.f0.r0.-d2.f2.d0.-f0.-r0.-f0.d0.f0.d2.-r1.-f1.r1.d1.-r2.f1.-d1.-d0.-r2.-d2.-r1.d2.r2.-d2
858,r1.-f0.r1.-d1.-r2.d0.f0.-r2.-f1.d1.d1.f1.d2.f2.f0.-d2.-r2.d2.r2.-f0.-r2.-f2.-d0.r2.-d2.-r2.d0.r2
859,-d1.r1.f2.d0.f1.r0.-d0.-f2.f1.-r0.-d0.-r2.-d2.r2.-f2.-d1.-f2.d1.-f1.-d2.r0.r0.d1.r0.-d1.r0.d2
860,-d1.f2.-d1.-d0.f0.r2.r1.-f1.-d2.d1.-r0.f1.-r0.f0.-r0.d2.-r0.-f1.r0.r1.-d2.-r2.-r2.-d0.-f0.d0.f0.-r2
861,-f2.-d0.-f0.-f0.-d2.-f2.d2.d2.-r0.-r2.d0.-f0.r2.f0.r2.r2.d2.d2.-r0.-r0.d0.f2.f2.-d2.r2.r2.-d0.r2.r2.-d0.-d0.-r0.r1.-d1.-r1.d1.r0.-r1.f1.r1.-f1
862,f0.f0.-d0.f0.r2.-d2.f0.f0.-r2.f2.f2.-d0.r2.d1.f2.d2.f1.r1.-d0.-r1.d0.-r1.-d2.r1.-d0.f0
863,f0.f1.f0.f2.f2.d0.-r2.d0.-r0.-r2.-f2.-d2.-f2.r2.d2.d2.f2.f2.-r0.-r0.d0.r2.r2.d2.-f0.-f0.-d0.-d0.f2.f2.d2.-f2.-r1.-d1.r1.d1.f2.r1.f1.-r1.-f1
864,-f2.d2.-r2.-d2.f2.-d0.-d0.f2.d2.-f0.-f0.-r0.-f0.-f0.-r0.-r0.-f0.-f0.r2.r2.d0.-f0.-f0.d2.d2.r2.r2.-d0.f2.-d1.-r1.d1.r1.f2.r2.d1.-r1.-d1.-r2.r1
865,-f2.-d2.d0.r1.-f1.-r1.-f0.r0.-f0.d0.r2.r2.d0.-r2.-f2.-r2.d0.-f2.r2.d2.-f2.-f0.-r0.f2.-d2.-f2.-r2.-r1.-d2.r0.d2.r2.-d2
866,-r2.-d0.f0.d2.r0.d2.-d0.r1.f0.d2.-d0.r2.-f0.-d1.-f1.d1.f2.r2.-r1.-f1.r1.-f0.-r0.r1.-f1.-r1.f0.-r0.-r2.d1.d1.r0
867,d1.r0.d2.-f0.d2.d2.f1.r2.f2.d0.r1.d0.f2.-d0.-r0.d1.r0.-d1.r2.d1.-r0.d0.r1.-d1.-d0.-f0.-r0.-f2.r0.f1.-r0.f2.r0
868,d1.r2.-r0.-f1.d2.d2.-d0.-f2.-d0.-r2.-f1.d2.-f2.d2.f1.-d1.-f1.-d2.-f2.-r1.-f2.f1
869,-d2.-r2.f1.-d0.-f2.-r2.d1.-d0.-f0.-f1.r2.f2.-d2.-r2.d2.r2.d0.f2.-d1.-f2.-r0.d2.r0.-d1.-r0.-d2.r0
870,-f0.-d2.f2.-f1.d2.-r2.-f1.d1.d1.-r0.d0.-r0.-d2.-r1.-d2.-f1.-d1.-r0.-f0.r0.d2.-r0.f0.r0.f0.-d2.-f0.d2.r1.-f0
871,-r1.d0.-r2.-f0.d1.-f0.d2.r0.-d2.r1.d2.-d0.-r1.d0.f0.-d2.-r2.f2.r2.d2.-f2.r0.f1.-r0.f2
872,f0.d0.f2.-r2.f2.f2.-r0.-f0.-f0.-r0.-d2.f0.r0.r2.-f0.-f0.-d0.-f0.-f0.f2.f2.d2.r2.r2.d0.-f0.-f0.-d0.-r0.-r0.-r0.-d1.r1.d1.-r1.r0.-f1.r1.f1.-r1
873,d2.-f2.f0.-d2.-r0.-d1.-f2.-d2.-f2.-r1.-r2.d2.r2.d2.f2.r2.-d2.r2.r0.f0.-d0.-f0.d0.-r0.-f2
874,r2.-f1.-d1.-r0.d2.f0.r0.-d0.-f1.-d2.-f0.d1.r0.r0.d0.r0.-d0.-r1.f2.d1.-r2.-d1.-f2.-d0.r1.-f0.-r1.f0.d0.-f0.r1.f0
875,d0.r2.-f0.d0.-r0.-d1.-r0.d0.r2.d0.r2.-d1.-r2.-d0.f0.f0.r1.-f0.-f0.r1.f2.r1.-f2.r1.f2.-r1.-d0
876,f0.d0.d0.f1.-r1.f1.r2.d0.r2.r2.f0.-d0.r0.f0.d0.r2.-d0.-f0.d2.-f0.-r1.f0.-r2.-r0.-d2.f0.-d1.-f2.d1.-f0
877,d0.f1.f1.r1.f2.d0.f0.d2.-f2.r2.r2.-f2.-r0.-d0.-r0.-r0.f2.r2.r2.-d0.-d0.r2.r2.-d2.r2.r2.f2.f2.-r0.-r0.d2.-f0.-r1.d1.r1.-d1.f0.f0.r1.-f1.-r1.f1.-f0
878,-f2.-r2.f2.f2.d0.-f0.-f0.d2.f2.-r0.-r0.f2.-d2.-r2.-d0.-d0.-f0.-f0.-d2.-d0.-d0.r2.r2.f2.f2.r2.r2.-f0.-f0.d0.-f2.r1.f1.-r1.f2.-f1.d1.f1.-d1.-f1
879,f1.r2.-d1.r2.-d2.d0.r1.-r0.-f1.-d2.r1.-f2.-f1.r1.-d1.r2.r2.-d2.-r0.d2.-r2.r0.-f2.-r0.f2.r1.-f2.r0.f2
880,-d1.-r0.-d1.-r0.-f0.-r0.d2.f0.-d2.-f2.-r0.-d2.f0.-r2.-d2.f2.f0.d0.f1.-f2.-d2.f2.d2.r2.-d2.-f2.d2.f2
881,-f0.-r0.-d1.-d0.-r0.-r0.r2.r2.-f0.d2.-d0.f2.r0.-r2.f2.r2.f2.f2.r2.r2.d0.f2.f2.r2.r2.-d0.f2.f2.d2.r2.r2.f2.d1.-f1.-d1.-f2.f1.r1.f1.-r1.-f1
882,f2.-d0.r0.r0.-d0.f2.-d1.-r0.-r0.-f2.d0.r2.-d2.-r1.-f2.-d1.-f2.-f2.-d1.f0.d0.d2.r2.-d2.d0.f0.-d2.d1.d0.d0
883,-r0.d0.-f2.f0.r1.d1.-f0.-d2.r1.f0.d0.f2.d0.d0.r0.-f2.-r0.d0.-r2.f1.f0.d0.-f2.d0.f2.-d0.f2.-d0.-f2
884,f2.r2.f2.-f1.d1.f0.r0.-f2.r2.-d0.-f0.r2.-d0.-f0.-r2.-d2.f2.f2.-d2.r2.-d2.-r2.d2.f2.f2.-f0
885,r1.-d0.r1.f1.r1.-d2.f1.-f2.r2.-d1.-f2.-r2.f2.f2.r2.-f2.-d2.f2.-r0.d2.r0.f2.r0.-d2.f2.-d2.-d0
886,-r2.-f2.-d2.-r2.-f2.-r2.d1.d0.r1.-d2.f0.-d0.-f2.-r0.f2.r0.-f0.r2.-r0.-f2.f0.-r1.f2.-r2.-r0.d2.r0.r0
887,r2.f2.-f1.r1.-d2.f0.d0.-f0.-r0.f2.-r0.f1.-r2.d2.-f1.-d2.r1.f1.-r1.-r0.d2.f0.-r2.-f2.-d2.-f0.d2.f2.d1
888,-r0.-f2.r1.d2.-d1.f2.-r1.f2.-d2.-f2.d0.-r0.f0.-d1.-f0.d1.-f0.-d0.r1.f1.-r1.-f1.r2.-d1.-r2.d1.f1.-r2.-f1.r2
889,r1.d1.-r0.-f2.-d1.-r0.d2.-f0.-d0.r2.f2.d2.f2.f2.r0.-d2.r2.r0.d2.-f2.-d2.-r0.-r0.-f2.-r2.-r0.f1.r0.f2.-r0.-f1
890,-f2.f1.f1.r1.-d2.-f0.-f0.-d0.-f2.r2.r2.d2.d0.-r0.-r0.-d0.-r2.f0.f2.f2.d0.f2.f2.d2.r2.r2.d2.d2.-r0.-r0.-d2.-r1.-f1.r1.f1.-d0.r1.-r2.-d1.-r1.d1.r2
891,-r2.-f2.r1.-f2.f1.r1.d2.r1.-d1.-d0.f0.-d2.r1.-d2.r0.-d0.f2.-r0.-f2.d0.f0.r0.f0.d2.-f0.r0.-f0.-r0.f0
892,-r1.f2.-r0.f2.f2.d2.-r0.-r0.-d1.-r1.d2.-f2.r2.-d0.-f2.-d1.f1.r2.f1.-d0.f1.-r2.-d1.r2.d0.-r2.d1.d1
893,d2.r0.-d0.-r1.f2.d2.f2.f2.r0.r0.d1.f2.-f0.d1.-f2.-r0.f0.d2.-f0.-d0.-f1.r0.d0.-r2.d0.-d2.-f1.r0.f1.-d0.-f1.-r0.f1
894,f2.-d2.d0.r0.d2.-f1.-r0.d2.d0.f2.-d2.f2.-r2.f2.-d0.-r0.-d0.r0.d0.-f1.-d0.-f2.d0.d0.-f0.-d1.f0.-d0
895,r2.d0.-f0.-r1.d0.r2.r2.d2.-r1.-d0.-r2.f1.r2.r2.f1.d0.r1.-f2.-r1.-f1.-d0.f0.-d0.-r0.d0.r0.d0.f1.f0
896,r2.-d0.-f1.-r1.-f0.-d2.-f0.-d1.d0.-r2.d2.-r2.-d2.r2.d2.f0.-d2.f1.f0.f0.r0.d0.-r0.f0.-d0.-f1.d0.f1
897,-d1.-f0.-r1.d0.r2.f0.-d2.-r2.f0.d1.-f1.-d1.r2.d1.d0.f2.-r2.f0.-d2.-r1.f0.r2.-f0.r1.d2.-f0.-r1
898,r0.f2.-r0.f0.f2.f2.d2.r0.-f2.r0.f2.-r0.-f0.-f0.r2.d0.f2.f2.-d0.r2.r2.-d0.-d0.-f0.-f0.d0.-r0.-r0.-f0.-f0.f2.f2.f1.d1.-f1.-d1
899,r0.f1.-d0.f2.r2.-f1.-r0.-f0.-d1.-d0.-r0.f2.f2.d0.f1.-d0.-r0.d0.f0.-d0.f2.-r0.f2.-r0.-f2.r0.-f1.-r0.f2.r0.f1
900,d1.-r0.-d1.r2.-f1.-r2.-d2.f2.-r2.f2.-r1.f0.f0.d0.r2.d0.f2.r2.-f2.-r2.-d0.f2.-r2.d0.r2.f2
901,-f2.-r1.d2.r0.-f2.-r2.-r1.d0.-f1.d2.-r2.d2.-r0.d2.r0.r1.-f0.-r1.-f2.d2.-f0.-d2.-r2.-d1.-d0.r0.d0.-f0.r2.f0.-r0
902,-d0.r0.r0.-d1.-f2.r1.r0.f1.-d1.d0.f2.-f1.-r1.f1.-d0.-r2.f0.d0.-f2.-d0.r2.-f1.-d0.f1.-r2.-f1.d0.f1
903,-d1.-r0.-f2.d1.r1.-f1.d2.-f2.d2.r0.f2.-d2.r2.-f0.-d2.-r2.-f0.d0.f0.r2.-f0.r2.-d0.f2.d0.-r2.r0
904,-d0.f2.f2.-d0.f0.-f2.-d0.f2.-r0.-d2.-f2.r0.r2.-f0.-f0.-d0.-f0.-f0.r2.r2.d2.-f0.-f0.-r0.-r0.-d2.-f0.d1.-r1.-d1.r1.f0.-d1.f1.d1.-f1
905,f0.-d1.-f1.r1.d0.-r0.d2.r0.f2.-r0.-d2.-f2.f0.r2.-d2.-f1.-r2.f1.r2.d1.r2.d1.-f1.r1.-d1.-r2.-f1.-d1.-r1.d1.f1
906,f0.r1.-r0.f0.r2.d2.-r0.d2.r0.d0.-r2.-d1.-r2.f0.-r0.f2.-r2.r1.d2.r2.-f2.r1.r0.d2.d2.f1.-d1.-f1.d2.d2
907,d2.d2.-f1.r0.f2.-r2.-r0.f0.f0.-r0.f1.-d2.-f1.-f0.-d0.-r2.-d0.d1.f2.f2.-d1.f2.-r2.-r0.-f2.-r2.f2.r0.-f2.r2.f2
908,-f2.r2.r2.d2.f0.-r0.d0.f1.r2.-d1.-d0.-r2.d0.-f0.d1.f0.-d1.r1.r0.-f2.-r0.f2.-r1.-d0.f2.-d1.-f2.d1.d0.f0
909,f0.-r2.d2.r1.-d1.f0.r2.-r0.d2.d0.f1.d0.f0.d0.r0.-d0.-f1.-f0.d0.-f2.r2.-d0.-d1.-r1.-d2.f0.r2
910,-r0.-f1.r0.-d2.d1.-f1.-d2.-f2.-d0.-f1.-d1.-r2.r1.d0.f2.d2.-f1.r0.-d2.f0.d0.-f0.-d0.-f2.-d1.f2
911,r2.d0.-d1.d2.d2.r2.d0.-f2.-r0.-d2.f2.-r0.-f2.r2.d0.r2.r2.f2.f2.-d2.f2.f2.-d0.-d0.-r0.-r0.f2.f2.d0.r2.-d1.-r1.d1.-r2.d1.-f1.-d1.r1.f1
912,-f2.r2.r2.-d2.r2.f2.-r1.f2.r2.r2.-d2.f2.f2.d2.d1.-r2.f2.-f0.-r0.f0.r0.f2.r2.-f2.-d0.f2.-r2.f2
913,-d2.r2.-d1.-f2.-r2.r0.f2.-f0.r2.-r1.-r0.-f0.d0.-r0.d2.r0.r0.-d0.-f0.-r0.f0.d1.f1.-r2.-f2.r2.-f1.-r2.f2
914,f2.-d1.-r2.r0.d2.r1.-d0.r0.r1.-r2.f1.f1.r0.-d2.-d1.f2.-r2.-f2.d1.f2.f2.r2.f2.r2.r2.-f2.-r2.-d2.r2.d2
915,r2.-f1.f0.-d0.-f2.d2.-d1.-d0.r0.r0.d1.-r0.-d0.f0.-d2.-r0.f1.r0.-d1.-d0.-f2.r0.d0
916,r1.d2.-f0.-r2.f2.r1.d1.-f0.-d2.-r2.d2.-r1.f0.d1.-f1.r0.-f2.r0.d0.-f0.-r0.-f0.-d0.f2
917,r0.-f2.r1.r1.-d2.f1.d0.f0.-r0.d1.-r0.-d2.f1.-d2.-f0.-f1.-r0.-r0.-d2.r2.-f0.-r2.f0.d2.d2.-r2.-f0.r0.f0.r2.-f0.-r0.f0
918,-d2.r2.d0.r2.-f1.d2.f1.-r1.-f2.r2.d2.d2.r1.d2.-r1.-d0.f0.d2.-f0.-d1.-f2.d2.r1.d2.-r1.-d2
919,-r1.d2.r2.d2.-f2.d2.-f2.-r0.f0.-d2.-d0.-f0.f2.f2.-r0.-r0.f2.f2.d0.-f0.-f0.f2.f2.-d0.-f0.-f0.d0.-r1.r2.f1.r1.-f1.-r2.-f0.f1.-r1.-f1.r1.f0
920,-d2.r1.d2.d2.r2.r2.-d2.d0.f0.-r0.r2.f2.r0.d2.d2.-f0.-d0.-r0.-r0.-d2.-f0.-f0.r2.r2.-d0.-f0.-f0.d0.-r1.-f1.-d1.f1.r1.d1.-f0.f1.-r1.-f1.r1.f0
921,d2.-r0.d0.-f2.d0.-r1.d0.-f2.-d2.f2.-r2.-d1.r1.r1.-f1.-d2.f1.r1.f0.f0.d1.r0.-d2.-r0.d2.-d1.f0
922,f2.-d2.d1.f1.-r1.-f0.r2.f2.-f0.r0.-r2.f0.-d2.-d1.-f1.d1.-f1.r0.f1.r2.d1.-d0.f2.-r0.-f2.-f0.d0.f0.-d1.-r2
923,r2.r2.-f2.-r0.-d2.d0.r0.-f1.-r1.f2.r1.-d0.-f0.-r1.f0.-r0.-f2.d0.f2.d2.r2.-f0.-d1.-d0.-r2.-d2.r0
924,d0.d2.r1.-r0.-r0.f0.d2.r2.-f2.-d0.r2.-d0.-d0.r2.-f2.-r0.d2.r2.r2.d2.f2.f2.d0.-r0.-r0.d2.d2.d0.f2.f2.f1.-f2.r1.-f1.-r1.f2.r1.f1.-r1.-f1
925,-r1.-d0.r1.d1.r2.-d0.r1.d1.-d0.-d2.f0.r0.d0.f1.r0.f0.-r0.d2.r0.-f0.-r0.-f2.-r0.f2.-r0.f0.-r0.d2.r0.r0.-d2
926,-d1.-f0.r2.f0.-r0.-f1.-d2.d1.f1.r0.f1.d0.-f0.r0.f0.-r0.d0.f2.f2.d2.-f2.d0.f2.-r0.-d2.r0.-f2.-d0
927,r1.-f2.d1.-f1.-d2.-f1.r2.r2.-d0.f0.r0.-f0.-d0.-f0.-r1.f0.-r2.d0.-f0.-d2.-d0.r2.-f0.d0.f0.-r2.d2.r2.-f0
928,f2.-d0.-r2.d1.r0.-f0.-d2.r1.f1.r0.-f1.r0.d2.-f1.d2.-f1.-r0.f1.-d2.-f2.-f0.r0.-f0.r2.f0.r0.r0.-f0.-r2.f0
929,d2.r0.-f1.-d1.-f0.-d1.r1.-f1.d2.f2.f0.r0.-f0.r2.-f0.r2.r2.f0.-r0.-f0.-d1.r0.d1.f0.r0.d0.-r0.-r1.-f0.r1.f0.-r2.-f0
930,f2.-d0.f2.d0.-f0.-d1.-r0.-d2.-f2.-r0.f0.r2.-d0.-r2.-r1.-f2.r1.d1.f2.-f1.-d2.r0.-d1.-r0.d2.-r1.f1.r1.f0.r1.-f1.-r1
931,-d0.-d1.d2.r2.f2.r2.r2.-f2.r0.-f0.r2.r2.f2.-d0.-r0.-f0.-f0.-r0.-r0.-d0.-d0.-r0.-r0.d0.-r0.-r0.-d0.-f2.-d1.f1.d1.f2.-f1.d0.r1.-f1.-r1.f1.-d0
932,-r1.-f2.d2.f2.-d1.f0.-d2.d0.f0.-d2.-r0.d0.f0.-d2.-f0.d2.d0.r0.d0.-f2.f0.-r2.f2.r2.-f0.-d0
933,f0.-f2.-d2.-r0.-f0.-f0.f2.-r0.-r0.r2.r2.d0.-r2.f2.r0.-f0.-r0.d2.d2.-r0.-r0.d2.r2.r2.d2.-d0.-f0.-f0.f2.f2.-d2.-r0.-r0.f1.-d1.-f1.d1
934,f0.d2.f0.r1.d2.r2.d2.r2.f1.-f0.-d2.f1.f0.r2.-f0.-d0.r0.d2.f0.d1.-f0.-d2.-r0.f0.-d1.-f0
935,-r2.r0.d2.r2.-r1.f1.-d1.d0.-r0.d1.-f1.-f0.-r2.f0.r2.d0.d0.f0.-d0.f1.-d2.r0.f1.r0.r0.-f1.-r0.-d0.f0.d2.d0.r0.d1.r2.-d1.-r0.-d2
936,d1.-f2.r2.-r0.d1.f0.-r0.d0.r2.-r0.-f1.d0.-r2.f2.-f0.-r2.f0.d0.r2.-d1.-f0.d1.f0.-d0.f1.-r0.-f0.r0.-f1.-r0.f0.r0
937,-f2.r0.f1.-d0.r0.d1.-d0.f2.-d2.-f0.-d1.-r0.f1.d1.f0.-d1.f2.-f0.-r1.-f2.d1.f1.f0.-r1.-f1.d1.r2
938,-d0.-r2.d2.f2.-f1.-r0.d1.-r0.-f2.-r0.f0.-d0.f1.r0.r1.-d1.r2.-d1.-d0.r2.-d0.r2.r2.-d2.f0.d2
939,d1.-f0.-d1.f2.r0.-d0.f1.r2.f1.f0.d0.r0.f0.-r0.-f0.r1.d2.r1.-d0.-f1.-r1.f1.d0.r1.r1.-f1.r1.r1.f1
940,r2.f1.r1.-r0.d0.-r0.d2.f2.f1.-r0.d1.-d0.-f2.r2.f2.d1.f2.-d1.-f2.-r1.-d1.r1.-f0.r1.f1.f0.-r2.-d0.r2.d1.-r2.d0
941,d0.-f2.r0.-d1.-f2.f0.r1.f0.-d2.d0.-r1.-f2.-d2.r2.r2.d2.r2.f0.-d0.f1.d0.f2.-d0.-r2.-f1.-f0.-r2.d0.r2.-d1.-r2.-d0.r2
942,-d0.r2.-f0.-r1.-d2.d1.-r1.-d0.d2.r0.-d1.f2.r0.-f2.r2.f2.-r2.-f2.-r2.f2.-d0.r1.-f2.r2.f2.-r1
943,d2.f0.-r0.-d2.f2.r0.-d2.f0.d2.f2.-r0.d0.r2.-d0.-r0.-r0.r2.r2.-f0.-f0.-r0.-r0.-d0.-d0.-r0.-r0.d0.r0.-f1.-d1.f1.d1.-r0.f1.-d1.-r1.d1.r1.-f1
944,r0.r0.d0.f0.-d0.-r2.-d2.d0.-f0.-d0.-d0.-r0.-r0.r2.-d2.-r0.-r0.d2.d2.r2.r2.-d2.f2.f2.d2.f2.f2.-d0.r0.-d1.-r1.d1.r1.-r0.f1.-d1.-f1.d1
945,f0.r0.-d2.d0.r0.d1.r2.r2.-d0.f2.f2.-r2.d0.f0.-d0.-f2.-r1.d0.r0.-d0.r1.d0.f0.r0.-f2.-r0.-f0.r0.f0
946,f0.d2.-f2.r2.r0.f0.r2.-f0.d0.-r0.-d2.r2.r0.-f0.d1.f1.-r1.-f1.r1.-f2.r2.f0.-r2.f2.f0.r0.d0.-f0.-d0.-r0
947,-d2.-r0.f2.r2.-f0.d0.-f0.-r0.f2.r0.-f0.d0.r2.r2.f2.f2.d2.r2.r2.-f0.-f0.-d0.-d0.-f0.-f0.-d0.-d0.-f0.-f0.r0.-f1.-d1.f1.d1.-r0.f1.-r1.-f1.r1
948,f2.d1.f2.-d1.-r1.-d0.-f2.-r2.-d0.-f0.d2.d1.-f2.-d0.f2.f2.d2.r2.f1.-r2.-f1.-f0.-d1.f0
949,-r2.-d2.-f0.r1.-f2.-d2.-f1.r2.-r0.d2.f0.r1.-d0.-r2.d0.r0.f2.f2.r2.f0.-r2.d0.-r2.-d0.-f0.r2.f2.f2.f0
950,d0.-r2.d2.r1.-f1.-r2.-d2.f1.f1.r0.-f2.r0.d0.r0.d1.-f0.-r1.f0.-d1.-r2.-r0.f0.-d1.r1.d1.-f1.-r1.-f0.r1.f1.-r1.f0.r1.-f0
951,d2.-r0.-f1.-d1.f2.r1.r1.-d2.-r2.d0.r0.d1.r1.d2.-r2.d1.-f0.r2.-d0.-d1.r1.d1.-r2.-d1.r1.r1.f0
952,r2.-f2.-d1.-r0.f2.f2.-d1.d0.-r0.-d1.r1.d1.-f0.d1.f0.f0.-r2.-r1.-d2.r0.-d2.-r2.-f2.-r0.f2.r2
953,d0.r2.d1.r0.-d2.f0.f2.r2.f2.f2.-r0.-f0.-d2.r2.-f0.-f0.d2.-f0.-f0.d2.-d0.r2.r2.-f0.-f0.-d0.f2.f2.-d0.f1.-r1.-d1.r1.-f1.d1.r1.f1.-r1.-f1
954,f1.d2.-d0.-r0.-d1.f0.r1.d1.r0.r0.-d1.r1.f1.-d2.f0.-r2.d2.f0.d0.-r2.-f0.-d2.f0.-d2.r2.-d0
955,-d2.-d1.-f0.r1.f1.-d2.r0.-d0.f1.-d0.-f2.r2.-d0.f1.d0.d0.f0.d0.r2.d0.-r2.d0.d0.f0.-d0.-f2.-f0
956,-r0.f1.f1.d1.r0.f0.-r2.-d0.-d0.f0.r2.r2.-d0.-f0.-d0.f2.d0.-f0.-f0.-d0.r2.r2.-d2.-f0.-f0.-r0.-r0.-f0.-f0.f2.f2.-d2.r0.-r1.d1.r1.-d1.-r0.f0.f1.-d1.-f1.d1.-f0
957,-f1.-r0.-d1.r0.-f2.f0.-r2.d0.-r2.-f2.-d2.-f0.-d0.-r0.-d2.-f0.-r0.f2.r0.-f2.f0.r0.d2.d2.d0.r2.d0.-r2.d2.d2.r2.-d0.-r2
958,f0.r2.-r1.f1.d2.f0.d2.-r0.f1.f2.r2.f2.r2.f2.d0.r2.-f2.-d0.f2.-r2.-d0.f0.d0.r2.-r0.d0
959,d0.f2.r1.-d2.-r0.f0.r2.-f1.-d0.f1.-d2.d0.-r1.f2.f0.d2.-f0.r2.-d0.f0.d0.-r2.d1.f1.r2.-f1.-d2.r1.d2.-r2.-d2.-r1.-d1
960,d2.-r1.-d1.-f0.-r1.-d2.r1.f1.d0.f2.-f1.-r0.d0.d0.-r2.d0.f2.r1.-d0.-f0.-r1.f0.-d0.-r1.d0.f0.r0.f1.-r0.-f1.-r0.-d1.r0.d1
961,-f2.d2.f2.r2.-d2.-d0.-f2.-r2.d2.-r0.-r0.f0.-r0.-f2.d2.-r0.-r0.-d0.r2.r2.d0.-r0.-r0.-d2.-r0.-r0.d2.f2.f2.-r1.-r1.-f1.-r1.f1.-r1.f1.r1.-f1.-r1
962,f2.d0.d0.-f1.r0.d2.f0.d0.-r0.d2.-d1.-d1.f2.-r2.d2.-r0.-d2.d0.-f2.r0.f2.r2.-f2.r1.-d2.-f2.d2.f2.f2.-r1.-r0.f2
963,r0.-d2.-f1.-d1.r0.f2.r0.-r2.-d2.-f0.-r2.f0.r2.f2.-d0.-r1.d0.r1.f2.d1.r1.f1.-r1.f2.-r1.-f1.r1
964,-f2.-d1.-f2.d2.r0.-f2.-r1.d1.-r1.-d2.-r2.-d1.d0.-r2.-f1.d1.f0.r1.f2.-d0.-r0.-f2.r0.d0.-r1.-f2
965,d2.-r0.d0.r0.-d2.-r1.f2.d2.-d1.r0.r0.-f1.-r1.f1.d2.f2.f0.r2.r2.d2.r2.-d1.-r2.-d2.-r2.-f2.d0
966,-f0.r0.f2.d2.r1.r1.-f2.-r0.-d2.d0.f1.d1.d0.f1.r2.-f1.d2.-r0.-f0.r0.-f1.r1.-f2.r2.f2.-r1.-f2.-r2
967,-d0.f2.-f0.-r0.f1.d1.r2.d1.-f0.r2.f1.d1.f2.-r2.-d1.r2.-d0.-f0.-d0.r0.-d2.r1.f1.-r1.d2.d0.r1
968,r2.-d0.f2.-f1.d0.-d1.-r0.-f0.r2.d0.f0.-r2.d0.r2.-d0.f0.-r0.f2.-r0.-f2.r0.-f0.-d2.r0.d2.-r0.d2.f0
969,-f0.r2.-d2.r0.d1.-r2.d2.-f1.-r1.d1.f1.r2.-d1.r1.f0.-r1.-f0.-d2.-r0.d2.-f0.d0.-d2.f2.d2.-f2.-d0.f0.r0
970,d1.-f2.d1.-d0.f1.d1.r1.d1.-d2.-r1.d1.r1.f0.-r1.-d0.-r0.d0.r2.-d0.r0.d0.d0.-r2.d2.-r2.-f2.-r2.f2
971,d2.-f2.-d0.-r1.f1.r0.f2.f2.r2.-d2.f1.-r2.f2.-d0.r1.d1.d0.-f1.r2.r1.d2.-r1.-d2.r1.r0.-d0.-r0
972,-f1.-d1.-f1.-d2.f0.r1.-r0.f2.d2.-r0.f0.-r0.d2.r2.-r0.-f2.r2.d0.f2.-d0.r2.r2.-d2.f0.d2.-d0.-r0.-d2
973,d0.f1.-d1.-r2.f0.-r0.-f2.r2.d0.d0.-r2.f2.-d0.f0.d0.-r0.-d0.f0.r0.-f2.-r0.-f0.r0.r0.-f2.d0.r2
974,-r0.-d0.-f2.r2.d1.f2.-d1.-f0.-r2.-f2.-d1.f1.-d0.r2.-d2.d1.-r1.-d1.f2.d1.-f2.-d0.-r1.d0
975,-d0.-f1.-d0.r0.-f0.d1.f1.-d2.r2.-d0.f0.d2.-r2.-d2.r2.-d0.-r2.d2.f2.-r2.-f1.r2.-f2.-r2.f1.r2.r2
976,d1.-r1.-d0.r1.-f2.-r0.-f2.d2.r1.-f0.r0.r2.f1.-r2.r1.-d0.r0.f0.d2.-r0.d0.f0.d2.d2.r0.f0.f0.-r0.f0.f0
977,-r0.-f2.-f0.-f0.r0.r2.-d0.f2.d2.-r0.f2.-d0.r2.-f0.-f0.d0.-f0.-f0.f2.f2.-d2.f2.f2.r2.r2.-d2.-r0.-r0.-d0.r1.-r2.d1.-r1.-d1.r2
978,r2.r2.-f0.d1.-d0.-f2.-f1.d1.r2.-r0.-f1.-d1.-f1.-d0.f0.f0.d0.-f1.-d0.f0.r2.-f0.r1.-d0.r0.d0.-r2.-d0
979,d0.-r2.r1.f1.d2.r2.f0.-r1.d0.-r2.-f2.d0.f2.f2.r1.r0.-d0.-r0.-f0.r0.d0.f0.d0.-r2.-d0.r2.-f0
980,-r2.-r1.-f1.d0.-r2.-f2.-d2.f0.-r0.d2.f2.f1.-r0.-f0.-d0.-r2.r0.f0.-d1.f0.-d2.r0.d2.-f0.d1.f0
981,r2.-d2.f2.-r1.f1.d0.f2.f0.d0.-r2.-f0.r2.r0.d0.f0.d0.f0.f0.r0.-d2.f2.-r0.-f2.r0.d2.-f0.d2.f0.-d2.-r2.-r0
982,-r0.-d0.f0.r0.d2.f1.r2.d0.r1.-f0.r0.f0.-r0.f1.-r1.f2.-r1.-d2.f0.-d2.-r2.d2.-f0.d2.-r0.f2
983,-d0.f1.r1.r1.f0.d0.r2.-f0.-d0.r2.f0.r2.f0.r0.d2.d2.-d0.-r0.-r0.f2.f2.d0.f2.f2.r2.r2.d0.-r0.d1.-r1.-d1.r1.r0.-f0.-d1.f1.d1.-f1.f0
984,-r2.d1.-f2.r0.-f0.r0.r0.d2.-r0.d2.f1.d2.d2.-f2.-d1.d0.f0.f0.d1.-f2.d1.d1.f0.f0.d1.d1
985,f2.-r0.f1.-f0.d0.r2.f0.-d0.-d0.-f0.-d2.-f2.-d2.-r0.f2.f2.-d0.f2.f2.-d0.r2.r2.d2.r2.r2.f2.f2.r2.r2.-f0.-f0.-r0.d1.-f1.-d1.f1.r0.-d1.-r1.d1.r1
986,-r2.-d0.r0.f0.-d0.-r1.d2.d2.-f0.r2.r0.r0.f1.-f0.d1.f0.d0.f0.-r0.-d1.-d0.f2.f2.-r0.f2.r0.-f2.-d0
987,-d1.-f1.-r0.f0.-r0.-f1.-d1.f2.r2.r0.f0.-d2.f2.-d2.-d0.f1.-d2.-f1.d0.-f2.d2.f1.-f0
988,f2.f2.-d1.-f2.r1.f2.f1.d0.r0.-r1.-f0.-r2.-f1.r2.-f2.r1.-f0.-r2.r0.-d2.-r2.d2.f2.-d2.r0.d2.-r2.-r2.-d2.-r0.d2.r2
989,r1.-d0.f2.-f1.-d0.r2.f0.-r2.f1.r0.d1.-r2.r1.-f0.-r2.f2.f0.-r1.-f2.r1.r0.-f0.r2.d2.f1
990,-r0.-d1.f1.-d0.-f0.d0.-r1.-d0.-r2.f0.-d2.-d1.f0.r0.-f2.-r2.f2.r2.-r0.-f0.r0.-f1.-r2.f1.d2.-f1.r2.f1
991,r1.-f2.d0.-f0.d0.r0.d0.-f2.d0.r1.d2.r0.d1.-f0.-d1.f0.-r1.f2.d2.f2.d0.-f0.-r0.f0.-d0.-f0.r0.f2.r0.f0.-d2.-r0.f2
992,r1.f1.-f0.-d2.-r2.-f1.d2.f0.-r1.-d1.f1.d0.d0.-f1.d1.f0.f0.d0.r0.d0.d0.-r0.-d0.-f0.d2.-r1.-d2.-f2.-f1.r0.f0.-r0.f1.r0.-f0.-r0
993,-f0.d0.-f0.r2.d0.r0.f1.-r0.f2.r2.f1.-r0.f1.-r2.d1.f2.-r2.-d2.-d1.-f0.-d2.f0.d2.d1.f2.r2.d2.-r2.-f1.r2.f1.-d2.-f1
994,f0.f2.d2.d0.-r2.-d2.-f2.-r2.f0.d2.-d0.-f0.-r2.-f0.-f0.f2.f2.-d0.-d0.f2.f2.d2.r2.r2.d0.-f0.-f0.-f1.-r1.f1.r1.-d0.f1.-r1.d1.r1.-d1.-f1
995,-r1.-f2.f1.r2.f0.-r1.-d0.f1.f0.-d2.f0.d2.f1.-d2.-f1.-r0.-d2.-r2.-d2.f0.f0.d2.f0.f0.r2
996,-r2.-d0.-f2.d1.-r2.f2.-d0.f0.-r2.-f2.f0.r0.r0.f0.-r0.-d2.-r1.-r0.d0.-r2.d0.f2.-d0.f2.f2.r2.f2.-r2.d2.r2
997,r2.d1.f2.-r0.d0.-f0.r0.d0.f0.f0.-d2.-r0.-r1.d1.f0.-d1.-r2.f2.f2.r0.-d0.-r0.-d2.d0.-f1.-d0.f1.d2.f2
998,-f2.r0.d2.r2.-f0.-r0.-r0.-f0.-f0.-f2.-r2.f2.d2.r2.d2.f2.f2.-d2.r2.r2.d2.-f0.-f0.-d0.f2.f2.f1.d1.-r1.-f1.-d1.r1.f0.-d1.f1.d1.-f1.-f0
999,d0.r2.r2.-f1.d1.f2.r2.f1.r0.-r2.-d1.f0.-d2.-f2.-r0.f2.-r0.-d2.d0.f0.d1.-d0.-f0.d2.f1.-d2.f0.d2.-f1
1000,-f0.d0.-d2.-r0.r2.-f0.-d0.-d0.-r0.f2.r0.-f0.r2.r2.f0.-r0.-r0.d0.-f0.-f0.-d0.-d0.-f0.-f0.r2.r2.d0.r2.r2.d0.f2.f2.-r1.d1.-r1.-d1.-r1.f1.-r1.-f1
1001,-f1.f0.d0.-r1.r0.-d0.-r2.d0.-r1.-r0.f1.-d0.f0.d0.f1.-d0.-f0.-d0.f2.d0.d0.-r0.-d0.r0.-f0.-r0.f0
1002,f0.-f2.-d0.f2.r0.f2.f2.r2.r2.d0.f2.f2.-r2.-f0.-d0.-d0.-f0.-f0.-d0.-r0.-r0.-d0.f2.f2.d2.-f0.-f0.d0.-r2.d1.r2.r0.f1.-r0.r1.-d1.-r1.d1
