initial_state_id,path
0,d2.-f2.-d1.r2.-d1.f0.d0.r0.f2.f2.r0.-f0.r0.-f1.-d0.f1.-r0.-r0.-f2.-d1.f2.-d2.-f2.-d1.f2.d2.f0.f0.-r0.f2.-d0.-r0.d0.-f2.d1.r0.-d1.-d1.-f0.d1.-f2.-r1.-f0.r1.f2.-f0.d0.-f0.-d0.-f0.-r0.f0.r0.-f0.-r0.-f0.d2.f0.-d2.f0.-r0.-d0.r0.d0.f0.-r0.-f0.r0.-f2.-r0.f0.r0.f2.-r0.f0.r0.-f0.d1.r0.-f0.-r0.f0.-d1.-f0.r0.f0.-r0.f0.-r0.-f0
1,-r1.-f2.r1.-f1.-r1.f2.r1.f1
2,d2.-r0.r2.d2.d2.r0.-r2.d2.-r0.r2.d2.d2.r0.-r2
3,d0
4,-r2.d0
5,r2.-f1.-r2
6,f1.-d2.-d0.-r2
7,f2.-d1.f2.-f0.-r2
8,f0.-r0.d1.-r2.d1.f0
9,-r0.d2.f2.-r2.-r1.r0.-d1
10,r1.-f1.-r1.-f2.f1.-d1
11,f2.-f1.-d2.f0.r1.r1.r0.f2.-d0
12,-f0.-r1.d0.f1.d0.-f2.-d0.f2.-d2.-r2
13,-r0.f2.-d1.f2.d1.d1.d0.-f1.r1.r0.-f1
14,-f2.r2.r2.-r1.f2.-d0.f1.-f0
15,r0.-d1.f1.f1.r0.r0.-d1.f2.r2.-d1.-f1.-f0.r2
16,d1.r2.-d1.-f0.f1.-r2.f0.r1.-f0.-r0.-f2.d1.f2.-d0
17,d2.r0.-d2.d1.f0.-d0.-r1.-r0.d0.r0.-d1.f0.d0.-f2.-f0
18,d0.d0.f1.f0.r2.f0.d1.d0.-f0.-r1
19,f0.f0.d0.-r2.f0.f1.-r1.f1.-f0.d1.r2.-d1.-d0.f2.f0
20,r1.r0.d2.-d0.r0.-d2.f0.d1.r2.d0.f1.d1.d0.d0
21,r2.r0.r0.-f1.d2.d1.-d0.-r2.r0.-f0.-f0.-d2.-f1.d1.-f2.-r1.f2
22,-d2.f1.d0.-r1.-d2.f0.d1.d0.r0.d0.-f1.f0.r0.-f2
23,f1.d1.-f0.-d2.f1.-r2.r1.-f1.-d1.d0.r0.-f1.r1.r0.r0
24,f0.-d1.-r0.-f2.r2.r0.-r1.d2.r2.-f0.f1.-d1.-d0.-r2.d0.-r1.f0.f1.-f2.d1
25,d2.f2.r2.-r1.-r0.d1.-r2.-f2.-d2.r2.r1.f2.d1.d0.d0.-f0.d1
26,f1.d0.-d2.-r0.r2.f2.f2.f0.d1.-r2.-f0.-r1.r2.d0.r2.-f0.r2.-f2.-r2.-f1.-r0.-r2
27,-r0.d0.f0.f0.r2.-f0.r2.r0.d1.f2.d0.f2.r1.d1.r2.-r1.-d1.r0.d1.-r2.-r2.-f1.-d0
28,-r2.-f2.-r0.-r1.-r1.-r0.-f2.-d2.d0.-r2.d1.-f1.-f2.-d1.-r0.f2.d2.r1.f1.-f2.r0.-d0.r2.r0.-d2.f1
29,r2.r2.-f0.r1.f0.d0.f2.-d1.-f0.r0.d2.d0.f1.f0.-r0.-f2.r0.f1.-r2.-d1.-r2
30,-r0.-r0.f0.r0.-d1.r0.r1.-r2.f0.-d0.-d1.-d1.r2.f2.f1.-r0.d2.-d1.r1.-f2.r1.f0
31,-d1.r1.d1.d1.r2.-d0.-d0.r2.-f1.d2.f2.-f0.r0.d0.-f1.-f0.-d1.f1.r1.d0.d0.-d1.-f2.f0.r0
32,r1.r1.-d1.f2.r2.d1.r0.f1.d1.f2.d2.f2.r1.-d2.-d0.-f1.-r0.-f0.-r1.f0.r0.-f0
33,-d2.-d0.f2.-r2.d1.-f1.-d1.-d2.f0.-d1.r1.d0.d0.f2.f2.-f0.d0.-r1.f2.d0.-d1.f0.d2.-r2.-d2.f1.d0
34,-r0.f2.d0.-f1.-r0.d1.d1.-f2.-r0.-f2.r0.-f2.f1.r0.f0.-r1.-f0.-d0.-f2.d1.d0.-r0.-f0.-r2
35,d2.-r1.d0.f0.r2.r2.-d1.-d0.r0.-d0.r2.-d0.f0.r0.-f0.-r2.-d1.r2.-r0.f0.r0.-f0.-r2.-d2.r0
36,f0.-r0.-f1.d0.-r0.f1.d2.-f0.-d1.-f0.-r2.f0.d2.-r2.f2.r2.f2.d2.f1.d0.d0.-f1.-r2.-r0.-d0.r0.-d1.-r0.d0.r2.r0.-d2
37,r2.f2.r0.-d0.r1.d2.-f0.-r2.-r2.f2.r1.f2.r2.-f2.d2.-r0.-r1.-d2.-f2.-d2.-r1.-d2.r1.d2.r0.-f1.-r0.f0.r0.-f2.-f0
38,-r0.-d2.f2.d2.-r0.-f1.d1.f0.d1.d0.-f2.r1.d2.-f2.f0.-r2.f0.f0.r2.f2.-r2.d1.-f2.-d1.f2.d1.f2.-d1.-f2.r2
39,-f0.f2.d2.f2.-d1.-f0.f1.f2.r2.-f2.r1.f1.-d0.f2.r0.f2.-d0.r0.-f1.-d0.-r2.r0.r1.d1.d1.f2.f0.-r0.f0.r0.-f1
40,-r2.f2.-r2.-f2.f1.r2.d2.-r1.-f0.-d0.-f0.-d1.r2.d1.-r2.-d2.-f2.f0.d0.f0.-d0.f2.-r0.f0.r2.r0
41,-d1.f1.d2.-d0.-r2.f1.d1.r1.-d0.r1.-f0.-r0.-d2.-r2.r0.-f2.r2.f2.-d2.f1.f0.-r0.-f2.-r1.d1.r1.f2.-r1.r0
42,r2.r2.f0.r0.-f1.-d2.f0.-r0.-f2.d2.-f0.-d2.-r1.-d1.-r2.r1.r0.d1.-r2.-d2.-d0.-f0.r1.-d1.-f0.-r1.f0.r1
43,-r2.d2.-f2.r1.-d2.-f0.r2.r2.-r1.d0.f2.-d0.-r2.-f2.-d1.-f1.-r1.r0.f1.f1.d1.f2.r1.-f2.r0.-d2.-r0.d1.r0.d2.-r0
44,-d0.f2.f1.d2.-f0.-f0.-d2.f0.-r0.-d0.-f0.-f0.-r2.f2.f2.r0.-f2.d0.r2.r2.-d2.f2.f2.d0.-r0.-r0.d0.r2.r2.-d2.-f0.-d1.-r1.d1.r1.f0.f1.r1.-f1.-r1
45,-f2.-d1.r0.-d1.-f1.-d2.-d0.-r0.-d2.-d0.-f2.r2.-d0.r0.d0.-r0.f0.-r1.d0.-f0.-d0.f0.r1.-f0.-r0.f0.r0
46,-d1.-f0.r0.d2.-f1.r1.-d0.r0.d0.-r0.-d0.-f1.-d1.-f0.-r1.d1.f1.-d1.f2.-d2.-r1.d2.r1.d2.-d1.-f1
47,d1.f1.f1.-d2.r0.-f2.f0.d2.-d0.-f2.-d2.-f2.r0.d0.f2.f2.-d0.-r0.-f2.d0.-f2.-r1.-f0.r1.f2.-r1.f0
48,-r0.f0.-r1.-d2.-d1.-f1.r2.f1.-d0.-f2.-r0.-f1.f0.r0.d0.d0.-f0.-r2.f0.-d0.f2.d0.-f2.-r0.-r2.d2.r2.-d2.r2.-f0
49,r0.f0.-r1.-f2.-r0.-d2.f0.d0.r1.d0.-r2.-r0.-f2.-r0.-f2.d2.f2.-d2.-f1.-d2.-f2.d2.-d1.f2.-d2.-f2.d1.f2.d2
50,d0.-r2.r0.d2.-f1.-d0.d1.-r2.d0.r2.-d0.r1.d2.f1.-f0.-d2.-f0.-r0.f1.-r2.d0.-f1.r0.-f1.-r0.f1.r2.f0
51,d1.-r0.d2.f1.-r0.-f0.-r0.-d1.-f2.r2.-d0.r2.-r0.-f0.d2.f2.d2.-f2.f1.-d2.f2.-d2.-f1.d2.f1.d1.-f1.r0.f1.-d1.-f1.-r0.f1
52,f0.d2.r0.f1.d0.f1.-f0.r0.-f0.r2.d2.f2.f2.-d1.-f2.-d1.r2.f2.d1.d1.f0.-d0.r1.d0.-r1.-f0
53,f2.f2.-r2.f0.f0.d0.f2.r1.r1.f1.d2.d2.-r2.-d2.-f1.-d0.f2.d2.d0.-r0.-f2.-f0.d0.f0.r0.-d1.f0
54,f2.r1.d0.f2.r2.-f1.f0.-d0.f2.-d2.-f0.d2.-d0.r1.r1.-r0.d0.-r1.-d0.r2.d1.-r2.d0.d0.f1.d0.d0.-f1
55,-r1.f1.-r2.d0.r0.-f1.f0.d2.-f2.d0.f0.-r1.d2.r1.r1.-d2.f1.r1.-f1.-f2.-r2.-r1.-f2.-f0.d1.f0.f0
56,f2.d2.r1.f0.r0.f2.d0.d1.-r2.-r1.-f1.-r1.-f1.d0.f1.-d2.r2.d0.-f2.-d0.f2.r1.-f2.-r1.-d0.f2
57,-r2.f2.f2.-r1.f0.r0.d2.r2.-d2.-f2.r2.r2.d0.-f2.-r1.-f2.-r2.-r0.-d0.-f0.r1.d0.-r1.d0.d0.-r1.-d0.r1.f0
58,r1.-f2.-d2.f2.-d2.r1.-f0.-r2.f0.-d1.-f2.-r0.f2.-d0.r0.d2.-f2.-d1.f2.d1.d0.-f0.-r0.f0.r0.f0
59,-d0.r0.d2.f0.r2.d1.-f2.-f2.-d1.r1.f0.r1.-r0.d2.-f0.-d2.-f0.d1.r0.r0.f0.d0.-f0.-d0.r0.r0.f2
60,-d0.r2.d2.r0.-f0.-d2.d0.-r2.-f1.r2.f1.-r2.f0.-r1.-r0.-d1.f0.-r0.-f0.-d0.-f1.f0.r0.f1.-r0.-f0.d1.d0
61,-d0.f0.r0.d2.-r0.d0.f2.-f0.-d2.-f1.-f0.d0.r2.-d2.-r2.f0.r2.-d0.-f0.-r2.-d0.-r1.d1.r1.d0.r2.f0
62,d1.-f1.-d0.f2.r0.f1.f1.d1.-r0.d1.d1.-d0.-r2.-d2.d1.r2.-d0.r2.d2.-d1.-r2.-d2.-r2.f2.d2.-f2.-r2.f2.-d2.-f2
63,-r2.d1.f1.-d0.-f1.r0.d1.f2.-r0.d2.d2.-r2.-f2.d1.-r1.-d0.r2.r2.f2.r1.d2.f2.-d2.-r1.d2.-f2.-d2.r1.-f2
64,f0.-r0.d2.r0.-d2.r2.f2.-r2.f0.r0.-f0.d2.r0.r2.r2.-d2.f2.f2.r2.r2.f2.f2.-d2.f2.f2.d0.f2.f2.f1.-r1.d1.r1.-f1.-d1.-f0.f1.r1.-f1.-r1.f0
65,-f2.r2.f0.-d1.f0.-r1.r0.d1.-f2.-d2.-f0.-d1.d0.r0.f2.-r0.d2.r2.-r1.-d0.-f1.d0.-r2.-f0.-d1.f0.d1
66,-d1.r1.-f2.r2.-d2.r2.f1.-f0.d1.-f2.r0.-d2.f2.-r2.d0.-f2.r1.-r0.-d0.r0.-f2.r0.f2.-r0.-d1.f2.d1.d0
67,r0.d2.f1.d2.r2.f0.-d1.-r2.r1.f1.-r2.-f1.d0.-r0.f2.-r0.d1.-f1.-d1.r0.r0.-d2.-r2.-d2.r2.r0.f2.r1.-f0.-r1.-f2
68,-d0.f2.d1.-f0.-f0.r0.-d2.f0.-d0.r2.f0.d2.d0.r0.-f0.d2.d0.-f0.-f0.d2.d2.f2.f2.r2.r2.-f0.-f0.f1.-r1.-f1.r1.-d0.f0.-f1.-d1.f1.d1.-f0
69,-f2.-r2.-r2.d2.-f0.r0.r2.-d0.-d0.f2.d2.-d0.r0.-r2.-f0.-f0.-d0.-d0.r2.r2.-d2.-r0.-r0.d0.-r0.-r0.-d0.-f0.d1.-r1.-d1.r1.-f0.r2.d1.-r2.-r0.-f1.r0
70,-d1.r0.f2.-d0.-r2.-f1.d0.-d2.-r0.f0.f1.-d2.r2.-f1.-r2.f2.d0.-r1.-d0.-r2.-d1.f1.d1.-d2.-r1.d2.d0.r1
71,f0.-r0.-d0.r1.-f0.-d2.-r2.-r2.-f0.-r0.-f2.d2.r0.-d2.r0.-d1.-d0.-f2.r0.d2.-f0.-r2.f0.-d2.d1.r1.-f0.-r2.f0.-r1.-f0.r2.f0
72,d1.-r0.-d2.d0.-f2.-r1.-f1.r2.-d1.-f0.f2.r2.-r0.d1.r0.-f2.-f0.-d0.-f1.-r1.f2.-d0.r1.d2.-d1.-f1.d1.d0
73,-f2.r2.d2.r0.r2.d2.r0.f2.-d2.-r0.r2.-d0.f2.-r2.-d0.-r0.-r0.d2.-f0.-f0.f2.f2.r2.r2.f2.f2.d2.d2.-d0.-f0.-f0.-r0.d1.-f1.-d1.f1.r0
74,-d0.f2.r2.-f0.d0.-f0.-f0.r0.r2.-d0.-r2.f0.r2.f2.d2.d2.d0.-r0.-r0.d2.-d0.f2.f2.-r0.-r0.f2.f2.-d2.f0.-r1.-f1.r1.f1.f0
75,-d2.-f1.f0.r2.d2.-f0.-r0.-r0.f2.d2.r0.-d0.-f2.d2.-f0.-f0.r2.r2.-d2.-r0.-r0.d2.-d0.-f0.-f0.-r0.-r0.r2.-d1.-r1.d1.-r2.r1.f1.f1.-d1.-f1.d1.-f1
76,r2.-f1.-r1.-f2.-d1.-f1.-d1.f0.-f2.-d1.f2.-f0.-d0.-r2.r0.-d0.f2.d0.d0.f2.r2.f2.r2.-f2.-r2.f2.f2.r2
77,-d0.-r1.f2.d2.r0.-d1.f0.-r2.f1.-f2.r2.r2.-f0.d0.-f2.-r0.f0.r2.r0.f0.-d2.-f0.d2.r2.r2.d0.-r2.-d0.r2
78,f2.r0.d0.-r1.f2.-f0.r1.-f1.-d0.-f1.-d2.-f2.-d1.f2.d2.-r0.d1.r2.-d0.-f2.-d0.r0.-d0.-r0.d0.d0.f2.d0
79,f0.d2.f2.-d0.-r1.f0.-d0.-d0.r2.-d1.-r2.r1.d2.r1.r1.d0.r2.-r1.-f1.-r2.-f0.r2.f1.r0.d1.r1.-d0.-r1.-d1
80,r0.d2.-d0.-f2.-r0.-d2.-f0.-d2.-r1.d0.-f0.-d1.r2.f2.-r1.d0.r1.-d0.f2.-d1.-r2.-d0.-f0.d0.-r1.-d0.f0.d1
81,d1.-f0.-r0.-f0.-r1.d1.f2.d0.r1.f2.-d1.r2.f0.-d1.-r2.-f0.-r1.-d1.-f2.d1.r2.r0.-d2.r1.d2.-r0.d1
82,-r2.-r0.f2.f2.-d2.-f0.-d2.d0.-f0.-f0.r0.-r2.d0.-r2.d2.d0.r2.r2.d2.d2.-r0.-r0.r2.r2.f2.f2.d2.d2.f2.f2.r2.d1.-r1.-d1.-r2.r1
83,f0.-d2.-f0.f2.r0.d2.d0.-r0.-r0.d2.-r0.-f2.d2.-f0.-f0.r2.r2.d0.-f0.-f0.r2.r2.d0.-r0.-r0.r2.r2.-d0.-d0.-f1.d1.-f1.-f1.-d1.-f1
84,f2.-r1.-d1.f2.r0.f2.-f0.-r0.f0.d2.f0.d1.-f0.r2.f0.-r2.-d0.-f0.d0.-d2.-f0.d2.f0.r2.-f0.r2.r2.-r1.-f2.r1.f0.-r1.f2.r1
85,f0.-r0.-f0.d1.f1.-d1.-r0.-r2.f2.d2.d2.d0.f1.r0.-f1.-r0.d2.-r2.-d0.-r0.d0.r2.-r1.-f2.-d0.-f0.d0.f2.f0.r1.-f0.-d0.f0
86,-r0.d2.f0.-r2.-f2.r1.-d0.-d2.-r1.d2.f1.f2.-f0.-r0.-f0.-d1.-r1.-f0.r2.d0.-r2.d1.-f1.-d1.f0.d1.f1.-r2
87,-r2.-d2.f0.-r1.d2.-d0.r2.r2.f2.f2.f1.-d2.-d1.-f0.d0.f2.-r0.-d1.r0.-f1.r2.-f1.-r2.f1.-r1.-d1.f1.d1.r1
88,-d0.r0.f0.r2.f2.-r1.d0.r0.-d1.-d0.f2.f1.-r0.d2.d0.-r0.d1.f2.r0.-d0.f2.-r0.f0.-r0.-f2.r0.-f0.r0
89,r2.-d2.r2.-f1.r1.-d1.d0.-r0.f2.r2.-r0.f2.r0.-d1.-r0.-f2.-d2.-r2.d2.r2.f0.d2.f2.-d2.-f0.-d0.-r2
90,-r0.-f0.-f0.r0.r2.-f0.d0.r0.-d0.-d0.-r2.d2.-d0.f0.f2.f2.-d0.r2.r2.-d0.-d0.-r0.-r0.-d0.-f0.-f0.-d0.-d0.r1.-r2.d1.-r1.-d1.r2.-f0.f1.r1.-f1.-r1.f0
91,-r1.f2.-d2.-r1.-d2.r0.d0.-f1.d1.-r0.-d1.f2.d1.d0.d0.r1.d0.r2.d2.r0.r0.d1.-r0.d0.-f2.-d1.-f0.-d0.f1.d0.f0.-d0.-f1
92,f2.r1.-f0.-r2.-f2.d1.-r2.-f2.-d2.r1.d0.f1.-r0.-f1.-d2.f1.-r2.r0.-d2.r2.r2.-d1.r2.-f2.d2.-r0.-d2.-r2.d2.-f1.d0.f1.d1.-f1.-d0.f1
93,-d1.-f2.d2.f0.-r0.f2.-r1.-d1.d0.f1.-r2.f0.d1.r0.f1.-r0.f2.d1.-f2.-r0.-f1.r0.-f0.r1.f0.-r0.-d0
94,-d2.-r1.-d1.-r0.-d0.f0.r2.-r1.f2.-r2.-d2.-f2.-r1.-d0.r2.d0.r2.-f2.-r2.f2.r2.r2
95,d2.-f2.r0.r0.-d2.d1.r1.-d2.r2.-d1.-f2.d0.d2.-f0.-d2.f0.d1.f1.r2.-f1.d0.f0.-d0.r2.f2.r0.-f2.-r2.-r0.-f2.-f0
96,-f1.-d0.-r1.f0.-r1.d2.d1.r1.d2.-f2.r0.-d0.-f1.-f0.d0.r0.r0.-d2.f1.d2.-r0.-d2.f2.d2.r2.d2.-f1.-f0
97,-r2.-f0.-r1.-d2.r2.d1.r2.-d0.r1.-f1.-r1.f1.-d0.-r2.-r1.-d2.-r2.-d1.-f2.-d2.f2.-d0.-f0.r2.-f1.-r0.f1.-r2.-f1.r0.f0
98,d2.-d0.r0.-f2.r1.-d0.-f2.f1.r0.-d0.r0.-f2.-r0.-d0.f1.-d1.f1.f1.d1.-r2.-d0.r2.-d1.-r2.d0.r2.f2.-d0
99,-f2.f1.d1.d1.-r2.-d2.r0.-r2.-f0.-f0.-d0.-f0.d2.-f0.-d0.-d0.-r0.-d0.r2.r2.d2.d0.-f0.-f0.d0.-r0.-r0.r2.r2.-d0.-d1.-f1.d1.f1.-d0.-r1.f1.r1.-f1
100,f1.-r0.d2.-f2.d2.f1.-d1.-f2.-r0.f2.-d2.-r0.d2.d1.r2.-f2.-f1.-d1.f1.d1.-d2.-f1.d2.-r1.d0.-r1.-d0.r1.d0.f1
101,-r2.-d1.f1.d2.r2.-f2.-r0.f2.r2.f2.d2.f2.r2.-f0.-r1.d1.r1.f2.f2.r2.f2.-f0.-d0.-f0.-r2.f0.-d2.r0.f0
102,-d0.-f2.-d2.d0.-f2.f0.-r0.-f0.-d0.r1.d1.f1.f1.d0.f1.-d0.-r0.d2.-f0.-d2.r0.d2.d0.r2.d2.-r2.d1.r2.-d2.-r2
103,d2.d2.r1.f1.-r2.d1.d0.-r2.r0.f2.-d0.r0.-d0.-f1.d0.f1.f2.-r0.d1.r0.-f2.r1.f2.-r0.d1.-r1.-f1.r1.-d1
104,-d0.f2.-f1.r2.-d2.r0.-d1.-r2.d0.r0.f2.r1.-r0.f1.d0.f0.-d0.-f1.d0.f2.-r0.-f2.r0.-f2.-d2.r0.d2.-r0
105,r2.f0.-d2.r2.-r0.-d2.-d0.-r0.f1.r0.-d2.-r0.-f2.d0.d0.-f0.-d0.f0.-d2.d1.f0.d2.-r0.-f0.r0.-d1.-r0
106,-r0.d2.f1.-f0.d2.d2.d0.-r0.-d0.f0.r0.f0.d2.d2.r0.f2.r2.r2.-d0.-r0.-r0.-d0.r2.r2.-d2.r2.r2.-d0.-r0.f1.d1.-f1.-d1.-r0.f0.-f1.-r1.f1.r1.-f0
107,-r1.-f0.-r2.d0.f1.r0.f2.-d1.r2.-f0.r1.r1.f2.r0.-f2.-r2.f0.-d0.r1.-r0.-f0.-r1.-d2.r2.d2.-r0.-d2.r0.-f0
108,-d0.f2.-r1.-f0.-d1.r0.-f2.r2.d2.r0.f0.-d2.-f0.d2.d2.-r0.-f2.-r0.f2.-r1.d2.r1.r0.-f2.-r1.f0.r1.f2.-r1.r0
109,f2.d0.r2.f1.r2.d0.r2.d2.r2.d2.d1.-f2.d0.f2.d0.r2.-f0.-d2.f0.r0.d0.-r2.f1.r2.d0.-r2.-f1.r2.d0
110,r1.-f1.-d0.f2.r2.f0.-r1.-d1.-f2.r2.-r1.-d0.r2.-d2.-f1.-d2.-r2.d2.-f0.r2.-d2.-r0.d2.d0.-f2.d1.f2.f0
111,d2.-r2.-f0.d0.-f0.-d2.-r2.d0.-r1.f0.f0.-r0.-f0.r1.-f1.d0.d1.-f2.-r2.-r1.-d2.r0.-d0.-f2.-d2.d1.-r1.d2.r1.-d1.f2
112,d2.f2.r2.-f0.-d0.-f0.-d0.-r2.-f1.r2.f1.f0.-r1.-d0.-r2.-d0.-r1.d0.r1.d2.-r1.r0.-d0.r1.d0.-r0
113,f2.d2.f0.r0.d0.-r1.-d2.-f0.-r1.-f1.-r1.-f0.-r2.r1.f2.-d1.r0.-f2.r2.f2.-r2.-r0.-d1.-r1.f0.r1.-f0.d1.f0
114,r1.-f1.r1.-d0.f1.r2.-f1.-r1.d1.f0.-d1.-f2.-f0.-d1.r2.d2.-f2.-d2.-r2.d0.d0.f2.-r0.d0.r0.-f2.d0.r2
115,-f2.d0.-r0.r2.d2.f2.r2.-f2.-r0.-r0.f2.r0.f2.r0.d2.d2.-r0.-r0.r2.r2.-d0.f2.f2.-d2.-f0.-f0.d0.-r1.r0.-f1.r1.f1.-r0
116,f2.f1.f1.r1.d2.-f0.-f0.-r0.-r0.f2.f2.r0.-d2.r0.f2.d2.-f0.r2.d2.f2.f2.-d2.-d0.-f0.-f0.d2.d2.-d0.r2.r2.f2.d1.f0.f2.-r1.-f0.-d1.-r1.d1.r1
117,d2.f2.f0.-d0.-r2.-f0.d1.f1.d1.-r0.d2.-f1.r2.-d1.-r2.r0.d2.r1.-d1.-r2.d1.r2.-r1.r0.r0.f1.-r0
118,-d0.f1.-r0.-r0.f0.-r0.f0.-d2.r0.f0.f2.d0.-r0.-f2.d0.-f0.-f0.d2.r2.r2.-f0.-f0.-d2.d0.-f0.-f0.-r1.-r2.-f1.r1.f1.-r2.d1.f1.-d1.-f1
119,d2.d2.r0.-d0.-r2.-f2.d2.f1.f0.d0.f0.r0.r0.-d0.-r0.f2.-r0.d2.r0.-f2.-r0.d2.r0.f2.-r0
120,-r0.-d0.-r1.-r0.-f0.-d0.-r2.d2.-d0.-f1.-d2.f2.-d0.r0.d0.-r1.-d0.-d2.r2.d2.-f2.r0.f2.r1.-f2.r0.r0.-f0
121,-d0.r2.f0.d2.-r0.f2.-f0.r1.r1.-f1.-d2.-r0.-r1.-d0.-r0.d2.d0.-r1.-r1.-d0.r0.d0.-f1.d1.f2.-d1.-f2.-d1.f1
122,d2.-d0.-f1.-r1.f2.r0.-f0.-r2.f1.f1.r1.f2.f2.r2.-f2.-r1.d2.r1.-d2.r1.-f0.r0.d0.-f1.-r1.f1.-d0.-f1
123,d0.-f0.r2.d1.f0.d1.r2.r1.f0.d0.-f0.-f1.-r1.-f0.r1.r2.f2.-r0.f0.r0.-d0.-r0.-f0.-d0.-r0.-r0.-f0.-r0.f2.r0.f0.-r0.-f2
124,f0.d0.r1.d0.-f0.r2.-d2.-f1.-r0.d2.-f0.r0.f0.f0.d0.r1.-d0.-r0.-d2.d0.-r0.d1.r0.d2.-r0.-d1.-d0.r0
125,r0.d2.-f0.f2.f2.-r0.d0.-f0.r2.d0.f2.f2.d0.r0.f2.f2.d2.-r0.-r0.-d0.-f0.-f0.d2.d2.r2.r2.d0.-r0.-r0.-f0.-f0.d0.f1.-r1.-f1.r1.-d0
126,-d0.-f2.r1.-f1.r2.-d1.r2.-f0.d0.r2.f0.d0.r0.-d0.r1.-f0.-d0.f0.-r2.-f0.d0.f0.-r1.f2.-f0.d1.-f0.-d1.-f2.f0
127,f1.-r2.d0.r0.-d0.-f0.-r0.f2.d0.f1.-d1.r1.-d2.f0.-r1.-d2.-r0.d2.-f1.r1.-d1.f1.d2.-f1.-d2.r2.r0
128,-f0.-d2.-r1.-d1.f2.-d0.r2.r1.-d1.d0.-r0.d1.f0.-r1.-d2.-r0.f2.r0.r0.-d1.f2.-d2.-r2.d2.-f2.r0.f2.r2.-f2.-r0.d1.-r0
129,r2.f1.f1.-r1.r2.-d2.f2.-r0.-r0.d2.d2.r0.f0.d2.d2.-d0.r2.r2.f0.-d0.-d0.f2.f2.-d2.-r0.-r0.d0.f2.f2.-r0.-r0.f2.f2.d1.r1.-f1.-d1.f1.f1.-r1.-f1
130,-d1.r1.f2.d0.f0.d2.-f0.r2.d2.f2.f2.-r2.-f2.d2.-r1.-f0.r2.f0.r1.-d2.f0.r0.d2.d2.-r0.d1.r0.d2.d2.-r0
131,-r2.r0.-d0.-f1.r0.f1.r0.d1.f0.r1.f0.d0.r1.f0.d1.r1.f2.d1.-f0.-d1.-f0.-r1.f2.-d1.-f2.d1.-f2
132,-d0.-r2.-f2.-r0.d2.r0.-d0.-f1.r1.-d2.r0.d2.f1.d2.-f1.d2.-r1.-r0.f2.f2.r0.-d2.-f2.-d2.-d2.f0.r0.-f0.-d2.f0.-r0.-f0
133,-d1.-f2.d0.-f0.f2.d1.-f0.-r1.d1.f0.r0.-f0.d1.f2.-f1.-d1.f1.f0.r0.f2.d2.-r0.d2
134,-d0.r2.f2.-r0.d1.f2.r1.d2.r0.d1.-d0.-r0.d0.d0.-r2.r0.d2.f2.d2.r2.-d1.-d0.f0.f0.r2.f0.f0.-r2.d1.r2
135,r1.d1.d0.r0.d2.r2.f1.r0.-d0.f0.f0.-r0.f1.-d2.-r2.d2.f0.r2.d0.-r2.-f0.-r1.f0.-r0.-f0.r1.r0.-d2.-f0
136,f1.d0.-f0.-d1.r0.f1.-r1.-d2.-f0.-d0.-f2.-f0.-d0.r2.r0.-d1.-r0.-d2.r1.d2.f1.-d2.-r1.d2
137,f1.-r2.d2.-r0.f1.-r2.-r2.f0.r2.-f2.-r2.-d2.-r0.-f0.d2.-r2.f0.d0.r2.-f0.d2.-f1.d2.f0.f1.-r2.-d0.-f0.d2
138,f1.-r2.-d0.r0.r0.-f2.d0.r1.-f1.-d1.-d0.-f0.r2.-d1.f0.-d1.-f0.-d1.-f0.r0.f2.f0.d2.r2.-f0.-r2
139,r0.f0.-r1.-f0.-d0.-f2.d0.-f2.-r2.d0.f2.f2.d2.-r2.-d0.-f0.-f0.-r0.-r0.d0.-f0.-f0.d2.-f0.-f0.-r0.-r0.-f0.-f0.f2.-r1.d1.r1.-d1.f2.f1.-d1.-f1.d1
140,d2.r2.d0.-r0.-d2.d1.-f1.r2.d0.f0.r2.d0.r2.f2.r0.r0.-f2.-r0.f2.r2.-f2.-r0.-f2.-r2.-f0.r2.d0.-f2.-r2.f0
141,d0.-f0.d2.r0.d0.r1.-d1.r1.-f0.d0.-d2.r0.f2.d1.r0.-d1.r2.-f2.-d2.-r2.-r0.d0.f2.d2.-d0.f1.d0
142,r1.d2.r0.-f1.d1.-r1.f2.d0.f1.r2.f0.d0.f0.r2.f0.-d0.-f1.d0.-f0.-r0.d2.-d1.f1.r1.-d1.-f1.d1.-r1
143,f0.-d0.f2.-f0.-r2.d0.-r2.-d2.r2.-d2.-f0.d2.-f1.-r2.-f2.f1.f1.r0.-f2.-r0.-f2.d1.f2.f2.f0.-d2.f2.d2.-f0
144,-r2.d2.d1.f1.r0.d2.-f2.r2.-f0.-f0.-r0.d2.f2.f2.d1.-f2.-r0.-d0.f1.d0.-f1.-d0.-f1.d0.d0.r0
145,-d1.-f0.d0.f0.-r1.-d0.f1.d2.-f0.r2.r2.d0.f0.f1.-r2.f2.-d0.-r1.d1.d1.r1.-f1.-r0.f1.r0.f1.r2
146,-r1.d2.r1.r1.-r0.f2.-d2.d0.-f0.-f0.-d1.f0.-d0.-f0.d0.-f0.-d0.f0.d1.f1.r0.-f1.-r1.-f2.-f0.-d0
147,r2.-d0.-d0.-f0.r2.d2.d2.f0.f2.f2.r0.d0.-r0.f0.-f2.d2.d2.r2.r2.-d2.r2.r2.d2.d2.f2.f2.r2.r2.d2.d2.f2.f2.-d2.f2.r1.-f1.-r1.-f2.f1
148,d2.-r2.d2.f2.-d2.-r0.-f0.d2.d2.f0.-r2.d2.d2.-d0.r0.f2.-d2.-r0.-d0.-r2.-f0.-d0.r2.d0.d0.-r2.f0.r0
149,-d0.r0.-f0.r0.d0.-f0.d0.f2.r0.-f0.d2.r0.r2.d0.f2.f2.d2.f2.f2.r2.r2.d2.f2.f2.d2.-r0.-r0.r2.r2.-r1.-d1.-f1.d1.r1.f1
150,r0.f2.-r2.-d0.f0.-r0.f2.-r0.-d0.f2.f1.d1.-r1.-r0.-f1.d2.f2.f2.d1.f2.-r0.-d2.r1.d2.r0.-d2.-r1.f1
151,r2.-r1.-f1.-d0.r1.d2.-f0.r0.f2.f2.-d0.-f2.r0.d0.f0.r0.-f2.f0.d2.-f0.-d2.f2.-d0.-f0.-r0
152,-f1.f0.r1.-d0.r2.-r1.d1.-f0.-d2.f1.r1.f0.-r2.-f0.r1.f0.-r0.f0.-r2.d2.r2.-d2.r0.f0.d2.-r2.-d2.r2
153,-r2.d0.-f1.-r1.f0.-d2.d0.-f1.-d1.f0.d0.-r2.d0.d0.r2.-d2.-r2.d2.-d0.-f1.-d2.-r2.f1.r2.-d0
154,r0.d2.-d0.-f2.-d2.r0.r2.r2.-d0.-d0.-r0.d0.f0.r2.f0.-d2.-r0.-r0.r2.r2.d2.d2.f2.f2.-d2.-f0.-f0.f2.f2.-d2.-f0.-f0.f1.r1.-f1.d1.-r1.-d1
155,-f2.r0.d1.f0.-r1.-r0.-d0.r0.-d1.-d1.-r1.-f0.-r2.f2.f2.-f1.r0.-d2.-r1.-f2.-d0.f2.d0.-r2.d1.-f2.r1.f2.r2.d2.-r2
156,-d1.d0.r0.-d0.r0.r1.-r2.f2.d1.d1.-d0.r1.f0.-d0.-f0.d0.f2.-d1.-f2.r1.d2.r2.d2.-r1.-d2.-r2.d2.d2
157,d1.-r1.d0.-r0.f2.d1.r0.f0.-r1.d2.-f0.r2.f2.-f0.f2.r1.f0.f0.-r1.-f2.r1.f2.-d1.-f2.d2.-f1.-f0.-r1.f0
158,d0.-f2.r1.-d2.-r2.d1.-d0.-d0.r2.d0.-r0.-d0.r1.-d2.f2.-r2.d0.r2.-d0.-f0.r2.-f2.-r2.f1.r2.-f1.-r0.f1.-r2.-f1
159,-d2.-r0.-d2.f0.-d0.-f0.r2.d2.r0.-f0.d1.f0.-d0.r0.r0.d0.r0.f0.-r1.r0.r0.f2.-r1.f1.r1.d2.-r1.-f1.r1
160,d1.-f0.-r0.-d2.-f0.-r2.-d0.f0.f1.-f2.r0.f2.r2.-r1.d2.d0.d0.r1.d2.-r1.f1.d0.-f1.r1.-d2.-r1.d2.f1
161,-f1.d1.d1.r0.f0.r0.-r1.-d0.r0.d0.-r0.f2.r0.d0.-f0.-d0.r1.d0.-r2.-f0.-d0.-f0.r2.f2.f0.d0.f0.f0.-d0
162,f2.-r0.-d1.r2.-d0.-d0.f2.r0.f2.r2.r2.d2.f0.-r0.d0.-r0.d0.r2.r2.-d2.-d0.f2.f2.d2.-r0.-r0.r2.r2.-d1.d2.-f1.d1.f1.d2.-r1.f1.r1.-f1
163,d0.f0.r0.d1.-r2.-d0.-f0.r2.f2.-r2.d2.-r0.f2.-r2.-d0.-f2.d0.-f0.-d2.d1.-r0.d2.-r0.d0.r0.-d1.-r0.-d0.r0
164,d0.-r1.-f0.r2.-d1.-f0.d0.-r0.f2.d0.f0.-d1.-r0.d2.f2.d0.-r1.-d2.-r1.d2.r1.r1.r0.d0.-r0.d0.-r0.-d0.r1.d0.r0.-d0
165,d1.r1.f2.-d2.f1.r0.-d0.r2.f2.d1.r0.f0.r0.d2.-r0.d2.-f0.d1.f1.f0.r0.r0.d2.r2.-d2.r0.r0.d2.-r2
166,r2.f0.d2.-f1.r0.d0.d0.f0.d1.d0.-r2.-r0.f0.-r2.-f2.r2.f0.-r2.d0.-f2.-d0.f2.f2.r2.-d2.f0
167,f2.r2.f1.r1.r1.d2.-r2.f2.f2.r0.d0.-r0.r2.r2.-f2.-d2.d0.f0.-d2.-f0.-f0.r2.r2.-d0.f2.f2.-d0.-d0.-f0.-f0.f2.f2.-d2.-d2.r1.d2.d0.-f1.-d0.-r1.-f1.r1.f1
168,-d1.-f1.d2.-f0.-r1.d1.f2.f2.d0.d0.-r0.d2.d1.-f0.-d1.r1.-d0.-r0.f2.-r2.d2.r0.-d2.r2
169,r0.-f2.f1.r1.r1.d2.r0.d0.-r2.-f2.d2.r2.d0.f2.r2.f2.-r2.-d2.-r0.-r0.d2.d2.-d0.f2.f2.d0.-r0.-r0.-d2.-r2.-f1.r1.f1.r2.-r1.f0.d1.-r1.-d1.r1.-f0
170,r1.f0.-r0.-d2.-f2.-d0.-f2.-r1.-d2.-r2.-r2.f0.-d0.-f0.-r2.-d2.-r0.d2.-r2.-d2.-r1.f1.-r2.f2.r2.-f1.-r2.-f2
171,-r0.-f1.r1.d1.r1.-d2.d1.f2.-r0.-d0.f0.-d0.-r2.r0.-d0.-r2.-d0.f2.-r0.f0.f0.r0.-f2.-r2.-f0
172,-r2.d1.-r2.r1.-d0.f1.f0.-d0.-r0.-d1.d2.f2.r0.d0.d0.r0.-d0.f2.-d0.-f2.-r0.-f2.d1.d0
173,-r1.f2.-r0.-f2.-r1.-d0.f0.r2.-r0.-d2.r2.-f2.r1.r0.-f2.r0.-f0.-d0.-f2.f0.-r2.-f2.d1.d1.-f2.-d2.f2.-d1.-f2.d2.f2
174,-f2.d2.r1.f0.d2.f2.d2.d2.r1.f2.-r1.-d0.-r0.r1.-f2.f1.f0.-r0.-d2.d0.-r0.d2.-r1.-f0.r0.f0.r1.r0
175,-f1.-d2.r2.f2.r1.f2.-d0.r1.d1.-d0.-r2.-r0.f1.-r1.-f1.-d2.-f0.-r2.-f0.-f0.r2.d0.f2.r2.-f2.-d0.-r2.f1.r2
176,-d0.-r1.-d2.-f0.d0.-f2.r1.-f1.-d1.d0.f1.-d0.r0.f0.-r0.f0.-r0.d2.r1.d0.-r0.-d2.-r2.d2.-r1.-f0.r2.r0
177,-f0.r2.r2.-f1.r2.f0.-d1.f1.r0.d0.f0.d2.-f0.d0.-f1.-f2.d0.f2.-r1.d0.d0.-f0.d0.f0.d0.r1.r0.-d0.-r0.d0.f0
178,r0.d1.-r2.d0.-f0.r0.-f1.d1.f1.r1.d1.d0.-r2.d2.-r0.-f0.r0.d0.f0.-d0.r0.-f2.-r0.d0.-f2.d1.f2.-d0.-r0.f1.r1.-f1.r0.f1.-r1.-f1
179,-f0.-d2.-f0.-r2.f2.-r2.-f0.-d2.r2.f2.-f0.-f1.-d1.-f2.d1.r2.d0.f0.-d0.-f0.-r2.-f1.d0.-f1.-d0.f1.r0.f1.r0
180,d0.-f1.-r1.-d2.r0.f2.r2.-r0.f2.r2.r2.d2.-r1.-d1.r1.f1.r0.f1.-r2.-f1.-r0.-f0.-r0.f1.r0.f0.-r0.-f1
181,-d0.-r2.r1.-d1.r2.d2.-f0.d2.-r2.d2.-f0.-r0.-f2.f0.-d1.f2.d2.r2.r2.f2.-d0.-f2.d0.-f2.r2.r2.-d2
182,-r2.-f0.-r2.f2.-f0.-r1.d2.f2.d0.f1.-d1.-r1.-d0.r2.r1.d0.r2.-d1.f2.r2.-f2.r0.-d0.-r1.d0.-r0.-d0.r1.d1.d0
183,r0.d0.r1.-d2.-r1.r2.d2.d2.f1.-d0.r2.f0.d0.r2.f0.-d2.-f0.-d1.f0.d2.f2.d1.-f0.-d1.-f2.d1.d0
184,-r0.f1.-r0.d2.-f2.d2.-d0.-d0.r2.f0.-f2.-r2.-d2.-d0.-d0.-f0.-f0.-d2.d0.r2.r2.f2.f2.r2.r2.-f0.-f0.-d2.-r0.f1.d1.-f1.-d1.r0.d1.f1.-d1.-f1
185,-d0.r0.-d2.r2.-d0.-f2.-r0.-r0.-f1.f0.r2.-f1.r2.r0.-f0.-r0.-f1.r0.-f1.f0.-d0.f1.d0.r1.f0.r0.-f0.-r1.f0
186,-d1.f0.-r2.-d1.f2.-f0.d2.r2.r1.d0.f1.-d1.f2.-d0.-r0.-d2.-f0.-d1.f1.-d2.f1.d2.-f1.d1.-d0.-d0.f1.-d2.-f1.-d1.d0.f2.d1.f1.-d1.-f2.d1.-f1
187,-f0.-r0.f2.f2.d0.r2.-r0.f2.-f0.d0.f0.d0.d0.f1.d0.r1.-f1.-r1.f2.f2.-r1.f2.f0.d0.-r0.d1.r0.-d1.-d0
188,r2.-f2.r2.-d2.f1.-f0.-d2.-r2.f1.-r1.f0.r1.f0.r1.r0.d0.f1.-d0.f1.-d2.f1.-d2.-r2.d1.r2.d2.-r2.-d1
189,d0.f1.-r0.-f0.-r2.-f2.-d2.f1.-d2.r0.d2.-r0.-d1.r0.r0.-d2.f0.f1.d2.d0.r1.d2.r1.f0.d1.-f0.-d1.-r1.d1
190,d2.d1.-r2.r1.d1.r1.d1.-f2.r2.-r0.-f0.r1.-d2.-r2.-f2.r2.d2.-f2.f0.r0.f2.-r0.-f0.r0.d2.-r1.-d2.r0.d2.r1.-d2.-r0
191,-d2.-f0.-r2.f0.d2.f2.-r2.f1.-d1.-f1.-r0.f0.r2.-f0.-r0.-f2.d2.f1.-d2.f2.-r0.d2.-r2.-d1.-f2.d1.-f1.-d1.f2.d1.f1
192,r2.r2.-d2.-r0.-r0.f2.d0.f1.d0.-r0.-f1.r1.-f2.r1.d1.-r1.f2.-d2.-f2.-r1.d1.f0.r1.-f0.-r1.-d1.r1.f0.-r1.-f0
193,-d0.-f2.r2.-f2.d2.r1.f0.d0.f0.-r2.f0.d0.d0.-f1.d1.-f0.d0.-f2.-f1.-d1.f1.-d2.-f1.-d0.f1.d2.r1.d2.-r1.-d2.-f1
194,-r0.d2.r2.f2.r2.-r0.d2.f2.-f1.-r0.d2.d0.-r0.-d0.-f0.d0.r1.r0.f2.-r1.d2.f1.-d2.f0.r1.-f0
195,d1.f2.f2.-r2.-d0.-r0.f0.-d0.-f2.-r2.f2.r0.d0.-r2.-d0.f2.-r0.f2.r0.-d2.-f0.r1.-f0.-r1.f0.d2.-f1
196,-r0.-f0.-r1.-f1.d1.-f1.-d2.-f0.f2.-d0.-f0.-d0.f1.-d1.r0.-f1.d2.d1.-r2.-r1.r0.-d0.-r0.f0.-d2.r0
197,r2.-r0.-f2.f0.d0.-f2.f0.d2.f2.-d0.-f2.d2.f2.-d2.d0.-f0.-d1.f0.d0.-f2.-r2.-d0.r2.f2.-f0
198,f2.-d1.f2.r2.f1.r0.d1.f0.f0.d0.d0.r2.r2.-d2.f0.r2.-d0.-f0.r0.d0.-r0.d2.-r1.-d2.f0.-r2.-f2.d2
199,r2.r2.f2.r0.d0.f0.-f2.-f1.-d1.r0.f0.-r0.d0.d0.-f1.-r2.d2.d1.f2.-r1.-d0.-r0.-d0.-r0.f1.r0.-f1.d0.-r0
200,d0.r0.d2.d2.-r0.-d2.f2.-r2.d2.r2.r2.-d0.f2.-d0.f0.-r2.-d2.-f0.-f0.-d0.-r0.-r0.d2.-d0.-d0.-r0.-r0.-f0.-f0.-d0.-r0.-r0.-r1.-f1.d1.f1.-d1.r1
201,-d0.r2.d2.-f1.-d1.-f1.-d0.f0.r0.d0.-f0.d0.f2.-d2.r0.-d2.-f1.-f0.d2.f1.-d2.-f2.r0.-d0.r2.r1.d2.-r2.-f2.-r1.f1.r1.f2.-r1.-f1
202,f2.r2.-f2.-r0.-f0.d0.-f2.-r0.f2.-r1.f1.r2.d2.-f1.-d2.r0.-d0.-f1.-r0.d2.f1.d1.-r1.-f1
203,-d1.d2.f2.r2.d2.r2.-d0.r0.-d0.-r0.-d0.-f0.-r2.-f0.-f0.d2.d2.-f0.-f0.f2.f2.r2.r2.d2.-f0.-f0.-d0.-d0.-r0.-r0.-d0.r2.f1.d1.-f1.-d1.-r2.d1.f1.-d1.-f1
204,-r0.-d0.-r0.-f0.-d2.r1.-f0.r0.-d2.-f2.d2.f2.-r2.d2.-r2.-d2.r2.f0.f0.-d0.-r2.f2.r0.-f2.r2.f2.-r0.-d0.-f2.f1
205,-d0.-f2.-r0.-f2.-r1.-d2.-r1.-d2.f1.r0.d0.-r0.-f0.-d1.-f1.f0.d2.-f2.-r1.-d0.r1.-r0.-f1.r0.f0.-r0.f1.r0.-f0
206,f0.-d0.f0.-d0.r0.-d2.-f1.r2.-r1.-d0.-r2.-d2.-d0.r0.-f2.-r0.-d1.d0.f2.-f1.-r2.f1.r2.-f2.d1.r0.-f2.-r0
207,r1.f2.-r2.-f1.f0.d2.r0.f0.-f2.d0.r0.-d2.-f2.r2.-r1.-f2.d0.r2.d1.-r2.d2.-r0.f2.-f1.r2.f1.-r2.-f2.r2.-f1.-r2
208,-d2.-f1.d2.-d1.r0.-f0.-r2.r1.d2.f0.-f1.d2.f2.-d2.-d0.r2.d0.-f2.-r2.d0.-r2.-d0.f2.f1.-d0.r0.d0.-r0.-f1.r0
209,r2.-f0.r0.-f2.d2.-r1.-d0.r0.-f0.-r0.-f1.r0.-d1.r2.d1.-r0.-d1.-r0.-f2.-r2.d1.d1.r2.f2.-r2.d2.-d1
210,-r2.f0.d0.r2.-r1.f2.d2.-r1.-r0.f2.r0.f2.-f0.r2.-f0.-r2.f1.r2.-f0.d2.-f2.-r0.f2.-d2.-f2.r0.f2.-f1
211,d2.f2.-f1.-d0.r2.-f0.r0.r0.d0.d1.-f0.-r0.-f1.f0.d0.-r2.-r1.-f0.-r2.-r1.d0.r1.-f0.d0.-r1.-d0.r1.f0.r1
212,-f1.d0.-r2.-f0.r0.-d1.-r2.d2.r0.-d2.-r0.f2.r2.-r0.-d1.r0.d2.-r0.d2.-f2.d1.-f1.r0.f1.-d1.f2
213,d2.r2.-f2.-r2.f0.r2.r0.-f0.-d0.r0.r0.f0.d0.f2.-d1.-f2.d2.f1.r2.d2.r2.-d2.-r2.f1.f1
214,-d1.-r2.-f0.-r0.d1.f0.r2.f0.-d2.-f0.-r1.-r0.d2.-d1.-f1.d1.d0.r0.r0.f0.r0.-f0.r1.-d0.-r0.-r1.d2.-r0.-d2.r1
215,-r0.-d0.r2.d2.-f2.-r1.-f1.-d0.-d0.-f1.-f1.-f0.-d0.-r0.f1.f1.-f0.r0.f0.r2.-f0.d0.f0.-r1.d1.d1.r1
216,-r2.d2.d2.-f0.d2.-d0.-r0.-f2.r2.-d2.r0.-r2.-d2.f0.d2.d2.-r0.-r0.d0.-r0.-r0.-f0.-f0.-d2.-f0.-f0.-r0.-r0.d2.d2.-f0.-f0.r2.f1.-r1.-f1.-r2.r1
217,r0.d2.d2.r0.f0.r1.-d2.-r0.-d1.-f2.-d0.f0.-r1.d0.r1.f0.-d1.f0.r1.-f0.d1.-f0.-r2.-d1.r2.r0.-f1
218,-r2.d0.r0.-f0.r2.f1.-r0.-d2.r0.d2.-r2.f1.d0.f2.-r0.f0.-d1.r0.d1.f0.f0.-d0.r0.d0.f0.-r0.-f0.-r2
219,r1.-d0.f1.d2.d2.f1.f0.f1.-r0.-d1.f0.-d2.d1.-r2.f0.-r2.r1.-d0.-r1.-r1.d0.r0.-d0.r1.-f0
220,-r0.-f1.-d0.f2.-d1.d0.-f0.-r2.d2.d2.-f0.-d2.-r0.-f2.-r1.-r2.f2.-r0.f0.f0.d2.-f0.-d2.-f2.r0.f1
221,f0.f0.r0.r2.-d0.-d0.f2.r2.-f2.r0.f0.-r0.-r0.-f2.r2.r2.d2.-r0.-r0.r2.r2.-d0.-r0.-r0.d2.-d0.-d0.r1.-r2.d1.-r1.-d1.r2.-r1.f1.r1.-f1
222,-r1.-f2.d0.-r1.r0.-d1.f1.-r1.d2.-r2.-d0.r2.d2.d2.-r2.r1.f2.d2.f2.-r0.-d2.r0.f2.f2.r2.-f0
223,d2.-r2.f2.-d2.f2.-r1.-f1.-d1.-r1.-f0.r0.d1.r2.d0.-r0.-d0.f0.f0.d2.f2.-f0.-d1.-f2.d1.f0
224,-f2.f0.-r0.-d2.-r2.r0.d2.-r2.-d1.-r2.-f2.d0.f2.r2.r0.-d2.-f2.d0.-f0.r1.-d0.-r1.f2.r1.d0.-r1
225,f0.d2.-r0.f1.r2.-f2.f1.-r2.-f1.-d2.d1.d0.-f2.d0.f2.-f0.d2.d2.f0.d0.f0.-d2.-d0.-r0.f2
226,d2.f2.d1.-f1.-r1.d1.r0.-f0.r2.f0.r0.-f0.d2.-r1.-f1.-r0.f1.-r2.r0.r1.-f1.-r1.f1.-f0.f1.d1.-f2.-d1.f2.-f1
227,d1.-f1.-r0.f0.-d0.r0.r1.-d0.r0.f1.d0.-d1.f0.-d2.d0.r2.f2.-d2.-f2.d0.-r0.f2.d2.r0.-f2
228,f1.f1.d1.d2.-f0.f2.f2.r2.r2.f0.r2.f0.-f2.-d2.-f2.d2.r2.r2.-d0.-r0.-r0.-d2.-f0.-f0.-d0.-d0.-f0.-f0.-d0.-d0.r2.r2.f0.f1.-r1.-f1.r1.-f0.d1.r1.-d1.-r1
229,f2.d2.-f1.d1.f0.r2.d2.-f2.-r0.f1.-r2.-r2.d0.r1.-f1.r2.d2.-r2.-d0.-d2.-r2.d0.-f2.d2.f2.r2.f1.-r2.f2
230,r1.-r0.-d1.-r1.-d1.-r2.r0.f2.r2.r2.-d1.f2.-r2.d0.f2.f2.-d2.f2.f2.d2.-d0.r2.-d2.r2.f2.-r2
231,-f2.f1.-d0.-f2.r0.d2.d2.-f0.f2.-r2.-f1.f0.d0.-r2.-d0.f2.f2.d1.d1.f0.d1.-f0.-d1.-f2.-f0
232,f0.d1.f1.d1.f0.-d2.-r1.-f1.-d2.r2.f1.-d0.-r2.d0.f2.f0.-r0.d0.r0.d0.d0.f2.d0.-f0.-d0.-d0.r2.-f2.-d2.r2.d2.f2
233,-r2.-f1.-r0.f2.r2.f1.d0.-f2.-r0.d0.-f2.f1.-r2.d2.f0.f0.-d2.r2.r2.-f2.-d1.r1.-f0.-r1.-d1.r1.f0.-r1.d1
234,r2.-f0.d1.-d0.-d0.-f0.r2.d0.r2.r2.f2.f2.r2.d2.-r2.f0.-r0.-r0.-d0.-d0.-f0.-f0.d0.r2.r2.d2.d2.r2.r2.d0.r2.f1.d1.-f1.-d1.r2.d1.f1.-d1.-f1
235,-d2.-r2.d0.-f0.-r2.-f2.-r0.d2.-r0.r1.f2.-d2.d1.-f2.-d1.r1.d1.-r0.d0.-f1.-d0.-f0.-d2.-d0.-f0.d0.f0
236,-d2.r2.d1.f2.f2.-f1.r0.f0.r2.f0.r0.d0.-r2.f0.d0.-r1.-d0.-r1.r0.d0.-r1.-d0.r1.-f1.r2.f1.r1.-f1.-r2.f1
237,d0.-r2.-f0.-d1.f1.-d2.-f0.-r0.-d2.r2.-f2.f1.f0.r2.-d0.-f2.-d1.f2.d1.-f1.f0.r1.f1.f0.d1.f0.f0
238,-f2.r1.f0.d0.-r2.d1.f2.d1.-f0.f2.-d0.f0.d0.-f0.r1.f2.f2.r0.d1.f2.-d1.-f2.-d1.f2.r2.-f2
239,d2.-f1.f0.-d0.f0.-r0.d1.-d0.-r2.-f0.-d0.-f0.-d2.-f1.d0.-r2.-f1.r2.f1.-d2.f2.-d0.-f2.d2.d0.f2.d2.-f2.-d0.f2.-d2
240,-d2.-r0.f0.-r0.-f2.d1.r1.-d0.-r1.-f1.r1.d2.r1.f2.-f1.r1.d0.r1.-d0.-r1.d0.-f0.-d0.-f1.d1.f1.-d0.-f1.-d1.f1
241,f0.r2.-f1.d0.r0.-d0.-f1.-r2.-r1.-d0.f0.d0.f2.-f0.-d0.-f2.r2.-d0.f0.-d2.f2.-r0.f1.-r1.-f1.r0.-f2
242,-r2.f1.r2.d0.-f0.d2.-f1.f0.d1.-f2.-d1.d0.d2.r2.-d0.-f1.-r2.-f0.d2.-r0.d2.f0.-d2.-r1.-f2.-r0.f2.-r2.r1.r0
243,f1.-r2.-d2.f1.r0.-d0.-r2.d1.f1.r0.d0.-r2.-f2.-r1.-f1.r0.r0.f1.f0.r1.f2.-r1.-f2.-d2.-f0.d1.f0
244,-f2.-d2.-f2.-r2.d0.r0.d2.-r0.-d1.-f1.d2.-r2.-f1.r2.r0.-d0.r1.-d2.f0.d1.-f0.d0.r1.-d0.f0.d0
245,r1.r1.d2.-f1.-d1.r2.f1.r2.r0.d2.r0.r0.d2.f2.d2.-f2.r0.d1.r2.-d0.f0.r1.-f0.-r2.f0.-r1.f1
246,-f0.-d0.f0.f0.-d0.-r2.-f0.-r0.-f1.r2.d2.f1.-r0.-d0.r2.-d2.-r2.-d0.-f1.-d1.d0.d0.f0.d1.-f1.-d1.-f0.d1.-f1.-r0
247,-d2.f2.d1.-f2.-d0.-r0.-f0.r1.f2.-r1.f1.-d1.-f1.r0.-d0.r0.-d1.-r1.d1.-r0.-f0.r0.r0.f0.r0.-f0.r0.r0.-f2.-r0.f0.r0.f2
248,r2.r2.f0.r1.-d2.-r1.-f1.-r1.f1.-r2.r0.-d2.r2.-f1.-f0.-d0.-r2.d0.r2.d2.-d1.-f0.d2.f0.-r2.d2.f2.r2.-f2.d2
249,r0.f0.-d0.-r2.f2.-r0.-r0.-d0.-d0.-r2.d0.r0.-r2.f0.r2.d0.f2.f2.-d2.f2.f2.d2.d2.f2.f2.r2.r2.-d2.f2.f2.-d2.r1.-f1.-f1.-r1.-f1.-f1
250,-r0.f1.-f0.d2.-f0.-r1.d0.d0.r0.d1.r0.-f1.r0.-f0.r0.r0.f0.-d2.-r0.d2.-f1.-f0.d1.r1.d2.-r1.-d1.r1
251,-r2.d2.-f1.d0.f0.-d0.-d0.f2.f2.r2.d2.-d0.-d0.-f0.-d2.r0.-d2.-f0.-f0.-d2.-r0.-r0.-d2.-r0.-r0.-f0.-f0.-d0.-f0.-f0.-d0.-f2.d1.f1.-d1.f2.-f1.-r1.-f1.r1.f1
252,f2.-d0.r2.-d0.-d0.r2.r2.f0.d0.-f0.-f0.-r0.-r0.d0.r2.d2.-f0.r2.r2.-d0.-d0.-r0.-r0.d0.r2.r2.f2.f2.d0.r2.r2.-d0.-r0.-r0.f1.-r1.-f1.r1
253,d1.f2.-r0.-f0.d0.f2.d2.-f2.d0.f1.d2.f1.-d0.-f1.d0.-f1.-r0.-d0.-f0.d0.-f1.d0.-r0.f1.-r1.-f0.r1.-f1.r0
254,d2.-f2.d2.r0.d2.r1.-d2.r0.-d2.-r1.-d0.f2.r2.f0.-r2.-r0.f2.r0.-f0.-r0.f2.r0.-f2.-d0.f2.f2
255,d2.r1.f1.-r2.-d0.-f0.d2.r1.d2.-r0.-d2.f0.r0.-f0.-d1.-r0.-f0.-r0.f0.-r0.-d2.-r0.d1.r0.-d1.-d0.f2.d0.-r0
256,-f2.f0.-d1.-f1.d0.f2.-r0.f2.-d2.-r1.r2.d2.-d0.r0.-d2.d0.-f1.d1.f2.r2.d2.-r2.-d2.-d0.-f2.-d1.-f0.-d2.f0.d1
257,-f1.d1.f2.d2.-r2.f0.f1.f0.d2.r1.r1.f1.d2.r0.r0.-f2.r0.r0.-d2.r0.-f2.-f1.-d2.f1.r0.f0.-r0.-f1.-f0.d2.d0
258,d0.d0.f1.f1.r1.d2.-r2.f0.-d0.-r0.-d0.f2.d2.d2.-d0.r0.f0.d2.r2.r2.-d0.-r0.-r0.-f0.-f0.-d0.-d0.-r0.-r0.d2.r2.d1.f1.-d1.-f1.-r2.-r1.-f1.r1.f1
259,d2.-r2.-d2.r1.-r0.-d2.-f1.-d2.f0.-r2.f2.d2.r2.-f1.-r2.f0.-d2.r2.d2.f2.-f1.-d0.-f0.d0.f1
260,d0.d0.f2.-f1.d0.r0.r0.f1.f1.d1.f2.-r1.-r1.-f1.d0.f1.-d0.-d0.r0.d1.-r0.d0.r2.-f0.r0.-d1
261,-d1.r0.d0.-r0.f2.-d1.r1.f2.f1.-d2.f2.d2.d2.f1.-d1.f1.-r2.-f1.-r2.d1.-f1.-d2.-r2.d2.r2.d2.r2.d2.-r2
262,r2.-f0.d0.r0.-f0.-d2.-f2.d2.-f0.r2.r2.f2.-r0.d1.f2.d2.-d1.r0.f0.d0.-r1.-d0.r1.-d0.-f2.-f0
263,f2.f2.f1.f1.-d1.-d0.-f0.-f0.-d2.-r0.r1.-f0.-r1.-f0.r0.r2.r2.-d0.r2.r2.d2.f2.f2.r2.r2.d0.r2.r2.d2.f0.f1.r1.-f1.-r1.-f0.r1.f1.-r1.-f1
264,f0.r1.f0.r2.-f0.d2.-r2.-f2.r0.f2.d2.r2.f2.-d0.-d0.f2.f2.r2.r2.-f0.-f0.d2.-r0.-r0.-d2.d0.-f0.-f0.d0.-r1.-d1.r1.-d0.d1.r1.f1.-r1.-f1
265,f0.-d0.f1.r2.d1.-f0.r2.f0.-d2.-f0.-d0.-f1.-r0.d0.r2.f0.r2.f2.-d0.-f2.-d0.r2.r2.f0.f0.-r0.-f0
266,-d2.-f2.d2.r0.r0.-f1.r1.-f1.f0.d2.f0.d1.f0.-d0.-f0.r0.-d1.-r0.d0.-r0.-d0.-r0.-f1.r0.f2.-r0.f1.r0
267,-r2.-d2.-r0.-r0.-f2.r0.-f0.-d0.-r0.-d2.-f0.r2.-f0.-r0.f2.f2.d0.r2.r2.-d0.-d0.-r0.-r0.-d0.-f0.-f0.d0.-r0.-r0.f2.f2.-f1.r1.-d1.-r1.f1.d1
268,d2.-r1.-f2.-d2.d0.-r2.f0.f0.-r2.-d2.r2.d2.-r1.-r1.d0.d1.r2.r0.-f0.-d0.f2.-f1.d1.f1
269,f0.f0.d1.r0.-r2.-d0.-d0.-f0.-r0.-f0.-f0.-r0.-r0.-f2.d2.-r0.-f0.-f0.r2.r2.-d0.-f0.-f0.d0.r2.r2.d2.-d0.-d0.f2.-r1.d1.r1.-d1.-f2.f1.-d1.-f1.d1
270,-r2.d2.-f0.-d1.-f0.d0.f1.-r0.d0.f0.r1.r0.d2.-r0.-r0.-d2.r2.-r0.f2.d1.f0.-d2.-f1.d1.f1.d2.-d1.-f0
271,-f0.r2.d2.f2.d2.-f1.r0.-d2.r1.d2.-f2.-d0.r0.d1.-f1.d1.f1.-d1.-r2.d1.r2.f1.-d1
272,-r0.-f1.-r2.f1.-r2.f2.-r2.-f1.d0.r2.d0.-r0.d0.r0.-d0.r0.-f2.-d1.-f1.-d2.-f1.r1.f1.-r1.d1.f1
273,r0.f0.r0.-f0.d0.f1.-f0.-d1.-r2.-d0.f1.r1.-d0.f1.d2.-d0.r1.-d1.d0.f1.r1.-d1.-f1.d1.f2.-d0.r2.d0.-r1.-d0.-r2.d0.r1
274,-d2.-f0.r2.-d2.r2.d0.-f1.d0.-r1.-r0.f2.r0.-d0.-r0.-f2.-d1.d0.-r0.-f2.r0.-d0.-r0.-f0.d0.f2.f0
275,-f1.-r2.-d2.r0.f1.-r1.-r0.-f0.-r0.-d0.-f2.d0.-f2.d0.-r0.-f2.-d2.f2.-r2.-d0.r2.d2.-r2.d0.r2.r0.f0
276,-f1.r1.d1.-r2.r0.f2.-f0.-d2.d0.f2.d2.r0.d2.-f2.d2.-r2.r0.f0.-r0.-f1.r0.-f2.-r0.f1.-r0.d1.r0.-d1.r0.f2
277,f0.-f2.f1.r1.r1.-d0.r2.-d2.-r0.d0.r0.f0.f2.f2.d0.r0.d2.d2.r2.r2.-d0.-f0.-f0.d2.d2.-r0.-r0.d0.-f0.-f0.d2.-r2.-f1.r1.f1.r2.-r1.f0.f1.-d1.-f1.d1.-f0
278,d1.-r2.f0.-r0.d2.f1.-d1.-r2.-f2.-r0.f2.-r1.-f2.r1.-d1.r2.d2.-r2.-d2.-f2.d2.d0.r0.d1.-r2.-r0
279,-f2.f1.-r0.d2.-f0.r1.-d1.-r1.-f0.-d0.f0.d2.-r1.f0.-d1.-f2.-d1.-f0.d0.-f0.d1.-r2.-f1.r2.f1
280,f1.d2.-r1.-d2.d0.-f2.-r0.d2.-r2.-d2.d0.f2.f0.-d2.-d1.f0.d0.f0.r0.-d1.-d0.f2.r0.r0.-d1.f2.d1.-f2.d1.r0
281,-f2.d1.f0.r2.-f2.r2.r1.d2.f0.-d1.d0.f0.r1.r1.f2.r0.d1.f2.-d2.-d0.-r2.f1.f1.-d2.f2.d2.f1.-d2.-f2
282,f0.d0.r2.-f1.f0.-r1.d0.r1.-d2.r2.d2.-r2.-d0.r2.-d0.-r2.-r0.f0.r0.r0.-d1.-f0.d1.r1.f2.-r1.f0.-r1.f0.r1.-f0.r1
283,-d0.r2.d1.r2.-d0.-f1.f0.-r1.d1.f2.-f1.-d0.f1.r0.f2.r1.f2.-r1.d0.f2.-d0.-f2.-r2.d0.r2.-d0.-f2.d0.d0
284,-r2.-f2.-r2.-d0.-f2.d2.r0.d0.f0.d2.f2.-d1.d0.r1.-f2.-r1.f2.-r1.-r0.d2.-d0.-f2.-d2.f2.-d2.d0
285,f0.r1.r1.-f1.d0.-r2.-f2.-f0.-d0.-r2.-d2.r1.d0.-f0.-d0.f0.r2.-f2.r0.f2.d0.-f2.-r0.f2.-f0
286,d2.r2.f1.d2.r0.-d0.f2.-r2.-f0.d0.-f2.r2.-d2.f2.r2.-f2.f1.-r2.f1.f2.-d0.f1.-f0.r0.f1.f0
287,-r2.r1.d2.-r1.f0.-r0.-d2.r0.d0.-r1.-d0.-d1.-r2.d2.f0.-r0.-f0.-r2.-f0.r2.-f1.r0.f1.-d2.r1.d0.-r1
288,f1.d1.d1.f2.f2.-d2.d0.f0.d2.d2.f2.d2.d2.-r0.d0.-f0.-f0.r2.-d2.r2.r2.-d0.r2.r2.d2.-f0.-f0.-d2.r0.r1.d1.-r1.-d1.-r0.f0.-f1.-d1.f1.d1.-f0
289,d0.r1.-r0.d0.-r2.-f2.d2.-f0.d0.r1.f0.r1.-f2.-d0.-r1.f2.f2.r2.-f0.-d0.f0.-r2.f2.f2.r1.-f2.-f0
290,-d0.-r1.-f0.d0.-f2.f0.d0.d0.r2.f1.r2.f2.-d1.-f2.r2.f2.r0.d1.-r0.d0.-f1.d2.-f2.f1.-d0.-f1.-d2.f1
291,f0.-r1.-d1.r2.-d0.-d1.f2.r1.f2.-f1.-d0.f0.r2.r0.r2.d2.-r2.-d2.-r2.f2.-r0.f1.r0.-f2.-f0
292,r1.-d0.r0.d0.r0.f1.-r1.-d2.-f1.-d2.-r0.-d2.r0.d0.f2.-d2.r0.d2.-f2.-d2.f0.-r2.-d1.-r1.-r0.-f0.-r2.f1.r2.f0
293,f0.-r0.-r0.f0.-f2.-r0.r2.r2.-f2.d0.r2.d2.d2.f2.f2.r2.d2.d0.-r0.-r0.r2.r2.d2.f2.f2.d0.-r0.-r0.d0.f2.f2.d0.-r1.-d1.r1.-d0.d1.r1.-d1.-r1.d1
294,-r0.-f2.-d2.-r1.-f2.-d0.-r1.-f0.r0.f0.-r2.f0.d2.r2.d1.f0.-r2.-r1.-f0.-d1.r0.d0.-r0.d2.d1.-f0.-d0.-f0
295,-f2.d2.f1.-d0.-f2.r2.f2.-f0.r0.f0.-r2.-f2.d0.r0.-f1.-r0.-f1.r0.f1.f1.r2.-f1.-r2.-f1.r2.r2.-r0
296,-r0.-d2.d1.-f2.-d2.-r1.-r0.f0.-r1.f1.-d0.r1.-f1.r1.r0.f1.-r0.d2.-d0.-r0.d2.-r0.-d2.r0.d0.-f2
297,-r0.d2.r2.f2.d0.-r0.-r0.f0.-r0.-r0.-f2.-d2.-f0.-r2.-d0.f2.f2.d2.-f0.-f0.r2.r2.-f0.-f0.-d0.-f0.-f0.-d0.-d0.-r0.-r0.f1.-f2.r1.-f1.-r1.f2.-d1.f1.d1.-f1
298,r2.r2.-d0.-r1.d2.f0.-d2.r2.-d0.-r2.f1.d1.f2.d2.-f2.-r0.d1.r0.-d2.r1.-f0.r1.f0.d2.-f0.-r1
299,-f0.-r1.d2.-f1.-d1.f0.d2.r0.-d0.-d1.-r0.d0.r0.r0.d0.f0.-d0.r1.r1.f0.-r1.-d0.r1.d2.f1.d0.-f1.-d2.-f0
300,r2.-d1.-r1.-f1.d0.f0.-d2.f2.f0.r2.-d2.r0.-d1.r2.-r0.d2.f2.-d0.-r0.-f0.r0.d0
301,r1.f0.d2.-r1.-d1.r2.-r0.-f0.d0.d0.f2.f0.d2.-f2.-d2.f1.-r0.-d2.-r0.d0.d2.f0.-d0.-r0.-d1.-r0.d1.r0.f1
302,-d1.-f2.-r0.f1.-d0.-f1.-d1.r0.d0.r0.-f0.-f1.d0.d0.-r1.-f2.-f0.-d0.-d2.r2.-d0.-r2.r0.f0.-r0.d2
303,d2.-f2.-d2.-r1.d1.-r2.f0.-d1.-f0.d1.r1.-r0.d2.-f2.-d1.f2.d1.-f2.-d0.r2.d0.r0.-d0.f2.-r2
304,r0.d2.-r1.d2.-r2.d0.-r0.-f0.r0.d0.f1.r0.-f2.f0.-r2.r0.d0.-r1.-f2.r1.f2.-d0.r2.-d2
305,-r2.f2.d2.-d0.-f0.d0.f0.d2.d2.r0.f2.-d0.-d0.-f2.-d2.f2.f2.-r0.-r0.r2.r2.d2.r2.r2.d2.-f0.-f0.r2.r2.-f1.d1.f1.-d1
306,d1.r0.-f2.d1.-r0.d0.r0.-f1.r0.-d2.f1.-f2.r2.f2.d2.-r0.d0.-f1.-d0.r1.r0.d1.-f2.-d2.r1.r1.-f1.r1.r1.f1
307,-f2.r2.d2.d2.r2.-r1.-f2.-d1.r0.f1.f1.r0.-d0.f0.d1.-f0.-r2.d2.r2.f2.-r0.f0.r0.-f2.d0.f0.-d1.-d0.f2
308,-r2.f2.f1.r1.r1.r0.-f0.d2.d2.d0.f2.-r0.-r0.-d0.f2.-r0.-d0.-r0.-r0.-d2.-f0.-f0.-d2.-d0.-d0.-r0.-r0.f2.f2.-d1.-f1.d1.f1.-d0.f0.d1.r1.-d1.-r1.-f0
309,r2.r2.f0.f0.r0.-r1.d2.-d1.-f2.r2.r1.-d1.r2.-f0.-f2.-r1.d1.-r0.-f0.-f0.r0.f1.f1.r1.-r0.-f1.-r1
310,-d0.f1.-r2.d2.-f2.d1.f0.r2.r1.-d1.r2.d2.r0.-f2.f1.-d2.-f2.r2.f2.-r2.-f1.r2.f1.-r2.-d2.f0.d2.r2
311,-r1.-d0.r0.-d0.-f1.d1.-r2.r0.d1.d1.f0.d2.f2.-f0.-d2.f0.d2.-f2.f0.f0.d2.r1.f0.-r1.-d2.f0.-r0.d2.r2.-d2.r0.d2.r2
312,f2.-d0.f1.f1.-r1.d2.-f0.r2.-f0.d0.f2.d2.-r0.f2.f2.r2.r2.d2.-f0.-f0.d2.r2.r2.d2.-d0.-d0.f2.f2.-f0.r1.-d1.-r1.d1.f0.f1.d1.-f1.-d1
313,-r1.r0.d1.-f1.d0.-r0.d1.-r1.d2.f2.-d2.-r2.-r0.-d2.f2.-d2.f0.d0.-f2.-r1.-f2.r1.f2.-d0.f0.d1.-f1.-f0.r1
314,-d0.r2.-d2.f0.-f2.-r2.d1.f2.-r0.-d2.d1.f2.-f1.f2.-d2.-f2.f0.-d2.r1.d2.r2.d2.-r1.f2.-r1.-f2.r1.f2
315,-f2.f1.r2.-f2.r1.-d0.-r0.f2.-r0.-f2.f0.-r2.f0.-d2.-f0.-r0.-d0.-r0.-f2.-d0.f2.-r0.-f2.d0.f2
316,-d2.f0.-r2.r0.-d1.d0.-f2.-d2.r1.-d2.f1.-r0.d2.d1.f0.-d1.r0.-f1.-d1.d0.r1.f1.-r1.d1.r1.r0
317,-f1.-r2.-f1.d0.r2.-r0.-f2.d2.-r2.-d1.-r2.-f0.-d2.r2.f0.-d0.-f0.-r1.f0.-r0.-f0.r1.-r0.f0.-d2.r0.d2.d0.-f0
318,d0.-r0.f0.-d1.f0.-d0.f1.-f0.-d0.-f0.d2.f2.f1.r2.f2.-d1.r2.r2.d2.r2.-d2.-f2.d2.-r2.-d2.-f1.-d0.f1
319,d1.d1.f2.-d0.-f0.-f0.r0.f0.-d2.f1.r2.f1.-f0.-r0.-d1.-f2.r0.f2.d1.f0.f0.r0.-f0.-r0.-f0
320,-r2.-f2.r0.r0.d2.-r0.-f1.d2.-r0.d1.-r2.-f0.r2.-d1.r0.-f2.d2.d2.-r2.-f2.d2.d2.-r0.-d2.r0.-d2.f2.-d2
321,-f2.-r0.-d0.f0.d0.d1.f2.r2.d0.-r2.-d0.-f0.d0.f0.r0.-f0.d0.f0.r2.-f0.-d0.-f0.d0.f0.-d0.f0.r0.r0.-f0
322,f1.-f0.d2.f0.-d1.r2.-d2.r0.-f2.r1.-d0.r1.r0.-f1.r2.f1.-r1.-d1.-f2.d0.-r0.-f1.r0.-d0.-r0.f1
323,r0.f2.-f0.-r1.d1.r0.f2.d2.-f0.d2.-f2.-d1.r0.-d2.r0.-d2.d0.r2.f1.r2.-f2.-r2.-f1.-f0.-d2.f0.-r2.d2.f2.-d0.-f2.-d2.f2
324,-d2.-r0.-f2.-r0.f1.d1.-d2.f2.-d0.-r2.d2.-r1.-f0.-d2.f0.-r0.-f0.d2.-f1.-d1.-r0.d1.r0.-f1.-r0.-d1.r0.d1
325,-f0.-r2.f2.-r0.d0.-f0.-r1.-f2.-d1.-f0.-d2.-r0.d2.f2.d2.f2.-r1.d1.f0.-d1.r0.f0.-r0.d2.-f0.r2.-d2.-r2.-r0.f2.r0
326,-f2.d0.-f2.-r0.-f2.-d2.-f2.r0.r0.f0.d2.d2.-r0.f1.-r1.-f1.f0.d1.f2.-d1.-f2.-d2.-d0.-f2.d0.f2.-d1.-f2
327,-d1.r0.-d2.-f1.-r0.-d2.-f1.f0.-r2.-d1.-r0.-d2.-f1.d1.-r0.-d1.f1.r0.f2.d2.r1.-d2.d0
328,-d1.-f2.d2.-f2.-d0.d1.r1.d2.-r2.-f2.d2.d2.r1.-r0.d2.r0.r0.-d2.-d0.-r1.-d0.-r0.d1.r0.d0.-r0.-d1.f2
329,f1.-d1.-f2.-d2.r2.f0.-r0.-d2.-d1.-r2.r0.f2.-f0.d0.-f2.-r2.f0.-f2.-d0.r2.d0.f2.-d0.-r0.-f2.r1.r0.d2.d0
330,f1.-r0.-d2.r2.-f2.f0.-r2.f0.d0.-f0.-r2.-r1.f0.-d2.-r2.r1.-f2.-f0.-r1.-f1.-d1.f2.d1.f1.r2.f2.-r1.-f2.-r2.-d1
331,-d0.-f2.f0.-r2.d0.-r0.-r0.d2.f0.r0.-d0.r2.-f2.-d2.-f0.-f0.d2.r2.r2.-d0.f2.f2.-d2.-r1.r0.f1.r1.-f1.-r0.f0.-f1.r1.f1.-r1.-f0
332,d2.-f2.f0.-d0.-r1.-f1.-f0.r1.-d2.f0.-d0.-r2.d2.r0.-d2.d1.r2.f1.-r0.d1.r0.-d0.-d1.-d0.-f1.d0.f2.r1.-f2.-r1
333,r0.-f0.d2.-r2.f1.-r1.-d1.-f1.-d2.-f1.d0.f2.-f1.-f0.r0.-f1.-f0.d2.f0.r0.-f0.-d2.-f2.d0.-r2.d0.d0.r2.f2
334,-r2.-d0.-d0.f0.f2.-d2.f2.f2.-r0.d2.r0.-d0.-f2.r2.f2.f2.-d2.r2.r2.f2.f2.-r0.-r0.d2.f2.f2.d2.-d0.-f0.-f0.-r1.-f1.-r1.f1.-r1.-r1
335,r0.-d0.f1.d2.r1.f2.f1.-f0.-d1.-d0.r2.f0.r2.d0.f0.-r0.d2.-f0.-d0.-f0.-d1.f0.r0.f1.r1.-f1.-f0
336,-f2.r2.d0.r1.-f2.-r0.-d1.-r0.r1.-d1.r2.f2.-d2.-f1.r0.f0.-r1.-f0.-r0.-d1.f1.d1.-r1.-f1
337,r0.-d1.f0.-d1.-f2.d1.r2.r0.-f2.-f0.-d0.-f1.-r0.-f0.r0.-f2.-r0.f0.r1.f0.r2.r0.f1
338,d1.f2.f2.-d2.-f1.-d2.r2.-d0.f1.d0.-r0.-d2.d1.r2.f2.-r2.-f2.-d0.r0.-d1.r2.d1.-r2.-r0.-d1.d0
339,-r2.d0.-f1.-r2.f0.-r0.-d2.f2.f1.-r1.-r0.-f0.r0.-f1.d2.-r0.f2.d0.-f2.-d1.-d0.-f0.r0.f0.r2.-f0.-r0.f2.f0
340,f0.-d1.f0.d0.-f2.-r2.f2.-f0.r2.-f2.d2.-r1.d0.d0.r1.f2.-r0.-d2.-f2.d1.f2.d2.-f2.f1.r1.-f0.-r1.f2.-f1.f0
341,d2.-f1.d0.-f2.d2.-f2.-r2.-r2.-f0.-r0.-d0.-f2.-r0.-d0.f2.-f0.-r0.-d0.r2.f0.r0.-f1.-r0.-f0.r0.f1.f1
342,-f1.f0.d2.-r0.f0.d2.r2.d2.r0.d1.-r1.d1.f1.-r2.f0.-r1.f1.d2.-r0.-f1.r1.r0.d2.-f1.-d2.f1
343,f2.-d1.r2.-r0.-f1.d0.-r2.f1.r0.d2.d1.-r0.-f2.f1.-d0.f0.d0.f0.-r0.d2.r2.-d2.-r2.r0.-f0.r2.f2
344,-f0.-d2.r1.f2.d2.-d1.f2.d1.r2.d1.f1.-f0.-d1.-r1.d1.-f2.-r0.f0.-r2.-f0.r0.-f0.-r2.f0.r2.r2.f2.d0
345,-d0.-f0.r0.-d1.f2.-r1.-d2.d1.-f2.r0.-d1.-r0.f1.d1.r1.-d0.-r0.f2.d0.-f2.r0.f0.f2.-d0.-f2.-d1.f2
346,r1.f2.-f1.-d0.-r2.d2.-d0.-f2.-d2.-f0.-d0.-f1.-f0.r2.f2.r1.d2.-r1.-f2.-f0.d1.r1.-d2.-r1.-d1.-f1.-f0.d2.f0.-d2.f1.d2.-f0.-d2
347,f0.-r0.-f1.r2.-f0.r0.-f0.-d1.r1.d0.r0.-d0.r2.r1.-d1.-f2.-d1.f2.-d2.-f2.d1.f2.-d2.-f2.d2.f2.d2
348,-f0.f2.d1.r2.-d2.-f0.-d0.-r2.-d0.-f0.-d2.-r0.d2.-r0.d2.-d0.-r0.-r0.d2.f2.f2.d2.d2.-f0.-f0.f2.f2.d2.f1.r1.-f1.-d1.-r1.d1.f0.-d1.-f1.d1.f1.-f0
349,-r1.d2.-f2.r1.-d2.f2.-d0.-f1.f0.f0.-d0.-d1.f1.-d2.-r1.d2.-f1.r2.-f2.-d0.f0.d0.f2.-r1.-f2.-d0.-f0
350,-f0.-r0.-d2.r2.-r0.-d0.r2.-d2.r2.-r1.r0.d1.-r0.f1.-d0.-r2.-d2.r1.-d2.-r1.d2.-r1.d0.-f1.-d2.-f2.d2.-f1.-d2.f2.d2.f1
351,f2.-r2.r0.-d2.-r1.-f2.d0.r0.r0.d1.r2.-d0.f1.f0.r0.r0.-f1.d2.-d1.-r1.d1.r0.-f1.r1.d1.f1.-d1.-d0.-r1.d0.-r0
352,-r1.d1.-f1.-d0.f0.-d0.r2.-d2.f2.r2.f0.d0.-f2.d0.f2.-r0.-f0.-d0.-f2.-r0.-f1.-r1.f1.r0.f2.-d0
353,-f2.r0.f0.d1.d1.d0.-r1.f2.r0.-d0.f1.r0.d2.-f2.-r2.f0.-r1.-d0.f0.-r1.-f0.r1.r1.-f0.r0.f0.-r1.-f0.-r0
354,-d0.-r0.-d0.-d0.f2.d0.-r2.d2.-f0.-d0.-f0.f2.-r0.d2.d2.-r0.-r0.-f0.-f0.-r0.-r0.d2.r2.r2.f2.f2.d2.-d0.r2.r2.-f1.f2.-r1.f1.r1.-f2.-r1.f1.r1.-f1
355,-f1.d1.-r1.d1.-f1.d0.d0.r1.-f2.-d0.f2.d0.r1.-f2.-r1.-d0.-r0.d0.d0.f2.d0.-r0.-d0.-r0.f2.r0.r0
356,-d2.-f0.-d0.-f2.r2.-d2.d0.r1.f2.f2.-f0.-d1.-f1.d1.-f0.r2.f0.-d0.-r0.d0.f2.r0.d1.-r0.-d1.-f0
357,-r2.r1.f2.-r2.-d1.d0.r1.d2.-f0.-r2.f0.r0.-d0.-f0.r2.f2.-r2.-d0.f1.d0.d0.-r2.d0.r2.d0.d0.f0.-r2.-f0.d0.f0
358,f1.-d0.-r2.-d1.-r0.f0.r2.f1.r2.f2.r2.-r1.f0.d1.-r2.r1.r0.-d2.r0.-d2.-r0.f2.-r0.f2.r0.f1
359,-r1.-d2.-f0.r0.f1.d0.-r2.f2.-f1.r2.-f2.r2.d2.r2.d2.d2.-f0.-r1.f0.r1.r0.d2.f2.-d0.-f0.d0.-f2.-d0.f0
360,d1.f2.r2.r2.-f0.d1.-d0.r2.-r1.f2.f1.-f0.r0.-d2.-r1.d2.r0.d0.f0.r1.-f0.-f0.r2.-d0.r0.f2.-r0.f0.-r0.d2.-r0.-d2
361,-f2.-r1.-f2.-f1.-r2.-d1.f0.-r1.d2.r1.d2.r2.d0.-r2.f0.f0.r2.r2.-r1.d0.r0.-d0.r1.d0.-r2.-r0.d0
362,d2.-d0.f0.r2.r2.-f1.d1.r0.-f1.-d0.f2.-r2.f0.-r2.-r1.-f1.d2.-f0.-r2.f0.-d2.f1.f0.r2.f1.-d0.-r0.d0.-f1.-d0.r0.d0
363,f2.f1.f1.d1.f0.-r0.-r2.-f0.-r0.-r0.-d2.-r0.f0.r0.d0.f2.d2.d2.-f0.-f0.f2.f2.d2.d2.-r0.-r0.-d2.r2.r2.f2.f2.d2.d2.f0.r1.-d1.-r1.d1.-f0.f1.d1.-f1.-d1
364,f0.-r2.f2.-r0.-f0.d0.f1.r0.d2.-f2.f0.-d0.r2.d0.-r2.d2.f0.f0.d2.-f1.-d2.f0.d2.f0.d2.-f0.-d2.f1.d2.-f1
365,d1.-f1.-d2.-f1.r2.r2.f1.d0.-d1.-f0.-d2.-d1.f1.-f0.r2.d1.-f2.-d1.-d1.-f1.d1.r0.r1.d0.-r1.-d0.-f1.r2.-d1.-r2.d1
366,d0.-r2.-d2.f2.-d2.r2.f1.f0.-d2.f2.-r0.-f2.r0.-d2.f0.-d1.-f0.-d1.f2.d1.f0.-d2.d0.-r0.d2.-f1.-d2.r0.d2.f1
367,-d1.f1.-d1.-r2.-d2.-f2.f0.r1.-r0.-f2.d0.-f0.d2.-d0.f0.r2.r2.f2.r2.-f2.f1.r2.-f1.-f0.-d2
368,d2.d2.-r0.f0.f0.r0.d2.d1.-f2.r2.r0.f1.r1.-f1.-d2.-f2.-d0.f2.f2.d2.-f0.-r0.-d2.-f2.-f0.d0.f0.r0
369,-d0.f2.-f0.-d0.r2.-f2.-r0.d1.-f2.-d2.d1.-f1.-d1.r2.r2.d1.r0.d1.-r0.-d1.-r1.f1.f0
370,f1.-d1.f0.d2.f0.-r2.d0.f1.r0.r0.-d1.-f2.d1.-r0.f0.-r2.-r1.-d0.-r1.r2.d0.r1.-d0.-r2.d2.d0
371,d2.d2.f2.-f0.-d2.r1.d0.-f2.d2.-f0.-d1.r1.d1.-f1.-d1.d0.f2.-d1.r2.-f1.-r2.f1.-d0.r1.f2.-r1.f0.r1.-f2.-r1.-f0
372,f0.-d2.f1.r1.r1.d2.f0.-f2.-r0.-r0.-f2.-d0.-r0.r2.d2.r2.r2.f2.d2.r2.r2.d0.r2.r2.-d2.r2.r2.-f0.-f0.-d2.-f0.f2.f2.d1.r1.-d1.-r1.-f0.f1.-r1.-f1.r1
373,f2.-r0.f2.d0.-r0.d2.d2.f2.r0.d2.-r0.-d0.-d0.-r0.d2.-d0.-f0.-f0.-r0.-r0.-d0.f2.f2.-r0.-r0.d2.d2.-f1.f2.-r1.f1.r1.-f2.-f1.r1.f1.-r1
374,-d0.-f1.-f0.f2.-r0.-f2.d2.d2.-r2.-d2.r2.-f0.-f0.-r0.f2.d2.-d0.-f0.-f0.f2.f2.-d0.r2.r2.f2.f2.-d2.f2.f2.d2.-r1.r2.-f1.r1.f1.-r2.d1.f1.-d1.-f1
375,-d1.-r2.-r0.-d1.-r0.f2.-r1.-d2.f2.-r0.f2.-r0.d2.d0.d0.-r0.-d2.r0.-d0.-f0.r0.-f2.f0.-d0.-f2.d0.f2.f2.d2
376,r0.-f0.r1.-d1.r0.f2.r2.r0.-d0.-f2.f1.-d2.-f0.-d2.-f0.r0.r0.-d2.f1.d2.f1.f1.-d0.f0.r0.-d1.-r0.-f0.d0.f0
377,r0.f2.d1.f2.-f1.r1.-r2.-f1.-f0.d1.f0.d0.d0.-r2.-f2.-d0.f2.d0.r0.r1.-d2.-r0.d2.r2.-r1.r0.-f2.-r0.-f1
378,-d1.r0.f2.-d0.r0.-f0.r2.f2.r2.-f2.d2.f0.f0.-r1.-f0.r1.-f0.-d0.-r2.r1.-f1.r2.f1.r2.-f1.-r2.f1.r0
379,-r0.d1.-r1.-f1.r0.d0.f0.-f2.-r1.d0.r0.-f2.f1.f0.d1.f0.d0.f2.-d0.-f0.-r2.-d0.r2.-d0.-d1.f0.d0.f0.f0
380,-d0.f0.-r2.-f1.d1.-d0.f0.r2.f0.f1.-r2.-f1.-r2.-d0.r2.d1.f2.-d1.f2.d0.d1.r2.-d1.-r0.f2.r0.d1.-r0.-f2.r0
381,d2.-f2.-f1.-d2.d0.r1.-f0.-r0.-d0.r0.d2.-f0.-r1.-r0.-d2.r0.-d0.-f2.r2.f1.-r2.d0.r2.-d0.f2.d0.-f1.d2.d0
382,-r0.-f1.d2.-r2.-f2.f0.r0.-d1.r0.-f0.r2.f2.-d0.-r2.d0.-r2.-f2.-d0.-f0.-d2.-r2.d2.r2.f0.-r2.d0
383,-d2.r0.-d2.f2.f2.-d2.f2.r0.d1.r2.-d1.-f1.r0.-d1.-f2.-r1.r0.-d2.-r2.-f1.r2.d2.-r2.r0.r0
384,d2.-f0.d0.-r2.-f1.f0.r1.r0.f2.-d2.-f2.f1.-d1.-d0.-r2.-f0.-r2.f1.-r2.-f1.r2.r2.f0.r2.d2.f2
385,d2.r0.-d0.f2.-f0.-d1.-r1.-f2.-r1.-d2.f2.r0.-f2.f1.r1.-f1.r0.f1.d0.-f0.d2.f0.d1.-f0.-d2.-f1.f0
386,-f2.-r2.f0.-d1.-r1.-f1.d2.f1.f1.-d1.d0.-r2.d2.-r2.d2.r2.-f0.d2.d2.f0.-d2.r2.-d2.d1
387,-r0.-d2.-d0.f0.d0.f0.-d0.r2.r2.-d0.-f0.-r0.-r2.d2.-f0.-f0.-r0.-r0.d2.d2.d0.-f0.-f0.-d2.-r0.-r0.d0.r2.d1.-f1.-d1.f1.-r2.-f0.-f1.-d1.f1.d1.f0
388,-d2.r1.f1.-r2.-d0.-r2.r1.-f1.-r1.f1.-d0.f0.r0.d0.r1.r2.-f0.-r2.f0.-d0.r0.-f2.d0.d0.r2.d0.-r2.d0.d0.-r0
389,-f2.-d2.-f0.-f2.d2.r0.-d0.r2.r2.-f0.-d0.r2.-d0.f2.f2.-d2.f2.f2.-d2.-r0.-r0.-f0.-f0.-d0.-r0.-r0.-d2.d0.r1.f1.-r1.-f1.-d0.-f0.-d1.r1.d1.-r1.f0
390,-r1.d2.-r0.-f0.d2.r2.-d0.-f0.-f0.r2.-f0.r2.f0.r2.-d0.-r0.-d1.d0.-f1.d1.r1.-d2.-r1.-f0.-r1.f0.-d0.-f0.r1.f0
391,d0.r0.-f0.f2.-d0.r2.-f0.-f0.-d0.f2.f2.r0.-d0.r2.-f0.-f0.d0.-r0.-r0.f2.f2.-d0.-d0.-f0.-f0.d2.f2.f2.d0.-r0.-r0.-d1.r1.f1.d1.-r1.-f1
392,-f2.-r0.-d2.r0.-d0.f0.d2.d0.-f2.r0.r2.d0.-f0.-d0.-r0.-r0.f2.f2.-d0.-r0.-r0.-f0.-f0.-d0.-r0.-r0.f2.f2.r2.r2.-d1.-r1.-f1.d1.f1.r1
393,-d2.-r1.-r0.d2.-r0.-f0.r0.r2.r2.d2.f0.f2.-r0.-r2.-d2.r2.r2.d2.d2.r2.r2.f2.f2.d0.-r0.-r0.d2.r1.-d1.-r1.f1.d1.f0.-r1.-f1.r1.-f0
394,-r2.r1.-f1.-d1.-r0.-f0.d0.d0.-f2.-d0.f2.f2.-d0.-r0.f0.r0.f1.-f0.-d0.-r0.d0.-f2.-r1.-d0.-r1.d0.r1.f2
395,f1.-r1.f1.d0.r2.-r1.d2.-r2.d0.-r0.-f0.r0.f2.-r0.-f0.r0.r0.f1.-r0.-f0.-d1.r0.-f1.-r0.-f2.-r2.-f0.-r1.f0.r2.f2
396,d2.-f0.r0.-d1.f2.-r2.-f0.-d0.-r2.-d2.-f1.r2.f2.-d1.-f2.f1.-r2.f0.-r1.f0.f0.-r0.f1.f1.r2.r0.d2.-d1
397,-f2.d2.-d0.r0.-d2.-r0.-r0.d0.-f2.r0.f2.-r2.-f0.d2.-r0.-r0.f2.f2.-r0.-r0.r2.r2.-d2.-r0.-r0.-f0.-f0.-d0.-d0.-r0.-r0.d1.f1.r1.-f1.-d1.f1.-r1.-f1
398,-f0.-f0.d2.f0.r0.f2.-d2.r0.r2.f2.-r0.-f2.-d0.-d0.r2.r2.f2.f2.-r0.-r0.r2.r2.-d0.-r0.-r0.f2.f2.-r0.-r0.-d2.-r0.d1.-r1.-d1.r1.r0.-d1.-f1.d1.f1
399,r1.-f1.r0.-f0.-d2.r2.-f1.-d0.r2.-d2.-d1.d0.r2.-d2.-r2.-d1.f0.-r2.-f0.r2.-f0.-r2.f0.-d0.-f0.-d2.f0.d0.-f0
400,-f1.r0.f2.r2.-f2.f0.-r0.d2.d0.-f0.r0.-f2.r1.-d0.-r1.f0.d2.-f0.r1.f0.d0.-r1.-f2.r2.-r1.f1.d2.-f1.-r2.f1.-d2.-f1
401,-r0.-d2.-f2.-d2.-r2.f1.r0.f0.-r0.d0.-r2.-f2.-f0.-r0.-d1.-d0.d2.-f2.r0.f0.r0.d0.-f2.-d2.r2.d2.f2.-r0.-f0
402,-f2.d0.f1.f1.-d1.f0.-r0.-r0.d2.f2.-d2.-d0.-r0.-d0.f2.d2.r2.d2.f2.f2.d2.-f0.-f0.-d0.-f0.-f0.-r0.-r0.f2.f2.r0.f1.d1.-f1.-d1.r0.d1.f1.-d1.-f1
403,-f1.-r2.-d0.f0.-r2.f1.-f0.d2.-r0.d0.-r2.f0.-d2.r1.d2.f2.-f0.-d0.-r0.f0.d1.-f1.-d1.-f0.-d1.f1.r0
404,d0.-r2.f0.d2.f0.-d0.-f2.r2.r1.f2.-f1.-f0.r1.-d1.-f0.d0.d1.r0.f0.-r2.r1.f0.r2.f2.-r2.-f0.-r1.r0
405,r1.d2.-r2.-d0.f0.-r0.r2.r2.-d2.-r0.-f0.-f0.d0.-f0.r2.f2.f2.r2.r2.-d2.d0.-f0.-f0.-d2.f2.f2.-r0.-r0.d0.-f1.-d1.f1.r1.d1.-r1.-f0.r1.f1.-r1.-f1.f0
406,-f1.-d0.-f0.d0.-f0.-r2.f0.d1.-f0.d2.-f0.r2.f0.-r0.-d0.r2.-r1.f1.r0.-f2.-f0.d1.d1.-d0.f0.d0
407,-r2.r1.-d2.d1.f2.-r0.d1.f0.f0.d0.d0.r0.d0.-r2.-d2.r2.d0.-r2.-d2.d0.f1.r2.f2.-r2.f0.r2.r2.-f1.-f0.d2.-d0
408,-f1.-r2.-d2.d0.-f2.d1.-r1.-f2.f0.r2.f2.r1.-r0.-f2.r0.-f0.r2.d1.-r2.f1.f0.-r0.-d0.-r2.-r0.f0.r0.-f0
409,-f0.d0.f2.d0.r1.-f2.-d0.f2.d0.f0.d1.d0.-f2.r2.-r1.f0.r1.f0.f0.-r2.f1.f0.d2.-r1.-d2.f2.-d1.-d0.-f1
410,-d2.d1.-f2.-r0.f0.-r0.-d2.-r1.-d1.f1.r2.-d1.f2.r0.-f2.d2.-f0.-f1.-d0.f1.-d2.-r2.-f1.r1.f1.-r0.-f1.r0
411,-f2.d2.r1.d1.-d0.-f0.-d2.-f0.-d2.r2.d2.-f1.-d2.f0.-d2.f0.r2.d2.-f0.-r1.d2.d2.r1
412,-d2.r0.r0.d2.-r0.-f1.-d0.f0.d0.-f1.-d1.r2.d0.r2.-f1.-r2.d0.-f1.d2.f1.-d0.r2.f1.r0.-f2.-r0.-f1.-r2
413,r0.f1.-d2.-f0.-r1.-f0.-d0.-r2.f2.-r1.d2.-r2.d1.r2.-d0.-r2.-d1.-r2.d1.r2.d0.-f1.-r2.f1.-d1.-r2.d1.r2.f1
414,-r2.f1.r1.r1.f0.d2.-d0.f2.r2.d0.f0.-d0.-d0.r2.r2.d2.-f0.-d0.-d0.-r0.-r0.r2.r2.d0.f2.f2.d0.-r0.-r0.d2.-f0.d1.r1.-d1.-r1.f0.f1.-r1.-f1.r1
415,d0.d0.r2.-f2.f1.f0.r0.d2.d1.-r2.d2.-f0.r0.-d0.-r0.-f1.-d1.f1.d2.f1.d1.r2.-f1.-d0.f1.d0.-r2
416,d2.r1.d0.r1.-f0.d0.-r0.f0.d2.-d0.d1.-f2.-d2.-f0.-r1.-f1.-r0.f2.d1.r1.r0.-f2.r1.-f2.-r1.f2.r1.r1
417,-d2.r0.-f0.r0.d1.-d0.-f1.-d0.f2.-f0.r2.-d2.-f0.d2.-d1.-r2.-r0.f1.-d0.r0.d1.-r0.d0.-r2.r0
418,f1.d1.-r1.r0.f0.d0.-r1.-f2.d2.d0.f1.f0.r2.-f2.d1.f2.r1.d2.-r1.d1.f2.-f1.-d2.-f2.-d1.-d0.r1.d0
419,d2.d2.f2.f2.-r0.-d0.-r0.-r2.f0.-d0.-d0.-r0.-r0.-r2.-f0.-d0.f2.f2.d0.-f0.-f0.-d0.-f0.-f0.f2.f2.-r0.-r0.d2.d2.d0.-r1.f1.-d1.r1.d1.-f1
420,d2.f2.-d0.-f0.-d1.-f0.-d1.-f1.-r2.-r2.d0.-r0.-f1.r2.r0.-d0.r0.f0.d0.-r2.-f0.d2.f0.d1.-f0.-d1.-d0.r0
421,-d2.f2.d2.-d0.-f1.-d1.r2.-d2.d0.r2.d0.f1.f0.-r0.-f0.r0.-f0.-d2.-f0.d2.f0.f0.d0.f0.f0.-d0.-f0.r0.f0
422,-f1.-r1.-d1.r1.-f1.-d2.-f0.-d2.d0.-f0.-d0.r2.-d0.-d0.-r2.d0.f2.d0.-f0.-r2.-f0.r2.d2.-r2.-d2.-f2.d2.d2.f2.r2
423,-r1.d0.r1.d0.f0.f0.d2.d2.-r2.-d1.-f0.-r1.f0.r0.-f2.-r2.-f0.-r2.f0.r2.f2.r1.f1.-d0.-f1.-f0.-d0
424,f0.r0.-d0.-r0.-f2.d2.r1.d2.-f1.d1.-f0.d1.-r2.-d2.-f0.-d2.-f1.-d2.r1.-d2.r2.-f0.-d2.-r2.f1.r2.d2.f2.d1.-f2
425,f2.f1.r1.r1.d2.-r2.f0.-d0.-d0.-r0.-r0.-r2.-f0.f2.-d0.-r2.d2.-f0.-f0.d0.f2.f2.d0.-r0.-r0.-d0.-d0.f2.f2.-r0.-r0.f2.f2.f1.r1.d1.-r1.-f1.-d1.-r1.f1.r1.-f1
426,f1.d0.r2.r1.d2.r2.-f1.-f0.-r1.f2.d2.-r1.-f0.r2.f0.d1.f1.r1.-f1.-d1.f0.-d0.-f0.r1.f1.-r1
427,d2.f0.d2.-r0.-d0.f0.d0.r1.-f1.d0.-f2.d2.f2.r1.-d2.-f2.-d1.-f1.r1.f1.r0.-f2.-r0.d1.d1.r0.f2.-r0.-f2.-d1.f2
428,-r2.-d0.r1.-d0.-r0.-f2.f1.-r2.-f1.r1.d0.f2.-r2.-r0.d0.-f2.r0.-d2.-r0.d0.r0.d2.-d0.f2.-r0.f1.r0.-f2
429,r0.d2.f1.d2.f2.f1.-d1.r0.d2.r0.d0.-r1.d0.d0.-r1.d0.f0.-d0.f2.d1.d0.-r1.d0.r1.d2.-r1.-d0.r1.-d0
430,d1.r1.-d0.-f2.r2.-r1.f2.r0.-d0.-r2.d1.-d0.-f0.d0.-f0.r2.f0.-r2.-d1.r2.d1.d0.-r1.-d1.-r2.d1.r1.-f2
431,-d1.f1.r1.f0.-d2.f2.-d1.-f0.-d2.f0.f0.d2.f1.-d2.-f1.r2.d2.-r2.-f0.r1.f0.r0.f0.-r0.-f0.r2.f0
432,-r0.d1.-f2.f1.r1.-d0.-r2.r0.f0.-d1.-f1.d1.f0.-d0.f1.f1.-r1.-f1.-d0.-r1.d2.r1.d0.d0.-f0.-d0.-f2.d0.f0.-d0
433,d0.f1.-r1.-d2.-f2.-d1.-f1.r0.-d0.-f2.d0.-r0.-r2.-d2.r1.-f0.-r1.d0.r0.-d0.-d1.-r2.f2.d1.-f2.-r0.f2.d2.f2
434,r1.-r0.-d1.f2.-r2.f2.r1.d1.-r0.-d0.f1.d2.d1.-d0.-r0.-f2.-r2.-r2.-f0.r0.d2.-r1.-d2.r2.r1.r1.-d1.-r1.-f0.r1.f0.d1
435,r0.-f0.-r1.f0.-d0.-r1.f0.r0.-d0.f0.d0.-r2.d2.r2.-d1.f1.r0.r0.-d1.r2.r0.r0.-f1.-r2.f2.f2.r2.f1.-r2.-f2.r2
436,-r1.d1.f0.r1.-f1.-d1.-f0.-r0.f2.d0.d0.-r0.-d2.f2.-d0.f0.d0.-f2.d2.-d1.-d0.-r0.f2.-r0.-f2.r0
437,-f2.-r0.d1.-d0.-d0.-r0.-r0.f2.f2.-r0.f2.-d0.-d0.f0.-r2.f0.f2.d2.-f0.-f0.f2.f2.d2.d2.d0.f2.f2.d2.-r0.-r0.d2.-f0.-f0.-r0.f1.r1.-f1.r0.f1.-r1.-f1
438,-f0.-d0.f0.-d0.-f2.r2.d0.d2.-f0.d0.-f2.d2.r2.-f1.r0.-f1.-r0.f1.f1.d2.r2.-d2.-r2.-f0.-d1.f0.r2.-f0.d1.f0
439,f0.-r1.-f1.-d0.-f2.d2.r2.-f1.-f1.-d0.r0.-d2.f2.r0.d2.-f2.-d2.r2.-d2.f1.d2.f2.d1.-r2.-d1.r2.-d2
440,d1.-r1.d2.d1.-r0.f0.-r0.-f2.-d0.f2.-r0.-f0.-r2.d1.r2.d2.-f1.d0.f1.r1.-d2.-d0.f1.d0.r2.f0
441,-r0.f2.-f0.d0.r2.r0.r0.d2.-d0.-f1.-d2.-f0.-r2.-f2.d2.f0.-r2.f2.r2.-f0.-r2.-r2.-f2.-r2.f2.r2.-f2.-d2.f2
442,-f0.-d2.f2.-d2.-f0.d0.-r0.-f1.-d0.-f2.r0.d0.-r0.d2.d1.r2.f0.-r0.-f0.-d0.r0.d0.r0.-f0.r2.f2.f0.d0.-f0.-d0
443,f2.d1.-r1.f2.-r1.-d2.d1.-f0.-r0.-f1.-f0.r2.d2.-f2.-r2.-f2.r1.d0.-r1.-r0.-f0.-d2.-f0.d2.f0
444,-f2.-r0.d0.d0.-f1.-d1.r0.-r2.-d1.f2.d1.-r1.-d0.-f2.d0.-f1.-r2.-d2.r1.f0.-r1.-d2.f0.-d2.r2.d2.-f0.d1
445,-f1.d0.-r1.-f2.d2.f0.-d1.r2.-r0.f1.r0.d0.r0.-d0.-r0.f0.-d0.-f0.-d2.f0.d0.r0.r0.d0.d0.-f2.-f1
446,r0.-d2.-f0.d0.-f0.r2.f0.r1.d1.d1.-r2.-d2.f1.r0.-f0.-d0.f0.d0.-f1.-d1.-d1.-f0.r2.f0.d1.f2.d0.-f2
447,d2.-r2.r0.d1.-r1.d2.f2.-f1.r2.-d0.r2.d2.-r2.d1.r0.-f2.d2.d2.f2.-r0.-d0.f2.d1.d0.r1.r0.f1.r2.-f1.-r1.f1.-r2.-f1
448,-d2.-f0.d1.r2.d2.-d1.-r0.f0.r2.d2.-r1.-f2.-d2.r0.r0.d0.r1.-r0.-f2.d0.f2.f0.-r0.-f0.-r2.f2
449,-r0.f1.-d2.f1.d1.-f2.r2.d0.f2.d2.r0.f2.d2.r1.-f2.r0.f2.-r1.r0.r0.-f1.-r0.f1.d2.d0.f0.r1.f0.-r1.-f0.-d0
450,d2.-f0.r1.f1.-d2.-d0.-f2.-r2.-f2.r1.r1.-f2.-r2.d0.-f2.f1.r0.d0.-r0.-d0.f2.-d0.-f2.-d0.f2.d0.d0.f0.d0.-f0.-d0.-f0
451,f2.r2.-r0.d1.f1.-r2.-r0.-f2.-r1.d1.-r2.-r2.-f2.-f1.-r2.-d1.-d0.-f0.-r2.r1.f0.r0.-f0.-r0.-d1.-f1.d1.-f0.-d1.f1.d1
452,-d2.-r0.d0.f0.-r0.-d2.d0.-f0.d0.-f0.-r1.-f2.f0.r0.-f2.f0.d2.d2.-r1.r0.-f2.r1.f2.-r1.-r0.-d2.f2.d2.r1.-d2
453,d0.r0.-d0.f1.d1.f0.r2.f0.-d1.r0.r1.f1.-d0.r2.d0.r2.r2.-d0.f0.-r2.d2.r2.d0.d0.r0.-d1.f0.d1.d0.-r0.d2.r2.-d2
454,-r2.d2.-f2.-r2.-f2.d1.f0.-r0.d2.-f0.d1.-r0.-f0.-d0.-f0.-r2.d1.r2.-f0.r2.d1.-f0.-r2.f0.r2.-d1.-r2.f0
455,f2.-d0.r0.-d0.f2.d2.-f0.r1.f2.-r1.-f1.d1.-f1.-r2.-d2.-f1.d2.-r1.f2.d1.-d0.r1.-f0.-r1.f0.d0.-f0.r1.f0
456,-d2.f0.r0.f0.-d2.-r0.f2.-d0.r0.-d2.-f0.-f0.-r0.-f0.-d0.-d0.r2.r2.d0.f2.f2.-r0.-r0.d0.r2.r2.-f0.f2.f2.-r1.d1.r1.-d1.-f0
457,d2.-d1.f2.-d2.r2.f1.-r0.-d0.-f2.d0.f0.-d2.-f2.r2.-d1.-r2.d1.-r0.d1.f1.-d1.r0.-f1
458,f2.r2.-r0.f2.r2.d2.-d0.f0.r2.r2.f2.-r0.-d2.r0.-f2.d0.-r0.-d0.f2.-r1.-d2.r1.-f2.r0.-f2.r2.-f0.-r2.f2.f0
459,r2.-d1.-f1.d0.r1.-f0.-r2.-d2.-f0.-r1.f0.f0.d0.d0.f0.r2.f0.-r2.-f0.f1.f2.-d1.-r0.-f0.-r1.d1.f0.-d1.-r2.d1.-f0
460,r0.d2.f2.-d2.r2.f2.f2.-r0.-f2.-d0.-f2.-d2.-d0.-d0.r0.-d0.-d0.-r0.-r0.-d0.r2.r2.d2.-f0.-f0.r2.r2.-d0.-f0.-f0.r2.r2.-r1.d1.-f1.-d1.f1.r1
461,-f1.d2.f1.-d1.r0.-d2.-f2.d0.r1.-f2.-r0.f2.d2.f1.f0.r2.r2.-d0.r2.d2.r1.-d0.-f2.-r2.d0.r2.-r1
462,d0.-r2.f2.-f0.d0.-r0.f0.r2.-r1.-f1.-r0.-f0.-d0.-f2.r2.d2.-r0.f1.f0.d0.f2.-d2.-d0.-r2.d0.f1
463,-f2.-r0.-d2.d0.-r2.d1.f2.-r2.d0.f2.f1.r1.d2.f2.-r2.-f2.f1.d0.-f2.-d0.r2.d2.-r2.-d2.f2.-f1.-d2.r1.d2.-r1.-f2
464,-r0.f1.r1.d0.d0.f1.-r2.r0.d0.-r2.d2.r2.f0.-r0.f2.f2.r0.f0.-r0.-d2.-r2.-f2.r2.r0.d2.-r0.d2.-f2
465,d0.r2.d0.-r0.-r0.r2.-f0.d2.-r2.f2.-r0.-f0.-d0.-f0.-f0.-d2.-d0.f2.f2.d0.-f0.-f0.-d0.r2.r2.-f0.-d1.r1.d1.-r1.-f0.d0.r1.-f1.-r1.f1.-d0
466,f0.r2.d0.-f0.-d2.-f0.-d1.d0.f1.f1.-r2.f2.-d2.-r2.f0.-r2.r1.-r0.f0.-d0.r2.-f0.-r2.f0.d0.-f0.r2.r0
467,-d2.d1.-f2.d0.-f0.-d0.r1.-d2.d0.r2.-f2.-r2.d0.r1.-d0.-f1.-d0.f1.r2.f2.-r2.d0.f2.-d2.-f2.-d0.f2.d2.-f2.r0.-d2
468,d1.-f0.-d0.f0.-d1.d0.-r1.-d2.-r2.-d2.-r0.-f2.d2.r2.-f1.r0.f1.-r2.f2.-r0.-d2.r0.d2.-f2.-d2.r1
469,-f0.d2.f0.d0.r1.f0.d2.r0.-f1.r0.f1.r2.-r0.f0.-d2.-f0.r0.d1.f0.r2.-f0.-r2.-d2.-d1.r0.r0.-d2
470,d2.-r1.d0.-f0.r2.f2.f2.-d0.-r2.-d2.r1.-d0.-r2.d0.r2.d0.-r0.d1.f2.-d1.-r1.-f1.d1.-f2.-d1.f1
471,-d0.-r2.-f1.-r1.f2.-r2.d2.-f1.d2.-f1.-r2.d1.-r0.d2.d2.r2.r0.-d1.-r0.-d2.-f2.-d0.f0.d0.-f0
472,f0.d1.-f1.d1.-r0.-f2.-r2.r1.d1.-r2.-f2.-d1.r2.-f0.-r0.d1.-f2.-d1.r0.-f1.-d2.-r2.f1.f0.d1.f2
473,r2.f1.d0.-f0.d2.-r2.d2.r2.f2.f0.r2.-d1.r0.f2.-r0.-d0.r0.-d1.d0.f1.-d0.f2.f2.d0.-f1.-d0.r1.-f2.-r1
474,-f2.-d2.-f2.r2.r2.d0.f0.r2.r2.f2.f2.-r2.d0.-f2.-d0.-f0.-f0.-d0.-r0.-r0.-f0.-f0.d2.-f0.-f0.f2.f2.-r0.-r0.-d2.-r0.d1.f1.-d1.-f1.r0.f1.r1.-f1.-r1
475,d0.r1.-d2.r1.f0.d1.f0.-d2.-d1.r0.f2.r0.-d2.-f2.d0.-f1.r0.f1.r2.f1.-r2.-f1.-d0.-r0.d0.f1.-d0.r1.r0
476,d2.f0.-r0.-f0.r2.-f1.d1.-f0.-d2.-f2.f0.-d0.f1.-r0.-f0.-f1.r0.-f2.d0.-f0.r2.f2.f2.r0.f2.-r2.-f2.-r0.f2.f0
477,-f1.-r2.r0.d0.r2.-f1.-d0.r1.d2.-f0.d2.r2.f2.f0.d0.f1.f0.r2.f0.d0.f0.-r2.-f0.-r2.f1.-d0.f1.d0.-f1.r2.-f1
478,f0.f0.-d1.r2.d0.f1.-f0.-d0.r1.f2.-r1.d2.-f2.f0.r1.-f0.-d0.-f1.d0.-r1.-f2.-d1.d0.-f2.d0.f2.d1.f1.f0.-r0
479,f1.d0.r0.d2.-f2.-r2.d2.f0.-r1.-d2.-r1.-f0.d1.-f0.-d1.-f2.f0.-r1.-d1.-f2.-f0.-r1.-f0.-r1.f0
480,d2.f2.-r1.-d0.f2.-d0.f2.d2.f2.r2.-d0.f1.d2.-r2.-d1.d0.-f2.d1.d0.-r0.d1.r0.r2.-d1.r0.d1.-r2.-d2
481,-f1.-d0.-r0.d0.-f2.f0.-r2.d2.-d0.-r0.f2.d0.-r2.-d2.f0.-d2.-f0.d2.-f0.-r1.-d0.r0.r0.d0.r1.-d0.r0
482,-d2.-f1.r2.-d1.r2.d0.r0.-d0.r0.d1.-r0.d0.r0.-d2.-r0.d0.r1.-f1.r2.f1.-r1.d2.d1.-f0.-d0.f2.r0.-f2.d0.f0
483,-d2.-f2.f0.d1.f1.f1.-r2.-d0.-r2.f1.r0.f2.r0.f1.r0.-f0.d2.f0.-d2.f0.f0.-d0.r0.d0.-f1.-d0.-r0
484,f0.d1.-f1.r2.-f2.f1.-r2.r1.-r0.d0.f0.-d2.f0.r0.-d2.-f0.d2.-r1.-f0.-d2.f0.-r2.d2.-r0.f2.r1.r0.-d2
485,r2.d2.-f0.-d2.r2.d1.-r0.-d2.-r2.d0.f1.-r1.f2.r2.-f2.-r2.-f2.f0.d2.-d0.-r0.d0.r0.-d2.d0
486,f1.r1.-d2.f1.r2.d2.r0.-f1.-f2.-r0.f0.d0.-f0.r0.f0.-r0.f2.r2.f2.-r1.-f2.-r2.f2.f2.r2.-f2.r1.f2
487,d1.-d0.f0.-d1.f0.r2.r0.-f2.d0.-f2.-d0.r0.-d2.r1.f2.-r2.f0.r2.-d0.-f2.r0.-f2.r2.f2.-r0.-f0.-d0.-f2.-f0.-r2.f0
488,-r1.-f0.-d0.-f1.r0.d2.d1.-f1.d1.r2.-d2.-r0.r2.-d2.r1.d2.f2.-r1.d2.r1.-r0.-d2.r2.d2.-r1.-d1
489,f2.-d1.-f0.-r2.-f0.d0.r2.-d0.f1.f2.-r0.f1.f1.-r0.-f2.-r2.f2.d0.f1.d1.-d0.-f0.-d2.-r1.d2.f0.-d1.f1.d1
490,-r0.f2.d2.r2.-r0.f1.d1.d1.d0.r2.r1.-r0.d1.-r1.-f0.-r2.f0.d2.r0.f1.-d0.-r0.-f1.r0.f1.d0.-f1.r1
491,-d2.r1.d2.r2.f2.r1.f2.d0.-d1.-r1.-d2.f0.-r2.f1.d2.r0.-f1.-d0.-r0.-d2.f2.d2.-f2.r0.d0.-f2.-f0
492,-d2.r2.-f2.-d2.f1.d1.r1.d1.f0.r0.-f0.-d0.-f0.-d0.f2.r0.-d2.-d1.r2.-r1.f0.-r0.-f0.-r2.r1.r0
493,-r2.d2.-r2.-f2.-r0.d2.d2.f0.r2.r2.-f2.-r0.-f2.d0.r2.f2.f2.-d0.f2.f2.-r0.-r0.d0.r2.r2.-d0.-r0.-r0.-d0.-d1.-r1.-f1.d1.f1.r1.r1.f1.-r1.-f1
494,-d0.r2.-f0.d0.r0.f0.-d0.-f1.-r1.-d0.r1.r1.-d2.f0.d2.d2.-d1.f0.d1.f1.-f0.r2.f0.-d1.-f0.-r2.-f1.r2
495,f2.r1.d1.-f0.r2.-d0.d2.-f1.-r1.d2.r0.f2.-r2.-f2.-r0.d2.-f2.-f0.r0.f0.-d2.r0.d2.f2.-f0.r0.f0.-r0.f2.f2.d2
496,-d0.f0.f1.f1.d1.f2.-r0.-f0.-f2.r0.f0.-r2.-f0.-d2.-r2.-d0.f2.f2.-r0.-r0.f2.f2.d2.d2.f2.f2.-d2.r2.r2.-d0.-r2.-f1.d1.f1.-d1.r2.f1.r1.-f1.-r1
497,f1.d0.-r2.r0.-d2.-r2.d1.-f2.-f1.f0.-r2.-f0.r1.-r0.-f0.r0.f0.f0.r1.d0.-r1.-d0.-f0.-d0.-r2.d1.r2
498,-f2.-d2.-r0.-r0.d0.-f0.-f0.-r0.d2.d2.r0.-f0.-r0.r2.f2.f2.-d2.r2.r2.d2.-d0.-d0.-f0.-f0.d2.-r0.-r0.d2.r1.r1.f1.r1.-f1.r1
499,d2.f0.d2.r0.d2.-d0.-r1.d1.r2.f1.-f2.f1.r0.d1.-f0.-d1.f0.d0.-r2.d0.f2.d2.r1.-d2.-f2.d1.f2.-d1.-f1.d1.-f2.-d1.f1
500,f2.-r2.d0.-f2.d2.-r2.f1.r0.r0.f0.r2.-r1.-d2.r1.d0.d0.-r1.-d1.-r0.d2.r0.-d0.-r0.d1.d0.f0.-r0.f0
501,-d1.f0.-r0.-d2.-f2.r2.d0.-f0.-d0.-f0.-d2.r0.-d1.-f0.d1.d1.-r2.-r2.-d1.r2.d0.-r2.f0.-d0.-f0.-d1.f0.d1.d0
502,d1.-f0.r2.d2.-f0.-r1.-f0.r0.-f2.d2.-f2.d0.-f2.r0.f2.-r2.r0.d2.r0.f1.-d2.r2.d2.-f1.-r1.d0.r1.-d0.f1.-d0.-f1.d0
503,d0.r0.f0.d2.-f0.r0.-f0.-d2.f2.f2.d1.r1.d2.r0.f2.f2.-d0.r2.r2.d1.f2.d0.-f2.-d1.d0.r1.r0
504,r0.-f0.-d2.f0.-r2.r1.-f0.-d1.-r2.d1.-r1.d1.f2.f2.-d1.-f2.f1.-r2.-r0.d2.-f1.-d2.r0.f0.d0.-f0.d2.d0.-r2.-d0.r2.-d0
505,-f2.r0.-d1.r0.f0.-r2.r0.-d0.r0.d1.-d0.f1.-r0.-f1.r0.f1.-d1.r0.-d2.f1.-d1.f2.d1.-f1.d2
506,f0.-r2.f1.f1.r1.d0.r0.-d2.-d0.f0.r0.-d0.-r2.f2.f2.-r0.-f0.-f0.-d2.r2.r2.-d2.-r0.-r0.-d0.f2.f2.d0.-r0.-r0.d0.r1.-d0.-d2.f1.d2.f0.-r1.f1.r1.-f1.-f0
507,-d2.f1.d0.-f0.-d0.-r0.d2.-r0.d2.-d1.r2.-d0.r2.-f2.r2.-f0.r2.-f1.r0.d1.-r2.-d1.-r0.-d2.-r1
508,d2.f0.r0.f0.-d0.-f2.d1.r1.-r0.f1.-d2.-r2.-d2.r2.f0.d0.-r2.-f0.r2.-d2.f2.d2.-f0.-d2.-f2.d2
509,-r0.-r0.d2.-d0.-d0.-r2.-f0.-f0.r0.f0.f2.d0.-r0.-r2.d2.f2.f2.r2.r2.-d2.-d0.r2.r2.d2.r2.r2.f2.f2.d2.-f0.-d1.-r1.d1.r1.f0.r1.f1.-r1.-f1
510,r0.r0.f2.r2.-f1.f0.-d1.r2.-d2.-d0.-f0.-r1.-r0.-d2.-f2.-f0.d1.-r0.f0.d0.f0.-d1.-f0.d0.d0.f0
511,r1.-d0.r0.r0.-d0.-r2.f0.r2.f1.f0.r0.d0.-r1.d0.-r1.-f1.r0.f1.-r1.-f0.r1.f2.r0.-f2.-r1.f2.-r0.f0.f0
512,-d0.f2.d0.f2.-f0.-r0.d2.f2.d0.r0.-d2.-f0.-f0.r0.d2.d2.-r0.-d1.-r0.-d0.-f2.r2.-d0.-r2.f2.r2.d0.-r2
513,-r1.-d2.r1.-r0.-d0.f0.d2.d2.r2.f1.r1.-f1.f0.-d0.-r1.-d1.-r0.f2.d1.-f2.r2.-f2.d1.f2.-r2.f0.-r0
514,-f2.r2.f2.-r0.d2.-f2.f1.-d2.r2.f2.-r0.-r1.f2.-d0.-r2.-f0.-r1.d0.r1.d2.r2.r0.f2.-r0.f0.-r2.-d1.r2.-f0.-d2.f0.d1.-f0.d2
515,d0.-f1.d2.-r2.f0.d2.-r2.-d1.-f2.r0.f2.-d2.-r1.d2.d2.r1.-d2.d1.-r2.f0.-r2.-r2.-f0.-d0.-r2.d0.r2.-d1.-r2.-d0.r2
516,-r1.d2.-f1.-r1.-d0.r2.-f0.-f0.f1.d2.d2.-f1.-d0.f2.d0.f0.-d2.-d0.-r2.-f1.-f0.r1.f1.-r1.f0.r1.-r0.-d0.f1.d0.r0.f2.-r0.-f1.r0.-f2
517,-d1.-r0.d2.r2.-f1.d0.r1.-f2.-r2.d1.-f2.-d2.r2.-r0.d2.r1.-f2.d2.f2.r0.-f2.-d2.r0.-f0.-r0.f2.f0
518,d0.d0.r0.-f1.-r1.d1.d0.-f2.d0.-f2.r2.-d2.f0.-r2.-d2.r2.f2.-r0.-f2.-f0.-r1.d0.r1.f2.-f1.d0.-r1.-d0.r1.-f2
519,-d0.-r1.f0.d2.f2.-r0.d2.f2.r0.-d0.r0.d0.f2.f2.-d2.r1.d2.-f2.d2.f1.d2.f1.r1.-d1.-f1.-d2.-d0
520,d2.r1.d2.-r1.f1.-d1.r0.-d0.r0.-f0.r0.-d1.-r0.f1.d2.r2.-d2.-r0.f2.-r1.-f2.d2.r0.-f1.-r0.-f0.d1.f0
521,-d0.-f2.-d1.-r1.-f2.d2.-r2.-f2.d1.f2.-f1.r2.f0.-r2.-f0.r2.-f0.d2.d2.-d0.f2.d2.-f2.d2.d0.r0.-d0.-f0.d0.-r0.-d0
522,-d2.f1.f1.d1.-f0.-f0.d2.d2.-f2.d2.-d0.-d0.-r2.f2.f2.d0.-f0.-f0.r2.f2.-d2.f2.f2.-d2.-d0.-r0.-r0.-f0.-f0.-d0.-r2.-d1.r1.d1.r2.-r1.-f1.-r1.f1.r1
523,f1.-r2.-d1.d0.-f1.f0.-r0.d2.d2.f1.d0.-r1.-f0.r1.f0.r0.-d2.-f0.d2.-r0.d2.-r1.f1.-f0.-d1.f1.f1.d1.f1
524,-r2.f2.-f0.r1.f2.-r2.-d2.-r1.r0.d1.-d2.-r2.-d2.-r1.-r0.f2.-r0.f2.r0.f2.-d2.-d2.-f1.d2.r0.f0.-d2.f1.d2.r2
525,-d0.f0.f1.d2.-d0.-d0.f2.r0.f2.r0.-d2.f0.-f2.-d0.-r0.-r2.f2.f2.d2.-r0.-r0.-d0.-r0.-r0.d2.r2.r2.-d2.d0.r2.r2.-f1.-d1.f1.r1.d1.f1.-r1.-f1
526,f1.d1.-r1.d2.-f2.f1.r0.f0.r2.-f2.r2.f1.d0.-f0.r0.f0.d2.r1.f0.-d2.-f0.-r0.d2.-r2.-r1.f2.-r1.-f2.r2.f2.r1.-f2
527,d0.f1.-d0.f2.f2.d0.-r1.-r0.d0.f2.-d1.-f2.-r1.f2.-f0.d1.-r0.-f2.-r0.d1.r0.-f1.r2.d2.-f1.-d2.-r2.d2.f1
528,-d1.-f1.d1.f2.d0.f2.-d1.-r2.d0.r0.-r1.-d1.d2.r1.r2.-f1.r0.-d1.f1.-r2.f2.r2.-f1.-r2.f2.f2
529,f2.-r2.d2.d2.r2.r2.-f1.-d2.f0.-d2.f0.r2.-d0.r0.f2.r0.-f1.r2.f0.-r2.-r0.-d1.r0.d1.-r0.-d2.f1.d2.-f1
530,r0.-f0.r2.-d2.r1.f2.-f0.d2.f0.r2.-f2.-r2.-f0.d0.-f2.r1.r1.f0.-d1.r2.d1.-r2.f2.-r1.-f1.r1.r0.-f2.-r0.-f1.r0.f2.-r0.f1
531,d1.-r2.d2.r0.-f0.-r1.-f1.-r1.-f2.f1.r0.r0.d1.-d0.-r0.d0.r0.-d1.f0.r0.d0.d0.-r0.-d0.f2
532,-r0.-d1.r1.-f1.d2.-r2.d0.f0.r2.d0.-r2.-r1.f0.-r1.d2.-f2.-r0.-f1.r2.f1.r0.-d0.r0.-d0.-f1.d0.-r0.d0
533,r1.-d2.d0.-r1.r0.-f2.-r0.f0.-d1.d0.f2.-d0.-f0.r2.-d0.r0.r0.-d0.r1.d0.-r0
534,r2.-f2.-r2.d1.f0.d1.f0.-f1.-r0.-d2.-f1.-f0.r2.d1.r2.-f1.f0.-d1.f1.d1.-d0.f1.r1.-f1.d0.d0
535,d2.-r2.d2.-f0.d1.f2.-f0.-d0.r0.d2.r2.-d2.r2.-d2.-f2.d2.f1.d0.r0.f0.-f1.-d2.-f0.d2.f1.-r0.f0
536,f2.r0.r0.d1.-f1.r2.-d0.f2.-f0.-r0.-f2.-d2.-f2.f0.r0.f2.d1.f0.d2.-r2.d0.-f0.-d0.-r1.f0.r2.-f0.r1
537,r2.f2.-f1.-r0.d2.f2.r0.-f2.f0.-r0.f2.-r2.-r0.-f2.-d0.f2.r0.d2.-f0.-r0.f0.d0.-r2.d0.r2.-f0.-r2.-d0.r2
538,f2.r0.d2.-r2.d1.f2.r1.r1.-d2.-r1.-d2.d1.-r0.f1.d2.-r2.-d2.f2.-f0.-r0.d2.f1.f0.d2.f2.d2.f0.d2.r2.d2.-r2.-d2.-f2.-f0
539,f2.f2.-d2.d1.r2.-d1.-r1.d2.-f2.d2.r1.r0.-f2.r1.d0.r2.r0.-f0.r1.f2.d2.d2.-f2.-d2.f2.-d2.-r2
540,-f1.-r0.-d0.f2.-d1.-f0.d2.d2.r2.-d2.d1.-f2.-r0.-d0.r0.d0.f0.d2.f2.-d2.-f0.-r1.d1.-d0.-r2.-d1.r2.-f1.r2.f1.-r2.d0
541,f2.-f1.d0.-f0.d2.f2.d2.r1.-r0.d2.f2.r1.-d2.r2.-r1.-r0.-f2.-f0.-d1.f0.-d2.-r1.d2.-r2.r0
542,-r1.r0.d1.f2.-f1.-r0.f0.-d0.f0.d1.f2.-d1.-r1.-d0.r1.-d2.-f0.-d0.-r2.d0.r2.-d0.f0.-r2.f0.f0.r2.-f0
543,r0.d0.r1.-f0.-d2.-r0.-f0.-d2.-d0.-r0.-d0.r0.r0.f0.d2.-f0.-d0.-f0.-r1.f0.r1.-d2.-r2.d2.-r1.-d2.-f1.r2.f1
544,-d0.-r2.-d2.-f2.r2.f0.-d1.r2.-r1.-r1.d1.f1.r1.r1.-d0.-f0.-d2.-r1.d2.-r2.f2.-d1.-r2.d1.r2.f1.r2.-f1.-r2.-f1
545,d0.-r0.-d1.-r2.d1.-f1.f0.r1.d2.f2.d0.d0.f0.r0.-f2.r2.d1.r2.r2.f2.d0.r0.f2.-r0.f2.-f1.r1.f1.-r2.-f1.-r1.f1.r2
546,-d0.f2.r2.-f1.-r1.d2.-f2.-r1.-f1.-d1.-f2.-f0.d2.f1.-f0.r2.f2.d0.-f2.-r2.-r1.-d2.f2.-d1.-f2.-f0
547,-f1.d0.f2.-f0.r0.-d2.-r1.-f2.-f0.r2.-r0.d1.r1.-r0.d2.r0.r0.-d2.-r0.d0.-r2.f2.r2.-f2.-d0.f2.r2
548,-f1.d0.-f0.r0.r0.-d2.r2.f1.-d2.r0.-d1.r1.-d2.r2.-d1.-f1.-r1.d1.-r2.-d1.f2.d1.-f2.-r0
549,-d0.d2.-f0.-f0.r2.r2.-d2.-f0.r0.f2.f2.r2.d2.r0.-f0.-d0.-d0.r2.r2.d0.-r0.-r0.d0.r2.r2.-d0.-r0.-r0.f2.f2.-r1.-d0.-d2.-f1.d2.r1.f1.-r1.-f1
550,r0.f2.-d2.-f0.r1.f1.r0.f0.d2.-f1.f0.-d1.-d1.f1.-d2.-f1.d1.-f0.-r0.d0.f2.d2.-f2.-d0.f2.d2.d2.-f2.-r2.r0
551,-f2.-r0.f2.d0.f0.r2.f0.-d2.r0.f0.r2.-f0.-f0.d2.d2.-f0.-f0.f2.f2.d0.-r0.-r0.-d0.-r0.-r0.-d0.-d0.r2.r2.f1.-f2.r1.-f1.-r1.f2
552,-r2.f1.d2.d2.f0.-r0.-f0.d0.-r2.f2.-d2.-d0.-d0.-f2.-d0.-d0.f0.d2.-r0.-r0.f2.f2.-d0.-r0.-r0.-f0.-f0.-d2.f2.f2.-r1.r0.-f1.r1.f1.-r0.d1.f1.-d1.-f1
553,-d2.-f0.d1.r2.-d2.r0.d0.r0.f0.-d1.r0.d1.d1.-r2.f2.d1.r1.-d1.-f2.d1.-f0.r2.f0.-d1.-f0.-r2.f0
554,d1.-r2.d2.-f2.d0.f1.f1.-d2.-f1.-r0.f1.r0.f2.-d1.-f1.d1.-f2.d0.-f2.f1.f0.-r0
555,-r2.-d2.d1.d1.-r1.-d1.-r1.-d2.d1.f0.-d1.r0.-f2.-d1.r2.-d0.f1.d0.r0.-f1.-r2
556,-r2.d0.r1.r1.f2.f2.-f1.-r1.r0.d2.-d1.r1.d2.r2.-f0.-r0.-d2.-r0.d2.r0.-f0.r0.r0.f2.f0.d2
557,-d2.-f0.-d0.-r1.d2.-f2.-d1.-r2.d2.-r0.-r0.f2.d2.r2.-d2.-f2.-d1.r2.-r1.d1.r1.-d0.-r1.d2.-d1.d0.f1
558,r1.d0.-f0.-r1.f0.r0.f2.-d0.r2.d0.-r2.-f0.r2.d2.d1.-d0.-r0.r2.d2.-r0.f0.-r2.f1.-f0.-r1.-f2.r1.-f1
559,f0.r2.-f0.-r1.-d1.d2.r0.-f2.r2.r1.-r0.-d2.r2.f0.d0.-r0.f1.r0.f2.-r0.d1.-f1.r2.r0.r0.-d1.-r0
560,f0.r0.-r1.-d0.-d0.-r0.f2.-r0.f2.-d2.-f0.r2.r2.-d0.-f2.r0.-d2.f2.f2.-d0.f2.f2.-r0.-r0.-d0.f2.f2.d0.d1.f1.r1.-f1.-d1.-r1.-f0.r1.f1.-r1.-f1.f0
561,d0.f2.-f1.-r2.d2.-f0.r1.d0.f2.-f1.d2.f1.-r2.-r0.f0.-r1.-f0.-r1.-f2.d0.r2.f2.-r2.-f2.-d0.f2.d0
562,f0.d2.-d0.f2.-d1.-r0.d0.-f2.f1.d2.-f2.f1.d1.f1.r2.-f2.f1.d0.-f1.-d0.f2.d2.-f2.-r0.d0.r0.f2.f2.-d2.f0
563,-r2.f2.r2.d2.-d0.r2.f2.d0.f0.r2.-f0.r2.-f0.-d2.-r0.-r0.d0.-r0.-r0.d0.r2.r2.f2.f2.d2.f2.f2.r0.-f1.-d1.f1.d1.-r0.-r0.-f1.d1.f1.-d1.r0
564,d0.f0.-r2.d1.f2.-f1.r2.-f2.-r2.-f1.f2.f0.d1.-r2.d0.-r1.d0.d0.-f0.-r2.f0.f0.r2.-f0.r2.d0
565,r2.r2.-f2.-r2.-d2.d0.-r1.-f2.d2.d0.-f0.d0.f0.f0.d2.f1.-f0.d2.r1.d2.-r0.f2.-d2.-f2.-r1
566,r2.d0.f2.-r2.f1.-r2.r0.-d2.r2.f1.-d1.f0.f0.r1.-d2.r1.d2.-f0.-d1.-r0.f1.r0.d1.d0.-f0.r1
567,-r0.f0.-r0.-r0.-f0.-f0.-f2.-d0.-r0.-f2.-d0.-d0.r0.f2.f2.r0.f2.f2.r2.r2.f2.f2.-d2.-d0.-d0.-f0.-f0.r0.-r1.-d1.r1.d1.-r0.f0.f1.d1.-f1.-d1.-f0
568,d1.-f0.d0.f2.-r2.-r2.-r0.d1.f0.-r2.d1.d2.d1.r2.-f2.-d2.-r2.f2.-r1.f2.r1.-f2.-d1.f2
569,-f0.-d2.f1.r0.-d0.f0.-d1.f2.-f1.-f0.-d1.f2.d0.-r0.d1.-f2.-d1.f2.f2.r0.f2.-d1.f2.r0.d2.r0.-d2.r0.r0.-f2.-r0
570,-r2.-f0.-f1.-d0.-r0.f2.-r0.d2.d2.-d0.-f0.-f0.d2.f2.d2.d2.r0.-f0.-f0.-d0.-f0.-f0.f2.f2.d0.f2.f2.d2.d2.-f0.-f0.-d2
571,-f0.-r2.-f2.-d1.f0.-r0.f2.-r2.-f2.-d2.-r2.-d2.-f0.-f0.-d0.-f0.-d0.r0.r0.-f0.-r0.d0.-r0.f1.-d0.r2.r0.-f2.-r2.d0.f2
572,f2.f1.r2.-d1.r2.-d1.f2.-f0.-r2.-d1.-r1.r0.f2.r2.d2.d2.-r0.d2.-f1.d2.r0.f0.f0.-r0.f1.r0.f2.-f0
573,d1.-r2.f0.f0.d2.f0.r2.r1.r2.d1.-r2.-f2.-d1.r0.d0.f1.-d1.-f1.-d2.f2.d1.r1.-f2.-d1.f1.d1.f2.d1.-f1
574,-r0.d2.r0.r2.r2.-f0.-r0.-d0.f2.r2.-f2.-d0.-d0.f0.d0.-r0.-r0.f2.f2.d0.r2.r2.d2.f2.f2.r2.r2.-d2.-f0.-f0.f2.-r1.-f1.r1.-f2.f1.f1.d1.-f1.-d1
575,f1.f1.d1.r2.f2.-f0.r1.d2.r2.-d0.r0.-f2.-f0.d0.r2.d0.-r2.-d0.-r2.-d0.f0.r0.d0.d0.-r0.-f0.d0.-r2.f0
576,-d2.-r0.-r0.f0.-d0.-r0.-r0.f2.d0.r0.r2.-d2.f0.-d2.-d0.-f0.-f0.r2.r2.-d2.d0.-f0.-f0.-d0.-f0.-f0.-d1.r1.d1.-r1
577,d2.-f0.d0.-r0.-r0.f2.-r2.-d0.-f0.d0.-f2.d2.-r2.f0.d2.d0.f2.f2.-r0.-r0.-d2.r2.r2.d2.r2.r2.-d0.-f0.-r1.f1.r1.-f0.-d1.-f1.d1
578,-f2.-d0.f1.f1.-r1.-r0.-r0.-d0.-d0.f0.-r0.f0.r2.f2.f2.r0.-f0.-d2.d0.r2.r2.-d2.f2.f2.d0.-f0.-f0.f2.f2.-d2.r2.-f1.d1.f1.-d1.r2.f1.r1.-f1.-r1
579,-f2.-r1.-f0.d2.r0.f1.-r2.f2.-d2.f0.-d0.r2.f0.r0.-d0.-r2.-f2.r2.f2.r0.-f2.-r2.f2.-f1.r0.f1.r2.-f1.-r0.f1.r0
580,f1.-d0.-r0.f0.d0.r0.f2.-r2.r1.f2.f1.d2.-f1.-d2.-r0.-f2.-d0.f2.-r1.d0.f2.-f1.f0.d1.-r2.-d1.r2.f1
581,d0.d2.d2.r0.-d2.-r0.-r0.-r2.f0.-d0.-d0.r0.-d2.r2.f0.-d2.f2.f2.-d0.f2.f2.-d0.r2.r2.-d0.f2.f2.-r0.-r0.-f0.-r1.-d1.r1.d1.f0.-d1.-f1.d1.f1
582,f2.r0.-d0.r1.d2.-r2.d1.-d2.f1.-r2.d2.f1.-d0.f2.d0.-f1.d0.f0.-d0.-f2.d0.-f0.-r0.-d2.r0.d2.-d0.r0.-f2.f0
583,d1.f2.r2.-r1.-d1.-f1.d0.f2.d0.-r0.-f2.-r0.d2.-r0.f2.-f0.-d0.-r0.-f2.d1.f2.-d2.-f2.-d1.f2.-r2.d2
584,-d0.f1.r1.r1.-d0.f1.r0.-f2.r2.-r0.-d0.-d1.-f1.f0.f0.r0.f0.-r0.-f2.-r2.f1.-d2.-f1.d2.-r1.d2.r1.-d2.-f1.-r2
585,f0.d0.r2.r2.d0.-f0.r0.d1.f2.-d0.-r2.-r0.f2.-r2.r0.d0.-r0.r2.-d0.r2.d0.-r0.-d2.-d0.-f2.-r2.-f0
586,r1.d1.r1.-d2.r2.d2.-r2.-f1.d1.d1.-r1.-d0.-r0.-d0.-r2.r0.r1.-f2.d0.f0.r0.-f0.r2.f0.-r0.d1.f2.d2.-f2.-d1.f2.-d2
587,-f0.-r1.-d1.f0.-d2.-r1.f0.f0.r0.-d0.r1.d2.f0.d2.f0.d0.-f0.d0.-r0.-r2.-f2.d2.d2.f2.-d2.-r0.d2.-f2.d2.d2.f2
588,d2.-r1.f0.r2.-d1.-f1.-d1.f2.-r0.f2.-d2.-d1.-r0.-d0.-r2.r0.r1.-f2.d2.d2.-r1.d2.f0.-r2.-f0.r1.f0.r2.f2.-f0
589,-r0.d2.-r1.-f2.-r0.d1.-r0.-f0.-r1.d0.-r2.-r0.f2.-d2.r1.-d0.-r1.d2.r0.f2.d0.f2.-d0.-f2.r2.d2.f2.-r0.-d0.-f2.d0.r0.-d2
590,f0.r0.-d2.r2.f2.-r2.-f0.d1.-d0.-r0.-d0.-r0.-f2.-r2.f2.-d0.f2.d0.-f2.f0.-d2.-r1.d2.-f1.-f0.r0
591,f2.-r2.-d1.r1.d2.f0.r1.-d1.-r1.r0.d0.-f0.-d1.d0.r2.-f2.-f1.f0.-d2.r2.f0.-r2.f0.r0.-f0.r2.-f0.-r2.-f0
592,-d2.f1.f1.d1.d2.-r2.-f2.r2.d0.r0.f2.f2.r0.-d0.-d0.f0.r2.-f0.-f0.-r0.-r0.d0.f2.f2.-d0.f2.f2.r2.r2.d0.f1.-f2.r1.-f1.-r1.f2.-d1.-r1.d1.r1
593,r0.d2.f1.f1.r1.d2.-f2.r2.d2.d2.-d0.-d0.r0.-f2.-r2.-f2.-d2.f0.d2.d2.f2.f2.-d0.-f0.-f0.-r0.-r0.-d0.r2.r2.d0.f2.f2.d2.d2.d1.-f1.-d1.f1.r1.f1.-r1.-f1
594,-r0.-f2.-r0.d2.r0.-f2.-d1.f1.-r1.-d1.f2.-d2.r1.d2.f2.r2.d2.-r2.r0.-d2.r1.d2.r2.-f2.-r0.f2
595,d2.r1.-d1.-f0.r2.-d1.-f2.r1.d2.d2.f0.d0.-f0.-d2.-r2.d1.r0.-d1.r2.-d0.f2.-d1.f0.d2.-f0.d1.d1
596,d1.f0.r2.r0.r2.-d0.-f1.r1.-d2.f2.r0.d2.-f2.-d2.-d2.-r0.-d0.-r2.d0.-r1.f2.r1.-f2.d0.d0.r2
597,-f0.r0.d2.r2.-f2.-r0.-r0.f0.-d2.f0.-d2.-f2.-r0.-r2.f2.f2.r2.r2.d0.-r0.-r0.-d0.-d0.-f0.-f0.d2.f2.f2.-d2.f2.f2.r1.-r2.-f1.-r1.f1.r2
598,r0.d2.-f2.-r2.-d0.-r2.-f0.r0.d2.f0.-r0.-r0.f0.-d2.-r0.-r0.f2.f2.r2.r2.d2.f2.f2.d2.d2.-f0.-f0.d0.f2.f1.-d1.-f1.d1.f2.-f1.-d1.f1.d1
599,-f2.-r2.f2.r2.-f2.-r2.f0.r1.r1.d2.f2.-f1.d1.d1.r0.d1.f1.-r1.-f1.d0.-f0.-d0.f1.r1.-r0
600,-r1.d2.f1.-r1.-f2.-r2.d0.-f1.d1.-f2.r2.-f1.d2.-r1.-d2.-r2.-f2.r2.r1.-d2.-r1.-d2.r1.d2.d2.-f0
601,r1.-d0.-f0.-d1.f2.-r0.-f1.d0.d0.-r1.-f2.-f0.-d2.d0.-r0.-d0.r0.-r1.-f0.d1.r2.-d1.f0.r1.d0.-f2.-f1.d0.-f2.d0.f2.-d0.f2
602,-r0.-f0.-d2.r2.-f2.d0.-f0.-d1.-f2.r1.d1.f2.-r0.d0.-r0.-f0.-r0.d1.-f0.-d1.f0.r1.d0.-f2.-r1.f2.-d0.-f2
603,-r1.-f1.d2.f2.-r2.-f0.-r0.-f1.-d1.d0.-f0.-r0.-f0.d2.-r2.d2.d2.-r1.-f2.r0.-f0.d0.f2.-d0.-f0.d0.-f2.-d0.-f0
604,-f2.r1.-d2.f0.-r0.d0.r2.f1.-d1.-r2.f0.r2.-r1.f2.-r2.d2.-f1.f0.d0.-f2.d1.-f2.-d1.f2.-d0.r2.-f2.-f0
605,r0.f0.d2.r1.-d0.r0.-d0.r1.d2.-f0.-f1.-d0.r2.-f1.d2.f0.-d2.-r2.-d2.-d0.-f0.r1.f0.d0.-r1.-d1.r1.d1.d0
606,-f0.-r1.r0.-d0.-r1.-f2.f0.-d2.-f2.f1.-d2.-f1.-d2.f1.d1.-f0.r1.f0.f1.-d1.f1.f1.d1.r1.f1.f0
607,d1.f1.-f0.-r0.d2.-f0.r2.f2.d2.d2.f1.f0.r0.-f0.-d0.f1.d2.-f1.r1.f1.d0.-r1.-r2.d1.f0.-d1.-f0.-r0.f2
608,-d2.-r1.-f0.-r2.-d0.-f2.d2.f0.-d2.r2.-f0.-r1.d2.r1.-d2.r2.-d1.-r2.f1.-r2.f1.d2.-f1.r1.f1.f1.d2.d1.-f1.-d1.f1.-d2.-f1.d1
609,-d0.-r2.f1.f1.r1.-f0.-d2.f0.-d0.-d0.f0.f2.r2.-d0.r2.-d0.r0.-d2.r2.r2.f2.f2.-d2.r2.r2.f2.f2.d0.-f0.-f0.f2.f2.-d2.d1.r1.-f1.-d1.f1.f1.-r1.-f1
610,d0.r1.d1.-r0.f1.-r0.-f2.-d0.-r2.d2.d2.r2.f0.f0.-r2.f0.d0.r2.f0.-r2.-d0.-r2.-f0.-d2.f0.-r1.-f0.d2.f0.r1
611,-d1.f2.-r0.f1.d2.f0.r1.-f2.r0.d2.-f0.-d1.-d0.-f2.-r0.-d2.r0.d2.-r2.f1.d2.d0.-r2.-f2.r2.d2.f2.d2.-d0
612,d0.r0.-f0.d1.f0.-r1.-d1.-r2.d1.f2.-r2.f2.r2.f2.r0.-d1.-r2.r1.-f2.d2.f2.r2.-d2.-f2.-r0.f2.-r1.-f2.r0.f2
613,f2.r0.d2.-f0.d0.f2.r0.-r2.d0.r2.d2.d2.-f0.r0.d2.f2.f2.d2.f2.f2.d2.-f0.-f0.-d0.-r0.-r0.-d0.-r0.-r0.f1.-f2.-r1.-f1.r1.f2.-r1.f1.r1.-f1
614,-d0.r2.d2.f2.r1.-f1.d0.r2.f1.d1.-f0.-d0.r1.-d1.-f2.d1.-f1.d0.-f2.-d0.-f0.-d1.f0.-d0.f1.d0
615,r0.-f0.-r2.f1.r0.-d2.f2.-d2.d0.r1.-f1.r0.-d0.-f0.d0.-f2.d2.-r1.d0.-r1.-f1.-d1.f1.-d0.-f2.-d1.r1.d1.-r1.f2.r1
616,f1.-f0.d0.r2.d0.r2.f1.-d1.f2.-d0.f0.f0.-d0.-r1.-f0.d1.-d2.r0.d2.-r0.d2.f1.r2.-f0.r1.f1.f0.d1.-f1.-f1.-d1.f2.d1.f1
617,r0.-f2.r1.-d2.f0.-r2.-d0.-f2.r0.f2.d2.-r2.-d2.-f2.-r0.-r0.r2.r2.-d2.-f0.-f0.r2.r2.-d0.-r0.-r0.-d2.-f0.f1.r1.-f1.-r1.-f0.-d1.-r1.d1.r1
618,f2.-d0.f2.-r1.-d2.r0.-r2.-f2.f0.-d2.-r1.-f2.-r2.d2.f0.r0.-d2.r2.d2.d2.-r0.-d2.f1.d2.-f1.-r2.-f0.r2
619,d1.-r1.-d2.-f0.-r2.f1.-d1.-r1.f2.d0.f2.r0.-d2.-f2.-r0.d2.r1.-d2.-f1.-d0.r1.f2.-r1.f1.r1.-d1.-f2.d1.-r1
620,d1.-f2.-r2.-d2.-d2.-f1.d2.-d1.-d0.-f2.r0.-f2.-d2.f2.-r2.f0.-r2.f1.-d1.f0.d0.-f0.d1.r2.-d0.-r2.d0.-f0
621,f2.-r0.-r0.-f0.d0.-r0.d2.r2.r2.f0.d0.-r2.-f0.-r0.-r0.-d0.-r0.-r0.r2.r2.-d0.-r0.-r0.d2.-d0.-d0.-r0.-r0.-d2.-f0.-r1.f1.r1.-f1.f0.r1.f1.-r1.-f1
622,d2.-r1.-f1.r0.-d2.-r0.-d0.d1.r1.-d0.-r0.-r0.d1.-d0.f2.-d1.d0.r0.d1.-r0.-d0.f2.d2.r0.-d2.-f2.-r0.d0
623,-f2.-d1.f0.-d2.-f0.-d2.d0.d1.r1.-d1.-f2.-f2.-f0.-r0.-d1.-r1.d1.d0.f2.f2.-d0.-f2.-r2.-f2.-r2.f0.r2.f2.f0.d0.-f0
624,-f1.r2.d0.f0.f0.r1.f0.r0.f0.d1.r0.-d1.-f0.r1.-f1.-r2.d0.d0.f0.-d0.-f0.-d0.r2.-r1.r0.-d2.r0.d2.r1.-d2.-r0.d2
625,-d1.f2.-d0.r2.-r1.-f1.-d2.-r2.d1.-f2.f1.-d0.-f1.r2.d0.-f2.-r2.-f2.r2.-f1.r2.d1.-r2.-d1.r1.r0.-d0
626,-r0.-d2.-r2.-f1.-r2.r1.-d2.-r2.f1.r0.f0.-r0.-f2.-r1.f2.r1.d0.f1.-r2.-f1.r2.d1.f2.-d1.f0.d1.-f2.-d1
627,d0.f1.f1.d1.-r0.-d0.-d0.-f0.d2.d0.-f0.-f0.r0.-d2.-d0.f0.-d0.-f0.-f0.d2.-f0.-f0.-d2.r2.r2.d2.-f0.-f0.r2.r2.d0.-f0.r1.d1.-r1.-d1.f0.-f1.-d1.f1.d1
628,d2.-f2.-d1.-r1.-r0.d2.r0.-f2.-d1.-r0.d2.-r2.-f1.-r1.-f2.f1.-d2.r2.-d2.-r2.f0.-d2.-d1.-r2.d0.r2.d2.-r2.-d0.r2
629,d0.f0.d0.-r2.f0.-r1.-d0.d2.f1.-f0.r0.f2.d2.-r2.d2.d2.r2.-d1.r2.-d0.-r2.f0.d1.r2.d0.-r2.d2.-r2.-f2.-r2.f2
630,-r2.-f2.d2.f2.-r2.f0.f0.d2.-f2.d0.f1.f1.d1.f1.r2.-f1.-r2.f1.-r2.-f1.r2.f0.-d1.-f0.d1.d0.-r2.f0
631,-d0.-f2.r0.d2.-r2.r1.d0.-f0.-d1.-r1.-d0.-r1.f0.-r0.d2.r0.-d1.-d0.-r0.f2.r2.f1.-r2.f1.f1.r1.d2.-r1.-d2.f1.f1
632,-r0.-f0.-d1.d0.r2.f2.d0.r2.d2.-f0.-r2.f2.d2.r1.-d2.-r0.f0.r0.-d2.-r2.d2.f0.r1.r1.f2.r1.-f2.r1.r1.-f0
633,f1.-d2.r1.-d2.f0.-d1.-r0.f1.r2.d1.d1.-r2.f0.r2.d0.r0.d0.r0.f2.f0.-r0.d2.r0.r0.-d2.f2.-d2.-f2.d2
634,f2.-d0.-r0.-d2.f2.-f1.d2.r0.-r1.f0.d0.f1.-r0.-d1.-r1.r0.-f1.r1.f2.r0.-f2.-r0
635,r1.-f1.r1.d0.-f0.-r2.f1.-d0.f2.-f1.d1.-r2.-d2.-f2.-d1.f2.d2.-f2.-d0.-r1.d2.-r0.-d2.r1.r0.-d2.-r0
636,f0.d0.-f2.-r0.-f2.d2.-f0.-r0.d2.f2.f2.-d0.-r2.-f2.r2.r2.d2.-r0.-r0.-d0.-d0.-r0.-r0.-d2.f2.f2.-d0.-d0.-f0.-f0.d0.-r1.-d0.-d2.-f1.d2
637,-d2.-f1.-r0.-f0.-r2.-r0.d2.-r0.f1.-f0.r2.d1.-f2.-r1.f2.r1.r1.-f1.-r0.-f1.r1.d1.r1.r1.f1
638,f0.r0.-d0.r0.-d2.-f1.-d2.r2.r1.-d1.d0.r2.r1.-d2.r0.r0.-f2.-d0.r0.f2.d2.-r0.f0.r0.-f0.-r0.-f0.-r0
639,f1.-f0.-r2.d2.-d0.f1.r2.f0.f0.r1.f2.f2.r0.d0.-f0.r2.r2.d2.-r2.-d0.r2.-d2.-r0.d1.f2.-d0.-f2.-d1.f2.d0.-f2
640,-r0.-f1.r2.-r1.-f2.-d0.r2.-d0.-r2.d1.-f2.-d2.f1.-r1.-f1.f2.r1.f0.-r1.-f0.d2.-r2.d2.r1.-d2.r2
641,-f1.-d2.f0.f0.d1.f2.r1.f0.d1.d1.f1.r1.f2.r0.-f2.-d1.f2.-d2.-f2.d0.r2.-r0.d0.-r2.-d0.-d0.-r0.f0.r0.d0.-f0
642,-f2.-r2.-f1.-r1.f1.-d1.d0.f1.r1.d0.-f0.d0.f0.r1.-r0.d2.r1.-d0.r1.-d0.r1.d0.r1.-f1.r0.f1.r1.-f1.-r0.f1
643,-f2.d0.r1.f0.-r0.-d1.-d1.-f1.-d2.r1.r2.d0.f0.r1.-f2.-f0.-d2.r2.-f2.-r2.d2.d2.r2.f2.f2.-r2.-r0
644,-f0.-r0.f0.-r0.-d0.-d0.r0.-f0.-f2.-d0.f2.-r2.-f0.-r0.-r0.-d0.r2.r2.d2.f2.f2.-d2.-d0.-r0.-r0.-d2.d0.r1.-f1.-r1.f1.-d0.f1.d1.-f1.-d1
645,-f2.-d1.-f0.d2.d2.-f0.-d2.r0.r2.f2.d0.-f2.d2.d2.f2.d0.-f0.-f0.-r0.-r0.-d2.f2.f2.d2.-r0.-r0.-d0.-r0.-d1.-f1.d1.f1.r0.-r1.f1.r1.-f1
646,d2.f0.-d0.-r1.-r0.d1.-f2.f1.r0.-f2.-r0.f1.-r1.d2.d2.r1.d2.f0.-r2.-d2.-f2.-d2.f2.-f1.-r1.f1.d2.-f1.r1.f1
647,f0.r0.d2.-r1.f2.-d0.-d0.r0.f0.d2.f2.r0.-d0.f2.d2.-d1.-r0.-f1.r0.f1.d1.-r0.-r1.-d0.-f1.-r0.f1.-d1.d0.r2.d1.r1.-d1.-r2.d1
648,-f0.r0.f1.r0.d1.-r1.-d2.-f1.-f2.r2.f0.f0.r0.-f2.r2.-r0.-f2.d0.-r2.-d0.f2.d0.-f1.r2
649,f0.d0.r2.f2.-r0.f2.f2.-d2.f0.d0.-f2.-r0.d2.-f0.-r0.-r0.-f0.-f0.-d2.-r0.-r0.-d0.r2.r2.f2.f2.d2.d2.d0.r0.r1.-d1.-r1.d1.-r0.-f1.r1.f1.-r1
650,-r0.-d2.r2.d1.-r0.-d0.-f1.r2.r1.f2.-d1.-r1.d1.f2.d1.r0.-f1.r2.-f2.-d2.-d0.r2.f2.-f0.-r1.f0.-r2.-f0.r1.f0
651,f0.-d0.f0.r2.f2.-r1.d0.-r0.f2.-d1.-r2.f2.d1.-f2.-d0.f2.-d2.-r2.d0.r2.d2.r2.f2.-d0.f0.d0.-f2.-d0.-f0
652,d2.f0.-d0.r0.-f2.d0.-r1.-r0.-f2.-r2.-f0.r0.d0.-f2.-r2.-f1.-r0.f1.f0.d2.-d0.-r0.f1.r0.d2.-r0.-d2.-f1.d2.r0
653,r2.d1.-r1.f1.-d2.d1.-r0.-f1.-f0.-r0.r2.-d0.r1.r1.-f2.f0.-r0.-r0.f2.-r0.-f0.-r2.r1.r0.d0.r2.r0
654,r2.r2.d0.r0.-f0.d0.-r0.f2.-d0.f0.-d2.-r2.d0.-r1.-f2.-f1.-r2.-f0.d1.f0.-r0.-d1.-r2.d1.r0.-f0
655,r0.d2.f2.r2.-d1.-f2.r0.-f2.-f2.-d2.d1.d0.r1.-r0.-f1.r0.-f2.-r2.-r0.-f2.r2.f1.-r2.f2.r2.-f2.d0.f2.-d0
656,f0.-d0.f2.f2.r1.-d2.-r0.-d0.-f2.d0.-f1.-f0.-d0.-r0.-f1.-f0.d0.d0.-f2.d0.r0.f2.-r0.d0.-f0.-d2.-f0.-r0.-f0.r0.f0.d2
657,d0.-r0.-f1.r2.-r0.f2.-f0.-r1.d2.-d0.r2.-d0.f2.f2.-d2.f2.r2.-f2.-r2.-f2.-f2.-d2.d0.r0.d2.-f2.-d2.-r0.d2.f2.f0
658,d0.-f0.r0.r0.d2.-r1.d2.r0.-f0.-r0.f0.-d2.-f0.-d1.-d0.-f2.d0.-f0.-r0.-d2.r0.f0.d2.f2.r2.f0
659,r2.d1.-f1.r2.-r1.f0.r0.r0.-d2.-r0.-f2.r0.-d2.-r1.d2.r1.-d2.-f2.-r1.f2.-d1.r1.d2.-r1.d1.-d0.f1
660,-d2.-r0.f1.-r1.-d2.d0.d1.r2.-f2.r2.-d2.f2.r2.-f0.r0.d0.r0.-d0.f1.r2.-f1.-f1.-r2.f2.r2.f1.r0.r0
661,-d0.f2.-r0.-d2.f1.r0.-f0.d1.r2.-f2.-f0.d1.r0.f0.r1.d2.-r1.f2.-r1.-f2.d1.-f0.-f1.r1.-f1.-r1.f1.r2.f0
662,-r2.d1.r0.-f2.d1.-d0.-f2.-d1.d0.-f2.-d2.d1.-f0.-r1.f1.d1.r2.f1.-d0.r1.d0.-f1.-r2.-r1.-f1.r1.-f0.-r1.f1.r1
663,-d1.-f1.f0.d2.r1.d2.-f0.-d1.f0.r2.d0.f2.f2.-r2.-d0.-f0.-d1.r1.d1.f1.r2.-f1.d0.-r2.-f1.r2.-d1.-d0.-f0
664,-r1.d2.-f2.d2.-r2.f0.-d0.-f2.-d0.-r0.-d0.f2.r0.d1.-f2.-r2.-r1.d0.-f0.d0.f0.r0.f2.-r0.-f1.r0.f1.f0
665,f2.r2.-f2.f0.r1.r1.f2.d1.-f2.-d2.f2.d2.d2.-f1.-d0.f1.r0.-d2.-f2.-r0.-d0.f1.r0.-f1.-f0
666,f2.d2.-f1.-d0.r0.d2.-d1.-r2.-f2.-d1.-f0.-d0.f1.f0.r0.-f2.d0.d0.r0.d0.r2.-d0.-r0.d2.d0.f2
667,d1.f0.-d2.-f2.-r1.d0.-f0.-d2.-f0.r1.-f1.d2.r2.f0.-d2.r0.-f2.-r0.-f1.-r2.-f1.r0.f1.-r2.-f1.-r0.f1.r2.f1
668,-f0.d2.d2.-r0.-f0.-r2.d2.f0.-r2.-d0.-f0.-r0.-r0.-r2.d0.-f0.-f0.d0.r2.r2.-f0.-f0.-d0.-d0.f2.f2.d2.d2.f2.f2.r2.r2.-r1.f1.-d1.-f1.d1.r1
669,-r2.d0.r2.-r0.f2.-f1.-r1.-f1.f0.d2.r0.-f1.-d0.-f0.-d1.r1.-f1.d1.f1.f0.f0
670,-r0.-d0.r2.-r1.-f0.f2.-d0.r0.d2.f2.r0.r0.-d0.-r0.-d0.r0.d0.f2.r0.-f2.d2.r0.-d2.r0.d0.r0.-d0.f2.-d0.-r0
671,d0.r0.d2.r0.d2.-f2.-d2.-f2.-d1.-f1.r2.f2.-d1.r1.r0.d0.-f0.-d0.-f1.r2.-d1.f2.f0.-r0.-f0.-r2.f0.r0.d0
672,f1.-d1.-r0.-d0.-f2.-r1.-f2.d0.r2.-f2.-d2.-f2.-d0.-f2.-d2.-r0.d2.d2.-r0.-d0.f2.d0.r0.-d2.-r2.-f2
673,-d2.-r2.-d2.-f1.-d2.f2.-f1.-r1.f1.-r0.-f0.-d0.r2.f0.d2.-f0.r2.-f2.d1.-r0.-d1.-d2.r0.f2.-r0.-f2.d2.f2.-r2
674,r0.-f0.f2.-d0.f2.f2.-d0.r2.r2.-f0.-d2.f2.-d2.r0.f0.f2.f2.-d0.-r0.-r0.-f0.-f0.f2.f2.-d0.-f0.-f0.d2.-d0.-d0.f2.-r1.f1.r1.f2.-f1
675,-r1.d1.-r0.d2.-f2.-d0.r1.d1.r2.d1.-r0.-d1.d2.-d1.-r2.d0.r2.d2.-r2.-d2.f2.d2.-d0.f2.-r0.-f2.d0.-f2.d2
676,-r1.f1.r2.-r0.-f1.d2.-r0.f0.-r1.-d2.r1.d0.r2.-d2.-r2.-d0.-r2.-f0.r2.-r0.f2.-d2.-f2.d2.r1.-f0.-r2.-d2.f0.r0.f0.d2.-f0.r2
677,d0.-r2.d2.r2.f2.r0.d2.-f0.r2.d2.d2.-r0.f0.d2.-f0.-f0.f2.f2.d2.r2.r2.d0.f2.f2.d2.-d0.-d0.r0.-d1.-f1.d1.f1.-r0.d0.f1.-r1.-f1.r1.-d0
678,-f1.-r0.d2.r0.f1.-d0.-r2.f1.d2.f2.-d2.d0.-r2.-f2.-d2.d1.r0.-d1.-r0.f1.d2.d0.r2.-r1
679,r1.-d0.-f2.-f1.d1.-r1.d0.-r0.-d2.-f2.-f2.-r2.-d2.f1.r2.r1.-d1.f1.d1.-f2.d2.-f1.d0.-f2.r1.r0.f2
680,-f2.-d0.-r2.d0.-r0.-f2.f1.d2.f1.d1.r0.-f0.-r0.-d2.-r1.r0.d1.f0.-d1.r1.-f2.-r1.f2.r2.r2.-r0
681,-r2.r0.f2.f2.-d0.r0.-f2.-r0.f0.r2.r2.f0.r2.d1.-f2.-d1.-f0.-f1.-r0.-d1.-r1.r0.-f1.r1.f1
682,f0.-r0.f2.-d0.r2.r2.d2.d2.-r0.r2.r2.-d0.-d0.-f0.-f0.r0.-f2.-r0.-r0.-d2.r2.r2.f2.f2.-d2.-f0.-f0.d0.r2.r2.d2.d2.-r0.-r0.-f0.d1.f1.-d1.-f1.f0
683,r1.-r0.-f1.f0.r2.d0.r2.f2.-d1.f0.r1.r1.-d0.r2.-f0.-d0.-r2.d0.-f1.-r2.-d0.f2.d0.r2.-d0.-f2.d2.d2.d0
684,d0.r2.d0.r1.f1.-r2.f1.-d2.-f2.-r2.-f2.-r0.-d0.-f2.d0.-r2.f2.r0.r0.-f2.d0.r2.-d0.-f1.-d0.f1
685,-r2.d1.d1.f1.-d1.r2.-d0.r2.-d2.-f0.d2.-r0.-f0.-d1.r2.f0.d0.d0.f0.d0.f0.f0.-d2.r0.d2.-r2.-d2.f0.-r0
686,-r0.d1.r2.-d2.-r0.d0.-r0.f2.-d2.-r2.-r0.-d2.d1.f2.d2.-d1.-f2.-d2.-d0.r2.f2.d0.-r1.-d0.r1.f2.f2.-r1
687,-r1.d0.-r1.f0.r2.f0.f1.-r0.d2.d2.-f0.r1.f0.r1.d1.-r0.r1.-f0.-r2.d1.d1.-r1.-r0.-d2.r0
688,-d1.r2.f2.f2.r2.-f0.-r1.-d2.-f1.d1.-f1.r2.-d0.r2.-d1.-f0.-r2.d2.-r1.-d2.r1.-r0.d1.-r1.f0.f1.-d1.-r1.-f1.r1
689,d0.-r0.f1.d0.-f0.-d2.-f0.-r2.-f1.f0.r2.-f2.-r2.d1.f2.-r2.-f2.r2.f2.r2.f2.-r0.f2.d1.-f2.-d2.f2.-d1.-f2.d2.-r2
690,d2.-r2.-f1.-d0.r0.-d2.r0.-f0.r2.-d0.-r0.f0.d0.-f2.r2.r2.d2.-d0.-r0.-r0.d2.-f0.-f0.f2.f2.r2.r2.-d2.f1.d1.-r1.-d1.r1.-f1.r1.f1.-r1.-f1
691,f2.r2.f1.f1.-r1.-f0.r0.f2.-d2.r2.-d0.-d0.-r0.d2.-f2.r0.r2.r2.d0.f2.f2.d0.-r0.-r0.-d0.r2.r2.d2.-d0.f2.f2.f1.d1.r1.-f1.-r1.-d1.r1.f1.-r1.-f1
692,-d1.f2.-d1.-r2.d0.r1.-r2.d0.f2.f2.r1.-d2.-r1.-r2.-f0.-f0.-r0.d2.d1.-r1.d0.r1.f1.-d0.-f1.r0.f1.d0
693,r2.f0.-r1.r0.f1.-d2.d1.r2.-f2.d0.f2.-r2.-f2.-f1.-d2.r1.-d1.r1.-d2.f1.d2.r1.d0.r1.-d0.-r1.-f1
694,d1.-f1.-r1.r0.f2.-r2.-d0.-r1.f0.d0.-f2.d0.r0.f2.-d1.f2.-d1.-f1.-r2.d1.r2.f1.f1.-d2.-r1.d2.-r2.-r0.f1.r0
695,-f1.d0.r0.d2.-f0.-r1.-d2.r2.r2.f2.-d1.r0.d1.-f2.-f0.r2.-r0.-f0.-r2.-f1.r2.f0.r1.d1.-r1
696,r2.f1.d2.d2.r0.d2.-d1.r0.f0.-r1.f2.-f0.-d2.-d1.-f0.-d2.f1.d2.-d1.-r1.d1.d1.-f0.d0.r1.d2.r1.-d2.-d0.f0
697,-f1.d2.f2.-d1.r0.-f1.d0.r1.r1.-d2.r0.d2.-d1.-f2.-d0.d2.f0.-r2.-f0.-d1.-d0.-r2.-d2.r2.r0.-f0.-r0.-d2.d0
698,-r0.f0.-f2.r2.-f2.r2.r2.-d0.-r0.f2.-r0.-f0.-r2.f2.-d2.-r0.-r0.f2.f2.-d2.f2.f2.-d0.f2.f2.d0.-f0.-f0.r2.-f1.-d1.f1.d1.r2.f1.d1.-f1.-d1
699,-d2.f0.d2.r1.d1.-f1.-r2.-d0.-d2.f0.-r2.r1.d0.r2.-r1.d0.r1.d2.r1.d1.-f1.-d2.f1.-d1.r2
700,-f1.f0.-d0.r2.-r0.d2.-d0.-f2.-r1.-d2.r0.-d1.-f2.r0.d0.-r0.-f0.r2.f2.f1.-r1.r2.f1.-r1.-f1.-r2.-f1.r1
701,-d0.f2.-d0.f1.r1.d2.-f0.-r2.f2.f1.-d2.-r2.-r1.-d2.f2.r1.f0.f1.d2.f2.-r2.d1.r2.-f2.-f0.d2.f0.-d2.-f2
702,-d2.-d1.f0.f0.r1.-d2.r1.d0.f0.r2.f2.-r1.r0.-d1.f0.d1.-r2.-r0.f0.-d2.-f0.d2.d0.r2.r2.-d0.r2.-f0
703,r0.d1.r0.d1.-f2.f1.d0.-r0.f1.-f0.-d2.-d0.-r2.-f2.r2.f2.d0.-f0.-d1.f1.d1.-f2.-d1.-f1.-r2
704,f2.r0.-d2.-r1.-d1.-r1.-f0.r2.-d0.-r0.d2.r0.-f2.-r1.f2.f2.d1.-d0.-r1.f1.r1.f0.d0.-f1.-d0.r1.-d0.-r1.d0.-f0
705,r0.d2.f0.-r0.-d2.f0.r0.d0.r2.-f0.-r0.d2.-d1.-r0.-f0.-d0.-r0.d0.-f0.-r2.-f2.-r2.d1.r2.f2.r2.f0
706,-f2.f1.-d2.f2.f2.-r1.-d2.-r0.d2.-r1.d1.r1.-f2.r2.f2.-r0.-f0.r2.-f1.-d0.f1.-f0.d0.r1.r0.d0.-r1.-d0.r1.-r0
707,f1.-d1.d0.-f1.-f0.-r0.f2.-r0.d2.r2.r2.-r1.r0.-d0.-r0.-d0.d2.-f2.f0.-d0.-f0.d0.f2.-d2.d0.d0.f1.-d0.-f1.d2.f1.d0.-f1
708,f2.-f0.d2.r1.-r0.f1.r1.-f2.d2.-f2.d0.d0.-r0.-d2.-f2.r0.f0.f1.-d2.r2.f2.f1.r2.-r1.-r0.d1.r1.-d1.-r2.d1.-f1.r1.f1.-r2.-f1.-r1.f1.r2
709,-r2.d1.r0.-f2.f1.d0.f1.r2.d1.d1.f2.d2.-r0.-f0.-r0.-f0.r0.f0.f0.-d2.-r2.d2.r0.-f2.-d2.f2.r2.d2.f0
710,d1.-r2.-f1.-d0.-r2.d0.d1.f0.-d1.-f2.r0.d2.d1.-r0.-d1.-r1.-f2.-d0.-f2.-f1.r0.f0.r0.f0.r1.-d1.-r1.-f0.-r0.f0.-r2.-f1.r2.-f0
711,d0.f1.-r2.f1.r0.d0.f2.-r1.-f0.-r2.-r2.-f1.d2.r0.-d2.r2.d0.-r2.d1.f1.d1.d1.-r0.d1.r0.d1.-r2.-r0.f1.r1.-f1.r2.f1.-r1.-f1
712,-r0.-d2.f2.-d1.-f0.-r2.-d0.r1.d1.f2.-d2.-r2.-r1.-f1.-d2.-f1.-d0.-f1.r1.-f0.-r1.f1.f1.r1
713,r1.f1.f1.-r0.d0.d0.r1.-f0.d0.r1.f0.-d2.f0.d2.-r1.d1.r2.-d0.r0.d0.-r2.-r0.-f1
714,d2.-d1.-r2.-f0.-d1.f1.r2.f0.-f2.r0.-d0.-d0.-r1.-f2.-r0.f2.-f1.-d1.-f2.-f0.d1.f2.d1.-f2.d1.d0
715,r1.d2.-f0.-d2.-f2.d0.r1.d2.-r1.d0.-r0.-d0.f2.-r2.d2.r2.f1.-r2.-d0.f1.-d1.-f0.d1.-f1.r2
716,-d1.f1.-d1.-f2.d2.-f2.r2.d2.f0.d1.f1.d0.r2.-r1.-f2.d0.-r2.f2.r2.-f2.d0.f2.d0.-f2.r2.f2.r1.-f2.-r2.f2
717,-r1.-d0.-f2.-d2.-f0.d1.-f2.-d0.-r0.-d1.-f2.d2.-f0.r0.-d0.-r0.f1.d0.r0.-f2.d0.f2.-f0.-d0.-f1.d0.-f2.-d0.f2
718,d1.-d0.r2.-r0.-d2.f1.-d2.f2.-d2.d0.f2.f0.f2.-r0.-f0.d0.r1.f2.d2.f1.d2.d2.-f1.d2.d2.-r1.-d2.r1.-d2.-d1.f1.d2.-f1.d1
719,-r1.-d1.r2.f2.d2.-d0.r2.-d2.r2.r2.-f0.r0.r0.f2.r1.r1.f0.r1.d0.-r1.-f0.-r1.f1.d2.-f1.-d2.f0
720,r0.f2.f1.d0.r0.d1.-r1.-d2.f0.f0.r2.-f0.-r0.-d0.r0.f0.r0.f1.-d0.-f1.d0.f2.r2.f0.-d1.f0.d1.-f0.-r2.-f2
721,-d2.-r2.-f0.-d0.f1.d1.r2.-d0.r0.d1.f2.d1.r2.f1.d2.-f1.-r2.-f2.-r1.-f0.r1.-f0.r1.-d0.f1.d0.f0.r0.-f0.-r1.f0
722,-f2.r2.f1.r1.r1.r0.-r2.-d0.-r2.-f2.-r2.f2.-r2.-d2.-r2.-f0.-f0.-r0.-r0.r2.r2.-d0.-f0.-f0.f2.f2.r2.r2.d2.f2.f2.-d0.r1.d1.r1.-d1.-r1.f1.-r1.-f1
723,-r0.f2.-r2.f2.r2.d1.-f0.r2.-f0.-r1.f0.f0.-d2.-r0.d0.-f2.-d0.r0.r0.-d2.f2.r2.f0.-r2.-f2.d2.d0
724,d2.d0.f2.-d0.-d0.-r2.r1.-d1.f1.r2.-d2.-r2.f2.-d2.f0.-r2.-d0.r0.r0.f0.r2.-f0.r0.r0.d2.f0.-r2.-f0
725,r1.d1.-d0.-r1.-r0.-d2.-r0.d0.f0.-r0.d2.d1.-f1.-d0.f1.r0.f1.r2.-r0.d2.-r0.-d0.-f1.-f0.d0.r0.d0
726,r0.-d0.-f2.-r2.-f2.d2.r0.d0.-r1.f0.r0.d2.-r0.-f0.-d0.r0.d1.-d0.f0.d1.-f0.-d1.f0.r0.-f0.-r0
727,-d0.r1.f0.r1.d0.-f0.-d0.-f2.f1.-d0.f0.d0.-f1.d1.-f0.-r1.-d1.-d0.-f0.r0.d0.r2.-r1.-d1.r1.r0.-f1.r0.r0
728,r2.r2.-d2.r1.-d1.-r0.-f0.-f0.-d2.r0.-d2.r1.d0.-r1.-f1.d2.-f2.-d2.-f2.r1.f2.-r1.f1.f1.-r0.d0.-r1.-d0.r1.r0
729,-d0.-r0.-f0.-d2.-f0.r0.f2.-r0.f2.r2.r2.-d2.r2.f2.d2.-r0.-r0.-d0.r2.r2.-d2.-d0.-r0.-r0.d0.-f0.-f0.-r2.-d1.r1.d1.r2.-r1.f0.d1.f1.-d1.-f1.-f0
730,d0.r2.-r0.-f2.-r2.r1.f1.d0.r2.d2.d1.-f2.d0.f1.d0.d0.f0.r0.f1.-r0.-f1.-r0
731,d0.-r2.-d2.f2.f1.d1.r1.f1.d0.f0.-r0.d0.-f2.r2.d2.r2.r2.-d2.r1.d0.-r1.d1.-r1.f0.r1.-f0.-d1.-d0.r0
732,d0.-f1.-f0.-d2.r0.r0.-d0.r2.d0.-r2.-d2.r2.-d0.-r0.-d1.d0.f0.-r0.f2.-d1.f1.d2.-f1.-d2.f0.d2.-f0.d1
733,-f2.-r2.f1.-d1.r1.f0.f0.-d2.f2.r2.f2.d0.d0.-r2.r1.f0.-r1.d2.-r1.-d2.-r2.-r0.f0.-d0.-f2.d0.f1.-d0.-f1
734,-d2.-r0.d2.d2.f0.-r2.f0.-f2.-d2.r2.r2.d2.r2.r2.d0.r2.-d2.-f0.-f0.r2.r2.-f0.-f0.d2.d2.r2.r2.-d0.-f0.-f0.f2.f2.r1.f1.-d1.-f1.-r1.d1
735,-r0.-f2.d0.r1.d1.d1.-f2.-r2.d2.-r2.-d2.r0.d0.f2.-d0.r0.-f2.r0.r0.-f0.-r0.d2.f0.f0.-d2.f0.r0
736,-f2.r0.-d0.f0.r2.-r0.f2.r0.d0.-r2.-d0.d2.-f2.-d2.-r2.-f2.r2.f0.r2.-f0.r1.f0.r1.r0.-d0.-f1.r2.f1.r1.-f1.-r2.f1
737,r0.d2.-f1.-r1.-f2.d1.-r2.f2.-d2.r0.d2.-r2.d0.d0.r2.d0.-r2.f0.-r1.d0.-r2.f0.r2.-d0.r1.r0.f0.r1.-r0
738,r2.-f1.-d0.-f2.r0.f0.-r2.r0.f2.f1.-d1.r1.r1.-d2.d1.d0.f0.f0.r0.f0.f0.-d2.f2.r1.-f0.-r0.f0.-r1.-f0.r0.-f2.f0
739,-d2.-r2.-d2.-r1.d0.-r0.f0.d2.-d0.r0.f0.-r0.-d0.-f2.r0.-d0.r1.-f2.d2.f2.r0.r0.-d1.r0.-f2.-r0.-r2.d1.-r1.-d0.r0
740,-f1.r0.d1.-d0.f1.r0.r0.-d0.r1.f0.-d1.f1.-r2.-f1.r2.d2.r1.r0.-f2.r2.-f1.-r1.-f2.r1.f2.f0
741,d2.-f2.f1.-r1.-d1.-r2.-d0.-f2.-d1.-f1.f0.-r2.f1.-r2.d0.-r0.-d0.-r2.d0.r1.r1.-d0.r2.r2.d0.-r1.r0
742,-r0.-d2.r0.-f0.-r1.-d0.f1.d1.r2.r1.d2.-f0.-d2.f0.-d1.f1.d1.f1.r2.-f1.-d1.-f2.d1.f1.r2.-f1.-d1.f2
743,-r2.-f1.d0.r2.f2.f2.-d1.-d0.f2.-f1.r0.-d1.-r0.f0.-d2.d1.-d2.-r2.-f0.r2.f0.r2.-d1.-r2.d2.d2.r2.d1.-r2
744,f1.-d2.-r2.-d0.f2.r0.d2.-f2.d0.-r0.-d0.-r2.f2.r2.-f1.-d1.-f2.d1.r0.f2.-r0.f2.-d2.r1.-d2.-r1.d2.-f2
745,-f0.-r2.-d0.-r1.-f0.-d2.-f2.f1.-r0.d2.f2.-d1.r1.f2.f2.d0.-r0.d2.r1.d1.-r1.-r0.-f1.r0.d0.r2.-d0
746,f1.-r1.f0.f0.-d1.-f2.r1.-f0.r2.-f1.r1.f0.-r0.-d2.r0.-d2.d0.r2.-d2.-d0.f0.-r2.-d0.r2.-f0.-r2.d0.-r2
747,-d2.d0.f2.r1.-d2.f2.r2.-f2.-d0.-r2.d2.-f1.d0.-f1.-d0.-r0.f2.f2.-r2.r1.r0.f2.r2.f0.-d1.-f2.-f0.r2.-f1.-r1.f1
748,-r0.r2.d0.-r0.-r0.d2.d2.f2.f2.-r0.-d0.-d0.-f0.d2.d2.-f0.-r0.-d2.r2.r2.-f0.-f0.-d0.-r0.-r0.r2.r2.-f0.-f0.-d0.-f0.-f0.d2.d2.-f1.d1.-f1.-d1.-f1.-f1
749,-r0.f2.f2.d0.r1.f2.-r2.-f0.-d0.-f1.-d1.r0.d2.-r1.-f2.d1.f2.r1.d1.f0.-d1.-r1.d1.-r2.-f1.-r0.d2.r0.f1
750,-d1.d0.r2.-f1.-d1.-r0.-f2.-d2.r1.f0.d2.r0.f2.r0.-f2.d0.-r2.-f1.-r2.f1.r2.f2.-d0.r0.d0.-f1.-d0.-f2.d0.f1.-d0.f2
751,-f1.-d2.-f1.-r0.-d0.-f0.r2.f0.f0.r2.d1.r2.-d2.-r2.-f0.r2.-d1.f0.-f2.-r0.-d0.f0.r0.d0.r0.f2.-r0
752,d0.-f2.d2.-f2.f0.d1.-r1.-d2.-r1.-d1.-r0.d1.-f0.-r1.-d0.f2.-d2.r1.d2.-r1.-f2.r2.f2.r1.-f2.-d2
753,r2.f0.d2.-d1.r2.r2.-d2.r2.-f1.d2.-r0.-f1.r0.-f1.f0.r0.f0.-r2.-d2.-r1.-d1.r1.-f0.-d1.f0.d1.-r0
754,r2.-d1.-r1.-f2.-d2.-r0.f0.-f1.f0.d2.-f0.-r0.-d2.-f2.-d2.r0.r0.-d0.r2.r0.f2.-d1.-f0.r2.f0.d1.-f0.-r2.f2.f0
755,-f2.-r1.-f2.-d0.r2.d0.r2.d2.-d1.-r0.f0.-d2.-f0.r0.d2.d1.d1.f2.-d2.d1.-r2.-d1.-r0.-f2.r0.d1.r2
756,f0.r1.-d2.-r0.-d2.-f0.-f2.r2.d2.r2.r2.f0.-d0.-r0.-r0.-f0.-f0.d2.f2.f2.-d2.r2.r2.-d0.-d0.f2.f2.d0.-r0.d1.f1.-d1.-f1.r0.f0.-r1.-f1.r1.f1.-f0
757,-f1.r1.-f2.-d2.r0.-d0.r0.r0.-f2.-d2.d0.d1.-r1.-f0.r2.-d0.-r2.d0.-r2.-d0.r2.-f2.d0.-f1.d1.f1.-d0
758,f1.-f0.-f0.r0.d2.-f2.-d0.r0.-f2.d2.f2.f2.-r2.d2.r2.r2.-f0.-f0.-d0.r2.r2.d2.d2.-d0.-r0.-r0.-d0.-d0.r2.-d1.f1.d1.-f1.r2.d1.-r1.-d1.r1
759,d2.-d0.r1.-f2.-d0.f0.r0.f0.d0.r2.-r1.-d0.-d0.f0.-d2.f2.r0.-f2.-r2.-f1.-f0.d1.r0.f1.-r0.-f1.-r1.d0.r1.-d1.-r1.-d0.r1
760,d2.r0.-d1.-f0.-r2.f1.r0.d1.-r2.-d1.f0.d0.-f0.d1.r0.-f0.-d2.-f1.r0.f2.-r1.-f2.-r0.-f2.r1.f0.-r1.f2.r1.f1
761,f1.-r1.-f0.-d0.-f2.-d0.r1.d0.-r2.f2.-d2.f2.-d2.-f2.-d2.-f2.r2.-r1.f2.-r1.-d1.f0.d1.f1.r1.-f2.-r1.-f1.r1
762,-f1.-d2.r0.-d0.-f2.-d0.r1.r0.r0.-f1.-d1.f1.-f0.-r0.-r0.f2.-f0.-d2.-r2.d2.d2.r2.-d2.f0.r2.-f1.f0.f0
763,r2.-d2.f0.-d2.-f0.-f0.-d0.f2.-r0.d2.-f2.d2.d2.r0.-d0.-d0.-r0.-r0.f2.f2.-d0.-d0.-r0.-r0.-d0.-r1.f1.-d1.r1.-f1.d1.f0.f1.d1.-f1.-d1.-f0
764,f2.-r0.-r0.d0.-f0.-d2.-r0.-r0.-r2.-f2.-d2.-r0.-r0.-f2.-r0.-f0.-f0.-d0.-f0.-f0.r2.r2.d2.d2.r2.r2.-d0.-r0.-r0.d2.r2.r2.-f1.d1.r1.-d1.f1.-r1
765,f0.-d2.f2.-d1.d0.-r1.-f0.d2.f2.-d2.r1.f1.d1.-r0.f0.-r2.d0.r1.-d0.-r1.-f1.d1.-f1.r1.f1
766,d0.-f2.d2.r1.-d0.-f0.-d0.f1.-r1.-d2.d0.-r1.f1.r1.d1.-f0.d2.d0.r0.-d2.r1.d2.r2.f2.-r0.f0
767,r0.-d0.-r0.-d2.-f0.-d2.-r1.f0.r1.-r0.d0.f0.-d0.-r1.d0.r1.f2.d2.-r2.r0.d2.r1.f0.-r1.-f0.r2.f0.-d2.-f1
768,d2.-d1.-r1.-d1.f2.-f0.-r2.r1.f1.d0.d0.-r0.-r1.d1.-f2.-r2.-d2.-r2.-f0.r2.-f1.d2.r1.f2.r2.d1.d0.-r2
769,r0.-f0.-d1.-r1.d0.-f1.d1.r2.f0.d2.-r0.f1.-d2.f2.-r2.d2.r2.-d2.d1.-f2.-d1.-d0.-r1.-r0.f0
770,-d0.-r2.-f2.-r1.-d2.d1.f0.-r1.-f2.-d0.-f2.-d2.-f2.-r1.f2.-d1.f2.-d2.-r1.r0.-f1.r0.r0.-f0.r2.f0.-r2.r0
771,-r0.d2.r2.f2.-r0.-d2.-f1.-d1.r2.f0.-d1.-f0.-d0.r0.-f2.d0.-r0.-d0.r0.f2.-r0.f2.-r2.-d0.f0.d0.r2
772,-r2.-f2.r2.d2.d2.-r2.-f2.r0.-f2.-d2.r0.-f2.d2.f2.f2.d0.-r0.-r0.d0.-r0.-r0.-f0.-f0.d2.f2.f2.r0.-d1.f1.d1.-f1.-r0.d0.f1.-r1.-f1.r1.-d0
773,f2.-d1.-d0.-f2.-d1.r2.f1.f1.r0.-f2.d2.f2.r0.-f0.-r0.f0.-r0.-f2.r0.f0.r1.d2.-r1.-d2.-r0.f2.d2.-f0.-d2
774,f0.f2.d2.-r0.-r0.-d0.-r0.-r2.d2.r0.f0.-r2.d0.-f0.-f0.-r0.d0.r2.r2.d2.d2.-d0.-r0.-r0.-d0.-f0.-f0.-r0.-r0.f2.f2.-d0.f1.d1.-r1.-d1.-f1.r1
775,d2.-r2.-f0.d0.-r1.-d2.r0.d1.r2.r2.f1.r2.d2.-r2.d0.r2.-f0.d0.f1.-d0.-r1.-f0.-r1.-f0.r1.f0.f0.r1.f0
776,-f1.d0.r0.d1.r0.d2.f2.-r0.d0.-f1.-r0.-f0.-d0.f0.d1.-r1.f2.f0.-d1.-r1.-f0.-r0.d0.-f2.r1.f2.-d0.-f2.-r1.f2
777,f0.-d1.-f1.d0.-r1.-d1.-f0.d0.-f2.r2.-f2.-r2.-r0.-d1.-r2.-d0.r2.f2.d0.r2.-d1.r2.d1.r2.f1.r2.-f2.-r2.-f1
778,f2.d2.r0.d2.-r1.-d0.-r2.-f2.-r1.r0.-d2.-r0.f0.-d1.-r2.-d2.r2.-f0.-r2.-f1.d1.-f0.r1.d1.-r1.-d1.r1.f0.-r1.f1
779,r2.d2.f1.-d2.d1.d0.r1.r1.r0.f0.d0.d0.f0.-r2.r0.-f2.r2.d0.r1.-d1.d0.f2.d2.r0.f0.r0.r0.-f0.-r0
780,-f0.r1.-d0.-r0.-d0.r0.-f0.r2.-d2.r2.-d2.d1.-f0.-r0.-d2.f0.-d2.-r2.-f1.-f0.-d1.f2.d1.f0.-d1.-f2.-r2.-f1.-r1.f1.r2.f2
781,r0.-f2.f1.d1.d1.r0.-d2.-r2.-d0.-d0.r2.-f2.d0.f2.-d2.r0.f0.-d2.-f0.-f0.-r0.-r0.-d2.-f0.-f0.-d0.f2.f2.d0.r2.r2.-r0.f1.d1.-f1.-d1.r0.d1.f1.-d1.-f1
782,-d0.-r2.d2.-r0.f2.r0.d0.r0.f2.-f0.-r0.-f0.-r0.f0.f0.-r0.-f0.-d2.r0.-d2.r0.r0.f0.r0.-f0.r0.d0.-f0
783,d0.f0.-r1.d0.f1.-d1.f2.d2.f2.-d0.-r1.-r2.-d2.f2.d2.d2.d0.r2.d2.-r2.-d2.-r2.-f2.-d2.f2.d0.-f2.d2.f2.d0.d0
784,d0.-r1.d0.f2.r2.-r0.-d1.f1.d2.r0.f2.d0.f0.d2.r2.-d0.-r2.-f1.f0.-d1.-r2.d1.-f0.-d1.f0.-r1
785,f2.d0.r2.d0.-r0.d2.r1.f2.-r2.f0.r2.f1.r2.-f1.-r2.f0.d1.-f2.-d1.f2.f0.d0.-f2.-d2.-d0.r2.f1
786,d0.-f2.r2.r2.d2.r0.-f2.r1.d0.-d1.d0.-r2.d2.d2.r2.-f0.d1.d1.f2.d1.r1.-r0.d1.-f0.-d1.f0.-d1.r0
787,r2.d2.-f2.d2.d1.r1.-f1.r2.-d0.r1.-f0.-r1.-r1.-r0.d2.r0.f0.d2.-f0.-r1.d0.-r1.-d0.-f1.-d0.f1.d0.f0.-r0.f1.r0.-f0.-r0.-f1.r0
788,-d0.-r2.d2.f0.-d2.r1.-f0.-f1.-d0.-r0.-f0.-r0.f2.f1.r0.d2.r1.-d0.f1.d2.-f1.d2.-d1.-r1.d0.r1.d1.d0
789,-f0.-r0.d0.f1.r2.f1.r2.d0.-r2.d2.r0.-d2.-r1.f1.-r0.-d1.f2.-d0.-f2.r1.d1.-f1.-d1.r0.d1.-r0.f1.-r1.-f1
790,d2.f2.-f1.d1.r0.r0.-f1.f2.d2.-r0.d2.-d0.-r1.-f2.-r0.d2.-r1.-f0.r2.-d1.f0.r1.d0.f0.d0.-f0
791,d0.-r0.-r0.-d0.-r0.f2.r0.r2.f2.-d0.-r2.f0.-d0.r2.r2.d2.f2.f2.-r0.-r0.-f0.-f0.-d2.r2.r2.-d0.-d0.r2.r2.-f0.-r1.-f1.r1.f1.f0.f1.r1.-f1.-d1.-r1.d1
792,r0.d0.-f2.f0.-d0.r0.-r1.-d0.f2.-d2.-f1.-r1.-f2.d2.-r1.-f0.d0.-f1.-d0.f1.f0.d1.-f1.-d1.r2.d1
793,d2.f2.r0.d1.d1.f2.f2.-r0.f0.d2.-f2.d1.-f1.d0.f0.-d2.-r0.-f1.r1.-d1.-r1.r0.d1.r0.f0.r1.f1.-r1.-f0
794,-f2.-r1.f1.f0.r2.-d2.f2.-d0.-r0.d2.f1.-d2.-f0.-d0.f0.-r0.f0.r0.-f0.d2.r0.-d2.-d0.f2
795,-d0.-f0.d0.r0.f0.r2.r2.d0.-f0.-f0.r0.d2.d2.-r2.d2.d2.-r0.-r0.-d2.f2.f2.r2.r2.d0.-f0.-f0.-d2.r2.-f1.-r1.f1.-r2.r1.-f0.f1.r1.-f1.-r1.f0
796,d1.f2.r2.f0.f0.-r1.-d2.d1.-f2.-r1.f2.f0.-d0.f0.d2.-r1.-f0.-d2.-f1.-d2.r1.d2.d2.-r1.f1.r1.-f1.-f0
797,-r2.d2.r1.f1.d0.-f2.d2.-f2.d2.d2.f2.-d2.-f0.d2.d2.f0.d1.r0.-d1.f1.d0.r1.-d0.-r1.f2.f0.-d1.-f0.d1.r1.-d1
798,-r0.-f1.-d0.-r2.d2.-d1.-f0.d0.r2.-f0.d2.-f2.-d2.f0.d2.d2.r0.-f1.-f0.-r0.d2.f0.-d0.-d1.-r0.-d1.-d1.-f0.-d1.-f2.d1.f0.-d1.f2
799,-r2.d2.r2.-d0.-f1.f0.-d1.d0.d0.-r2.r0.r0.f2.d0.-f2.r0.-d2.d0.-f0.d2.-f1.-d2.r1.d1.f0.-d1.-f0.-r1.f0
800,-d2.-r1.f1.r2.-d1.-d0.f0.d0.r0.-d1.-d2.-r2.-f2.-r2.d0.-r1.f2.-d0.r0.-f1.r2.-d1.-r0.d1.-r2.f1
801,r2.r2.f2.f2.r2.-d0.-r0.-d0.r2.r2.-d2.r2.d2.d2.-f2.-r0.-r0.d2.r2.r2.d2.-d0.-d0.-f0.-f0.-r0.-r0.d0.-r0.-r0.-d2.d0.f1.-r1.-f1.r1.-d0
802,d0.r2.-d2.f2.r1.-f0.f2.f1.r2.d2.f2.-d2.-f0.r1.-r0.d2.r0.f0.-r0.-d0.-r1.d2.r1.d0.r0.r0.d0.f0.-d0.-f0
803,d0.-r2.d2.-r2.-d2.-f0.-r1.f2.-r2.f0.r1.-d2.-f0.-d0.f0.d2.f0.-r2.f0.f0.r2.-f0.-d0.f0.-r0.-f2.-f0.d0.-f0.r0.f2.-r0.-f1.r0.f1.f0.d2
804,d2.-d0.-f1.-r1.-f0.r0.f2.-d0.-r1.-f0.r1.r1.-d0.-r0.-d2.f2.-d0.f1.d0.-f2.r0.d0.r2.-f1.-d0.f1.r2.-f1.d0.f1
805,r2.d2.r1.-f2.-r0.-f2.r2.-d1.f2.r2.-f0.-r2.f1.-d1.-d2.-f1.d1.r2.-f1.-r2.d2.-r1.-d1.f0.-r1.-f0.r1
806,-d1.-f1.r2.f0.-d0.f1.d1.-r1.-d0.-f0.-r0.-f2.r0.d1.-r0.d2.-r0.-f1.-r1.f0.r2.r1.-f0.-r2.f0.-r1.-f0.r1.f1.-f0
807,-d2.-r2.d0.-r0.-f0.r1.r1.r0.f1.-f0.-r0.-f2.-d2.r1.d2.f0.f0.r2.-f0.-d2.-r1.-r0.f0.-r2.-f0.r0.f0.r2.f0
808,-d2.-r2.d2.-f2.f0.r0.f2.f2.f0.d1.-r1.-d2.f0.f0.r0.f0.-d1.-r0.-r1.f2.-d1.f2.d1.-f2.f1.d2.-f2.-d2.-f1.-d1.f1.d2.-f1.d1
809,f2.d2.-r2.-d0.-f2.d1.f1.r2.r2.r1.d1.-f2.-r2.d1.-f2.r2.-f1.r1.f0.r1.f1.d0.-r1.-d0.-r1.-r1.-f0.-r2.f0.-r1.-f0.r2.f0
810,f2.-d0.-f1.r0.-d0.r2.r2.d2.f0.-r1.d1.-r2.d2.r2.-d2.-f2.d1.f2.-d0.f1.-r0.f2.d1.f0.-d1.-f2.-f0.-r1
811,f0.r0.-d2.f2.-d2.-f1.-r2.d2.d2.r0.f1.r0.-d2.f0.-d2.-f0.-r0.d2.r0.-d2.-f0.r1.d2.-f0.-d2.-r1.f0.d1.-f0.d2.f0
812,-d2.d1.-r1.d1.r0.r0.-d2.-d2.-r2.d2.-f2.-d2.f2.-r2.-f2.-d2.d1.r1.-f2.-r1.-f1.r2.f1.-r2.-d1.-f0.-d0.r1.d0.-r1
813,d2.-r2.d1.-f2.-d2.f1.f1.d1.r0.-r2.-f2.r2.-d0.f1.-r2.-f2.r2.f2.-r1.-r0.-f2.-f1.d2.f2.-d2.f1.-r2.d0.r0
814,f2.-d2.f1.-d0.f1.r0.-d0.-f2.-r2.-d0.-d0.-r0.-r1.-f1.r1.d0.-r2.-r2.-d0.r2.r0.f0.d1.-f0.-r0.d0
815,r1.-f0.-r2.d2.f0.-d1.-r1.f0.d2.r0.d0.-r2.-d0.f1.r2.d2.-f1.-f0.-r2.d1.-r1.-d2.r1.d2.-d1
816,-f0.r1.-r0.-d2.-f0.-d2.-f0.r1.f2.-f1.-r1.f2.r0.d1.r2.d1.-r2.r1.-d1.-f0.-d2.d1.d0.f0.r1.-f0.-d0.r0.d0.-r1.-d0.-r0
817,f2.d0.f1.-d0.f0.r2.r2.f0.-d0.-f0.-r0.-r0.-f0.f2.r2.-f0.-f0.f2.f2.-d2.-f0.-f0.f2.f2.-d2.r2.r2.d2.d2.-r0.d1.f1.-d1.-f1.r0.-r1.-f1.r1.f1
818,f0.d2.r0.f2.r0.f2.f2.-d0.r2.r2.f0.r0.-r2.f2.r2.r2.f2.f2.-d2.-r0.-r0.d2.-r0.-r0.d2.d2.-r0.-r0.r1.-f1.d1.-r1.f1.-d1
819,-f2.d2.r0.-f2.d2.d1.r2.r0.-d2.-f2.d2.-r0.d0.r0.f0.-r0.d1.r1.-d1.r1.d1.-r1.-r0.-f1.-r1.r0.-d2
820,d1.-f0.-r2.d0.f2.-d2.d0.r1.f1.-d2.r2.-f2.-r2.f0.d2.d2.-r2.-f0.-r0.f2.f2.-r0.-f1.-f0.d0.-f2.d0.f0
821,-r0.f0.-r1.-f0.r0.-f0.-f0.d0.r0.d2.-r0.d2.f1.d2.f0.-f1.f2.-r0.-r0.d2.f2.f2.-d2.-f0.-f0.-d2.-f0.-f0.d0.r1.-d1.-r1.f1.d1.-r1.-f1.r1
822,-r2.d1.d2.d2.r0.f2.r0.d2.d2.d0.-r0.-d0.f2.d0.r2.r2.-f2.-r0.-r0.f2.f2.r2.r2.d2.f2.f2.d2.-f0.-f0.r2.r2.-d2.-r2.-d1.r2.r0.-f1.-r0.f1.r1.-f1.-r1
823,r1.-f2.-d0.-r0.f1.d1.-f2.-r0.-d2.-r1.-d1.f2.d2.f0.-d1.-f0.-d2.d1.-r2.r0.-f2.-r0.-d2.r0.f2.r2.-r0
824,-d1.-r2.-d0.-f1.-d0.-f2.r0.f2.-d2.-f2.r2.r2.f2.-r2.f2.-r2.-d2.-d1.f0.r2.f2.d0.r1.-d0.f2.-r1.-f2.-f0.d1.-f2
825,-d1.r0.r0.-f0.-r2.f2.r0.d2.-r0.-f2.d2.f1.-r2.-f1.r2.-d1.r0.f2.d2.-f2.d1.-d2.-d0.f1.-r2.d1.f2.d1.f2.-d1.-f2.-d1.r2
826,-r2.f2.-d2.-f0.-r2.r0.d0.d0.-r0.-d2.-r2.-f1.d0.-f0.d1.r0.-d1.-r0.d1.r2.d1.-f1.d2.f1.d1.-f1.-d2.-f1
827,-r0.d2.d2.f1.d0.r0.-f0.-r2.f1.-f0.d0.r0.-f1.r2.-r0.f2.-d0.-f2.r0.f1.r1.-f1.-f0.-d1.f0
828,-r2.-f0.f2.r0.-f2.-r2.-d0.-f0.r0.-f2.d2.f2.-r0.-r0.-f0.-f0.-d2.-f0.-f0.-r0.-r0.r2.r2.d2.-f0.-f0.r2.r2.-f0.-f0.-r2.-f1.r1.f1.r2.-r1
829,-r1.r0.d2.f1.f1.-d0.d1.f1.r2.-d1.-f0.d0.d0.f0.-d2.-r0.d2.-f0.-d2.d0.f0.d1.-f0.-d1.f1
830,f2.r1.r0.f0.d2.-r0.-d0.-f0.r2.r2.-f2.d2.-d0.f2.-d2.-r0.-r0.-f0.-f0.-r0.-r0.d2.-d0.-f0.-f0.-r0.-r0.d0.-f0.-f0.-f2.d1.-r1.-d1.r1.f2.-d1.f1.d1.-f1
831,-f1.-d2.f2.-d2.f1.d0.-r2.r0.f2.-d0.-d2.f0.-d0.-f0.d2.f1.f0.d0.f0.-r1.f1.-r0.-f1.r1.f1.f0.f0
832,-d0.-f2.r2.f2.r2.-f1.d2.r2.-f2.d0.-f0.r2.r2.f0.-d2.f0.-d0.-f0.d2.d2.f0.-d1.-f0.-d2.f0.-r2
833,-r1.-f0.-d2.d1.d1.-r1.-d1.-d0.f0.f0.r2.-r0.f1.-f0.-d1.r0.-d2.-r1.d2.d1.f0.d0.-f2.f0.r2.f2.-r2.f0.f0
834,f0.-r0.-f2.d2.f0.r2.r2.d1.d0.-r1.d0.r1.-r0.d0.-r0.-d2.r0.r0.f0.-d2.-f2.r0.f2.-r2.d2.r1.-d2.r2.d2.-r1
835,-d1.-f0.r1.-d0.-r2.r0.f1.-f0.d0.f0.r2.r0.-d0.-f1.-d2.-d2.f1.f0.r2.-f1.d1.r2.-d2.-r2.d2.-d1.r0
836,d0.d2.-r0.-r0.-d0.-d0.r2.-d0.r2.f0.-d2.d0.r0.d0.-f0.-f0.d2.d2.-f0.-f0.f2.f2.d2.r2.r2.f2.f2.r2.r2.-d2.f2.-d1.r1.d1.-r1.-f2.r1.d1.-r1.-d1
837,d0.r2.f1.d2.r2.d2.-f1.f0.d2.r0.d1.-f1.f0.f0.-d2.-f1.d2.-f1.-d2.f1.d2.-f1.-d1.-r0.-r0.d1.f1.-d1.r0
838,f2.-d2.f1.f1.-r1.-f0.r2.d0.-f2.-d2.-f0.-f0.-f2.-r0.-r0.-d0.-f0.-f0.r2.f2.f2.r2.r2.d0.-r0.-r0.-f0.-f0.d2.-r0.-r0.-d0.-d1.-r1.d1.f1.r1.d1.-f1.-d1
839,-r2.-f0.-r2.d2.-r2.-d1.f1.d2.f1.-r1.-d2.-r1.d2.r0.-f1.r2.-r0.f2.-r1.-d0.-r2.d0.r0
840,d0.-r1.d2.d2.r0.f2.r1.-f1.d2.r2.-f0.d2.d2.-f0.-r0.-d1.f0.-d2.-f2.d2.f0.-d2.-r2.f0.-r0.-f0.r2.f0.r0.r0
841,-d2.-r0.d2.f2.f2.d2.d2.r0.r2.r2.-d2.f2.f2.-d0.-d0.-f2.r0.d2.d2.-d0.-f0.-f0.-d2.f2.f2.-d0.-r0.-r0.d0.f0.f1.-d1.-f1.d1.-f0.d1.f1.-d1.-f1
842,r2.-d0.r1.-r0.f2.f2.d0.f0.-f2.r2.-d0.-f2.-r2.-f0.d2.d2.-r0.-r0.-d2.-d0.-r0.-r0.-f0.-f0.r2.r2.-f0.-f0.-r2.-d1.f1.d1.-f1.r2.r1.-f1.-r1.f1
843,r2.f2.d2.-f1.-r2.r1.-d1.-r2.r1.-d0.f0.-r0.-f1.-f2.-r0.-f0.-r2.f2.r2.-f2.f0.-r0.d0.r0.f2
844,d1.r0.r0.-f2.-r0.d1.f2.-r1.-f2.f1.-d0.f2.-d1.-r1.-f2.f0.r2.d0.r1.r0.d0.-f1.-r0.f1.-d0.-f1
845,-r0.-d2.d0.f0.d2.f0.f0.-r1.-d2.-f2.-d1.r1.-d1.f0.-d2.-f2.d2.-f0.r2.-d0.f2.-r2.-f2.r2.d0.-r2.f2.-d1.-f2
846,f2.-d0.-f1.-r0.f0.d2.d2.-r2.-f0.d2.-f0.-d0.-r0.d2.-r0.-d0.-r0.-r0.r2.r2.f2.f2.-d0.-f0.-f0.-r0.-r0.d2.-d0.-d0.r2.-d1.-r2.-r0.f1.r0.d1.f1.-d1.-f1
847,-d2.-f0.r0.f2.r0.-f0.d1.-r2.f2.d0.r1.r2.f2.f1.d2.-r2.f0.d0.r0.f0.r2.-f0.r1.d1.-f0.-d1.f0.-d0.-f0
848,-d1.-r1.d2.-f0.d2.-d1.f2.d1.d0.f2.-r1.-d0.f2.r0.-f2.f0.-d2.-f1.d2.f2.-r1.d0.-r1.-d0.r1.r1
849,-r2.r0.-d0.-r0.-d1.r2.r2.-f1.-r0.f0.-r2.-r1.d2.-f2.-d1.f2.-d0.f2.-r0.d0.r0.-f2.-r0.-d0.-f1.-d2.f1.d2.r1.d2.-r1.-d2.r0
850,-r0.d0.r1.d2.-r0.f1.-d1.r2.-f1.-r2.f2.f2.-d0.r1.f2.-d1.d0.-f2.r2.f2.d1.f2.-r1.-f2.d1.f2.f2.-d1
851,-r0.f0.r0.-d0.-f2.-r2.f1.r1.r0.-f0.-d0.r1.-r0.f1.r2.-f2.-d1.f2.-r0.-f1.-f0.-r1.-d0.f2.d0.-f2.r1.d0.f0
852,f2.-r1.-f2.r0.f0.-d1.r0.-d0.f0.d0.-r2.r0.-d0.r0.d0.f0.r2.-f2.-f0.d1.-d0.r2.-d1.f0.f0.d1.-f0.d1.-r2.-d1.r2.-d1
853,f2.-r1.-d2.f0.r0.f1.-d0.f2.d0.d1.-r2.f2.f2.r2.-d2.r1.-f0.d2.-r2.-f0.r1.f0.-r1.d2.-r1.d1.d0.-r0.-d0
854,f2.f2.-r0.f0.r1.d1.-f2.-d2.-f0.-d2.f1.-d2.f0.d2.f2.-d2.d0.-r2.-d1.d0.d0.-r0.-d0.r0.d0.-f2.-r1.f1.r1.-f0.-r1.-f1
855,d2.-r1.f2.r0.-d2.d0.-f0.-d1.r2.f2.-r2.-d0.-r1.-r0.f0.f0.-d0.-f0.d0.f2.-f0.-r2.d2.r2.d2.d2.r2.-d1.-r0.d1.-r2.d2.d0.f0.-d0
856,-d2.-d1.-r0.-f0.r2.r2.d2.f0.f0.-r2.-d2.-r0.d2.-d0.r2.r2.-d1.-r0.d2.-r0.f0.-r1.-f2.r1.-f0.-r0
857,f0.-r0.-f0.-d0.-f1.f0.-r0.f0.f0.-d2.r0.-f2.d2.-r0.-f0.d2.r0.-d2.f0.d1.-r0.-d1.r0.-d1.-f1
858,r1.-f0.r1.-d1.-r2.d0.f0.-r2.-f1.-d1.-d1.f1.-r1.d2.r0.-d2.r1.-r0.d2.f2.-r2.-f2.-d0.r2.-d2.-r2.d0.r2
859,-d1.r1.f2.d0.f1.r0.-d0.-f2.f1.-r0.-d0.-r2.-d2.r2.-f2.-d1.-f2.d1.-f1.-d2.r0.r0.d1.r0.-d1.r0.d2
860,-r0.-r0.-r2.-f0.-f0.f2.r0.d0.-r2.f0.-r0.-r0.f2.d2.-r0.-r0.-f0.-f0.d2.d2.-f0.-f0.f2.f2.d2.-d0.r1.d1.r1.-d1.-r1.-r1.f0.f1.-r1.-f1.r1.-f0
861,r2.f2.-r1.-f0.d2.d2.r2.f0.-d1.r1.-d2.r2.-f1.-d0.-r0.f2.d1.d0.f0.f1.-d2.-f0.-d0.-r2.-d1.-r1.d1.r2.d1
862,d2.r2.-f2.f1.d2.d2.r1.f0.-f2.r0.f0.-r0.f2.-r2.-r0.-d0.-r0.f1.d0.-r0.-d0.-r0.f0.r0.-f1.-f0
863,f0.f1.f0.f2.f2.d0.-r2.d0.-r0.-r2.-f2.-d2.-f2.r2.d2.d2.f2.f2.-r0.-r0.d0.r2.r2.d2.-f0.-f0.-d0.-d0.f2.f2.d2.-f2.-r1.-d1.r1.d1.f2.r1.f1.-r1.-f1
864,-r0.d0.r0.r0.-d2.d0.r2.-f2.-r0.-f2.-f0.-d2.-r0.-d2.-r0.d1.d1.r1.-r0.-d0.r1.-d1.-r1.-f2.-d1.f2.d1.d0
865,f2.-f1.-r2.-f0.-d0.-f0.-d2.-f1.d1.-d0.f2.r2.r1.d0.-f1.f0.r2.f1.-r2.-f0.r2.-d0.f0.-d0.-f0.d2.d0.-r2.f0
866,d0.-f0.r2.-d2.-f1.d1.-f2.d0.-f2.d1.r1.-d0.-f0.-f1.-f0.-f1.d0.-f2.d1.f1.-d2.-d1.-f1.-r1.f1.f1.r1.-f0
867,f2.d1.-d0.r1.-d0.-r0.f0.r2.-f1.f0.d2.f2.-d2.-f2.-r1.f2.d1.d1.r0.d1.-f0.d1.f0.r0.f1.-r0.-f0.r0.-f1.-r0.f1
868,d1.r2.-r0.-f1.-d2.d1.r0.-d0.-f2.r1.d2.r0.-d1.-d0.f1.-d1.-f1.-d2.-f2.-r1.-f2.f1
869,d2.r1.d1.d1.-f2.f1.-r0.d0.f2.-r1.-f0.-f0.r0.f0.-r1.f1.r2.-d2.-r2.d0.r1.d1.f2.-d1.-f2.-r1.-d0
870,r1.d1.f2.-d0.-r2.d1.-r2.f0.-r0.f2.-r0.d1.f0.-r0.d2.-r0.d0.r2.r0.f0.r2.-f0.r0.r0.-f0.r0.r0.f0.-r2.-f0.r0.f0
871,f1.d0.r0.-d0.-f2.-r0.f2.r2.f1.d1.-f2.-d0.-r1.d0.-r2.f0.r1.-f0.r1.r1.f0.-r1.-f0.r1.-d0
872,r2.d2.-r0.f1.r2.-r0.-r1.-f1.d2.r0.-d2.f2.f2.r2.-f2.-d2.-d1.-r2.f0.-d0.f2.-d1.f2.d1.-f2.f1.r1.-f2.-r1.-f1
873,d2.-f2.f0.-d2.-r0.-d1.-f2.-d2.-f2.-r1.f2.-r2.-r2.d2.d2.-f0.d2.d2.r2.d2.-r2.d1.f0.-d0.-f0.-d1.f0.d0.-f2
874,r2.f2.d2.f0.f0.-r0.-f2.-d1.f0.-d1.-f0.-d0.-r2.d0.-f2.-d0.-r2.f2.-r1.f0.d1.r2.-r1.r0.-d2.-d0.f0.-d1.-f1.d1
875,r2.f1.-f0.-d1.-f2.r1.-f1.-f0.d0.f0.-d2.-f0.-d0.f2.d2.d2.r0.-d2.-r0.d1.r0.-f0.r2.-d0.-r2.f0.r0.-f2.d0
876,d2.r0.f0.d2.r1.-f2.r2.-d1.f0.r2.-d0.-f2.-f2.r2.r0.d1.-r0.r2.-f1.-f0.r2.f0.f0.-d1.-f0.-d1.r0.d1.-r0.d1.-r2.-r0
877,-f2.r1.-d2.-r1.-f0.r2.d1.-r0.f2.f1.-f0.r2.d1.-f0.d2.r0.f0.d2.-r2.-f0.-r0.-d2.f0.-r2.d2.f2.-d2
878,-f2.-r2.f2.f2.d0.-f0.-f0.d2.f2.-r0.-r0.f2.-d2.-r2.-d0.-d0.-f0.-f0.-d2.-d0.-d0.r2.r2.f2.f2.r2.r2.-f0.-f0.d0.-f2.r1.f1.-r1.f2.-f1.d1.f1.-d1.-f1
879,f1.r2.-d1.r2.d2.d2.-d1.f2.-f1.-r1.-d2.-f1.-r2.-r1.-f1.d0.-r0.d2.r1.-d2.r0.d2.r2.-r0.-f2.-r0.f2.r0.r0
880,d2.-r2.f0.r2.d2.-f2.d1.-r2.f2.-r2.f2.-f0.r0.-f2.-r0.f1.r0.-f2.f0.r1.d0.-f2.-d0.r2.d0.-f1.-d0.-r2.d0.f1
881,-r0.-d1.r2.f2.d1.f0.-d0.-f0.d0.-f2.-r0.-d1.-f2.-d2.f2.f2.d2.-r0.-d0.r0.d0.-f2.-d0.-r0.d0.-r0.d0
882,f2.d0.d0.f2.d0.f0.-d1.f1.-d0.d2.-r0.d2.-r2.-d2.-r1.-f0.-r0.-d1.r2.-d2.-r2.-d0.-f1.r2.d2.-r2.-d2.-f2.f1.d1
883,-r0.d0.-f2.f0.r1.d1.-f0.-d2.r1.f0.d0.f2.d0.d0.r0.-f2.-r0.d0.-r2.f1.f0.d0.-f2.d0.f2.-d0.f2.-d0.-f2
884,f2.r2.f2.-f1.d1.f0.r0.-f2.r2.-d0.-f0.r2.-d0.-f0.-r2.-d2.f2.f2.-d2.r2.-d2.-r2.d2.f2.f2.-f0
885,-r2.r1.-d1.-r2.f2.-f0.r0.d1.-r1.-d0.r2.r2.d2.r2.-d2.-r0.-f0.d2.-r1.f0.r1.f0.r2.r2.-f2.-d1.f2.-r2.-f2.r2.d1.-r2.f2
886,-r2.-f2.-d2.-r2.-f2.-r2.-d2.-f1.d1.d0.f0.-d0.-f2.-r0.f2.r0.-f0.r2.-r0.-f2.f0.-r1.f2.-r2.-r0.d2.r0.r0
887,-r2.r0.d1.-d0.f2.r0.-r2.-d0.f0.d2.r2.f2.f2.-f0.-r2.-f2.r2.-f2.-r2.-f1.d1.f1.r2.-d2.r1.r0.f1
888,d0.f1.-r2.r0.-d0.r1.r1.-f0.-r1.d1.f1.d2.d2.-f0.r2.r2.-f2.-r2.-d2.-r2.-d1.-r1.-d2.d1.d0.f1.-d0.-f1
889,-f0.-d1.-r2.d0.-d2.r0.-f1.-f0.-d0.d2.-r2.d2.r2.-f2.d2.-f2.-r1.f0.-r0.f1.r0.-f1.r1.d1.-f1.-r1.f1.-d1.-f0
890,-f2.f1.f1.r1.-d2.-f0.-f0.-d0.-f2.r2.r2.d2.d0.-r0.-r0.-d0.-r2.f0.f2.f2.d0.f2.f2.d2.r2.r2.d2.d2.-r0.-r0.-d2.-r1.-f1.r1.f1.-d0.r1.-r2.-d1.-r1.d1.r2
891,-r2.-f2.r1.-f2.f1.r2.f0.-r2.d2.-r1.f0.-r2.-d2.f0.f1.-d0.-d0.-r0.d0.-r1.-f2.-r1.f2.d1.r1.d2.-r1.-d1.r1.r1.f0
892,-r1.f2.-r0.f2.f2.d2.-r0.-r0.-d1.-r1.d2.-f2.r2.-d0.-f2.-d1.f1.r2.f1.-d0.f1.-r2.-d1.r2.d0.-r2.d1.d1
893,-d2.d1.f1.-r0.f2.f2.-d1.d0.r2.-r0.f2.f1.d2.-f0.d2.-d0.r2.d0.-f2.-d2.f0.d2.-f2.r2.f2.-r0.-f2.-r2.f2
894,-d2.-f0.d0.-r0.f1.-r2.f1.d1.f2.d1.-d2.r2.-d0.-r2.d1.d0.-f2.-d0.r2.d0.-r2.f1.r2.d0.-r2.-f1.d0.f1.-d0.f2.d0.-f1
895,-r2.r0.d2.f0.d2.r0.-f2.d1.d1.f2.d0.-r0.f1.-f0.r2.f0.-r2.-f1.-f0.-d0.r0.d2.-f0.-r0.r2.-d0.-r2.-r0.f0.r0.f0
896,r2.-d0.-f1.-r1.-f0.-d2.-f0.-d1.d0.-r2.d2.-r2.-d2.r2.d2.f0.-d2.f1.f0.f0.r0.d0.-r0.f0.-d0.-f1.d0.f1
897,-d1.-f0.d0.r2.-d2.d1.d0.f1.-r2.f1.-d0.f2.r0.-d2.-r1.-d1.-r2.-f2.r2.-f1.r1.f2.-r1.-f2.f1.d1.-r0
898,-r1.-f2.d0.f0.r0.d2.d2.-r2.f1.d2.f0.r0.-f1.-r0.d2.-f0.-d2.r0.-f0.-r0.-f2.d1.d1.-f2.d1.-f0.-d1.f2.d1.f0
899,r0.f1.-d0.f2.r2.-r0.f2.-r1.-f2.-d0.f2.d2.-d1.-r1.f2.r1.f2.d2.-r0.d2.f2.-d2.-r1.r0.d1.-r0.-d1.r1.-f2.d1.-f1.-d1.f2.d1.f1
900,-d0.-r0.-f1.r2.-f2.r2.-d2.-f2.-r1.-f0.-d0.f0.d0.-r2.-f0.r2.-f2.-d1.-f0.-r2.f0.d0.f1.-d0.-f1.d1
901,d2.r0.-f2.f0.r2.f0.d0.f0.-r2.d1.-f2.-f0.-r2.r1.d2.d2.r0.-f0.d0.f0.d2.-f0.-d0.f0.d2.-r2.-d2
902,-d0.r0.r0.-f1.-d1.-f2.r1.f1.-f0.-d0.f0.r0.f1.r0.-f2.-d2.f0.-d1.r1.-f0.r2.-r1.-d0.-r1.-r0.d0.-r2.f0
903,-d0.f2.-r2.-d0.-f2.-r0.-d1.d0.f0.-d1.r0.d0.-r1.d1.-r2.-r2.-d1.-f2.r1.d1.-f1.-r0.-f1.-r1.r0.f2.r2
904,-d0.f2.f2.-d0.f0.-f2.-d0.f2.-r0.-d2.-f2.r0.r2.-f0.-f0.-d0.-f0.-f0.r2.r2.d2.-f0.-f0.-r0.-r0.-d2.-f0.d1.-r1.-d1.r1.f0.-d1.f1.d1.-f1
905,f0.-d1.-f1.r1.d0.-r0.d2.r0.f2.-r0.-d2.-f2.f0.r2.-d2.-f1.r0.d1.-r0.r1.d1.-r0.-f1.d1.f1.r0.-d1.-r1.d1
906,-r0.d2.-f1.f0.-r0.f0.r0.d0.r2.-r0.-d0.-f2.d2.-f0.r1.-f0.-r0.-f0.r2.f0.r0.-f0.-r2.r0.d0.-r2.d1.-r0.-r1.f2.-r2.-f1.r2.-f2
907,d2.d2.-f1.r0.f2.r1.d0.d0.-r0.d1.-f1.-r0.-d1.-f2.-r1.d0.-r0.-d0.-r2.d0.-f2.f0.d0.r1.-f2.-r2.f2.r0.-f2.r2.f2
908,-f1.-d2.r0.-d2.d1.-f2.d0.d1.-f1.r1.-f1.r2.-f0.r0.d2.f1.-r0.-d2.-d2.f2.r0.f0.d2.r2.-d2.-f1.-r0.-f2
909,f0.-r2.d2.r1.-d1.f0.r2.-r0.-d1.r1.d0.r0.d0.-f2.-d0.-r1.-r0.d0.-r2.-f0.d2.-r1.-d2.f0.r2
910,-d2.d1.-f1.-d2.f0.r2.d0.-f1.-d2.-r2.f1.-r0.f2.d0.-r1.r0.-f2.r2.-f1.d2.-f0.-d1.f0.-d2.-f0.d1
911,r2.d0.-d1.d2.d2.r2.d0.-f2.-r0.-d2.f2.-r0.-f2.r2.d0.r2.r2.f2.f2.-d2.f2.f2.-d0.-d0.-r0.-r0.f2.f2.d0.r2.-d1.-r1.d1.-r2.d1.-f1.-d1.r1.f1
912,-f2.r2.r2.-d2.r2.f2.-r1.f2.r2.r2.-d2.-f2.-f2.d2.d1.-r2.f2.-f0.-r0.f0.r0.f2.r2.-f2.-d0.f2.-r2.f2
913,f2.d1.-r2.d2.-d1.-f2.-r0.-f1.-d2.f0.-d2.-r2.-f0.-f1.d2.r0.-d2.-r0.f1.-d2.-f0.d2.f2.d2.-f0.r0.f0.-d2.-f2
914,-f0.r0.d1.-f0.-d2.r2.r2.-f0.-d0.-r0.-r0.-f2.-r0.-r0.d2.d0.-r0.-d0.r2.r2.-f0.-f0.-r0.-r0.-f0.-f0.-d2.f2.f2.r2.r2.d2.-r0.d1.r1.-d1.-r1.r0.-d1.-f1.d1.f1
915,r2.-f2.f1.f1.r2.-f2.-r2.r0.d0.-d1.f2.-r1.-d1.r0.d0.r1.-f2.d0.-f1.r1.-d2.-d0.d1.f1.-d0.-d1.-r1.d0.f0.r1.f1.-r1.-f0.r1.-f1
916,r1.d2.-f0.-r2.f2.d1.-r1.-f0.-d2.-r2.d2.f0.d1.d1.f2.-d1.-f2.d2.-r0.-f1.r0.-d2.-r1.-d1.-f1.d1.r1.d2
917,r0.-f2.-r2.-d1.-r0.-f2.r0.-d1.-r0.r2.d2.-r2.r1.d2.-r0.f2.-f1.-r2.-f2.-d2.r2.-f2.r1.-f2.-r1.f2.r1.f2.-r1
918,-r1.-d2.-r0.f0.r2.f2.r2.r0.-f2.r2.d1.r0.-f0.-d0.-r0.-d1.r0.f2.r2.-f2.-d1.-f0.-r1.-f1.-d2.f1.r1.f0
919,-r2.-d2.d0.-f2.d1.r1.-r0.-f0.-d0.-r1.d0.-r1.d1.-f2.d2.f2.-d1.-f1.d1.r1.-d0.-r1.-d1.-f0.d2
920,-d2.r1.d2.d2.r2.r2.-d2.d0.f0.-r0.r2.f2.r0.d2.d2.-f0.-d0.-r0.-r0.-d2.-f0.-f0.r2.r2.-d0.-f0.-f0.d0.-r1.-f1.-d1.f1.r1.d1.-f0.f1.-r1.-f1.r1.f0
921,-r2.r0.f1.d0.-r0.-d1.f1.d0.-r1.f0.-r0.-d0.-f2.-r2.r0.f1.r1.f0.d0.-f0.-r1.-r1.-f1.-r0.f1.r1.f2
922,r1.f2.-d2.d1.-f0.r2.-d0.-f1.-r1.-d2.r0.f2.f0.r1.f1.-f0.r0.d2.r0.f0.-r0.-f0.-r0.-d2.-d0.f0.-d2.-f0.d0.f0
923,r2.-r1.-r0.-f0.-f2.-r2.-f2.-r0.-f0.-d0.-d0.-r0.f2.-r2.-f0.-f0.-r0.-r0.d2.d2.r2.r2.f2.f2.d2.-d0.-d0.-f2.-d1.f1.d1.f2.-f1.r1.-f1.-r1.f1
924,r2.d0.-r2.r1.-d1.f2.r0.f0.-d2.-f2.f0.-r1.-d2.-d1.r2.-f2.r1.f2.-r2.-d2.-f1.d1.d1.-f0.d0.f0.-d1.-f0.-d0.f0
925,-d2.f2.r2.-r1.d0.f2.-f1.d0.f2.f0.-r2.f0.-d0.-r1.-d0.-f2.d0.r1.-d2.r2.d2.-f2.-r1.f2.f0.-d1.-f0.d0.f0
926,-d1.-r0.f0.r2.f2.-r2.r1.f1.-d2.f1.-f0.-r0.-d2.-f1.-r0.-f1.d0.f1.r0.-d0.-r0.f2.r0.r0.-d2.r0.-f2.-r0.d2.r0
927,-r0.-f1.d2.f2.r1.d0.d0.f2.d0.-f0.r1.d0.f2.-f1.d0.-r0.-d0.f1.d0.f2.-r1.r0.d1.-r0.-d1.r1.-f2
928,-r2.f1.-d2.f0.-d2.r1.f2.-f1.r1.f2.r2.-d2.d0.-r0.-f2.-r0.-f1.-f0.-d0.f0.d1.-f0.-d1.-f0.r0.f0.-r0.-d0
929,-d0.-f2.-d2.f0.-d0.r2.-d0.r0.f2.r0.f2.-r2.-d1.r2.-r0.d2.r2.d2.f2.r0.-f2.-r1.-f0.-d0.f0.r1.-d2
930,f2.-d0.f2.d0.-f0.d0.f2.d1.-d2.-r2.d2.r1.-f1.-d2.-r0.f1.d2.-f1.-r0.f1.-d2.d1.-f0.-d1.-f2.d1.f0.-d1
931,-d0.-d1.d2.r2.f2.r2.r2.-f2.r0.-f0.r2.r2.f2.-d0.-r0.-f0.-f0.-r0.-r0.-d0.-d0.-r0.-r0.d0.-r0.-r0.-d0.-f2.-d1.f1.d1.f2.-f1.d0.r1.-f1.-r1.f1.-d0
932,-r1.-f2.d2.f2.-d1.f0.-d2.d0.f0.-d2.-r0.d0.f0.-d2.-f0.d2.d0.r0.d0.-f2.f0.-r2.f2.r2.-f0.-d0
933,f0.-f2.-d2.-r0.-f0.-f0.f2.-r0.-r0.r2.r2.d0.-r2.f2.r0.-f0.-r0.d2.d2.-r0.-r0.d2.r2.r2.d2.-d0.-f0.-f0.f2.f2.-d2.-r0.-r0.f1.-d1.-f1.d1
934,f1.-r1.f2.r0.-d1.-f1.-r2.-d0.-d0.-r2.f2.-f0.-d0.r2.f0.-f2.f1.-d0.f2.-f1.r2.f1.f0.d0.-f0.-d0.-r0.f0
935,r1.-f1.r1.-f2.-d0.f0.-r2.-d2.r0.d2.-r2.r0.f2.-r0.d2.-f0.-d2.r0.f0.r1.-r0.-r0.-f0.-r0.-f1.-d0.-r0.d0.r0.f1.f0
936,d1.-f2.r2.-r0.d1.f0.-r0.d0.-r0.-r0.d1.f0.r1.-f0.r0.-f2.d0.-f2.d2.f2.-d1.-d0.-f2.-d2.f0.d1.-f2.-f0.-r2.-f1.r1.f1
937,-r2.f2.-f1.r1.-r0.-d1.-r0.-f1.d2.-f0.r2.d0.-f0.-r1.f0.r1.-d1.r2.-r1.f0.r1.f0.d1.-f0.-d1.-r1.-r0
938,-d0.-r2.d2.f2.-f1.-r0.d1.-r0.-f2.-r0.f0.-d0.f1.-r2.-f1.r2.-f1.-f0.r2.-f0.-r2.r1.r0.-d2.f0.d2
939,f0.-r2.d1.f2.-f1.-f1.-d0.-r2.d1.d0.f2.-f0.r2.f2.-r0.d1.-r2.r0.f0.r1.-f0.-r0.f1.-r1.-f0.r1.-f1.-r1.f0
940,r2.f1.r1.-r0.d0.-r0.d2.f2.f1.-r0.d1.-d0.-f2.r2.f2.d1.f2.-d1.-f2.-r1.-d1.r1.-f0.r1.f1.f0.-r2.-d0.r2.d1.-r2.d0
941,d1.f0.-r0.f1.-f0.r2.-f1.-r0.-d2.-r2.-r2.d2.r2.-f2.r2.f0.r2.-f2.d2.-r2.-d2.d0.f2.-d0.-f0.-r0.d2.-f0.d1.f0.r0
942,-d2.-r2.f0.d2.f2.d0.-r0.d2.-f0.f2.r2.-f0.-r0.-f0.-f0.f2.f2.d2.d2.-d0.-f0.-f0.d2.f2.f2.r2.r2.-d0.f1.r1.-f1.-r1
943,d2.f0.-r0.-d2.f2.r0.-d2.f0.d2.f2.-r0.d0.r2.-d0.-r0.-r0.r2.r2.-f0.-f0.-r0.-r0.-d0.-d0.-r0.-r0.d0.r0.-f1.-d1.f1.d1.-r0.f1.-d1.-r1.d1.r1.-f1
944,r0.r0.d0.f0.-d0.-r2.-d2.d0.-f0.-d0.-d0.-r0.-r0.r2.-d2.-r0.-r0.d2.d2.r2.r2.-d2.f2.f2.d2.f2.f2.-d0.r0.-d1.-r1.d1.r1.-r0.f1.-d1.-f1.d1
945,-f0.d1.-d2.-d0.-d0.f2.d2.r2.r2.-f0.-r0.f2.-r0.f2.r0.d2.d2.f2.f2.-d0.r2.r2.-d2.r2.r2.-d0.f2.f2.d0.-r0.-f1.d1.f1.-d1.r0.r0.f1.-r0.-r2.d1.r2
946,r1.-r0.-r0.-f0.-f2.r0.-f0.-f0.-r2.f0.-r0.-r0.-d0.f0.-d0.-d0.-r0.-r0.-d2.f2.f2.-d0.-r0.-r0.-d0.f2.f2.d0.f2.f2.-f1.d1.-r1.-d1.r1.f1.-r1.f1.r1.-f1
947,-f0.r1.d2.f2.d1.d0.-f0.-f0.-d1.-r1.d2.d0.-f2.d0.-f2.r0.f2.f2.-r0.f2.-d2.r0.d2.-f2.d0
948,-r1.f2.f2.d2.-r2.d0.f2.-f0.f2.-r0.f2.d2.r2.r2.-d2.-d0.f2.-d1.r0.f2.r2.r2.-f2.-r2.-r0.d1
949,d2.-f0.-r0.-f2.d2.r0.r1.f2.-d1.-r2.r0.-f2.f0.-r1.-d2.-r1.-d0.f2.d0.-r1.f0.-r1.-f0.r1.-f0.-r1.-f1
950,d2.d2.-r0.-f2.d2.d2.-r0.-d0.f0.d0.r2.f2.-d2.r0.-d0.f2.f2.d0.-f0.-f0.d0.-f0.-f0.d2.r2.r2.f0.f2.f2.-r1.f1.r1.-f1.f0.d1.-r1.-d1.r1
951,d2.-r0.-f1.-d1.f2.r1.r1.-d2.-r2.d0.r0.d1.r1.d2.-r2.d1.-f0.r2.-d0.-d1.r1.d1.-r2.-d1.r1.r1.f0
952,r2.-f2.-d1.-r0.f2.f2.-d1.d0.-r0.-d1.-r2.-r0.f1.d2.f1.d2.d2.r0.-d2.r0.-d2.-r2.-f2.-r0.f2.r2
953,d0.r2.d1.r0.-d2.f0.f2.r2.f2.f2.-r0.-f0.-d2.r2.-f0.-f0.d2.-f0.-f0.d2.-d0.r2.r2.-f0.-f0.-d0.f2.f2.-d0.f1.-r1.-d1.r1.-f1.d1.r1.f1.-r1.-f1
954,d2.f0.-d0.f0.-r2.-d2.-r1.r0.-d2.f0.r0.f2.f2.r1.f2.-r0.d2.-f0.-r1.d2.-r2.-f2.r2.r2.-d2.f0.-d2.-f0
955,-d2.-d1.-f0.r1.f1.-d2.r0.-d0.f1.-d0.-f2.r2.-d0.f1.d0.d0.f0.d0.r2.d0.-r2.d0.d0.f0.-d0.-f2.-f0
956,r1.f1.-r1.f0.d0.f2.f1.d0.r0.-r1.-f0.-r2.-d2.-r2.-d1.f0.r1.r0.-d0.f0.-d0.-f0.d0.r0.d1.-r0.-d0.r0.-d1.-r2.-r0.d0.r1.-d0.r2.d0.-r1.-d0
957,f0.-r1.-d1.r1.d0.-f1.r2.r2.-f2.-d0.-f0.-f1.r2.-f2.r2.r0.f0.d1.-f0.-d1.f2.-d0.-f0.d0.-f2.f0.-d1
958,-d2.-f2.r1.d1.r0.f0.-r1.-d1.f0.d1.-r0.d0.f2.-d0.f2.f2.d0.f2.-d0.r1.d1.-r1.r0.d0.r1.-d0.-r0.d0
959,d2.f1.f1.r2.-r0.f2.-d2.r0.-f0.-f0.r0.d1.d2.-r1.r0.-d2.-r1.d2.-d0.f1.d0.-f1.-d1.-r2.-r0.d1.-r0.d0.r0.-d1.-r0.-d0.r0
960,-d1.-f2.r2.f0.-d2.r2.d2.r0.-d2.-d2.-d1.-r2.f1.-r2.d0.r2.-r1.r0.-f0.d1.f0.-r0.d1.-f0.-d1.f0.r1.-d0.-r1.-d1.r1.d0
961,-f2.d2.f2.r2.-d2.-d0.-f2.-r2.d2.-r0.-r0.f0.-r0.-f2.d2.-r0.-r0.-d0.r2.r2.d0.-r0.-r0.-d2.-r0.-r0.d2.f2.f2.-r1.-r1.-f1.-r1.f1.-r1.f1.r1.-f1.-r1
962,f2.d0.d0.-f1.r0.d2.f0.d0.-r0.d1.-d0.r2.f0.d2.f2.d1.-d0.-f2.r0.f2.-d0.r2.d0.-r0.-d0.-f2.-r2.-d0.r2.f2
963,r0.-f1.-d1.-f0.r0.f0.r0.f2.r0.-f2.-d0.-r1.d0.-f1.r1.r1.-f0.-d2.r0.f0.d2.-r1.-d2
964,-f2.-d1.-f2.d2.r0.-f2.-r1.-d2.d1.f1.-r2.f0.-d1.f2.f2.d1.f2.f2.r0.d0.-f2.-r2.-f0.r2.-f1.-r2.f0.r2
965,-r0.d0.-r2.-f2.r1.f0.r1.-f0.-d0.f0.d2.d2.f0.-d2.-f2.-r2.-r2.-f1.-f0.r1.f1.-d2.f0.-r2.-f0.d2.-f1
966,-d2.f1.-r1.d0.-f1.-r0.d0.f2.r2.-d2.r1.-f1.d2.-r1.-r0.-f2.-d2.-f2.d2.f2.-f1.r1.f0.-r1.f1.r1.f0.f0
967,-d0.f2.f2.-d0.-r1.-d0.f1.-d1.f1.r0.r0.d1.-d0.-r1.-d1.-f2.-r2.f2.-r0.f1.r1.d2.-r1.-d2.-f1.r2.r0.d1.-f0
968,r2.f2.-f0.-r0.-d2.-f0.-d2.f2.-d2.r0.-f2.r1.d0.-r0.-d1.-d0.f0.f0.-r1.f2.-d1.-f0.-r1.f2.r1.f0.-r1.-f2.r1.f0
969,-f2.d0.-f1.r2.d0.r0.d2.d2.f0.f0.d2.f2.f0.-d2.r1.d2.d2.r2.-r1.f2.-r1.d1.-r0.-d1.-r2.-r0.-f2.d0.f2
970,-d0.r1.f1.d1.f1.d0.f1.r2.-d2.r2.-r0.-f0.-d0.-r1.-f2.-r2.f2.d0.f0.d0.-f1.r2.-d0.-r2.d0.-r2.-f0.r2.f1.f0
971,d2.-f2.-d0.-r1.f1.r0.f2.f2.r2.-d2.f1.-r2.-f1.-f0.r2.d1.r0.-d1.f2.d2.f1.d1.d0.r1.r0.-d0.-r0
972,d1.-r0.-d2.-f2.d2.-f2.d0.-r2.r0.-f2.-r1.f2.-r1.-f2.f1.r0.d2.-r0.-d2.-f1.-d1.f0.-d1.f1.f1.-f0.d1.-f1.-r0.f1
973,d0.f1.-d1.-r2.-f2.-d0.f0.r2.d0.r2.d0.-f2.-r2.d0.r1.-d0.-f0.d0.r1.f0.-r1.-d1.f1.d1.d0
974,-r0.-d0.-f2.r2.d1.f2.-d1.-f0.-r2.-f2.-d1.f1.-d0.r2.-d2.d1.-r1.-d1.f2.d1.-f2.-d0.-r1.d0
975,-d0.-f1.-d0.r0.-f0.d1.f1.-d2.r2.-d0.f0.d2.-r2.-d2.r2.-d0.-r2.d2.f2.-r2.-f1.r2.-f2.-r2.f1.r2.r2
976,-d0.-r1.-f2.r2.-d2.-r2.-f0.d2.r0.-d1.-r0.d1.-r1.-d0.-r2.-d1.f0.-r1.-f0.r1.-f0.d1.-f1.-d1.-f0.d1.f1.f0
977,-r0.-f2.-f0.-f0.r0.r2.-d0.f2.d2.-r0.f2.-d0.r2.-f0.-f0.d0.-f0.-f0.f2.f2.-d2.f2.f2.r2.r2.-d2.-r0.-r0.-d0.r1.-r2.d1.-r1.-d1.r2
978,r2.-r0.d2.r1.-f0.r1.-d2.f1.f0.d2.r0.-f2.d1.-d0.r2.-d0.r2.d1.d0.r0.-d1.-r2.-r0.f2.-r1.f1
979,-r0.-d1.r2.f2.r0.f0.-r0.f0.-r2.f2.f2.d2.r0.-d2.-d0.-f2.r2.-r0.-d2.r2.d2.-r2.r0.-f1.r1.-f2.-r1.f1.r1
980,-r2.-r1.-f1.d0.-r2.-f2.-d2.f0.-r0.d2.f2.f1.-r0.-f0.-d0.-r2.r0.f0.-d1.f0.-d2.r0.d2.-f0.d1.f0
981,-d2.f2.-r1.r0.-f0.r2.-f1.-f1.-d2.f1.f1.f0.-r0.-d2.r0.-f0.-r0.d0.f0.-d0.f1.-f0.r0.f0.-r0.f2.r0.-f0.-r0
982,-r0.-d0.f0.r0.d2.f1.r2.d0.-r2.-r0.d2.r0.-d2.-r0.-d1.-r1.-d0.-f2.-d2.-f2.-r2.f2.d2.f2.r2.f2
983,-d0.f1.r1.r1.f0.d0.r2.-f0.-d0.r2.f0.r2.f0.r0.d2.d2.-d0.-r0.-r0.f2.f2.d0.f2.f2.r2.r2.d0.-r0.d1.-r1.-d1.r1.r0.-f0.-d1.f1.d1.-f1.f0
984,-r2.-r1.-f2.r0.d1.-f0.r0.-f0.r1.d1.-f2.-d2.r0.f1.d0.-r2.d1.-r0.d2.-f1.-d2.f1.r0.f1.d1.-f1.d2.f1.-d1.-f1
985,f1.r2.-d2.f1.-d2.r2.d0.-f1.r2.r2.d1.d1.-f0.d1.-f0.-r1.f2.-r1.-f2.r1.r1.d2.d2.d1.-f1.-r1.f1.-r2.-f1.r1.f1
986,-d1.r0.f2.d1.f1.d0.-r0.-r2.d2.d0.-f2.d1.r2.-f2.-d2.-r2.d2.r2.-d0.-r2.-d0.-f0.d1.f2.-d1.f0.-d2.-d0
987,-f2.-r0.-f0.r0.-f0.-d1.r0.f2.-r0.f0.-r2.-r1.-f2.d1.f2.d2.-d0.-r0.-f0.-d0.r1.f2.-r1.-r2.d0.r2.-f2.d0.f2.f0.-r0
988,d1.f2.-f0.-d0.f0.d2.-f2.d2.r1.d2.f1.r1.-f0.-r1.d2.-f0.d1.f0.-d1.-f0.r1.d1.-r1.-d2.f2.-d1.-f2.-d2.-r2.d2.r1.-d2.r2.d2
989,r1.-d0.f2.-f1.-d0.r2.f0.-r2.f1.r0.d1.-r2.r1.-f0.-r2.f2.f0.-r1.-f2.r1.r0.-f0.r2.d2.f1
990,r1.-f1.r1.f1.-r1.d1.d2.-r0.f0.-r2.d0.r2.-f2.-r1.-f2.r1.f2.-f0.r2.f0.d0.-f2.-d0.r2.-d0.-r2.d0.f2
991,-d2.f2.-r2.-d1.r1.-d1.-r0.r1.-f1.-r1.-f2.r0.r0.f2.-f1.-d2.d0.-f0.r0.-f0.-r0.-d0.f0.-d2.-f0.-r0.d0.f0.r0.f0.d0
992,r1.-f1.d1.f0.-r1.d1.-r0.f0.r0.r0.f1.f2.f1.-r0.-f0.-r2.f1.r2.r0.f2.d0.r2.-d0.-f2.r1.-d1.-r1.f2
993,-d1.f1.-r0.-d2.-r2.-f0.-d1.-r2.r0.-d1.-r1.-d0.-r0.-d0.r2.f1.-d0.-d0.-f0.d2.d1.-d0.-r2.d0.r2.f1.-d1.-f1.-r2.f1.-d2
994,d2.-r1.f0.r0.f1.d2.r2.-f2.d2.-f2.-r1.-r2.-d1.r0.f2.r0.-f1.-r0.f1.-d0.r0.d0.-r0.-f0.d1.f0.r0.f0.-r0.-d1.r0.-f0
995,-r1.f2.d1.f2.-d2.f0.d0.r1.-d2.-r0.f2.f2.r1.r1.d0.-r1.-d0.r2.r2.r0.d0.r2.f0.-r2.-f1.r2.-f0.-r2.f1
996,f1.-d1.-r2.-f1.d2.f1.-d1.-d0.-r0.-f2.-r2.f0.d2.-d1.f0.-d2.r0.d2.-f0.-d2.f0.-r2.-f0.r2.-d2.-r2.-r0.f2
997,-d0.-f2.-r2.-d2.r0.-f0.-r1.f1.-d0.-r0.r2.-f2.r2.r2.-d0.-r1.d0.f2.-d0.-r1.f2.r1.-f2.r1.f0.d2.-f0
998,r1.f1.-r0.d1.-d0.-f2.-r0.f2.d1.-f0.-r2.d0.f2.d2.f2.-d2.r0.d1.-r2.f2.d1.-f2.r2.r2.d1.-r2.-d1.-r0
999,f2.d0.r2.f1.r2.f0.d2.r1.-f1.r0.-f2.-d2.r1.d2.r0.-d2.-d0.-r0.d0.r0.d2.r2.d0.r1.-f0.-r1.-d0.f0.-d2.f1.d2
1000,f1.r1.-d1.-f1.d2.f0.-d0.r2.-d0.f2.-d2.f2.r1.d2.r0.-d1.-d0.-f2.r2.-f0.r1.f0.-r2.f2.-f0.-r2.-f2.-r1.f2.r2
1001,-f1.f0.d0.-r1.r0.-d0.-r2.d0.-r1.-r0.f1.-d0.f0.d0.f1.-d0.-f0.-d0.f2.d0.d0.-r0.-d0.r0.-f0.-r0.f0
1002,f0.-f2.-d0.f2.r0.f2.f2.r2.r2.d0.f2.f2.-r2.-f0.-d0.-d0.-f0.-f0.-d0.-r0.-r0.-d0.f2.f2.d2.-f0.-f0.d0.-r2.d1.r2.r0.f1.-r0.r1.-d1.-r1.d1
