initial_state_id,path
0,d2.-f2.-d1.r2.-d1.f0.d0.r0.f2.f2.r0.-f0.r0.-f1.-d0.f1.-r0.-r0.-f2.-d1.f2.-d2.-f2.d2.d0.-r0.-d0.-d1.-f1.-f0.-f0.f1.-r0.f2.-d0.-r0.d0.-f2.d1.r0.-d1.-d1.-f0.d1.-f2.-r1.-f0.r1.f2.-f0.d0.-f0.-d0.f0.f0.f0.-r0.f0.r0.-f0.-r0.f0.f0.f0.d2.f0.-d2.f0.-r0.-d0.r0.d0.f0.-r0.-f0.r0.-f2.-r0.f0.r0.f2.-r0.f0.r0.-f0.d1.r0.-f0.-r0.f0.-d1.-f0.r0.f0.-r0.f0.-r0.-f0
1,-r1.-f2.r1.-f1.-r1.f2.r1.f1
2,d2.-r0.r2.d2.d2.r0.-r2.d2.-r0.r2.d2.d2.r0.-r2
3,d0
4,-r2.d0
5,r2.-f1.-r2
6,f1.-d2.-d0.-r2
7,f2.-d1.f2.-f0.-r2
8,f0.-r0.d1.-r2.d1.f0
9,-r0.d2.f2.-r2.-r1.r0.-d1
10,r1.-f1.-r1.-f2.f1.-d1
11,f2.-f1.-d2.f0.r1.r1.r0.f2.-d0
12,-f0.-r1.d0.f1.d0.-f2.-d0.f2.-d2.-r2
13,-r0.f2.-d1.f2.d1.d1.d0.-f1.r1.r0.-f1
14,-f2.r2.r2.-r1.f2.-d0.f1.-f0
15,r0.-d1.f1.f1.r0.r0.-d1.f2.r2.-d1.-f1.-f0.r2
16,d1.r2.-d1.-f0.f1.-r2.f0.r1.-f0.-r0.-f2.d1.f2.-d0
17,d2.r0.-d2.d1.f0.-d0.-r1.-r0.d0.r0.-d1.f0.d0.-f2.-f0
18,d0.d0.f1.f0.r2.f0.d1.d0.-f0.-r1
19,f0.f0.d0.-r2.f0.f1.-r1.f1.-f0.d1.r2.-d1.-d0.f2.f0
20,r1.r0.d2.-d0.r0.-d2.f0.d1.r2.d0.f1.d1.d0.d0
21,r2.r0.r0.-f1.d2.d1.-d0.-r2.r0.-f0.-f0.-d2.-f1.d1.-f2.-r1.f2
22,-d2.f1.d0.-r1.-d2.f0.d1.d0.r0.d0.-f1.f0.r0.-f2
23,f1.d1.-f0.-d2.f1.-r2.r1.-f1.-d1.d0.r0.-f1.r1.r0.r0
24,f0.-d1.-r0.-f2.r2.r0.-r1.d2.r2.-f0.f1.-d1.-d0.-r2.d0.-r1.f0.f1.-f2.d1
25,d2.f2.r2.r2.-f1.-r2.-d2.f0.-r0.f2.d1.d0.d0.-f0.d1
26,f1.d0.-d2.-r0.r2.f2.f2.f0.d1.-r2.-f0.-r1.r2.d0.r2.-f0.r2.-f2.-r2.-f1.-r0.-r2
27,-r0.d0.f0.f0.r2.-f0.r2.r0.d1.f2.d0.f2.r1.d1.r2.-r1.-d1.r0.d1.-r2.-r2.-f1.-d0
28,-r2.-f2.-r0.-r1.-r1.-r0.-f2.-d2.d0.-r2.d1.-f1.-f2.-d1.-r0.f2.d2.r1.f1.-f2.r0.-d0.r2.r0.-d2.f1
29,r2.r2.-f0.r1.f0.d0.f2.-d1.-f0.r0.d1.d2.-d1.d0.f1.f0.-r0.-f2.r0.f1.-r2.-d1.-r2
30,-r0.-r0.f0.r0.-d1.r0.r1.-r2.f0.-d0.-d1.-d1.r2.f2.f1.-r0.d2.-d1.r1.-f2.r1.f0
31,-d1.r1.d1.d1.r2.-d0.-d0.r2.-f1.d2.f2.-f0.r0.d0.-f1.-f0.-d1.f1.r1.d0.d0.-d1.-f2.f0.r0
32,r2.-d1.r1.f1.-r2.-d1.-f0.r2.r2.r0.d2.r2.-r1.f1.-f0.r2.-f2.-d1.f2.-r2.f1.-d0.-r1.d0
33,-d2.-d0.f2.-r2.d1.-f1.d0.-r2.-d0.d1.d1.-d2.r1.d0.d0.f2.f2.-f0.d0.-r1.f2.d0.-d1.f0.d2.-r2.-d2.f1.d0
34,-r0.f2.d0.-f1.-r0.d1.d1.-f2.-r0.-f2.r0.-f2.f1.r0.f0.-r1.-f0.-d0.-f2.d1.d0.-r0.-f0.-r2
35,-d0.-r2.f0.r1.-d2.f1.-r1.-d0.-d1.f0.d2.-f2.r2.f2.r2.-d1.-d0.r1.f0.r1.-f0.-r1.-d2.-f1.f0
36,d1.-f0.r0.d2.-d0.-r2.d2.f1.d1.f2.r1.d0.-r2.-d2.-d0.-f0.r0.-d0.f0.d0.f0.-r0.r2.f0.-r2.d2.-r2.-d2.r2.-f0.-r2.f0
37,-f2.r2.-f2.f1.-r1.d2.f1.r2.-d0.-f0.d2.r0.-f1.d0.-f0.r0.f0.d0.f0.-d2.r0.-d1.-r0.f2.f1.d2.r2.-d2.r1.d2.-r0.-d2.-r1.d2.r0
38,d1.-r0.d1.-r1.r2.-r1.f2.f2.-d0.-f0.f2.f0.-r1.-f1.-r1.-d0.-r2.-d2.f1.d0.-f2.d2.-f0.-r0.d0.r2.r2.d2.f2.-r1.f2.f2.r1.-r2
39,-f0.f2.d2.-f1.-f0.r1.f1.f1.f2.f2.r2.-f2.r1.f1.-d0.f2.r0.-f1.f2.f1.-d0.r0.-f1.-d0.-r2.r0.r1.d1.d1.f2.f0.-r0.f0.r0.-f1
40,f1.d2.-r1.-d1.f2.-r0.-f2.-d2.r2.-f0.d1.f0.f2.-r0.f2.-d0.r0.d0.f2.f2.-r2.-f0.r2.-d0
41,-d1.d2.-r1.-r1.f1.-d2.-f0.d2.f0.r1.-d2.-r2.-d0.f2.f1.-r0.d2.d1.-f0.d2.-f1.r1.-d0.r2.d1.r0.-r2.d1.f1.d0.r1
42,-f2.d0.-f0.-d2.-r0.-d2.-r0.d0.f0.f0.-d0.-f1.-f0.r2.-d2.f0.d2.d2.-r0.d0.-r2.-d0.r0.-d2
43,-r2.d2.-f2.r1.-d2.-f0.-r2.r0.-f2.-r2.-d1.-f2.-d2.r2.-f0.-r1.f2.r1.-f1.f0.r1.r1.d1.f0.-r2.-f1.r2.-f0.-r2.f1.r2
44,-f0.d0.-r1.-d1.f2.r0.f2.-d1.f2.-f1.r0.f2.f2.d1.d0.-f1.r0.f2.-f0.r0.d0.f0.-r0.f2.r0.f1.-r0.-f2.d2.f0
45,-f2.-d1.r0.-d1.-f1.-d2.-d0.-r0.-d2.-d0.-f2.r2.f0.r2.-r0.f0.r0.d0.r0.-d0.-r0.-f0.-r2
46,-d1.-f0.r0.d2.-f1.r1.-d0.r0.d0.-r0.-d0.-f1.-d1.-f0.-r1.d1.f1.-d1.f2.-d2.-r1.d2.r1.d2.-d1.-f1
47,-f0.d2.d2.-r0.-r0.-f2.r2.r2.-f0.d0.-f2.-d2.-f2.-r0.-r0.-r2.f2.f2.d2.-r0.-r0.r2.r2.f2.f2.-d2.r2.r2.-d2.-r0.-r0.-f1.r1.-f1.-r1.-f1.-f1
48,r2.-f2.r1.-d1.r2.f0.-r2.f1.f1.-r0.-f1.d0.f0.d0.-f0.-r2.-d0.-f1.d1.-r2.-d1.f1.d1.r2.-d1.r2.-f1.-r2.f1.r2
49,-f0.r2.-f1.d2.d2.-d0.-f2.r2.f0.-f2.d0.-r2.f0.f2.d2.-r0.-r0.f2.f2.-d0.-r0.-r0.r2.r2.d2.-d0.-r0.-r0.-d2.-r0.d1.-r1.-d1.r1.r0.-d1.f1.d1.-f1
50,d0.-r2.r0.d2.-f1.d1.-d0.-f1.-r2.d0.r2.f1.-d0.r1.f1.-f0.-r1.d1.r1.d2.r2.f1.-r2.-d2.-f2.-r0
51,-d2.r2.-f0.-f0.-d2.r0.d0.r0.d2.f2.-r0.f2.f2.r0.-r2.f2.f2.-d0.r2.r2.d0.-f0.-f0.-d2.-f0.-f0.-r0.-r0.f2.f2.-d2.f1.-r1.-f1.r1
52,f0.d2.r0.f1.d0.f1.-f0.r0.-f0.r2.d2.f2.f2.-d1.-f2.-d1.r2.f2.d1.d1.f0.-d0.r1.d0.-r1.-f0
53,f2.f2.-r2.f0.f0.d0.f2.-r1.-r1.f1.d2.-r2.-f1.-d1.f0.-d1.d0.-f0.-d0.-f1.d0.f0.-d0.-r0.-d0.f1.d0.r0.d1
54,f2.d2.-d1.r1.-f0.-r0.d2.f2.-d2.r1.-d1.f2.r2.r1.-f0.r1.f0.-r1.-r2.-r1.-d2.-r2.-f2.d2.f2.r2.-d0.r0
55,-r1.f1.-r2.d0.r0.-f1.f0.d2.-f2.f1.-d1.d0.-f2.f0.-r2.-f2.f1.r2.f0.-r1.-f0.-r2.f0.-r1.-f1.-d1.f1.r1.-f1
56,f2.d2.r1.f0.r0.f2.-d2.f1.f0.-r1.f1.-d2.d0.-f0.d0.-r2.d0.d0.r2.d2.d0.-f2.d1.f2.-r1.-f0.r1.-f2.-r1.f0.r1.f2
57,-r2.f2.f2.-r1.f0.r0.d2.r2.-d2.-f2.r2.-r1.-r0.f0.d0.-r1.d0.r1.-d0.-f0.r1.d0.-r1.d0.d0.-r1.-d0.r1.f0
58,r1.-f2.-d2.f2.-d2.r1.-f0.-r2.f0.-d1.-f2.-r0.f2.-d0.r0.d2.-f2.-d1.f2.d1.d0.-f0.-r0.f0.r0.f0
59,-d0.r0.d2.f0.r2.d1.f2.f2.-d1.r1.f0.r1.-r0.d2.-f0.-d2.-f0.d1.r0.r0.f0.d0.-f0.-d0.r0.r0.f2
60,-d0.r2.d2.r0.-f0.-d2.d0.-r2.d1.f0.-r0.r1.-d0.r1.-d2.r1.-f1.d2.r1.-f1.-d2.-r2.-d0.r2.d2.d0.f1.-r1
61,-r0.-d0.f2.f2.r0.-f1.d1.f0.-d1.-f2.r2.d0.d0.-f2.d0.-r1.-d0.r1.-f1.d0.-r2.f2.-d2.-f2.r2.f2.r2.f2.r2.-f2.-r2.-f2.-r2
62,d1.-f1.-d0.f2.r0.f1.f1.d1.-r0.-d1.d2.-f2.-d2.d1.f2.-d0.f2.d1.d1.-d0.-r2.-d2.-r2.f2.d2.-f2.-r2.f2.-d2.-f2
63,-d1.-r2.d2.f0.r2.-d0.-f0.-r1.f2.-d0.r2.f0.r1.f2.-r0.f1.-r1.d0.r0.d0.r1.-r0.-f1.-r2.-f2.r2.-f1.-r2.f2.r2.f1
64,f0.-r0.d2.r0.-d2.r2.f2.-r2.f0.r0.-f0.d2.r0.r2.r2.-d2.f2.f2.r2.r2.f2.f2.-d2.f2.f2.d0.f2.f2.f1.-r1.d1.r1.-f1.-d1.-f0.f1.r1.-f1.-r1.f0
65,-f2.r2.f0.-d1.f0.-r1.r0.-f2.d0.r2.f2.d2.f0.-r1.-f1.-f0.-r0.-d2.r0.d1.-f0.d1.f0.-d1.-r0.-d1.-f2
66,-r0.f2.-d0.r1.d2.-f2.f1.r0.r2.d1.r0.-d2.-f2.-f0.r2.f0.r1.-d2.-f0.d2.-r2.-f2.-d1.-d0.-r1.d0.d2.f1.d2.d2.-f2.f0
67,r0.d2.f1.d2.r2.f0.-d1.-r2.r1.f1.-r2.-f1.d0.-r0.f2.-r0.d1.-f1.-d1.r0.r0.-d2.-r2.-d2.r2.r0.f2.r1.-f0.-r1.-f2
68,d2.f1.d2.-f2.-r2.r0.-d0.-r2.f2.-d2.r0.f2.r2.-d2.-f1.r0.d1.-f2.r0.f2.d0.f0.d2.r0.-d2.-f0.d2.-f0
69,-f2.-r2.-r2.d2.-f0.r0.r2.-d0.-d0.f2.d2.-d0.r0.-r2.-f0.-f0.-d0.-d0.r2.r2.-d2.-r0.-r0.d0.-r0.-r0.-d0.-f0.d1.-r1.-d1.r1.-f0.r2.d1.-r2.-r0.-f1.r0
70,-d1.r0.f2.-d0.-r2.-f1.-d2.d0.-r0.f1.f0.-d2.r2.-f1.-r2.f2.d0.-r1.-d0.-r2.-d1.f1.-d2.d1.-r1.d2.d0.r1
71,-r0.d0.-r1.d0.f0.d1.-r1.d2.-r0.d1.r0.f0.f0.-d1.-f2.-d2.-f2.-f2.d2.f2.-d2.f2.f2.d2.f2.-d2.-r2.-r1.d1
72,r2.-f0.r1.f1.-d1.-f0.r0.-r1.f1.-d1.f2.-r2.d1.-r2.d2.d2.f1.d1.f2.-d1.-f1.d2.-d1.f2.d1.-f2.d0.r0.-f1.-r0.-d0.-f2.d0.f1.-d0.f2
73,-f2.r2.d2.r0.r2.d2.r0.f2.-d2.-r0.r2.-d0.f2.-r2.-d0.-r0.-r0.d2.-f0.-f0.f2.f2.r2.r2.f2.f2.d2.d2.-d0.-f0.-f0.-r0.d1.-f1.-d1.f1.r0
74,-d0.f2.r2.-f0.d0.-f0.-f0.r0.r2.-d0.-r2.f0.r2.f2.d2.d2.d0.-r0.-r0.d2.-d0.f2.f2.-r0.-r0.f2.f2.-d2.-f0.-f0.-f0.-r1.-f1.r1.f1.f0
75,-d2.-f1.f0.r2.d2.-f0.-r0.-r0.f2.d2.r0.-d0.-f2.d2.-f0.-f0.r2.r2.-d2.-r0.-r0.d2.-d0.-f0.-f0.-r0.-r0.r2.-d1.-r1.d1.-r2.r1.f1.f1.-d1.-f1.d1.-f1
76,-d0.f0.d2.-r1.f1.r1.d2.-f1.d1.f0.r2.f1.-r2.f0.d0.r0.f2.r0.-f2.d2.-r0.-d2.-f2.-r0.f2.-f0
77,-d0.-r1.f2.d2.r0.-d1.f0.-r2.f1.-f2.r2.r2.-f0.d0.-f2.-r0.f0.r2.r0.f0.-d2.-f0.d2.r2.r2.d0.-r2.-d0.r2
78,f2.r0.d0.-r1.f2.-f0.r1.-f1.-d0.-f1.-d2.-f2.-d1.f2.d2.-r0.d1.r2.-d0.-f2.-d0.r0.-d0.-r0.d0.d0.f2.d0
79,d2.r2.f0.r2.d2.f1.d1.-f0.r0.-d1.d0.r2.f0.r2.-f0.-r2.r1.d1.f2.r1.-f2.-r1.-r0.-d1.-d0
80,d1.-f0.-r0.-f1.-d0.f0.d1.d1.-f1.d2.-r1.d0.r1.f2.-r2.f2.r2.d0.-f2.-d0.-f2.-r0.-f0.-r1.-d0.r1.d0.f0
81,d1.-f0.-r0.-f0.-r1.d1.f2.d0.r1.f2.-d1.r2.f0.-d1.-r2.-f0.-r1.-d1.-f2.d1.r2.r0.-d2.r1.d2.-r0.d1
82,f0.r1.-d0.f2.-r2.d2.-f1.d1.r0.d2.-r0.-f2.r0.-f2.-d0.r2.f2.f2.-r1.d1.-r0.-d1.r0.-d1.-r0.-f2.-r1.f1.r1.f2
83,f0.-d2.-f0.f2.r0.d2.d0.-r0.-r0.d2.-r0.-f2.d2.-f0.-f0.r2.r2.d0.-f0.-f0.r2.r2.d0.-r0.-r0.r2.r2.-d0.-d0.-f1.d1.-f1.-f1.-d1.-f1
84,-f0.-r1.f0.-r0.-r0.-d2.r0.-d2.-f2.r2.-f2.-d0.-f0.d2.-r0.-r0.d2.f2.f2.d2.d0.-f0.-f0.-r0.-r0.d0.r2.r2.f0.d1.-f1.-d1.f1.-f0.-d1.-r1.d1.r1
85,f0.-r0.-f0.d1.f1.-d1.-r2.-r0.f2.d2.d2.d0.f1.r0.-f1.-r0.d2.-r2.-d0.-r0.d0.r2.-r1.-f2.-d0.-f0.d0.f2.f0.r1.-f0.-d0.f0
86,d0.r1.-d2.r0.d0.-f0.-r2.f2.-r1.d2.r0.d2.-r2.d2.d2.r0.-d2.r2.d2.r2.-r0.-f2.-r2.f0.r2.f2.r2.r2
87,f0.f0.-r0.-d0.-d0.r2.-d0.-d0.-r0.f0.-r2.-f2.d0.f0.r2.r2.d2.-f0.-f0.-d0.-d0.r2.r2.d2.-r0.-r0.f2.f2.-d2.-f0.-f0.-f1.-d1.r1.d1.-r1.f1.r1.f1.-r1.-f1
88,r0.r2.-f0.-d0.-d0.f2.d2.-r0.-d2.f2.r0.d0.-f2.-d2.-r0.-r0.d2.d2.r2.r2.f2.f2.-d2.-r0.-r0.-f0.-f0.f2.f2.d2.-r1.r2.-d1.r1.d1.-r2.-r1.f1.r1.-f1
89,r0.d1.-d0.-f0.-d2.r2.d0.-f0.-d1.r2.-d2.-r2.f0.r1.r0.d1.r2.-f0.r2.f1.-r2.f0.r2.-d0.-f1
90,-r0.-f0.-f0.r0.r2.-f0.d0.r0.-d0.-d0.-r2.d2.-d0.f0.f2.f2.-d0.r2.r2.-d0.-d0.-r0.-r0.-d0.-f0.-f0.-d0.-d0.r1.-r2.d1.-r1.-d1.r2.-f0.f1.r1.-f1.-r1.f0
91,d1.f0.r1.-f1.d1.-d0.r0.-f0.d0.-r0.-f1.r0.f2.f0.-d2.f0.d2.f0.f0.-r0.-f0.r0.f2.-r2.-f2.r2.f1.-r2.-f1
92,d0.d0.f1.-r0.-f1.r2.d0.r2.f2.-d0.r0.-d0.r1.f2.f0.r2.-r0.-d2.r1.r0.r0.-d2.r0.f2.r0.-d2.r0.r0.d2.-r0.-f2.r0
93,f1.f0.r2.d1.f0.-r1.d1.-r2.f2.-d0.-f2.f0.-r1.-f0.r1.r0.d0.r0.-d0.-f1.-r0.f2.-r1.d2.r1.f1.f0.d1.-f0
94,-d2.-f1.-d2.r1.-r0.d1.-r0.-d0.r0.-f2.-r1.d1.r0.f0.f0.-r0.-d0.r0.f0.-r0.f1.r0.f0.f0
95,r0.f2.-r2.r0.d1.f0.-f2.-d1.-d2.-r2.-d0.r0.f2.r2.-f0.-f1.d1.-f2.-r0.d2.-f0.d2.d1.-r0.f0.r0.d2.-d1.f0
96,-f0.-d1.-f1.-r0.-d2.r0.-d1.r2.-f2.r2.-d0.r0.-d2.-d1.-f0.-r0.f0.r0.-f0.r2.-f0.d0.f0.-r2.-f0.-r2
97,f1.-r2.-d2.-r2.-f0.-r2.-f1.d1.r0.d2.-d0.f2.-d0.-f2.-d2.f2.d1.r1.-d2.-f1.d2.-r1.-d0.f1.f1.-d1.f1
98,f1.f1.d0.d0.-f2.-d1.-r0.-f1.d2.d0.-r2.r0.d0.-r2.f0.-d0.-f2.r1.-d2.-r0.d2.r2.-r0.-f2.-r2.-r1.-d0.r0
99,d1.-d0.-f0.-d0.r2.-r1.d1.-d0.-f2.-r1.f1.-r0.-f1.-d0.-f1.-f0.d0.r1.-d0.-r1.f1.-d1.r1.-f2.-r1.d1.r1
100,r0.d1.-f2.-d0.-r0.d1.f0.-d1.d2.-f2.d2.d2.-f1.-r2.-r1.d0.r0.-d1.-f2.-d0.-f1.d0.f2.-f0.-r1.f0.-d0.-f0.r1.f0
101,f2.r2.-f2.-d2.-r0.-f0.r2.r2.-d0.-r2.-f2.-f0.-d2.-f2.d0.f2.-d1.-d0.f1.-f0.d0.r1.d1.f2.-d1.-r1.-d0.-f1.-f0
102,-d0.-f2.-d2.d0.-f2.f0.-r0.-f0.-d0.r1.d1.f1.f1.d0.f1.-d0.-r0.d2.-f0.d1.d0.f0.-d1.r2.d2.-r2.d1.r2.-d2.-r2
103,d2.d2.f1.-r2.-d2.f0.-d0.-f2.d2.f2.d1.-f1.r2.r1.f0.d1.r1.f2.-r1.-f0.d1.-r2.-d1.-f2.-d2.-r2.-d1.r2.d2
104,-r1.-d2.-f1.r1.-d0.-f2.-f0.d1.-f2.r0.-r1.-d2.-d1.-r2.-f0.-d0.-r2.d0.-r2.-f1.-r2.-f1.-r2.-d2.r2.-f2.d2.f1.-d2.f2
105,r2.f0.-d2.r2.-r0.-d2.-d0.-r0.f1.r0.-d2.-r0.-f2.d0.d0.-f0.-d0.f0.-d2.d1.f0.d2.-r0.-f0.r0.-d1.-r0
106,-r0.d2.f1.-f0.d2.d2.d0.-r0.-d0.f0.r0.f0.d2.d2.r0.f2.r2.r2.-d0.-r0.-r0.-d0.r2.r2.-d2.r2.r2.-d0.-r0.f1.d1.-f1.-d1.-r0.f0.-f1.-r1.f1.r1.-f0
107,-f2.-d0.-f2.r2.f0.-r1.-d0.-f2.r0.-f2.-d2.-d0.-r0.-f0.d2.f2.-d2.r0.r1.-d2.-f1.-r1.r0.f1.-r0.f1.r1
108,f1.r1.r1.-d2.r0.-f2.-d0.-d0.r2.-d0.f2.f2.-r2.-d2.-f0.-f0.r0.f2.r2.r2.-f0.-f0.r2.r2.d2.r2.r2.d2.-d0.-f0.-f0.-d0.-f0.-f0.r2.d1.-r1.-d1.-r2.r1.-f1.r1.f1.-r1
109,f2.d0.r2.f1.r2.d0.r2.d2.r2.-d0.-r2.d0.r2.-d2.r2.d2.-f2.r0.d1.f1.d0.-f0.-d0.-f1.-f1.d0.-f2.-d0.f1
110,-r2.-d0.-r0.-d2.r1.-f1.-d2.-f1.-d1.f2.r1.-d2.-r0.-f2.r2.d2.f2.-d2.r2.r2.d0.-r0.-f0.-r1.-d0.r1.f0.r0
111,d2.-r2.-f0.d0.-f0.-d2.-r2.d0.-r1.f0.f0.-r0.-f0.r1.-f1.-d2.-r2.-f2.r0.f1.f0.-d0.-r2.d1.d0.d1.-r1.d2.r1.-d1.f2
112,d2.-f1.-f0.d2.r2.f1.r2.-f0.-f0.r2.f2.-d0.f2.d0.-f2.-f0.d2.r2.-d2.-f0.d0.-r1.-d0.f0.d2.-r2
113,-f1.-f0.-r0.f0.d0.-r2.-d1.r0.-f0.-d1.f2.-r2.d2.-r2.-d2.r2.f2.d1.-r2.-d1.d0.-r2.-d1.r2.f2.-d1.-f2.-d0.-r0.f2.r0.d1.-r0.-f2.r0
114,f1.f1.r1.-d0.f1.r2.-f2.r1.-f1.r2.d2.-r2.-d2.d0.-r2.-d0.f0.d0.r2.-d0.-f0.-r1.-d2.f0.-d1.-f0.d2.f0.d1.-f0
115,r1.r1.-d2.-r0.d1.r1.d0.r0.-d1.-r2.r0.f0.-r0.-f2.d0.-f0.-d2.-f0.r1.f0.-r1.f0.d2.f0.f0.r0.-f0.r1.f0.-r0.-f0
116,f2.f1.f1.r1.d2.-f0.-f0.-r0.-r0.f2.f2.r0.-d2.r0.f2.d2.-f0.r2.d2.f2.f2.-d2.-d0.-f0.-f0.d2.d2.-d0.r2.r2.f2.f2.f0.f1.r1.-f1.-r1.-f0.-d1.-r1.d1.r1
117,d2.-f1.r2.-d2.f2.-f1.d1.d1.-r0.d2.-f1.r0.d2.r0.-d1.r2.f0.r1.-f0.-d1.-f0.-d2.r1.d2.-r1.f0.-r2
118,-d0.f1.-r0.-r0.f0.-r0.f0.-d2.r0.f0.f2.d0.-r0.-f2.d0.-f0.-f0.d2.r2.r2.-f0.-f0.-d2.d0.-f0.-f0.r2.r2.-r1.r2.-f1.r1.f1.-r2.d1.f1.-d1.-f1
119,r0.-d0.r1.f0.f0.r0.-d2.r1.-f0.-r0.d0.f0.d1.d0.r0.-d0.f2.-r1.d2.f2.d1.f2.d0.-f2.-f0.r2.-f2
120,-r0.-d0.r2.-d0.f2.-r2.f2.-d0.-f0.-d1.f0.-d1.f2.d1.-r2.d1.r2.-d1.-r2.f0.r2.d2.-r1.f0.-d1.-f0.d1.-f0
121,d0.r0.d2.f0.d2.f2.r0.d0.f1.-d1.f0.-r0.-d2.r2.-d1.f2.r2.-f1.-r2.-d2.-f2.r1.f2.d2.-f2.-r1.-f1
122,d2.-d0.-f1.-r1.f2.r0.-f0.-r2.f1.f1.r1.f2.f2.r2.-f2.-r1.d2.r1.-d2.r1.-f0.r0.d0.-f1.-r1.f1.-d0.-f1
123,-d2.-r0.d1.f0.r0.-d0.-f2.-r0.-f1.d2.f2.-d0.-f0.-r1.f0.r1.d2.-r0.f2.r0.-d2.-r1.d1.d0.r1.d2.-f2.-d2.-r1
124,f0.d0.r1.d0.-f0.r2.-d2.-r0.d2.-f0.r0.f0.f0.-r0.-d2.f2.d2.-d0.f1.d0.r0.f2.r2.-d1.-r2.-f2.-r1.-f1
125,-d1.f1.r0.d1.-d0.f2.-d0.-f0.r1.-d1.r2.-f0.r2.-d0.r1.-d0.f0.f0.d0.r2.-f0.d0.f0.-d0.-r2.d0.d0
126,-d0.r2.d0.f2.d2.r2.f1.r2.-d1.r1.-f2.-d1.-r2.r1.-f1.-r1.d1.r2.-r0.f1.f0.-r0.d1.r0.-d1.f2.d2.d0.r0.-d0
127,r2.-r1.-d1.-r0.-f0.-d0.-f2.f0.-d2.-r2.f2.d2.f1.d0.r0.-f2.-r1.d0.-r2.-f1.r2.f1.-r0.f2.-d0.r1.d0.-r1.-f2
128,-f0.-d2.r2.f1.d2.-f1.r0.f1.d2.-d0.f2.d0.d0.f0.-r0.-d2.r2.-d2.-r2.d2.d2.-r1.r0.f1.-r2.-f0.-f1.d2.r0.f0.r0.r0
129,r2.f1.f1.-r1.r2.-d2.f2.-r0.-r0.d2.d2.r0.f0.d2.d2.-d0.r2.r2.f0.-d0.-d0.f2.f2.-d2.-r0.-r0.d0.f2.f2.-r0.-r0.f2.f2.d1.r1.-f1.-d1.f1.f1.-r1.-f1
130,f2.r0.d2.r2.-f0.-d0.-r0.-f2.-f2.-r2.f2.-d1.-d0.-f2.r2.f1.-r2.d0.r0.r1.-f2.d0.r0.f0.f2.-r2.-d2.r2.-f0.-r0
131,-r2.f1.r0.-d0.-f1.-r2.r0.-d2.f1.d0.f1.-d1.r1.d1.r0.-d1.f2.-d1.d0.-r0.-d2.f1.d2.r0.-d0
132,-d0.-r2.-f2.-r0.d2.r0.-d0.-f1.r1.-d2.r0.d2.-f2.-r0.d2.-r0.f2.-d2.r2.-d2.-r2.d2.r0.-d2.-f2.-d2.f2.-r1
133,-f2.d0.f2.-f0.-d1.r0.f2.r0.-f1.-r1.f2.f2.r1.-f2.f1.-d1.f0.-r0.-f0.d2.d2.d0.-f0.-d0.f0
134,-r2.f1.r1.r1.-r0.-f2.-d2.r0.-d0.-f2.-r2.-d0.-f2.-r0.d2.r2.r2.-d0.r2.r2.d0.-r0.-r0.d2.-f0.-f0.-d0.f1.-d1.-f1.-d0.d1.-r2.d1.r1.-d1.r2.f1.-r1.-f1
135,d0.r0.-d0.r2.r1.d2.-d1.r1.-f2.-d2.r1.-f2.d2.f0.-d0.r1.-d2.d0.-r1.-d1.-r2.d1.-r0.-d0.r1.r0.-f0.-d0.f0.-r1.-f0.d0.f0
136,f1.-d2.-d1.-r0.-d1.-f2.r1.f1.-d2.-r0.-d0.r1.-f1.-f0.-r1.-d1.-r0.-d2.r1.d2.f1.-d2.-r1.d2
137,f1.d2.d1.-r2.-d0.d2.-r0.-f2.-r0.f2.-f0.-d1.r0.r0.d2.f2.d1.-f2.-d2.r2.-d1.-r2.-d0.r2.d2.d0.f1
138,r0.f1.-d1.f2.-r2.-f0.r2.f1.d2.d2.-r1.-d2.f2.d2.-r0.-f2.r0.-f2.-d1.r0.-f1.d1.-r2.-d1.r2.f1
139,-d0.r1.-r0.f0.r0.f0.-r0.d0.-f1.-r0.d0.-r1.d2.r2.-f1.-d0.-f1.d0.f1.-r2.-d2.-d0.r0.d0.-f0.-d0.-r0.-d1.d0
140,-f1.d2.-r1.f0.-d0.-r2.f2.-r2.d0.f2.f2.f1.-d0.-f1.d2.-r1.-f0.-d0.-r2.d0.f0.d0.f0.-d0.-f0.r1
141,-f0.d2.r0.d0.-f2.-r2.f0.r2.-d1.-d0.r1.-d1.-f0.d0.-f2.f0.-r0.-d0.-r1.d0.r0.r1.d0.f2.r2.-d0.f1.d0.-r2.-r1.-f0.r1.-f1.-r1.f0.r1.f1
142,r1.d2.r0.-f2.f0.d1.-f2.r0.-f1.-d0.f0.f1.-r1.r0.-d1.-f2.-r0.f2.d1.-f2.r2.r1.d2.f1.-d2.r1.d2.-r1
143,d1.r2.-f2.-r1.f0.-d2.-r0.-d2.f0.-d2.-f2.-r0.-f2.-d2.-f2.-f2.-r2.-f2.-d2.-d0.f2.d0.r2.-d0.r2.f0.r2.-f0.r2.r2.-f2
144,r2.-r1.d1.-f0.-r1.d2.-r2.-d1.f2.-d1.f2.-d0.-f2.-d2.-f2.d1.-r2.f2.-r0.-f2.r2.f2.-r1.f2.r1.r0
145,-f0.-r2.-f1.r0.-d0.f0.-r1.r0.-f0.-d0.f0.-r2.-f2.-r0.f2.d2.-f2.-d2.-f2.-r2.-d1.-r1.d0.r1.-d0
146,d2.r2.d2.-f0.d0.r2.f2.r1.-d0.r2.r2.d2.-f2.r2.-d1.r2.-r1.-d1.r0.d1.r2.r2.-r0.f1
147,d0.-r1.f1.f1.d2.-f2.-d1.-f0.r2.-r0.d0.d0.f0.-r2.-f0.d0.r0.f0.f0.-r0.f0.-d2.f1.-r2.-d2.r2.r0.-f0.-r0.d2.-f1
148,d2.-r2.d2.f2.-d2.-r0.-f0.d2.d2.f0.-r2.d2.d2.-d0.r0.f2.-d2.-r0.-d0.-r2.-f0.-d0.r2.d0.d0.-r2.f0.r0
149,-d2.-f0.r0.-d1.r0.-d2.-f0.-r2.-f2.r1.d2.r0.-d1.-r1.-f0.-r0.f0.r1.f1.d1.r0.f0.-r0.-d1.-f1.d1.-f2
150,-r1.f1.-d0.f0.f0.-r0.f0.-r0.-r0.-f0.d2.r2.d2.-r2.d1.r2.-r0.-d2.r1.-d2.-r2.-d1.r2.-d0.f1.d0
151,r2.-r1.-f1.-d0.r1.d2.-f0.r0.f2.f2.-d0.-f2.r0.d0.f0.r0.-f2.f0.d2.-f0.-d2.f2.-d0.-f0.-r0
152,-r1.d2.-d0.-r1.-r2.d2.-d0.f2.-d2.-f2.-r2.d0.r2.-d1.-f1.d1.-r2.-f2.f0.d0.f0.-r2.-d2.r0.-f0.r2.-r0.-f0
153,-r2.d0.-f1.-r1.f0.-d2.d0.-f1.-d1.f0.d0.-r2.d0.d0.r2.-d2.-r2.d2.-d0.-f1.-d2.-r2.f1.r2.-d0
154,f0.-r1.d2.f0.-d2.-f1.d0.-f2.d2.-d1.f0.r0.-f2.-d0.-r1.-f1.r1.f2.r1.f1.d1.-r0.d1.r0.f1.d2.f0.-d2.-f1.d2.-f0.-d2
155,-f2.-d0.-f0.-r2.-f2.d0.d0.-f1.-r2.r1.r0.-d2.r0.f2.-d1.-r0.-f1.d0.-r1.-d1.f1.d1.d0.r1.d0.-r2.d0
156,-f1.-r0.-d2.d0.-f0.-r2.d2.-r2.-f0.r0.d0.-f2.d0.r0.-f0.r2.d2.f2.f0.d0.r2.-d0.-r2.-d0.f1.-r2
157,-r1.d0.-r0.d1.f2.f2.r2.f1.d1.f1.f1.-r2.-f1.d1.-f2.-d1.-d1.r0.f0.d2.f2.f1.d2.r1.-d0
158,-f2.d1.f0.r2.-f1.d1.d1.r1.-f1.r2.r1.-f2.d1.d0.f0.-r2.f0.d2.-d0.-r0.f2.r1.-f2.r0.-d2.-r0.-f0.r0.f2.-r0.f0.r0
159,-d0.-r0.f0.-r0.f0.d2.d2.r0.f0.-r0.-r0.d0.f0.r0.-d2.-f0.-f0.-r0.-r0.d2.f2.f2.d0.-r0.-r0.-d0.-r0.-r0.d0.-f1.-r1.-f1.r1.-f1.-f1
160,-d0.-f2.f1.d1.f1.d0.-r1.f0.-d0.f2.d0.-f0.d0.f2.-d0.f0.-r0.-d2.-f2.d2.f2.d2.-f0.-r0.f2.r0.-d2.r0.d2.-r0.-f2.d2
161,f2.d1.r0.-f2.-d2.f1.f1.f0.d0.d0.f0.r1.-d1.f1.r2.-r0.d2.-r2.-d2.f0.r2.-f0.r0.f0.-r1.-f1.-f0.d0.-f2.d1.f2.-d0.-f2
162,f2.-r0.-d1.r2.-d0.-d0.f2.r0.f2.r2.r2.d2.f0.-r0.d0.-r0.d0.r2.r2.-d2.-d0.f2.f2.d2.-r0.-r0.r2.r2.d2.d2.d0.r1.-d0.-d2.f1.d2.-r1.f1.r1.-f1
163,d0.f0.r2.-r1.f1.-d1.r2.-f1.-r0.f0.f0.-d2.d1.f2.d2.d2.-r2.-d0.r2.d2.r2.f2.-r2.-f2.-d2.d0.r2
164,-f0.-d0.r2.-d2.-r0.-d2.-f0.d0.r2.-d2.-r0.f2.r1.d0.r2.-r1.d0.f1.d0.-f1.-d1.-d0.-d1.-f1.d1.f1.-r2.-f1.d1.f1
165,d1.r1.f2.-d2.f1.r0.-d0.r2.f2.d1.r0.f0.r0.d2.-r0.d2.-f0.d1.f1.f0.r0.r0.d2.r2.-d2.r0.r0.d2.-r2
166,r2.f0.d2.-f1.r0.d0.d0.f0.-d2.f2.f0.r0.f0.-r2.d0.-r2.-d0.r2.-f0.r0.f0.r2.-f0.d1.d0.f0
167,f2.r2.f1.r1.r1.d2.-r2.f2.f2.r0.d0.-r0.r2.r2.-f2.-d2.d0.f0.-d2.-f0.-f0.r2.r2.-d0.f2.f2.-d0.-d0.-f0.-f0.f2.f2.-d2.-d2.r1.d2.d0.-f1.-d0.-r1.-f1.r1.f1
168,-d1.-f1.d2.-f0.-r1.d1.f2.f2.d0.d0.-r0.-d0.-r0.d2.d0.r1.-d0.-r0.f2.-r2.d2.r0.-d2.r2
169,r0.-f2.f1.r1.r1.d2.r0.d0.-r2.-f2.d2.r2.d0.f2.r2.f2.-r2.-d2.-r0.-r0.d2.d2.-d0.f2.f2.d0.-r0.-r0.-d2.-r2.-f1.r1.f1.r2.-r1.f0.d1.-r1.-d1.r1.-f0
170,-f2.d1.f2.-f0.d2.-f0.-d0.-f2.d2.-d0.f0.-d0.-r0.f0.r0.-f1.r2.f0.f0.-d1.f1.d1.-f0.-d1.-f1.f0.f0.-r2
171,f0.f2.f1.f1.-d1.d2.d2.-r0.f0.d0.-r0.r2.-d2.r0.f2.-r2.d2.f0.-d0.-f0.-f0.d2.d2.d0.-f0.-f0.r2.r2.d0.r0.d1.r1.-d1.-r1.-r0.f0.-d1.-f1.d1.f1.-f0
172,-r2.d1.-r2.r1.-d0.-f2.r2.d2.d1.f1.f1.f2.d2.-r2.-r1.d0.d0.r0.-d0.f2.-d0.-f2.-r0.-f2.d1.d0
173,r0.-d2.d0.-f1.d1.r2.r2.-f0.-r0.r2.d0.-r2.f0.r2.-d0.-f2.-f1.r0.-d1.d0.f0.-d2.-d0.f1.f0.-d2.-r1.d2.r1.d2.-f1
174,-f0.r2.-d2.r2.f0.-d0.r2.-d2.r2.-f1.-d0.r2.f0.-d2.r1.-d1.-d1.-f1.d1.-f2.-d1.-r1.d1.-f0.d1.-f0.-d1.f0
175,d1.f2.-r0.d0.f2.-r1.f2.-d2.f2.f1.-r0.-f2.r1.-f0.r1.f2.f2.-r1.f0.d0.-f2.-r2.-d0.r2.-f1.d1.f1.f0.-r1.-f0.-r2
176,r2.f2.-f0.d1.r2.d1.-f2.-d2.-f0.-d1.-f2.-f1.-d1.d2.-r2.d2.-r2.-f0.-d2.-f0.d2.f0.r2.r2.-d2.-d1.r2.-d0.r0.d0.-r2.d1
177,-d2.-f0.-f0.-f2.-d2.-r2.d2.d2.-r0.d0.f0.d2.d2.-r0.-d0.-d0.-r0.-r0.-f0.-f0.d0.f2.f2.-d0.-f0.-f0.-r0.-r0.-d0.-r2.-d1.f1.d1.-f1.r2
178,-r2.-f2.f0.-r2.-f2.-d2.-r0.d2.r1.-d0.-d0.-r0.f1.r0.-d2.-f2.r0.d0.-r0.-f1.-d1.f2.r1.-f2.-r1.d1.f1.r1
179,-r0.f0.-f1.d2.-f2.-d2.-f0.-r2.-f0.d2.-r2.d2.r2.-d0.-d0.-r0.r2.r2.d2.-d0.-d0.-r0.-r0.-f0.-f0.d2.-d0.-r0.-r0.r2.d1.r1.-d1.r2.-d1.-f1.d1.-r1.f1
180,-d1.d0.r2.-r1.-f1.f0.-r2.-d2.-r2.f2.-d2.-f0.-d1.-d0.r2.d0.r2.f0.r2.-d0.-r0.-d0.-f0.-d0.-d0.f0.d0.r0.-d0.-f0
181,-d0.-r2.r1.-d1.r2.d2.-f0.d2.-r2.d2.-f0.-r0.-f2.f0.-d1.f2.d2.r2.r2.f2.-d0.-f2.d0.-f2.r2.r2.-d2
182,r2.-r0.-d0.-f2.-r0.d2.-r0.f2.-r0.-f2.-r0.-d0.r0.-d1.-r0.-f2.d0.f0.d2.d1.-f0.r2.f1.-f0.-d1.r0.d1.r1.-d1.-r0.d1.-r1
183,-r1.-d0.f2.-d1.f0.d0.f1.r1.-f2.r0.-d2.f2.r0.d2.-r1.-f1.r1.r0.d1.-r0.-d1.-r2.-d2.f2.d2.d0.r0.-d0.-f2
184,d2.-d1.f1.-f0.d0.r0.r0.f2.f2.-r2.r1.-d2.-r2.d0.r2.-d0.-f2.-f1.d2.-r0.-d2.f1.-r2.-d1.r2.-d2.-r2.d1.r2.f2
185,f1.-r0.-f0.f2.r2.-f0.r0.-f0.r0.r2.-d2.r0.d2.d2.f2.f2.d2.-f0.-f0.-d2.-r0.-r0.-d0.-d0.f2.f2.r2.r2.-d2.-r0.f1.r1.-f1.r0.-r1.-d1.f1.-r1.d1.r1.-f1
186,-d0.-f2.r2.-d0.-f1.-r1.f2.-d0.f0.-d2.-f0.d2.-f0.d2.d2.f0.-d1.-r2.r0.f0.-r0.-d2.d1.d0.r0.-f2.-r0.-d0.-r0.f2
187,-f0.-r0.f2.f2.d1.r1.d0.r2.f0.d0.-f0.r1.-r0.-d0.-d1.f2.d1.-f0.r1.r0.f2.-r1.f2.f2.-f1.-r1.f0.-r0.-f0.r1.f0.r0.f1
188,f2.f2.r2.-r1.f2.-d2.f2.-d2.r0.r0.-d1.r1.r0.f0.-d2.r0.r0.-f0.-r0.-f0.d2.r2.f0.-d2.d1.d0
189,d0.f1.-r0.-f0.-r2.-f2.-d2.f1.-r1.d0.-r0.f1.-r2.-d2.f2.r2.d2.f0.-r2.-d2.-f2.-d0.r1.d0.f0.-d0.-r1.d0.-f0
190,-d0.f1.-d0.f1.d1.-r0.f0.r1.-f2.-d0.f0.d1.d0.-r1.d2.f1.d1.-d0.r2.-d0.-f2.-d0.f2.f0.r0.-f0.d0.-r0
191,-d2.-f0.-r2.d2.r1.f2.r0.d2.f1.-r2.-d2.-r2.f0.-r0.-f1.d2.f1.r0.-d1.r2.d0.-r2.d1.r2.d2.-d0.-r2
192,-r1.-d0.f2.r2.-r1.f1.-f0.-r2.-f0.-r2.-r1.-d2.r1.d2.r0.d2.-r1.-r0.d0.d0.f1.-d2.d0.-f1.d0.f1.d2.-f1.-d0.f1
193,-d0.-f2.r2.-f2.d2.r1.f0.d0.f0.-r2.f0.d0.d0.-f1.d1.-f0.d0.-f2.-d1.-d0.f1.-d2.-f1.d2.-r1.-d0.r1.-d2.-r1.d2.d0
194,-d2.r0.-d0.-r2.f0.-r2.-f1.d2.f2.-f0.r2.-d2.r1.d2.-f0.r0.-d1.r0.-d1.r0.r0.-d1.f2.r2
195,-f2.r2.d2.d2.-f0.-f0.-r0.-r0.-r2.-d2.-f0.-f0.-r0.d2.-f0.d0.-f2.-r0.-d2.-r0.-r0.d2.f2.f2.-d2.-f0.-f0.-d2.f2.f2.d0.-r0.-f1.-d1.f1.d1.-r0
196,f2.r1.-d0.f0.-r0.-f2.-r2.-d0.-r2.-d0.f0.r2.-f1.-r2.-f0.-d1.r2.d2.f0.d1.-d0.r2.d0.-r2.-d1.-f0
197,r2.-r0.f2.f2.-f0.d2.-f0.-d0.-f0.-d1.-d0.r0.f2.-r0.-f2.-f0.d0.f0.d0.r2.d0.f0.d0.-r0.-d0.r0.-f0
198,-d2.-r1.-d2.r2.-f2.f0.-d0.-f2.d1.-r0.-d2.r0.-d1.-r1.-f1.-r2.f1.-r0.d2.r2.-r0.-f2.f1.-r0.-f1.r0.f2.f0
199,d2.f1.-f0.-r0.f0.-d0.-f2.d2.f2.-d2.-f2.r0.d2.r1.f2.-d1.r0.-d1.-f0.d1.-f2.-d1.-r1.d1.f2.-r0.-d1
200,-d0.-r1.f0.d1.r2.d2.-r1.f0.r1.d2.d2.-r0.f2.-r1.-d2.-f2.d1.-r2.f0.-d0.-f0.r2.f2.f0.d2.d0.r0.d1.r2.-d1.-r0.-d0
201,-f2.d1.r2.-d0.f1.d1.-f2.r1.d2.d2.r0.-f2.-r0.-d2.-r1.d0.d0.f0.-d1.r2.f1.r0.d0.-f1.d1.f1.-d0.-f1.-r2
202,f2.r2.-f2.-r0.-f0.d0.-r1.-f2.-r0.-f0.d2.d0.-r0.-f1.d1.-f2.f1.-r1.-f2.-f2.r1.r1.f2.r1.-d0.-f1.d0.-f2.-d0.f1
203,d0.-f2.d1.r0.d0.-r2.d1.-r2.f0.f0.d1.-f1.f0.-r2.-f2.d0.f2.r2.-d0.-f0.-d2.d0.f2.d2.f0.-d2.-f2.d2.f1
204,f2.-r2.-f0.-r1.d0.f2.d0.-d1.f2.-d1.r2.f0.-d2.-f1.-f2.d0.f2.-r2.d0.-f2.d0.-r0.-d0.f2.r1.-f2.-d2.f2.-r1.-f2.d2.f2
205,-d0.-f2.-r0.-f2.-r1.-d2.-r1.-d2.f1.r0.d0.-r0.-f0.-d1.-f1.f0.d2.-f2.-r1.-d0.r1.-r0.-f1.r0.f0.-r0.f1.r0.-f0
206,d1.-d0.f2.r0.d0.d2.f1.r2.f1.d0.-r2.d0.-r2.-d0.-r0.d0.d0.r0.f2.-d0.-r1.f2.r1.-d2.-f0.d2.-f2.r1.-f0.-r1.f2.f0.d0.f1
207,f1.-d0.-r1.d1.f1.-d0.f0.-d2.d0.-r2.d1.r2.f2.d2.r0.-f2.r0.r0.f2.-d2.-f0.-d0.-r0.d0.r0.d0.f0.d2.-f0.-d0.f0
208,-r0.-r0.-r2.f0.r0.d2.-r2.f2.f2.-d2.d0.f2.-r2.-d2.d0.r2.r2.-f0.-f0.-d2.f2.f2.d2.d2.-r0.-r0.f1.f1.d1.-f1.-d1.-f1.-f0.-f1.r1.f1.-r1.f0
209,r2.f2.-f1.d0.r0.-f0.-r1.f2.-d2.r2.d2.-d0.r1.-d1.f0.-d1.-f0.d1.d0.r2.-f0.-d0.f2.-d0.-f2.d0.-f2
210,-r2.f0.d0.r2.-r1.f2.d2.-r1.f2.-f1.f0.-r0.f1.-f0.d2.d0.-r0.-d2.-f0.-d0.f0.r0.r0.f2.-r0.f0
211,d2.f2.-f1.-d0.-f0.-r1.r0.-f2.d2.d1.f0.r0.r2.r2.f2.r0.-f2.r0.d0.r0.-d0.-r0.d0.r0.-d1.-r0.-d0.r0.d1
212,-f1.d0.-r2.-f0.r0.-d1.r1.d2.r2.f0.-r0.-r0.f0.-r1.-r2.-d1.d0.-f2.r0.f2.-r0.d1.-r1.-d1.-d0.-f2.-d2.-f1
213,d0.-f1.d0.f0.-d0.-f2.r2.d2.-r1.r0.-f0.r1.-f1.-r0.f1.d2.r1.-d2.r2.-f0.-r2.-d0.-d2.r0.f0.-r0.d2.-f0.d2
214,d1.f1.-f0.d1.-f0.r0.d1.f0.-r0.r2.d2.r0.d1.r0.f0.r0.-r1.d2.r0.-d2.-d0.r0.d0.r1.-d0.-r0.d0.r0.f2.r0
215,-d0.r2.d1.-d0.-f2.d2.-f2.-r1.-f0.-r1.-d2.r1.d2.f2.-d1.-r0.-f0.d1.-f2.-d0.-r2.d1.d0.f2.-d1.f0.d1.-f2.-d1
216,-r2.d2.d2.-f0.d2.-d0.-r0.-f2.r2.-d2.r0.-r2.-d2.f0.d2.d2.-r0.-r0.d0.-r0.-r0.-f0.-f0.-d2.-f0.-f0.-r0.-r0.d2.d2.-f0.-f0.r2.f1.-r1.-f1.-r2.r1
217,-f0.-d0.f0.-d1.r0.-f1.d2.-r2.f0.-d2.r1.d2.-f2.d1.-f2.d2.-f2.-d1.f2.-r2.-f2.-r2.f2.r2.-d2
218,-f0.-d2.-f0.-f2.d2.d0.r0.-f2.-r0.-d2.r2.-f0.-r0.-r0.-f0.-f0.-r0.-r0.d2.d2.f2.f2.-d0.-f0.-f0.-d0.-f0.-f0.f2.-d1.r1.d1.-r1.f2.r0.f1.-r1.-f1.-r0.r1
219,r1.-d2.-r2.r1.f2.-r1.-d1.f1.-r0.-f1.r2.-f2.d1.-r2.-f2.r0.d2.r1.-d2.r2.d2.-r1.-f1
220,-d0.-f0.r1.d2.-r2.-f2.-d0.f0.-d0.f2.-r1.d2.-f2.d1.f2.-r0.-f1.-d0.-r0.d0.-f0.-r1.d2.-f0.r0.f0.-d2.r1
221,f0.f0.r0.r2.-d0.-d0.f2.r2.-f2.r0.f0.-r0.-r0.-f2.r2.r2.d2.-r0.-r0.r2.r2.-d0.-r0.-r0.d2.-d0.-d0.r1.-r2.d1.-r1.-d1.r2.-r1.f1.r1.-f1
222,-r1.-f2.d0.-r1.r0.-d1.f1.-r1.d2.-r2.-d0.r2.d2.d2.r1.r1.r0.d2.-f0.d2.-r0.f0.r0.d2.d2.-r1.-r0.-f0
223,r1.d0.-r0.d2.-f2.-r2.d2.-d0.d1.d1.r0.d0.-r1.d1.f2.-d1.f0.d0.-f0.r1.d2.d2.r2.f1.-r2.d2.-f2.-d2.-f1.d2.f2
224,-f2.f0.-r0.-d2.-r2.r0.d2.-r2.-d1.r0.r1.-d2.-f2.d2.-r1.-d2.-f2.d0.-f0.r1.-d0.-r1.f2.r1.d0.-r1
225,f0.d2.-r0.f1.r2.-f2.f1.-r2.-f1.-d2.d1.d0.-f2.d0.f2.-f0.d2.d2.f0.d0.f0.-d2.-d0.-r0.f2
226,d2.f2.-d1.-r1.-f1.-d1.r0.d2.-f0.-d2.r0.-r1.-f0.-r0.f2.-f1.d1.-f2.-d1.r1.-f2.-r1.f2.d0.f1.f0.-d1.f2.d1.-f0
227,d1.-f1.-r0.f0.-d0.r0.r1.-d0.r0.f1.d0.-d1.f0.-d2.d0.r2.f2.-d2.-f2.d0.-r0.f2.d2.r0.-f2
228,f1.f1.d1.d2.-f0.f2.f2.r2.r2.f0.r2.f0.-f2.-d2.-f2.d2.r2.r2.-d0.-r0.-r0.-d2.-f0.-f0.-d0.-d0.-f0.-f0.-d0.-d0.r2.r2.f0.f1.-r1.-f1.r1.-f0.d1.r1.-d1.-r1
229,d2.-r0.f0.-r0.f1.r2.-f2.r1.d0.f0.f1.-d1.-d0.-f0.r2.d2.-f2.d0.f2.f2.-d2.f2.-d0.r2.-d0.-f2.d0
230,r1.-r0.-d1.-r1.-d1.-r2.r0.f2.r2.r2.-d1.f2.-r2.d0.-f2.-f2.-d2.f2.f2.d2.-d0.r2.-d2.r2.f2.-r2
231,-f2.f1.-d0.-f2.r0.d2.d2.f2.-f0.-r2.-f1.f0.d0.-r2.-d0.f2.f2.d1.d1.f0.d1.-f0.-d1.-f2.-f0
232,-d1.-f2.-r1.r0.-d2.r0.d1.r2.f2.-f1.-r1.-d0.r2.d0.r1.-d2.-f0.r2.-f0.d2.f2.f0.-r2.f0.f0.r2.-d0.-f0
233,d2.f2.-d0.-r2.r1.d2.-f0.-r0.-d0.-f2.-d0.-f2.d2.f2.r0.d0.r1.d1.-r1.f1.-d2.f0.r1.-f0.-d1.-r1.d2
234,d2.r1.-f1.-r1.-f2.f0.d0.-r0.f0.f0.-r0.-f2.-d2.f2.d0.f2.f2.d2.-f2.-f0.-r0.f0.-d2.f0.r0.d0.-f0.-r0
235,-d1.r2.-f1.-r1.-d2.d0.-r2.-r2.-f1.-d1.r2.-f0.-r2.-f0.r2.f2.-r2.-d1.f0.d1.-f1.f0.-d1.-f0.-r1.d1.-f0.-d1.r1.d1.f0
236,d2.-f1.-d0.-f1.d1.-r2.d0.-r0.d0.r0.f1.r1.d2.r1.-d2.-r1.-r0.f2.d0.-f2.-d1.-r2.-d0.r2.d1.-r2.d0.r2
237,f2.-d0.-r2.-d1.r0.f2.d1.-r0.-f1.-r2.f1.-r1.f1.d1.-f1.r2.-d0.-r2.f0.-d0.-r0.-f0.d2.-d1.d0
238,-f2.r1.f0.d0.-r2.d1.f2.d1.-f1.f0.f0.r2.f0.-r2.-f0.d1.f1.f0.-f2.r0.d1.f2.-d1.-f2.-d1.f2.r2.-f2
239,-f0.-d2.f2.-r2.r1.d0.-f1.r0.r0.-r1.-f0.r1.-f1.-f0.-d1.f0.f0.d0.f0.d1.f0.-r0.-f2.r0.-f0.-r0.f2.r0.-f0
240,-d2.-r0.f0.-r0.-f2.r1.d2.r1.-d0.-r0.d1.r0.d1.r1.f2.-f1.d0.-f0.d0.d0
241,f0.r2.-f1.d0.r0.-d0.f2.f0.-d2.f2.r0.-f2.r2.-r0.d2.-r1.-r0.-d1.r1.-d2.-r1.d1.-r2.-d0.-r2
242,-d2.f0.-r0.-d0.r1.-d1.r0.-f0.-r0.-f2.r2.-d0.-r0.-f1.r0.f1.-d2.-r2.d2.f0.-r1.d0.-r1.-d0.r1.f2.-d0.r2.-f2.-r2
243,f1.d1.-r1.-d0.r1.-f0.d0.f2.r2.r2.r1.f0.d0.r2.r2.f0.r2.-d0.r2.r2.d0.r1.-d0.-f2.-r2.-r1.-d1.-r1.f1.r1.-d1.r1.-f1
244,-f2.-d2.-f2.-r2.d0.r0.d2.-r0.d2.d0.r1.-d1.-d0.-r2.-f1.r2.r0.-d0.r1.-d2.f0.d1.-f0.d0.r1.-d0.f0.d0
245,-f2.d2.-d1.f1.-r2.d2.-f0.-d1.-r2.-r0.-d1.-f2.r2.f2.-f1.d2.d1.-f2.-d2.-r2.f2.-r0.f2.-r1.-f1.r1.-f2
246,f2.-r2.f1.-r0.d2.d2.-r2.f2.f2.-r2.-f2.r0.-d0.-d0.f2.-d2.-f2.-d0.-f0.-f0.d2.d2.-f0.-f0.-r0.-r0.-d2.-r0.-r0.-d0.f2.f2.r2.r2.r1.-f1.-d1.f1.d1.f1.-r1.-f1
247,-d1.-f1.d0.-r0.-d2.r1.r1.-r0.-d2.d1.r2.d2.r2.d0.f0.d0.-f1.r2.-f1.-d2.-f1.-f0.r0.-f1.-r2.f1.-r0.-f1.r2.f0.-r2
248,r2.r2.f0.r1.-d2.-r1.-f1.-r1.f1.-r2.r0.-d2.-r1.d0.-f1.d0.-f2.r2.-d0.r2.-f0.d2.-r2.d2.d2.r2.d2.-f2.d2.f2
249,r0.f0.-d0.-r2.f2.-r0.-r0.-d0.-d0.-r2.d0.r0.-r2.f0.r2.d0.f2.f2.-d2.f2.f2.d2.d2.f2.f2.r2.r2.-d2.f2.f2.-d2.r1.-f1.-f1.-r1.-f1.-f1
250,-r0.f1.-f0.d2.-f0.-r1.d0.d0.r0.d1.r0.-f1.r0.-f0.r0.r0.-f2.-f1.r0.-d0.-r0.f2.d1.r1.d2.-r1.-d1.r1
251,-r2.d2.-f1.d0.f0.-d0.-d0.f2.f2.r2.d2.-d0.-d0.-f0.-d2.r0.-d2.-f0.-f0.-d2.-r0.-r0.-d2.-r0.-r0.-f0.-f0.-d0.-f0.-f0.-d0.-f2.d1.f1.-d1.f2.-f1.-r1.-f1.r1.f1
252,f1.-r2.-f0.-r1.-d2.d0.-r0.r2.f1.d0.d1.r0.d2.f0.d0.-f2.f1.-r1.f1.-f0.-d2.d1.f2.-f1.d1.-r1.-d1.-f2.f1.-d1
253,d2.-d0.r0.-d0.r0.-f1.-d2.-f2.r2.-d2.d0.-r1.-d0.f2.r2.-f2.f0.f1.d0.-f1.d0.d0.-f0.-r0.d0.f0.d0.-f0.-d0
254,d2.-f2.d2.r0.d2.r1.-d2.r0.-d2.-r1.-d0.f2.r2.f0.-r2.-r0.f2.r0.-f0.-r0.f2.r0.-f2.-d0.f2.f2
255,-r0.-f2.r2.-f0.d0.r2.-r1.-d2.f2.-r1.d1.d2.r1.f2.f2.-d2.f0.d2.f0.-r2.f1.d1.-r1.d2.-f1.d0.f2.-d0.-f2.-f0.r0
256,f2.f2.-r2.-f2.-d0.f1.f0.-r1.f0.-d0.-d2.r0.f2.d2.f1.r0.d0.f1.-d0.-f1.-d0.-f2.d0.r0.d2.-r0.d0.r0.-d2.d0
257,-r2.d0.-f2.-d2.-f2.-f2.r2.r2.d0.f0.d0.f2.-r2.-f1.r2.f2.f2.-f1.-r1.d1.d0.r1.-d1.r1.r1.-d0.f1
258,-r2.f0.-d1.f2.-f1.-r2.-d2.-d1.-f2.-r2.d0.-r2.-d2.r0.-f0.-d2.-f1.d2.f0.r0.-d2.f1.d2.r2.-d2.f0.d2.-f0
259,-d1.f0.r2.-r1.f2.-r0.-f1.f0.d2.d0.f2.r1.f2.r1.r0.f2.f2.r0.r0.-f0.r0.-d0.f2.-r0.d0
260,d0.d0.f2.-f1.d0.-f1.-r0.-r0.d1.-f0.d2.f2.r0.f0.f0.r2.d1.-r2.f0.f0.-r1.d2.-r1.-d2.r1.-f1
261,r2.-f2.d2.f2.f0.-d2.d1.-f0.r1.f2.-f0.d2.-r2.d0.-r2.d2.-f2.r0.f0.-d2.-r2.-d2.-d2.r2.r2.f0.-r2.-f0.r0
262,r2.-f0.d0.r0.-f0.-d2.-f2.d2.-f0.r2.r2.f2.-r0.d1.f2.d2.-d1.r0.f0.d0.-r1.-d0.r1.-d0.-f2.-f0
263,f2.f2.f1.f1.-d1.-d0.-f0.-f0.-d2.-r0.-r0.-r2.d2.r0.r2.-f0.r0.r2.r2.-d0.r2.r2.d2.f2.f2.r2.r2.d0.r2.r2.d2.f0.f1.r1.-f1.-r1.-f0.r1.f1.-r1.-f1
264,f0.r1.f0.r2.-f0.d2.-r2.-f2.r0.f2.d2.r2.f2.-d0.-d0.f2.f2.r2.r2.-f0.-f0.d2.-r0.-r0.-d2.d0.-f0.-f0.d0.-r1.-d1.r1.-d0.d1.r1.f1.-r1.-f1
265,f0.-d0.f1.r2.d1.-f0.r2.f0.-d2.-f0.-d0.-f1.-r0.d0.r2.f0.r2.f2.-d0.-f2.-d0.r2.r2.f0.f0.-r0.-f0
266,d1.f1.r0.d2.r1.-f2.d2.-d1.-r0.d1.r0.-d1.r1.-d2.r2.-d2.r0.-d0.-r0.-d2.r0.d0.-r0.-d2.r0.-f2
267,-r2.-d2.-r0.-r0.-f2.r0.-f0.-d0.-r0.-d2.-f0.r2.-f0.-r0.f2.f2.d0.r2.r2.-d0.-d0.-r0.-r0.-d0.-f0.-f0.d0.-r0.-r0.f2.f2.-f1.r1.-d1.-r1.f1.d1
268,-f2.-d0.r2.-f2.f0.d2.r1.r0.-d2.r0.-d0.f2.r0.d1.-r2.d0.r2.f0.-r1.-f0.r0.-f0.r1.r1.f2.f0
269,-d2.f0.f0.d1.f0.-d2.-d0.-f2.r0.f2.r0.d2.r1.-f2.d2.r2.-d2.f2.-r2.-r0.d0.r1.r0.f2.-d0.-r1.-f0.-r0.f0.-r1.-f0.r0.f0
270,-r2.d2.-f0.-d1.-f0.d0.f1.-r0.d0.f0.-r2.f2.r2.d1.r1.-d1.-r0.-d2.r2.-r0.f2.-r1.d2.r1.d1.-r1.-d2.r1
271,f1.r1.r0.f2.d2.r0.d1.-f2.r0.d1.-d0.r2.-f1.d2.-f0.-r0.d1.f1.-d1.-f1.-r1.-d0.r1.r0.f1
272,-r0.-f1.-r2.f1.-r2.f2.-r2.-f1.d0.r2.d0.-r0.d0.r0.-d0.r0.-f2.-d1.-f1.-d2.-f1.r1.f1.-r1.d1.f1
273,r0.f0.r0.-d1.-f0.d0.f1.-f0.-r2.-d1.-r1.d0.r2.d0.-f1.-f1.r1.d2.-r1.-f0.-d2.-f0.-r1.f0.d2.f1.f0
274,-d2.-f0.r2.-d2.r2.d0.-f1.d0.-r1.-r0.f2.r0.-d0.-r0.-f2.-d1.d0.-r0.-f2.r0.-d0.-r0.-f0.d0.f2.f0
275,-f0.f2.-r1.f0.-r0.d2.r2.-d0.-f0.-r2.f2.f2.-d0.r0.-f0.d2.-r0.-r0.d0.r2.r2.d2.d2.-r0.-r0.f2.f2.r2.r2.r1.-d1.-r1.-f1.d1.f1.-f0.f1.r1.-f1.-r1.f0
276,-f1.r1.d1.-r2.r0.f2.-f0.-d2.d0.f2.d2.r0.d2.-f2.d2.-r2.r0.f0.r1.-d2.-r0.-f1.r0.f1.d2.-f2.-r0.f2.-r1.-f2.r0.f2
277,f0.-f2.f1.r1.r1.-d0.r2.-d2.-r0.d0.r0.f0.f2.f2.d0.r0.d2.d2.r2.r2.-d0.-f0.-f0.d2.d2.-r0.-r0.d0.-f0.-f0.d2.-r2.-f1.r1.f1.r2.-r1.f0.f1.-d1.-f1.d1.-f0
278,-r2.-f2.d1.-d0.r1.f0.-d2.-f2.f1.f1.-r0.f2.-r0.d0.r0.d2.-d0.f1.-r0.-f1.-r2.f1.-r1.d1.r1.-f1.-r2.r0
279,-f2.f1.-r0.d2.-f0.r1.-d1.-r1.-f0.-d0.f0.d2.-r1.f0.-d1.-f2.-d1.-f0.d0.-f0.d1.-r2.-f1.r2.f1
280,f1.f1.-r1.d2.-d0.-r0.f0.r2.-f0.-f0.-r0.d2.d0.-f0.-r0.-d2.f2.f2.-d2.d0.-f0.-f0.-r0.-r0.f2.f2.r2.r2.d2.d2.-r0.-r0.d0.-r1.f1.r1.-f1.-d0.-d1.-f1.d1.f1
281,r0.d0.-f0.-r0.d0.f2.-r1.-d1.-r0.-d1.-r0.d2.-d1.-r1.d1.-f1.-r0.f1.-r0.-f1.-d2.r0.d2.-r0.-d1.r0.d1.d0.-f0
282,-r1.f2.-r2.-f2.-r0.f1.-d1.-r0.-d0.-r2.-r2.-d2.d1.f1.r1.-f1.-r0.-f0.-r1.f0.d0.-r2.-d2.-r0.d2.-r1.-d2.r0.d2.r1
283,-d0.r2.d1.r2.-d0.-f1.f0.-r1.d1.-f1.f2.-d0.f1.r0.f2.r1.f2.-r1.d0.f2.-d0.-f2.-r2.d0.r2.-d0.-f2.d0.d0
284,r1.-d2.f2.-f0.d2.r2.-f1.-d1.f0.r2.-r0.-d0.-d2.-d0.-r2.-r2.d0.r0.r0.d2.-r1.-r0.-d1.-f2.-d2.-d0.-f1.d0
285,f0.r1.r1.-f1.d0.-r2.-f2.-f0.-d0.-r2.-d2.r1.d0.-f0.-d0.f0.r2.-f2.r0.f2.d0.-f2.-r0.f2.-f0
286,d2.r2.f1.d2.r0.-d0.f2.-r2.-f0.d0.-f2.r2.-d2.f2.r2.f1.r1.-d0.-r1.f2.-r0.f0.r0.-f1.-d2.-f2
287,r0.-f0.-r1.-d2.f2.-r2.-d2.-r1.f2.d0.-r1.f0.-d0.-f1.d2.-d1.f1.-d2.r0.-f1.-d0.-r1.d0.-r1.f1.f1.r1
288,f1.-d1.-f1.r0.f0.r0.f1.r0.f0.-d2.-r2.-d2.-f1.d2.d2.-r2.r1.f2.r2.f1.-r1.f0.-r2.-f0.r1.f0
289,d0.-r2.-f0.-d2.-r1.f1.r2.f1.d2.-f1.d0.-r2.-f0.d2.d2.f0.r2.-f1.r2.d0.-f1.-d0.r2.f2.-r2.d0.f1.-d0.r0
290,r2.-d2.-f2.r2.-d2.d1.-r1.-d1.r2.-d2.f2.d0.-r2.-d2.-d0.r1.-f2.r2.f2.-f0.-r1.-f2.f0.-r2.d1.f2.r2.f2
291,f0.-r1.-d1.r2.-d0.-d1.f2.r1.f2.-f1.-d0.f0.r2.-r1.f2.-r2.-f2.r1.r0.f2.-r0.f1.r0.-f2.-f0
292,-d0.r0.-d1.f0.d0.-r1.r0.d2.d2.-r0.f0.d2.d2.r0.f1.r1.-d2.d0.r1.-d0.f0.-r0.-r1.-d0.f1.r2.-f1.-r2.-f1.d0
293,f0.-r0.-r0.f0.-f2.-r0.r2.r2.-f2.d0.r2.d2.d2.f2.f2.r2.d2.d0.-r0.-r0.r2.r2.d2.f2.f2.d0.-r0.-r0.d0.f2.f2.d0.-r1.-d1.r1.-d0.d1.r1.-d1.-r1.d1
294,-d0.-f1.r1.f0.r0.-f0.d0.f0.f0.d1.-r1.-f2.-d1.-r1.d0.r1.d2.r2.-f0.r0.f0.-d0.r1.d0.r0.-f2.-r0.f1.r0.f2.-r0.-f1
295,f0.-r2.d1.-r2.r1.-d1.d0.r2.-f0.-f1.-f0.-r2.-f2.d0.-f2.r1.f0.f0.d1.f0.f0.-d1.-r1.-r0.d2.-f0.-d2.f1.d2.f0.-d2
296,-r0.-d2.d1.-f2.-d2.-r1.-r0.f0.-r1.f1.-d0.r1.-f1.-r2.-d1.r1.r2.d2.-d0.-r0.d2.-r0.-d2.r0.d0.-f2
297,-r0.d1.-r0.d1.d1.f1.r0.-f0.-f0.-r2.f0.-d0.r0.d0.-r0.f0.-d2.-d2.-r2.-r0.-d2.-r2.-r0.f2.-d0.-f2.r0
298,r2.r2.-d0.-r1.d2.-f2.r0.f1.d2.r2.-d2.r1.-d1.f1.f2.-d2.-r1.d2.r1.f0.-d1.-f0.r1.-r0
299,-f0.-r1.d2.-f1.-d1.f0.d2.r0.d2.-f0.-d2.-d1.r0.r0.d0.f0.-d0.r1.r1.f0.-r1.-d0.r1.d2.f1.d0.-f1.-d2.-f0
300,r2.-d1.-r1.-f1.d0.f0.-d2.f2.f0.r2.-d2.r0.-d1.r2.-r0.d2.f2.-d0.-r0.-f0.r0.d0
301,r1.f0.d2.-r1.-d1.r2.-d2.-f2.d0.-r0.-d0.-d0.f2.d0.f1.-d2.f2.r2.f2.-d1.-r2.-f2.-r2.d2.f2.d1.f1
302,-f2.-r0.-f0.r1.-f2.-r0.f0.r1.-d2.f0.-r1.d2.-f0.r0.-f0.-d1.-f1.d1.-f0.-d1.f1.d1.-r0.-f0.r0.f0.-d1.-f0
303,d2.-f2.-d2.-r1.d1.-r2.f0.-d1.-f0.d1.r1.-r0.d2.-f2.-d1.f2.d1.-f2.-d0.r2.d0.r0.-d0.f2.-r2
304,r0.d2.-r1.d2.-r2.d0.-r0.-f0.r0.d0.f1.r0.-f2.f0.-r2.r0.d0.-r1.-f2.r1.f2.-d0.r2.-d2
305,-r2.f2.d2.-d0.-f0.d0.f0.d2.d2.r0.f2.-d0.-d0.-f2.-d2.f2.f2.-r0.-r0.r2.r2.d2.r2.r2.d2.-f0.-f0.r2.r2.-f1.d1.f1.-d1
306,d1.d1.r0.f1.-f2.-r0.-d2.-d1.f2.-f0.r0.d0.-r0.r2.f2.-r2.f1.d0.f1.-f0.r2.-f1.f0.r2.f1.-r2.-f1.-r2
307,-f2.-r2.-f0.d0.-r0.-f0.d2.-r0.d2.d2.-f0.r0.-f2.-d0.-r0.-r0.f2.f2.-r0.-r0.d0.-r0.-r0.-f0.-f0.d2.-d0.r2.r2.d0.f1.-r1.-f1.r1.-d0.f0.-d1.f1.d1.-f1.-f0
308,-r2.f2.f1.r1.r1.r0.-f0.d2.d2.d0.f2.-r0.-r0.-d0.f2.-r0.-d0.-r0.-r0.-d2.-f0.-f0.-d2.-d0.-d0.-r0.-r0.f2.f2.-d0.-d1.d0.-f1.d1.f1.-d0.f0.d1.r1.-d1.-r1.-f0
309,r2.r2.f0.f0.r0.-r1.d2.-d1.-f2.-r0.d0.f0.d2.d2.-f0.d2.d1.r1.f2.d1.-r1.f1.r2.f1.r1.f1.f1
310,-d0.f1.d2.-r1.f0.-d0.d2.f2.r0.r0.-d2.-r0.f2.-d2.-f2.-f1.-r0.f1.r0.-d0.r1.-f0.r2.-f0.d1.-f1.-d2.f1.-d1.f0
311,d0.f1.d0.d0.-r1.r2.f2.-r0.-d0.-r1.r0.-d2.-r2.-f2.f0.d2.-r0.f0.-r2.d2.-r0.f2.-r2.-f2.r2.-f2.r1.r0.d2.-r1.-d2.r2.d2
312,r0.-d1.-r2.f0.d2.-f2.r0.d0.r0.-d0.-d1.r1.r0.-d2.f0.-r0.-f0.-d2.f0.d2.-r0.-d2.f0.-d2.r2.-d2.r1.d2.-r2.-d2.-r1.d2
313,d1.-r1.r0.d1.-f1.-d2.-r1.f2.r0.f0.-f1.-d0.f1.f1.r1.f0.-d0.-f0.d0.r0.d2.r0.d1.-r2.-d1.-f0.-r1.f0.-r0
314,-d0.r2.-d2.f0.-f2.-r2.d1.f2.-r0.-d2.d1.f2.f2.-f1.-d2.-f2.f0.-d2.r1.d2.r2.d2.-r1.f2.-r1.-f2.r1.f2
315,-f2.f1.r2.-f2.-r2.-r0.-f0.-r0.-d0.-r0.d0.-d2.r1.r0.f0.-d2.-f0.-r0.-d0.-r0.-f2.-d0.f2.-r0.-f2.d0.f2
316,-r2.-d2.f2.d0.r0.-d2.-f2.-d0.-r0.d1.d0.r0.d2.d2.r2.d2.-r1.d1.r0.r1.f0.-r1.-f1.d2.f1.-d2.r1.-f0
317,-f1.-r2.-f1.d0.-r0.r2.-f2.d2.-r2.-d1.-r2.-f0.-d2.r2.f0.-d0.-f0.-r1.f0.-r0.-f0.r1.-r0.f0.-d2.r0.d2.d0.-f0
318,-r2.-f2.-r0.d0.f0.d2.f0.-f2.r0.r0.d0.-f0.-r1.-d2.-f1.d2.-r2.-f1.d0.f1.f1.d0.-r1.-d0.-r1.f1.f1.r1
319,-f1.-d2.f1.-f0.r0.-f1.f2.-r2.r0.d0.-r2.-d1.-r1.-f1.-d0.-f2.d0.f1.-d1.-f1.d2.-r0.-d2.r0.f1
320,-f2.r0.f0.f0.d0.f0.-f1.f2.d2.-f2.-d2.f0.d0.-r0.d2.-r0.f0.r0.-d0.f2.-r0.f2.-f0.-d2.f2.d2
321,-f2.-r0.-d0.f0.-d2.r2.-f0.d0.f0.d2.d1.-d0.r2.d0.-f0.-r0.-f0.-r0.-r0.d0.r0.-d0.r0.f0.r0.d1.-r0.d0.r0.-d1.-r0
322,d1.-f0.d1.r1.f1.r1.-d0.r0.-f0.r2.r1.-d0.-r1.d2.-f2.-d2.-r2.d0.r0.d1.-r1.f0.d1.-f0.-d1.r1
323,d1.r0.-d1.f2.-f0.-r1.r0.-d0.-f1.-r0.-d2.-f2.d2.d0.f1.d2.f0.r2.f0.-r2.f0.f0.d2.f1.d2.f0.-d2.-f1.-f1.d2.-f0.-d2.f1
324,-r2.-d1.d0.f2.-r0.-r0.f2.r2.f2.d2.d2.f0.d0.-f0.-d2.r2.r2.d2.d2.-f0.-f0.f2.f2.r2.r2.-f0.-f0.d0.r2.d1.-r2.-r0.-f1.r0.f1.r1.d1.-r1.-f1.-d1
325,-f0.-r2.f2.-r0.d0.-f0.-r1.-f2.-d1.-f0.-d2.-r0.d2.f2.-f0.d2.f2.r2.d1.-r2.d2.f0.-r1.f0.r1.-d1.-r1.-f0.-r2
326,f1.r1.-f2.d2.-d0.r0.-f0.r1.f1.f1.f0.r2.f1.-r2.f0.d0.r2.-r0.-f0.d2.-f0.-d2.f0.-r2.f0.f0.r0.r0
327,-d1.r0.-d2.-f1.-r0.-d2.f0.-f1.-r2.-d1.-r0.-d2.-f1.d1.-r0.-d1.f1.r0.f2.d2.r1.-d2.d0
328,-d1.-r0.d0.f1.d0.-f2.r2.-f1.d1.-f2.r0.d2.d0.-r2.f0.-d2.-f1.d1.f1.d2.r1.-f1.-r2.-f2.-d1.f2.r2.f1
329,-d2.-r0.f0.r2.r2.-d1.f1.d2.f0.d1.-d0.-r0.-d2.f0.r0.d1.r0.-d2.f2.f2.-d0.-r2.-f2.d2.f2.d0.f2.f2.d2
330,f1.-r0.-d2.r2.-f2.f0.-r2.f0.d0.-f0.-r2.-r1.f0.-d2.r0.f1.f1.-r2.d1.f1.r0.-f1.-r2.-f1.r2.f1.r0.r0.-f1.-f0
331,-r1.f2.-r0.-d0.r0.-r2.-f2.f0.r2.-d0.-f2.-d0.f2.f0.-d0.f0.-r1.-f0.d1.-r1.-d1.-d0.-f1.d0.d0
332,r0.d2.f2.d0.r2.-r1.d0.f1.-d1.f0.r0.r0.-f0.d0.-r2.-d2.f2.-d1.-f0.d1.r0.-f1.-r0.-f2.-f0.-r2.f0.-r1.-f0.r1
333,-d1.-r0.-d1.-f0.d2.r2.d2.d2.r1.f0.-d1.f2.r1.d2.-f2.-r2.-f1.d0.r2.f2.-d0.f2.r0.-f0.-r1.f0.-r0
334,-r2.-d0.-d0.f0.f2.-d2.f2.f2.-r0.d2.r0.-d0.-f2.r2.f2.f2.-d2.r2.r2.f2.f2.-r0.-r0.d2.f2.f2.d2.-d0.-f0.-f0.-r1.-f1.-r1.f1.-r1.-r1
335,r0.-d0.f1.d2.r1.f2.-f0.f1.-d1.-d0.r2.f0.r2.d0.f0.-r0.d2.-f0.-d0.-f0.-d1.f0.r0.f1.r1.-f1.-f0
336,-d0.r2.-f0.r2.-f1.-d2.r0.-d2.-r2.r0.d2.d2.f0.-r1.-f2.r1.-f0.d0.-r2.d1.r2.d2.-r2.-d1.r2.-r0
337,r1.r0.-d1.f2.f2.r1.-f1.d2.-f1.-r0.f0.r2.r0.d0.r1.d0.r0.-d2.-r0.-d0.-r1.-d0.-f1
338,-d0.-r1.d2.f2.-d1.-f0.d1.-d2.d0.d1.r1.f0.-f2.-r0.f1.d1.-d0.r1.-d1.r0.d1.r2.-r1.-d1.-r0.d1.d0.f0
339,-f0.-r2.f0.d0.r1.-f1.f0.d2.-f0.d1.r1.-r0.-d2.r0.f0.r0.d2.-r1.-r0.-f2.r0.r0.f2.f2.-f0
340,f0.d2.r0.f1.r1.d2.r0.-f1.r2.-f2.-r2.r1.d2.r0.-f2.r0.d0.r0.r0.-d0.-r0.-d2.r0.-d2.f1.d2.-r0.f2.-r1.-f2
341,d2.-f1.d0.-f2.d2.-f2.-r2.-r2.-f0.-r0.-d0.-f2.-r0.-d0.f2.-f0.-r0.-d0.r2.f0.r0.-f1.-r0.-f0.r0.f1.f1
342,-f2.r1.d2.d2.-r0.f1.-r1.-f0.r2.r2.d1.d1.-r2.-d2.r2.-f0.d2.f1.d0.-r2.-d0.-f0.r1.f2.d1.f0.d1.f0.-d1.-f0.-d1.-f2
343,-r1.-f2.-r2.f2.-d2.r2.f1.-r1.d2.-d1.-f1.r1.d1.-f2.d2.-f2.d1.-r2.d1.r2.-r1.d0.-r1.-d1.r1
344,-f0.-d2.r1.f2.d2.-d1.f2.d1.r2.d1.f1.-f0.-d1.-r1.d1.-f2.-r0.f0.-r2.-f0.r0.-f0.-r2.f0.r2.r2.f2.d0
345,-d0.-f0.r0.-d1.f2.-d2.f0.d2.-r1.f1.-d2.d0.r0.-d0.f1.-r0.d1.f0.d2.r1.-d2.-f0.-d1.-d0.-f1
346,-r0.-d2.r2.d2.f0.-r2.-d0.r1.-r0.-f0.r2.-f2.d1.f1.-r1.f1.-d0.r1.-d0.f1.d0.-f1.d0.-r1.d0.f1.-d0.-f1
347,f0.-r0.-f1.r2.-f0.r0.-f0.-d1.r1.d0.r0.-d0.r2.r1.-d1.-f2.-d1.f2.-d2.-f2.d1.f2.-d2.-f2.d2.f2.d2
348,-f0.f2.d1.r2.-d2.-f0.-d0.-r2.-d0.-f0.-d2.-r0.d2.-r0.d2.-d0.-r0.-r0.d2.f2.f2.d2.d2.-f0.-f0.f2.f2.d2.f1.r1.-f1.-d1.-r1.d1.f0.-d1.-f1.d1.f1.-f0
349,r2.r0.-f0.-d2.r1.f0.d2.f2.-d2.d0.-r0.d2.-f1.f0.-d1.f1.-r1.-d0.r1.d0.f1.-f0.r0.f0.r1.-f0.-r0.f0.-d0
350,-d0.-r2.-f0.d2.-r1.-f2.-d2.d0.-f0.-r0.-f0.-d0.r0.-f0.d1.-f1.-r1.f1.d1.-r0.f2.-r0.d1.-f2.r0.r2.d2.r0.-d2.-r2
351,-f2.r1.d1.-f2.r0.d2.-r2.d0.r0.f0.-r0.-d0.-f0.-d0.f2.r0.-f2.-r1.f0.r1.r0.f2.r0.-f2.r1.f2.-r0.-f2.-d2
352,r0.f1.d0.-r2.d0.-r2.d2.r0.r0.-f2.f1.-r1.-f0.-d1.r0.d1.r2.d0.r1.-f0.-d0.r1.-d2.-r1.f0.-r2
353,-d2.-f2.d2.-f2.r2.-f0.-r0.f1.-r1.d2.r1.-f1.-r2.-d1.f1.r0.f1.r2.-f2.-f1.-r2.f2.r2.-r1.f1.r2.r2.d1.-r1.-d1.r2.d1.r1
354,-d0.-r0.-d0.-d0.f2.d0.-r2.d2.-f0.-d0.-f0.f2.-r0.d2.d2.-r0.-r0.-f0.-f0.-r0.-r0.d2.r2.r2.f2.f2.d2.-d0.r2.r2.-f1.f2.-r1.f1.r1.-f2.-r1.f1.r1.-f1
355,-f1.d1.-r1.d1.-f1.d0.d0.r1.-f2.-d0.f2.d0.r1.-f2.-r1.-d0.-r0.d0.d0.f2.d0.-r0.-d0.-r0.f2.r0.r0
356,d1.-f2.-d0.f2.f2.-d2.-f0.-d1.-r0.-d1.r1.-d1.-f1.-r1.f0.-r2.f2.r2.-f0.r1.d1.-f0.-d1.-d0.r0.d0.f0.r0
357,-r2.r1.f2.-r2.-d1.d0.r1.d2.r0.-d0.f2.-f0.-r2.d0.d0.f0.d0.d0.-r2.-d0.-f0.r2.-f0.-r2.f1.f0.-r2.d0.f0
358,r2.-d2.-r2.f1.f1.-r2.-r1.d2.r2.f0.-d0.-f0.d1.-d0.f2.-d0.-r2.-f2.r2.f2.r2.-d2.-r2.-f2.-d1.f2.r2.f2
359,-f0.-r1.-f0.f2.f2.-d2.r0.-f0.d2.r0.f0.r0.f2.f2.r0.-f0.-f0.d2.d2.f2.f2.d0.-f0.-f0.d0.r2.r2.-d0.-d0.r2.f1.d1.-f1.-d1.-r2.-f1.f2.-r1.f1.r1.-f2
360,d2.-r2.d2.d2.-r1.-f2.-r2.r1.-d0.-d1.f1.-f0.r0.f0.r2.-d2.d1.d1.-r0.-d1.r0.-f0.-f0.-d1.f2.d1.f0.f0.-r0.-f0.r1.f0.r0.-f0.-r1.-f1
361,f1.r1.r1.d2.-f0.-r2.d0.-f0.-f0.r0.f0.-d2.f0.-d2.-r2.f2.-d0.-f0.-f0.d0.-r0.-r0.-f0.-f0.r2.r2.-f0.-f0.-d2.r0.f1.-d1.-f1.d1.-r0.d1.r1.-d1.f1.-r1.-f1
362,d0.-f1.-r0.-d0.r1.f0.-f1.-r0.f2.d1.r0.-f1.-d1.-d0.f2.-f0.-r1.-d1.f0.-f1.-r1.-f1.d1.-f1.-f1.-f0.-d1.f0.-d1.-f0
363,f2.f1.f1.d1.f0.-r0.-r2.-f0.-r0.-r0.-d2.-r0.f0.r0.d0.f2.d2.d2.-f0.-f0.f2.f2.d2.d2.-r0.-r0.-d2.r2.r2.f2.f2.d2.d2.f0.r1.-d1.-r1.d1.-f0.f1.d1.-f1.-d1
364,-f2.-r2.-f2.-r1.-d2.f2.d0.d0.-f2.-d0.r1.-f2.d0.f0.-r0.d1.-r2.-d1.r2.d1.r2.-d1.-r2.f0.f0.d0
365,-d2.-r1.-f0.-d2.d0.-f0.-r2.f0.d1.r0.r0.d0.-r1.r0.-f1.-r2.-f0.r1.f0.-r0.f1.r2.-f2.f0.-r2.-f0.r2.-f1.-f0.-d2.f0
366,f0.d2.-f2.r2.r2.-d0.r2.d2.f2.d0.-r0.d2.d2.-f0.d2.-f0.-f0.-r0.-r0.-d2.-d0.r2.r2.-f0.-f0.-d0.-f0.d1.-r1.-d1.r1.f1.d1.-f1.-d1.f0
367,d0.-f1.f0.r2.f1.r0.f1.-r2.d2.r2.-f2.-d1.r1.d1.f2.d2.d2.-r2.d0.-r2.-d2.f0.r2.-f0.-d2
368,d2.d2.-r0.-f2.f0.-f1.d0.r2.d1.d0.-r1.-f2.-f0.d1.-f1.r0.-f2.r2.f2.f2.-r0.-f0.-d0.r0.f1.d0.f0.r0
369,r0.r0.-f1.f0.-d0.r0.d1.-r1.f2.d0.d0.-f2.-f1.d2.r0.-d1.-r0.-d2.-r1.d1.r2.-d1.r1.-f1.r1
370,f0.r0.r2.-f0.-f0.-d0.-d0.-r0.d0.-f0.r0.d2.d2.f0.-d0.-r0.-r0.-d0.r2.r2.-f0.-f0.d2.-f0.-f0.d2.d2.-f0.-f0.-d2.f0.-d1.r1.d1.-r1.-f0.-f1.r1.f1.-r1
371,r0.f1.f1.r1.f2.-d0.-r2.-f2.-d2.f2.r0.-f0.-f0.d2.-r0.d2.f2.f2.-r0.-r0.d2.-d0.f2.f2.-r0.-r0.r2.r2.-d2.-r0.-r0.-f0.r1.d1.-r1.-d1.f0.f0.-r1.f1.r1.-f1.-f0
372,f0.-d2.f1.r1.r1.d2.f0.-f2.-r0.-r0.-f2.-d0.-r0.r2.d2.r2.r2.f2.d2.r2.r2.d0.r2.r2.-d2.r2.r2.-f0.-f0.-d2.-f0.-f0.f2.f2.f0.d1.r1.-d1.-r1.-f0.f1.-r1.-f1.r1
373,f2.-r0.f2.d0.-r0.d2.d2.f2.r0.d2.-r0.-d0.-d0.-r0.d2.-d0.-f0.-f0.-r0.-r0.-d0.f2.f2.-r0.-r0.d2.d2.-f1.f2.-r1.f1.r1.-f2.-f1.r1.f1.-r1
374,-d0.-f1.-f0.f2.-r0.-f2.d2.d2.-r2.-d2.r2.-f0.-f0.-r0.f2.d2.-d0.-f0.-f0.f2.f2.-d0.r2.r2.f2.f2.-d2.f2.f2.d2.-r1.r2.-f1.r1.f1.-r2.d1.f1.-d1.-f1
375,-d1.-r2.-r0.-d1.-r0.f2.-r1.-d2.f2.-r0.f2.-r0.d2.d0.d0.-r0.-d2.r0.-d0.-f0.r0.-f2.f0.-d0.-f2.d0.f2.f2.d2
376,-f2.r0.-d1.d0.-r2.d2.-d1.r0.f2.r0.-d1.-f2.r2.f1.f2.-d2.-r0.r2.-d0.r1.d0.r2.d1.-r2.-r2.-d1.-r1.d1.r2.d0
377,d0.-r1.-f0.d0.r0.-r2.-d1.-r2.-f0.r2.-r1.-f2.r0.-d0.-r2.d0.r1.r0.-d0.f0.-d0.f0.d0.-f1.-d0.-f0.d0.f1.d0
378,-d1.r0.f2.-d0.r0.-f0.r2.f2.r2.-f2.-r1.d2.d2.r1.-d0.r0.-f1.r2.f0.d1.-r2.-r2.-d1.-f2.d1.f2.r2.f1
379,r2.f2.-r1.f0.-r0.r2.-d0.f1.-f0.r1.f2.f0.d2.d0.-r1.-d0.-f2.r1.d2.f2.-d2.-r2.-r1.d0.-f2.-r0.f2.d1.-f2.r0.f2
380,-d0.f0.-r2.-f1.d1.-d0.f0.r2.f0.f1.-r2.-f1.-r2.-d0.r2.d1.f2.-d1.f2.d1.d0.r2.-d1.-r0.f2.r0.d1.-r0.-f2.r0
381,-d1.-r2.-f0.d2.-f1.-r1.d2.f2.-d0.-r1.f0.-f2.-f2.-d0.-f0.d0.f2.d0.-f0.-d1.-r1.d1.f2.r1.-f2.-d1.-f2.d1.f2.d1.f0
382,r0.-d0.-f2.-r0.-d0.-r0.-d2.r2.r2.d0.-f2.-d2.-r0.-f0.-r1.f0.-r2.-f0.d2.-d0.f0.d0.-f0.-d2.f0.r0.-f1.-f0
383,-d2.r0.-d2.f2.f2.-d2.f2.r0.d1.-r0.-r1.-f1.d1.r0.-f1.d0.r1.-r0.f0.r2.-d1.-r2.-f0.-r1.r0
384,d2.-f0.d0.-r2.f0.r0.-f1.r1.f2.-d2.-f2.d2.-d0.-f0.r1.f2.f0.-r1.-f0.r1.f0.-d1.f2.r1.d1.-r1.-f2.r1
385,d2.r0.-d0.f2.r0.r0.-d1.f1.-d1.f0.-r2.-f2.f1.-d0.r2.-f1.d0.f1.d2.r2.-d2.f0.-r2.-f1.-f0
386,-f2.-r2.f0.-d1.-r1.-f1.d2.f1.f1.-d1.d0.-r2.d2.-r2.d2.r2.-f0.d2.d2.f0.-d2.r2.-d2.d1
387,-r0.-d2.-d0.f0.d0.f0.-d0.r2.r2.-d0.-f0.-r0.-r2.d2.-f0.-f0.-r0.-r0.d2.d2.d0.-f0.-f0.-d2.-r0.-r0.d0.r2.d1.-f1.-d1.f1.-r2.-f0.-f1.-d1.f1.d1.f0
388,f2.d1.-f2.r2.-d2.-f0.r2.-r1.f1.-d0.r0.-f2.d0.r2.r1.-f2.-r1.f2.r2.-f2.d0.-r0.-f1.r0.d0.r1.d1.-r1.-d0.-r2
389,-f2.-d2.-f0.-f2.d2.r0.-d0.r2.r2.-f0.-d0.r2.-d0.f2.f2.-d2.f2.f2.-d2.-r0.-r0.-f0.-f0.-d0.-r0.-r0.-d2.d0.r1.f1.-r1.-f1.-d0.-f0.-d1.r1.d1.-r1.f0
390,r2.-f1.f0.d2.r0.d2.r1.f0.f1.-r2.r1.d1.-r2.d2.-r2.-d2.-r1.-d0.-f0.d0.-f2.r0.d1.r1.-d1.-r0.d1.d0
391,d0.r0.-f0.f2.-d0.r2.-f0.-f0.-d0.f2.f2.r0.-d0.r2.-f0.-f0.d0.-r0.-r0.f2.f2.-d0.-d0.-f0.-f0.d2.f2.f2.d0.-r0.-r0.-d1.r1.f1.d1.-r1.-f1
392,r0.-f0.d2.-r2.-d0.r1.f1.r0.f1.-r0.-d0.-f1.r0.-d0.-f0.-r2.f0.-d0.-f0.r2.f0.-r0.f2.d0.-f2.-d0.r0.d0
393,f0.-r0.f1.-d0.r2.-r1.-d0.-r1.d2.-r2.-d2.f1.r0.r2.f2.r0.-f2.-r2.f0.r1.f0.-r0.-f2.r0.r1.-f2.-r0.f2.-r1.r0.-f0
394,-r2.r1.-f1.-d1.-r0.-f0.d0.d0.-f2.-d0.f2.f2.-d0.-r0.f0.r0.f1.-f0.-d0.-r0.d0.-f2.-r1.-d0.-r1.d0.r1.f2
395,f1.-r1.f1.d0.r2.-r1.d2.-r2.d0.-r0.-f0.r0.f2.-r0.-f0.r0.r0.f1.-r0.-f0.-d1.r0.-f1.-r0.-f2.-r2.-f0.-r1.f0.r2.f2
396,d2.-f0.-d1.-f1.r0.-f0.d0.-r0.-d0.r1.d0.d0.r2.d2.-r2.-f2.-d0.-r1.f2.-r1.-f2.-d2.f1.d2.-r1.-d2.-d1.-f1.d0.-r1.d0.r1.d1.-r1.-d0.r1
397,-f2.d2.-d0.r0.-d2.-r0.-r0.d0.-f2.r0.f2.-r2.-f0.d2.-r0.-r0.f2.f2.-r0.-r0.r2.r2.-d2.-r0.-r0.-f0.-f0.-d0.-d0.-r0.-r0.d1.f1.r1.-f1.-d1.f1.-r1.-f1
398,-f0.-f0.d2.f0.r0.f2.-d2.r0.r2.f2.-r0.-f2.-d0.-d0.r2.r2.f2.f2.-r0.-r0.r2.r2.-d0.-r0.-r0.f2.f2.-r0.-r0.-d2.-r0.d1.-r1.-d1.r1.r0.-d1.-f1.d1.f1
399,r1.-f2.d1.-f2.r1.-d0.f1.r1.r0.-d0.-d0.-f0.-d0.-r0.-d2.r0.d0.d0.-r1.d2.r1.-d2.-f0.d2.f0.r1.-f0.-r1.-f0
400,f2.r2.f2.-d0.-r0.-f1.-d0.f2.-d0.-r0.f2.-r1.-d0.-f1.r2.-f2.-r2.f2.f1.-r2.f0.-r0.-f0.r2.-d0.r0.r0.-f1.r0.-f0.-r0.f1.r0.f0
401,-r0.-d2.-f2.-d2.-r2.f1.r0.f0.-r0.-d2.-d1.f0.-r0.f2.-r2.-d2.r2.-d2.-f2.r0.f0.r0.d0.f2.-r0.-f0.r0.-f2.-r0
402,-f2.d0.f1.f1.-d1.f0.-r0.-r0.d2.f2.-d2.-d0.-r0.-d0.f2.d2.r2.d2.f2.f2.d2.-f0.-f0.-d0.-f0.-f0.-r0.-r0.f2.f2.-r0.-r0.-r0.f1.d1.-f1.-d1.r0.d1.f1.-d1.-f1
403,-f1.-r2.-d0.f0.-r2.f2.f1.f1.r2.d2.r0.d0.-f0.-d0.r2.-d2.-r1.d2.-r2.f0.f0.r0.d1.-r0.-d1.f0.f0
404,-r2.r1.-f0.-r1.r0.-f0.-d1.d0.r0.f2.d2.r0.-f1.-r0.d2.-f2.d1.f1.-d1.f2.-f1.r2.-d2.-d0.f0.-r2.d2.r2.-d1.-r2
405,f2.d2.d2.r1.f0.r0.d2.-r2.-d1.-f2.-r2.f2.-r2.d1.-r0.f1.d0.-f1.r0.d2.d2.-f1.d0.-f1.d1.-r1.-d1.f1.-d0
406,r2.-f2.f0.r2.-f0.r2.d0.r2.f2.-r0.f2.r2.-f1.d1.f2.-d1.f1.-f0.d0.f2.-f1.r1.-d0.f1.d0.-f2.-d0.-f1
407,-d1.-r0.-d1.f0.r0.-d0.-f2.-d2.f2.-f1.-d2.-f2.-d1.-r2.-d1.r2.-d2.-r2.d1.f2.f1.d0.d0.f2.-d1.-f0.d1.-f2.f0
408,d1.-r0.-f0.-d0.r2.-r1.-f0.f2.-f0.d2.-r0.-f2.-r0.-d2.-r1.-d1.-r2.r1.-f1.-d1.f1.r2.d1.d1
409,-f0.d0.f2.d0.r1.-f2.-d0.f2.d0.f0.d1.d0.-f2.r2.r2.d0.-r2.-r0.-f0.-f0.r1.f0.-d2.r0.f1.-r0.d2.r0.f2
410,d1.-f0.r2.d2.r0.f1.d2.f0.r2.r2.f0.f2.r2.-d0.f0.f0.r2.f2.d2.d2.r1.-d2.-d2.-r1.f0.f0.-d1.f0.r0.d1.r1.-d1.-r0.-d2.f1.d2.d0.r1.-d0.-r1.d1.r1
411,-f2.d0.d0.f2.-f0.d2.-f2.d0.-f0.d2.-d0.f2.f1.r0.r1.-d0.-f2.-d1.f0.d0.-r1.-d0.-f0.-d2.f2.d1.-f1.-d1.-f2.d1.f1
412,-d2.r0.r0.d2.-r0.-f1.-d0.f0.d0.-f1.-d1.r2.-d2.d0.-r1.d2.r1.d2.-r1.d0.r1.-r0.d1.-r2.-d1.r2.r0.-f1
413,f2.-r1.d2.d2.f2.-d0.r2.-f0.-d1.f0.-d2.r0.r0.-d0.f2.d0.-r0.-f2.r2.r0.d2.-d0.-f1.f0.d1.d0.-r1.-d2.-f1.d2.f1
414,-r2.f1.r1.r1.f0.d2.-d0.f2.r2.d0.f0.-d0.-d0.r2.r2.d2.-f0.-d0.-d0.-r0.-r0.r2.r2.d0.f2.f2.d0.-r0.-r0.d2.-f0.d1.r1.-d1.-r1.f0.f1.-r1.-f1.r1
415,-d2.d0.-f0.r2.d0.f2.d1.-r0.-f0.-r0.-f1.d1.f1.d2.-r2.-f0.d2.-r2.d2.r2.d2.-d1.-f0.d1.f1.-d1.f0.d1.f2
416,d2.r1.d0.r1.-f0.d0.r1.-f0.d0.f1.-f2.r2.d2.-r2.f2.-f0.-d0.-f2.-d1.f2.r1.-d2.-r1.f2.-r1.-f2.r1.-f2
417,-d2.r0.-f0.r0.-d0.-f1.-d0.-f1.d1.f2.-f0.r2.d0.r2.-d0.r2.r2.-d0.r2.-f1.-r2.d0.f1.r1.-f1.-r1.f1
418,f1.-r2.r1.-d1.r2.-r0.-f2.d1.-d2.f1.-d0.-r1.-f1.r1.-f1.d0.-f2.d2.-r1.-f0.-r0.d2.r0.f0.-d2.-r0
419,d2.d2.f2.f2.-r0.-d0.-r0.-r2.f0.-d0.-d0.-r0.-r0.-r2.-f0.-d0.f2.f2.d0.-f0.-f0.-d0.-f0.-f0.f2.f2.-r0.-r0.d2.d2.d0.-r1.f1.-d1.r1.d1.-f1
420,d2.f2.-d0.f2.-r1.-f0.-r1.-d2.f1.-d1.-f1.d0.-f2.-d0.-f0.-r1.d2.f2.-r2.-f2.-r2.f0.-d2.-r0.d2.r0
421,-r2.-d1.-r0.-f2.-d2.d1.-f1.d0.f0.d0.-r2.d2.-r2.f1.f0.-r2.d0.d0.-r1.d0.-f1.-r0.d2.r0.-d1.-f0.d1.f1.-d1.f0.d1
422,-d2.-f0.r2.-r0.f0.d2.f2.r0.-d1.-d1.f1.d1.d0.-f1.d0.-r0.-d0.-f2.d0.-r1.-d0.f1.-d0.f2.-r1.-f2.d0.-r0.-d0.r1.d0.r0
423,d1.r2.d1.-r0.-d2.d1.-f2.-f2.-d2.f2.d0.-f2.-r2.d2.r2.-f2.r0.-d2.-r2.-r2.-d2.r1.-f0.-r0.f0.r2.-f0.-r1.-f2
424,f0.-r0.f2.-f1.d0.-f0.-r2.-f0.-r2.-d0.-d1.-f0.r0.-d0.-f1.-d1.-f0.-d2.-d0.-r2.f1.d0.-r2.-f0.r2.r0.d0.r0.-d0.r1.d0.-r0
425,f2.f1.r1.r1.d2.-r2.f0.-d0.-d0.-r0.-r0.-r2.-f0.f2.-d0.-r2.d2.-f0.-f0.d0.f2.f2.d0.-r0.-r0.-d0.-d0.f2.f2.-r0.-r0.f2.f2.f1.r1.d1.-r1.-f1.-d1.-r1.f1.r1.-f1
426,f1.d0.r2.r1.d2.r2.f2.d1.f2.r2.d1.-f0.-d0.-f1.f0.-d1.-f2.-d0.-f0.-d1.-r1.f1.r1.d1
427,d2.f0.d2.-r0.-d0.f0.d0.r1.d0.r1.r1.-f2.d2.-r1.f2.-d2.-f2.r1.-f0.-d1.-f2.f1.f0.-r1.-f1.r1.f2
428,-r2.-d0.r1.-d0.-r0.-f2.f1.-r2.-f1.r1.d0.-r0.f2.-r2.-f2.r0.f2.-r0.d0.f1.d2.-f0.r0.f0.-d2.-f2
429,-r1.-f1.d2.f0.-d1.d0.-f0.d0.d0.-f0.d1.-f2.f1.-d2.-r1.f0.r1.d2.f0.-d2.-f0.r1.f0.-r2.-f0.r1.f0.r2.-f0.-r1.f0
430,d1.r1.-d0.-f2.r2.-r1.f2.r0.-d0.-r2.d1.-d0.-f0.d0.-f0.r2.f0.d0.-r2.-f0.-d1.-f2.-r1.-f2.r1.f2.d1.f0
431,-d1.f1.r1.f0.-d2.f2.-d1.-f0.-d2.f0.f0.d2.f1.-d2.-f1.r2.d2.-r2.-f0.r1.f0.r0.f0.-r0.-f0.r2.f0
432,d2.-f1.-r0.d0.r2.f0.-d0.-f0.r1.-f0.-r1.-f2.r1.-d1.-r1.f0.-d2.-f0.-r2.f0.r2.r2.f0.r2.r2.f0
433,d2.r0.d0.-f2.f0.-d2.-f0.r1.d0.-f2.d2.r1.d0.d1.f2.f0.f0.r2.-f0.-r1.-f1.d0.-r1.-d0.-r0.-d1.r1
434,r1.-r0.-d1.f2.-r2.f2.r1.d1.-r0.-d0.f1.d0.f1.d0.-f1.-f0.d0.-f1.d1.f1.r2.r2.-d0.-r2.r1.-f1.r2.f1.-r1.-f1
435,r0.d1.-r1.d2.f0.-d1.f2.d0.-f2.-d0.-d1.r0.d1.-d0.-r2.-d2.d0.f2.f1.-r0.f2.d2.-f0.r0.-d1.r0.d1.r2.r1.d0.-r0
436,-r1.d1.f0.r1.-f1.-d1.-f0.-r0.f2.d0.d0.-r0.-d2.f2.-d0.f0.d0.-f2.d2.-d1.-d0.-r0.f2.-r0.-f2.r0
437,-f2.-r0.d1.-d0.-d0.-r0.-r0.f2.f2.-r0.f2.-d0.-d0.f0.-r2.f0.f2.d2.-f0.-f0.f2.f2.d2.d2.d0.f2.f2.d2.-r0.-r0.d2.-f0.-f0.-r0.f1.r1.-f1.r0.f1.-r1.-f1
438,-f0.-d0.f0.-d0.-f2.r2.d2.d0.-f0.d0.-f2.d2.r2.-f1.r0.-f1.-r0.f1.f1.d2.r2.-d2.-r2.f0.-d1.-f0.r2.f0.d1.-f0
439,-d0.f0.-d1.r2.-r0.-f2.-d0.-r2.f2.d2.-r2.f2.f2.-r0.-f1.r0.-d2.f2.-d1.-f2.r2.-f2.d1.f2.d1.-d0.-r0.-d1.r0.-d1.-f1.d0.f0.-d0.f1.d0.-f0
440,d1.-r1.d2.d1.-r0.f0.-r0.-f2.-d0.f2.-r0.-f0.-r2.d1.r2.d2.-f1.d0.f1.r1.-d2.-d0.f1.d0.r2.f0
441,f0.f0.r1.f1.-r0.-d2.-f2.d2.r0.f0.-d2.r2.r0.f0.-r2.d0.r1.d1.-f1.r1.f1.-d0.f1.-d2.d1.d1.-r1.d1.f1.r2.d1.r1.-d1.-r2.d1
442,-f0.-d2.f2.-d2.-f0.d0.-r0.-f1.d2.d1.r2.r0.r0.d0.-r0.f2.r0.f1.-r0.-d0.-f1.f0.r0.-f0.-r0.-f0
443,f2.f2.d0.-r1.-f0.-d1.-r1.-f0.r2.-f0.d0.-r2.-f0.-r1.f0.r1.-d0.-r2.-r0.f0.r2.-f0.-d2.d0.-f0.d2.f0
444,f0.d2.-f1.-r1.r0.-d1.r0.-d2.-d2.r2.f1.f1.d0.d0.-f1.d2.-r2.-d2.-f2.f1.r2.f0.-r1.-f0.-r2.r1
445,-f1.r0.d0.r2.-d2.-f0.-d0.r2.-d2.-r2.-r1.-d2.-d1.r0.r0.f0.-d2.-d0.f2.r2.-d2.-r2.-f2.-d2.-f0.d2.r2.f0.-r2.-d2.f0
446,r0.-f2.-r0.d2.d2.-r0.-d0.-d0.r2.r2.f0.r0.d0.-r2.d2.-f2.-d2.-r0.-r0.d2.f2.f2.r2.r2.-d2.-f0.-f0.-r0.-r0.d0.-r0.-f1.-r1.f1.-r0.r1.f1.r1.-f1.-r1
447,d2.-r2.-d0.r0.d2.r2.-r1.-f0.-r0.-d2.-d1.r0.f0.d1.-r0.-f0.r0.f1.r1.f1.d2.f2.-d2.-d0.-r2.-d1.d0.f1.f1
448,-d2.-f0.d1.r2.d2.-d1.-r0.f0.r2.d2.-r1.-f2.-d2.r0.r0.d0.r1.-r0.-f2.d0.f2.f0.-r0.-f0.-r2.f2
449,-r0.f1.d2.-f0.d0.r0.d1.d2.f0.r0.r0.-f1.d2.f1.-r2.-r0.-d2.-r1.r0.d1.r0.r0.-f0.-d1.r2.f1.-r1.-f1.-r2.d1.f0
450,d2.-f0.r1.f1.d1.r0.-f2.r0.f1.f1.-d2.-d1.r0.-d0.-f2.r1.d1.-f2.-r2.-d0.-r1.-r0.-d0.f0.r0.-f0
451,-r1.f1.r1.d2.-f1.r2.f1.-r0.-r2.f0.d2.-r1.-d1.f0.-d2.r0.-f0.-r2.-r2.-f2.-r2.f2.f2.-r2.f0.r2.-f2.-r2.-f0
452,-r0.-f0.r0.f1.d2.-f2.d1.-r0.d0.d0.-r0.f0.r1.-f0.-d0.d1.r2.-r1.r0.-d2.-f1.d2.r2.-f1
453,d0.-r2.f1.r0.f0.-d0.-f0.d1.-d0.-f0.-d2.f1.r0.d1.-f1.d1.f0.-r0.d2.-r2.-f1.r2.-f0.-r2.f1.r2.d1.f1.f0.r1.-f1.r0.f1.-r1.-f1
454,-r2.d2.-f2.-r2.-f2.d1.f0.-r0.d2.-f0.d1.-r0.-f0.-d0.-f0.-r2.d1.r2.-f0.r2.d1.-f0.-r2.f0.r2.-d1.-r2.f0
455,f2.-d0.r0.-d0.f2.d2.-f0.r1.f2.-r1.-f1.d1.-f1.-r2.-d2.-f1.d2.-r1.f2.d1.-d0.r1.-f0.-r1.f0.d0.-f0.r1.f0
456,r2.r2.-f2.-r2.r1.-f0.d0.r2.r2.f1.-r1.-f2.-r1.d1.-r2.-d1.r2.-f1.f0.r2.f1.r1.-d1.-r2.d1.-r1
457,d2.-d1.f2.-d2.r2.f1.-r0.-d0.-f2.d0.f0.-d2.-f2.r2.-d1.-r2.d1.-r0.d1.f1.-d1.r0.-f1
458,f2.r2.-r0.f2.r2.d2.-d0.f0.r2.r2.-r0.-f0.r0.f2.-r0.f0.-d2.-r0.d2.-r0.-d2.-f2.-f0.-r2.f0.-r0.-f0.r2.f0.f0
459,r2.-r1.-d1.-f1.d2.-r2.-r0.-f2.f0.-d0.f0.r0.f0.-r0.-f1.-r0.f0.-d0.f0.d0.f0.f0.d2.-f0.-d2.-f1.-d0.-r2.f0.d0.f1.-d0.-f0
460,-d0.r2.r2.f0.-r1.-f2.-r2.-d0.-d0.-f1.-r1.r0.-f1.-r2.-f1.r2.-f1.-r2.-r0.f0.f1.-r0.-d0.r0.d0.-f1.-r0.-d1.r0.f2.-r0.-f2.d1.f2.r0.-f2
461,-f1.d2.f1.-d1.r0.-d2.-f2.d0.r1.-f2.-r0.f2.d2.f1.f0.r2.r2.-d0.r2.d2.r1.-d0.-f2.-r2.d0.r2.-r1
462,d0.-r2.f2.-f0.d0.-r0.f0.r2.-r1.-f1.-r0.-f0.-d0.f1.f0.-d0.r2.d2.-f2.d0.f2.-d2.-d0.-r2.d0.f1
463,-d2.f2.f1.r1.r1.f0.-r2.-f0.-r0.f2.-d2.-f0.-r2.-d2.-d0.-r0.f2.f2.d2.-r0.-r0.d2.-f0.-f0.f2.f2.-d2.-r0.-r0.d2.d2.-r0.d1.f1.-d1.-f1.-r0.-d1.r1.d1.-r1
464,-f0.r2.-d2.f1.d1.f1.r2.r1.-f1.d1.f1.r0.-r2.r1.-d2.-d1.r2.d2.-r2.-d2.d0.-r2.-f2.r2.-d2.-d0
465,d0.r2.d0.-r0.-r0.r2.-f0.d2.-r2.f2.-r0.-f0.-d0.-f0.-f0.-d2.-d0.f2.f2.d0.-f0.-f0.-d0.r2.r2.-f0.-d1.r1.d1.-r1.-f0.d0.r1.-f1.-r1.f1.-d0
466,r0.d0.r2.-f2.d1.r2.-r1.d2.d2.f2.-d1.-r2.-d0.r2.d2.-d0.-f1.d2.-f2.d1.d0.-r1.d0.-f1.-d0.-f2.d0.f1.-d0.f2
467,r0.-d0.r2.-f1.d0.-f2.d2.r0.-r2.-d0.f0.d0.-f0.r2.d1.d2.r1.-d2.f1.r1.f1.-r1.-f1.-r0.f1.-r0.d1.r0.-f1
468,-f0.d2.-r2.r0.f1.-f0.-r2.-f1.-r1.f2.-d2.-f2.r1.r0.d2.r2.r1.d0.f0.-d0.f0.-r2.d1.-r1.-d2.r1.-d1.-r1
469,-r0.f2.r1.f2.-d0.-r0.-d0.-d0.-r0.-d2.-r0.-r0.-d2.r2.-f0.r2.r2.-d2.-d0.r2.r2.-d0.-f0.-f0.f2.f2.-d0.f2.d1.f1.-d1.f2.-f1.-r1.-f1.r1.f1
470,d2.-r1.d0.-f0.r2.f2.f2.-d0.-r2.-d2.r1.-d0.-r2.d0.r2.-d2.-r0.-d1.-r2.d1.-r1.f2.f0.r2
471,-f2.-d2.r2.f2.-d2.-d2.r0.d2.r0.f0.d2.f1.-r0.f1.-d0.-f1.-f0.d1.-f2.r0.-d1.r1.f2.-r1.f0.r1.-f2.-f0.-r0
472,-f2.d1.r1.r1.d2.r0.-d0.-r2.d2.d0.r2.-f2.-r2.f2.f0.-r0.-d2.-r2.-f2.-d0.f2.r2.d2.d0
473,r2.f1.d0.-f0.d2.r1.r0.f1.f2.-d0.-r1.-f0.d2.-f1.-d0.f1.r0.f2.-d1.r2.f2.-r2.r1.d0.-f2.-r1.f2.r1.-d0.-r1.-f2
474,-f2.-d2.-f2.r2.r2.d0.f0.r2.r2.f2.f2.-r2.d0.-f2.-d0.-f0.-f0.-d0.-r0.-r0.-f0.-f0.d2.-f0.-f0.f2.f2.-r0.-r0.-d2.-r0.d1.f1.-d1.-f1.r0.f1.r1.-f1.-r1
475,-d2.d1.-d0.-f1.f0.-r0.r2.-f2.-d0.-d0.f0.d1.d0.-f2.-d0.-f2.d0.-r2.d0.d0.f2.-r0.-d1.r0.-f2.-r0.-d2.f2.d2.-f2.-d1.f2.-d2.-f2.d1
476,f1.d2.r1.-f2.r2.-f2.r1.-d0.-r2.-d1.-r2.d0.-f1.d1.-f0.r2.-d1.-f2.-d2.f0.-d0.f1.d0.-f1.-f0.-r2.d2.r2.f1.-r2.-d2.f0
477,-f1.-r1.f0.r0.d2.-d0.-f1.-d0.r1.d0.-r2.f2.r2.d0.-r2.f2.-d0.-f2.r2.-d0.-f2.-r2.f0.f2.-d0.f2.d0.-f2.f0
478,f2.f2.d1.-f1.-r0.-d2.-f2.r2.-f0.r0.-d0.-r0.-f2.r0.-d1.-d0.r1.d0.-r1.-d2.-f1.r1.d0.-r1.-d0.f1.f1.-f0
479,f1.d0.r0.d2.-f2.-r2.d2.f0.-r1.-d2.-r1.-f0.d1.-f0.-d1.-f2.f0.-r1.-d1.-f2.-f0.-r1.-f0.-r1.f0
480,-r1.d2.r0.d2.d2.-r2.-r0.d1.d2.-r0.f2.r0.d2.-r0.-f1.d0.-r1.f2.-r0.f0.-d2.-d1.r0.-f0
481,d0.f0.-r0.-d2.r2.-d2.-r1.-r0.d1.-f2.d2.d2.r1.-d2.-d2.-f0.r2.f0.-r2.d2.f2.d1.f1.d0.-f1.-d1.-f2
482,-d2.r0.r0.-d2.-r2.-f1.-d2.f0.-r0.d0.f1.r2.d2.r0.-f1.r1.-f2.-r1.d1.f2.d2.r2.-f1.-r2.-d2.f1
483,-r0.d2.r2.d1.-d0.r0.f0.-r2.-d2.d0.f0.f0.-r0.-f1.d2.d2.-f2.r0.f2.f0.d2.-r0.-f2.-r0.f2.r0.r0.-f0.d2
484,f0.d1.-f1.r2.-f2.f1.-r2.r1.-r0.d0.f0.-d2.f0.r0.-d2.-f0.d2.r0.d0.f0.-d0.-r2.-r0.d2.r2.-f0.-r2.-d2
485,r2.d2.-f0.-d2.r2.d1.-r0.-d2.-r2.d0.f1.-r1.f2.r2.-f2.-r2.-f2.f0.d2.-d0.-r0.d0.r0.-d2.d0
486,-d0.r2.d1.f2.-r2.-d0.-f0.f2.r0.-d2.f1.-d2.f0.-f2.f0.-d1.-f0.d1.f2.-d1.r1.d2.r0.d1.-r0.-f1
487,r2.-f2.-d1.r1.-d2.-r0.-f1.f0.d0.-r2.r0.r0.-d2.r0.-d0.-r0.d0.f2.r0.-f0.-r0.f0.-d2.-f2.d2.-r0.d2
488,r2.d2.f0.f0.-r0.-d0.f2.-r0.f1.r0.-d2.r1.d1.-f1.-r1.f1.-d1.-d0.r2.d2.-f2.-d2.-r2.f2.d2.-r1.-d2.-d0
489,d1.r1.-f0.-d1.-r1.-r1.-d2.-f2.-r0.-d1.-f2.-r0.f2.f2.d2.-r1.-f2.d1.r0.-f2.d2.r2.-d1.-r2.-d2.-r1.f1.r1.-f1.-r0.f1
490,r2.f2.-d1.r2.d0.r0.f1.d0.-f0.r0.f2.-r1.-f0.r1.-f1.f0.-d0.-f2.d0.f1.r0.-f0.-d1.f0.-r0.f2
491,r2.f0.r1.-d1.-d0.r2.-r0.-f2.-f1.r0.f0.-r1.-f0.d1.f0.f0.-d1.f1.d0.f2.d2.-f2.-d0.-f2.-d2.f2.-f1.f0.r2
492,-d2.d0.r2.-f1.-r1.r0.d2.f0.d2.-r2.d0.-r2.d2.r2.-d0.f0.f1.d0.-r2.-f2.-r1.f2.-r2.f1.r2.-f2.r1.-d1
493,d2.r1.-d2.-f2.-d2.d0.r1.-f2.-d0.-r0.-d0.r2.d2.-r2.f2.-d1.-f2.-d0.-f0.d2.f0.-d2.-r2.-f1.-r0.f1.d1.-f1.r0.f1.r2
494,-d0.r2.-f0.d0.r0.f0.-d0.-f1.-r1.-d0.-r1.-r1.-d2.-f2.r1.-f1.r0.r0.d2.-r1.f1.f0.r1.-d2.-r1.f2.-d1.-f2.d2.f2
495,-f0.r2.-d1.f0.-d2.-r0.-d1.-f0.-d2.-d2.-f2.-f0.-d1.-d2.f2.f2.-r2.d0.-r1.-r0.-d2.r0.d0.d0.-r0.d2.r2
496,-f2.d2.d2.r2.f0.-r0.d0.-r2.-f2.r1.f0.-d0.-f1.r1.d1.d0.r2.-d0.r2.f2.f2.-r2.-d1.-d1.r2.f2.-r2.-f2.d1.f2
497,-f2.-r2.d0.-f0.-d2.f0.-r2.-f0.d2.d1.-f2.f0.-d2.-f0.-d0.r2.-d2.r2.-d1.f0.d0.r0.-d0.-f0.d1.r2.r2
498,-f2.-d2.-r0.-r0.d0.-f0.-f0.-r0.d2.d2.r0.-f0.-r0.r2.f2.f2.-d2.r2.r2.d2.-d0.-d0.-f0.-f0.d2.-r0.-r0.d2.r1.r1.f1.r1.-f1.r1
499,r2.r2.-f0.-d2.r2.d0.r1.d1.d1.r1.-d2.-r2.d1.f2.-d2.r1.f1.f0.f0.-r1.-d2.-f2.d0.r0.f1.-r0.-d0.f2.d2
500,f2.-r2.d0.-f2.d2.-r2.f1.r0.r0.f0.r2.-r1.-d2.r1.d0.d0.-r1.-d1.-r0.d2.r0.-d0.-r0.d1.d0.f0.-r0.f0
501,f0.-r0.-d2.-f2.r2.d0.f1.-d2.r0.f1.-r1.-f2.d1.d0.r0.f2.-r0.-f1.r0.d1.f0.-r2.-d1.r2.-d0.-f0.-r2.r0.r0
502,d1.-r2.-d2.d0.-f0.d0.-d2.-f2.-r1.-f0.-r0.-f2.r2.-r1.-d2.-r0.-d2.-f0.r2.r0.-d0.r1.d0.-f0.r0.f0
503,d1.d1.f1.-d2.d1.f1.f1.-r0.f2.-f0.r0.-f0.r2.d0.d0.r0.r1.r0.d2.d2.r1.d2.f0.r0.-f0.r1.f0.-r0.-f0
504,r0.-f0.-d2.f0.-r2.r1.-f0.-r1.-d1.-r2.-d1.-r2.-f1.r2.-d1.f2.r0.-f0.-r0.-d1.-d0.-f1.-r1.r0.-f1.-r0.f1.r1.d0.r1.-r2.f1.r0.-f1.-r1.f1.-r0.-f1
505,-f2.r0.-d1.r0.f0.-r2.r0.-d0.r0.d1.-d0.f1.-r0.-f1.r0.f1.-d1.r0.-d2.f1.-d1.f2.d1.-f1.d2
506,-d2.d1.r0.f1.r2.r0.f0.-r0.-d0.f0.r2.f1.r1.-f0.r0.d2.-r0.-f1.-d2.-r0.d2.f2.d1.d0.-f2.f0.r0.f2.-d1.-f2.-r0.f2
507,-d2.f1.r0.d1.r0.-d0.f2.d2.-r2.-d1.r2.-f1.f0.d2.r1.-d2.-r1.d2.-r0.d0.r0.-d2.-f1.-r0.-f2.r0.f1.-r0.f2
508,d2.f0.r0.f0.-d0.-f2.d1.r1.-r0.f1.-d2.-r2.-d2.r2.f0.d0.-r2.-f0.r2.-d2.f2.d2.-f0.-d2.-f2.d2
509,-r0.-r0.d2.-d0.-d0.-r2.-f0.-f0.r0.f0.f2.d0.-r0.-r2.d2.f2.f2.r2.r2.-d2.-d0.r2.r2.d2.r2.r2.f2.f2.d2.-f0.-d1.-r1.d1.r1.f0.r1.f1.-r1.-f1
510,r0.r0.f2.r2.-f2.f1.d2.f1.-d1.-d0.r2.d1.r1.-f2.d0.f1.-d0.f2.-f1.-d1.-f2.-d1.f1.-d0.-f1.d1.f1.f0
511,r0.-f1.f0.-r1.-d0.f0.-d2.r2.-f0.-d0.-r2.-f1.r2.-d0.-d2.f0.f1.r2.-f1.d0.-r2.-f0.-r0.-f1.d0.f1.d2.f2.f0.-r0.-f0
512,-f0.-r0.-d0.-f2.d0.r2.f2.-d2.-d0.r2.f0.d0.r2.f1.d0.-f1.r0.-f0.r2.-r1.f0.-d2.-d1.-f1.r1.f1.-r0.-f1.-r1.r0
513,r1.f2.-d0.-r0.-d0.r2.-d1.-f1.r2.-d2.r1.f0.d1.r0.-d0.f2.d0.f1.d2.f0.r0.-d2.-f1.-f0.r2.-f2.-r0.f2.-r2
514,-f2.r2.f2.-r0.d2.-f2.f1.d2.d2.r2.f2.-r2.-r2.-d0.-d1.-r0.-r1.f2.f2.-r1.-f2.-f2.r1.f2.r2.d2.-r2.-d2.f1.d2
515,d2.-f0.r1.-d1.r2.d0.f1.-f0.-d2.d0.r0.f2.d2.-f2.d2.-r2.-f2.d2.d2.-r0.f2.r1.r1.-d0.r0.d1.-r0.d0.r0.-d1.r1
516,-d0.f2.f2.d2.-f0.-d2.d0.r2.d2.r0.f0.r2.f2.-r0.-r0.d2.d2.f2.f2.d2.f2.f2.-d0.-r0.-r0.-d2.-r0.-r0.-r2.f1.-d1.-f1.d1.r2.f1.-r1.-f1.r1
517,-r1.-f0.d0.r2.d2.r0.d0.r0.-f1.-d2.-r2.d0.-r1.d0.-f2.r1.f2.-r2.-r1.f0.d0.d0.f1.d0.-r0.-d0.-f1.d0.-f0
518,-f2.f0.r2.-r1.-f2.f0.-d2.d0.f2.-f0.d2.f2.-r2.-f1.f2.-d0.f2.d0.-f0.-d1.-d0.r0.f1.d1.-f2.d1.-f1.-d1.f2.r0
519,r0.d0.-r2.d0.-f2.-d2.d1.r2.-d0.r0.d1.-f2.r0.f2.d0.-r2.d0.f2.-d2.f0.d0.-r2.f2.r2.-f2.r2.-d0.-f0.-d1.f0.d0
520,-d0.-r1.-d2.r2.-f2.r2.d1.-r1.d0.-r0.-d0.-r2.-r2.d2.f0.-r2.-f0.-d2.-r2.-f0.-r1.f0.-r2.-d2.-d1.f0.d1.-f0.d2.r1
521,-d0.-f2.-d1.-r1.-f2.d2.-r2.-f2.d1.f2.-f1.r2.f0.-r2.-f0.r2.-f0.-r0.f1.r0.-d2.-r0.d2.-f1.r0.r0.-d0.-f0.d0.-r0.-d0
522,-d2.f1.f1.d1.-f0.-f0.d2.d2.-f2.d2.-d0.-d0.-r2.f2.f2.d0.-f0.-f0.r2.f2.-d2.f2.f2.-d2.-d0.-r0.-r0.-f0.-f0.-d0.-r2.-d1.r1.d1.r2.-r1.-f1.-r1.f1.r1
523,d2.-d1.r2.f2.-d0.f0.-d1.f1.r0.-r2.-f1.d0.-r1.f2.r1.-d0.-f0.d1.r1.-f0.-f0.r1.-f2.f0.r1.f0.-r1.f2.f0
524,-r2.f2.-f0.r1.f2.-r2.-d2.-r1.r0.-d2.d1.-r2.-d2.r2.d2.-r0.-d2.-d2.-r2.-r1.-d2.f2.-d2.f0.-d2.-f2.d2.r2
525,-d0.f0.f1.d2.-d0.-d0.f2.r0.f2.r0.-d2.f0.-f2.-d0.-r0.-r2.f2.f2.d2.-r0.-r0.-d0.-r0.-r0.d2.r2.r2.-d2.d0.r2.r2.-f1.-d1.f1.r1.d1.f1.-r1.-f1
526,r2.-f0.-d1.r2.d2.-f2.d2.d2.d0.f2.r2.-d2.r2.r2.-f0.r2.r2.d2.f2.f2.-r0.-r0.f2.f2.r2.r2.-d0.-r0.-r0.r2.r2.d0.-r0.f1.r1.-f1.r0.f1.-r1.-f1
527,r1.f2.-f0.-r2.-d0.-r2.-f0.f2.d1.-d0.f0.d2.-r2.d1.-r2.-r2.-d1.r2.f1.r2.r2.-r0.d1.f1.-d1.r0.d1
528,-f0.-r2.d1.f2.-d2.f0.d1.f2.d0.-r2.f2.-r0.d0.f1.-d0.r0.r0.d1.-f1.r2.f1.r0.-f2.f0.d0.-f1.-d0.-f0
529,f2.-r2.d2.d2.-r2.-r2.-f1.-d2.f0.-d2.f0.r2.-d0.r0.f2.r0.-f1.r2.f0.-r2.-r0.-d1.r0.d1.-r0.-d2.f1.d2.-f1
530,-f0.-f0.r0.d0.-r0.-r0.d0.-f0.d2.f2.-r2.-d2.r0.-d0.-d0.-f0.-f0.-d2.f2.f2.-r0.-r0.d2.-f0.-f0.d0.r2.r2.-f2.d1.f1.-d1.f2.-f1.d1.f1.-d1.-f1
531,d1.-d0.r0.d1.f2.-f1.-r2.f0.-d2.f0.r2.-f0.-r0.-f0.r2.r2.-f2.-d2.-d2.-r2.-d2.f2.d0.r1.-f2.d0.-f2.-d0.-r1.d0.f2
532,f1.-r0.-d0.f1.-r1.-f0.-f1.-r1.-f0.-d0.-f2.r2.r2.-r1.-f2.r0.-f0.d0.-f2.-d0.-f1.-d0.f1.-d0.f0.d0.r2.f2
533,r1.-d2.d0.-r1.r0.-f2.-r0.f0.-d1.d0.f2.-d0.-f0.r2.-d0.r0.r0.-d0.r1.d0.-r0
534,r2.f0.-d2.-r2.-f1.r0.-r1.f2.d1.r1.-d2.r2.-f2.r1.f2.d2.-d0.-f2.d0.f1.d0.-f1.-d0.-f1
535,d2.-r2.d2.-f0.d1.f2.-f0.-d0.r0.f0.-r2.-r2.f0.-d2.-f2.-r0.d2.d2.-f0.r0.d0.f0.r0.-d2.f1.d2.d0.-r0.-f0
536,f2.r0.r0.d1.-f1.r2.-d0.f2.-f0.-r0.-f2.d0.d1.-r2.r0.f0.-r0.d1.-r2.-d1.r2.-f0.-d0.-f1.-d2.-f0.d2.f1.f0.-r2
537,-d2.-r0.-f1.d0.-f0.d2.d2.f2.d0.r0.-f0.-r2.d2.d2.f0.-d2.-r0.-r0.-d0.r2.r2.-f0.-f0.r2.r2.d2.d0.r2.r2.-f0.-f0.d1.r1.-f1.-d1.f1.f1.-r1.-f1
538,f0.f1.d1.d1.f0.-r0.-r0.f2.f2.r2.d0.r2.r2.-f0.-f0.-r0.-f0.-d0.-r2.f2.f2.d0.-f0.-f0.-d2.r2.r2.d0.r2.r2.-r0.d1.f1.-d1.-f1.r0.-r1.-f1.r1.f1
539,-d0.r0.-f0.-r2.d0.r1.r1.d0.-r2.f2.-d2.r1.d2.r2.r1.r1.-f1.r1.-f0.r2.-f1.d2.d1.-r2.-r2.d0.-r1.-d0.r2
540,-d2.r2.f2.f2.-d0.-d0.f0.-r2.f2.f2.-r2.-f2.-r0.f0.d2.d0.-r0.-r0.-d2.-r0.-r0.-f0.-f0.d0.f2.f2.r2.r2.-f1.f2.-r1.f1.r1.-f2.d0.-f1.r1.f1.-r1.-d0
541,f2.-f1.d0.-f0.d2.f2.d2.r1.-r0.d2.f2.r1.-d2.r2.-r1.-r0.-f2.-f0.-d1.f0.-d2.-r1.d2.-r2.r0
542,r0.-d2.f1.f1.-d1.-d2.-f2.r2.-f2.-d2.d0.-r2.f0.r0.d2.d2.f0.d2.f2.f2.-d2.d0.-f0.-f0.-r0.-r0.-d0.-f0.-f0.-d2.r2.d1.-f1.-d1.f1.r2.-d1.-r1.d1.r1
543,r0.d0.r1.-f0.-d2.-r0.-f0.-d2.-d0.-r0.-d0.r0.r0.f0.d2.-f0.-d0.-f0.-r1.f0.r1.-d2.-r2.d2.-r1.-d2.-f1.r2.f1
544,d2.d2.r0.r0.d2.-d0.r2.f2.r0.-d2.r2.-r0.-d0.-r2.-d1.r2.d0.f0.-r1.-d1.r1.-f0.f1.r1.-f1.-r1.-d1.f2
545,-f0.-f2.r1.d2.r2.d0.r2.-d0.f0.-f2.d0.f2.d2.f2.r0.-f0.-f0.r2.r2.d0.-r0.-r0.-d2.r2.r2.-f0.-f0.d2.-d0.-f0.-r1.d1.r1.-d1.f0.f1.-d1.-f1.d1
546,d2.f0.-d1.r2.d2.f1.d2.-r0.-f0.-d0.-f1.d0.f0.-r0.f2.f0.r0.-f2.-d2.-r1.-r0.-f2.-r2.f2.-d0.f2
547,-f1.d0.f2.-f0.r0.-d2.-r1.f1.d2.-d0.r1.-d1.d2.r2.d2.d2.-r2.d2.r0.d0.f2.-d0.-f2.-r0.-f1.-f0.r2
548,-f1.d0.-f0.r0.r0.-d2.r2.f1.-d2.r0.-d1.r1.-d2.-d1.-f1.-r1.f2.d1.f1.r2.-f1.-r2.-f2.-r0
549,-d0.d2.-f0.-f0.r2.r2.-d2.-f0.r0.f2.f2.r2.d2.r0.-f0.-d0.-d0.r2.r2.d0.-r0.-r0.d0.r2.r2.-d0.-r0.-r0.f2.f2.-r1.-d0.-d2.-f1.d2.r1.f1.-r1.-f1
550,f2.-f0.-d1.-r0.-d2.-f1.-r2.f0.-r0.-d2.-f0.-d0.r2.d2.r2.-f1.d2.d2.f2.-d2.-f2.d2.d2.f1
551,f1.d1.r0.d2.r2.-f0.-d2.f2.-d1.-f0.-d0.-f0.d1.f0.-r2.r0.-f0.-r0.-r0.-f2.d0.-r2.-f0.-d0.f0.r2.-f0.d0.f2
552,-r2.f1.d2.d2.f0.-r0.-f0.d0.-r2.f2.-d2.-d0.-d0.-f2.-d0.-d0.f0.d2.-r0.-r0.f2.f2.-d0.-r0.-r0.-f0.-f0.-d2.f2.f2.-r1.r0.-f1.r1.f1.-r0.d1.f1.-d1.-f1
553,r2.-r1.-f1.-d2.r0.-r2.-f1.-r2.f0.r2.-d2.-r0.-f1.d2.-r0.-f0.d1.f0.r0.-d2.-r0.-f2.d0.f2.-d0
554,d1.-r2.d2.-f2.d0.f1.f1.-d2.-f1.-r0.f1.r0.f2.-d1.f2.f0.r1.-f2.r0.f2.f2.-r0
555,-r2.-d2.-f1.-r1.-d1.-r1.f1.-d2.-d1.f0.-d1.r0.-f2.-d1.r2.-d0.f1.d0.r0.-f1.-r2
556,-f0.-d1.r2.d0.-r1.-f0.-r0.-d1.-f1.f0.-d2.-f1.-d2.-f2.-r0.f0.-d1.r2.d1.-r1.-f1.-r2.f1.r1.-f1.-f0
557,-d2.-f0.-d0.-r1.d2.-f2.-d1.-r2.d2.-r0.-r0.-f0.-f1.-r0.d2.r0.f1.f0.-d1.r2.-r1.d1.r1.-d0.-r1.d2.-d1.d0.f1
558,d2.r1.f2.d0.r2.-d2.d1.-f1.-f0.-r2.f2.-d0.-f0.r2.-f0.d2.-f2.r2.r2.-f0.f2.-r2.-f2.f0.-d0.f2.d0.r2.-d0.-f2.d0.r2
559,f0.r2.f0.d1.-r2.r1.-f0.r0.-d0.f1.f1.r2.f1.r1.d2.f2.r2.f2.d2.-r1.-d2.f0.d0.-f2.-f0
560,r1.f2.-d1.f0.-d0.r1.r1.-d1.f2.f0.-d0.f0.-r2.-d0.-f2.d0.-f2.-f2.r0.r0.-f2.f0.-d0.f2.d0.-f1.-d0.-f2.d0.f1
561,d0.f2.-f1.-r2.d2.-f0.-r2.-r0.f0.d1.-d0.f2.-d1.r1.f0.-r1.-f0.-r1.-f2.d0.r2.f2.-r2.-f2.-d0.f2.d0
562,-f2.r2.-r0.d0.-f2.f1.-d1.-r0.-d1.f2.-r2.-f0.r2.d2.d0.f0.d0.-r2.-f2.r0.-f2.-d0.-f0.-r1.d0.-r0.-d0.r1.r0.f0
563,-d2.f2.r1.-d1.-r0.-f0.d2.f0.-r2.f2.r0.-f2.-r1.-r0.d2.-d1.r1.-f0.-r1.-d2.f2.f0.f0.-r2.-f2.-d2.f2.r2.-f2
564,d0.f0.-r2.d1.f1.-r2.-r1.-d1.-r0.-f2.-r0.f1.f0.-r0.f2.r0.-d0.-r1.d0.r1.-f2.-d2.r2.f2.f2.-r2.-d2.-f0.d2.f2.-d2.f0
565,-f2.d2.d2.-r2.d2.f2.-f0.r2.-r1.-r0.d2.-d0.f0.-r0.f1.r0.-d2.-d1.-r1.d0.r1.-d0.-r2.-f2.d1
566,d0.-r2.-d1.r2.f2.d1.r1.f0.r0.-d0.f1.-f0.-r2.-r1.-f2.f0.-d2.f0.d2.r2.r2.-f0.r2.f0.r2.f2
567,f2.d2.f0.r2.-d0.-r0.f1.-r0.-r1.-f2.-d0.d1.-f0.-d1.-r2.d0.d2.r1.-d0.-r1.-d2.r1.f1.d2.-f1.-f0.-d2.r0.d2.f1.-d2.-r0.d2
568,d1.-f0.d0.f2.r2.r2.-r0.d1.f0.-r2.d1.d2.d1.r2.-f2.-d2.-r2.f2.-r1.f2.r1.-f2.-d1.f2
569,-r2.-f2.r1.f0.r2.f0.-d1.r0.r0.-f0.-d0.-r0.-d1.-f2.-r0.f2.f2.-d1.f2.d1.d0.r0.d2.-d0.r0.-d2.-r0.f2.d0
570,f1.-d2.-f0.d0.d0.-f2.r0.f1.f2.-r2.d2.r2.f2.f1.f2.-d2.-f2.d2.-r0.f0.d0.f2.f0.r1.f0.-r1.f0.f0
571,-d2.f1.d2.-f0.-r2.r0.f2.-d1.f1.-r0.f1.-f0.d1.-r0.d2.-r2.-f0.r1.-f1.-d0.f1.d2.-f1.d0.f1.f0.-d2
572,-f0.d2.r1.f1.d2.f1.r1.f2.f2.-r2.-f1.f0.d0.r2.-f0.-r1.-r0.f2.f2.-d0.-f0.d0.f1.f0.-r0.f0.r2.-f0
573,r1.d1.-r2.-f0.-d1.-f0.d2.f0.d1.-r0.d0.r0.f0.f2.f2.d1.f2.r0.f2.-d1.-f2.r2.d0.-r1.-d0.-r2.d0.r1.-d0.r2.f2
574,-r0.d2.r0.r2.r2.-f0.-r0.-d0.f2.r2.-f2.-d0.-d0.f0.d0.-r0.-r0.f2.f2.d0.r2.r2.d2.f2.f2.r2.r2.-d2.-f0.-f0.f2.-r1.-f1.r1.-f2.f1.f1.d1.-f1.-d1
575,f1.f1.d1.r2.f2.-f0.r1.d2.r2.-d0.r0.-f2.-f0.d0.r2.d0.-r2.-d0.-r2.-d0.f0.r0.d0.d0.-r0.-f0.d0.-r2.f0
576,-d2.-r0.-r0.f0.-d0.-r0.-r0.f2.d0.r0.r2.-d2.f0.-d2.-d0.-f0.-f0.r2.r2.-d2.d0.-f0.-f0.-d0.-f0.-f0.-d1.r1.d1.-r1
577,d2.-f0.d0.-r0.-r0.f2.-r2.-d0.-f0.d0.-f2.d2.-r2.f0.d2.d0.f2.f2.-r0.-r0.-d2.r2.r2.d2.r2.r2.-d0.-f0.-r1.f1.r1.-f1.-f0.f1.-d1.-f1.d1
578,-f2.-d0.f1.f1.-r1.-r0.-r0.-d0.-d0.f0.-r0.f0.r2.f2.f2.r0.-f0.-d2.d0.r2.r2.-d2.f2.f2.d0.-f0.-f0.f2.f2.-d2.r2.-f1.d1.f1.-d1.r2.f1.r1.-f1.-r1
579,-f1.-d2.-r1.f1.-r1.f2.-r0.-d2.r2.-f2.f0.r0.f1.-r0.f2.-f1.d2.-d0.r2.-d0.-f0.-r2.f0.d0.d0
580,r1.f2.-f0.r0.d2.-f2.d0.d0.-f2.r2.d2.r0.d1.f2.-r1.d0.r0.-f2.-r0.d2.f2.-d0.-f2.d1.f2.-d1
581,d2.-d1.r0.f1.-f0.-d0.f0.-f2.-r1.r2.d0.-f2.-d0.f0.-r0.-d0.r0.-f0.-d1.r1.d1.r2.f2.d2.d0.-f1.-f0.-r1.-f2
582,f1.-r0.f1.-d0.f2.-r0.-d1.f1.-r2.f0.d2.-f1.d2.-f0.-r0.-r0.f2.-d2.f0.r2.-f0.-r2.-f2.-r1.d2.r1.r0.f0.d2.-f2
583,-f2.-d0.r2.r2.f2.d2.r2.-f0.-r0.d0.-f0.d2.r0.-f0.-f0.r2.r2.-d0.-r0.-r0.r2.r2.f2.f2.d2.-f0.-f0.f2.f2.r0.-d1.-f1.d1.f1.-r0.-r1.f1.r1.-f1
584,d0.-r0.f2.d0.-f1.d0.-r2.f2.r1.f1.-d2.-f2.d2.d0.r0.f1.r2.d2.-r2.-f1.f0.-d2.d1.f2.-d1.-f2.d2.f2.-f0.d1.-f2.-d1
585,-d0.-r1.-d0.f1.-d0.-f2.r1.-d0.f2.-d0.-f0.r1.-d0.-r1.-r0.-d2.-r0.f2.d2.f1.-d2.-f1.-d2.-f2.d2.d2.f0.r0.-f0.-d2.f0
586,-f1.d1.-r1.d1.f2.r0.-d1.d0.r0.f2.-r0.f2.-d1.-r2.f0.-r0.-d1.-r0.d2.r0.d1.r0.f1.r0.-f1.-d2.f1.-r0.-f1.-f0
587,-d1.-r2.f2.d2.r1.-f2.-d0.-r1.d1.f0.-r0.f2.r2.r0.f0.r1.r1.-d2.-r1.r0.d2.-f0.d0.f1.-d1.-d0.-r2.d1.r2.-r1.r0.f1.-r0
588,-d0.-r0.-f1.d1.-r2.-d0.r1.f2.d2.d1.-f1.-d1.-d0.-r0.-f0.-f0.-r2.-d2.-f1.-d2.r2.d2.d0.-f0.d1.f1.-r1.f1.r1.f0.-r1.-f1
589,-r1.f0.-d0.r0.-f0.-d1.r1.-d2.-d1.-r1.-d0.-f1.-f0.r2.-f2.d0.f2.-r2.-f2.r1.f2.f2.r0.-f0.-r0.f1.r0.-f0.-r0.-f1.r0.f0.-r0
590,f0.r0.-d2.r2.f2.-r2.-f0.d1.-d0.-r0.-d0.-r0.-f2.-r2.f2.-d0.f2.d0.-f2.f0.-d2.-r1.d2.-f1.-f0.r0
591,f2.-r2.-d1.r1.d2.f0.r1.-d1.-r1.r0.d0.-f0.-d1.d0.r2.d2.-f2.-f1.d2.r0.-d2.r0.-f1.-r0.-f0.r0.f0.r0.f1
592,-d2.f1.f1.d1.d2.-r2.-f2.r2.d0.r0.f2.f2.r0.-d0.-d0.f0.r2.-f0.-f0.-r0.-r0.d0.f2.f2.-d0.f2.f2.r2.r2.d0.f1.-f2.r1.-f1.-r1.f2.-d1.-r1.d1.r1
593,f2.-r2.-d2.f1.r1.-d2.d1.f2.r2.r0.-d2.f2.r2.-d2.-f2.d2.r2.r2.-d2.-r0.-d2.-f2.r0.f2.-d2.-r2.d2.r2.f0
594,-r0.-f2.-r0.d2.r0.-f2.-d1.f1.-r1.-d1.f2.-d2.r1.d2.f2.r2.d2.-r2.r0.-d2.r1.d2.r2.-f2.-r0.f2
595,f2.-d0.r1.f0.r0.d1.r1.-d0.-f1.-f1.d1.d0.r0.f0.-d0.-r0.d0.r0.d0.-f2.-d0.-d0.-r2.-r0.d0.-r1.-d0.f0.f0
596,d1.f0.r2.-r1.-f0.-d2.-r0.-d0.r0.-f1.r1.f2.d0.-f1.-f0.r2.d2.-f2.-r0.-f2.r0.-d0.-f2.d2.d2.f2.d0.-f2.d2.-d0
597,-f0.r0.d2.r2.-f2.-r0.-r0.f0.-d2.f0.-d2.-f2.-r0.-r2.f2.f2.r2.r2.d0.-r0.-r0.-d0.-d0.-f0.-f0.d2.f2.f2.-d2.f2.f2.r1.-r2.-f1.-r1.f1.r2
598,r0.d2.-f2.-r2.-d0.-r2.-f0.r0.d2.f0.-r0.-r0.f0.-d2.-r0.-r0.f2.f2.r2.r2.d2.f2.f2.d2.d2.-f0.-f0.d0.f2.f2.f1.-f2.-d1.-f1.d1.f2.-f1.-d1.f1.d1
599,-f2.-r2.f2.r2.-f2.-r2.f0.r1.r1.d2.f2.-f1.d1.d1.r0.d1.f1.-r1.-f1.d0.-f0.-d0.f1.r1.-r0
600,-d1.r1.f0.-d2.f1.-r1.f0.-d2.-f0.-d2.r2.-r1.f1.r2.r0.f1.d1.-f0.-d1.-f1.-d0.r0.d0.r1.-d0.-r0.d0.-r1
601,-f2.f1.-d0.-r0.-f2.-d1.d2.f1.r0.r0.d0.d0.f0.r0.f0.f0.d2.r2.-d2.d0.-f2.-d0.-f0.r2.r2.d2.-r2.-d2.-r2.f2.-f0
602,-d0.-r0.-f0.-r1.f2.d0.f1.d1.r2.-d0.-r2.d2.d1.f0.-r2.d2.d1.-f0.-d0.-f0.-d0.r0.d0.-r0.d0.f2.f0.r2
603,-r1.-f1.d2.f2.-r2.-f0.-r0.-f1.-d1.d0.-f0.-r0.-f0.d2.-r2.d2.d2.-r1.-f2.r0.-f0.d0.f2.-d0.-f0.d0.-f2.-d0.-f0
604,-f2.f0.r1.-r0.d0.-f1.-d2.-f1.-r0.-f1.-d1.f0.-d1.-r1.-f0.d0.-r0.-f2.-r2.-f0.-f0.-r2.f0.r2.r2.f2.d0.f0
605,-d1.-r1.r0.-f0.d0.r2.d1.r2.-r0.-d0.f2.-d1.f2.f0.r1.d2.-r1.f2.-f0.-d0.r2.-d1.r0.d1.-r2.-d1.-r0
606,r1.-d1.r1.d2.r1.d1.f0.f0.d2.-r1.-d2.-f2.r0.d2.-r0.-d2.f2.-d0.-f2.d2.-f2.d0.r0.d0.-f2.d0.d0.f2.-d0.-r0.d0.-f2
607,-f2.-r1.f0.-r0.-d2.-r0.d0.-f1.d2.r0.-d1.f0.-d2.d0.-f0.d0.r1.d2.d1.-r1.f2.-r0.f0.-d1.f2.d1.-f2
608,-d2.-f0.-r2.d2.-r2.-f0.-d2.-f2.-d1.r2.f1.d2.-r2.d1.d1.r2.-d0.r1.d0.r0.-f1.d2.-f2.d1.f2.-d1
609,-d0.-r2.f1.f1.r1.-f0.-d2.f0.-d0.-d0.f0.f2.r2.-d0.r2.-d0.r0.-d2.r2.r2.f2.f2.-d2.r2.r2.f2.f2.d0.-f0.-f0.f2.f2.-d2.d1.r1.-f1.-d1.f1.f1.-r1.-f1
610,-d0.f1.f1.-d1.d2.d2.r0.d0.r0.-f0.-f0.r2.d2.d2.-r0.f2.-d2.-f2.r0.r2.r2.d2.-r0.-r0.-f0.-f0.-r0.-r0.r2.-f1.-d1.f1.d1.-r2.r0.f1.-r1.-f1.-r0.r1
611,-f0.r2.d0.f1.r1.d0.r1.-f2.r0.d0.-f1.d1.f0.d2.-r0.f0.r0.-d2.-r0.-d2.-d0.r1.-f0.-r1.-d1.r1.f0
612,d0.r0.f2.r2.-f2.-r2.-f0.d1.f0.r0.d2.-r1.d2.-d1.f2.d2.r2.-d2.-f2.-d2.r1.-d2.-r1.-f1.r1.d2.-r1.f1
613,f2.r0.d2.-f0.d0.f2.r0.-r2.d0.r2.d2.d2.-f0.r0.d2.f2.f2.d2.f2.f2.d2.-f0.-f0.-d0.-r0.-r0.-d0.-r0.-r0.f1.-f2.-r1.-f1.r1.f2.-r1.f1.r1.-f1
614,-d0.r2.d2.f2.r1.-f1.d0.r2.f1.d1.-f0.d2.-d0.-r0.-f1.d0.-f2.r0.f1.-r0.-f0.d0.r0.f0
615,r0.-f0.-r2.f1.r0.-d2.f2.-d2.d0.r2.-d1.r0.-d1.r2.-r1.-f2.r0.-f1.-f0.r0.r0.f1.r0.-d2.-r0.d2.r0.d1.-r0.-d2.r0
616,f2.d0.r0.-r2.f2.-r0.-d0.f0.-d0.-r0.d2.d2.f2.d2.d2.-f0.-f0.-d2.r2.r2.-f0.-f0.r2.r2.-f0.-f0.-d0.f2.f2.-d2.-r2.-d1.r1.d1.r2.d1.-r1.-d1
617,r0.-d1.r0.-f2.d2.f1.r1.-r0.-d1.-f1.-r0.-d1.-f2.-f0.r0.f0.d1.-d0.-r0.f2.-r0.f2.-d1.-r0.d1.d0.f0.-d0.f2.f2.d0
618,-f2.d2.d2.-r0.f1.-f0.-d1.r2.r1.f2.-d1.-d0.f2.-r1.-d0.f0.-d0.-f0.d0.f2.r2.d2.-f2.-d2.r1.-d0.-f2.-r2.f2.r2
619,d1.-r1.-d2.-f0.-r2.f1.-d1.-f1.-r1.-f0.-r2.f2.d0.r0.f0.-r0.-d0.-f1.-r2.f1.r2.-d1.-f1.r2.d1.f1.r1.-f1.-r2.f1.-r1
620,d1.-r2.f0.d2.-f1.-d0.-f2.d2.-d1.r2.-f1.d2.f1.-d0.-d2.-r2.d0.-f2.-d2.f2.d2.-r2.-f2.r2.f1.-r2.f2.r2
621,-r0.-d2.f2.-f1.r2.-r1.-f1.r0.f2.-r2.r0.d2.f0.d2.r2.f2.-d0.f2.f2.r2.d2.f2.-r2.d0.-f2.-d2.f2.d2.r1
622,f1.-r2.-d1.-f1.r0.f2.r2.-d0.-d0.f2.d0.r0.d0.r0.-d0.f2.-f0.r0.-d1.-f2.-r2.-r0.-d0.f2.-r1.f1.r1.-f2.d0.-f0
623,f0.-r1.r0.-d2.-r0.-d2.d0.-r0.d0.-r0.-d0.-d1.r0.-d2.r0.-f0.d1.d0.f0.-r2.f0.-d0.-d1.r1.d1.-f0.-r1.-d1.-f1.d2.f1.d1.-f1.-d2.f1
624,-f1.r2.d0.f2.-f0.-d1.-f2.r0.d1.-f1.-f2.d0.f2.f2.-d1.-d0.r2.-f2.-d2.-r2.d2.-d1.r0.-f1.-f0.-r0.f1.r0.f0.-d2
625,d0.r0.f2.-d0.-r1.-f2.-r1.f1.r0.r2.-d1.-r2.-f1.d0.f1.r0.-d0.-f0.-d2.f0.-d0.-f0.d2.r2.f0
626,f0.-d1.-r0.-r0.d2.-f2.d2.d2.-f2.-d2.-d0.-d0.-r2.-f0.f2.f2.-r2.f2.f2.r2.r2.-d2.-r0.-r0.r2.r2.f2.f2.-r2.f1.-d1.-f1.d1.r2.-r1.d1.r1.-d1
627,d0.f1.f1.d1.-r0.-d0.-d0.-f0.d2.d0.-f0.-f0.r0.-d2.-d0.f0.-d0.-f0.-f0.d2.-f0.-f0.-d2.r2.r2.d2.-f0.-f0.r2.r2.d0.-f0.r1.d1.-r1.-d1.f0.-f1.-d1.f1.d1
628,d2.-f2.-d1.-r0.d2.r0.-f2.d0.-f0.-r1.-r0.d2.d2.-r2.-d2.r2.-f2.-r2.-d1.r2.-f1.-r1.r0.-d1.r1.-r0
629,-r0.d0.-r1.-d0.f0.r2.-r1.-d0.f2.-d1.r2.d2.f0.-r0.-f0.-f0.d2.-r2.-d2.-f2.-r0.d1.f2.-r0.-f2.-d1.r1
630,-r2.-f2.d2.f2.-r2.f0.f0.d2.-f2.d0.f1.f1.d1.f1.r2.-f1.-r2.f1.-r2.-f1.r2.f0.-d1.-f0.d1.d0.-r2.f0
631,-r0.-f0.-r0.-d0.r2.r2.f0.-d2.f2.d2.r2.r2.d2.r0.-d0.-r0.-r0.-d0.f2.f2.-d2.-f0.-f0.d2.d2.r2.r2.f2.f2.r2.r2.-r1.-d1.r1.d1
632,-d2.f0.-r0.-d2.r1.d1.-f0.-f2.r1.f0.f0.-r1.f1.f0.d2.r2.r0.-d0.f0.r0.d0.r0.-f2.r0.r0.-f0.r0.f2.-r0.f0
633,d2.d1.-r1.d2.-f2.-r2.-f2.-f2.d2.d2.f2.-r0.-f0.r0.-f2.-r0.-d2.r0.r0.f2.-d0.-f2.d0.-f2.r0.-d2.r1.d2.-r1
634,f2.-d0.-r0.-d2.f2.-f1.d2.r0.-r1.f0.d0.f1.-r0.-d1.-r1.r0.-f1.r1.f2.r0.-f2.-r0
635,r1.-f1.r1.d0.-f0.-r2.f1.-d0.f2.-f1.d1.-r2.-d2.-f2.-d1.f2.d2.-f2.-d0.-r1.d2.-r0.-d2.r1.r0.-d2.-r0
636,f0.d0.-f2.-r0.-f2.d2.-f0.-r0.d2.f2.f2.-d0.-r2.-f2.r2.r2.d2.-r0.-r0.-d0.-d0.-r0.-r0.-d2.f2.f2.-d0.-d0.-f0.-f0.d0.-r1.-d0.-d2.-f1.d2
637,-d2.-f1.-r0.-f0.r1.-f0.-r0.d1.-d0.-r0.-f1.d1.-r1.f0.d1.-f0.r2.-d1.-f1.r1.d1.-r2.-r0
638,f0.r0.-d0.r0.-d2.-f1.-d2.r2.r1.-d1.d0.-r0.-f2.r0.r0.d0.-f0.r0.-d0.f2.r2.r1.f0.r0.-f0.-r0.-f0.-r0
639,f1.-f0.-r2.d2.-d0.f1.r2.f0.f0.r1.f2.f2.r0.d0.-f0.r2.r2.d2.-r2.-d0.r2.-d2.-r0.d1.f2.-d0.-f2.-d1.f2.d0.-f2
640,-d1.r0.d2.-d0.r2.-f0.d1.d0.-r1.r0.-f2.r0.d2.f2.d1.-f2.r1.d1.-f0.-r0.f0.-r0.-d1.r0.-d2.-f2
641,-d0.-f0.d2.d2.-r0.r2.-f0.-d2.f2.f2.-d0.-r0.d2.d2.-f2.-d2.f2.f2.d2.r2.r2.-d2.-r0.-r0.-d0.-d0.f2.f2.-d0.r2.-d1.r1.d1.r2.-r1.d1.r1.-d1.-r1
642,-f2.-r2.d2.d2.-f0.r1.d0.-f1.d2.f0.-d2.-r1.-d1.-r0.-f0.-r1.f0.-d2.d0.-f2.-d1.r2.-d1.-r2.d1.f2
643,f2.r1.-f0.-r1.-f0.-d2.d1.f2.d0.f2.-r0.d1.f2.-d0.r0.-d1.-r0.-f2.d2.r1.-d1.d0.-f0.-d0.f0.d1.-f0
644,-f0.-r0.f0.-r0.-d0.-d0.r0.-f0.-f2.-d0.f2.-r2.-f0.-r0.-r0.-d0.r2.r2.d2.f2.f2.-d2.-d0.-r0.-r0.-d2.d0.r1.-f1.-r1.f1.-d0.f1.d1.-f1.-d1
645,-f2.-d1.-f0.d2.d2.-f0.-d2.r0.r2.f2.d0.-f2.d2.d2.f2.d0.-f0.-f0.-r0.-r0.-d2.f2.f2.d2.-r0.-r0.-d0.-r0.-d1.-f1.d1.f1.r0.-r1.f1.r1.-f1
646,-f2.-r0.r2.-d2.-f0.f2.d2.r0.-f0.-f0.-f2.r2.r2.f2.r2.r2.d2.r2.r2.-f0.-f0.-d2.f2.f2.d2.-f0.-f0.-d0.-f0.-f0.r1.-r0.-f1.-r1.f1.r0
647,d0.f0.-r1.-f0.d2.d2.r2.r2.f0.-r0.-r0.f2.f2.-d0.-d0.r2.d0.-f0.-d2.r2.r2.d2.d2.d0.f2.f2.r2.r2.-d0.r2.d1.r1.-d1.r2.-r1.-d1.-f1.d1.f1
648,-f2.-d1.-f0.-d0.-f2.-r0.-r0.d2.d2.r2.r2.d0.r0.f2.-d0.f2.-d0.-d0.f2.f2.d0.r2.r2.-d2.f2.f2.-d0.r2.r2.d0.r0.d1.f1.-d1.-f1.-r0.-d1.r1.d1.-r1
649,f0.d0.r2.f2.-r0.f2.f2.-d2.f0.d0.-f2.-r0.d2.-f0.-r0.-r0.-f0.-f0.-d2.-r0.-r0.-d0.r2.r2.f2.f2.d2.d2.d0.r0.r1.-d1.-r1.d1.-r0.-f1.r1.f1.-r1
650,-f0.d2.-r0.-r2.f0.-d2.-d0.r2.r2.f2.-d0.-f0.-f0.d0.-r0.-d0.-r0.-r0.f2.f2.-d2.r2.r2.-d0.f2.f2.-d0.r2.r2.d0.f0.f1.-r1.-f1.r1.f1.r1.-f1.-r1.-f0
651,r0.f0.d0.f2.-r1.-d2.f0.d0.r0.d0.-f0.f2.-d0.-f2.-d0.-f2.-r2.-f0.-r2.-d2.-f0.d2.f2.-d0.f2.d0.f1.-d0.-f2.d0.-f1
652,d2.f0.-d0.r0.-f2.d0.r2.-d2.-r2.-d0.r0.f1.f0.-r2.d0.-r1.-d1.-d0.f0.-d1.d0.-r0.-d2.r0.-d1.-r0.d2.r0
653,r2.d1.-r1.f1.-d2.d1.-r0.-f1.-f0.-r0.r2.-d0.r2.r0.-r1.-d2.d0.r0.r0.d2.-r0.-d0.r2.r2.d0.r2.r0
654,r2.r2.d0.r0.-f0.d0.-r0.-f1.-f0.r2.f0.r0.-d2.-r2.-d1.f0.-r2.-f0.d1.f0.-r0.-d1.-r2.d1.r0.-f0
655,-f0.r1.d2.r2.r0.f1.d2.f2.d2.d2.f0.r0.r0.-f1.-f2.-r2.-f2.r2.-f2.r0.-d2.-f0.d1.f0.d2.d2.-f0.-d1.f0.-d2.-f0
656,-d0.-f1.d1.f2.-d0.r0.-d0.r0.-f1.-d2.d0.f0.d2.-f2.d2.f1.-r0.f2.-f1.f0.d0.-f0.-d0.-f0.r2.f0.d0.-f2.-d2.-r2
657,d0.-r0.-f1.r2.-r0.f2.-f0.-r1.d2.-d0.r2.-d0.f2.f2.-d2.f2.d0.-f2.-f2.r0.f2.f2.-r0.-d0.f2.d2.-f2.d0.f2.-d2.f0
658,d0.-f0.r0.r0.d2.-r1.d2.r0.-f0.-r0.f0.-d2.-f0.-d1.-d0.-f2.d0.-f0.-r0.-d2.r0.f0.d2.f2.r2.f0
659,r2.-r1.-d2.-r1.-d0.-r1.f2.f1.-d2.f2.-f0.d0.d1.-r0.-r1.-f0.r1.-f2.-r1.f0.r0.r1.d2.-r1.-d0.-r1.-d2.f2.d2.r1.-d2.-f2.-f1
660,-f0.-r2.d0.-r1.d0.r2.f2.-d2.r2.-d2.-f0.-r0.d2.-r2.d2.-f2.r2.f2.d2.d2.r2.f1.r2.-f2.-r2.-f1.r2.f2.-r2.-r0
661,-d0.f2.-r0.-d2.f1.r0.-f0.d1.r2.f1.r1.-d2.-f1.-r1.-f2.d1.r1.d2.-r1.-d1.-f1.d1.-f0.r2.f0
662,-r2.d1.r0.-f2.d1.-d0.-f2.-d1.d0.f1.f0.-r2.r1.f2.d1.d1.f0.d1.f2.-d1.-r1.-d1.r1.d1.r1.f2
663,-f2.-r0.d1.-r0.d0.r2.-f2.-f1.-r2.d0.d0.r1.d1.-f1.-d0.-f1.-d1.-r1.f1.-r0.f1.d0.r1.f1.-r0.-f2.r0.-f1.-r0.f2.r0
664,r2.-d2.-r1.-f2.f0.r2.f0.-r0.-d2.f1.-d0.-f1.d2.f1.f0.-d2.-f0.-r0.f2.f1.d1.-f0.-r2.-f2.r1.f2.r2.f0
665,r1.-f0.d2.f2.f2.-d0.-f1.d2.f0.r0.f2.-d0.f1.r1.d1.r2.-f0.-d0.-r1.-d2.r1.d2.d0.-f2.-r2
666,-f1.r2.d1.d0.r1.r1.f0.r0.-f0.d2.d1.f1.r0.-f1.-d2.-f1.r0.-d2.-r0.f2.-d2.r2.d2.-f2.d2.-f0
667,-d0.f0.r2.d1.-f1.d0.r2.r2.-f0.f2.d1.d0.f0.d2.f1.-r0.-f1.r0.f0.d2.-r2.-d1.r2.-d2.-r2.-r0.-f0
668,-f0.d2.d2.-r0.-f0.-r2.d2.f0.-r2.-d0.-f0.-r0.-r0.-r2.d0.-f0.-f0.d0.r2.r2.-f0.-f0.-d0.-d0.f2.f2.d2.d2.f2.f2.r2.r2.-r1.f1.-d1.-f1.d1.r1
669,-r2.d0.r2.-r0.f2.-f1.-r1.-f1.f0.d2.r0.-f1.-d0.-f0.-d1.r1.-f1.d1.f1.f0.f0
670,-f0.-r0.-d0.-r1.f1.d2.d2.r2.-d2.-f0.d2.-d0.-f1.-f2.d0.r1.-f0.r0.-f0.-d0.f0.d0.f0.-r0.-d2.-r0.d2.-r1.-d2.r0
671,d0.r0.d2.r0.f0.-r1.-f0.-d0.-r2.d0.f1.d1.-f1.f0.r2.d2.r1.-f2.-r2.-d0.r2.-d2.-r1.r0.f1.-r0.-f1.r1.f1
672,f1.-d1.-r0.-d0.-f2.-r1.-f2.d0.r2.-f2.-d2.-f2.-d0.-f2.-d2.-r0.d2.d2.-r0.-d0.f2.d0.r0.-d2.-r2.-f2
673,r1.-d2.-r2.r1.-d2.r2.-f0.-d0.-f2.-r0.f2.-r1.-f1.d1.-f2.-r0.-d1.-d0.f1.-d2.-f2.d2.-r2.-d2.-f1.-f0.-r0.f0.d0
674,r0.-f0.f2.-d0.f2.f2.-d0.r2.r2.-f0.-d2.f2.-d2.r0.f0.f2.f2.-d0.-r0.-r0.-f0.-f0.f2.f2.-d0.-f0.-f0.d2.-d0.-d0.f2.-r1.f1.r1.f2.-f1
675,-f1.-d2.r1.-f0.-r2.d2.-r1.-r0.-d2.-d2.-f0.d2.-f0.-d0.-r0.-d0.r0.d2.r0.r0.-d2.-f0.-d2.f0.d1.-f0.d2.f0.-d1
676,-r1.f1.r2.-r0.-f1.d2.-r0.f0.-r1.-d2.r1.d0.r2.-d2.-r2.-d0.-r2.-f0.r2.-f2.-r0.f2.r1.-r0.-f0.-d0.f0.r0.d0.r0
677,f2.r2.d2.r1.f2.d1.-f0.d2.d2.d1.-r2.d2.f1.-d2.f1.d2.r2.-d2.-f0.d1.-d0.-f0.-d0.-f0.d0.f0.r1.d0.-r1
678,-r0.d2.r0.f1.d2.-f2.-r1.d2.-d1.-f2.-r2.-r1.d1.r1.-f2.-r0.f2.d1.-f2.-r0.f2.-d1.r2.-f0.-r0.f1.r0.f0
679,r1.-d0.f0.r1.d1.r0.d2.-r2.f2.f2.-d2.-f1.-d1.-f2.d1.-r0.-f2.f1.d2.-f1.d0.-f2.r1.r0.f2
680,-r0.-f2.-r2.-f2.-r0.f1.-d2.r1.r1.-f0.-r2.-d1.-d0.r2.r2.-d2.f0.d2.r2.r2.-f0.-r0.-f1.-d2.f1.d2.r0.-d2.f2.r2
681,r2.r2.d1.-d0.-f2.-d1.r0.r0.f2.r1.-d2.r1.f1.d2.-f2.f0.-d2.-f1.-f0.d2.r0.r0.-d2.r0.d2
682,d0.r0.-f0.-d2.r1.r1.f0.f0.d1.-f1.-r0.d0.r0.f1.r2.r0.f0.d2.r1.-d2.-f0.-r2.f1.-r1.-f1.-r2.-f1.r1.f1.r2
683,d2.-r1.f0.-r0.-d0.f0.-r0.d2.-r1.f2.f2.-r0.-d0.-f2.f0.r0.-d0.-f1.-r1.d0.r1.f2.f1.d0.-f1.-d0.r2.d0.f1.-d0.-r2
684,-r1.-d2.d0.f0.r2.-r1.-f2.d2.d2.-r2.-f2.d2.f1.-r0.-d0.-d2.r1.d0.-r1.f1.-r2.f0.r1.-f0.r2.-f2
685,r1.f2.r0.d1.r0.d2.f0.d1.-r1.f1.d2.-r2.d2.-r2.-f0.r0.d2.-f0.-d2.-r0.-f2.-r0.f2.r0.d2.f0.-d2
686,-r1.f0.-r2.f2.-d2.-f0.d0.d0.-f0.-r2.-r2.-d1.-f2.r2.-f0.d2.-f1.-r1.f1.-r2.-r0.-f0.d1.-r1.-d1.f0.r0.-f0
687,-r1.d0.-r1.f0.r2.f0.f1.-r0.d2.d2.-f0.-r2.-r0.-d2.r1.f1.r1.-r0.d2.-r2.f1.f1.r2.-d2.r0
688,r2.-f0.-d1.f1.-d2.-r0.f0.r1.r1.f0.-d0.-f2.f1.f0.d1.f1.f0.-r1.-d2.f2.d1.-d0.f1.-r1.-f1.-d1.f1.f1
689,d1.-r0.-f0.-d2.-r1.-f2.d1.r1.f2.-d1.f1.-d2.-f1.-d2.f0.f1.r1.-f2.r2.-d2.r2.-d2.r0.d2.-r2.d2.d2.-r0.-f0
690,d2.-r2.-f1.-d0.r0.-d2.r0.-f0.r2.-d0.-r0.f0.d0.-f2.r2.r2.d2.-d0.-r0.-r0.d2.-f0.-f0.f2.f2.r2.r2.-d2.f1.d1.-r1.-d1.r1.-f1.r1.f1.-r1.-f1
691,f2.r2.f1.f1.-r1.-f0.r0.f2.-d2.r2.-d0.-d0.-r0.d2.-f2.r0.r2.r2.d0.f2.f2.d0.-r0.-r0.-d0.r2.r2.d2.-d0.f2.f2.f1.d1.r1.-f1.-r1.-d1.r1.f1.-r1.-f1
692,-d1.f2.-d1.-r2.d0.-r2.r1.d0.f2.f2.r1.-d2.r0.-d0.-d0.-r0.f2.d1.-f2.d2.d0.f1.-r0.-f1.-d2.-f2.-f0.d0
693,r2.f0.-r1.r0.f1.-d2.d1.r2.-f2.-d2.r2.-f2.-d1.f2.-d2.-r2.-d1.f2.d1.f0.r0.-d2.-f2.d2.-r0
694,r2.-d1.f2.-d0.r1.-d0.-r2.d0.-r2.-f1.d2.f0.d1.-r0.-d1.r0.f1.-r2.f1.-d0.r1.-f2.r1.r1.-f0.d1.f0.d1.r1.-f1.-r1.-d1.f0.r1.f1.-r1.-f0.r1
695,-f1.d0.-r2.f2.d2.-f2.-f1.-r0.d1.-r0.-d1.-d0.r1.-f2.-r1.r0.r0.-f0.d0.f1.-d0.-f2.-r1.f2.f0
696,-r1.-d2.-r0.-d0.-r0.-f1.-d2.f0.r1.r1.-d2.f2.r2.r1.f0.r0.-d1.r0.-f0.r0.f0.f0.-d2.f0.f0.r0.f0.d1
697,-r2.-d0.-f1.f0.r1.-f1.-d0.-f1.d2.f1.-r2.d1.-d2.r1.-r2.r0.d0.f2.r2.-f2.-d0.f2.r2.f2.-f0.-r2.f0.r2.f1.-r2.-f0.r2.-f1
698,-r0.f0.-f2.r2.-f2.r2.r2.-d0.-r0.f2.-r0.-f0.-r2.f2.-d2.-r0.-r0.f2.f2.-d2.f2.f2.-d0.f2.f2.d0.-f0.-f0.r2.-f1.-d1.f1.d1.r2.f1.d1.-f1.-d1
699,-d2.-f2.r2.d1.-f0.-d2.f2.-f1.d2.-r1.d0.d0.-r1.f2.r2.-d2.-r2.-d2.-f1.d2.r2
700,-f2.f1.r1.-r0.d2.-r2.-f2.r2.f0.f0.d2.r2.f0.f0.r1.f2.r2.-f2.-r2.f0.-r1.-d0.r1.-f0.-r0.f0.-r1.-f0.r0.f0
701,-d0.f2.-d0.f1.r1.d2.-f0.-r2.f1.f2.-d2.r0.-d0.f2.-r0.f1.f0.r0.f0.-r2.d0.-r2.d1.r2.-d1.-r2.d2.r2.d1
702,-d2.-d1.f0.f0.r1.-d2.r1.d0.f0.r2.f2.-r1.r0.-d1.f0.d1.-r2.-r0.f0.-d2.-f0.d2.d0.r2.r2.-d0.r2.-f0
703,r0.d1.r0.d1.-f2.f1.d0.-r0.-f2.f0.f0.-r1.-f2.d0.f2.-d0.-r2.-d1.-r1.-f1.r1.r0.d1.r1.-d1
704,f2.r0.-d2.r1.-d1.-f0.r2.-d0.r2.-f0.-r1.f0.d1.-f0.-r2.f2.d1.-r0.f1.-d2.f1.d2.-f1.r0.f2.-d1.-f2.-d0
705,r2.d2.r2.-d0.r0.f0.-r0.f2.f2.-r0.-r0.r2.-f2.r2.d2.d2.-r0.-r0.-d0.r2.r2.f2.f2.d2.d2.d0.f2.f2.d0.-r0.f1.d1.-f1.-d1.r0.-f1.f2.-r1.f1.r1.-f2
706,d0.d2.-r0.-f0.-r2.f2.d0.f2.d2.d0.-r0.-f0.-d2.-r0.-r0.-d0.-d0.r2.r2.d2.d2.-r0.-r0.-f0.-f0.-d2.-f0.-f0.f2.f2.f1.-f2.d1.-f1.-d1.f2.-f1.d1.f1.-d1
707,f0.d0.-r0.-r0.-d0.r2.f2.-r0.d2.-f0.d2.-r2.-f2.d2.-d0.-f0.-f0.f2.f2.d2.d2.-r0.-r0.-d2.-f0.-f0.d2.r2.r2.-f2.r1.-d1.-r1.d1.f2.-r1.-f1.r1.f1
708,d2.-r1.-f0.-r1.d1.f1.d0.-r2.f2.d0.r0.-d0.-d0.-r1.-f2.f1.r2.d2.r1.r0.-d1.-r0.f0.r1.-f0.r0.f0.-r1
709,-r0.-f0.f1.f1.d1.d2.d2.r0.f2.r2.r2.f0.f2.-d2.r2.f0.-f2.-d2.r2.d2.d0.-f0.-f0.-d2.f2.f2.-r0.-r0.f2.f2.-d0.-r0.-d1.r1.d1.-r1.-r0.d1.f1.-d1.-f1
710,f2.r1.d0.d0.-r2.-d0.d2.-r0.d1.d1.r2.r0.-d2.r1.r0.-f0.d2.-d0.-r1.-d2.d0.f2.d2.-f2.r2.-f2.r1.f2
711,d0.f1.-r2.f1.r0.d0.f2.-r1.-f0.-r2.-r2.-f1.d2.r0.-d2.r2.d0.-r2.-d1.f1.-r0.-f1.d1.f1.r0.-f1.d1.f1.-r0
712,-r0.-d2.f2.-d1.-f0.-r2.-d0.r1.d1.f2.-d2.-r2.-r1.-f1.-d2.-f1.-d0.-f1.r1.-f0.-r1.f1.f1.r1
713,f1.f1.-r0.d0.d0.-f0.d0.f0.d1.f0.-r0.-f0.r0.-d1.d0.-f0.d1.f0.-r2.-f1.-f0.r1.f0.-r1.f1.-d0.-f1
714,d2.-d1.-r2.f0.-d1.-f2.f0.d2.f0.d0.-r2.-f2.-r2.d1.f2.r0.-f2.-r0.d2.-d1.-r2.r1.-f1.r2.f1.-r1.-d2.d1
715,r1.d2.-f0.-d2.-f2.d0.r1.d2.-r1.d0.-r0.-d0.f2.-r2.d2.r2.f1.-r2.-d0.f1.-d1.-f0.d1.-f1.r2
716,-d1.f1.-d1.-f2.d2.-f2.d2.r2.f0.d1.r2.f1.f2.d0.d0.r2.d0.f0.r0.f2.-r0.-d0.-r2.-f2.d0.-f0.-d0.-f1.d2.f1
717,r0.-f0.r1.d1.-r0.d1.f1.-r2.-f2.d0.f1.-d0.f2.d0.f2.r0.-f0.d2.f0.d2.-f0.d2.d2.f0.d2.-r0.-d0
718,-r0.f0.f1.r1.r1.-d2.f0.-r0.-r0.r2.-f2.-d2.r2.f0.-d0.-d0.r0.f2.-r0.-r0.r2.r2.d0.r2.r2.d2.d2.-f0.-f0.-d2.-r0.-r0.f1.d1.-r1.-d1.r1.-f1.r1.f1.-r1.-f1
719,-r0.-f2.f1.d2.-d0.f0.-r0.-d2.-r2.-f0.-r2.f0.r0.-r2.f2.-d0.-r0.-r0.-d2.-f0.-f0.d0.-f0.-f0.r2.r2.-d2.-r1.r0.-f1.r1.f1.-r0.f0.d1.f1.-d1.-f1.-f0
720,-r0.f1.-d2.-f0.-d0.d1.r0.d1.-f1.-d1.-f2.-r0.f2.d2.f2.r0.f0.f0.-r0.f2.-f0.d0.-r2.-d0.r2.f2.f2.-d0
721,-d2.-r2.-f0.-d0.f1.d1.r2.-d0.r0.d1.f2.d1.-r1.-f1.r1.-f2.-r1.-f0.r0.-d2.-f1.d2.r2.-f0.-r0.f0.-r2.f1.r1
722,d1.-d0.f1.-r2.r1.-d2.d0.-r2.-d2.-r0.-f2.d0.d0.r2.-f0.-r2.-d0.f0.d0.f0.-d0.r0.-d0.f2.d0.r0.-f2.r0.r0.f2
723,-f0.-d2.-f2.r0.d1.f0.-r0.d2.-f2.d2.d1.-r0.-f0.-r2.-f2.d2.-r1.-d2.-d0.f2.-f1.r2.-f0.-d0.r2.d0.-r1.-d0.-r2.d0.r1
724,-d1.r2.d0.d0.-f1.f0.-d1.r1.-f0.-d2.f0.r2.r0.d1.d0.-r2.-d0.r2.f0.r2.-f2.-r2.-f0.r2.f2.-r2.d2.-r2
725,-f2.r2.r1.-d1.f0.-d2.-d2.r2.-d1.r2.r2.d2.-r2.-f1.-f2.r0.f0.-d2.f0.d0.f0.r0.-f0.-r0.-d0.-r0.-f0.r0.f2
726,r0.-d0.-f2.-r2.-f2.d2.r0.d0.-r1.f0.r0.d2.-r0.-f0.-d0.r0.d1.-d0.f0.d1.-f0.-d1.f0.r0.-f0.-r0
727,-r0.-f0.d0.f1.-f0.d2.-r2.d1.-r1.f1.-d2.-d1.-f1.r0.d1.-f2.f0.d0.-f0.d0.r1.-f1.r2.f1.-r2.-r1.f1.-d0.-f1
728,r2.-d1.-r0.f0.d2.-r2.r0.-d2.-f2.r0.-d0.r1.d0.f0.f0.-r2.d1.r2.f2.-r2.-d1.-f2.-f0.-r2.-r1.-f0.r2.f1.-r2.f0.r2.-f1
729,-d0.-r0.-f0.-d2.-f0.r0.f2.-r0.f2.r2.r2.-d2.r2.f2.d2.-r0.-r0.-d0.r2.r2.-d2.-d0.-r0.-r0.d0.-f0.-f0.-r2.-d1.r1.d1.r2.-r1.f0.d1.f1.-d1.-f1.-f0
730,d0.r2.-r0.-f2.-r2.r1.f1.d0.r2.d2.d1.-f2.d0.f1.d0.d0.f0.r0.f1.-r0.-f1.-r0
731,-d0.-f1.-r1.f2.-f0.r2.d0.f0.f0.d1.-f1.r2.-f2.d0.r1.r0.f2.-f1.-f0.-d0.r2.d0.-r2.r0.f0.-r0.f0.-d2.-r0.d2.-f0
732,f0.-d2.-r1.-f1.d0.-f0.-d2.r2.f2.-r2.-f1.-r1.d0.r1.-r0.-d1.r1.d1.r2.-d2.-r2.d2.r0.d2.d2.r2.-d2.-r2.d2.d2
733,d1.-f2.-r2.-f2.-f1.d0.-r1.-d1.f0.-d1.-r0.-d1.-r2.r0.d2.f0.-d0.-r0.-d2.-d1.d0.-f2.r0.-f1.r1.-d0.-r1.d0.f1.-r0.f0.d1.-f0
734,r2.-d2.r1.-f0.-r2.r0.-f1.-r1.-f0.-f0.d0.r2.d0.f1.d2.r1.d0.d0.-f2.-d0.f2.-d0.-r1.-d2.r1.d0.-f2.-r1.f2.-f0.d1.f0.-d0.-f0.-d1.f0
735,-r0.-f2.d0.r1.d1.d1.-f2.-r2.d2.-r2.-d2.r0.d0.f2.-d0.r0.-f2.r0.r0.-f0.-r0.d2.f0.f0.-d2.f0.r0
736,-f2.r0.-d0.f0.r2.-r0.f2.r0.d0.-r2.d2.-d0.-f2.-d2.r1.r0.-d2.r2.d0.r2.-d0.r1.d0.-r2.-d0.-f1.r2.f1.r1.-f1.-r2.f1
737,f0.-d1.-f2.-d0.r2.-f2.d2.-f0.-d1.f2.-d0.-f0.-r1.f0.-r2.r0.f0.-f2.d2.d0.-r0.d0.d0.f2.-r1.-f2.d0.-f0.r2
738,r2.f2.f0.-r0.-f2.-d2.f0.d0.-d2.-f0.-d1.r1.r1.d2.d2.r0.r0.-f2.r0.r0.d1.f2.d1.-f0.-d1.-f2.d1.f0.-d1.d0
739,f1.-r2.d1.r0.f0.r2.d0.f0.-d2.-f2.-d1.-f1.-r1.d1.r2.r0.-d1.f0.d0.-f0.-r0.d2.-r0.f0.r0.-d2.-d0.f2.d0
740,-f1.r0.d1.-d0.f1.r1.r2.-r0.f2.r1.d0.f1.d1.f2.-d2.-r2.-f1.d2.-f2.f1.-d0.-f1.-d1.d0.f1.f1.-r1.f1
741,-f1.-r2.d0.-f2.d2.d2.-r0.-d0.-r0.-f2.-r0.-f2.r2.d2.r2.r2.-d2.f2.f2.d2.d2.-r0.-r0.f2.f2.d2.f2.f2.d2.r1.-f1.r1.f1.r1.r1.-f0.-d1.-f1.d1.f1.f0
742,d1.-f0.-r0.d0.f2.-d0.r2.f2.-r1.d2.f0.f0.-d0.-f2.-f1.r0.d0.r0.f0.-d0.f1.d0.f1.r0.d2.-r0.-f1.r0
743,-r2.-f1.d0.r2.f2.-d1.f2.-d0.f1.-r0.f1.f2.r2.-f0.r1.f0.-d2.d1.-r1.-d1.f0.d2.f0.-d2.d1
744,f1.-d2.-r2.-d0.f2.r0.d2.-f2.d0.-r0.-d0.-r2.f2.r2.f2.f0.-r1.-f2.r1.-d2.f2.d2.-f1.-f0.-d2.r1.-d2.-r1.d2.-f2
745,-f0.r2.d1.r2.-d2.f1.-d0.-f1.d0.f2.r0.-d0.f1.d0.-r2.r0.-d2.f0.r2.-d0.-d2.f0.d2.-f0.-r0.-f0.d2
746,f2.-d1.-f0.d1.r0.d2.-r2.f1.-r2.-f0.r1.-f1.r0.-f2.-r0.f1.f0.r0.-f0.d2.-r0.-d2.-f1.d2.f1.r0.r0.-f1.-d2.f1
747,-f0.d2.d2.-f0.f2.f2.d2.r2.-d0.-d0.-f2.d2.r2.-f2.r0.-d0.-d0.-f0.-f0.-d0.-r0.-r0.-f0.-f0.r2.r2.-d0.-d0.f2.f2.-r0.-r0.-d0.f1.-r1.-d1.-f1.r1.d1
748,-r0.r2.d0.-r0.-r0.d2.d2.f2.f2.-r0.-d0.-d0.-f0.d2.d2.-f0.-r0.-d2.r2.r2.-f0.-f0.-d0.-r0.-r0.r2.r2.-f0.-f0.-d0.-f0.-f0.d2.d2.-f1.d1.-f1.-d1.-f1.-f1
749,-f0.-d0.-r0.-r0.-d2.r2.f0.d2.-r0.-r0.-d2.r2.d0.r0.-f0.d0.r2.r2.-d0.-r0.-r0.r2.r2.-d2.f2.f2.d0.-f0.-f0.f2.f2.-d1.-f1.d1.f1.f1.r1.-f1.-r1
750,f0.-d0.-d0.-f0.r2.r2.d0.-r2.-d0.-f0.-f0.-f2.d0.r0.f2.d2.d2.r2.r2.d2.-d0.-r0.-r0.-d0.-f0.-f0.d2.d2.r0.-f1.-d1.f1.d1.-r0.-r0.d1.-f1.-d1.f1.r0
751,-f1.-d2.-r0.f0.f0.-d2.f0.-d0.-r2.f2.d2.-r2.-d0.-d1.f0.-d2.-f1.f0.d0.r0.-d0.-r0.-d0.-f2.d0.-r1.r0
752,d0.-f2.d2.-f2.f0.d1.-r1.-d2.-r1.-d1.-r0.d1.-f0.-r1.f1.d2.f2.d2.d2.r0.f0.r1.-f0.-d1.-r0.-d0
753,r2.f0.d2.-d1.r2.r2.-d2.r2.r2.f1.-r1.-d1.-r2.-d0.r2.-d2.d0.-f2.-f1.-d2.f1.d2.-r2.d0.r1.f0.-r1.-d0.r1
754,f1.r2.d2.-d1.f2.-d2.-r1.-d0.-f2.-d1.r1.f0.-r1.-d2.-f0.-r0.f2.r0.f0.f0.-r1.-r0.d2.-f2.r0.f2.-r2.-f2
755,-f2.-r1.-f2.-d0.r2.d0.r2.d2.-d1.-r0.f0.-d2.-f0.r0.d1.-d0.r2.d1.d1.d0.-r2.-d1.-r0.-f2.r0.d1.r2
756,f0.r1.-d2.-r0.-d2.-f0.-f2.r2.d2.r2.r2.f0.-d0.-r0.-r0.-f0.-f0.d2.f2.f2.-d2.r2.r2.-d0.-d0.f2.f2.d0.-r0.d1.f1.-d1.-f1.r0.f0.-r1.-f1.r1.f1.-f0
757,-f1.r1.-f2.-d2.r0.-d0.r0.r0.-f2.-d2.d1.d0.-f2.-f0.-d1.f2.r2.-d0.-r2.d0.-r2.-d0.r2.-f2.d1
758,f1.-f0.-f0.r0.d2.-f2.-d0.r0.-f2.d2.f2.f2.-r2.d2.r2.r2.-f0.-f0.-d0.r2.r2.d2.d2.-d0.-r0.-r0.-d0.-d0.r2.-d1.f1.d1.-f1.r2.d1.-r1.-d1.r1
759,d2.-d0.r1.-f2.-d0.f0.r0.f0.d0.r2.-r1.d0.d0.f0.-d2.f2.r0.-f2.-r2.-f1.-f0.d1.r0.f1.-r0.-f1.-r1.d0.r1.-d1.-r1.-d0.r1
760,d2.r0.-d1.-f0.-r2.f1.r0.d1.-r2.-d1.f0.d0.-f0.d1.r0.-d1.-f0.-d2.-f1.f0.r1.f1.d1.r2.d0.r1.-f1.-r1.-d0.-r2
761,-f2.-r0.d2.-r0.-d0.-d0.f2.-r0.-r0.-f2.-d0.r2.-f0.r0.d0.-r2.d2.d2.-r0.-r0.d0.f2.f2.d0.r2.r2.f2.f2.-r0.-r0.d0.f2.f2.-f1.r1.f1.d1.-r1.-d1
762,-f1.-d2.r0.-d0.-f2.-d0.r1.-f1.-d1.f2.-r0.-f2.r0.-d2.-f2.d2.-d1.-f2.d1.f2.d2.f2.-d0.-r0.d0.f0
763,r2.-d2.f0.-d2.-f0.-f0.-d0.f2.-r0.d2.-f2.d2.d2.r0.-d0.-d0.-r0.-r0.f2.f2.-d0.-d0.-r0.-r0.-d0.-r1.f1.-d1.r1.-f1.d1.f0.f1.d1.-f1.-d1.-f0
764,d1.-r0.-d0.f0.d1.r0.r0.f0.-r2.f1.r1.-f0.-d2.f0.f0.r0.f0.d1.d1.-d0.-r0.d0.-r0.-f0.-d0.-f2.d0.f0.-d0.f2
765,f0.-d2.f2.-d1.d0.-r1.-f0.d2.f2.-d2.r1.f1.d1.-r0.f0.-r2.d0.r1.-d0.-r1.-f1.d1.-f1.r1.f1
766,d0.-f2.d0.f1.f1.r1.d0.-r0.-f1.d1.d1.d0.-f0.d2.r2.f1.-r0.-r1.f0.-d1.-f0.r1.r0.f0.-r2.d0.-f1.-d0.f1.r2
767,-f0.-r2.d1.-f1.-d2.r0.r1.f2.-d2.f0.r0.d2.d1.-d0.r0.-f0.r1.f1.-r1.-f0.-r2.-f1.r2.-d1.-r0.d1.-r2.-d1.r0.d1.f1
768,r0.f2.d2.-r1.-f0.-r2.d0.f2.r0.-d0.r2.d0.r0.-d2.-f2.-d2.f2.d2.r0.-f2.-d1.r0.d0.-r0
769,r0.-f0.-d1.-r1.d0.-f1.d1.r2.f0.d2.-r0.f1.-d2.f2.-r2.d2.r2.-d2.d1.-f2.-d1.-d0.-r1.-r0.f0
770,-d0.-r2.-f2.d0.f1.-d1.f1.-d1.r0.d2.r0.-f1.d1.d0.r1.f1.-r1.f1.-r0.d1.d0.-f1.d1.-f2.-f0.r2.f0.d0
771,r1.-d0.-f1.-r2.d0.-f2.-d2.d1.f0.r2.-d0.-r2.f0.d2.r0.d2.d2.r2.-d2.-r0.d2.-f0.r2.r0.d0.-r2.f0.-d2.-f0
772,-r2.-f2.r2.d2.d2.-r2.-f2.r0.-f2.-d2.r0.-f2.d2.f2.f2.d0.-r0.-r0.d0.-r0.-r0.-f0.-f0.d2.f2.f2.r0.-d1.f1.d1.-f1.-r0.d0.f1.-r1.-f1.r1.-d0
773,-d1.f1.d0.-f2.f1.d0.-f0.-r2.-f0.d1.-d0.f0.-r2.d2.r2.f0.d2.-f0.d2.r0.d0.r1.-d0.f0.f0.d0.-r1.-d0.-f0
774,f0.f2.d2.-r0.-r0.-d0.-r0.-r2.d2.r0.f0.-r2.d0.-f0.-f0.-r0.d0.r2.r2.d2.d2.-d0.-r0.-r0.-d0.-f0.-f0.-r0.-r0.f2.f2.-d0.f1.d1.-r1.-d1.-f1.r1
775,d2.-r2.-f0.d0.-r1.-d2.r0.d1.r2.r2.f1.r2.d2.-r2.d0.r2.-f0.d0.f1.-d0.-r1.-f0.-r1.-f0.r1.f0.f0.r1.f0
776,-r0.d2.-f0.-d2.-f0.d0.r0.-f0.d1.-f2.-d0.-r0.d0.f2.f2.-r1.d0.-r0.-d0.-f0.r2.-d0.r1.r0.d0.-r0
777,f0.-d1.-f1.d0.-r1.-d1.-f0.d0.-f2.r2.-f2.r1.f1.-r2.f2.-r1.-r0.f2.d0.r2.-d1.r2.d1.r2.f1.r2.-f2.-r2.-f1
778,f2.d2.r0.d2.-r1.-d0.-r2.-f2.-r1.r0.-d2.-r0.-f2.r1.-f1.-d2.r0.d2.-f0.-d2.-r1.f2.d1.-r1.f1.r1.-d1.r1.f0.-r1
779,r2.-d2.-f1.r0.-f2.r2.-f2.-d2.r2.-f0.-r0.r2.d2.f2.d1.f2.-r0.d1.f0.-r1.-f0.r0.-f2.-d2.-f1.-d1.f1.d2.f1
780,f0.r2.d1.-f0.-f0.r2.d0.f2.f2.d0.r2.r2.-f0.-r2.d2.-r0.d0.-r0.-r0.-d2.-f0.-f0.-d2.r2.r2.d2.-f2.-d1.-r1.d1.r1.f2.-f0.d1.-f1.-d1.f1.f0
781,d2.-f0.r1.-d0.-f1.-r2.f2.-r2.-f2.d2.f1.-f0.r0.f2.-r0.f0.r1.-f1.-d2.f1.d2.-f2.f1.r1.d2.-r1.-d2
782,-d2.-f0.r0.r0.f2.-d0.f2.-d0.-f0.-r2.-d0.-r1.r0.-d2.-f1.-r0.f1.-r0.-f2.r0.f2.r1
783,-d2.f2.f2.r0.f1.-r2.d2.-r2.-d0.-r1.-d0.-f1.-r2.f1.-d2.f2.-f0.-r0.-d0.f0.r0.f2.d0.-r0.f2.-d2.-f2.d2.r0
784,f2.-d2.f2.r1.-f0.r2.-d2.d1.-f0.-d2.d1.r1.-f2.-r2.d1.r2.f2.r2.-f0.-d0.r1.-f0.r2.f1.-r2.f0.-r1.r0
785,f2.d0.r2.d0.r1.-r0.d2.f2.-f0.-r0.d2.-r2.-d2.r0.-f0.-d2.r0.f1.d0.-f1.-r2.-r0.-f0.-d1.-f0.d1.f0.r2.f1
786,-r2.d1.-r0.-r0.-f2.-d0.-f0.r2.d2.f2.d0.r2.r2.-d0.-d0.-f0.d2.d0.-f0.-f0.r2.r2.d0.r2.r2.d2.-r0.-r0.f2.f2.r2.d1.r2.r0.f1.-r0.-d1.f1.d1.-f1
787,-d2.f1.r2.f1.-d0.r0.-f2.r2.-f0.d2.-f0.-r2.d0.r2.f0.-r2.d0.-r2.d2.-r0.-d2.-r2.d2.r2.r2.r0.d0
788,d0.f2.d1.-r1.d1.-r2.d2.-f2.-f1.-r0.-f2.r0.-f2.d0.r0.r0.d2.d2.d0.-f0.-r0.f0.r0.d2.-d0.f2.d2.-f2
789,-f0.-r0.d0.-r0.f1.f1.-r1.-d1.-r0.-d0.r2.d0.-f1.d1.f1.f0.-r2.d0.-r2.-f0.-r2.f0.-d0.f0.d0.-f0.r2.r0.f0
790,d2.f2.-f1.d1.r0.r0.-f1.f2.d2.-r0.d2.-d0.-r1.-f2.-r0.d2.-r1.-f0.r2.-d1.f0.r1.d0.f0.d0.-f0
791,d0.-r0.-r0.-d0.-r0.f2.r0.r2.f2.-d0.-r2.f0.-d0.r2.r2.d2.f2.f2.-r0.-r0.-f0.-f0.-d2.r2.r2.-d0.-d0.r2.r2.-f0.-r1.-f1.r1.f1.f0.f1.r1.-f1.-d1.-r1.d1
792,-f0.-r2.-f0.-d2.-r0.-f0.d1.-f1.r0.d2.-d1.r0.-d2.-r1.r0.-f0.-r0.f0.r1.f2.r2.-f1.r2.f1.r1.-f1.-r2.f1
793,d2.f2.r0.d1.d1.f2.f2.-r0.f0.d2.-f2.d1.-f1.d0.f0.-d2.-r0.-f1.r1.-d1.-r1.r0.d1.r0.f0.r1.f1.-r1.-f0
794,f1.-d0.-f0.-d2.d0.r1.d1.r1.d0.r0.-d2.f2.-r1.-d0.f2.f2.d0.r0.-f0.r0.d2.f0.d0.-f1.-d0.-f0.d0.f1
795,-f0.-d0.-r2.f1.-r0.d2.-r0.d0.r1.-f1.r0.-f2.d0.-r0.d2.f2.f1.d2.f2.r0.r0.d1.-f0.-d1.-f2.-d2.-f1.d0.f1
796,d1.f2.r2.-f0.f2.f1.d1.-r2.r1.-f2.d1.-f1.-d0.f0.d2.-r1.-f0.r1.d2.-f1.-r1.-d2.r1.-d2.f1.d2.-f1.-f0
797,d2.r2.-r0.-d1.f0.-r0.-d0.r2.-r1.f1.d1.f2.d2.-f0.r2.-f0.d2.r2.-d2.-r2.-d1.-f1.r0.d0.f1.d1.-f1.-d0.-r0
798,f2.f1.f1.r1.f2.d2.-f0.d2.d2.r2.r2.d2.d2.r0.-f0.-f0.-d2.-d0.f2.-r0.-r0.-d2.r2.r2.d2.-f0.-f0.d2.f2.f2.-d2.-f0.-f0.-r1.f1.r1.-f1.-d0.-d1.-f1.d1.f1
799,-d1.r1.-f1.-r2.d1.f0.-r2.-d2.-f1.r0.-f0.d2.-r0.f1.-r2.-f1.-r1.f1.f0.-r2.f0.-d0.r2.-f0.-r2.d0.r2
800,-d2.-r1.f1.r2.-d1.-d0.f0.d0.r0.-d2.-d1.-r2.-f2.-r2.d0.-r1.f2.-d0.r0.-f1.r2.-d1.-r0.d1.-r2.f1
801,r2.r2.f2.f2.r2.-d0.-r0.-d0.r2.r2.-d2.r2.d2.d2.-f2.-r0.-r0.d2.r2.r2.d2.-d0.-d0.-f0.-f0.-r0.-r0.d0.-r0.-r0.-d2.d0.f1.-r1.-f1.r1.-d0
802,-r0.f1.f1.d2.-d1.f2.-d2.-r0.-r2.-f2.-d1.-f0.d1.-r0.d0.-d2.-r0.d2.r0.d2.-f0.r2.d2.-r2.-d2.f0.-r2.-d2.-f0.-r0.f0.r0
803,-d0.r0.r2.-d2.r0.-d0.r0.-d2.d0.-f2.d2.d2.-r2.-f0.-f0.-d2.-f0.-f0.d2.d2.-r0.-r0.r2.r2.f2.f2.d0.f2.f2.r1.-r0.-f1.-r1.f1.r0.-d1.f1.d1.-f1
804,d2.-d0.-f1.-r1.-f0.r0.f2.-d0.-r1.-f0.-d0.r2.-r1.f0.-r1.d2.-r1.f2.-d1.-d0.-f2.d0.r1.f1.-r2.-f1.r2.-f1.-d2.f1
805,-r2.f0.-r0.-f2.d2.-f2.-d1.-f2.r0.d2.f1.r0.f1.d0.f1.-d0.f1.-d2.r0.-d2.f0.-r0.-f0.d2.-r0
806,d2.-d1.f2.f2.d2.f0.r1.d0.f0.-d1.r0.r0.d2.-f0.d2.r1.-d0.f1.r1.d0.f1.d2.-f1.f0.-r2.-d2.-r1.d2.r2.-f1
807,-d1.-r0.d0.f1.-r0.d0.-f0.-d2.-f0.d1.f0.r2.f1.-r0.d2.f0.d2.-f0.f1.d2.r2.-d2.-f1.-r1.-f2.r1.-f0.d1.f0
808,-r1.-d2.-r2.-d1.d2.-f2.f0.-r2.f2.-f1.r0.d0.-f0.d2.d1.r0.-d1.-r1.f1.r1.-d1.-f2.f0.r1.-d0.f1.d0.-f1.-r1.f1
809,-f0.f1.r1.r1.-d2.-f0.-r2.d0.f0.r0.d2.d2.f2.r0.-r2.d2.-f0.-f0.d2.-f0.-f0.d2.r2.r2.f2.f2.-r0.-r0.-d2.f2.f2.-r2.d1.-f1.-d1.f1.r2.-d1.-r1.d1.r1
810,f2.-d0.-f1.r0.-d0.r2.r2.d2.f0.-r1.d1.-r2.d2.r2.-d2.-f2.d1.f2.-d0.f1.-r0.f2.d1.f0.-d1.-f2.-f0.-r1
811,-f1.f0.-d2.r0.d1.-r1.d0.-r0.d0.r0.d0.d0.-r2.d2.d0.f2.r2.-r1.d0.-r2.-r0.-f0.d0.f0.-d0.r1.-f0.r2.-d0
812,-d2.d1.-r1.d1.r0.r0.-d2.-d2.-r2.r1.d2.-r1.-f2.-d2.-f1.-f0.-d2.f0.-d2.-d1.-f0.d1.-f2.-d1.-f2.-r1.f2.r1.d1.-r0.f1.-r1.-f1.r0.f1.r1
813,d2.-r2.d1.-f2.-d2.f1.f1.d1.r0.-r2.-f2.r2.-d0.f1.r2.-f2.-r1.f2.r2.r2.-f2.-r1.-d2.r1.-f2.-r1.d2.r1.f2
814,r2.f2.r2.-d2.f1.-r1.-f0.r0.-d0.r1.-f0.-r0.-f0.-r2.f0.d0.d0.-r2.-f1.-r2.f1.r2.f1.d0.-f1.-d2.-d0.f1
815,-d1.f0.f0.r0.d0.-f0.-r1.f1.d2.-d0.-r0.f2.d2.r1.r0.d2.-f1.-d2.r2.f0.-r0.-f0.-r2.-f2.r0
816,f2.d2.-d1.-r2.-f0.-r2.r1.f0.r1.-d1.d0.-f1.-d2.f1.-d0.f1.-d1.r2.d1.-f0.r2.-d1.-r2.d1.f0.d0
817,f2.d0.f1.-d0.f0.r2.r2.f0.-d0.-f0.-r0.-r0.-f0.f2.r2.-f0.-f0.f2.f2.-d2.-f0.-f0.f2.f2.-d2.r2.r2.d2.d2.-r0.d1.f1.-d1.-f1.r0.-r1.-f1.r1.f1
818,-r0.-d1.d0.-r0.-f1.-d2.d1.r2.r2.d2.-r0.-f0.r0.-d1.-r0.-d2.-r2.r0.d1.r1.d2.r0.f1.-r0.-d2.r0.-f1.-r0
819,-f2.-d1.-f2.-d0.-r0.-f2.-r2.-d0.f2.d2.d2.-f2.r0.-d2.r1.d2.r1.-d1.-r0.d1.r0.-d0.r0.-d1.r0.-d2.f1.d2.-r0
820,d1.-f2.f0.d2.r1.f2.f2.-d0.-d0.-r0.d2.d0.f0.-r2.f0.-d0.-f0.-d0.-f0.r2.f0.d0.-f2.-r2.f2.f0
821,-r0.-d2.-r0.-f2.-r1.-d2.r0.-f2.-d0.r2.r2.-d0.-f2.d0.f0.-d0.-f2.-d0.f2.-d0.f2.-r1.-f1.d2.f1.r1.-f1.-d2.f1
822,-r2.d1.d2.d2.r0.f2.r0.d2.d2.d0.-r0.-d0.f2.d0.r2.r2.-f2.-r0.-r0.f2.f2.r2.r2.d2.f2.f2.d2.-f0.-f0.r2.r2.-d2.-r2.-d1.r2.r0.-f1.-r0.f1.r1.-f1.-r1
823,r1.-f2.-d0.-r0.f1.d1.-f2.-r0.-d2.-r1.-d1.f2.d2.f0.-d1.-f0.-d2.d1.-r2.r0.-f2.-r0.-d2.r0.f2.r2.-r0
824,f0.f2.-d0.-d0.-f2.-d0.-f0.-d0.r2.d2.f0.r0.-d2.f2.-d0.-d0.-f0.-f0.-d0.r2.r2.d2.d2.-f0.-f0.-r0.-r0.-d2.-r0.-r1.d1.r1.-d1.r0.r0.d1.f1.-d1.-f1.-r0
825,-r2.d2.d2.-r2.-d0.-r1.-d0.f2.-r2.-f2.-d1.-f0.-d1.-f2.d1.f0.d2.r0.r0.-d2.-r0.-f0.-r0.d2.f0.r2.-f0.r0.f0.-r2.-r0
826,-r2.f2.-d2.-f0.-r2.r0.d0.d0.-r0.-d2.-r2.-f1.d0.-f0.d1.r0.-d1.-r0.d1.r2.d1.f1.-d0.-f1.d1.f1.d0.f1
827,r2.-d2.-r2.d1.-d0.-r2.d0.f1.r0.d2.r2.-r1.f2.-r2.-f1.r2.f1.-r2.-f0.r2.f0.-r2.f0.r0.d0.-r0.-f0
828,-r2.-f0.f2.r0.-f2.-r2.-d0.-f0.r0.-f2.d2.f2.-r0.-r0.-f0.-f0.-d2.-f0.-f0.-r0.-r0.r2.r2.d2.-f0.-f0.r2.r2.-f0.-f0.-r2.-f1.r1.f1.r2.-r1
829,-r1.r0.d2.f1.f1.-d0.d1.f1.r2.-d1.-f0.-d0.-d0.f0.-d2.-r0.d2.-f0.-d2.d0.f0.d1.-f0.-d1.f1
830,-f2.-d1.r0.d1.r2.f2.r0.f2.d2.r2.r2.f2.r1.-r0.f2.f2.r0.r0.f0.-r0.-f2.-r0.f2.r0.-f2.r0.-f2.-f0
831,-f1.-d2.f2.-d2.f1.d0.-r2.r0.-f1.-f0.r2.r0.f0.r2.-f0.-r0.-f2.-d2.-f2.-f1.d1.f1.d2.-f1.-d1.-f2.f0
832,-d0.-r0.-f0.-r2.d0.f2.d1.-r0.f2.-r0.f2.-d2.f1.r2.f1.f1.r1.-d1.-f0.-r0.d2.d0.f0.d1.-d0.-f2.-d0.f2.-d1.-f2.d0.f2
833,-r1.-f0.d2.d0.d0.r1.d2.r0.r0.f2.f2.f1.d1.d0.r0.f0.-r0.-f0.-d2.r1.f0.r0.f0.-d0.-f1.-r0.f1.d0.-f1.r0.f1
834,d1.-f0.r0.r0.-f1.-d2.-r1.f2.-d2.d0.-r2.f0.-d1.-r2.d1.d0.-r2.-f0.d2.f1.f0.-r0.-f2.-d1.f2.d1.r2.-d0.-r2.-d1.r2.d0
835,-d1.-f0.r1.-d0.-r2.r0.f1.-f0.d0.f0.r2.r0.-d0.f2.f0.-r2.-r2.-f2.r2.-f1.d1.r2.-d2.-r2.d2.-d1.r0
836,d0.r2.f1.-d2.r2.f1.r2.r0.f0.-r2.f2.r2.r2.d2.-f2.-d2.r2.-d0.-r2.-f1.-r0.f1.-d1.r2.d1.r2.f1.-r2.-f1.d2
837,d0.r2.f1.d2.r2.d2.-f1.f0.d2.r0.d1.f1.f0.f0.d2.f1.d2.d2.f1.d2.-d1.r1.d1.-f1.-d1.-r1.-r0.d1.-f0.-d0.f0.-d1.-f0.d0.f0
838,f2.-d2.f1.f1.-r1.-f0.r2.d0.-f2.-d2.-f0.-f0.-f2.-r0.-r0.-d0.-f0.-f0.r2.f2.f2.r2.r2.d0.-r0.-r0.-f0.-f0.d2.-r0.-r0.-d0.-d1.-r1.d1.f1.r1.d1.-f1.-d1
839,-r2.-f0.-r2.d2.-r2.d1.f1.d2.d1.r1.-d1.f1.-d1.f1.r2.f2.-d0.r0.-f2.-r2.-d1.f2.r2.-f2.-f0.-d2.f0
840,f0.r2.-d0.f0.d2.f2.-f0.-d2.-f0.d1.-f1.r1.-d1.f1.d2.f2.-f1.-d0.r2.-f2.-r2.d0.f2.-r0.d0.-r2.d0.r2.-d0.-d2.f0.-d0.-f0.d2
841,-d0.-r2.-d0.-r2.f1.r2.-d0.d1.r0.-f2.-r0.f2.-r0.-f0.r0.f1.-r0.f0.f0.-r0.r1.-f0.r0.d0.f1.-f0.r0.-f1.-f0.-d0.-f1.d0.f1.f0.-r0
842,r2.-d0.r1.-r0.f2.f2.d0.f0.-f2.r2.-d0.-f2.-r2.-f0.d2.d2.-r0.-r0.-d2.-d0.-r0.-r0.-f0.-f0.r2.r2.-f0.-f0.-r2.-d1.f1.d1.-f1.r2.r1.-f1.-r1.f1
843,-r2.r1.r0.-f0.-d1.r2.-f2.-r0.f0.-d0.-f0.r1.d0.-r0.-d2.-r2.-d0.-f2.d2.f2.d0.-f0.-d0.f0.r0.-f2.-d2
844,-r0.d1.-r0.f0.d2.-r0.-f2.r2.r2.f2.-r2.d1.-f1.d0.-f0.d1.f0.-d1.r0.-f1.-d1.r0.f1.-r0.-f1.d1.f1.f1
845,r2.-f1.r0.-d2.-f2.-r2.f1.-d2.r1.f2.-r0.-d0.r0.r0.f2.-r2.-f2.r2.-r0.-d0.-r0.-d1.r2.r0.f0.d0.-f0.r1.f0
846,-d0.-r2.d1.-f0.d1.r1.d2.r2.d0.-f0.-d1.d0.r0.f2.r2.r1.d0.f0.-r0.f0.d2.f0.-d2.f0.-r2.f0.r0.-f0.r2.f0
847,r1.-r0.f2.-r2.-d2.d0.-r2.f1.-r2.d1.-f0.r0.f0.d1.f0.r1.-f0.d2.-r0.-d2.f0.d1.r1.-d1.-r1.-f1.-f0
848,d2.-r2.-f0.r0.-f1.d1.r2.f2.-d0.-f0.r2.f1.f0.r1.-f2.-r1.d1.r2.-d1.f1.-r0.f0.r1.-f0.r0.-f1
849,r0.-d0.r1.-f0.-d2.f1.r1.d2.-r2.f1.d0.f2.r1.-f0.-d1.f0.-r2.-d0.r0.d0.r2.-r0.-f0.-d2.-d0.r0.r0
850,d1.r0.r0.-f0.d2.r1.f2.d0.-r2.f2.f1.d2.r0.-d0.f2.-r0.f1.r0.-f1.r1.-f2.f1.r1.d2.-r1.-d2.-f1.f0
851,-r0.f0.r0.-d0.-f2.r2.-f1.d0.-f1.-r1.-r2.d1.r0.-d1.-f0.-d0.r0.r0.-d2.f1.d2.-f1.d1.f2.r2.-f2.-r1.f2.-r2.-f2.r1
852,-f2.-r0.-f0.-r0.-r0.-d2.d0.-f2.-r0.-r0.-r2.-f0.-r0.-r0.f2.-r0.-r0.-d2.d0.r2.r2.-d2.-r0.-r0.r2.r2.-f0.-f0.-r0.-r0.-f2.-d1.r1.d1.-r1.f2
853,f2.-r1.-d2.f0.r0.f1.-d0.f2.d0.d1.d1.-r2.f2.f2.r2.d0.r2.-d0.-r2.f2.-r2.-d1.r2.d2.d0.-r2.d1.r2.-d0
854,f2.f2.-r0.f0.-d0.r1.f0.-r0.f1.r2.f0.-r2.-r0.-f0.r1.-d0.r1.r1.d0.d1.f1.r1.d2.r2.-f2.-d2.r0.f2.-d1.f1.d1.-f2.-d1.-f1
855,-d2.-r2.f1.r1.r1.-d2.f2.r0.-r2.-d0.-f0.r0.-d0.-d0.r0.-d0.-f0.d2.r2.r2.d2.-r0.-r0.r2.r2.-d0.r2.r2.f2.f2.d0.f0.-d1.r1.d1.-r1.-f0.d1.f1.-d1.-f1
856,-f2.r2.-r0.-d0.-d0.f2.-d0.f0.-d0.-d0.-r0.f2.f2.d2.-f0.-f2.r2.r2.d2.-r0.-r0.d2.-f0.-f0.f2.f2.r2.r2.d2.d2.r2.f1.-d1.-f1.d1.-r2.d1.f1.-d1.-f1
857,-d0.r1.-f0.d0.-r0.r1.f2.f2.r1.f2.-f1.r2.-f0.-r1.-f0.r1.-d2.r0.d2.r0.-d1.-r0.d1.d0.-f1.-d0.f0
858,-f0.d1.-f0.r0.d0.r2.-f2.-r0.-r0.-f0.-f0.f2.f2.-r0.-d0.r2.r2.d2.d2.f2.f2.-d2.r2.r2.-d0.f2.f2.d2.r2.r2.-f2.-d1.f1.d1.f2.-f1.r1.-f1.-r1.f1
859,-d1.r1.f2.d0.f1.r0.-d0.-f2.f1.-r0.-d0.-r2.-d2.r2.-f2.-d1.-f2.d1.-f1.-d2.r0.r0.d1.r0.-d1.r0.d2
860,-r0.-r0.-r2.-f0.-f0.f2.r0.d0.-r2.f0.-r0.-r0.f2.d2.-r0.-r0.-f0.-f0.d2.d2.-f0.-f0.f2.f2.d2.-d0.r1.d1.r1.-d1.-r1.-r1.f0.f1.-r1.-f1.r1.-f0
861,r2.f2.-r1.-f0.d2.d2.r2.f0.-d1.r1.d0.-f1.-d2.-d0.-r0.-f0.r2.f2.-r0.-d0.-f2.d0.r0.-d1.-f1.d2.f1.-d1.-f1.-d2.f1
862,-r1.-f2.f0.-r0.r2.f1.r1.-f0.-r2.f0.-r2.d0.-r2.-f1.f0.-r2.-f2.-d0.r2.f1.-r2.f2.r2.f0.-r2.f1.r2.-f0
863,f0.f1.f0.f2.f2.d0.-r2.d0.-r0.-r2.-f2.-d2.-f2.r2.d2.d2.f2.f2.-r0.-r0.d0.r2.r2.d2.-f0.-f0.-d0.-d0.f2.f2.d2.-f2.-r1.-d1.r1.d1.f2.r1.f1.-r1.-f1
864,-r0.d0.r0.r0.-d2.d0.r2.-f2.-r0.-f2.-f0.-d2.-r0.-d2.-r0.d1.d1.r1.-r0.-d0.r1.-d1.-r1.-f2.-d1.f2.d1.d0
865,f2.-f1.-r2.-f0.-d0.-f0.-d2.-f1.d1.-d0.f2.r2.r1.d0.-f1.f0.r2.f1.-r2.-f0.r2.-d0.f0.-d0.-f0.d2.d0.-r2.f0
866,r0.-d0.-f0.d2.f1.r1.-f2.-r1.d0.r1.-d2.-f2.d2.f2.r0.r0.d1.f1.r0.-d1.f1.d1.r2.-d1.r0.-d1.r2.-d1.-r2.-r0
867,-r2.d2.d1.r0.-d0.-f0.f1.r2.d0.d2.f0.r1.-d0.-r2.d2.f2.d0.f1.-d0.-f1.-d0.-f0.-r2.f0.r2.-d0.r2.d0.f2.r0.f2.-r0.f2.f2.-r2
868,d1.r2.-r0.-f1.-d2.d1.r0.-d0.-f2.r1.d2.r0.-d1.-d0.f1.-d1.-f1.-d2.-f2.-r1.-f2.f1
869,-d2.-r2.f1.-d0.-f2.-r2.d1.-d0.-f0.-f1.r2.f2.-d2.-r2.d2.r2.d0.f2.-d1.-f2.-r0.d2.r0.-d1.-r0.-d2.r0
870,-r2.-f0.d0.f0.-r0.r2.-f0.-d2.-f1.f2.-d0.r1.f2.d0.f1.-r1.f0.r1.f2.-r0.-f1.-r2.f1.-r2.d1.r2.-d1.r2.r0.-f1
871,-f2.f1.r2.-f0.r2.-d2.-f1.r0.d1.-r0.d2.f0.-r2.-f0.-r2.-d2.f2.-f0.d2.r2.f0.-r2.f0
872,d2.f2.d2.d0.r1.-f2.-d0.r1.f2.-r0.f1.f0.-r0.f1.r0.-d0.f2.d0.d0.-f0.-d0.-f2.d0.d0.r2.f2.r2.d0.-r2.-d0.-f2.d0.r2.-d0
873,d2.-f2.f0.-d2.-r0.-d1.-f2.-d2.-f2.-r1.-r2.d2.r2.d2.f2.r2.-d2.r2.r0.f0.-d0.-f0.d0.-r0.-f2
874,d2.-d0.-f0.-d1.-r0.-f1.-f0.-d1.-r2.f1.-d0.-r0.-f1.r0.d1.-f2.r0.d2.-f0.-d2.-f2.-d2.-r0.d2.f2.f0.-r2.-d2
875,-r1.-d1.f1.-d2.r0.-d2.-r0.f0.d1.f0.d1.-f2.-f0.-r0.f0.r1.r0.f1.d2.f1.-d2.f1.-d2.-d0.r1.d0.-r1.d2.r1.-d0.-r1
876,d2.-f2.-r2.d2.f0.-r0.r1.f0.-d2.-r2.d2.-r0.-f1.r2.r0.r0.-f1.r0.f1.-d1.r0.d1.-f2.-d2.d0.-f0.d2.f0.-d0.f2.f2.d0.-f0.-d0
877,-f2.r1.-d2.-r1.-f0.r2.d1.-r0.f2.f1.-f0.r2.d1.-f0.d2.r0.f0.d2.-r2.-f0.-r0.-d2.f0.-r2.d2.f2.-d2
878,-f2.-r2.f2.f2.d0.-f0.-f0.d2.f2.-r0.-r0.f2.-d2.-r2.-d0.-d0.-f0.-f0.-d2.-d0.-d0.r2.r2.f2.f2.r2.r2.-f0.-f0.d0.-f2.r1.f1.-r1.f2.-f1.d1.f1.-d1.-f1
879,f1.r2.-d1.r2.-d2.d0.r1.-r0.-f1.-d2.r1.-d2.-d1.-d0.r0.-d1.-f2.-f0.r2.r2.f0.-r0.-f0.-r2.r0.-d2.-r0.d2.-r2.-r0.-f2.r0.f2
880,r0.d1.f1.-r2.r1.f0.-d2.r2.-d2.f1.r2.r2.f0.r0.-f1.d1.-r0.-f2.-d1.r0.-d2.-f2.d1.f2.d2.-f2.-d1.-f0
881,r2.-r0.-d1.r2.-f2.d0.-f2.d1.-f2.-d2.f2.f2.r2.-f2.-r2.-f1.-f0.r2.d0.-r1.d1.d1.-r2.-r0.d2.-f0.-d2.-f1.d2.f0.-d2
882,r2.-d0.-f2.r2.d1.-r0.-f0.-r2.-d1.-f0.r2.-d1.-f0.-d1.f0.d1.-d0.f2.-r0.-d2.-f2.-r1.-d1.r2.r0.d0.-f1.d2.f1.-d2.-d0.-r2
883,-r0.d0.-f2.f0.r1.d1.f2.f1.-r2.-d1.f0.r0.f2.r0.r0.-d2.-f2.d2.r0.d0.-f2.d0.-f2.d0.f2.-d0.f2.-d0.-f2
884,f2.r2.f2.-f1.d1.f0.r0.-f2.r2.-d0.-f0.r2.-d0.-f0.-r2.-d2.f2.f2.-d2.r2.-d2.-r2.d2.f2.f2.-f0
885,-r1.f1.-d2.-f2.r0.f2.r2.-d0.-f1.r0.-d0.-d2.f2.d2.r1.-d2.f0.r2.-f0.r2.r2.d2.f0.-d2.-f0.r2.f0.d0.f0.-r2.-f0
886,-r2.-f2.-d2.-r2.-f2.-r2.-d2.-f1.d1.d0.f0.-d0.-f2.-r0.f2.r0.-f0.r2.-r0.-f2.f0.-r1.f2.-r2.-r0.d2.r0.r0
887,d0.-f0.-r1.-d2.d1.r2.d1.f2.-r0.d1.-d0.-f0.-r0.-d1.-f0.d1.d2.f0.r2.d2.-r2.-d2.f1.f1.-f0
888,d0.f1.-r2.r0.-d0.r1.r1.-f0.-r1.d1.f1.d2.d2.-f0.r2.r2.-f2.-r2.-d2.-r2.-d1.-r1.-d2.d1.d0.f1.-d0.-f1
889,-f0.d2.-d1.f2.-d0.f2.-f1.-r2.-f0.-r0.d2.f0.-r0.d2.-r0.d1.d0.-r2.-f0.d2.r2.f2.d0.f2.-d0.f2.f2.-d2.f0
890,-f2.f1.f1.r1.-d2.-f0.-f0.-d0.-f2.r2.r2.d2.d0.-r0.-r0.-d0.-r2.f0.f2.f2.d0.f2.f2.d2.r2.r2.d2.d2.-r0.-r0.-d2.-r1.-f1.r1.f1.-d0.r1.-r2.-d1.-r1.d1.r2
891,-r2.-f2.r1.-f2.f1.r2.f0.-r2.d2.-r1.f0.-r2.-d2.-f2.r2.-r0.-r1.f2.f1.-d1.r1.d1.f2.-d1.f0.-r1.f2.-r1.-f2.r1.-f2
892,-r1.f2.-r0.f2.f2.d2.-r0.-r0.-d1.-r1.d2.-f2.r2.-d0.-f2.-d1.f1.r2.f1.-d0.f1.-r2.-d1.r2.d0.-r2.d1.d1
893,-d2.d1.f1.-r0.f2.f2.-d1.d0.r2.-r0.f1.f2.d2.-f0.d2.-d0.r2.d0.-f2.-d2.f0.d2.-f2.r2.f2.-r0.-f2.-r2.f2
894,-r0.-f2.-d1.r1.r1.-f2.f0.-r0.f2.-r0.-d0.r0.d0.d0.r0.-f0.-r0.-d2.f0.d2.-r2.f0.-d2.-f0.d2.r2.d0.-f0.r2.-f0.-r2.f0.-d0.-f0
895,-d0.f2.-f0.d0.-r1.-d1.f1.-f0.d0.-f0.-r1.-f0.-r0.-r1.d2.-r0.-d0.-d0.r0.-f0.-f1.r0.f0.r0.r0.f1.-r0.d1.-r1.r0.f1.r1.-f0.-r1.-f1.r1.f0
896,-d0.d2.-r0.f0.-f2.-d2.f0.-f2.-r0.f2.-d0.r2.r2.f0.d2.d2.-d0.-d0.-r0.-r0.-f0.-f0.d2.-f0.-f0.f2.f2.-d0.-d0.f2.f2.-d0.-f0.-r1.-d1.r1.d1.f0
897,-d1.-f0.d0.r2.-d2.d1.d0.f1.-r2.f1.-d0.f2.r0.-d2.-r1.-d1.-r2.-f2.r2.-f1.r1.f2.-r1.-f2.f1.d1.-r0
898,-r1.-f2.-d2.r0.-f2.d2.d2.f0.-r2.-r0.f2.d2.f1.-d0.-r1.d0.r0.f1.f1.d2.f1.d0.-d1.r1.-d2.-r1.d1.-r0
899,r0.f1.-d0.f2.r2.-f1.-r0.-f0.-d1.-d0.-r0.-f2.-r0.f2.r2.-d0.-r0.f2.-d1.-f2.r1.r0.f2.d1.-f2.-d1.f0.d1.d0
900,-d0.-r0.-f1.r2.-f2.r2.-d2.-f2.-r1.-f0.-d0.-f2.d2.-f0.d0.-f2.d0.-r1.-d0.r1.-d2.-d0.r0.d0.f0.-r0
901,d2.r0.-f2.f0.r2.f0.d0.f0.-r2.d1.-f2.-f0.-r2.r1.d2.d2.r0.-f0.d0.f0.d2.-f0.-d0.f0.d2.-r2.-d2
902,-d0.r0.r0.-f1.-d1.-f2.r1.f1.-f0.-d0.f0.r0.f1.r0.-f2.-d2.f0.-d1.r1.-f0.-r1.r2.-d0.-r1.-r0.d0.-r2.f0
903,r1.-d0.f2.r0.-f0.r2.r2.-f2.-r2.-f1.r2.-f1.r0.-d0.-d0.-r1.f0.r1.-f0.-d0.f2.-r2.r1.d1.-r1.-f1.-r1.-d1.r1
904,d2.d2.-f2.f1.-r2.-f0.-d1.d0.r0.-r2.f0.f0.r0.-f0.-r0.-f1.-r1.-r0.-d2.f2.-f0.-r1.d0.-f2.d2.f2.-d2.-d0.r1.f0
905,f0.-d1.-r0.f1.r2.r2.f2.-r2.d0.f0.d0.-f0.-d0.f0.r0.-d2.r0.d0.f0.-r0.d2.-f0.-d0.f2.d2.r0.-d2.r0.f1
906,r2.-f1.-r0.-r0.d2.-f0.-r2.-d2.-f0.-d0.-r2.-f2.-d0.-r0.-d2.-r0.-r0.d2.f2.f2.-d0.r2.r2.f2.f2.d2.d2.-d0.-r0.f1.d1.-f1.-d1.-r0.d1.f1.-d1.-f1
907,r2.-f1.-d2.-f2.-r2.-d0.-d0.-r0.r2.-d2.-d0.-d0.-f2.r0.-f0.-r0.-r0.-d2.d0.-r0.-r0.r2.r2.-f0.-f0.-d2.r2.r2.d2.-r0.-d1.-r1.d1.r1.-r0.f1.d1.r1.-f1.-r1.-d1
908,-f2.-r2.r0.-f0.-d2.f2.-r2.-d1.f2.-d2.r1.-d2.-f2.d0.-f1.f0.-d2.f1.d2.-r2.r1.f2.-r1.-f2.r1.-f0.-r1.f1.d1.-f1.r1.f0
909,-f0.-r2.f1.-d0.-r0.d0.-d1.f1.-f2.-r0.r1.f0.d2.r2.r1.-f1.d2.-f0.-d1.f2.r0.r0.f1.d1.-f1.r0.r0.f1.-d1
910,-r0.-f1.r0.-d2.d1.-f1.-d2.-f2.-d0.-f1.-d1.-r2.r1.d0.f2.d2.-f1.r0.-d2.f0.d0.-f0.-d0.-f2.-d1.f2
911,r2.d0.-d1.d2.d2.r2.d0.-f2.-r0.-d2.f2.-r0.-f2.r2.d0.r2.r2.f2.f2.-d2.f2.f2.-d0.-d0.-r0.-r0.f2.f2.d0.r2.-d1.-r1.d1.-r2.d1.-f1.-d1.r1.f1
912,f0.-d2.d0.-f0.d2.-f0.-f0.-d2.-r0.f0.-r2.-d0.-d0.-f0.r2.-d2.-r0.-r0.d0.f2.f2.d2.f2.f2.d2.f2.f2.d2.r2.-d1.f1.d1.-f1.r2.-r1.-d1.r1.d1
913,r2.r0.-f2.f0.r2.d0.-r0.f2.f0.f0.-d2.-f1.-r0.-d2.-f1.-r0.f2.r2.r0.f1.r1.f2.-d2.-r1.d2.r1.-f2.-r1.f0
914,f1.-r1.d2.r1.r1.-f2.-r1.d1.d2.-r2.r1.r0.f0.-r0.d0.-r2.d2.d2.r2.r2.-d2.r2.-f0.r2.f0.-d2.f0.d2
915,-f2.-d2.-d1.f2.f2.d2.d2.r2.-f0.-f0.d2.r2.-f0.-f0.r2.d2.-f2.r2.r2.d2.-d0.-f0.-f0.r2.r2.d2.-f0.-f0.d0.f2.-r1.d1.r1.-d1.f2.r1.-f1.-r1.f1
916,r1.d2.-f0.-r2.f2.r1.d1.-f0.-d2.-r2.d2.-r1.f0.d1.-f1.r0.-f2.r0.d0.-f0.-r0.-f0.-d0.f2
917,-f2.-r2.r1.-d1.-f2.f0.-d2.-r0.-f0.d2.r0.r0.-d0.f2.d2.-r0.d1.r0.d0.r0.-d2.f1.d2.d0.-r0.-f0.-d0
918,-d2.r2.d0.r2.-f1.-d1.-d0.r1.f1.-r2.r1.d2.r2.-r1.-f0.r0.-d2.-r0.d2.d0.-f2.f1.r2.d2.-r2.-d2.-f1.-d0
919,-r2.-d2.d0.-f2.d1.-r0.r1.-f0.d1.-f2.d2.-f0.d1.r1.r0.d1.-r0.-d1.r2.d0.f1.d1.f2.f0.-r0.-f0.d2
920,-d2.r1.d2.d2.r2.r2.-d2.d0.f0.-r0.r2.f2.r0.d2.d2.-f0.-d0.-r0.-r0.-d2.-f0.-f0.r2.r2.-d0.-f0.-f0.d0.-r1.-f1.-d1.f1.r1.d1.-f0.f1.-r1.-f1.r1.f0
921,-r2.r0.f1.d0.-r0.-d1.f1.d0.-r1.f0.-r0.-d0.-f2.-r2.r0.f1.r1.f0.d0.-f0.-r1.-r1.-f1.-r0.f1.r1.f2
922,-f2.f0.d0.-r0.-d1.-f2.f1.-r0.-f1.-d2.f0.d2.-f0.-d1.r2.-f1.r0.f1.-r2.-d1.-r0.f1.d1.f0.-d1.-f1.-r2.f1
923,r2.r2.-f2.-r0.-d2.d0.r0.-f1.-r1.f2.r1.-d0.-f0.-r1.f0.-r0.-f2.d0.f2.d2.r2.-f0.-d1.-d0.-r2.-d2.r0
924,-f0.d1.r2.-f0.r2.f1.d2.-d1.-f0.r2.d0.f2.f2.d2.-r0.d2.d2.f2.d2.r0.f2.f2.-r0.f2.-d2.f2.d2.-f2.r0.f2
925,f2.d2.-d0.-f1.r1.f0.f0.d1.-f0.d0.r1.-d0.r2.f2.-d2.-f2.-d2.f2.d2.d0.r0.-d2.-r0.-f2.-d2.r1.-f2.-r1.d2.r1.f2.-r1.-r0
926,-d1.-r0.f0.r2.f2.-r2.r1.f1.-d2.f1.-f0.r0.r0.-d2.f0.-d2.-f1.-f0.d2.-r1.d2.f0.-d2.-f0.-d2.r0.r0.d2.r1.-d2
927,-f0.-d2.r1.f1.-d0.r1.f1.-r2.-r2.-r1.-f0.r0.r0.f0.f0.d2.-d0.f2.-d0.r2.-f2.-r2.d2.-f2.-r2.-f2.r2.f2.d0
928,-d0.-r2.f1.r1.d2.d2.f2.r1.-d0.f2.-r0.f2.-d1.r0.-f1.r0.f2.f1.d2.d2.-r0.d2.r0.-d2.-f0.r1.f0.-r1.-f1.r1.-f0.-r1
929,-d0.-f2.-d2.f0.-d0.r2.-d0.r0.f2.r0.f2.-r0.d2.r1.r2.-d1.f0.d1.r1.-f0.-r1.r0.f1.-r1.-f1.-r0.-f2.r0.f1.-r0.f2
930,d1.-f1.-r1.-d0.r0.d2.f2.-f0.-d0.f0.d0.-r2.d0.-r2.-f2.f0.d2.f1.r2.d2.r1.-d2.f1.r0.f2.d2.-r0.f1.r0.-f1.-d2.-f2
931,f0.-r2.-f0.d2.r1.-d1.r0.f2.d0.r0.d0.-f0.r0.-d0.-f2.r1.r0.d2.f1.-d2.-f1.-d0.f1.r2.d1.-r2.d0
932,-r1.-f2.d2.f2.-d1.f0.-d2.d0.f0.-d2.-r0.d0.f0.-d2.-f0.d2.d0.r0.d0.-f2.f0.-r2.f2.r2.-f0.-d0
933,f0.-f2.-d2.-r0.-f0.-f0.f2.-r0.-r0.r2.r2.d0.-r2.f2.r0.-f0.-r0.d2.d2.-r0.-r0.d2.r2.r2.d2.-d0.-f0.-f0.f2.f2.-d2.-r0.-r0.f1.-d1.-f1.d1
934,f0.d2.f0.r1.d2.r2.d2.r2.f1.-f0.-d2.f1.f0.r2.-f0.-d0.r0.d2.f0.d1.-f0.-d2.-r0.f0.-d1.-f0
935,r1.-f1.r1.-f2.-d0.f0.-r2.-d2.r0.d2.-r2.r0.f2.r1.-f0.d2.-f0.-d2.r0.f0.-d2.-f0.-r0.-d0.r0.f0.d2.-f0.d0.f0.f0
936,r0.d2.f1.d1.d1.r2.r2.-f0.-d0.r2.r2.-d2.r0.r2.r2.-f0.d2.r0.-f0.-f0.-d0.-r0.-r0.-d0.-r0.-r0.r2.r2.f2.f2.d0.f2.f2.-r1.-f1.r1.f1.-d0.d1.f1.-d1.-f1
937,-f2.r0.d1.-d0.r0.-d0.f1.-f0.-r2.r1.-f1.-d0.r2.-f1.-r1.f0.f1.-r2.f1.r2.d1.-r0.-d1.r0.-d1.r2.d1
938,-r1.f0.-d2.r2.-d2.d0.-f1.-r2.d1.f0.-d1.-r0.f1.-r1.d1.-r0.-d1.-r1.-f1.r0.-d0.-f1.d0.f1.d0.-f1.r2.r1
939,-r1.f0.-r2.r1.d1.f1.-f0.-r1.-r0.f1.-f2.r0.-f2.-f2.r2.f2.r2.f0.-r2.-r0.d2.-f0.d1.f0.-r2
940,-r2.d2.d2.-d0.-r0.-f0.-f0.-d0.r2.r2.-d2.f2.-d0.-d0.-r0.f0.d0.-r0.-r0.-d2.-f0.-f0.f2.f2.-d2.r2.r2.-d0.r2.r2.-r1.r2.d1.r1.-d1.-r2.f1.-d1.-f1.d1
941,-f1.-d1.r0.d2.r2.-f2.d0.-r0.f0.-d2.-r2.-f1.r0.d1.-f1.-r0.-d0.r0.-d1.-r0.d2.r1.f2.f0.f0.r1.f0.f0.-d2
942,-d0.r2.-f0.-r1.-d2.d1.-r1.-d0.d2.r0.-d1.f2.r0.-f2.r2.f2.-r2.-f2.-r2.f2.-d0.r1.-f2.r2.f2.-r1
943,r2.f0.r2.d1.f2.d1.-f0.d0.-r2.r1.r0.-f2.-r2.d0.d0.r0.-d2.-f2.d2.-r0.f2.r2.f1.r0.-f1.r1.r1.f1.-r0.-f1.-r1
944,r0.r0.d0.f0.-d0.-r2.-d2.d0.-f0.-d0.-d0.-r0.-r0.r2.-d2.-r0.-r0.d2.d2.r2.r2.-d2.f2.f2.d2.f2.f2.-d0.r0.-d1.-r1.d1.r1.-r0.f1.-d1.-f1.d1
945,-f0.-d2.-f0.-r1.f1.d0.f2.d2.f2.-d2.-r0.f2.f0.d2.r2.r1.d2.r2.-f1.-r2.f0.r2.r2.-f0.-r2.f1.r2
946,r1.-r0.-r0.-f0.-f2.r0.-f0.-f0.-r2.f0.-r0.-r0.-d0.f0.-d0.-d0.-r0.-r0.-d2.f2.f2.-d0.-r0.-r0.-d0.f2.f2.d0.f2.f2.-f1.d1.-r1.-d1.r1.f1.-r1.f1.r1.-f1
947,-d2.-r0.f2.r2.-f0.d0.-f0.-r0.f2.r0.-f0.d0.r2.r2.f2.f2.d2.r2.r2.-f0.-f0.-d0.-d0.-f0.-f0.-d0.-d0.-f0.-f0.r0.-f1.-d1.f1.d1.-r0.f1.-r1.-f1.r1
948,-r1.f2.f2.d2.-r2.d0.f1.d2.d0.r0.d2.-r0.-d2.-d0.r2.d0.-r2.f2.r2.-f2.d0.-r2.d0.f2.-d0.-r0.-f1.-f0
949,-d2.f0.r1.-d0.f0.-d0.-r2.f2.d0.-f2.-f2.-d2.r0.-d1.r0.d1.-r0.-f1.r2.-f0.r1.-d1.f0.r0.-f0.-r0.d1
950,d2.d2.-r0.-f2.d2.d2.-r0.-d0.f0.d0.r2.f2.-d2.r0.-d0.f2.f2.d0.-f0.-f0.d0.-f0.-f0.d2.r2.r2.-f0.-f0.f2.f2.-f0.-r1.f1.r1.-f1.f0.d1.-r1.-d1.r1
951,d2.r2.-d1.f1.r1.d2.f0.r2.-d1.r2.d1.-f0.r1.f0.r2.-f2.f1.d2.r2.-d2.-f1.r2.-f0.r2.f0.d0.-r1.-r0.-f0
952,r2.d1.f2.d0.r2.f1.-r0.-d2.d0.f1.r2.r2.r0.-d1.-f1.-d0.f1.-d1.-r0.f2.r0.-d2.d1.d1
953,d0.r2.d1.r0.-d2.f0.f2.r2.f2.f2.-r0.-f0.-d2.r2.-f0.-f0.d2.-f0.-f0.d2.-d0.r2.r2.-f0.-f0.-d0.f2.f2.-d0.f1.-r1.-d1.r1.-f1.d1.r1.f1.-r1.-f1
954,d2.f0.-d0.f0.-r2.-d2.-r1.-d2.f2.-f1.d0.f1.r2.-f1.r2.d1.-r0.f0.-d0.-f0.-d1.f0.d0.-r0.d2.f1.-d2.-r2
955,-d2.-d1.-f0.r1.f1.-d2.r0.-d0.f1.-d0.-f2.r2.d0.f0.d0.d0.f1.-d0.r2.d0.-r2.d0.d0.f0.-d0.-f2.-f0
956,-r0.f1.f1.d1.r0.f0.-r2.-d0.-d0.f0.r2.r2.-d0.-f0.-d0.f2.d0.-f0.-f0.-d0.r2.r2.-d2.-f0.-f0.-r0.-r0.-f0.-f0.f2.f2.-d2.r0.-r1.d1.r1.-d1.-r0.f0.f1.-d1.-f1.d1.-f0
957,-f2.-f1.-d1.r1.d1.-r2.-f1.d2.d2.-f2.r2.f2.r2.-f2.r2.r0.f0.d1.-f0.-d1.f2.-d0.-f0.d0.-f2.f0.-d1
958,-r2.-f2.-d2.d0.-f0.-r2.d1.r0.d2.-r1.f1.r1.-f2.f0.-r0.f2.d0.-f0.r2.r2.-d0.r2.r2.-d2.-r1.f0
959,d2.f1.r2.d1.f2.r1.-f0.r0.d0.-d1.f2.r2.f2.d1.-f2.-r0.-f1.r1.f1.-r1.r0.-f2.-d0.f2.d0.r1.-d0.-f2.-r2
960,-d1.-f2.r2.f0.-d2.r2.d2.r0.-d2.d0.-f2.-r1.-f2.-d2.-d1.r2.f1.-r2.f1.r2.r2.-f1.-r2.-f1.f0.-d0.f1.d0.-f0.-r0.-d0.r0.-f1.-r0.d0.r0
961,-f2.d2.f2.r2.-d2.-d0.-f2.-r2.d2.-r0.-r0.f0.-r0.-f2.d2.-r0.-r0.-d0.r2.r2.d0.-r0.-r0.-d2.-r0.-r0.d2.f2.f2.-r1.-r1.-f1.-r1.f1.-r1.f1.r1.-f1.-r1
962,f2.d0.d0.-f1.r0.d2.f0.d0.-r0.d1.-d0.r2.f0.d2.f2.d1.-d0.-f2.-d0.-r0.d0.r0.f2.-d0.r2.d0.-f2.-d0.f2.-d0
963,r0.-f1.-d1.-f0.r0.f0.r0.f2.r0.-f2.-d0.-r1.d0.-f1.r1.r1.-f0.-d2.r0.f0.d2.-r1.-d2
964,f2.r2.r2.f1.-d1.f1.d0.f1.d0.r0.f1.-d1.-d0.-r1.-d1.f1.r2.d0.d0.-r2.-f1.d1.r2.-f1.-r2.f2.r2.f1.-r2.-f2
965,r0.f0.d2.-f1.-r1.-f2.-r0.d2.-f1.-d1.d0.r2.d2.-r2.-f0.r2.d2.d2.f0.-d2.-r2.-d1.-d0.-r0.-f1
966,-d0.-r0.-f2.d1.-r0.-f0.d0.f1.d0.-f1.-f2.r2.-f2.-d1.r2.r1.-d2.d0.r1.d2.-d0.-f2.-d1.f1.d1.f2
967,-d0.f2.f2.d2.r1.f1.-d0.r1.-f0.-d0.f2.-d2.-f2.r1.f2.-d1.f0.-d0.-f0.r0.-d1.-r0.-f1.-r2.f1.-r0.-f0
968,r2.-d0.f2.-f1.d0.-d1.-r0.-f0.r2.d0.f0.-r2.d0.r2.-d0.f0.-r0.f2.-r0.-f2.r0.-f0.-d2.r0.d2.-r0.d2.f0
969,f1.r2.-f1.r2.-f0.d0.f0.-d2.d1.-f1.-r0.d0.-f2.r0.-f0.r2.f2.-d1.f0.r2.-f0.d1.f0.-r2.f0.r0.f1.-d0.-f1.-r0.-f0
970,f1.d1.f0.r1.-r0.-d1.f1.r0.d0.f1.f1.r2.-f2.r2.-f2.-r2.r0.-d0.-d2.-f0.-r1.-d2.-r2.d2.-r0.-d2
971,d2.-f2.-d0.-r1.f1.r0.d1.-f2.-f2.r2.d1.-f0.d2.r2.-d2.-d1.-r1.f0.-d2.f1.r0.d2.-r0.-f1.-f0.r1.f0
972,-f0.r0.-d0.-f0.-d0.-f0.d0.f2.d1.r2.-d0.r2.f0.r1.-f1.-r1.-f0.d2.-r2.d0.-d1.-r2.-d2.-f0.-d0.r2.d1.-r2.d0.f0
973,d0.f1.-d1.-r2.-f2.-d0.f0.r2.d0.r2.d0.-f2.-r2.d0.r1.-d0.-f0.d0.r1.f0.-r1.-d1.f1.d1.d0
974,-r0.-d0.-f2.r2.d1.f2.-d1.-f0.-r2.-f2.-d1.f1.-d0.r2.-d2.d1.-r1.-d1.f2.d1.-f2.-d0.-r1.d0
975,-d0.-f1.-d0.r0.-f0.d1.f1.-d2.r2.-d0.f0.d2.-r2.-d2.r2.-d0.-r2.d2.f2.-r2.-f1.r2.-f2.-r2.f1.r2.r2
976,-d0.-r1.-f2.r2.-d2.-r2.-f0.-d0.-f2.d1.f2.r1.f1.d2.-r0.-f1.d1.f1.-d1.-f1.-r2.r0.-f0.d1.r2.d1.-r2.f0.r2.-d1.-r2.-f0
977,-r0.-f2.-f0.-f0.r0.r2.-d0.f2.d2.-r0.f2.-d0.r2.-f0.-f0.d0.-f0.-f0.f2.f2.-d2.f2.f2.r2.r2.-d2.-r0.-r0.-d0.r1.-r2.d1.-r1.-d1.r2
978,-r2.r0.-d0.f2.r1.-d0.r1.-f1.-d0.-r1.d2.r2.r2.d2.r1.-r0.d2.r1.r0.f0.-d2.-f0.d2.f0.-r0.-f1.r0.-f0.-r0.f1
979,-d1.r2.-f0.-r0.-d2.f1.-f0.d2.-d1.-f0.-d0.-f0.-r0.-d2.-r2.-f2.d2.-f1.d0.-r2.f2.-r1.-d0.f0.d0.r1.r1.-d0.-f0.d0.-r1
980,-r2.-r1.-f1.d0.-r2.-f2.-d2.f0.-r0.d2.f2.f1.-r0.-f0.-d0.-r2.r0.f0.-d1.f0.-d2.r0.d2.-f0.d1.f0
981,-d2.-f2.-d2.-d0.-d0.f2.-r0.-r0.d2.d2.-d0.r0.r2.-d0.-d0.f0.-r2.-f0.-f0.d2.-r0.-r0.d0.-r0.-r0.f2.f2.d2.-f0.-f0.f2.f2.-d2.-f1.-d1.r1.d1.-r1.f1
982,-r0.-d0.f0.r0.d2.f1.r2.d0.-r2.-r0.d2.r0.-d2.-r0.-d1.-r1.-d0.-f2.-d2.-f2.-r2.f2.d2.f2.r2.f2
983,-d0.f1.r1.r1.f0.d0.r2.-f0.-d0.r2.f0.r2.f0.r0.d2.d2.-d0.-r0.-r0.f2.f2.d0.f2.f2.r2.r2.d0.-r0.d1.-r1.-d1.r1.r0.-f0.-d1.f1.d1.-f1.f0
984,r0.-d2.-r0.-d1.-f2.d2.d2.-r2.-d1.f0.-r0.r1.-d0.-f0.-r1.-d0.-f1.d0.r1.f1.-r1.-f1.r1.d2.r1.d1
985,f1.r2.-d2.f1.-d2.r2.d0.-f1.r2.r2.d2.-d1.d0.r2.d1.r2.-f1.-r0.-r1.-f1.r0.f1.r1.f1.d2.-d0.-r2
986,d1.-r1.r0.f2.-d1.r2.r2.f2.d0.r0.-f2.-f0.-d0.f0.-r0.d2.-f2.-d0.f2.-d2.-f2.r2.f2.-r2.d1.-d0
987,-d1.-f1.-r0.f0.-r0.-f1.-d1.-f1.r0.f1.-r1.-d2.r0.r1.f2.d2.r2.-d2.f0.f0.r0.f1.f1.-r0.f0.r0.-f1
988,f2.f2.-d1.-f2.r1.-f0.-r2.-d1.d0.f2.f1.-r2.-f1.r2.-f2.r1.-f0.-r2.r0.-d2.-r2.d2.f2.-d2.r0.d2.-r2.-r2.-d2.-r0.d2.r2
989,r1.-d0.f2.-f1.-d0.r2.f0.-r2.f1.r0.d1.-r2.r1.-f0.-r2.-f1.-d1.f1.f0.r1.r0.-f0.r2.d2.f1
990,-d2.-r0.f2.-d1.r1.f1.-d2.r2.-d0.r2.f2.d0.f2.d0.r2.d2.-f2.f1.-d2.f0.r0.-d2.-r2.-f2.d2.f2
991,d0.r0.-f1.d0.r1.d1.-r0.-d2.d1.-r0.-d1.r1.-r0.d2.r0.-d0.-r0.d0.f0.-r2.-r1.f2.d2.-f0.-r0.d2.r0.f0.-d2.f2.f2
992,-r1.d2.r2.r2.d2.-r0.-r0.f2.-d2.f0.-f2.-d0.-r0.-d2.r2.-f0.-f0.d2.-r0.-r0.-f0.-f0.-d0.f2.f2.-d0.f1.r1.-f1.-d1.-r1.d1.f0.-d1.-f1.d1.f1.-f0
993,-f0.d0.-f0.r2.d0.f2.-r0.-d2.f1.r0.-d2.-r0.f2.f2.f0.r2.-f0.-d1.f0.-d0.-r0.f0.r0.-f0.-r0.f1.r0
994,-r2.d2.-r0.-d2.f1.-f0.-r1.-d1.r0.f1.-r2.-d1.d2.-f1.r0.f2.-r2.d1.r2.-d1.-r0.-f0.r2.d0.-f1.-d0.-r2.d0.f1.-d0
995,-r1.-f2.f1.r2.f0.-r1.-d0.f1.f0.-d2.f0.-d1.-d0.r1.-d2.-r1.f2.d0.d1.-r2.-d2.f0.f0.d2.f0.f0.r2
996,-f0.r1.-d2.f1.-r2.-d0.f2.f0.-d1.f2.-d2.-d1.-r2.-d2.-r2.d2.-f2.f0.d0.-f2.-r2.f2.-d0.-f2
997,-d0.f1.-d0.r0.f2.r0.f0.-r2.f0.d1.-r2.-f2.-r1.d0.r1.f2.-r1.r2.d2.-f0.-d2.f0.d1.-f0.r1.-d1.-r2.d1.r2.r0.f1
998,r1.f1.-r0.d1.-d0.-f2.-r0.f2.d1.-f0.-r2.d0.f2.d2.f2.-d2.r0.d1.-r2.f2.d1.-f2.r2.r2.d1.-r2.-d1.-r0
999,d0.r2.r2.-f1.d1.f2.r2.f1.r0.-r2.-d1.f0.-r0.-f0.r0.r0.f0.r0.-d2.d1.d0.r0.d0.-r2.-d0.-r0.-d0
1000,-f0.d0.-d2.-r0.r2.-f0.-d0.-d0.-r0.f2.r0.-f0.r2.r2.f0.-r0.-r0.d0.-f0.-f0.-d0.-d0.-f0.-f0.r2.r2.d0.r2.r2.d0.f2.f2.-r1.d1.-r1.-d1.-r1.f1.-r1.-f1
1001,-d0.f0.r2.f1.r1.r1.d0.-f0.-d0.f0.d0.r0.d2.-d0.-f2.-d2.r2.-f2.d2.d2.-r2.-d2.r0.-d2.-r0.f2.-d2.f2.f2
1002,-f1.r2.-r0.-d1.d0.r2.r0.f0.-d2.-f1.-r0.-f0.-r0.-f2.-r0.f2.r2.r1.-d1.-f0.r0.f0.r0.d0.f0.-r0.-f0.d1.f0.-r2
