initial_state_id,path
0,d2.-f2.-d1.r2.-d1.f0.d0.r0.f2.f2.r0.-f0.r0.-f1.-d0.f1.-r0.-r0.-f2.-d1.f2.-d2.-f2.d2.d0.-r0.-d0.-d1.-f1.-f0.-f0.f1.-r0.f2.-d0.-r0.d0.-f2.d1.r0.-d1.-d1.-f0.d1.-f2.-r1.-f0.r1.f2.-f0.d0.-f0.-d0.f0.f0.f0.-r0.f0.r0.-f0.-r0.f0.f0.f0.d2.f0.-d2.f0.-r0.-d0.r0.d0.f0.-r0.-f0.r0.-f2.-r0.f0.r0.f2.-r0.f0.r0.-f0.d1.r0.-f0.-r0.f0.-d1.-f0.r0.f0.-r0.f0.-r0.-f0
1,-r1.-f2.r1.-f1.-r1.f2.r1.f1
2,d2.-r0.r2.d2.d2.r0.-r2.d2.-r0.r2.d2.d2.r0.-r2
3,d0
4,-r2.d0
5,r2.-f1.-r2
6,f1.-d2.-d0.-r2
7,f2.-d1.f2.-f0.-r2
8,f0.-r0.d1.-r2.d1.f0
9,-r0.d2.f2.-r2.-r1.r0.-d1
10,r1.-f1.-r1.-f2.f1.-d1
11,f2.-f1.-d2.f0.r1.r1.r0.f2.-d0
12,-f0.-r1.d0.f1.d0.-f2.-d0.f2.-d2.-r2
13,-r0.f2.-d1.f2.d1.d1.d0.-f1.r1.r0.-f1
14,-f2.r2.r2.-r1.f2.-d0.f1.-f0
15,r0.-d1.f1.f1.r0.r0.-d1.f2.r2.-d1.-f1.-f0.r2
16,d1.r2.-d1.f1.-f0.-r2.f0.r1.-f0.-r0.-f2.d1.f2.-d0
17,d2.r0.-d2.d1.f0.-d0.-r1.-r0.d0.r0.-d1.f0.d0.-f2.-f0
18,d0.d0.f1.f0.r2.f0.d1.d0.-f0.-r1
19,f0.f0.d0.-r2.-f1.f0.-r1.f2.r1.-d0.-r0.f1.f1.-r1.f1
20,r1.r0.d2.-d0.r0.-d2.f0.d1.r2.d0.f1.d1.d0.d0
21,r2.r0.r0.-f1.d2.d1.-d0.-r2.r0.-f0.-f0.-d2.-f1.d1.-f2.-r1.f2
22,-d2.f1.d0.-r1.-d2.f0.d1.d0.r0.d0.-f1.f0.r0.-f2
23,f1.d1.-f0.-d2.f1.-r2.r1.-f1.-d1.d0.r0.-f1.r1.r0.r0
24,f0.-d1.-r0.-f2.r2.r0.-r1.d2.r2.-f0.f1.-d1.-d0.-r2.d0.-r1.f0.f1.-f2.d1
25,d2.f2.r2.-r1.-r0.d1.-r2.-f2.-d2.r2.r1.f2.d1.d0.d0.-f0.d1
26,f1.d0.-d2.-r0.r2.f2.f2.f0.d1.-r2.-f0.-r1.r2.d0.r2.-f0.r2.-f2.-r2.-f1.-r0.-r2
27,-r0.d0.f0.f0.r2.-f0.r2.r0.d1.f2.d0.f2.r1.d1.r2.-r1.-d1.r0.d1.-r2.-r2.-f1.-d0
28,-r2.-f2.-r0.-r1.-r1.-r0.-f2.-d2.d0.-r2.d1.-f1.-f2.-d1.-r0.f2.d2.r1.f1.-f2.r0.-d0.r2.r0.-d2.f1
29,r2.r2.-f0.r1.f0.d0.f2.-d1.-f0.r0.d1.d2.-d1.d0.f1.f0.-r0.-f2.r0.f1.-r2.-d1.-r2
30,-r0.-r0.f0.r0.-d1.r0.r1.-r2.f0.-d0.-d1.-d1.r2.f2.f1.-r0.d2.-d1.r1.-f2.r1.f0
31,-d1.r1.d1.d1.r2.-d0.-d0.r2.-f1.d2.f2.-f0.r0.d0.-f1.-f0.-d1.f1.r1.d0.d0.-d1.-f2.f0.r0
32,r1.r1.-d1.f2.r2.d1.r0.f1.d1.f2.d2.f2.r1.-d2.-d0.-f1.-r0.-f0.-r1.f0.r0.-f0
33,-d2.-d0.f2.-r2.d1.-f1.d0.-r2.-d0.d1.d1.-d2.r1.d0.d0.f2.f2.-f0.d0.-r1.f2.d0.-d1.f0.d2.-r2.-d2.f1.d0
34,d2.-r2.-f1.d2.f2.f0.r2.d2.d2.f2.-r2.d2.r1.d1.d0.f0.d1.-f0.r1.-d0.f2.-f0.-r2.f0.-r1.-f0.r2.f0
35,-d0.-r2.f0.r1.-d2.f1.-r1.-d1.-d0.f0.-d1.-d0.-r2.-f0.r2.-f0.r1.-f1.f0.-d1.r1.d1.-f0.-d1.-r1.d1.f0
36,f1.d1.-f2.f1.-d0.r1.-d0.-r0.-f2.-r2.-d2.r2.-f2.-d2.f1.r0.-f0.-d0.-r0.d2.-f1.d0.r1.-d0.f2.f2.-r1.-d1.f1.d1.r1.-f2
37,r1.f0.-d2.r2.-d1.-r1.-f1.d2.r0.d2.-r2.d0.r0.d1.-d0.-r1.-r0.f2.r2.-f2.d1.r2.f2.r2.d2.r2.-f2.r2.-d1
38,-f0.r2.-f2.-d1.r1.d0.-f1.-r2.d1.-r1.-r0.d2.-r0.f2.-d2.-d2.-r1.-r0.-d2.r0.d1.f0.r0.-f0.-r0.-f0.-d1.f0.d2.-f0
39,-f0.f2.d2.-f1.-f0.r1.f1.f1.f2.f2.r2.-f2.r1.f1.-d0.f2.r0.-f1.f2.f1.-d0.r0.-f1.-d0.-r2.r0.r1.d1.d1.f2.f0.-r0.f0.r0.-f1
40,-r2.f2.-r2.-f2.f1.r2.d2.-r1.-f0.-d0.-f0.-d1.r2.d1.-r2.-d2.-f2.f0.d0.f0.-d0.f2.-r0.f0.r2.r0
41,-d1.d2.-r1.-r1.f1.-d2.-f0.d2.f0.r1.-d2.-r2.-d0.f2.f1.-r0.d2.d1.-f0.d2.-f1.r1.-d0.r2.d1.r0.-r2.d1.f1.d0.r1
42,r2.r2.f0.r0.-f1.-d2.f0.-r0.-f2.d2.-f0.-d2.-r1.-d1.-r2.r1.r0.d1.-r2.-d2.-d0.-f0.r1.-d1.-f0.-r1.f0.r1
43,-r2.d2.-f2.r1.-d2.-f0.-r2.r0.-f2.d2.f2.-r2.-d2.f1.-d1.-r2.d1.r1.r1.f1.-f0.d1.f1.f0.r0.-d2.-r0.d1.r0.d2.-r0
44,-f0.d0.-r1.-d1.f2.r0.f2.d0.-r0.d2.r1.f0.r0.r0.-d2.f2.r0.d0.-r0.-r0.-d0.-f1.d0.-f1.d0.f1.-d0.f1.r0.f0
45,-f2.-d1.r0.-d1.-f1.-d2.-d0.-r0.-d0.-d2.-f2.r2.f0.r2.-r0.f0.r0.d0.r0.-d0.-r0.-f0.-r2
46,-r1.-f2.f0.-r0.-d1.f1.-f0.d0.-f0.-r2.-f2.-f1.-d2.-r0.f0.r1.-f2.-r1.-f0.r1.f2.f2.-r2.-r0.d0.r0
47,-f0.d2.d2.-r0.-r0.-f2.r2.r2.-f0.d0.-f2.-d2.-f2.-r0.-r0.-r2.f2.f2.d2.-r0.-r0.r2.r2.f2.f2.-d2.r2.r2.-d2.-r0.-r0.-f1.r1.-f1.-r1.-f1.-f1
48,-r0.-f1.-d1.d0.r2.-d2.r1.d0.r1.-f2.-r2.f2.-r1.r0.r0.d1.-r0.f2.d0.-f2.-d1.-d0.r1.-d2.r2.d2.-r1.-r0
49,r0.d2.r1.-d0.-r0.-f1.r2.-d1.-f2.-d0.f2.r2.-f2.-r2.f2.-f1.-d0.-f2.-d1.d0.r1.d1.f2.f0.d1.-f2.d2.f2.-d1.-f2.-d2
50,d0.-r2.r0.d2.-f1.d1.-d0.-r2.d0.r2.-d0.-r2.r1.d2.r2.f1.-r2.-d2.r2.-f0.-d0.-r0.-d0.f2.d0.r0.d0.-f2
51,d1.-r0.d2.f1.-r0.-f0.-r0.-d1.-f2.r2.-f0.-d2.-r0.f2.r2.-f0.d2.f0.-d0.-f1.-r1.-d1.r1.-r0.f1.r0.-f1.f2.r2.f1.-r1.-f1.-r2.f1.r1
52,f0.d2.r0.f1.d0.f1.-f0.r0.-f0.r2.d2.-f1.r2.f1.-r2.-d0.f2.d1.-f2.d0.f2.-d1.r2.f2
53,r0.-d1.-r0.-f1.-r2.-d0.-f1.d0.-f0.f2.r0.f2.d2.d0.r1.-d0.-r1.d2.-d1.-f2.d1.d0.-r2.d2.-r0.-d2.r2
54,f2.d2.-d1.r1.-f0.r2.r1.-f0.d2.f0.r1.f1.d2.-r0.-f0.r1.f0.-r2.r1.r1.-d2.-r2.-f2.d2.f2.r2.-d0.r0
55,-r1.f1.-r2.d0.r0.-f1.f0.d2.-f2.f1.-d1.f1.d1.d0.r1.f2.f2.f0.d1.f2.-r2.f0.r2.-d2.-r2.-r0.f2.r0.-f2
56,f2.d2.r1.f0.r0.f2.-d2.f1.f0.-r1.f1.-r1.d0.r1.d1.d0.r2.d0.-f2.-d0.f2.r1.-f2.-r1.-d0.f2
57,-r2.f2.f2.-r1.f0.r0.d2.r2.-d2.-f2.r2.r2.d0.-f2.-r1.-f2.-r2.-r0.-d0.-f0.r1.d0.-r1.d0.d0.-r1.-d0.r1.f0
58,r1.-f2.-d2.f2.-d2.r1.-f0.-r2.f0.-d1.-f2.-r0.f2.-d0.r0.d2.-f2.-d1.f2.d1.d0.-f0.-r0.f0.r0.f0
59,d2.-f1.d2.r0.-d1.r0.f2.-f0.d2.-r0.d0.f0.-r1.f0.r0.-d1.f2.-d2.-r0.f2.d1.-f2.d2.-r0.-f0.r0.-f1.-r0.f0.r0.f1
60,d2.-r1.d0.-f0.-r2.-f0.-d2.r1.-d0.-r1.-f2.-d0.-r2.-d2.r2.f1.-r0.d2.r0.d0.-r0.d1.r1.-d1
61,-f2.-r0.f2.r0.-d0.f2.f2.-f1.-d0.-f2.r0.-f2.-f1.-r1.-f0.-d2.-d1.r0.-f0.d1.f0.r1.-d2.-f0.d2.d0.-r2.-d0.f2
62,d1.-f1.-d0.f2.r0.f1.f1.d1.-r0.d1.d1.-d0.-r2.-d2.d1.r2.-d0.r2.d2.-d1.-r2.-d2.-r2.f2.d2.-f2.-r2.f2.-d2.-f2
63,r2.f1.r2.-d0.-f1.d2.f2.r2.-d1.r2.-d1.-r0.d1.-r2.d2.f2.-r2.f2.-r0.d0.-f2.-d2.-r2.f0.r2.-d0.r2.-f2.-f0
64,f0.-r0.d2.r0.-d2.r2.f2.-r2.f0.r0.-f0.d2.r0.r2.r2.-d2.f2.f2.r2.r2.f2.f2.-d2.f2.f2.d0.f2.f2.f1.-r1.d1.r1.-f1.-d1.-f0.f1.r1.-f1.-r1.f0
65,f2.-r0.d2.d0.-f0.-d2.f0.r0.-d0.r2.d2.f2.f2.r0.-f0.-f0.f2.f2.-r0.-r0.-d0.-r0.-r0.-f0.-f0.-d2.-f0.-f0.-d2.f2.f2.f1.r1.d1.-r1.-d1.-f1
66,-d1.r1.-f2.r2.-d2.r2.-f0.f1.d1.-f2.r0.-d2.f2.-r2.d0.-f2.r1.-r0.-d0.r0.-f2.r0.f2.-r0.-d1.f2.d1.d0
67,r1.d2.-f0.d0.-r0.d2.-d0.r0.f1.-d0.r2.-f2.r2.-d1.f1.d2.r1.-r0.-d0.-d1.-f2.-d2.d1.-f2.r0.-f1.-r0
68,d2.f1.d2.-f2.-r2.r0.-d0.-r2.f2.-d2.r0.f2.r2.-d2.-f1.r0.d1.-f2.r0.f2.d0.f0.d2.r0.-d2.-f0.d2.-f0
69,-f2.-r2.-r2.d2.-f0.r0.r2.-d0.-d0.f2.d2.-d0.r0.-r2.-f0.-f0.-d0.-d0.r2.r2.-d2.-r0.-r0.d0.-r0.-r0.-d0.-f0.d1.-r1.-d1.r1.-f0.r2.d1.-r2.-r0.-f1.r0
70,d2.f0.-d0.r1.f1.-f0.-r2.-d1.-r0.d2.-f2.r0.-d0.r2.d2.r0.r0.d0.-r0.-f0.r1.-d1.f0.r1.-f0.-r1.d1.r2
71,-r0.d0.-r1.d0.f0.d1.-r1.d2.-r0.d1.r0.f0.f0.-d1.-f2.-d2.f2.f2.d2.f2.-d2.-f2.-f2.d2.f2.-d2.-r2.-r1.d1
72,f0.-r0.-d1.d2.d2.-r0.-d0.-r0.-r0.f2.-r0.d2.f0.-f2.d2.r2.f2.f2.-r0.-r0.f2.f2.-r0.-r0.-d0.f2.f2.r2.r2.d2.-f0.-d1.-f1.d1.f1.-f0.d1.r1.-d1.-r1
73,r0.f1.-r2.-d2.-f2.-r0.-r0.-d2.r0.-d0.f2.d1.-f2.d2.f2.f2.d0.r0.-d2.f2.d2.f2.-f0.-d0.f0.d0.f0.-r0.-f0
74,-f1.r2.r2.d2.-f0.-r2.d1.r2.-d2.d0.d1.f2.f1.-r0.f0.-d0.-r1.d1.-r0.d2.r1.-f0.d0.f0.-d1.-f0.-d0.f0.d1.r1
75,-d2.-f1.f0.r2.d2.-f0.-r0.-r0.f2.d2.r0.-d0.-f2.d2.-f0.-f0.r2.r2.-d2.-r0.-r0.d2.-d0.-f0.-f0.-r0.-r0.r2.-d1.-r1.d1.-r2.r1.f1.f1.-d1.-f1.d1.-f1
76,-f0.-r0.-f2.d2.r1.d0.r2.-d0.-f1.-d2.-r2.f2.-f0.r0.-f1.r0.f1.r0.d2.-f2.-d2.-r0.d2.f2.-d2.-f2
77,-d0.f2.-d0.f2.-d2.-d0.f1.-r1.d1.-r1.-d1.-r0.-d2.-r2.-f2.-d2.-f2.-r0.f2.f2.r2.d2.f2.-d2.-r2.-f2.r0
78,f2.r0.d0.-r1.f2.-f0.r1.-f1.-d0.-f1.d1.d0.r0.-d1.-r0.d2.-f0.-d2.-d0.r2.d0.d0.r0.-r2.-d0.-r0.d0.r2.d0.d0
79,f0.-r2.d2.d2.-f2.-r2.f1.r1.d2.-r0.-d2.r2.-d0.-r1.-d1.-r0.-f0.d1.f0.-f1.r2.r0.d1.f1.-d2.-r1.-f2.r0.f2.r1.-f2.-r0.f2
80,-r0.-d1.f1.f1.-f0.-r0.-f2.d2.-f1.f0.r1.d2.-r1.-r2.f2.d2.-f2.-r2.-f2.r2.d2.r2.-f1.-r2.-d2.-r0
81,d1.-f0.-r0.-f0.-r1.d1.f2.d0.r1.f2.-d1.r2.f0.-d1.-r2.-f0.-r1.-d1.-f2.d1.r2.r0.-d2.r1.d2.-r0.d1
82,-r2.d2.-f1.-r1.d1.-f2.r1.-f2.r1.r0.-d2.-f0.-r0.-d1.r0.-f2.d0.f2.d1.d0.r0.-d0.-r0.-f1.f0.r1.-f0.-r1.f1.-f0.-d1.-f2.d1.f0.-d1.f2
83,f0.-d2.-f0.f2.r0.d2.d0.-r0.-r0.d2.-r0.-f2.d2.-f0.-f0.r2.r2.d0.-f0.-f0.r2.r2.d0.-r0.-r0.r2.r2.-d0.-d0.-f1.d1.-f1.-f1.-d1.-f1
84,r2.f0.d2.-r1.-f2.-d0.r0.-f1.-d0.-r0.d0.f0.r2.f0.d0.-r2.-d2.f0.-d2.f1.d1.-r1.-d1.d0.f1.-d0.-f1.d1.r1.-d1
85,f0.-r0.-f0.d1.f1.-d1.-r2.-r0.f2.d2.d2.d0.f1.r0.-f1.-r0.d2.-r2.-d0.-r0.d0.r2.-r1.-f2.-d0.-f0.d0.f2.f0.r1.-f0.-d0.f0
86,-r0.d2.f0.-r2.f0.-d1.-r0.f0.f0.-r0.f2.d1.f1.-r1.-f0.d2.-f1.d1.-f2.r0.f1.r1.f0.f1.d1.f1.f1.r1.-r2.-d0.-r1.-d1.r1.d0.-r1.d1
87,-r2.d1.f0.-d0.r0.-d0.f2.-f0.-d0.r2.r0.f2.r0.d1.d1.-f2.-r0.-f1.r0.-f0.r1.d1.-r1.f0.r2.d1.-r2.-f0.r2
88,f2.-r2.r0.f0.f0.-d0.r0.d2.r1.d2.-r2.r1.d2.-f2.-r1.-d2.f2.-r2.-f2.r1.-d2.-f0.r0.-d2.-r0.-f1.-f0.-r0.f1.r0.f0.-r0
89,r0.d1.-d0.-f0.-d2.r2.d0.-f0.-d1.r2.-d2.-r2.f0.r0.r1.d1.r2.-f0.r2.f1.-r2.f0.r2.-d0.-f1
90,-r1.-d1.r2.f0.r0.-d0.-r2.-d2.-r0.d0.-r0.-f2.f1.-r0.f0.-r1.r0.f2.-f0.-f1.-r1.d1.-f1.-d1.f1.f0.-d1.r1
91,-r2.f2.d1.r2.-d0.f1.d1.-d2.f1.r2.f0.-r2.-d2.r1.r0.-d2.-f0.r0.f0.-d2.r0.f0.-r0.d2.f0.r2.f0.-r2.f0
92,d0.d0.f1.r2.r1.-d1.r2.-f2.r2.d2.f2.r0.f2.r1.d2.d0.r2.-r0.f0.-r2.r0.-d2.r0.r0.-f2.-d2.f2.r0.r0.-f2.d2.f2
93,d1.-f0.d1.-r1.f0.r2.f1.-r1.f2.-r2.d2.r2.f0.f0.-d2.-r0.-d0.-r0.-d2.d0.-f0.-r0.-f0.r0.f0.d2.-r0
94,-d2.-r1.-d1.-r0.-d0.f0.-r1.r2.f2.-r2.-d2.-f2.-r1.-d0.r2.d0.r2.-f2.-r2.f2.r2.r2
95,d2.-f2.-r0.d1.r2.-f2.d0.r1.d2.-f0.-d0.-f0.-f0.d0.-f0.d2.-r2.-d2.r0.r0.d2.r2.r2.-d2.f0.-r2.-f0.-r0.f0
96,-f0.-d1.-f1.-r0.-d2.r0.-d1.r2.-f2.r2.-d0.r0.-d2.-d1.-f0.-r0.f0.r0.-f0.r2.-f0.d0.f0.-r2.-f0.-r2
97,f1.-r2.-d2.-r2.-f0.-r2.-f1.d1.r0.-d0.d2.f2.-d0.-f2.-d2.f2.d1.r1.-d2.-f1.d2.-r1.-d0.f1.f1.-d1.f1
98,d2.-d0.r0.-f2.r1.-d0.f0.-d2.r2.f0.-r0.d1.-r2.d2.d0.f1.r0.-d0.-r0.-f0.-d0.-f1.-r2.-f1.r2.f1
99,d2.-d1.-f2.r1.-d1.-r2.-d1.r0.-f2.-f0.d1.-f0.-d1.f0.d1.f2.-d0.f0.r2.-f0.-d0.-r0.-f0.d0.f0
100,r0.d1.-f2.-d0.-r0.d1.f0.d2.-d1.-f2.d2.-d0.-f2.r0.d1.d1.d0.-f0.-d0.f1.d0.f2.d1.f0.d2.-f2.-f0.-r2
101,f2.r2.-f2.-d2.-r0.-f0.r2.r2.-d0.-r2.-f2.-f0.-d2.-f2.d0.f2.-d1.-d0.f1.-f0.d0.r1.d1.-f0.-f1.r1.-d1.r2.f2
102,d1.f0.-r0.d0.-r0.d2.d2.-r0.-f0.-d0.r2.-r0.f0.-d2.f0.d1.f0.r2.-f2.-r0.f2.r0.-f0.-r0.-f2.r0.f2.-r2
103,d2.f1.-d0.f0.-d1.r0.-f2.-f1.r2.d0.-f0.-d0.-r1.d2.-r0.d2.f0.-d2.r1.-f0.-d2.d1.f0.-d1.f0.r1.-f0.r1.r1
104,-f1.d1.f0.d2.f2.-d2.-r1.d1.f0.-d2.d1.f0.-r2.r0.d0.r2.d2.-r2.d0.r2.-d2.r2.-d0.-r0.-f0.d0
105,r2.f0.-d2.r2.-r0.-d2.-d0.-r0.f1.r0.-d2.-r0.-f2.d0.d0.-f0.-d0.f0.-d2.d1.f0.d2.-r0.-f0.r0.-d1.-r0
106,-r0.d2.f1.-f0.d2.d2.d0.-r0.-d0.f0.r0.f0.d2.d2.r0.f2.r2.r2.-d0.-r0.-r0.-d0.r2.r2.-d2.r2.r2.-d0.-r0.f1.d1.-f1.-d1.-r0.f0.-f1.-r1.f1.r1.-f0
107,-r1.-f0.-r2.d0.f1.r0.f2.-d1.r2.-f0.r1.r1.f2.r0.-f2.-r2.f0.-d0.r1.-r0.-f0.-r1.-d2.r2.d2.-r0.-d2.r0.-f0
108,d1.-f0.r2.f2.r2.f1.d2.-r1.-f0.r1.r1.-r0.f0.f0.-r2.d2.-f1.-d0.-f0.d0.f1.d2.d1.-f0.-r2.-d1.r2.d1.f0.-d1
109,r0.d0.r2.f1.d0.r2.f2.r1.-f0.d1.-f2.-f1.-d1.-d0.f0.-r2.-d2.-d1.-r2.d2.r2.f1.r1.f0.-r1.-f1.d1.d1.r2
110,f0.-d2.-d0.f2.-f1.-r1.-d2.f0.d0.-r1.f0.-d0.r1.-f2.-r0.-f0.r0.f2.d0.f2.-f0.d0.f0.-d0.-f2.-f0.-d0.r1
111,d2.-r2.-f0.d0.-f0.-d2.-r2.d0.-r1.f0.f0.-r0.-f0.-r2.d1.-f2.-r2.r0.-d1.-r0.d0.r0.r1.f2.-r1.f0.-r0.f1.r1.r0.-d0
112,d2.f2.r2.-f0.-d0.-f0.-d0.-r2.-f1.r2.f1.f0.-r1.-d0.-r2.-d0.-r1.d0.r1.d2.-r1.r0.-d0.r1.d0.-r0
113,f2.d2.f0.r0.d0.-r1.-d2.-f0.-r1.-f1.-r1.-f0.-r2.d2.r0.f0.-r0.-f0.-d2.f0.r1.f2.d2.-r2.-d1.r2.-d2
114,f1.f1.r1.-d0.f1.r2.-f2.r1.-f1.-r1.-f2.-r0.d2.r1.-r0.f0.-r1.-f0.r0.r0.f2.f2.f0.-r2.f0.r2.-f2.-r2.-f0.r2
115,-f2.d0.-r0.r2.d2.f2.r2.-f2.-r0.-r0.f2.r0.f2.r0.d2.d2.-r0.-r0.r2.r2.-d0.f2.f2.-d2.-f0.-f0.d0.-r1.r0.-f1.r1.f1.-r0
116,f2.f1.f1.r1.d2.-f0.-f0.-r0.-r0.f2.f2.r0.-d2.r0.f2.d2.-f0.r2.d2.f2.f2.-d2.-d0.-f0.-f0.d2.d2.-d0.r2.r2.f2.f2.f0.f1.r1.-f1.-r1.-f0.-d1.-r1.d1.r1
117,d2.-f1.r2.-d2.f2.d1.-f1.d1.-f1.-r0.d2.-f1.r2.-d1.-r2.r0.d2.-f1.-d1.f1.-r2.r1.d1.r0.-d1.r2.-r1
118,-d0.f1.-r0.-r0.f0.-r0.f0.-d2.r0.f0.f2.d0.-r0.-f2.d0.-f0.-f0.d2.r2.r2.-f0.-f0.-d2.d0.-f0.-f0.r2.r2.-r1.r2.-f1.r1.f1.-r2.d1.f1.-d1.-f1
119,d2.d2.r0.-d0.-r2.-f2.d2.f1.f0.d0.f0.r0.r0.-d0.-r0.f2.-r0.d2.r0.-f2.-r0.d2.r0.f2.-r0
120,-r0.-d0.r2.-d0.f2.-r2.f2.-d0.-f0.-d1.f0.-d1.f2.d1.-r2.d1.r2.-d1.-r2.f0.r2.d2.-r1.f0.-d1.-f0.d1.-f0
121,-d0.r2.f0.d2.-r0.f2.-f0.r1.r1.-f1.-d2.-r1.-r0.-d0.-r0.-d1.-f1.-f1.d2.d1.r0.d0.-f1.d1.f2.-d1.-f2.-d1.f1
122,d2.-d0.f2.f0.d1.f2.-d2.-f0.-d1.d0.f0.f0.-d0.r1.f1.d2.-f1.d0.r0.r1.d0.-r1.-d0.-r1.f1.f1.r1.f1
123,f0.f2.r0.-f0.-r2.-d2.-f2.-r2.f2.f2.r2.-d2.f2.f2.-d0.-d0.-f0.-f0.d0.r2.r2.-f0.-f0.r2.r2.-f0.r1.f1.-r1.-f1.f0.f0.f1.-d1.-f1.d1.-f0
124,f0.d0.r1.d0.-f0.r2.-d2.-r0.d2.-f0.r0.f0.f0.-r0.-d2.f2.d2.f1.-r1.-f1.r0.-f1.d2.-r1.-d2.-f2.-r0.f2.r1.-f2.r0.f2
125,r0.d2.-f0.f2.f2.-r0.d0.-f0.r2.d0.f2.f2.d0.r0.f2.f2.d2.-r0.-r0.-d0.-f0.-f0.d2.d2.r2.r2.d0.-r0.-r0.-f0.-f0.d0.f1.-r1.-f1.r1.-d0
126,-d0.-f2.r1.-f1.r2.-d1.r2.-f0.d0.r2.f0.d0.r0.-d0.r1.-f0.-d0.f0.-r2.-f0.d0.f0.-r1.f2.-f0.d1.-f0.-d1.-f2.f0
127,-r2.-f0.d0.-f2.r1.d0.r2.f2.r1.d2.-r0.f2.-r1.-f2.d2.f0.f1.-r0.d1.-r2.-d1.r0.-f1.-d2.-r1.d2.r1.-f1.-r1.-d2.r1
128,-f0.d2.-r1.-d1.-f2.-f0.-d0.-f0.r2.r2.-f0.r2.f2.f2.-r1.-d2.f2.f2.d2.-f2.-r0.-d0.f2.r1.r0.d2.-f2.-r2.-d0.r2.d0.f2
129,r2.f1.f1.-r1.r2.-d2.f2.-r0.-r0.d2.d2.r0.f0.d2.d2.-d0.r2.r2.f0.-d0.-d0.f2.f2.-d2.-r0.-r0.d0.f2.f2.-r0.-r0.f2.f2.d1.r1.-f1.-d1.f1.f1.-r1.-f1
130,f2.r0.d2.r2.-f0.-d0.-r0.f2.f2.-r2.f2.d2.r0.f2.-r1.-f2.r0.f1.f0.-d1.-r2.-f2.r2.f2.-d2.-d1.f0.d1.-f2.-d1.-f0.d1
131,f0.d0.-d2.f0.f2.f2.d0.f0.-r0.-f2.-r0.d0.f0.r2.d2.d2.f2.f2.-d2.d0.-f0.-f0.-d0.r2.r2.-f0.-f0.f2.f2.r2.d1.-f1.-d1.f1.-r2.-r1.f1.r1.-f1
132,-d0.-r2.-f2.-r0.d2.r0.-d0.-f1.r1.-d2.r0.d2.f1.d2.r2.r2.-f1.d2.-r1.-d2.-f2.-d2.-f0.d2.d2.-f2.d2.f0.-d2.f2
133,-f2.d0.f2.-f0.-d1.r0.f2.r0.-f1.-r1.f2.f2.r1.-f2.f1.-d1.f0.-r0.-f0.d2.d2.d0.-f0.-d0.f0
134,d0.f1.d1.r0.d1.d0.-f1.-d0.-r1.d0.-f1.-r2.-f2.-d2.f2.r2.-d0.-f0.-r2.d0.f2.f2.d1.d0.r0.-d0.-r2.d0.-r0.-d0
135,d1.-r2.-r0.d2.-d0.r0.f0.d0.-r0.f1.-r0.f0.d0.-r2.f1.-d0.r2.-d0.-f0.-d0.-r2.-r1.f0.r1.d1.-f2.-r1.f2.-d1
136,f1.d0.-f0.-d1.r0.f1.-r1.-d2.-f0.-d0.-f2.-f0.-d0.-r1.-f1.r1.-d2.-r0.f2.-d1.-f2.r0.d2.r2
137,f1.-d2.r1.f2.f1.-f0.d0.-r0.-d2.r2.-r1.f1.-r2.r1.f2.r2.d0.r0.-d0.r2.r2.-f0.r2.-f1.r2.-f2.-r2.-d0.f1
138,r1.d2.r2.d1.f0.-d2.-f2.-r0.-d2.-f0.r0.f2.-f1.r2.-f1.d2.f2.f1.d2.-r2.-d0.r2.-d2.-r2.-d2.d0
139,r0.f0.-r1.-f0.-d0.-f2.d0.-f2.-r2.d0.f2.f2.d2.-r2.-d0.-f0.-f0.-r0.-r0.d0.-f0.-f0.d2.-f0.-f0.-r0.-r0.-f0.-f0.f2.-r1.d1.r1.-d1.f2.f1.-d1.-f1.d1
140,d2.r2.d0.-r0.-d2.d1.-f1.r2.d0.f0.r2.d0.r2.f2.r0.r0.-f2.-r0.f2.r2.-f2.-r0.-f2.-r2.-f0.r2.d0.-f2.-r2.f0
141,-d2.-r0.-d2.-r0.-f0.-d0.-r2.f2.-d0.-d0.r0.d2.-d0.-d0.-r0.d2.d0.r2.r2.d0.-f0.-f0.f2.f2.r2.r2.f2.f2.-d2.f2.f2.r1.f1.d1.-r1.-f1.-d1
142,r1.d2.r0.-f2.f0.d1.f1.f0.-d2.-f1.-r0.-f2.-r1.r0.-d1.-f2.-r0.f2.d1.-f2.r2.r1.d2.f1.-d2.r1.d2.-r1
143,f2.d0.r0.f0.d2.-r0.-f0.r2.r2.f0.-r2.-f0.r0.f2.d2.-r0.-r0.d2.d2.r2.r2.-f0.-f0.r2.r2.d0.-f0.-f0.-d2.r2.r2.r0.f1.-r0.-r2.d1.r2
144,-r2.d2.d1.f1.r0.d2.-f2.r2.-f0.-f0.-r0.d2.f2.f2.d1.-f2.r2.r1.f2.d1.-f2.-d1.f2.-d1.f2.f2.-r2.-r1
145,-f0.-d2.d1.r0.-d0.-r2.-d2.-r2.r0.-f1.f2.-r2.-f0.r2.-f0.-d0.f2.-f1.d2.-f2.f1.-d1.f2.d0.-f1.-d2.f1.-d0.-f2
146,d2.r2.d2.-f0.d0.r2.f2.r1.-d0.r2.r2.d2.-f2.r2.-d1.r2.-r1.-d1.r0.d1.r2.r2.-r0.f1
147,-d2.r1.f0.-r1.-f2.-d2.r2.-r0.f0.r0.d0.r0.r0.f0.-r1.f0.r1.d0.r1.r0.-d0.r2.d1.-d2.-d0.f0.d0.-f0.-r0
148,f0.d2.-f0.d0.r2.d2.f0.d0.-d1.r2.-r0.f0.-d2.d1.d0.-r2.-f2.r2.f2.d2.d0.f2.-d0.r2.-d2.f1.d2.-r2.-d2.-f1
149,-d0.r0.-f0.r0.d0.-f0.d0.f2.r0.-f0.d2.r0.r2.d0.f2.f2.d2.f2.f2.r2.r2.d2.f2.f2.d2.-r0.-r0.r2.r2.-r1.-d1.-f1.d1.r1.f1
150,r0.f2.-r2.-d0.f0.-r0.f2.-r0.-d0.f2.f1.d1.-r1.-r0.-f1.d2.f2.f2.d1.f2.-r0.-d2.r1.d2.r0.-d2.-r1.f1
151,r2.-r1.-f1.-d0.r1.d2.-f0.r0.f2.f2.-d0.-f2.r0.d0.f0.r0.-f2.f0.d2.-f0.-d2.f2.-d0.-f0.-r0
152,-f0.-r2.-f0.-d1.r0.r0.-f0.-r2.d2.r2.f0.d0.f1.r0.-d0.r0.-f2.-r0.f2.r1.-f2.-d2.-r1.-f1.d2.d0.-r1.f1
153,-r2.d0.-f1.-r1.f0.d0.d0.-r2.-d1.-r2.f0.r1.-r0.-f2.-d1.d0.-f1.d1.-d0.r0.-d2.-r0.-d2.r1.d2.r0.-f0
154,r0.d2.-d0.-f2.-d2.r0.r2.r2.-d0.-d0.-r0.d0.f0.r2.f0.-d2.-r0.-r0.r2.r2.d2.d2.f2.f2.-d2.-f0.-f0.f2.f2.-d2.-f0.-f0.f1.r1.-f1.d1.-r1.-d1
155,d1.r2.f2.-d2.-r2.-d0.r2.-f2.-r0.d2.-d0.f0.-d2.d1.-f2.r1.d1.-f0.-d0.-r1.d0.f0.-d2.-d0.f1.d2.-f1.r1.f1
156,-r0.d1.-r1.d1.-r1.-d0.-r0.-f1.r1.f2.-f0.-f1.-d1.r0.-f2.-r0.f2.f1.-d0.-f0.d0.-f1.-f1.-d2.f1.-d0.-f1.d1
157,-r1.d0.r2.d2.r0.f2.d0.-f0.d1.f1.f0.-d2.-f0.-d0.-f1.r0.-d1.-f2.d0.-r1.-d0.-f0.-d1.f0.d1.f2.f0
158,-f0.r1.-d2.r0.f2.-d2.f2.-r1.-f0.-r1.-f2.-d1.d0.-f2.-r2.-r0.-d0.r0.-d0.f2.-r1.d0.f1.-d0.-r0.f0.r0.-f1.-r0.-f0
159,-d2.-r0.-d2.f0.-d0.-f0.r2.d2.r0.-f0.d1.f0.-d0.r0.r0.d0.r0.f0.r0.r0.f1.-r1.f2.d2.-f2.r1.-f1.-r1.f2
160,-d0.-f2.f1.d1.f1.d0.-r1.-d0.f2.d0.f0.d0.f2.-d0.-r0.-d1.-f2.-d2.f2.-r2.-d2.r2.-d0.f0.d0.-f0.d0.d1.-r2.-d0.r2.-f0
161,f2.f2.f1.r1.r1.r0.-r2.f2.f2.-r0.-r0.-r2.-d2.d0.r2.-d0.-d0.r2.-f2.d2.d0.f2.f2.-r0.-r0.f2.f2.-d2.r2.r2.-f0.-f0.d0.f2.f2
162,f2.-r0.-d1.r2.-d0.-d0.f2.r0.f2.r2.r2.d2.f0.-r0.d0.-r0.d0.r2.r2.-d2.-d0.f2.f2.d2.-r0.-r0.r2.r2.d2.d2.d0.r1.-d0.-d2.f1.d2.-r1.f1.r1.-f1
163,f0.d1.-d0.f0.-r0.f0.d0.-r0.d2.f2.f2.d0.f2.-r0.-d2.-f0.-f0.d2.r2.r2.-d2.-r0.-r0.d2.-r0.-r0.-d2.-r0.d1.r1.-d1.-r1.r0.r0.-d1.-f1.d1.f1.-r0
164,d0.f0.-d1.r2.d2.-f1.-d1.-r0.d2.-f2.-r0.d0.r0.-f2.d0.r2.-r1.-r0.-d0.-f0.d0.f0.d0.-r2.f0.r2.-f2.-r2.-f0.r2.f2.f0
165,d1.r1.f2.-d2.f1.r0.-d0.r2.f2.d1.r0.f0.r0.d2.-r0.d2.-f0.d1.f1.f0.r0.r0.d2.r2.-d2.r0.r0.d2.-r2
166,r2.f0.d2.-f1.r0.-d0.-d0.f0.d1.d0.r1.d0.-r2.-d2.r2.d0.-r2.-f2.-d2.f2.d2.d2.-r1.-r0.-d2.f0
167,f2.r2.f1.r1.r1.d2.-r2.f2.f2.r0.d0.-r0.r2.r2.-f2.-d2.d0.f0.-d2.-f0.-f0.r2.r2.-d0.f2.f2.-d0.-d0.-f0.-f0.f2.f2.-d2.-d2.r1.d2.d0.-f1.-d0.-r1.-f1.r1.f1
168,-d1.-f1.d2.-f0.-r1.d1.f2.f2.d0.d0.r1.r2.f2.-r0.-f2.-f0.-r0.-r2.-d0.-r0.f2.-r2.d2.r0.-d2.r2
169,f1.r1.d0.-r0.-f2.r2.r2.-d1.d2.r1.-f2.r0.-f2.d0.f0.-d2.-f1.r0.f0.-r0.-f0.-d2.f0.d1.-f0.d2.d2.-d1.-f1.d1.f0.-d1.f1
170,-f2.d1.f2.-f0.d2.-f0.-d0.-f2.d2.-d0.f0.-d0.-r0.f0.r0.-f1.r2.f0.f0.-d1.-f0.-f2.-r1.-f0.r1.f2.-f0.-r2
171,-r0.-f1.r1.d1.r1.d1.-d2.f2.-r0.-d0.f0.-d0.r2.r2.r0.-d0.-f0.-d0.-f0.d0.f0.-d0.-f0.-r2.-f0.r2.-f0.-r2.f0
172,-r2.d1.-r2.r1.-d0.-f2.r2.d2.d1.f1.-f0.-r0.d0.-f2.-r0.f2.-r2.-r1.-f2.d0.f0.-d0.f2.-f0.r0.-d2
173,r0.-d2.d0.-f1.d1.r2.r2.-f0.r2.-r0.d0.-r2.f0.r2.-d0.f0.-d2.-r1.r0.f0.-r2.-r0.-f2.-d2.-r1.d2.r1.d2.-f1
174,f1.f0.r2.-d1.f0.r2.f2.-r2.-r2.-d1.f2.d1.-r0.d2.-d1.f2.f2.-r0.-d2.d0.-r0.d2.-r1.-f0.r0.f0.r1.r0
175,-f2.-d0.-r0.-d2.-d0.-r0.-r0.f0.-r0.-d0.-d0.-r0.-d0.r0.r2.r2.-f0.-f0.r2.r2.d2.-r0.-r0.d0.f2.f2.d0.-f2.r1.d1.-r1.-d1.f2.d0.f1.-d0.-d2.-r1.d2
176,r2.-f1.f0.f0.-r1.d2.-r1.-f2.r0.-f0.r1.f0.-d1.f0.d2.r2.d2.-r2.d1.r2.-d1.r2.-f0.r2.f0.-r2.-d2.-r2
177,-d0.-r0.-f0.-d0.f2.-r0.f0.d2.f2.f1.-f0.d2.d2.f2.r2.-f2.-d2.-r0.d2.-d1.f0.f2.r1.r0.d1.r0.-d1.f2.r1.-f2.-r0
178,-f2.r0.-d0.-r1.f0.r2.-r1.f2.-d2.-r2.-f2.-d1.-f1.r1.r1.d2.r2.-f2.-r2.f1.r2.d1.-f0.-d0.f0.-d1.-f0.d0.f2.f0
179,-d2.-r2.-f1.r0.d2.f2.r0.r0.f2.-d1.-r0.f1.f0.-d2.r0.r1.-f2.-f0.-r2.-f1.-r2.-d1.r0.d1.r2.r2.d2.-f0.-d2.-r2.-d0
180,d2.d2.r2.f2.r2.d2.d2.-r0.f2.f2.r0.d2.r2.f2.-d2.-r0.-r0.-f0.-f0.r2.r2.-d0.f2.f2.d0.-f0.-f0.d0.-f0.d1.-r1.-d1.r1.f0
181,-d0.-r2.r1.-d1.r2.d2.-f0.d2.-r2.-f2.-d1.f2.d2.-f0.-r0.f0.d2.-r2.r0.-f2.d0.r0.-d0.f2.r2.-r0.-d2
182,r2.-r0.-d0.-f2.-r0.d2.-r0.f2.-r0.-f2.-r0.-d0.r0.-d1.-r0.-f2.d0.f0.d1.d2.-f0.r2.-r0.f1.-r1.-f1.r0.f1.r1.-f0
183,-d2.-r1.-d1.-f1.-d0.r1.f0.d1.-r2.r0.-d1.-f0.f1.-r0.f2.r1.r0.-f2.-f1.r0.d0.f2.-r2.-f2.r0.f2.r2.-f2.-r0
184,d1.f2.-d2.f2.-f0.-d1.d0.-r0.-f2.-r0.d0.f0.-d2.f1.-r1.f2.-r2.-f2.r1.f2.f0.d2.-r2.-f0
185,f1.-r0.-f0.f2.r2.-f0.r0.-f0.r0.r2.-d2.r0.d2.d2.f2.f2.d2.-f0.-f0.-d2.-r0.-r0.-d0.-d0.f2.f2.r2.r2.-d2.-r0.f1.r1.-f1.r0.-r1.-d1.f1.-r1.d1.r1.-f1
186,-f2.d0.-r2.-d1.r0.-d2.d0.f0.d2.-r1.-r0.-f2.-r0.f1.d0.r0.-d0.f2.d2.d1.-f1.-d0.-f2.d0.d0.-f0.-d0.f1
187,-r2.d0.f2.-d2.d1.r0.-f0.r1.f0.r0.f2.r1.d0.r0.-d0.-r2.f1.-d1.f2.f0.-r0.-f0.d1.r0.-f1.-r2.-r0
188,-f2.r2.-d2.f2.f2.-d2.-r0.-f2.f0.-d1.-d0.r1.f1.d0.r2.f0.d1.r0.r0.f0.d1.-f0.-r0.-d0.-r2.f1.r2.d0
189,-d2.r1.f2.-d2.-f1.r1.-r0.d0.-f2.f0.-r1.f2.-r2.r1.-r0.d0.f0.-r2.r0.-d2.-r1.d2.r1.d2.-f2.-r2.f2.-r1.-f2.r2.f2
190,-d0.f1.d1.-d0.f1.-r0.f0.r1.-f2.-d0.-r1.-r1.f0.d2.f1.-r1.-d1.-r0.r1.-f1.r2.-d2.d0.-f1.-d1.r1.d1.f1.d2.-d0
191,d0.r2.-f2.r1.-d0.f2.-r2.d0.d2.f0.-r1.-f1.r1.-d0.-r1.d0.f1.r2.r1.f2.-d0.f2.d0.-f2.r2.r2.f1
192,-r1.-d0.f2.r2.-r1.f1.-f0.-r2.-f0.-r2.d2.-f1.-d2.f1.r0.d2.-r1.-r0.d2.-d0.r2.d1.-r1.-d1.-r2.-d2
193,d2.-r2.d1.-f0.-f0.-f2.d2.-r2.-d0.f2.-r0.-f0.f2.-d0.r2.-d0.r2.r2.-d0.-r0.-r0.-d0.f2.f2.-r0.-r0.d2.-f0.-f0.r0.r1.d1.-r1.-d1.-r0.-r1.f1.r1.-f1
194,-d2.r0.-d0.-r2.f0.-r2.-f1.d2.f2.-f0.r2.-d2.r1.d2.-f0.r0.-d1.r0.-d1.r0.r0.-d1.f2.r2
195,-f2.r2.d2.d2.-f0.-f0.-r0.-r0.-r2.-d2.-f0.-f0.-r0.d2.-f0.d0.-f2.-r0.-d2.-r0.-r0.d2.f2.f2.-d2.-f0.-f0.-d2.f2.f2.d0.-r0.-f1.-d1.f1.d1.-r0
196,d0.r2.d1.r2.-f0.-d1.f0.f0.-d0.-f0.-d1.r0.d2.-r1.-f0.r1.d1.f0.d2.-f1.-d2.-f0.-r1.f0.r1.-d0
197,r2.-r0.-f2.f1.r2.-f0.d0.-f0.-d0.-f0.r2.-f1.-d0.r0.-d2.d0.-r2.-d1.r0.d1.r2.-d1.-r0.d0.f2
198,-d2.-r1.-d2.r2.-f2.f0.-d0.-f2.d1.-r0.-d2.r0.-d1.-r1.-f1.-r2.f1.-r0.d2.r2.-r0.-f2.f1.-r0.-f1.r0.f2.f0
199,-f2.d2.-r2.-f1.-d0.r0.f0.f0.-r2.-f0.-f0.d0.d1.-f1.-d2.f1.-d1.-r2.d1.d1.f2.d1.-r2.-f2.r2.d1.-r2.f2.r2
200,d0.r0.d2.d2.-r0.-d2.f2.-r2.d2.r2.r2.-d0.f2.-d0.f0.-r2.-d2.-f0.-f0.-d0.-r0.-r0.d2.-d0.-d0.-r0.-r0.-f0.-f0.-d0.-r0.-r0.-r1.-f1.d1.f1.-d1.r1
201,f0.d0.f1.f1.r1.d0.-r2.-f0.-r0.f2.d2.d2.d0.r0.f2.d2.-f0.-f0.-r0.-r0.d0.-r0.-r0.r2.r2.-f0.-f0.r2.r2.f2.f2.-d0.-d0.r2.-d1.-r1.d1.-r2.d1.-f1.-d1.r1.f1
202,f2.-r1.-r0.d0.-r0.d2.f0.-r1.d0.-r0.d2.-f1.d2.f0.r1.f2.r1.d1.r2.-r1.d1.-r2.f2.d1.f1.-d1.-d0.-r1
203,d0.-f2.d1.r0.d0.-r2.d1.-r2.f0.f0.d1.-f1.f0.d2.-r2.d0.r2.-d2.-d0.f1.r0.f2.-d2.-r0.-d0.r0.d2.-r0.d0.r0.-f2
204,f0.-d0.r1.-r0.-d2.r2.-d1.-f0.d1.f1.d0.f0.-d2.-d2.-f2.d2.d2.-r2.f2.f0.-d2.-r2.d2.-d0.-r2.f0.-d0.-f0
205,-d0.-f2.-r0.-f2.-r1.-d2.-r1.-d2.f1.r0.d0.-r0.-f0.-d1.-f1.-f2.-f1.-r0.f1.f0.-r1.-d0.-r0.r1.-f1.r0.f0.-r0.f1.r0.-f0
206,f0.-d0.f0.-d0.r0.-d2.-f1.r2.-r1.-d0.-r2.-d2.f0.r0.-f2.-r0.-f0.r2.d0.r0.d2.-f2.-d2.f2.d1.-f2.-d1.-r0
207,r1.f2.-r2.-f1.f0.d2.r0.f0.f0.f1.r0.r0.-d2.r1.d2.-r0.-d2.d1.r0.-d2.-f0.-r2.f1.d0.-r1.-d0.-r1.-f1.r2.f1.r1
208,-r0.-r0.-r2.f0.r0.d2.-r2.f2.f2.-d2.d0.f2.-r2.-d2.d0.r2.r2.-f0.-f0.-d2.f2.f2.d2.d2.-r0.-r0.f1.f1.d1.-f1.-d1.-f1.-f0.-f1.r1.f1.-r1.f0
209,r2.f2.d0.r0.-f0.-r1.f2.-d2.r2.-f1.-d2.-d1.f1.-d2.r2.r0.-f1.d1.-d0.r0.-f2.r0.f2.-r0.-f0.d2.-r0.-d2.f0
210,-r2.f0.d0.r2.-r1.f2.d2.-r1.f2.f2.f0.f0.d2.-f0.f1.-r1.f2.r1.r0.-f0.-r0.f0.d2.d2.-f1.-f0.-r0.f0
211,-f0.f1.f1.-r1.r2.-d2.f0.-d2.-d0.r0.r2.f0.-r0.-f0.-f0.r0.-d0.-f0.-f0.r2.r2.-d2.-f0.-f0.f2.f2.d0.r2.r2.d2.r1.d2.d0.-f1.-d0.f0.-r1.-f1.r1.f1.-f0
212,-f1.d0.-r2.-f0.r0.-d1.-r2.-f2.-r0.f2.f2.r2.d2.-r0.-d1.-f2.f0.-r2.-d2.-d0.-f2.d2.f2.-r2.d0.r2.r2.-f0
213,d2.f0.-r1.d2.-f0.d0.r1.-f0.r2.-r0.f1.d0.f1.r0.f1.d2.-r2.d1.r1.-d0.-r1.-d1.r1.-d2.d0.-r0.d2
214,-d2.-r2.-f1.-r1.-f1.-d2.d0.-r2.-d0.-r0.r2.f0.-r2.d0.r2.-f2.-d0.-f1.d2.-d1.r2.-f0.r0.r0.-f2.r0.f2.r0.-d2.f0
215,f1.r2.-d2.f1.r2.d2.d1.-f2.d2.f0.-r0.-f1.-f0.d1.-f2.r2.-f1.d1.r1.d0.r1.-f1.r1.-d1.f1.r1.-f0
216,-r2.d2.d2.-f0.d2.-d0.-r0.-f2.r2.-d2.r0.-r2.-d2.f0.d2.d2.-r0.-r0.d0.-r0.-r0.-f0.-f0.-d2.-f0.-f0.-r0.-r0.d2.d2.-f0.-f0.r2.f1.-r1.-f1.-r2.r1
217,-f0.-d0.f0.-d1.r0.-f1.d2.-r2.f0.-d2.r1.d2.-f2.d1.-f2.d2.-f2.-d1.f2.-r2.-f2.-r2.f2.r2.-d2
218,-r2.d0.r0.-f0.r2.f1.-r0.-d2.r0.d2.-r2.f1.d0.f2.-r0.f0.-d1.r0.d1.f0.f0.-d0.r0.d0.f0.-r0.-f0.-r2
219,-d0.r1.f1.d2.r1.d2.-f2.d2.-f0.-r1.f2.-d1.-f2.d1.f2.f1.f1.d0.r2.r2.-d0.r2.r0.-f2.-r0
220,-r0.-f1.-d0.f2.-d1.d0.-f0.-r2.d1.d0.f2.-r2.-f2.r2.d2.-r1.d2.-f1.d2.f1.f2.-d2.-d1.f0.-r2.-f0.d1.f0.-r2.-f0
221,f0.f0.r0.r2.-d0.-d0.f2.r2.-f2.r0.f0.-r0.-r0.-f2.r2.r2.d2.-r0.-r0.r2.r2.-d0.-r0.-r0.d2.-d0.-d0.r1.-r2.d1.-r1.-d1.r2.-r1.f1.r1.-f1
222,-r1.-f2.d0.-r1.r0.-d1.f1.-r1.d2.-r2.-d0.r2.d2.d2.-r2.r1.f2.d2.f2.-r0.-d2.r0.f2.f2.r2.-f0
223,f0.r0.d2.d0.-f1.r2.d0.-f2.-d1.-f1.d2.f1.r0.f2.r1.d2.r2.-r1.-f1.d2.-r0.-d2.-r2.-f2.-d2.r0.d2
224,-f2.f0.-r0.-d2.r0.-r2.d2.-r2.-d1.r0.-d2.-f2.r1.-f2.-r1.d0.f1.f1.-r2.-d2.f2.d2.r2.f1.f1.-f0
225,-f0.r0.f1.-d0.-f0.-d0.-f2.r0.f0.d2.d2.r1.r0.-d2.-r0.f0.-r1.f2.-d1.f0.f0.-d1.-f2.f1.-r1.-f1.-f0
226,r0.-f0.-d2.-r2.-d1.r2.-f2.f0.r1.r0.f2.-r2.-f1.d1.-f1.-d1.d0.f1.-d1.-r0.d1.-r2.-d1.r0.d1.d1.f2.-d1
227,-d2.-d0.-r1.f2.r0.-d0.-f2.-f1.-d0.-f2.r1.d2.-d0.-d0.f0.-d2.d0.r2.f2.-d2.-f2.d0.-r0.f2.d2.r0.-f2
228,r2.f2.-d1.-r1.f0.-r1.r0.d1.r1.-f1.f2.d2.d2.f2.d2.-r1.-r0.f2.-d0.-f0.-r0.f1.-d2.f1.d2.-f1.r0.-f1
229,f2.f2.-f0.d2.-f0.-f0.d0.r0.d2.d0.f2.f2.d2.f0.-r2.d2.r2.r2.-f0.-f0.-d2.f2.f2.d2.-d0.r2.r2.-f0.-f0.-r0.-d1.-f1.d1.f1.r0.r1.f1.-r1.-f1
230,-r2.-f2.-r0.f1.-r1.-f0.r2.-f2.-r1.r0.-d1.d0.f2.r2.-f2.d0.-r2.-d0.r2.d1.-f2.-d0.-f2.r0.f2.r2.-f2.-r0
231,-f2.f1.-d0.-f2.r0.d2.d2.f2.-f0.-r2.-f1.f0.d0.-r2.-d0.f2.f2.d1.d1.f0.d1.-f0.-d1.-f2.-f0
232,f0.-d1.-f2.-r1.r0.d1.r2.-f1.r0.f2.f2.r1.f0.-r1.-d0.-f0.-r2.d2.r2.r2.f2.r2.-f2.r2.r2.f0.r2.r2
233,r2.-r0.f2.d0.-d1.r1.-d1.r1.d1.f2.-f1.r2.-r0.d2.r0.r0.-d2.-r2.r0.-f0.d0.d0.-f0.d0.-r0.-d0.r0.f0.-r0
234,-r1.d2.f0.-r1.d0.r0.d0.-f1.r2.-d2.-f2.-r1.-r2.-f1.f0.-r0.f2.r0.d2.f0.-r1.-f0.r0.f0.-r2.r1.-f2.-d2.f2.r2
235,d0.-f0.r2.f2.-r0.f0.d1.r0.f1.-r1.f2.r0.-r2.d0.r2.r2.d1.f1.-d1.f0.d0.f0.-r2.-d2.r2.r0.-f0.-d0.-r0
236,d2.-f1.-d0.-f1.d1.-r2.d0.-r0.d0.r0.f1.r1.d2.r1.-d2.-r1.-r0.f2.d0.-f2.-d1.-r2.-d0.r2.d1.-r2.d0.r2
237,-f0.-d1.f1.r2.-d2.-r0.-d2.-d1.-r2.-f2.-r2.f2.-r2.-d2.r2.d2.f1.r1.f2.r2.r0.f2.d2.-f2.-d2.-f2.-r0
238,f0.d1.-f2.-d2.f0.r1.d1.-r2.-f0.-d0.-r1.d0.-f1.-d2.-r2.-d2.-r2.-f0.d2.r1.f0.-r1.d1.r1.-f0.-r1.f0.-d1
239,-f0.-d2.f2.-r2.r1.d0.-f1.r0.-r1.r0.-f0.r1.-f1.f0.d0.f0.f0.-d1.-r0.-f2.r0.-f0.-r0.f2.r0.d1.-f0
240,r2.-d1.r1.-f0.-d0.-r0.-f2.-d1.-r0.-f0.-r2.-d2.r2.-f0.d2.-f0.-r0.f0.d2.d2.-r2.r0.-f0.-r0.f0.r2.f0.-d1
241,f0.r2.-f1.-d2.-d1.-f2.-d0.-r1.f1.f0.-d0.r0.d0.r2.-r0.f2.r2.-d1.r1.-d2.-r1.d1.-r2.-d0.-r2
242,r1.-r0.-d2.-f0.-r2.f2.-r1.-f1.-r0.d0.r2.-f1.-d0.-f2.r0.f0.-r0.-f2.f1.-f0.-r0.-d0.r0.f2.f2.r2.f2.-r2
243,-f0.-r1.r0.d2.-f1.r0.d1.-d0.-r2.-d0.f1.-d0.-f1.-r0.d0.-f0.r2.d2.-r2.d1.-r0.f1.d0.-f1.-d1.r2.d1.-r2.d1.-d0.-r1.-d0.r1.-d1.-r1.d0.r1
244,-f2.-d2.-f2.-r2.d0.r0.d2.-r0.-f1.d2.-d1.-r2.-d1.r1.f2.-d1.-f2.-d1.-d1.f2.d1.-f2.r0.-d2
245,f1.-d0.-f0.d1.-r0.d0.r1.-r0.-f1.-d2.r1.-d0.-f2.d0.-r2.f1.-r0.-d0.-f1.-r1.-f1.d2.r1.d0.-r1.-d2.-d0
246,f2.-r2.f1.-r0.d2.d2.-r2.f2.f2.-r2.-f2.r0.-d0.-d0.f2.-d2.-f2.-d0.-f0.-f0.d2.d2.-f0.-f0.-r0.-r0.-d2.-r0.-r0.-d0.f2.f2.r2.r2.r1.-f1.-d1.f1.d1.f1.-r1.-f1
247,d1.d1.-f2.f0.d2.f0.r1.d2.-r0.-f2.-d2.f0.f0.d2.-f0.-r0.f0.-d2.-r2.-d2.f0.d2.-f2.r0.d2.-r0.d2.f2.d2
248,r2.r2.f0.-d2.r2.-r0.-d1.-d2.-r0.-r1.f1.r2.r2.-f2.r2.r1.d2.-d0.f2.-d0.f0.d2.-f0.-d2.d0.-r2.-r1.-f0.-r1.f0.r2.-f0.r1.f0
249,r0.f0.-d0.-r2.f2.-r0.-r0.-d0.-d0.-r2.d0.r0.-r2.f0.r2.d0.f2.f2.-d2.f2.f2.d2.d2.f2.f2.r2.r2.-d2.f2.f2.-d2.r1.-f1.-f1.-r1.-f1.-f1
250,d2.r2.-r1.f0.d0.r1.-f0.-d2.f0.-d1.f2.-d1.f1.-d0.-f1.d2.-f2.f0.-r2.r0.f2.-r0.d0.-r0.-d0.r0
251,-r2.d2.-f1.d0.f0.-d0.-d0.f2.f2.r2.d2.-d0.-d0.-f0.-d2.r0.-d2.-f0.-f0.-d2.-r0.-r0.-d2.-r0.-r0.-f0.-f0.-d0.-f0.-f0.-d0.-f2.d1.f1.-d1.f2.-f1.-r1.-f1.r1.f1
252,r0.-d0.f0.-d0.-f2.f1.r2.f0.d0.r2.r0.d0.-f2.f1.d0.r1.-d0.-r1.d0.-r2.-r1.f0.-d2.f1.-d0.-f2.d0.-f1.-d0.-f1
253,d1.-r0.f2.-f0.d2.-f2.-r0.-f0.-r2.-f1.-r2.-d0.f0.-d2.f1.d2.-f1.d2.-f0.d0.f2.r1.-d1.-f2.r2.f2.-r2.d1.-r1
254,f2.-f1.r0.f1.r0.-f2.d2.r0.-d0.f2.-r0.-d2.r0.r0.-f2.-r0.d0.-r2.f0.r2.r0.-d0.f2.-r0.-f0.-d0
255,f1.d2.r1.r0.r1.f0.d0.f2.-d1.-d0.f0.-d0.-d0.f1.-d1.f2.d0.-f2.r1.r0.-f1.-r0.f2.-r2.-d1.f0.d1.-f2.-d1.-f0.d1
256,-d1.-f1.d1.-f2.f0.-d1.d0.f2.-f0.-d0.r2.r0.-d0.-f2.d0.f2.-d2.f2.r1.d2.-f1.-f0.r0.-d1.-r0.d0.f0.r0
257,-r2.d0.-f2.-d2.f2.f2.r2.r2.r1.d0.f0.d0.r1.d0.-r1.-d0.-r1.d0.r1.d0.-r1.d0.d0.-f2.-r1
258,-r2.f0.-d1.f2.-f1.-r2.d0.r0.-f2.-d2.-d1.-r2.-d2.r2.r0.r0.-d2.f0.-r0.-f1.r0.f1.d2.d1.-f0.-d0.f0.-d1.-f0.d0
259,-d0.r2.d2.f1.-r2.-d1.-f0.d0.r1.r2.-d0.-r2.-f2.d0.-f0.-r1.d2.f2.f0.r0.f1.-r2.r1.-d2.-r1
260,-d2.f1.-d2.f1.-f0.-d2.-f0.-r2.-d2.r2.-f0.d1.r2.d2.-r1.d1.f2.-d1.-d0.-r2.f1.r2.-f1.r2.r2.-f1.-r2.f1.r2.r2
261,-d0.-f0.d2.d2.-r2.-f2.r0.-r2.f2.f2.-d0.f0.-d2.f0.-d0.-d0.r2.r2.d0.-f0.-f0.-d2.f2.f2.d0.-f0.-f0.-d0.-d0.f2.f2.r2.-f1.-r1.f1.-r2.r1
262,r2.-f0.d0.r0.-f0.-d2.-f2.d2.-f0.r2.r2.f2.-r0.d1.f2.d2.-d1.r0.f0.d0.-r1.-d0.r1.-d0.-f2.-f0
263,f2.f2.f1.f1.-d1.-d0.-f0.-f0.-d2.-r0.-r0.-r2.d2.r0.r2.-f0.r0.r2.r2.-d0.r2.r2.d2.f2.f2.r2.r2.d0.r2.r2.d2.f0.f1.r1.-f1.-r1.-f0.r1.f1.-r1.-f1
264,f0.r1.f0.r2.-f0.d2.-r2.-f2.r0.f2.d2.r2.f2.-d0.-d0.f2.f2.r2.r2.-f0.-f0.d2.-r0.-r0.-d2.d0.-f0.-f0.d0.-r1.-d1.r1.-d0.d1.r1.f1.-r1.-f1
265,-d0.f1.-d1.-r1.-r0.f0.-d2.d1.r0.-d2.-f2.-r2.r0.d2.-r0.d2.-r1.-r0.-d0.-f2.-r2.d0.d0.r2.-d0.f2.-d0.-f0.-d0.-f2.-d0.r2.d0.d0.-r2
266,d1.f1.r0.d2.r1.-f2.d2.-d1.-r0.d1.r0.-d1.r1.-d2.r2.-d2.r0.-d0.-r0.-d2.r0.d0.-r0.-d2.r0.-f2
267,-r2.-d2.-r0.-r0.-f2.r0.-f0.-d0.-r0.-d2.-f0.r2.-f0.-r0.f2.f2.d0.r2.r2.-d0.-d0.-r0.-r0.-d0.-f0.-f0.d0.-r0.-r0.f2.f2.-f1.r1.-d1.-r1.f1.d1
268,-r2.-f0.d2.-f2.d2.-f0.r0.f1.d1.f1.-d1.r1.-f1.-d0.f2.-f0.f1.r0.f0.d0.-f0.-f0.r1.f0.d0.-f0.-r1.f0
269,f0.f0.d1.r0.-r2.-d0.-d0.-f0.-r0.-f0.-f0.-r0.-r0.-f2.d2.-r0.-f0.-f0.r2.r2.-d0.-f0.-f0.d0.r2.r2.d2.-d0.-d0.f2.-r1.d1.r1.-d1.-f2.f1.-d1.-f1.d1
270,-r1.d2.f1.r0.-d0.d2.-r0.-d1.-f1.d0.r1.r1.-r0.-d0.f0.-r1.-d0.r1.d0.-f0.-d0.r1.r1.d0.-r2.d2
271,-f0.r2.d2.f2.d2.-f1.r0.-d2.r1.d2.-f2.-d0.r0.d1.-f1.d1.f1.-d1.-r2.d1.r2.f1.-d1
272,-r2.-d0.-r2.-d1.-f1.d0.-f2.r2.-d1.-r2.-d1.r0.d1.f0.-r2.-f0.-d1.d0.r0.d1.-d0.f0.d0.-r0.-d0.-r0
273,-f0.d2.d2.r2.f2.f2.d2.d0.-f2.-r0.-d2.d0.-f0.r0.-f0.-f0.-d0.-r0.-r0.-d0.-f0.-f0.-r0.-r0.r2.r2.-d0.-d0.-r0.-r0.-d0.r1.f1.d1.-r1.-d1.-f1
274,-d2.-f0.r2.-d2.-r1.-r0.f0.-d2.r0.-f0.-r0.d0.r0.d2.r0.r0.-d0.r0.f1.r2.-r0.d0.r0.-d0.-r2.-f1
275,-f1.-r2.-d2.r0.f1.r2.-d0.-r0.f2.-d2.-f2.-d2.-f2.-r0.-d2.f0.d2.-r2.f2.r2.-f0.-r2.-f2.-r1.f0
276,f2.-r2.-r1.-f0.d1.r0.f2.r0.f2.f2.-r0.-d2.-f2.r0.f2.d2.-r1.f1.-r2.-f1.r2.-f1.-r1.-r2.-d1.-r1.d1.f1
277,f0.-f2.f1.r1.r1.-d0.r2.-d2.-r0.d0.r0.f0.f2.f2.d0.r0.d2.d2.r2.r2.-d0.-f0.-f0.d2.d2.-r0.-r0.d0.-f0.-f0.d2.-r2.-f1.r1.f1.r2.-r1.f0.f1.-d1.-f1.d1.-f0
278,d1.-r2.f0.-r0.d2.f1.-d1.-r2.-f2.-r0.-r0.f2.r0.d0.r2.-f1.r0.f1.-r2.f0.r1.-f0.-r2.-d0.-r2.-r1.f0.-r1.-f0.r2.r1.d0
279,-f2.f1.-r0.d2.-f0.r1.-f0.r1.-d0.-f2.-r0.f0.d0.-f0.-d1.-r1.f0.d1.f2.r1.d1.-f2.d1.-f0.-d1
280,f1.f1.-r1.d2.-d0.-r0.f0.r2.-f0.-f0.-r0.d2.d0.-f0.-r0.-d2.f2.f2.-d2.d0.-f0.-f0.-r0.-r0.f2.f2.r2.r2.d2.d2.-r0.-r0.d0.-r1.f1.r1.-f1.-d0.-d1.-f1.d1.f1
281,-r1.-d1.f2.d2.-f1.-r0.-r1.d2.r1.-r0.f0.r2.d0.-f2.-r2.-f1.-r2.-f1.-r1.f1.-r0.d2.r2.-d2.-r1.d2.r1
282,-f0.r2.d0.f1.-d2.d0.f1.r1.d1.f0.-d2.d1.r2.-d1.d0.-f1.d2.f2.-d2.-f2.f1.r2.-f0.r0.f0.-r2.-f0.-r0.f0.-d0
283,-r2.d1.-d0.f2.r2.d2.-d1.r1.-f2.r1.-d2.r2.-d2.-r2.-d2.d1.f0.r0.-f0.-r1.r0.r0.-f0.r0.-d2.-r0.f0.-r2.f2
284,-d2.r1.-f2.-r1.-f1.f0.r0.-d2.f1.-r1.-r0.-f1.-d2.d0.-f2.d2.f2.-d0.r1.d1.d0.-f2.-d1.f2.-r1.d2.d0.f1.-d0.-f1
285,f0.r1.r1.-f1.d0.-r2.-f2.-f0.-d0.-r2.-d2.r1.d0.-f0.-d0.f0.r2.-f2.r0.f2.d0.-f2.-r0.f2.-f0
286,d2.r2.f1.d2.r0.-d0.f2.-r2.-f0.d0.-f2.r2.-d2.f2.r2.f1.r1.-d0.-r1.f2.-r0.f0.r0.-f1.-d2.-f2
287,r0.-f0.-r1.-d2.f2.-r2.-d2.-r1.f2.d0.-r1.f0.-d0.-f1.d2.-d1.f1.-d2.r0.-f1.-d0.-r1.d0.-r1.f1.f1.r1
288,f1.-d1.-f1.r0.f0.r0.f1.r0.f0.-d2.-r2.-d2.-f1.d2.d2.-r2.r1.f2.r2.f1.-r1.f0.-r2.-f0.r1.f0
289,d0.-r2.-f0.-d2.-r1.f1.f1.r2.d2.r2.-f1.-r2.d0.-r2.f2.-r2.-f1.-f0.d2.-f2.-d2.f0.r1.f1.r2.-f1.r2.-r1.r0
290,-d0.-r1.-f0.d0.-f2.f0.d0.d0.r2.-d0.-f1.d0.-f1.f2.f0.d2.-d0.r2.d1.r1.-f2.-d2.-r2.-d1.r2.d2.-r2.-d2.-d0.-f0
291,f0.-r1.-d1.r2.d2.-r0.f1.r1.-r0.-d0.-r2.-d1.-d2.-d0.r2.-r1.f2.-r2.-f2.r1.r0.f2.-r0.f1.r0.-f2.-f0
292,-d1.-d0.-f1.r0.f0.-f1.r2.-d2.d0.-r1.d0.-r1.-d0.-d0.-d1.r0.-d2.d0.-f1.-f0.-d2.f0.d2.-r2.-f2.r2.f0.-r2.f2.r2.-f2.-f0
293,f0.-r0.-r0.f0.-f2.-r0.r2.r2.-f2.d0.r2.d2.d2.f2.f2.r2.d2.d0.-r0.-r0.r2.r2.d2.f2.f2.d0.-r0.-r0.d0.f2.f2.d0.-r1.-d1.r1.-d0.d1.r1.-d1.-r1.d1
294,-r0.-f2.-d2.-r1.-f2.-d0.-r1.-f0.r0.f0.-r2.f0.d2.-r1.-r0.f1.-d2.r0.-f0.d2.d0.f0.d0.-f0.-d0.-f0.-d0.-f0
295,f2.r0.d0.r0.f2.-d2.r2.-f1.d2.r0.r1.d1.f2.-r1.-d0.f2.r2.-f2.-f1.r2.f1.-r2.-d2.-f1.r1.-d1.-r1.f1.r1.r0.-d1.-r0.d1.-r1.-r1.-d1.r0.d1.r1
296,-r0.-d2.d1.f0.-r2.f1.-d0.-f1.-r2.-r1.d2.r1.f1.-r1.-f1.d2.-f2.f1.d1.f1.r2.-d0.-r2.-f1.d0.r1.-d0.-r1.-r0.f0
297,-r0.f2.d1.-f0.d1.r1.-d2.r2.-f1.-r0.-d2.-f2.d0.-r2.-f2.r2.d1.-r2.f2.r2.r0.d1.f1.-d0.-f1.-d1.-r1
298,r2.r2.-d0.-r1.d2.f0.-d2.r2.-d0.-r2.f1.d1.f2.d2.-f2.-r0.d1.r0.-d2.r1.-f0.r1.f0.d2.-f0.-r1
299,f0.-r1.-d2.f2.-r0.-d2.f1.r2.-f2.-f0.-d1.r2.f2.-r2.d2.d1.r0.d0.d0.r2.-d0.r1.-d2.r1.d2.-r1.-f2.-r1.-f2
300,r2.-d1.-r1.-f1.d0.f0.-d2.f2.f0.r2.-d2.r0.-d1.r2.-r0.d2.f2.-d0.-r0.-f0.r0.d0
301,-d1.-r1.f0.-d0.r0.-d1.f2.d2.f2.d1.r0.-d1.-d0.f1.d0.-f2.d0.f0.-r0.-f0.d2.-r1.-d2.-d0.-f0.-d1.-f1
302,-d1.-f2.d2.f0.d1.-r2.f2.d2.-r1.f2.f1.d2.-r1.f1.f0.d0.r0.d2.d0.-f0.-d0.f1.-d2.-d0.-f1.r1.-d1.-r1.-d0.r1.d1.-r1
303,d1.r0.-f1.-r2.f1.-r0.f2.r0.f2.-r0.d0.-f2.-r0.-f0.-d2.f0.d2.r1.r1.f1.-d0.f1.d0.-f1.-r1
304,r0.d2.-r1.d2.-r2.d0.-r0.-f0.r0.d0.f1.r0.-f2.f0.-r2.r0.d0.-r1.-f2.r1.f2.-d0.r2.-d2
305,-d2.-r2.f0.-r0.d2.-f1.f0.r2.-r1.-f0.-d2.f0.r1.-d0.r1.-f0.r2.f0.-r0.-f0.-r2.-f2.r0.-f2.r2.f2.r1.-f2.d2.f2.-r1
306,-f2.r2.-f2.-r0.-d1.-f0.r0.d0.f0.d1.r1.-d2.r0.d0.r0.f2.-r0.-f2.d1.-f0.d0.f0.-r0.-d1.-r2.-d0.-r0.d0
307,-f2.-r2.-f0.d0.-r0.-f0.d2.-r0.d2.d2.-f0.r0.-f2.-d0.-r0.-r0.f2.f2.-r0.-r0.d0.-r0.-r0.-f0.-f0.d2.-d0.r2.r2.d0.f1.-r1.-f1.r1.-d0.f0.-d1.f1.d1.-f1.-f0
308,-r2.f2.f1.r1.r1.r0.-f0.d2.d2.d0.f2.-r0.-r0.-d0.f2.-r0.-d0.-r0.-r0.-d2.-f0.-f0.-d2.-d0.-d0.-r0.-r0.f2.f2.-d0.-d1.d0.-f1.d1.f1.-d0.f0.d1.r1.-d1.-r1.-f0
309,d0.f1.-d1.f0.-d0.f1.-r0.d0.-r0.f0.r2.d1.-r0.-f0.r1.d1.-r1.-d1.d0.-r2.d0.r2.d1.-r2.-d0
310,-d0.f1.-r2.d2.-f2.d1.f0.r2.r1.-d1.r2.d2.r0.-f2.f1.-d2.-f2.r2.f2.-r2.-f1.r2.f1.-r2.-d2.f0.d2.r2
311,d2.-f2.-r1.d1.-f2.r2.d1.r2.d2.-f0.d2.f1.-r2.f0.-r2.f2.-r0.d0.-r2.-d1.r2.d1.d1.d0.-r2.-f2.r2.f2.d0.d0.-f2
312,f2.-d0.f1.f1.-r1.d2.-f0.r2.-f0.d0.f2.d2.-r0.f2.f2.r2.r2.d2.-f0.-f0.d2.r2.r2.d2.-d0.-d0.f2.f2.-f0.r1.-d1.-r1.d1.f0.f1.d1.-f1.-d1
313,-r1.r0.d1.-f1.d0.-r0.d1.f0.f0.-r1.f2.r1.d0.-f2.-d0.-r2.-r1.-d2.-r0.d2.f0.-d0.-f0.f2.-d2.-f1.d2.-f2.f0
314,-r2.r0.f1.d0.f2.r0.-f0.-r2.f2.-r0.f2.d1.d1.r1.-f2.-d1.f0.-d2.-f0.r2.r2.d1.-r2.-r0.-d0.f2.-d0.r2.d0.-f2.d0.-r1
315,-f1.-r2.-f0.-d0.-r1.d0.f1.f1.-d0.r0.f2.-r0.d2.-f0.-d0.f0.r0.-d0.-f1.d0.f1.-d2.-r2.d1.r2.d0.-r2.-d1.r2.-d0.f2
316,-d2.f0.-r2.r0.-d1.d0.-f2.-d2.r1.d1.d0.-r1.-f0.-d0.f0.-d1.r0.-f1.-d1.d0.r1.f1.-r1.d1.r1.r0
317,-f1.-r2.-f1.d0.r2.-r0.-f2.d2.-r2.-d1.-r2.-f0.-d2.r2.f0.-d0.-f0.-r1.f0.-r0.-f0.r1.-r0.f0.-d2.r0.d2.d0.-f0
318,-r0.-d1.f0.-d0.r1.-f0.r2.-f0.d1.-r0.-d2.r2.d0.f2.f0.f0.d1.f0.-d1.f1.r0.-d0.r0.r0.d0.r0.-f0.-r0
319,d1.d1.f2.-d0.f0.f0.r0.f0.-d2.f1.r2.f1.-f0.-r0.-d1.-f2.r0.f2.d1.f0.f0.r0.-f0.-r0.-f0
320,-r2.-f2.r0.r0.d2.-r0.-f1.d2.-r0.d1.-r2.-f0.r2.-d1.r0.-f2.d2.d2.-r2.-f2.d2.d2.-r0.-d2.r0.-d2.f2.-d2
321,d0.r1.-d2.f1.-d2.-r0.d0.r2.-f0.-d1.r1.-d2.d1.-r2.-f0.-r0.f0.f1.d0.f2.-d1.-r0.d1.r0.d1.-f0.r2.-f1.-r2.-d1.f0
322,-r1.f1.-f0.d2.-r1.f0.r2.-f0.r2.f0.r0.d1.-r1.-d0.r1.d0.r2.d0.-f2.-r2.f2.-d0.-r2.-f2.-r2.-d2.r2.-f0
323,r0.f2.-f0.-r1.d1.r0.-f0.-d1.f2.d2.r2.d2.-r2.-f2.r0.r2.-d2.-d2.r0.d0.r2.-d2.-r2.-d2.-f0.d2.f0.-d0.-r2
324,-d2.r0.d2.-f0.f2.-d0.-f2.-f2.r0.-d2.-f2.-f0.r1.-f1.-d1.d2.-r2.r1.d1.f1.-r1.-d1.r0.d1.f2.-d1.-f2.-r0.f2.d1
325,f0.f0.-d0.-r2.-f1.-d1.r2.r0.-f0.-r0.f0.-d1.-f2.f0.-d0.r0.d0.f2.f0.r0.r0.-r1.f2.-f0.d0.-f2.r1.f2.-r1.f0.r1
326,-r2.d2.-d0.-f0.-f0.d2.d2.-f0.r0.f0.-d0.-d0.-r2.-d0.r0.f2.f2.d0.r2.r2.d2.-f0.-f0.d2.-r0.-r0.d2.r2.r2.d0.-d1.d0.-r1.d1.r1.-d0.r1.d1.-r1.-d1
327,-d1.r0.-d2.-f1.-r0.-d2.-f1.f0.-r2.-d1.-r0.-d2.-f1.d1.-r0.-d1.f1.r0.f2.d2.r1.-d2.d0
328,-d0.r1.d2.-d0.r0.f1.r2.-f0.r2.f2.-f0.r0.-f1.d0.r0.d1.f0.-d1.-r2.-f0.-r0.-d0.-f2.r1.f2.d0.-f2.-r1
329,-r0.d2.-r0.-r0.d0.-r0.f2.f2.-r0.r2.f0.r2.-d2.f2.f2.r0.f2.f2.d2.f2.f2.d0.-r0.-r0.-d2.f2.f2.d0.-r0.-r0.d0.-d1.-r1.f1.r1.d1.-f1
330,f1.-r0.-d2.r2.-f2.f0.-r2.f0.d0.-f0.r0.d0.f0.r2.r2.f1.-r0.d1.-r1.-f0.d1.-f0.d1.r2.-d1.f0.-d1.-f0.-r2.f0
331,-r1.-f0.-d0.r0.d1.r2.r2.-f0.r0.-f0.-f1.-r2.-d0.f2.-d2.f1.d1.f1.d0.-f0.d2.-f2.-d1.r1.d1.f2.-d0.r1.d1.-r1.d0.r1.-d1
332,d2.-f1.-r2.d0.-r2.f2.r0.f2.-f0.-d0.f0.r2.-d2.-r2.r0.d0.d0.r1.-d2.-r1.-d0.-r0.f1.f0.-d2.-r0.d2.r0
333,-d1.-r0.-d1.-f0.d2.r2.d2.d2.r1.f0.-d1.f2.r1.d2.-f2.-r2.-f1.d0.r2.f2.-d0.f2.r0.-f0.-r1.f0.-r0
334,r1.f1.d0.-r2.d2.f2.-f1.f0.f0.-d1.f0.-d2.-r0.d2.-f0.r0.d2.-d0.-f0.-d0.-r0.f0.d2.-r0.f1.r0.-d2.f2.d2.-f1.-d2.-f2
335,-f0.-r0.-d2.-r0.-r0.d0.r2.f0.-d0.-r0.d2.-f2.d2.d2.r2.r2.-d2.-r0.-r0.-d0.r2.r2.-f0.-f0.d2.-r0.-r0.-f0.-f0.r0.r1.-d1.-r1.d1.-r0.f1.-d1.-f1.d1
336,-f2.r2.d0.r1.-f2.-r0.-d1.-r0.-d1.r2.f2.f0.-d1.-f0.-d2.d1.f1.-d1.f1.f1.r0.f0.-r1.-f0.-r1.-r0
337,-r2.-f1.d0.d0.r1.d1.f2.d1.-r0.-d2.r2.r0.f0.r1.f0.r0.-f2.-r0.-f0.r2.r0.-d0.-f1
338,d1.-d0.-f2.r2.f1.d0.-r1.d1.-r0.d0.-r0.f2.-r2.-f2.-d2.r0.r1.d2.r2.r2.-d0.-r0.d2.-f0.-d2.r0.d0.f0
339,-f0.-r2.f0.d0.r1.-f1.f0.d2.-f0.d1.r1.-r0.-d2.r0.f0.r0.d2.-r1.-r0.-f2.r0.r0.f2.f2.-f0
340,f0.d2.r0.f1.r1.d2.r0.-f1.-d1.-f2.-r2.-f2.-d2.d1.r0.d2.f2.-d2.-r0.d2.f2.r1.d2.r0.f1.-r0.-d2.-r1
341,-r2.-d2.d0.-r0.f2.-d2.f2.-d0.-r2.d0.r1.-f0.r2.d2.-r2.f2.-r1.-f2.-r2.-r0.-f1.-r1.d2.-f1.-d2.f1.d2.r1.f1
342,-r1.-f1.f0.d2.-r0.f0.d2.-r0.-f1.r1.f2.r0.-d0.-r1.d0.-r2.f1.r2.-d1.r0.f0.-r0.d1.r0.f1.d2.-f1.-d1
343,-r1.-f2.-r2.f2.-d2.r2.f1.-r1.d2.-f1.r1.-f2.d2.-f2.d1.r0.-f1.-r0.f1.d1.-r1.-d1.-f1.-d1.d0
344,-f0.-d2.r1.f2.d2.-d1.f2.d1.-r0.-r1.f1.d2.-d1.r2.f0.-r2.f2.d1.-f2.r0.d0.r2.d0.r0.r1.-f2.-r0.f0.r0.-f2.-r0.-f0
345,-d0.f2.-d2.f2.d1.f2.-d2.d1.f1.d1.-r2.d1.-r2.-r0.-d1.-r1.-d2.-r2.-f2.d2.f2.d2.-r0.f0.r1.-f0.r0
346,r1.f1.r2.f1.d0.-f1.f0.d2.f2.r2.f1.r2.-d2.d0.d1.-r0.d2.r0.-d1.r1.f0.-r1.-f0.-r1.-f1.r1.-f0.-r1.f1.r1
347,-f2.d1.-r0.d1.r2.d0.-f2.r2.f0.d2.-f0.-r2.d0.-f1.-f0.d2.-r0.-f2.-d2.r1.d2.-f0.r0.f0.r2.-r1.f2
348,-f0.f2.d1.r2.-d2.-f0.-d0.-r2.-d0.-f0.-d2.-r0.d2.-r0.d2.-d0.-r0.-r0.d2.f2.f2.d2.d2.-f0.-f0.f2.f2.d2.f1.r1.-f1.-d1.-r1.d1.f0.-d1.-f1.d1.f1.-f0
349,-r1.d2.-f2.r1.-d2.r1.f2.-d0.-d0.-f0.r2.d0.-f2.-r2.f0.f1.f1.f0.d2.r1.-d2.r2.-d0.-r2.-d1.-f1.d1.r2.-d1
350,-f0.-r0.-d2.r2.-r0.-d0.r2.-d2.r2.-r1.-f1.d0.-r1.-d0.-r1.-d0.-f1.-r2.f1.f1.-d2.-f1.-d2.d0.-f1.-d1.f1.d2.f1.d1
351,-f2.r1.d1.-f2.r0.d2.-r2.d0.r0.f0.-r0.-d0.-f0.-d0.f2.r0.-f2.-r1.f0.r1.r0.f2.r0.-f2.r1.f2.-r0.-f2.-d2
352,f1.-d0.-r2.-d0.r0.-d0.r0.f2.f1.-r2.r0.-f1.-d2.f1.d2.f2.-r2.-f2.r2.-f2.-d2.r2.r2.-r1.d2.-f2.-d2.r1.d2.f2
353,-f1.d1.-f0.r2.d0.d0.r2.r1.-d2.-r2.-f2.d1.-f0.-d1.f2.-d1.-d2.-d1.-f0.-r0.f1.-d2.-f1.-r2.-d1.r2.d2.-r2.d1.r2.r0
354,-f0.r1.-d2.f0.d1.-d0.-d0.r2.d0.d1.-f2.r2.-d0.-r2.-r2.-f0.r0.-f1.-r0.f1.r2.-f1.-d0.r0.f1.-r0.d0.r1
355,-f1.d1.-r1.d1.-f1.d0.-r0.d0.r1.-d0.-r2.-d0.r2.f2.-r0.-d2.f0.-d1.-f2.d2.d1.-r0.-d2.-f0.d2.f0.r0.f2.-f0
356,d0.-r0.-d2.f2.r2.-d0.-d0.f0.-r1.-f2.d2.d2.-r0.d2.-r1.-d0.r2.d1.f0.r2.r0.-d0.-r2.r1.f1.-d0.f1.d0.-f1.-r1
357,-d0.-r0.f1.d0.-r1.d0.r2.-r1.-f1.d0.f1.d0.-f0.-d0.-f1.r0.d0.r2.d0.-r0.-d0.r0.d2.-r2.f0.-d2.-r0.d2.-f0
358,r2.-d2.-r2.f1.f1.r0.-f0.-r1.-r0.f0.-d0.-f0.d1.-d0.f2.-d0.-r2.-f2.r2.f2.r2.-d2.-r2.-f2.-d1.f2.r2.f2
359,-f0.-r1.-f0.f2.f2.-d2.r0.-f0.d2.r0.f0.r0.f2.f2.r0.-f0.-f0.d2.d2.f2.f2.d0.-f0.-f0.d0.r2.r2.-d0.-d0.r2.f1.d1.-f1.-d1.-r2.-f1.f2.-r1.f1.r1.-f2
360,r1.-r0.f2.-d1.f2.d2.-d1.r0.d2.r1.-d0.-r1.-r0.-f0.r0.d2.-r0.-f2.-d2.f0.-d2.-r0.d2.r0.d2.-f1.-f1.r2.-f2.-r2.-f1.r2.f2.-r2
361,-f2.-r1.f0.d0.-r1.f0.d1.r2.-d1.r2.-d0.-f2.-f1.-f0.d0.-r2.f0.f0.r2.r2.-r1.d0.r0.-d0.r1.d0.-r2.-r0.d0
362,-r2.r0.-d1.f0.-d1.-f2.r2.-r1.d2.-r0.f1.r0.r1.-f1.r2.r0.-f0.d2.-f0.-d2.f0.r0.f0.r0.-d1.-r0.d1.f1.-d1.-f2
363,d1.-f2.d0.-f0.r0.-d2.-r1.-d0.f1.-d0.-r0.-f1.-r2.-f0.-r1.d2.d2.-f1.-r2.f0.r2.f1.d2.d2.-d0
364,r2.r2.f2.-d2.d0.r2.-f0.d0.-r2.-d0.-r1.-d2.-r0.d2.f2.d1.d0.f1.-d1.r2.-f2.-f0.-d2.f0.d2.-f0.-d2.-f1.d2.f0.-d2.f1
365,-d2.-r1.-f0.-d2.d0.-f0.-r2.f0.d1.-r2.-r1.r0.f0.-r1.r0.d1.r1.r0.-f0.r1.f0.-r0.-f0.-f2.d2.-f2.f0.-d2.-f0.d2.f2.-d2.f0
366,d2.-d1.-f2.r1.f0.-r0.-f2.f1.-r0.-f0.r1.f0.f1.-d0.d2.-r0.-d0.-d1.r2.-d0.r0.f1.f1.-r0.-d1.f2.-d2.-d1.-r2.d0.d2.f2.-d0.-f2
367,-d1.f1.-d1.-r2.-d2.-f2.f0.r1.-r0.-f2.d0.-f0.d0.d0.-f0.-r2.d2.r2.f0.d2.-d1.-r0.-d2.d1.d0.f0.-r2
368,-r0.d1.r2.f0.-d1.f1.-d0.-f0.-d0.-d1.f1.-r1.-f2.f0.-d2.-f0.-r2.-f2.-r0.-d2.f2.d2.f2.f2.d0.f2.-r0.-f2
369,-d0.f2.-r1.-d2.r0.-d1.-r2.-r0.d1.-r0.d2.r0.f0.-r2.-r0.-d1.-f0.r2.-d0.-r0.-d0.-r2.-f1.r2.d0
370,f0.r0.r2.-f0.-f0.-d0.-d0.-r0.d0.-f0.r0.d2.d2.f0.-d0.-r0.-r0.-d0.r2.r2.-f0.-f0.d2.-f0.-f0.d2.d2.-f0.-f0.-d2.f0.-d1.r1.d1.-r1.-f0.-f1.r1.f1.-r1
371,r0.f1.f1.r1.f2.-d0.-r2.-f2.-d2.f2.r0.-f0.-f0.d2.-r0.d2.f2.f2.-r0.-r0.d2.-d0.f2.f2.-r0.-r0.r2.r2.-d2.-r0.-r0.-f0.r1.d1.-r1.-d1.f0.f0.-r1.f1.r1.-f1.-f0
372,f0.-d2.f1.r1.r1.d2.f0.-f2.-r0.-r0.-f2.-d0.-r0.r2.d2.r2.r2.f2.d2.r2.r2.d0.r2.r2.-d2.r2.r2.-f0.-f0.-d2.-f0.-f0.f2.f2.f0.d1.r1.-d1.-r1.-f0.f1.-r1.-f1.r1
373,f2.-r0.f2.d0.-r0.d2.d2.f2.r0.d2.-r0.-d0.-d0.-r0.d2.-d0.-f0.-f0.-r0.-r0.-d0.f2.f2.-r0.-r0.d2.d2.-f1.f2.-r1.f1.r1.-f2.-f1.r1.f1.-r1
374,-d0.-f1.-f0.f2.-r0.-f2.d2.d2.-r2.-d2.r2.-f0.-f0.-r0.f2.d2.-d0.-f0.-f0.f2.f2.-d0.r2.r2.f2.f2.-d2.f2.f2.d2.-r1.r2.-f1.r1.f1.-r2.d1.f1.-d1.-f1
375,d2.-f2.-r1.f1.-r2.r0.f1.-r2.f2.d2.-f1.f0.r2.f1.r2.-d0.f1.d0.-f1.-d0.-r2.d0.r0.-d0.-r0.f2.-r1.f0.r1.-f2.-f0
376,r0.-f0.r1.-d1.-r2.d2.r0.f0.-d1.-f0.r0.-d2.-f2.d2.d2.-f0.-d2.-r0.-d2.r0.-d2.f1.d2.-f1.-d2.-f1.r0.r0.f1.r0
377,r0.-f2.f0.-r1.d0.-r2.-f0.-r2.-d0.-r1.d2.-f0.d2.f0.d1.f1.r0.d1.d1.-f0.-d1.f0.d1.-f0.-d2.-d0.f0
378,d2.-d0.f0.f0.r1.d2.f2.-r0.f0.-r1.d2.r2.f2.f0.-d0.-f0.-r2.f0.-r2.-d1.-r1.-d0.-r0.d2.r0.d0.r1.r1
379,r2.r1.f0.d2.r1.f1.d0.r1.r0.f0.d2.d1.-f1.-d1.f0.-d0.-r2.f0.-d2.-r0.d2.r0.-f0.r2.-f0.r2.-f0.-r2.f1.r2.f0.-r2.-f1
380,d2.d1.-r2.-f2.r1.d1.-d0.-r2.f2.r0.-d2.r1.-d2.f2.d2.-f1.-r0.f1.-r0.f0.-r1.-r0.-d1.-r0.f2.r0.d1.-r0.-f2.r0
381,-r0.d0.-f1.r1.-d0.-f0.-d2.f2.r2.-d2.-r0.-d2.-r1.f2.-r0.-f2.d0.-f2.-d0.-f0.d2.r2.-d0.-r2.-d2.f0.r0
382,-r0.-f1.d2.-r2.-f2.f0.r0.-d1.r0.-d0.-f0.-d2.f0.d0.-r2.-f0.d2.-d0.-f0.-d2.-r2.d2.r2.f0.-r2.d0
383,-d2.r0.-d2.f2.f2.-d2.f2.r0.d1.r2.-d1.-f1.r0.-d1.-f2.-r1.r0.-d2.-r2.-f1.r2.d2.-r2.r0.r0
384,-r0.-d1.f2.r2.d0.-r0.f1.-r1.d0.r0.-f1.r1.-f2.-r1.d0.f2.f2.-f0.-d0.f0.d0.-f2.-d0.f2.r0.f2.f2.d0.f2.f2
385,f0.r0.-f2.d1.-r2.r0.-d0.-f0.-d2.r2.-f1.r0.d1.d0.r1.d2.-r1.-f2.f0.r2.f2.r2.-f0.-d0.f0.-r2.-f0
386,-f2.-r2.f0.-d1.-r1.-f1.d1.-d0.r1.r1.-d2.r0.d2.r0.-d1.-d0.f2.r2.d2.d2.-r2.-d2.f2.d2.d2.-d0
387,-r0.-d2.-d0.f0.d0.f0.-d0.r2.r2.-d0.-f0.-r0.-r2.d2.-f0.-f0.-r0.-r0.d2.d2.d0.-f0.-f0.-d2.-r0.-r0.d0.r2.d1.-f1.-d1.f1.-r2.-f0.-f1.-d1.f1.d1.f0
388,-d2.d0.f2.f1.-r0.-d1.d0.f1.r2.-f2.-r0.-d0.r1.r1.-d2.r2.-f0.r2.f0.f0.r0.-d0.-f0.r2.f0.d0.-r0.-f0
389,-f2.-d2.-f0.-f2.d2.r0.-d0.r2.r2.-f0.-d0.r2.-d0.f2.f2.-d2.f2.f2.-d2.-r0.-r0.-f0.-f0.-d0.-r0.-r0.-d2.d0.r1.f1.-r1.-f1.-d0.-f0.-d1.r1.d1.-r1.f0
390,f2.r1.d2.d2.-r0.-f2.-d2.d1.-f0.r2.-d1.f0.f0.-d2.d0.-r1.-d0.f2.r1.-d0.-f2.d2.f2.d2.d0.-r1
391,-d2.-f1.d0.-f2.f1.d1.-r2.r0.d0.-f2.-f0.d0.r2.r2.d0.-f2.d1.-r2.d1.-f2.-d1.-f2.-d2.-d0.r2.d0.-r2
392,r0.-f0.d2.-r2.-d0.r1.f1.d0.r0.r0.d1.-r0.d1.d0.d1.f1.d0.-f1.-d0.f0.f0.d1.d0.r2.d2.r2.-d2.-f0.-r0.f0.r2.-f0.r0.f0
393,-r0.d1.-d0.-f1.-f0.-d1.-f0.r0.-f2.-d2.-r2.-f2.r0.-d2.r1.d2.f2.-d2.f2.f1.-r1.d0.r1.d2.-d1.r1.-d2.r1.d1.-r1.f1.-r1.-f1
394,-r1.d0.-r2.-f0.-d0.-r1.f2.r1.d2.-d1.-f2.d1.-r0.d1.-f2.-d1.-r0.-d0.-r2.d0.-f2.-r2.f2.-r2
395,-r1.d0.-r2.r0.-d1.-r2.-f0.-r2.-r1.-d0.-r2.-r2.d0.-f2.-r0.-d0.f0.r2.f2.-d0.-f0.-d1.-r1.-d1.-f0.d1.f0.-d0.r0.d0.r1.-d0.-r0
396,d2.-f0.-d1.f2.-d2.r0.d2.d1.r0.-d1.f2.-r2.d2.r2.f2.-f0.-r0.f2.-d2.r0.-f1.-d2.f1.d0.r1.-f1.-r1.-d0
397,-f2.d2.-d0.r0.-d2.-r0.-r0.d0.-f2.r0.f2.-r2.-f0.d2.-r0.-r0.f2.f2.-r0.-r0.r2.r2.-d2.-r0.-r0.-f0.-f0.-d0.-d0.-r0.-r0.d1.f1.r1.-f1.-d1.f1.-r1.-f1
398,-f0.-f0.d2.f0.r0.f2.-d2.r0.r2.f2.-r0.-f2.-d0.-d0.r2.r2.f2.f2.-r0.-r0.r2.r2.-d0.-r0.-r0.f2.f2.-r0.-r0.-d2.-r0.d1.-r1.-d1.r1.r0.-d1.-f1.d1.f1
399,f0.-d1.-f1.r2.r2.f1.-r0.-d1.-f2.-r2.d2.r1.d1.d1.f0.-d2.f2.-r0.-d2.r0.-f2.d2.r0.f0.-r0.-f2.r0.-f0.-r0.f2.d0
400,d2.d2.r2.-d0.f2.d2.d2.r0.-f0.-r0.r2.d0.r0.d0.r2.r2.-d2.d0.-f0.-f0.r2.r2.-d2.-r0.-r0.f2.f2.-d0.-d2.-r1.d2.d0.f1.-d0.-f1.-r1.f1.r1
401,-r0.-d2.-f2.-d2.-r2.f1.r0.f0.-r0.-d2.-d1.-f1.d1.f0.d2.f0.r0.f1.-r2.-f2.-d0.r2.d0.-r2.f2.-r1.-r0.-d2.r0
402,-f2.d0.f1.f1.-d1.f0.-r0.-r0.d2.f2.-d2.-d0.-r0.-d0.f2.d2.r2.d2.f2.f2.d2.-f0.-f0.-d0.-f0.-f0.-r0.-r0.f2.f2.-r0.-r0.-r0.f1.d1.-f1.-d1.r0.d1.f1.-d1.-f1
403,-r2.d2.r1.d1.f2.-d0.r1.r1.f0.d1.-f0.-r2.-f2.d2.-f0.r2.-d0.-r0.-d2.-d1.f0.r0.-d0.r0.d0.-r0.f0
404,-d1.-r2.-f0.r0.-d1.f2.-r1.r0.-d2.-f0.d2.-f2.-f1.-r1.-f0.-r0.f0.-d1.d0.-f1.d0.-r1.d0.r1.f1.d1
405,r1.d2.-r2.-d0.f0.-r0.r2.r2.-d2.-r0.-f0.-f0.d0.-f0.r2.f2.f2.r2.r2.-d2.d0.-f0.-f0.-d2.f2.f2.-r0.-r0.d0.-f1.-d1.f1.r1.d1.-r1.-f0.r1.f1.-r1.-f1.f0
406,-d2.r2.-f0.-d1.r2.r2.-d0.-r0.r2.-d0.-d0.-f1.d0.-f2.d1.r2.-d1.-d0.-f0.r2.d0.-r2.-r0.-d0.-r0.f0.r0.d0
407,r1.-f0.r0.-f0.r0.d1.r0.-r2.-d1.r2.d1.f2.f2.d1.f1.-d0.-f0.-d2.-f2.d2.f0.f0.r2.-f2.-d2.f2.d2.f2.-r2.-f1.-f0
408,d1.-r0.-f0.-d0.r2.-r1.f2.-f0.-f0.d2.-r0.-f2.-r0.-d2.-r1.-d1.-r2.r1.-f1.-d1.f1.r2.d1.d1
409,-d0.-f2.-d0.-f2.-r1.d0.-r0.f0.-d0.-f2.-r2.-r1.f0.-r0.-f0.-r2.r0.-f0.d0.r2.-d0.r2.f0.d0.-f0.-d0.-f0.-r2.-d2
410,-d2.-f2.-r0.f0.-r0.-d2.f1.-d1.r2.-r1.-d1.-f0.d0.-f2.d1.f1.-r0.-d0.-r1.-f2.d1.f0.-d1.f2.-f0.r1.-d2.-r2.d2.-r1.-d2.r2
411,-f0.r0.d1.f0.r2.-r0.-d2.r0.-f0.-r0.-d2.-r0.-f1.r0.f1.f2.d2.-f2.d0.r2.r0.f0.r0.f2.d0.-f2.-d0.-r0.-f0
412,-d2.r0.r0.d2.-r0.-f1.-d0.f0.d0.-f1.-d1.r2.d0.d0.-f1.d2.f1.-d0.-r1.d0.-r0.d1.r1.r0.-d1.-f0.d1.f1.-d1.f0.d1.-f1
413,f2.-f0.-r1.d2.d2.-d0.-r2.-f0.d0.-f0.r2.r2.-f0.-d2.-f2.-d2.-r2.-r2.f2.r2.f2.-d0.-d2.-r2.d2.f2.r2.-f2.r2.d2.-r2
414,-r2.f1.r1.r1.f0.d2.-d0.f2.r2.d0.f0.-d0.-d0.r2.r2.d2.-f0.-d0.-d0.-r0.-r0.r2.r2.d0.f2.f2.d0.-r0.-r0.d2.-f0.d1.r1.-d1.-r1.f0.f1.-r1.-f1.r1
415,-d2.d0.-f0.r2.d0.f2.d1.-r0.-f0.-r0.f2.f0.r1.f1.r2.d0.-f0.r2.d0.r2.d1.-d0.r1.-d1.r2.d1.-r1.-d1.-f0
416,d2.r1.d0.r1.-f0.-d1.-d2.-r0.d0.r1.r2.-r0.-f2.d2.-r0.-d1.-f2.r0.-d2.-r1.-d1.r2.d1.r1
417,-d2.r0.-f0.r0.-d1.r1.-d1.-d0.-f1.d2.r2.-r0.-d2.-d0.r2.d0.r2.-r1.-d1.r1.-f1.-d0.r2.d0.f1.-d0.r2
418,d2.f1.-r2.d0.-r1.f0.-r1.-d2.d0.-f2.-d2.-d2.d0.f0.-d2.r0.f2.-r0.d0.r1.-d2.-r1.d2.d2.-d0.-r1
419,d2.d2.f2.f2.-r0.-d0.-r0.-r2.f0.-d0.-d0.-r0.-r0.-r2.-f0.-d0.f2.f2.d0.-f0.-f0.-d0.-f0.-f0.f2.f2.-r0.-r0.d2.d2.d0.-r1.f1.-d1.r1.d1.-f1
420,r2.r2.-f1.d1.f2.-d0.f2.d0.r2.-d2.r0.-d0.r1.d2.d0.-r0.d0.-r2.d0.r2.d1.d0.f2.-d0.r2.-f2.-r2.d0
421,-r2.-d1.-r0.-f2.-d2.d1.-f1.d0.f0.d0.-r2.d2.-r2.f1.f0.-r2.d0.d0.-r1.d0.-f1.-r0.d2.r0.-d1.-f0.d1.f1.-d1.f0.d1
422,r0.f0.-f1.r0.d0.f0.-r0.-f2.-r2.-d2.r0.-f0.d2.f2.-d2.-f0.-f0.-d2.-r0.-r0.d0.-f0.-f0.r2.r2.f2.f2.-r0.-r0.-d0.f1.f1.-d1.-f1.d1.-f1.r1.f1.-r1.-f1
423,-r1.d0.r1.d0.f0.f0.d2.d2.-r2.-d1.-f0.-r1.f0.r0.-f2.-r2.-f0.-r2.f0.r2.f2.r1.f1.-d0.-f1.-f0.-d0
424,-d2.-f0.-r2.f0.-d0.-r2.d0.r0.f2.-d2.d0.-r1.-r0.f2.r2.-f0.-d2.-f1.-f2.d2.-f2.-d2.f0.d2.f2.d0.-d2.f1.-d2.-f1.-d0.f1.d2.-f1
425,f2.f1.r1.r1.d2.-r2.f0.-d0.-d0.-r0.-r0.-r2.-f0.f2.-d0.-r2.d2.-f0.-f0.d0.f2.f2.d0.-r0.-r0.-d0.-d0.f2.f2.-r0.-r0.f2.f2.f1.r1.d1.-r1.-f1.-d1.-r1.f1.r1.-f1
426,-r1.-r0.-d2.d0.f2.-f1.d2.-r2.-d0.r2.d2.f1.-d0.f1.-r1.f0.-r2.-r1.-f1.r2.r1.d1.-r0.-f1.-r2.f1.r0.-f0
427,d2.f0.-d0.f2.d2.d1.f0.d0.d0.-f2.d2.-f0.-d1.r1.d1.-r1.r0.d1.f1.f0.r1.d2.-r1.-d2.-r1
428,-r2.-d0.r1.-d0.-r0.-f2.f1.-r2.-f1.r1.d0.f2.-r2.-r0.d0.-f2.r0.-d2.-r0.d0.r0.d2.-d0.f2.-r0.f1.r0.-f2
429,d2.r1.d0.r1.f2.f2.-r0.f2.r1.r0.-d0.-f0.r2.r1.-d0.r1.-r0.f0.-r1.-f1.-d1.-f2.-d2.r1.d2.f2.d1
430,d1.r1.-d0.-f2.r2.-r1.f2.r0.-d0.-r2.d1.-d0.-f0.d0.-f0.r2.f0.-r2.-d1.r2.d1.d0.-r1.-d1.-r2.d1.r1.-f2
431,f0.-d1.f1.r1.-r0.-f1.r1.f0.f1.-d2.r1.f0.-d2.r0.r2.r0.-d0.f0.-f2.r0.f2.-f0.d2.r0.r0.d0.f0.-r0.-f0
432,-f0.d0.r2.-f2.-r0.f1.r2.f1.r0.d0.-r1.f2.-r0.f0.r0.-f2.r0.f2.-r2.-f2.-r0.d2.d2.r1.-f0.-r1.f0.d2.d2.-f0.r1.f0
433,d2.r0.d0.-f2.f0.-d2.-f0.r1.d0.f1.f0.r2.-d0.f2.r2.-f2.d0.-r1.d1.f0.-d1.f2.r1.-f1.-d1.f1.r1.-f2.-f0
434,d2.r0.-f0.r2.r2.d0.r0.-d0.f1.-r2.r0.r0.d2.-f1.-r0.-d2.r0.-r1.f2.f1.-f0.-d2.-d1.-r0.-f2.-r0.-d1.r0.f2.-r0.d1.r0
435,r0.-d0.r0.d1.-d0.-f2.-r1.f1.d1.f2.r2.r0.d2.r0.f2.d0.f0.d2.r0.-d2.f2.-f0.r0.-f2.-f0.-d1.-f1.-d0.f1
436,-r1.d1.f0.r1.-f1.-d1.-f0.-r0.f2.d0.d0.-r0.-d2.f2.-d0.f0.d0.-f2.d2.-d1.-d0.-r0.f2.-r0.-f2.r0
437,d2.-r1.r0.d1.-f2.f1.-r2.-f2.r0.r0.-d2.r0.-f2.d0.r2.-d0.-r2.-f2.-r2.r0.-d2.r2.r2.d2.d0.f2.-d0.-f2.-r2.-f2.r2
438,d2.-f0.-f0.f2.-d2.f2.f2.r2.d2.r0.-d2.-r2.f2.f2.-d2.-r0.-r0.-d0.f2.f2.d2.f2.f2.-d2.-r0.-r0.-f0.-f0.-f1.d1.-r1.-d1.r1.f1.-f0.-r1.f1.r1.-f1.f0
439,d2.f1.-d0.-f2.d1.d1.d0.-r0.f1.-r1.r0.r0.-d2.-r0.f2.r0.-f2.f0.d2.d2.-r2.-d2.r2.-d2.f0.-r2.-d2.r2.r1.-f0.-r1.f0.d2
440,d1.-r1.d2.d1.-r0.f0.-r0.-f2.-d0.f2.-r0.-f0.-r2.d1.r2.d2.-f1.d0.f1.r1.-d2.-d0.f1.d0.r2.f0
441,-d0.-f1.-r2.-d2.-r0.-d2.-r2.-d0.f0.f2.d2.r0.d2.d2.r2.r2.d0.-f0.-f0.d0.-f0.-f0.-r0.-r0.f2.f2.d2.f2.f2.f0.-d1.-f1.d1.f1.-f0.-d2.-f1.d2.d0.-r1.-d0
442,f1.-f0.r0.-f0.r1.-d2.r1.f0.-f1.r2.r1.-f1.-f0.-d0.-d1.r1.-d2.r1.d1.-r2.f0.-d2.f0.-r0.f0.d2.-f0.r2.f0.f0.r0.f0
443,f2.d1.-r1.f2.-r1.-d2.d1.-f0.-r0.-f1.-f0.r2.d2.-f2.-r2.-f2.r1.d0.-r1.-r0.-f0.-d2.-f0.d2.f0
444,f0.d2.-f1.r0.-r1.-d1.r0.-d2.-d2.r2.f1.f1.d0.d0.-f1.d2.-r2.-d2.-f2.f1.r2.f0.-r1.-f0.-r2.r1
445,-f1.-r1.-f1.r0.f2.-d1.-r0.-d2.r2.r1.-d1.f2.d1.-d0.-f2.-r2.-d0.f0.d0.r2.f2.d0.f0.-d2.-f0
446,-d2.f1.r0.-d2.d1.-f0.-d1.r2.f0.r1.f2.r1.-d2.f0.-r0.d0.r0.d2.-r2.-r1.-f0.-r0.-d2.f0.d2.-r0.-d2.-f0.d2.r2
447,d2.-r2.r0.d1.-r1.d2.-f1.f2.r2.-d0.r2.d2.-r2.d1.r0.-f2.d2.d2.f2.-r0.-d0.f2.d0.r2.d1.r2.r0.f1.-r2.-f1.-r2
448,d0.r2.f0.d1.-d2.-r1.f2.f2.d0.f0.d0.r2.-f0.-d0.r1.f1.r2.-f0.-r2.-f1.-d2.-f0.-d0.f0.-d1.-f0.d0.f0
449,-r0.f1.-d2.f1.d1.-f2.r2.d0.f2.d2.r0.f2.d2.-r0.f2.-r0.-f2.r0.-d1.-f2.d1.f0.-d2.f1.d2.-f1.-f0.-r0.d1.d2.f0.-d1.-f1.d1.-f0.-d1.f1
450,d2.-f0.r1.f1.-d2.-d0.-f2.-r2.-f2.r1.r1.d0.r0.-d0.-f2.-r2.-r0.f1.d0.-r2.-f0.r2.-d0.f0.r0.-f0
451,-f2.-r0.-d2.f1.-r0.d0.-f0.r1.-f1.-r2.d2.d1.-f2.-r0.f2.-d0.r0.f2.d1.-f2.r1.r1.d1.d0.-f0.d2.-f1.-d2.f0
452,-r0.-f0.r0.f1.d2.-f2.d1.r1.r2.f2.f2.-r0.d0.r1.-d0.f2.-f1.r1.r1.-d2.-f1.d2.r2.-f1
453,-r0.-d2.f1.f1.-d1.-d2.f0.r2.-f0.-r0.f0.-d0.r0.f0.r2.-f2.d2.-r0.-r0.-d2.r2.r2.f2.f2.-d0.-d0.f2.f2.-d0.-d0.-r0.-r0.d2.f1.-d1.r1.-f1.-r1.d1.r1.f1.-r1.-f1
454,-r2.-d0.-r2.f0.-r2.-d0.d1.-r1.f2.-r0.d1.d2.-f0.-d0.f2.-d2.r0.d1.-r0.d0.-r1.d2.-r0.f2.r0.-d2.-d0.r0
455,f2.d2.-f2.f0.r2.-f1.-r0.-d0.-f1.-r0.f1.d1.-d0.r1.f2.r0.f1.d1.-r2.r1.-f1.r0.r0.f1.r2.-r1.r0
456,-f1.r2.r2.-f2.-r2.r1.d1.-f0.d0.-r1.f1.r2.r2.-f2.r1.d1.-d2.f1.-d0.f1.d2.d0.f0.f0.-d2.-f1.d2.-f0
457,d2.-d1.f2.-d2.r2.f1.-r0.-d0.-f2.d0.f0.-d2.-f2.r2.-d1.-r2.d1.-r0.d1.f1.-d1.r0.-f1
458,-r2.f2.-r1.r0.-f0.r2.-d0.-f2.r2.f2.r0.r0.-d0.-f0.d0.r1.-f0.-r2.f2.-f0.-r2.f2.-r1.f0.r1.-f2.r2.-f2
459,r2.-d1.-f1.d0.r1.-f0.-r2.-d2.-f0.-r1.-f0.d0.r2.d0.f0.r2.r2.-f0.-r0.d2.-d0.r0.-d0.r1.f0.-r1.-f0.d0.-r0
460,r0.d2.f2.-d2.r2.f2.f2.-r0.-f2.-d0.-f2.-d2.-d0.-d0.r0.-d0.-d0.-r0.-r0.-d0.r2.r2.d2.-f0.-f0.r2.r2.-d0.-f0.-f0.r2.r2.-r1.d1.-f1.-d1.f1.r1
461,-f1.d2.f1.-d1.r0.-d2.-f2.d0.r1.-f2.-r0.f2.d2.f1.f0.r2.r2.-d0.r2.d2.r1.-d0.-f2.-r2.d0.r2.-r1
462,d0.-r2.f2.-f0.d0.-r0.f0.r2.-r1.-f1.-r0.-f0.-d0.-f2.r2.d2.-r0.f1.f0.d0.f2.-d2.-d0.-r2.d0.f1
463,-d2.f2.f1.r1.r1.f0.-r2.-f0.-r0.f2.-d2.-f0.-r2.-d2.-d0.-r0.f2.f2.d2.-r0.-r0.d2.-f0.-f0.f2.f2.-d2.-r0.-r0.d2.d2.-r0.d1.f1.-d1.-f1.-r0.-d1.r1.d1.-r1
464,r2.f1.f1.-d0.-r0.-d0.r1.d0.-f2.-d2.-r2.d0.r2.f2.-d0.f1.d0.f2.r0.f0.-d1.-f1.d0.f1.d1.-d0.-r1.-f0
465,d0.r2.d0.-r0.-r0.r2.-f0.d2.-r2.f2.-r0.-f0.-d0.-f0.-f0.-d2.-d0.f2.f2.d0.-f0.-f0.-d0.r2.r2.-f0.-d1.r1.d1.-r1.-f0.d0.r1.-f1.-r1.f1.-d0
466,-r1.d0.f1.d0.-r0.f0.-d0.-r2.r1.-f0.-r2.r0.f2.-r1.r0.r0.-d2.f2.d2.-r0.-d2.r0.-f2.d1.-r0.-d1.-d0.-f2.d0.f2
467,-d2.-r2.f1.f1.d1.d2.d0.-r2.-d0.-f2.d2.f0.d0.r2.-f0.-r2.-f0.-f0.-d0.-f0.-f0.-d0.-f0.-f0.-d0.-d0.-r0.-r0.d2.-f0.-f0.r0.-f1.d1.f1.-d1.-r0.f1.r1.-f1.-r1
468,-f0.r1.-d0.f0.-r0.d0.-r1.f0.r0.-f0.d2.-r2.r0.-f0.r0.f0.r0.-d0.f2.-d2.-f2.-f0.-r0.d0.r0.-d0.f0.d0
469,-r0.-f0.-r2.-d2.-f1.r0.-d2.d0.f1.f0.-d1.-f1.d1.d0.-d2.-r2.d1.f2.-r2.-f2.d0.r2.-d1.-r2.-d0.r2.r2.-d1.-r0.d1.-r2.-r0.-f1.r0.f1
470,d2.-r1.d0.-f0.r2.f2.f2.-d0.-r2.-d2.r1.-d0.-r2.d0.r2.d0.-r0.d1.f2.-d1.-r1.-f1.d1.-f2.-d1.f1
471,-d0.-r2.-f1.-r1.f2.-r2.d2.-f1.d2.-f1.-r2.d1.-r0.d2.d2.r2.r0.-d1.-r0.-d2.-f2.-d0.f0.d0.-f0
472,-f2.d1.r1.r1.d2.r0.d1.-f2.-d1.f2.d2.f0.-d0.-f2.-r1.d0.r1.r0.f2.d2.-r0.d0.r0.-d2.r0.r0
473,r2.d0.f2.r2.-d1.d0.-r2.r1.-f1.r0.-d1.-f1.d1.f1.-d0.-r0.f0.r0.-f2.-r2.f0.-r0.d0.-f0.r2.-d0.f0.r0.-f0
474,-f2.-d2.-f2.r2.r2.d0.f0.r2.r2.f2.f2.-r2.d0.-f2.-d0.-f0.-f0.-d0.-r0.-r0.-f0.-f0.d2.-f0.-f0.f2.f2.-r0.-r0.-d2.-r0.d1.f1.-d1.-f1.r0.f1.r1.-f1.-r1
475,d0.r1.-d2.f0.r1.f0.-d2.r0.f2.r0.-d2.-f2.d1.-f1.-d1.f1.-d1.f1.d0.r0.-d0.-f1.r1.d1.-f2.r0.f2.-d1.-f2.-r0.f2
476,d2.f0.-r0.-f0.r2.-f1.d1.-f0.-d2.-f2.f0.-d0.-f0.-d0.f2.r0.-f2.r0.r0.f0.r0.-f0.r0.d0.-f2.-f0.-d0.r2.d0.-f2.-r2.f0
477,-f1.-r2.r0.d0.r2.-f1.-d0.r1.d2.f1.r2.f1.-r2.f2.r2.f1.-f0.-r2.f1.-f0.d2.f2.-d0.-f2.-d2.d0.f1
478,f0.f0.-d1.r2.d0.f1.-f0.d2.f1.-r0.-f1.-d0.f1.-d1.-f2.-f1.-d1.-f0.d1.f0.-f2.d0.r2.f0.r0.d1.-r0.-f0.-r2.f0
479,f1.d0.r0.d2.-f2.-r2.d2.f0.-r1.-d2.-r1.-f0.d1.-f0.-d1.-f2.f0.-r1.-d1.-f2.-f0.-r1.-f0.-r1.f0
480,d2.-r2.-f2.r0.r0.-f1.-r2.-f2.d2.-f2.-r1.f2.-r1.r0.-d0.f2.f2.d0.-f2.r2.f0.-d2.-f0.d2.-r2.-f0
481,-d1.f0.-d2.d1.-f2.-f2.-d2.-r0.-d0.r1.d1.r0.-f0.-d0.r0.-d2.f1.-d1.f2.r1.-f1.-r1.f1.-d0.-f1.d1.f1
482,-d2.r0.r0.-d2.-r2.-f1.-d2.f0.r2.-f2.r1.f0.-r1.-f0.d0.-r0.-r1.-d1.-r2.-f0.d1.r1.-f1.r2.-r1.r0.f1.-r0.d2.r0
483,r0.r0.-d2.-f0.d2.-d1.-f2.-d2.-f1.d0.f0.f0.-r1.f0.d0.-r1.-d0.-f1.d0.-r2.-d0.f2.f1.r2.-d1.-d0.r2.d1.-r2.d0.-f2
484,f2.-f0.-r2.-d2.r1.f2.-d1.-r1.r0.-f0.d1.-f2.-d0.f2.d2.-f0.-r2.-f2.f0.d2.f2.r0.-f2.-d2.f2.-r0.-f0.r0
485,r0.d0.f2.-d2.f0.r2.d0.f0.-r2.-r0.-d0.f2.-f0.-r0.f0.d1.-r2.f1.-d2.f2.d2.f0.-d2.-d0.-r1.-f2.-f0
486,-d0.r2.d1.f2.-r2.-d0.-f0.f2.r0.-d2.f1.-d2.f1.-f0.-r1.-f0.r1.-f1.-f0.-d1.r1.d2.r0.d1.-r0.-f1
487,r2.-f2.-d1.r1.-d2.-r0.-f1.f0.d0.-r2.r0.r0.-d2.r0.-d0.-r0.d0.f2.r0.-f0.-r0.f0.-d2.-f2.d2.-r0.d2
488,r2.d2.f0.f0.-r0.-d0.f2.-d2.d0.r1.d0.d0.r2.d2.-r0.-f0.r0.f1.f0.d0.-r2.d1.r2.f1.-d0.-f1.-r2.f1
489,f2.f2.-d2.-f1.r2.-d1.-f1.r1.d0.r2.-f1.-d0.-f2.f0.r0.-f2.-r0.-d0.-r0.f0.r0.-f1.-r0.-f0.-d0.f0.r0.-f2.-f0
490,r2.f2.-d1.r2.d2.d0.-d1.d0.f2.f0.r1.-f0.r2.r2.-d0.r2.r2.-d2.-r2.d0.r0.f2.r0.-f2.r2.f2
491,-r1.-r0.-d1.f1.d0.r0.r0.f2.d1.-r2.r0.-r1.f2.-f1.d0.f0.-d0.-r0.f0.-r0.-f0.-r2.r0.-d2.f0.d2.-f0.r2.r0.d0.f0
492,d0.-r1.-d2.r2.d1.f0.-r2.-r0.-d0.r0.-d0.f1.-r0.-f0.-r2.-f0.d2.f0.d0.f0.r1.-f0.-r1.-d0.-r0.-d2.r0.-f2
493,f1.r1.-d2.-f0.-d1.d0.-r1.d0.-r1.d0.f2.-r1.d2.-r0.-d2.r0.f2.r0.-f2.-r0.d0.-f0.d0.f0.d0.d0.-f2
494,d2.r1.f2.r2.d0.-f2.-d2.d1.r2.r1.-f1.-r1.f0.-f1.-d0.-f1.d1.-r1.-d0.r1.-d1.r2.d0.f1.d1.-d0.-f2.r1.f2.-r1
495,f2.r1.d1.-f0.r2.-d0.d2.f0.-r1.f2.d1.f2.-r0.d2.d2.-f0.r0.f0.-d2.f0.r1.f0.-r1.-r0.d2.r0.-d2.r0.-r2.-f0.-r0.f0.r2.f0.f0
496,f2.d0.r0.-f0.d0.r2.-f1.-f1.-d2.-f0.r0.-d2.d1.d0.-r2.d2.-d0.r2.r2.d0.-r0.-f0.r2.d0.f0.r0.-f0.-r2.f0.-d0
497,-f2.-r2.d0.-f0.-d2.f0.-r2.-f0.-d0.-r2.r0.-d2.-r0.-d0.f0.f0.d0.f0.d0.r0.-d0.-f0.-d0.f0.d1.d0.-r2
498,-f2.-d2.-r0.-r0.d0.-f0.-f0.-r0.d2.d2.r0.-f0.-r0.r2.f2.f2.-d2.r2.r2.d2.-d0.-d0.-f0.-f0.d2.-r0.-r0.d2.r1.r1.f1.r1.-f1.r1
499,d2.f0.d2.r0.d2.-d0.-r1.d1.r2.f0.r1.-f0.-r1.-f1.f0.r0.r2.-f1.d0.-f2.-d2.-r2.d2.d0.r1.-d2.r1.r2.f1.-r2.-f1.-r1.f1.r2.-f1
500,f2.-r2.d0.-f2.d2.-r2.f1.r0.r0.f0.r2.-r1.-d2.r1.d0.d0.-r1.-d1.-r0.d2.r0.-d0.-r0.d1.d0.f0.-r0.f0
501,-d1.f0.-r0.-d2.-f2.r2.d0.-f0.d1.d1.-f2.-d1.-r2.f0.-d1.-r2.-d2.r0.-f0.r2.r2.f0.-r0.-f0.-d1.f0.d2.d1.r2.-d2.-r2
502,-d0.-r0.f1.-f0.-r0.-f2.-d2.r2.d1.-d0.d1.-r2.d2.d2.f0.d2.r2.d2.-d1.-f1.-d0.r0.r0.d0.f1.-d0.r0.r0
503,d0.-r1.-f0.-d2.-r0.d0.f0.d1.f1.r1.-d1.-d0.r0.-f1.d0.d0.-r0.-d0.r0.-d0.-r0.d1.r0.-f2.d0.f2.f0.r2.-r0
504,-r2.r0.f0.-d2.-r2.d2.-d1.-r2.-r0.-d2.-r0.-d0.d2.d1.-f2.d0.f0.-r2.-f2.r2.d2.f2.-d2.-r2.-r0.f2.d2.r0.f0.d2.-f0.d2
505,-f2.r0.-d1.r0.f0.-r2.r0.r0.-d2.-r1.d0.r1.r1.-r2.f0.d2.d1.f0.r2.f2.-r2.-f0.r2.-d1.r0
506,f0.-r2.f1.f1.r1.d0.r0.-d2.-d0.f0.r0.-d0.-r2.f2.f2.-r0.-f0.-f0.-d2.r2.r2.-d2.-r0.-r0.-d0.f2.f2.d0.-r0.-r0.d0.r1.-d0.-d2.f1.d2.f0.-r1.f1.r1.-f1.-f0
507,-d2.f1.r0.d1.r0.-d0.f2.d2.-r2.-d1.r2.-f1.f0.d2.r1.-d2.-r1.d2.-r0.d0.r0.-d2.-f1.-r0.-f2.r0.f1.-r0.f2
508,d2.f0.r0.f0.-d0.-f2.d1.r1.-r0.f1.-d2.-r2.-d2.r2.f0.d0.-r2.-f0.r2.-d2.f2.d2.-f0.-d2.-f2.d2
509,-r0.-r0.d2.-d0.-d0.-r2.-f0.-f0.r0.f0.f2.d0.-r0.-r2.d2.f2.f2.r2.r2.-d2.-d0.r2.r2.d2.r2.r2.f2.f2.d2.-f0.-d1.-r1.d1.r1.f0.r1.f1.-r1.-f1
510,r0.r0.f2.r2.-f2.f1.d2.f1.-d1.-d0.r2.d1.r1.-f2.d0.f1.-d0.f2.-f1.-d1.-f2.-d1.f1.-d0.-f1.d1.f1.f0
511,f1.-r1.-d0.r2.-r0.d1.f2.-r2.d0.f0.-d0.r1.-d0.r2.r0.d1.r1.-d1.-r2.d0.-r0.f2.-r0.-d2.-f1.d2.r0.-d2.d1.d1.f0.d1.f1.-d1.-f0.d1.-f1
512,-f2.-f0.-r0.d2.-d1.r0.-d2.-f2.r2.f0.-r2.-f0.-d1.r2.-d2.r2.f2.r2.-f2.r2.r2.-d2.-r2.f0.d1.-f2.-d1.-f0.d1.f2
513,-f0.-d2.r2.-f0.d2.-f2.r1.d0.-d1.f0.-d0.f1.-r2.d0.d0.-r0.-d0.r1.-d1.-f2.-d0.f2.-d2.-f2.d2.d2.d0
514,-f2.r2.f2.-r0.d2.f1.d1.r2.d2.-r1.f2.-r2.-d1.-f0.-d2.-f1.r2.f2.-r1.f0.r1.-f0.-r0.f0.-r1.-f0
515,d0.-f1.r2.f0.-d1.f0.-d2.f1.-d2.r2.-f1.r0.-d2.f0.d2.-r0.-d0.-r0.f2.r0.-f0.-r0.-f2.-f1.r0.-f0.-r0.f1.r0
516,-d0.-r1.-f1.d2.r2.f0.f0.-d0.f1.-d1.f1.d2.-d0.-r0.f0.r0.r0.d1.r1.-f0.-r1.f0.-r1.-d1.f2.d1.-f2.r1
517,-d1.r0.d0.f2.-d0.-r1.-f2.-d0.-r2.-f2.f0.-d0.f0.r0.f2.-f0.d2.-f0.d1.-f1.-d1.f0.-r0.-d1.-f0.-r0.f0.d1.-f0.r0.f0
518,-d0.-f1.-d0.-r1.-f1.r0.-d2.-r2.d0.r0.d2.-f1.-d2.f1.-f0.-f2.-r1.-r0.d2.-f2.r0.f2.-r0.d2.d2.-r0.-r0.-d1.-r0.-d2.r0.d1.-r0.d2
519,-d0.-r1.f0.d2.f2.-r0.d2.f2.r0.-d0.r0.d0.f2.f2.-d2.r1.d2.-f2.d2.f1.d2.f1.r1.-d1.-f1.-d2.-d0
520,d2.r0.f1.d1.d1.f2.r0.r2.f0.r0.f0.f2.f2.-r0.-d0.f0.-r0.-r0.-f0.-f0.-d0.-f0.-f0.-d0.-r0.-r0.d2.r2.r2.d0.f1.d1.-f1.-r1.-d1.r1.r1.f1.-r1.-f1
521,-d0.-f2.-d1.-r1.-f2.d2.-r2.-f2.d1.f2.-f1.-d2.-f0.-r0.d2.f0.r2.-f0.r0.r0.-d0.-f0.d0.-r0.-d1.-d0.-r0.d1.r0.-f2.-r0.f2.-d1.-f2.r0.f2.d1
522,-d2.f1.f1.d1.-f0.-f0.d2.d2.-f2.d2.-d0.-d0.-r2.f2.f2.d0.-f0.-f0.r2.f2.-d2.f2.f2.-d2.-d0.-r0.-r0.-f0.-f0.-d0.-r2.-d1.r1.d1.r2.-r1.-f1.-r1.f1.r1
523,-r2.-d0.f1.f1.d2.-d0.r2.r2.-f0.d2.-r0.f2.f2.d2.r2.d1.r1.-f2.r0.f1.-r1.-f1.r2.f1.-r2.d2.-d1
524,-r2.f2.-f0.r1.f2.-r2.-d2.-r1.r0.-d2.d1.-r2.-d2.-r1.-r0.f2.-r0.f2.r0.f2.-d2.-d2.-f1.d2.r0.f0.-d2.f1.d2.r2
525,-d0.f0.f1.d2.-d0.-d0.f2.r0.f2.r0.-d2.f0.-f2.-d0.-r0.-r2.f2.f2.d2.-r0.-r0.-d0.-r0.-r0.d2.r2.r2.-d2.d0.r2.r2.-f1.-d1.f1.r1.d1.f1.-r1.-f1
526,r2.-f0.-d1.r2.d2.-f2.d2.d2.d0.f2.r2.-d2.r2.r2.-f0.r2.r2.d2.f2.f2.-r0.-r0.f2.f2.r2.r2.-d0.-r0.-r0.r2.r2.d0.-r0.f1.r1.-f1.r0.f1.-r1.-f1
527,r1.f2.-d1.-r2.-f2.-r2.r0.-f2.r2.-d0.-r1.-r0.d2.-f1.-r0.f2.d2.r0.-d2.f1.-r2.f1.r2.-f2.-f2.-r2.-f1.r2.f2
528,f2.d1.-f1.-d2.-r0.-f1.-r1.d0.d0.-f2.r1.d1.-r2.-d1.-r0.d1.f0.r0.f0.r1.r0.-f0.-d0.f1.r0.-f1.-r0.-d1.-r0.d1
529,f2.-r2.d2.d2.-r2.-r2.-f1.-d2.f0.-d2.f0.r2.-d0.r0.f2.r0.-f1.r2.f0.-r2.-r0.-d1.r0.d1.-r0.-d2.f1.d2.-f1
530,-f0.-f0.r0.d0.-r0.-r0.d0.-f0.d2.f2.-r2.-d2.r0.-d0.-d0.-f0.-f0.-d2.f2.f2.-r0.-r0.d2.-f0.-f0.d0.r2.r2.-f2.d1.f1.-d1.f2.-f1.d1.f1.-d1.-f1
531,r1.d1.-r2.d2.f1.r0.d2.-r1.r0.-d1.-r0.d1.-f2.-d1.d0.r0.-f1.-r0.f2.r0.-f0.d2.-f0.-d2.f0.-r0.f1
532,f1.r2.r1.f2.d1.-r1.d2.-f1.d1.d2.-r2.f0.r0.f2.-r0.f1.r0.d2.-r0.-d2.r0.-d2.f0.-r2.f1.r2.f2.d2.-f2.-f0
533,r1.-d2.d0.-r1.r0.-f2.-r0.f0.-d1.d0.f2.-d0.-f0.r2.-d0.r0.r0.-d0.r1.d0.-r0
534,r2.f0.-d2.r0.-d1.r0.d2.-f1.r1.f0.-r0.f0.-d1.-f0.d2.-d0.-f2.d0.-r0.f0.r0.-f1.-r0.-f0.r0.f1
535,d2.-r2.d2.-f0.d1.f2.-f0.-d0.r2.r2.r0.f0.-d2.-f2.d2.f1.d2.f0.d2.-r1.-f0.d2.f0.-d2.r1.d2.-f0.d2.d0
536,f2.r0.r0.d1.-f1.r2.-d0.f2.-f0.-r0.-f2.-d2.-f2.f0.r0.f2.d1.f0.d2.d0.r2.-f0.-d0.-f1.-d2.-f0.d2.f1.f0.-r2
537,r2.f2.-f1.-r0.d2.f2.r0.-f2.f0.-r0.f2.-r2.-r0.-f2.-d0.f2.r0.d2.-f0.-r0.f0.d0.-r2.d0.r2.-f0.-r2.-d0.r2
538,f0.f1.d1.d1.f0.-r0.-r0.f2.f2.r2.d0.r2.r2.-f0.-f0.-r0.-f0.-d0.-r2.f2.f2.d0.-f0.-f0.-d2.r2.r2.d0.r2.r2.-r0.d1.f1.-d1.-f1.r0.-r1.-f1.r1.f1
539,f2.f2.-d2.d1.-r1.-f1.r2.-d2.f2.-r2.-f2.-d2.f0.-r1.-r0.-d1.f0.d2.d2.-r2.-d2.f0.r2.d1.-r2.-f1.-f0.-r1.f1.-r2.-f1.r1.f1
540,-d2.r2.f2.f2.-d0.-d0.f0.-r2.f2.f2.-r2.-f2.-r0.f0.d2.d0.-r0.-r0.-d2.-r0.-r0.-f0.-f0.d0.f2.f2.r2.r2.-f1.f2.-r1.f1.r1.-f2.d0.-f1.r1.f1.-r1.-d0
541,-d0.-f1.-d1.-r1.-f1.d1.-f2.-r0.-f2.f0.-d0.f1.d0.d1.r0.d2.-r2.-f1.r0.-f2.-r0.-f2.-f0.d0.f0.r0.r0
542,-r1.d1.r0.f2.-r2.-f1.f2.-r0.-r0.d0.f0.-r2.d2.f2.r2.f2.d2.r2.-d2.f2.f2.-d2.-r0.d2.f2.-d2.-f2.r0.r0.-f0
543,r0.d0.r1.-f0.-d2.-r0.-f0.-d0.-d2.-r0.-d0.r0.r0.f0.d2.-f0.-d0.-f0.-r1.f0.-d2.-r2.f0.-d0.-f2.-f0.-r2.f2.r2
544,-d0.-r2.-d2.-f2.r2.f0.r2.f1.-d0.-f0.d1.-r1.-f0.-d1.r1.d1.-f1.-d1.f0.d1.-r0.f1.-r2.-f1.r0.f2
545,d0.-r2.-r0.-f1.d1.f0.r0.f1.r1.f0.-r1.d2.d2.r0.-d2.-r2.-f2.d1.-d0.f2.-d1.r2.-r1.-f2.-r2.f2.r1.-f2.-f1.r1.f1.r2.-f1.-r1.f1
546,d2.f0.-d1.r2.d2.f1.d2.-r0.-f0.-d0.f2.f0.r0.f0.d2.-f1.r0.-f2.-d2.-r1.-r0.-f2.-r2.f2.-d0.f2
547,-f1.d0.f2.-f0.r0.-d2.-r1.-f2.-f0.r2.-r0.d1.r1.-r0.d2.r0.r0.-d2.-r0.d0.-r2.f2.r2.-f2.-d0.f2.r2
548,-f1.d0.-f0.r0.r0.-d2.r2.f1.-d2.r0.-d1.r1.-d2.r2.-d1.-f1.-r1.d1.-r2.-d1.f2.d1.-f2.-r0
549,-d0.d2.-f0.-f0.r2.r2.-d2.-f0.r0.f2.f2.r2.d2.r0.-f0.-d0.-d0.r2.r2.d0.-r0.-r0.d0.r2.r2.-d0.-r0.-r0.f2.f2.-r1.-d0.-d2.-f1.d2.r1.f1.-r1.-f1
550,f1.r0.r0.-f0.-d1.f2.-r0.-f2.r2.-d0.-f0.-r1.d0.-r0.-d0.-f0.d2.f0.-d0.r1.-d2.-r1.d0.f1.d0.-r2.-f1.r2.-d0.-f1
551,-r1.f2.d1.f1.-d0.-r2.-d2.-f0.-d1.f1.-d2.d1.-f0.d2.f2.r0.-f2.-r0.f0.r0.f0.f0.r0.d0.-r0.f0.-d2.-f0.-d0
552,-r2.f1.d2.d2.f0.-r0.-f0.d0.-r2.f2.-d2.-d0.-d0.-f2.-d0.-d0.f0.d2.-r0.-r0.f2.f2.-d0.-r0.-r0.-f0.-f0.-d2.f2.f2.-r1.r0.-f1.r1.f1.-r0.d1.f1.-d1.-f1
553,r2.-r1.-f1.-d2.r0.-r2.-f1.-r2.f0.r2.-d2.-r0.-f1.d2.-r0.-f0.d1.f0.r0.-d2.-r0.-f2.d0.f2.-d0
554,d1.-r2.d2.-f2.d0.f1.f1.-d2.-f1.-r0.f1.r0.f2.-d1.-f1.d1.-f2.d0.-f2.f1.f0.-r0
555,-r2.-d2.-f1.-r1.-d1.-r1.f1.-d2.-d1.f0.-d1.r0.-f2.-d1.r2.-d0.f1.d0.r0.-f1.-r2
556,-r2.d0.r1.r1.-f2.f0.-d2.d1.r2.-r1.-d1.-f0.r2.d2.-f0.-f0.-d0.-r0.f0.r0.d2.d2.-f1.d2
557,-d2.-f0.-d0.-r1.d2.-f2.-d1.-r2.d2.-r0.-r0.f2.d2.r2.-d2.-f2.-d1.r2.-r1.d1.r1.-d0.-r1.d2.-d1.d0.f1
558,d2.r1.f2.d0.r2.-d2.d1.f2.r2.d0.-f0.-f1.-d0.-f2.-d2.-f0.d2.r2.-d2.-r0.d2.-r2.-d2.r0.f2.r2.-f0.d2.-r2.-f2
559,f0.r2.f0.d1.r2.d1.r2.r2.r1.f2.f1.-d2.r2.f1.r0.-f1.r1.-r0.-d1.-r1.-r0.-f0.-d0.-f0.r2.f0.d0
560,f0.r0.-r1.-d0.-d0.-r0.f2.-r0.f2.-d2.-f0.r2.r2.-d0.-f2.r0.-d2.f2.f2.-d0.f2.f2.-r0.-r0.-d0.f2.f2.d0.d1.f1.r1.-f1.-d1.-r1.-f0.r1.f1.-r1.-f1.f0
561,-d1.f2.f2.d2.-f1.-r1.d2.d2.-r0.f2.-d2.-r1.-f0.r2.d2.r2.f0.r0.-d0.r1.d0.d0.f0.-r1.-f0.d0.f0
562,-d1.f0.-d0.-f2.d2.f2.f2.-r0.f2.d2.-r2.r0.r1.-f2.d2.-d1.f0.-d2.-f1.d2.f1.d2.-f1.-d2.-r2.-f1.d2.f1.-d2.f1
563,-d2.f2.-r2.-r0.-f1.-r0.d2.f2.-d2.-r2.-d0.r0.d0.r2.d2.-d1.r1.-f0.-r1.-d2.-f1.f0.-d2.f1.f0.-d2.f2.r2.-f2
564,d2.r1.f0.d0.-f1.r2.-d2.-f1.d2.d2.-f0.d2.r2.f2.-d0.f2.-r2.-d0.-f2.d0.f2.-d1.-f2.d1.r2.-f2
565,r2.-f2.-d2.d0.-r1.-f2.d2.d2.d0.f1.d2.-f0.d0.-f2.-d0.-f2.-d0.f2.-f0.d0.f2.f0.-r0.f0.r0
566,r2.d0.f2.-r2.f1.-r2.r0.-d2.r2.f1.-d1.f0.f0.r1.-d2.r1.d2.-f0.-d1.-r0.f1.r0.d1.d0.-f0.r1
567,-r0.f0.-r0.-r0.-f0.-f0.-f2.-d0.-r0.-f2.-d0.-d0.r0.f2.f2.r0.f2.f2.r2.r2.f2.f2.-d2.-d0.-d0.-f0.-f0.r0.-r1.-d1.r1.d1.-r0.f0.f1.d1.-f1.-d1.-f0
568,d1.-f0.d0.f2.r2.-r0.r2.d1.f0.-r2.d1.-d0.-f0.-r2.d1.d0.-r2.f2.-r1.f2.r1.-f2.-d1.f2
569,-r2.-f2.-d2.f2.r1.f0.r2.r2.f0.d1.d1.r0.f0.d0.-f0.r0.-d0.r0.-d2.f2.f2.r0.f1.-d2.r0.d2.-r0.d2.-f1
570,-r2.-f0.-f1.-d0.-r0.f2.-r0.d2.d2.-d0.-f0.-f0.d2.f2.d2.d2.r0.-f0.-f0.-d0.-f0.-f0.f2.f2.d0.f2.f2.d2.d2.-f0.-f0.-d2
571,-d2.f1.d2.-f0.-r2.r0.f2.-d1.f1.d1.d2.-f0.-r1.-d0.r2.-d2.-r0.d2.r2.r2.r1.-d2.f0.r2.f2.-f0.d2.-f2.-r1.f2.-d2.-f2.r1
572,d0.-r0.d2.f2.f2.-r2.-f1.r0.d1.-f0.r0.-f1.r1.d2.-r2.-d2.-r1.d2.-d1.-r1.-f1.-r1.-d2.-f1.d2.-f1.r2.f1.r1.-f1.-r2.f1
573,d1.-r2.f0.f0.d2.f0.r2.r1.r2.d1.-r2.-f2.-d1.r0.d0.d0.r1.-r0.-d0.f1.d1.-f1.-d2.f1.-r2.f1.r1.-f1.r2
574,-r0.d2.r0.r2.r2.-f0.-r0.-d0.f2.r2.-f2.-d0.-d0.f0.d0.-r0.-r0.f2.f2.d0.r2.r2.d2.f2.f2.r2.r2.-d2.-f0.-f0.f2.-r1.-f1.r1.-f2.f1.f1.d1.-f1.-d1
575,d1.-f2.r2.-f2.d1.d2.-d0.-f2.r0.-f2.r2.f2.r1.-d2.-f2.d1.d0.f0.r0.f1.-r0.-d2.r1.d1.-r1.f1.-d1.-r1.-f1
576,-d2.-r0.-r0.f0.-d0.-r0.-r0.f2.d0.r0.r2.-d2.f0.-d2.-d0.-f0.-f0.r2.r2.-d2.d0.-f0.-f0.-d0.-f0.-f0.-d1.r1.d1.-r1
577,r2.-d2.f0.-r2.f1.-r2.-d1.f1.d0.r1.d0.f0.d2.f2.f2.-d2.f2.r0.f1.-r0.f0.-d1.-f0.d1.d0.-r2.d1.r2.-d0
578,-r0.-f1.-d0.r0.-f2.d2.-d0.-f2.-d2.-r0.d0.-f1.-r1.-r0.-f0.-f0.d0.f0.f0.d2.d0.r0.d0.f2.r0.-f2.-r0.-d0.-r2.-r0
579,-r1.f1.d1.-d0.-r0.-d1.r2.-r0.-d2.-d0.-r2.d2.r0.d2.f2.-d2.-f2.d2.d2.f2.-r1.d2.r1.-f2.r2.r0.f0.-r0.f0
580,-d2.-r2.f1.-d0.-r2.-f0.-r2.-d0.r0.f2.r2.r2.-r1.r0.d0.-r1.-d0.-r1.d2.f0.-d0.-r1.d2.f0.-d2.-f1.d2.-f0.-d2.f1
581,d2.d2.d0.f0.r2.-r1.-d0.-r2.r0.f2.-f1.d0.r0.-d0.-r2.-f0.-d0.f0.r2.-d1.f1.d1.f2.-r0.-d1.-f1.-f0.-r1.-f2
582,d0.f2.-r2.-f0.r0.-d1.-f2.-r0.-f0.r1.-f2.r0.-f1.d1.f1.-r2.-r0.d0.r0.d0.d0.r2.f2.-r0.-f0.d1.f0.d0.-f0.-d1
583,-f2.-d0.r2.r2.f2.d2.r2.-f0.-r0.d0.-f0.d2.r0.-f0.-f0.r2.r2.-d0.-r0.-r0.r2.r2.f2.f2.d2.-f0.-f0.f2.f2.r0.-d1.-f1.d1.f1.-r0.-r1.f1.r1.-f1
584,r2.r2.f1.-d2.f1.-r2.r0.f1.r1.f0.-d2.-r1.f1.-d2.-d1.d0.r2.-d0.-r2.d2.-r2.-d2.r0.d2.-f0.r2
585,-d1.d0.-f2.-r0.f1.-d0.d2.f1.f1.d0.d1.d1.r0.-f2.-d2.-f1.d0.-f1.-d2.f0.d2.f1.-d2.-f0.d2.-f0.d2
586,r1.d1.r1.-d2.r2.d2.-r2.-f1.d1.d1.-r1.-d0.r2.r1.f2.r2.r2.-f2.d0.f0.r0.-f0.r2.f0.-r0.d1.f2.d2.-f2.-d1.f2.-d2
587,f0.-r0.-r0.-f2.-r2.f2.f2.-r0.-r0.-f0.-f0.r2.r2.-f0.r2.f2.-r0.d2.d2.-d0.-r0.-r0.-d0.-f0.-f0.d2.f2.f2.r2.r2.d0.-f0.-f0.r1.r1.d1.r1.-d1.r1
588,d2.-r1.f0.r2.-d1.-f1.-d1.f2.r1.r2.d2.-f2.-d0.f2.d2.d2.f0.-d2.f2.-r1.d2.f1.-d2.-f1.r1.-f2.d2.f1.-d2.f2
589,d2.-r1.r0.-d2.-r0.d1.f2.r2.-f2.d0.d0.-f2.d1.d0.-r2.-d2.-f2.-d2.-f0.d2.f2.r0.f0.-r2.-r0.-d1.r0.d1.-r1.-f1.-r1.-d1.-r0.d1.r1
590,-r0.f2.d1.f1.r2.d1.r2.d0.f1.-d2.r2.-f0.d0.f0.-d0.r2.d0.d2.f1.d1.-r1.-d0.-f2.-d0.f2.r1.-f2.-d1
591,-d2.f1.r0.f2.r0.-d0.f0.f0.r2.-d0.f0.-d0.f1.-d2.-f1.-r2.f1.f1.d0.-f1.f0.-d0.-f0.r2.d1.d0.-f2
592,-d2.f1.f1.d1.d2.-r2.-f2.r2.d0.r0.f2.f2.r0.-d0.-d0.f0.r2.-f0.-f0.-r0.-r0.d0.f2.f2.-d0.f2.f2.r2.r2.d0.f1.-f2.r1.-f1.-r1.f2.-d1.-r1.d1.r1
593,r0.d2.f1.f1.r1.d2.-f2.r2.d2.d2.-d0.-d0.r0.-f2.-r2.-f2.-d2.f0.d2.d2.f2.f2.-d0.-f0.-f0.-r0.-r0.-d0.r2.r2.d0.f2.f2.d2.d2.d1.-f1.-d1.f1.r1.f1.-r1.-f1
594,d2.-r1.f2.f2.-r0.f1.-d2.f0.d2.-d1.-f2.d1.f2.d2.d0.r0.f0.d0.d0.r1.-d1.-r1.-f0.d1.-f2.-r1.f2.-d1
595,r0.f2.d1.-f2.-r1.f2.-f1.-d1.r0.-f1.-r0.-r2.-d2.r0.d0.-r2.-f0.d2.-f0.r2.d0.f2.-d0.-r2.-d0.r2.d0.-f2.-f0
596,d1.-f0.r2.-f0.-d0.-f2.r0.d0.r0.f0.-d2.-d0.-r0.f2.-f1.r1.-f2.-f0.-d2.d0.d0.-f2.-d0.-r0.d0.d0.-r0.d0.d0.r0.-d0.f2
597,-f0.r0.d2.r2.-f2.-r0.-r0.f0.-d2.f0.-d2.-f2.-r0.-r2.f2.f2.r2.r2.d0.-r0.-r0.-d0.-d0.-f0.-f0.d2.f2.f2.-d2.f2.f2.r1.-r2.-f1.-r1.f1.r2
598,r0.d2.-f2.-r2.-d0.-r2.-f0.r0.d2.f0.-r0.-r0.f0.-d2.-r0.-r0.f2.f2.r2.r2.d2.f2.f2.d2.d2.-f0.-f0.d0.f2.f2.f1.-f2.-d1.-f1.d1.f2.-f1.-d1.f1.d1
599,-f2.-r2.f2.r2.-f2.-r2.f0.r1.r1.d2.f2.-f1.d1.d1.r0.d1.f1.-r1.-f1.d0.-f0.-d0.f1.r1.-r0
600,-r1.d2.f1.-r1.-f2.-r2.d0.-r1.-f1.d1.f2.f2.r2.f1.-f0.-f0.d0.r1.-d0.f1.f1.d2.f0.r1.-f0.-d2.f0.-r1
601,r1.-d0.-f0.-d1.f2.-r0.-f1.d0.d0.-r1.-f0.r1.-f2.d0.-d2.-r0.-d0.r0.f2.-d0.-f2.-d1.-f2.-f0.-r1.f0.d0
602,-r0.-f0.-d2.r2.-f2.d0.f2.-f0.-d1.-f2.-r2.r0.d2.-r0.d1.f2.-d1.f1.r0.-d2.r1.-f0.d1.-f2.-r1.f0.r1.f2.-d1.-f2
603,f0.f1.-d0.f0.d2.f2.f2.-d2.r0.f2.d0.-r2.d2.d2.r2.-d2.f2.f2.-d0.-r0.-r0.f2.f2.-d2.-f0.-f0.-d0.-d0.-f0.-f0.d0.f0.-d1.f1.d1.-f1.-f0.d1.-r1.-d1.r1
604,-f1.d2.f2.d1.-r2.f1.d2.f1.r1.-r0.f2.-d2.d1.d0.-f2.r2.-f2.d1.f2.-r2.r0.-d1.-f1.-d0.f1.d1.f2.f0.r0.-f0
605,-d1.-r1.r0.-f0.d0.r2.d1.r2.-r0.-d0.f2.-d1.f2.f0.r1.d2.-r1.f2.-f0.-d0.r2.-d1.r0.d1.-r2.-d1.-r0
606,-f0.r0.-d0.-f2.f0.-d2.-r2.d1.-r0.-d2.-f2.d1.-f0.r1.-d2.-r1.d0.f0.r1.f1.f1.d0.r1.-d0.-f1.r0.-d2.-f1.d2.f1.-r0.-f0.r0.-f1.-r0.f0
607,-f2.f0.r2.-r1.f0.-d2.-d0.f2.-r0.f2.-r1.-d0.-f1.-r0.d2.r2.f1.-r2.-f1.f0.-r2.-f0.r0.f0.r2.f1.f0
608,-d2.-f0.-r2.d2.-r2.-f0.-d2.-f2.-d1.-d1.r2.d2.r0.d2.f0.r1.f1.-f0.-r2.-f1.d1.f1.-d1.r1.d1.r2.-d1.-r1
609,-d0.-r2.f1.f1.r1.-f0.-d2.f0.-d0.-d0.f0.f2.r2.-d0.r2.-d0.r0.-d2.r2.r2.f2.f2.-d2.r2.r2.f2.f2.d0.-f0.-f0.f2.f2.-d2.d1.r1.-f1.-d1.f1.f1.-r1.-f1
610,d1.d0.d0.f1.-r2.f1.-d2.-f0.r2.-r0.-f1.r0.r0.f1.-r0.d2.d0.-f2.-f0.-f0.-r2.r0.-f0.-r0.f0.f0.r2.-d0.f0.-r0.-f0.r0.d0.f0
611,f0.f1.f1.-r1.-f2.d2.-f2.-d2.-r0.-d0.-d0.f2.-r0.-r0.f2.-d2.f2.d2.-r0.-r0.-f0.-f0.-d0.-r0.-r0.-d2.-f0.-f0.-d2.-f0.-f0.r2.r2.f0.d1.r1.-d1.-r1.-f0.f1.-r1.-f1.r1
612,d0.r0.-d0.-f0.d1.f0.d0.r0.d2.-r2.r0.-f0.-r0.d2.-r1.d2.-f0.d2.f0.d2.r2.-d1.-r1.d0.r0.-d0.r1.d0.-r0.-d0
613,f2.r0.d2.-f0.d0.f2.r0.-r2.d0.r2.d2.d2.-f0.r0.d2.f2.f2.d2.f2.f2.d2.-f0.-f0.-d0.-r0.-r0.-d0.-r0.-r0.f1.-f2.-r1.-f1.r1.f2.-r1.f1.r1.-f1
614,-d0.r2.d2.f2.-r0.-r2.d1.f0.r2.-d1.f1.d2.r1.f2.r0.-f2.r2.-f2.-f0.d0.f0.-r0.d1.r0.-d0.-r0.-d1.r0
615,r0.-f0.-r2.f1.r0.-d2.-f1.-f0.-r2.r0.d2.r1.d0.r1.d2.-d1.-f2.d0.f2.r0.r0.f1.r0.-d2.-r0.d2.r0.d1.-r0.-d2.r0
616,-d0.-f0.-r2.-f1.d0.r2.-r0.-d1.-r0.f2.d2.r0.f2.d1.-f1.-d0.f2.d1.d1.-r0.d0.r0.d1.d1.-r0.f1.r0.f0.-r0.-f1.r0.-f0
617,r0.-f2.r1.-d2.f0.-r2.-d0.-f2.r0.f2.d2.-r2.-d2.-f2.-r0.-r0.r2.r2.-d2.-f0.-f0.r2.r2.-d0.-r0.-r0.-d2.-f0.f1.r1.-f1.-r1.-f0.-d1.-r1.d1.r1
618,r2.-d0.f2.r1.d2.r2.r1.f2.r2.f2.f2.-r2.f2.-d0.-r2.-f2.-d0.-d1.r2.-d0.r2.d2.-r2.d1.r2.f2.r0.-d2.-r0.-f1.r0.d2.-r0.f1
619,-r0.d0.f0.-r1.-f1.-d1.f0.-d2.r0.d2.d2.-r2.-d2.r2.-d2.d0.f2.d1.-f1.-d1.-f2.-r0.-d2.r0.-d1.-r0.d2.r0.d1
620,d1.-r2.f0.d2.-f1.-d0.-f2.d2.-d1.r2.-f1.d2.f1.-d0.-d2.-r2.d0.-f2.-d2.f2.d2.-r2.-f2.r2.f1.-r2.f2.r2
621,f2.r0.d0.-r0.d0.-f1.-r2.-d0.-d1.-f2.-r1.-f1.-d2.-r2.f0.d0.f1.-d2.-d0.f2.f2.-r2.d2.r1.-d2.r2.-f2
622,f1.-r2.-d1.-f1.r0.f2.r2.-d0.r0.f2.-f0.r0.-d1.-f2.d1.-r2.-r0.-d0.-r1.-r0.f2.r0.-d0.r1.r2.-f2.-d2.-r2.d0.-f0
623,-d0.-f0.f1.f1.d1.-r0.-f2.-d2.r2.-d0.-f2.-r0.-f2.r2.-f0.r2.d2.d2.d0.r2.r2.d2.f2.f2.-r0.-r0.-f0.-f0.d0.d0.-r1.-f1.r1.f1.-d0.d1.f1.-d1.-f1
624,-f0.-d2.-r2.d2.d2.-d0.-r0.f2.-d2.r2.-f2.-r0.f0.r2.r2.-f0.-f0.-d0.r2.r2.-d0.r2.r2.f2.f2.d2.-f0.r1.d1.-r1.-d1.r1.f1.-r1.-f1.-f0
625,d2.-f0.-r1.-f2.r0.-f0.-r2.-d2.f2.r2.r2.-d0.f2.f2.-d2.-f0.d0.r2.f1.-r2.d1.-r2.-d1.r2.f0
626,-r0.-d2.-r2.-f1.-r2.r1.-d2.-r2.f1.r0.f0.-r0.-f2.-r1.f2.r1.d0.f1.-r2.-f1.r2.d1.f2.-d1.f0.d1.-f2.-d1
627,d0.f1.f1.d1.-r0.-d0.-d0.-f0.d2.d0.-f0.-f0.r0.-d2.-d0.f0.-d0.-f0.-f0.d2.-f0.-f0.-d2.r2.r2.d2.-f0.-f0.r2.r2.d0.-f0.r1.d1.-r1.-d1.f0.-f1.-d1.f1.d1
628,-f1.-r2.d2.-f1.f0.r2.-r1.f2.-r2.-d2.-r1.-d2.f1.d2.d2.-d0.r0.f0.r0.-f0.r0.r0.-f0.d2.f2.-d2.-d0.-r2.d0.f0
629,-r0.f2.d2.r0.d0.r0.-d0.r2.-d2.f1.-r0.-f1.d0.f0.d2.d1.r0.-d0.-d0.-r0.d0.r2.-d0.-r2.-f2.-d0.f2.-r1.-f2.d0.f2
630,-f1.d2.r0.f1.d2.f1.r2.f1.-f2.d2.d1.-r2.-d0.f0.d0.-f0.d2.f0.d2.-f0.-r1.f2.f0.d0.-r2.-d0.-f2.-f0.r1.f0
631,-r0.-f0.-r0.-d0.r2.r2.f0.-d2.f2.d2.r2.r2.d2.r0.-d0.-r0.-r0.-d0.f2.f2.-d2.-f0.-f0.d2.d2.r2.r2.f2.f2.r2.r2.-r1.-d1.r1.d1
632,f1.-d2.r1.-f2.d2.r1.d1.-f0.-d2.f0.r0.-d0.r0.f0.-r1.f0.f0.-r0.f0.r0.-f0.-r0.-f0.-r2.-f0.d2.f0.f0.-d2.f0.r2.r2
633,-r0.d0.f0.-r0.f2.d2.f2.-r0.-r0.r2.r2.-d2.-f0.d2.d2.f2.f2.-d0.r2.r2.-d2.-f0.-f0.d0.-f0.-f0.f2.f2.-d2.-f2.d1.r1.-d1.-r1.f2.f1.d1.-f1.-d1
634,f2.-d0.-r0.-d2.f2.-f1.d2.-r1.r0.f0.d0.f1.-r0.-d1.-r1.r0.-f1.r1.f2.r0.-f2.-r0
635,r1.-f1.r1.d0.-f0.-r2.f1.-d0.-f1.f2.-d2.-d0.f0.r0.-f0.-r1.-f0.-r0.f0.-r2.-d2.-f2.-d1.f2.d1.-r0.f2.r1.f1.-r1.-f2.r1.-f1
636,f0.d0.-f2.-r0.-f2.d2.-f0.-r0.d2.f2.f2.-d0.-r2.-f2.r2.r2.d2.-r0.-r0.-d0.-d0.-r0.-r0.-d2.f2.f2.-d0.-d0.-f0.-f0.d0.-r1.-d0.-d2.-f1.d2
637,-d2.-f1.-r0.-f0.r1.-f0.-r0.d1.-d0.-r0.-f1.d1.-r1.f0.d1.-f0.r2.-d1.-f1.r1.d1.-r2.-r0
638,f0.r0.-d0.r0.-d2.-f1.-d2.r2.r1.-d1.d0.r2.r1.-d2.r0.r0.-f2.-d0.r0.f2.d2.-r0.f0.r0.-f0.-r0.-f0.-r0
639,f2.-r0.-d1.f2.-f1.r0.-d0.r2.-d1.r0.d2.f2.-f0.d2.-d0.r0.r0.-d2.r2.-d2.r0.r0.d2.-r2.-d2.d0.-f0.-d0.f1.d0.f0.-d0.-f1
640,-d1.r0.d2.-d0.r2.-f0.d1.d0.-r1.r0.-f2.r0.d2.f2.d1.-f2.r1.d1.-f0.-r0.f0.-r0.-d1.r0.-d2.-f2
641,-d2.r1.-f1.r0.-d2.f0.r2.-d2.r0.-d1.r2.-d2.r0.r0.d2.d2.-r1.f2.r1.-f2.r1.-d1.-d0.-f2.f1
642,-d2.f0.-d2.f0.-r0.-f1.-d2.d0.-f1.-d0.-r0.-r0.-f1.r0.-f1.-d0.r1.f1.f1.r1.f1.d1.r1.r1.-d2.-r1.d2.-r0.f2.r0.-f1.-r0.-f2.r0
643,d0.-r2.f1.-r2.f2.r1.-d1.f2.r0.f1.-r0.f1.f2.r2.f0.d2.-f0.-d2.f1.-f0.d2.f2.-d2.f0.d2.f2.r0
644,-f0.-r0.f0.-r0.-d0.-d0.r0.-f0.-f2.-d0.f2.-r2.-f0.-r0.-r0.-d0.r2.r2.d2.f2.f2.-d2.-d0.-r0.-r0.-d2.d0.r1.-f1.-r1.f1.-d0.f1.d1.-f1.-d1
645,f2.r2.d1.d1.-f1.-r0.f0.-r2.-d0.f1.d0.-r2.-d0.-r1.-f2.r1.d1.r1.d2.-r1.f2.r1.-d2.-r1.-d1.-f2.d1.d0.-r0
646,-r0.-d1.-f1.r2.d0.-f0.-d2.d0.r2.-d0.-f0.r2.d1.d0.f0.d1.d0.r0.f0.-r2.-f0.d0.-r1.d2.r1.-d0.r2.d0
647,f2.f2.-r0.d2.f2.d2.-f1.-d0.f0.d2.-r0.-f0.-d1.r1.d0.-r1.f2.-f1.d1.f1.-d0.-f1.d2.-r1.-d2.-r1.d2.-d1.-f0.-d1.f0.-d2.-f0.d1.f0
648,-f0.r0.-f2.-f0.d0.-r1.-d1.r0.f0.r2.f0.f0.r0.-f2.r2.-r0.-f2.d0.-r2.-d0.f2.d0.-f1.r2
649,f0.d0.r2.f2.-r0.f2.f2.-d2.f0.d0.-f2.-r0.d2.-f0.-r0.-r0.-f0.-f0.-d2.-r0.-r0.-d0.r2.r2.f2.f2.d2.d2.d0.r0.r1.-d1.-r1.d1.-r0.-f1.r1.f1.-r1
650,-f0.d0.f1.-r1.-d2.-f0.-d2.r0.f0.f0.d2.f0.d2.r2.-d0.f1.r2.r1.f0.d2.f0.-r2.-f0.-d2.-r1.-f2.-d2.f2.d2.-f1
651,r0.f0.d0.f2.-r1.d0.r0.-f0.-r2.-f1.-d0.-r0.-d2.-r2.-d2.-f0.r0.-d1.r1.d0.-r1.-d0.r1.d1.d0.-f1.d0.f1.d0
652,d2.f0.-d0.r0.-f2.d0.r2.-d2.-r2.-d0.-f1.r0.f1.-r2.-r0.f0.r0.d1.f0.-d1.d0.-r2.-r1.-f0.d1.-f0.-d1.f0
653,r2.d1.-r1.f1.-d2.d1.-r0.-f1.-f0.-r0.r2.-d0.-r1.r0.r2.-d2.d0.r0.r0.d2.-r0.-d0.r2.r2.d0.r2.r0
654,r2.r2.d0.r0.-f0.d0.-r0.f2.-d0.f0.-d2.-r2.d0.-r1.-f2.-f1.-r2.-f0.d1.f0.-r0.-d1.-r2.d1.r0.-f0
655,r0.d2.f2.r2.-d1.-f2.r0.-f2.-f2.-d2.d1.d0.r1.f0.r2.-f2.-r2.f1.-r1.-f0.-f1.-r0.-f2.-r1.f1.r1.-d0.-r1.d0.r2.-d0.r1.d0
656,-r2.d1.d1.-r0.d0.f0.-r2.f0.r2.-d2.-f2.-r1.-f2.d0.d1.r2.r1.f1.d2.-r2.r1.d2.-d1.-r1.d0.r1.d1.-d0.-r0.d0.-r1.-d0.r1.r0
657,d0.-r0.-f1.r2.-r0.f2.-f0.-r1.d2.-d0.r2.-d0.f2.f2.-d2.f2.d0.-f2.-f2.r0.-f2.-r0.-d2.r0.d2.-f2.-d2.-r0.d2.f2.f0
658,d0.-f0.r0.r0.d2.-r1.d2.r0.-f0.-r0.f0.-d2.-f0.-d1.-d0.-f2.d0.-f0.-r0.-d2.r0.f0.d2.f2.r2.f0
659,-d0.f0.-d1.d2.f2.r2.-d2.-f2.-r0.-r2.-f0.-f0.-d2.-r0.d0.-r0.-r0.r2.r2.-d0.-f0.-f0.-d2.r2.r2.f0.f1.-r1.-f1.r1.-f0.-r1.f1.r1.-f1
660,d1.d0.-f0.-r1.-f1.d2.d2.r2.-f2.r2.-d2.f2.r2.-f0.r0.d0.r0.-d0.f1.r2.f1.f1.-r2.f2.r2.f1.r0.r0
661,-d0.-f2.r0.-f1.r2.-d0.f1.d2.-r1.f0.-r0.f0.f0.r0.f0.r0.d1.-f0.-d1.-r1.-r0
662,-r2.-d1.r0.f2.f2.-d2.f1.f1.r0.-f2.-r0.-f0.-r1.-f0.r0.-d1.-r0.-d2.-f1.d2.-r1.f1.d2.r1.-d2.-r1
663,-d1.-f1.f0.d2.r1.d2.-f0.-d1.-f2.-d0.r2.-d1.d0.r1.-f1.d2.f1.-r2.-r0.d1.-f2.-d1.-r1.f2.-r2.-f2.r0.f2.r2.-f2.-f0
664,-r1.d2.-f2.d2.-r2.f0.-d0.f1.f0.-r0.d2.-r0.-d2.f2.-d2.-r2.d2.-r0.d0.r0.d1.-r0.d0.d0.r0.d0.r0.f2
665,r1.-f0.d2.f2.f2.-d0.-f1.d2.f0.r0.f2.-d0.f1.r1.d1.-r1.-r0.d2.-f0.-r1.f0.f1.-d1.-f1.d0.r1.r0
666,-f1.-r0.f2.-r1.-d0.-f0.-r2.-f2.-r1.-r0.-d2.-f2.-r0.-f2.r0.-d2.f2.-r2.-f2.-d0.-f1.d0.r2.-d0.-r2.-f0.d2.f0
667,d0.-r2.d2.d2.r2.-f2.d0.f2.f2.r0.d2.f0.f2.-d0.-d0.r0.d0.f2.f2.-d2.-r0.-r0.r2.r2.-d2.-f0.-f0.-d0.f2.f2.-d0.r1.-f1.r1.f1.r1.r1
668,-r0.d2.f2.-d0.f1.d2.f0.f0.-d1.f1.-d0.r0.d2.d0.r0.f1.r0.r0.-f0.r0.-f2.-r0.-f1.f0.r0.f2.-r0.f1
669,-r2.d0.r2.-r0.f2.f1.-r1.-f2.-r0.d0.f2.f0.-d0.-f0.d1.-f1.-d1.f1.r1.f0.f0
670,d1.f0.r2.-f1.r2.f2.d2.-f2.f0.d2.f2.r2.-d0.f0.d2.d2.-f0.d0.r0.f1.-d0.-d1.f0.d1.-f0.d0.-f1.-r2.-r0.-d1
671,-r0.-f1.-d0.-r0.-d0.d2.f0.r2.d0.f1.r0.f2.r2.f0.r2.-r1.-d1.d0.-f1.d1.f1.-d0.-f1.-r1.f1
672,f1.-d1.-r0.-d0.-f2.-r1.-f2.d0.r2.-f2.-d2.-f2.-d0.-f2.-d2.-r0.d2.d2.-r0.-d0.f2.d0.r0.-d2.-r2.-f2
673,-d2.-r2.-d2.-f1.-d2.f2.-f1.-r1.f1.-r0.-f0.-d0.r2.f0.d2.-f0.-r0.d0.r0.-d0.r2.-f2.-d2.f2.d2.f2.-r2
674,r0.-f0.f2.-d0.f2.f2.-d0.r2.r2.-f0.-d2.f2.-d2.r0.f0.f2.f2.-d0.-r0.-r0.-f0.-f0.f2.f2.-d0.-f0.-f0.d2.-d0.-d0.f2.-r1.f1.r1.f2.-f1
675,-r2.d2.d2.-r2.-f1.d2.-d0.r2.-r0.f2.r2.-f0.r2.-r0.d0.-r2.-d0.f0.r0.-f1.f0.f0.r2.f1.d0.f1.-d0.-f1.-d0
676,-d2.-f1.r2.-r0.-f0.f1.-r0.-f2.-r1.r0.-d0.-r2.-d2.-r0.d2.-d0.-f0.r1.-d0.-r0.-d0.r2.d0.r2.r0.f1.-r2.-f0.r2.-f1.-r2.f0
677,f0.f0.r1.-d1.-r0.d1.-f2.-d0.-f2.-r0.-d2.-f0.-d1.-f2.r1.-d2.f2.d2.f2.f2.r1.-f2.-d2.d1.-r0.-d1.r0.d2.f2
678,f2.r1.f2.d0.-r2.-d0.f2.d2.-f2.r2.-f0.r2.r1.-r0.-d2.-r2.r0.f2.-f1.-r1.-f2.f1.f1.r1.d1.-f1
679,r1.-d0.f0.r1.-d0.-f1.-d2.-f2.d2.-r0.-d2.-f2.-d2.d0.f0.-d2.f1.-r2.-d2.-r1.-r0.d2.d0.-f2.r1.f2.-r1.d1.r1
680,-d0.f1.r0.d2.f2.-r2.-f0.-r0.-f2.-f1.-d0.-f0.-d2.-f2.d0.f2.f2.d1.-f2.r1.r0.d1.-r0.-d1.-f2.-r1.f2.r1.f2.-r0
681,-r2.r0.f2.-f1.-r1.d0.-r1.-r0.-d2.-d0.-f2.-r0.-f1.f0.-r2.-d2.-f2.d0.r0.-f0.-d0.f2.d2
682,d0.r0.-f0.-d2.r1.r1.-f0.-f0.-f1.d1.-r0.d0.r0.f1.d1.-r1.d0.-r0.f1.r0.-d1.-d0.r0.-f1.-r2.f1.r1.-f1.r2.f1
683,-f0.d2.-f2.-r0.-r0.-d2.-f0.r0.r2.d0.f2.-r0.-f0.r2.r2.d2.r2.r2.-f0.-f0.d0.-r0.-r0.d2.-r0.-r0.d2.r0.d1.-r1.-d1.r1.-r0.f1.-f2.-r1.-f1.r1.f2
684,d0.r2.d0.r1.f1.-r2.f1.-d2.-f2.-r2.r0.-f2.r0.d0.f0.-r0.-f0.-f2.d0.f2.d0.d0.f0.d0.-r0.-d0.-f2.-f0
685,r1.f2.r0.d1.r0.d2.f0.d1.-r1.f1.d2.-r2.d2.-r2.-f0.r0.d2.-f0.-d2.-r0.-f2.-r0.f2.r0.d2.f0.-d2
686,-r1.f0.-r2.f2.-d2.-f0.d0.d0.-f0.-r2.-r2.-d1.-f2.-r0.-r1.d2.f2.-f0.-r1.f0.-d2.d1.r1.-d1.-r1.d2.r0.-f0
687,-r1.d0.-r1.f0.r2.-f2.-d0.r0.r0.f2.f1.-r2.-r0.-d2.r1.f1.r1.-r0.d2.-r2.f1.f1.r2.-d2.r0
688,r2.-f0.-d1.f1.-d2.-r0.f0.r1.r1.f0.-d0.f2.-f1.-f0.-d1.-f2.d1.-r2.f2.r1.-r0.f1.d1.-f1.-r1.-f2.f1.-f0
689,d1.-r0.-f0.r2.-f1.-r2.-d2.-d0.r1.f1.d1.f0.r0.-f0.-d2.d0.r0.-d0.-r2.d0.r0.-d0.r2.f2.r0.-f2.r0
690,d2.-r2.-f1.-d0.r0.-d2.r0.-f0.r2.-d0.-r0.f0.d0.-f2.r2.r2.d2.-d0.-r0.-r0.d2.-f0.-f0.f2.f2.r2.r2.-d2.f1.d1.-r1.-d1.r1.-f1.r1.f1.-r1.-f1
691,f2.r2.f1.f1.-r1.-f0.r0.f2.-d2.r2.-d0.-d0.-r0.d2.-f2.r0.r2.r2.d0.f2.f2.d0.-r0.-r0.-d0.r2.r2.d2.-d0.f2.f2.f1.d1.r1.-f1.-r1.-d1.r1.f1.-r1.-f1
692,-d1.f2.-d1.-r2.d0.-r2.r1.d0.f2.f2.r1.-d2.r0.d0.d0.-r0.f2.d1.-f2.-d1.r1.f2.-r1.d1.d0.-f2.-f0.d0
693,r2.f0.-r1.r0.f1.-d2.d1.r2.-f2.-d2.r2.-f2.-d1.f2.-d2.-r2.-d1.f2.d1.f0.r0.-d2.-f2.d2.-r0
694,d1.r1.r1.-f1.-r2.-d0.-r2.f2.-d0.-d2.r1.-f2.d0.-f2.d0.-r2.-d0.-d0.-r0.d1.r0.r0.-f2.-d1.f2.d1.r1.-f1.r1.r1.f1.r1
695,-f1.d0.r0.d2.-f0.-d2.-r0.f0.-r2.f1.-d2.-r0.-d0.-r1.f2.d1.-r1.d2.r0.r0.-d2.r1.d2
696,d1.-r0.-f2.r1.-f1.-f2.-r2.-d0.r2.-f1.r2.f1.r2.-d0.r1.f2.-d1.r2.f1.f1.-r2.f1.-f2.-r2.f2.f0.d0.f1.-d0.-f0
697,-f1.d2.f2.-d1.r0.-f1.d0.r1.r1.-d2.r0.d1.d1.-d0.-r2.-d0.r0.-d1.-r0.d2.r0.d1.f0.-r0.-r1.d2.r1.-d2.d0
698,-r0.f0.-f2.r2.-f2.r2.r2.-d0.-r0.f2.-r0.-f0.-r2.f2.-d2.-r0.-r0.f2.f2.-d2.f2.f2.-d0.f2.f2.d0.-f0.-f0.r2.-f1.-d1.f1.d1.r2.f1.d1.-f1.-d1
699,-d2.-f2.r2.-f0.-d2.f2.d2.r1.-d0.-d0.-f1.r1.r1.-f0.d2.-r2.f2.f0.-r1.-d2.f1.-d0.-f1
700,-f1.f0.-d0.r2.-r0.d2.-d0.-f2.-d2.r0.d2.r2.-d2.d1.-f1.-r1.f1.r2.-d1.r0.f1.-r0.d1.-f0.-r1.f0.-r2.-f0.r1.f0
701,-d0.f2.-d0.f1.r1.-d1.-d0.-r0.f0.-r0.-f1.f0.d2.-f2.-d2.f2.f0.r2.-d1.-f1.-d2.f1.d1.-f1.r0.-d2.-r0
702,-d2.-d1.f0.f0.r1.-d2.r1.d0.f0.r2.f2.-r1.r0.-d1.f0.d1.-r2.-r0.f0.-d2.-f0.d2.d0.r2.r2.-d0.r2.-f0
703,d1.r0.d1.-r2.f1.d0.-f2.f1.-d2.d0.-f2.-r0.-d0.-f0.r0.-d1.d0.r0.-d0.r1.f2.r0.r0.-f2.-r1.f2.r0.-f2.-r0
704,f2.r0.-d2.r1.-d1.-f0.-d0.r2.-d0.-f1.r2.d2.-f2.-d2.-f0.r0.d1.-f0.-d1.-r1.-f2.-r0.f2.-r2.-d2.-d0.r1.f2.d1.f2.-d1.-f2
705,f0.r0.r0.d0.-r1.d0.r2.f2.f2.-d0.-f0.d2.-f0.r1.-d0.-f1.d0.-f2.r2.f2.-d0.d2.-d0.-f1.d0.f1.-d2.-f2.f1
706,d0.d2.-r0.-f0.-r2.f2.d0.f2.d2.d0.-r0.-f0.-d2.-r0.-r0.-d0.-d0.r2.r2.d2.d2.-r0.-r0.-f0.-f0.-d2.-f0.-f0.f2.f2.f1.-f2.d1.-f1.-d1.f2.-f1.d1.f1.-d1
707,f1.-d2.f2.-d2.r2.d0.r0.-f1.-r2.-f1.f0.-r2.f1.r2.f0.f0.-r2.d0.r2.-f2.-d2.r2.d2.d2.-r2.-d2.r2.r2.-d0
708,d2.-r1.-f0.-r1.d1.f1.d0.-r2.f2.d0.r0.-d0.-d0.-r1.-f2.f1.r2.d2.-r2.-f1.-r0.-d2.r1.d2.r0.-d2.r2.r0
709,-d2.-r0.f2.-r1.f2.r2.-f2.f1.-r1.d0.d0.-f0.r2.-f2.-d2.-f0.r2.r1.d0.-r0.-f1.d0.f1.-d0.-r1.-d0.r1.d0.-r1
710,f2.r1.d0.d0.-r2.d1.-f0.-d0.-r0.-d0.-f0.d1.d0.r0.f2.r2.f0.f0.r1.r0.-d2.d0.f0.f0.d0.r1.-d0.-r1.f0.f0
711,d0.f1.-r2.f1.r0.d0.f2.-r1.-f0.r2.r2.-f1.d2.r0.-d2.r2.d0.-r2.-d1.f1.-r0.-f1.d1.f1.r0.-f1.d1.f1.-r0
712,-r0.-d2.f2.-d1.f2.-d2.r1.f2.r2.f0.r1.-f1.-d1.-r1.-d1.r1.f2.d2.-r2.-r0.d0.-r1.-d0.-f2.d0.r1
713,r1.d0.f2.d2.d1.r1.r0.f1.r0.d1.f0.f1.f1.d1.-f2.-f0.-d0.f1.-r2.f0.-d2.r1.d2.r2.-f0.-d2.f0
714,f1.d0.f1.-d2.d1.r0.f1.-f0.-d2.f1.r2.-f0.d2.-f1.r2.d2.-f2.-r2.f1.-r0.f0.-r1.f2.r1.-f0.-r1.-f2.r0.f2.r1
715,r1.d2.-f0.-d2.-f2.d0.r1.d2.-r1.d0.-r0.-d0.f2.-r2.d2.r2.f1.-r2.-d0.f1.-d1.-f0.d1.-f1.r2
716,d0.f1.r2.-d1.-f2.-d2.r2.r1.f0.-r1.f0.-d2.-r0.f2.-f0.d0.-f1.r1.d1.-r2.-d1.r0.f2.-r1.-f1.r1.-f2.r2
717,-r1.-d0.-f2.-d2.-f0.d1.-f2.-d0.-r0.-d1.-f2.d2.-f0.r0.-d0.-r0.f1.d0.r0.-f2.d0.f2.-f0.-d0.-f1.d0.-f2.-d0.f2
718,-r0.f0.f1.r1.r1.-d2.f0.-r0.-r0.r2.-f2.-d2.r2.f0.-d0.-d0.r0.f2.-r0.-r0.r2.r2.d0.r2.r2.d2.d2.-f0.-f0.-d2.-r0.-r0.f1.d1.-r1.-d1.r1.-f1.r1.f1.-r1.-f1
719,-r2.-f0.-r1.f1.-d1.d0.r2.r2.r0.f0.r2.-r0.d2.-d1.r2.r1.-f1.r2.-f2.d0.f2.-d0.f0.d0.-r1.f0.-r2.-d2.-f0
720,-r0.f1.-d2.-f0.d1.-d0.r0.d1.-f1.-d1.-f2.-r0.f2.d2.r0.d2.-f0.-d2.-f0.-r0.d1.-d0.f0.r0.-f0.-r0.-d1.-f0
721,-d2.-r2.-f0.-d0.f1.d1.r2.d2.d1.r1.f0.r2.f2.-d2.-r1.-d0.-r2.-d0.f2.f1.d0.r0.d0.d0.-r1.d0.r1.d0.-f1
722,-d0.r0.d1.-r0.-d0.-r0.f2.d1.f0.d2.-r2.-f0.-r2.f0.-r2.f1.-d2.f2.-f0.d0.f1.-d2.f0.d0.d0.-f0.d2.r2.-f1.-r2
723,-r0.f2.-f0.-r0.-d2.r0.f2.d1.-r1.d2.r0.f0.f0.r2.-f2.d2.-f0.-d2.f2.r0.-f0.r0.r0.-f0.r0.d0.-f0.-r2.f0
724,-r0.d0.r2.-f0.d0.r2.-f0.r0.d0.f2.-r0.-d2.d0.-f0.-d1.-r0.f2.-d2.-f1.-r1.f0.r1.f1.d2.-f2.d0
725,f2.r0.d1.-d0.-f1.r0.-d1.-f2.-d1.r2.r1.d0.f0.d1.-r0.d0.d0.r0.-f2.d0.f2.d2.-f2.-d2.-d0.r2.-f0.d2.f2.-d2.f0
726,r0.-r2.-f0.-d0.-d0.r2.-d2.-r0.r2.r2.f2.f2.-r0.-d0.-d0.-f2.d2.-r0.-r0.d0.-r0.-r0.-d0.-d0.r2.r2.d0.f2.f2.r2.r2.-d2.d0.-r1.f1.r1.-f1.-d0
727,-r0.-d2.r1.d2.-f0.d0.-f0.-r2.d2.f1.-r1.-d2.d0.r1.f0.r0.f0.-d1.-f0.-d0.f0.d0.-r0.d1.r0.-f0.-r0.-d1.r0
728,-d2.-d1.-r0.-r0.f0.-d2.f0.d2.f0.f2.-d0.f2.f2.-r0.f0.d2.-r0.-r0.d2.-r0.-r0.-d0.f2.f2.r2.r2.f2.f2.-d2.-d0.-f2.d1.-r1.-d1.r1.f2.-d1.f1.d1.-f1
729,-d0.-r0.-f0.-d2.-f0.r0.f2.-r0.f2.r2.r2.-d2.r2.f2.d2.-r0.-r0.-d0.r2.r2.-d2.-d0.-r0.-r0.d0.-f0.-f0.-r2.-d1.r1.d1.r2.-r1.f0.d1.f1.-d1.-f1.-f0
730,d0.r2.-r0.-f2.-r2.r1.f1.d0.r2.d2.d1.-f2.d0.f1.d0.d0.f0.r0.f1.-r0.-f1.-r0
731,d0.-f0.r0.-f2.r0.d1.f0.r0.-f0.r0.f0.-d2.r0.d2.-r2.-r0.f1.-r2.-f2.-f1.-r2.d2.-r2.d2.f1.-d2.r2.r2.d2
732,f0.f0.-d2.f2.-r2.f1.r0.-f1.-d1.-d0.-r1.-r2.d0.-f2.-f0.d0.r2.-d0.f2.d0.-r2.-f1.-d0.f2.-f1.-r2.f1.r2.-f2.f1
733,-f2.-r2.f1.-d1.r1.f0.f0.-d2.f2.r2.f2.d0.d0.-r2.f0.d0.-f0.-r2.-r0.-d2.-r1.-f0.-f1.-d1.-f2.d1.r2.f1.f0.d0.f1.-d0.-f1
734,r0.-f0.-d1.-f0.-r2.d0.r2.d0.-r2.f1.-d0.r1.d2.-r1.d0.r1.-d2.r1.d2.f2.f2.-d2.-f2.f0.r1.f2.-r1.-f0
735,-f2.r1.-f0.r2.-f0.d1.d1.-r2.-f0.r0.f2.d0.f0.-r2.-d0.r2.-f0.-r0.d0.r2.-r1.-d0.r0.d0.-r2.r1.-d0
736,-r2.-d0.r0.-d1.-f2.-r1.f1.-d2.d0.-r2.d2.d0.r2.f2.-d1.r2.d1.d0.-r2.d0.d0.-d2.f0.-d0.-f0.d2.-f2.r0
737,d2.-r2.f2.-r1.-d2.-f1.r2.-d0.-f0.d1.-d0.-d0.f0.r0.-f2.-d0.-f0.-r2.d0.-f1.-d0.r2.-f2.-d2.f2.-f0.r2.f1.-r2.f0.r2.-f1.-r2
738,r2.f2.r0.-f0.d0.d0.r2.r1.-d2.-d1.-f1.r2.f0.d0.f0.-d0.-f0.-d1.-r0.d1.f0.-d1.f2.d1.-f0.-r0.-d0.r0.-d1.-r0.d0.r0
739,d2.d2.r0.-d0.-f2.-r1.-d2.-r0.d2.-d1.-r0.f0.d2.r0.d0.d0.r1.-d0.-r0.d0.-r1.d1.-r1.f0.f0.r1.d0.r1.-d0.-r1.f0
740,-f1.r0.d1.-d0.f1.-r0.-r0.-d0.r1.f0.-d1.f1.r1.r0.-d1.r2.-f0.-r2.-f2.r2.-f1.-r1.-f2.r1.f2.f0
741,d2.-f2.f1.-r1.-d1.-r2.-d0.-f2.-d1.-f1.f0.-r2.f1.r2.r2.d0.r1.r1.-d0.r2.d0.-r0.-d0.r2.d0.-r1.r0
742,d1.-f0.-r0.d0.f2.-d0.-r1.-d2.-r0.-d0.r0.-d2.r2.d1.r0.d0.-f0.r2.-d0.r2.f0.-r2.-r0.d2.r0.-d1
743,-r2.-f1.d0.-r0.d0.d0.-r1.f2.-r1.d2.d2.r2.-r1.f0.-d1.f2.d0.-f2.-d0.-f0.-r2.d2.-d0
744,f1.-d2.-r2.-d0.f2.r0.d2.-r1.-f2.d0.-r0.-d0.r1.-d0.-d2.-f2.d2.f2.f2.-d2.-f2.d0.-f1.-f0.-r0.-d0.-r0.d0.r0.f0
745,f2.-d0.-f2.-r0.-f0.r2.-r1.d2.f1.r0.-d1.-d2.-r0.f2.r0.-d2.r0.d2.r1.r0.-d0.-f0.d2.-f0.-d2.f0.-d2
746,f2.-d1.-f0.d1.r0.d2.-r2.f1.-r2.-f0.r1.-f1.r0.-f2.-r0.-f2.d0.-f0.-r0.d0.f2.f0.d0.d0.f1.-d2.-f1.d0.d0.f1
747,-f0.d2.d2.-f0.f2.f2.d2.r2.-d0.-d0.-f2.d2.r2.-f2.r0.-d0.-d0.-f0.-f0.-d0.-r0.-r0.-f0.-f0.r2.r2.-d0.-d0.f2.f2.-r0.-r0.-d0.f1.-r1.-d1.-f1.r1.d1
748,-r0.r2.d0.-r0.-r0.d2.d2.f2.f2.-r0.-d0.-d0.-f0.d2.d2.-f0.-r0.-d2.r2.r2.-f0.-f0.-d0.-r0.-r0.r2.r2.-f0.-f0.-d0.-f0.-f0.d2.d2.-f1.d1.-f1.-d1.-f1.-f1
749,f2.-r2.r1.d1.-f1.-d2.-r0.-f1.d2.r1.-f2.-r0.-d1.f2.r2.-d0.-r0.f2.-d1.f0.r2.f2.r1.-f2.-r2.r0.-d2
750,f0.-d0.-d0.-f0.r2.r2.d0.-r2.-d0.-f0.-f0.-f2.d0.r0.f2.d2.d2.r2.r2.d2.-d0.-r0.-r0.-d0.-f0.-f0.d2.d2.r0.-f1.-d1.f1.d1.-r0.-r0.d1.-f1.-d1.f1.r0
751,-f1.-d2.-r0.-f0.-f0.-d2.f0.-d0.-r2.-f1.r2.-f0.-r0.d2.f0.d1.-f0.r2.r2.f0.-d2.-d1.r0.-d0.f0.d0.r0
752,d0.-f2.d2.-f2.f0.d1.-r1.-d2.-r1.-d1.-r0.d1.-f0.-r1.-d0.f2.-d2.r1.d2.-r1.-f2.r2.f2.r1.-f2.-d2
753,r2.f0.d2.-d1.r2.r2.-d2.r2.-f1.r1.-d1.r1.r1.-d0.-r2.d0.-r2.-f2.-d2.-r2.d0.r1.-d0.r2.r2.d0.r2.r0.f2
754,r2.-d1.-r1.-f2.-d2.-r0.-f1.f0.-r0.-d2.-r0.-d0.r2.d0.-r0.f2.-d0.-f2.-r2.r0.f2.f2.-r2.-f1.r0.f1.r2.-f1.-r0.f1
755,r0.-f2.r2.f2.-d2.r2.-f1.r0.-f2.d2.-f1.-d2.-r0.-d0.-f2.d2.f2.-r2.-f2.r2.-f0.d2.f0.-d2.-r2.f2.-r1
756,r2.-r1.f1.-r1.-f0.d2.f2.-r1.d0.d2.f1.-r0.d2.r0.-f0.d2.-r2.d2.-r0.-f2.-r0.f2.-d0.r2.-d2.-r2.d0.r2.d2.f0
757,f0.r0.r1.-d0.-r0.-f0.d2.-r2.d2.d2.-r2.d0.-r2.f2.-r2.-d0.-d0.f2.f2.-d2.-r0.-r0.d2.-d0.r2.r2.d0.r2.r2.-f0.f1.-r1.-f1.r1.f0.d1.r1.-d1.-r1
758,f1.-f0.-f0.r0.d2.-f2.-d0.r0.-f2.d2.f2.f2.-r2.d2.r2.r2.-f0.-f0.-d0.r2.r2.d2.d2.-d0.-r0.-r0.-d0.-d0.r2.-d1.f1.d1.-f1.r2.d1.-r1.-d1.r1
759,-r2.-d0.-f1.f0.-d0.-f2.r2.-f2.r0.-d0.f2.-r2.d2.d2.-f0.f2.f2.-d2.-r0.-r0.d2.-r0.-r0.d0.f2.f2.-d0.-f0.d1.-r1.-d1.r1.f0.-d1.f1.d1.-f1
760,d2.r0.-d1.-r2.f1.-f0.r2.f1.r0.d2.-r2.-d2.r1.r0.d0.-f1.-d0.r1.d0.-r1.-f2.-f0.-r2.f0.-r0.-f0.-r2.r0
761,-f2.-r0.d2.-r0.-d0.-d0.f2.-r0.-r0.-f2.-d0.r2.-f0.r0.d0.-r2.d2.d2.-r0.-r0.d0.f2.f2.d0.r2.r2.f2.f2.-r0.-r0.d0.f2.f2.-f1.r1.f1.d1.-r1.-d1
762,-f1.-d2.r0.-d0.-f2.-d0.r1.-f1.-d1.r0.f0.r1.f1.-r0.f2.-r2.-f2.r2.-r1.d2.f2.d2.-f2.-d2.d1.r2
763,r2.-d2.f0.-d2.-f0.-f0.-d0.f2.-r0.d2.-f2.d2.d2.r0.-d0.-d0.-r0.-r0.f2.f2.-d0.-d0.-r0.-r0.-d0.-r1.f1.-d1.r1.-f1.d1.f0.f1.d1.-f1.-d1.-f0
764,d1.-r0.-d0.f0.-d2.-d0.-f2.-f2.r0.f0.r1.f0.r0.-f1.-d2.-f2.-d1.-d0.f2.r0.f2.-r0.d2.-r0.d1.-r0.-d1.r0.r0.f1.r1.-f1.r0.f1.-r1.-f1
765,f0.-d2.f2.-d1.d0.-r1.-f0.d2.f2.-d2.r1.f1.d1.-r0.f0.-r2.d0.r1.-d0.-r1.-f1.d1.-f1.r1.f1
766,d0.-f2.d0.f1.f1.r1.-d1.d0.f2.-r0.-f0.d2.-r0.-d2.r1.-d1.r2.-r1.d0.r1.-r2.d1.-r1.d0.r1.r0.-d1.r2
767,f2.-f0.-r2.-d1.-r1.-f2.d0.f1.r1.f2.-f1.f0.r2.f2.-f0.-d2.r0.-d2.f0.d2.-f2.-d2.f2.-f0.-r2.d1.-f2.-d2.f2.-d1.-f2.d2.f2
768,d2.-r1.d1.f0.f0.-d2.d1.r2.-r0.d1.-f1.f0.d1.f1.-r1.-f1.-r0.-d0.f0.r0.f1.f0.f0.-d2
769,r0.-f0.-d1.-r1.d0.-f1.d1.r2.f0.d2.-r0.f1.-d2.f2.-r2.d2.r2.-d2.d1.-f2.-d1.-d0.-r1.-r0.f0
770,-d0.-r2.-f2.-r1.-d2.d1.-f1.-r1.-f2.d2.-f2.d0.f2.f0.f0.d2.r2.d1.-r2.d0.r2.r2.-f2.-d2.f0.d1.d0.r2.-d1.-r2.d2.r2
771,-r0.d2.r2.f2.-r0.-d2.-f1.-d1.r2.f0.-d1.-r0.-f0.r0.-d0.f2.f2.d0.f2.f2.-d0.f2.-d0.-f2.-r2.f0.d0.r2.f2
772,-r2.-f2.r2.d2.d2.-r2.-f2.r0.-f2.-d2.r0.-f2.d2.f2.f2.d0.-r0.-r0.d0.-r0.-r0.-f0.-f0.d2.f2.f2.r0.-d1.f1.d1.-f1.-r0.d0.f1.-r1.-f1.r1.-d0
773,-d1.f1.d0.-f2.f1.d0.-f0.-r2.-f0.d1.-d0.f0.-r2.d2.r2.f0.d2.-f0.d2.r0.-d0.r1.d0.f0.f0.-d0.-r1.d0.-f0
774,-f2.-r0.f1.f1.d1.-f1.-r2.f0.-r1.f0.-r0.f2.r0.d2.f0.d2.d2.f0.-r1.-r0.-f2.-r0.-r1.-r0.-f0.-r2.-d0.r2.f0.r1
775,-f1.d0.-r0.f0.d2.r1.-f0.-d2.d1.f2.-r0.d1.f2.-r0.-d2.f1.f0.-d2.f0.f0.d1.f0.-d2.-f0.-d1.-f1.f0
776,-r0.d2.-f0.-d2.-f0.d0.r0.-f0.d1.-f2.-d0.-r0.d0.f2.f2.r2.r0.-d0.-f2.-d2.f2.d2.d0.f2.r0.r0
777,f0.-d1.-f1.d0.-r1.-d1.-f0.d0.-f2.r2.-f2.r1.f1.-r2.f2.r2.d2.-f2.-r0.-r1.-d1.r2.d1.r2.f1.r2.-f2.-r2.-f1
778,f2.d2.r0.d2.-r1.-d0.-r2.-f2.-r1.r0.-d2.-r0.-f2.r1.-f1.-d2.-r1.r0.f2.r1.f0.f1.r1.-d1.r1.r1.d1.-r0.d2.r0
779,r2.-r0.-f2.d0.f2.d1.-d0.f0.r1.r0.d0.r1.-d2.-r0.d2.-f0.r1.f0.-r1.-d2.r0.-d1.-r0.d2.d0
780,f0.r2.d1.-f0.-f0.r2.d0.f2.f2.d0.r2.r2.-f0.-r2.d2.-r0.d0.-r0.-r0.-d2.-f0.-f0.-d2.r2.r2.d2.-f2.-d1.-r1.d1.r1.f2.-f0.d1.-f1.-d1.f1.f0
781,r0.-f2.f1.d1.d1.r0.-d2.-r2.-d0.-d0.r2.-f2.d0.f2.-d2.r0.f0.-d2.-f0.-f0.-r0.-r0.-d2.-f0.-f0.-d0.f2.f2.d0.r2.r2.-r0.f1.d1.-f1.-d1.r0.d1.f1.-d1.-f1
782,-f0.d1.f0.r0.f0.r0.-f0.d0.-f0.-r0.-f0.-r1.f0.-d2.-d1.r2.-f2.r1.r1.-d0.-r1.d0.-f2.-r2.-f1.r2.-d1.f2
783,-r1.-d2.f2.-f1.-d0.f1.r0.-d1.f2.r0.-f2.d1.f2.-d0.r0.d0.r2.-f1.d0.d0.-f1.d0.-f1.-d1.f0.-d1.f1.d1.-f0
784,d0.-r1.d0.f2.r2.-r0.-d1.f1.d2.r0.f2.d0.f0.d2.r2.-d0.-r2.-f1.f0.-d1.-r2.d1.-f0.-d1.f0.-r1
785,f2.d0.r2.d0.r1.-r0.d2.f2.-f0.-r0.-d0.-d1.f0.-d2.-f2.-r0.-f2.d2.d0.-r1.-d0.r1.-d2.f2.d0.-f2.d1.f1.-d1.f2.d1
786,-r2.d1.-r0.-r0.-f2.-d0.-f0.r2.d2.f2.d0.r2.r2.-d0.-d0.-f0.d2.d0.-f0.-f0.r2.r2.d0.r2.r2.d2.-r0.-r0.f2.f2.r2.d1.r2.r0.f1.-r0.-d1.f1.d1.-f1
787,-d2.f1.r2.f1.-d0.r0.-f2.r2.-f0.d2.-f0.-r2.d0.r2.f0.-r2.d0.-r2.d2.-r0.-d2.-r2.d2.r2.r2.r0.d0
788,-d0.-r2.d2.f0.-d2.r1.f2.-r0.d2.-f0.d2.-f0.r0.d2.r1.-d0.f1.d2.-f1.d2.-d1.-r1.d0.r1.d1.d0
789,-f0.-r0.d0.f1.r2.f1.r2.d0.-r2.d2.r0.-d2.-r1.f1.-r0.-d1.f2.-d0.f0.-d1.d0.-f2.-f0.r2.-f1.f0.-r1.f1.r1.-f0.-r1
790,d2.f2.r0.f2.d2.-r2.-d2.r1.-f0.-r1.-f0.r2.-d0.-f1.r2.-f1.f0.r1.-d2.f1.d2.-f0.d2.-f2.-d1.f2.-d2.f0
791,d0.-r0.-r0.-d0.-r0.f2.r0.r2.f2.-d0.-r2.f0.-d0.r2.r2.d2.f2.f2.-r0.-r0.-f0.-f0.-d2.r2.r2.-d0.-d0.r2.r2.-f0.-r1.-f1.r1.f1.f0.f1.r1.-f1.-d1.-r1.d1
792,-f0.-r2.-f0.-d2.-r0.-f0.d1.-f1.r0.d2.-d1.r0.-d2.-r1.r0.-f0.-r0.f0.r1.f2.r2.-f1.r2.f1.r1.-f1.-r2.f1
793,d2.f2.r0.d1.d1.f2.f2.-r0.f0.d2.d1.-r1.-d1.r0.-f2.r1.-f1.d0.f0.-d2.-d0.f1.r2.d0.f1.-d0.-r2.d0.-f1
794,-f2.-r1.f1.f0.r2.-d2.f2.-d0.-r0.d2.f1.-d2.-f0.-d0.f0.-r0.f0.r0.-f0.d2.r0.-d2.-d0.f2
795,-d0.-f0.d0.r0.f0.r2.r2.d0.-f0.-f0.r0.d2.d2.-r2.d2.d2.-r0.-r0.-d2.f2.f2.r2.r2.d0.-f0.-f0.-d2.r2.-f1.-r1.f1.-r2.r1.-f0.f1.r1.-f1.-r1.f0
796,d1.f2.r2.f0.f0.-r1.-d2.d1.-f2.-r1.f2.f0.-d0.f0.d2.-r1.-f0.r1.d2.-f1.-r1.-d2.r1.-d2.f1.d2.-f1.-f0
797,-r1.-d0.-f2.-d0.-r2.-d1.r2.-r1.f1.d2.-f2.d1.-f0.-f0.d0.-r0.-f2.-d2.-f2.-d0.-r2.-r2.-d2.-r2.-f2.d2.-f0.-d2.f2.d2.f0
798,f2.f1.f1.r1.f2.d2.-f0.d2.d2.r2.r2.d2.d2.r0.-f0.-f0.-d2.-d0.f2.-r0.-r0.-d2.r2.r2.d2.-f0.-f0.d2.f2.f2.-d2.-f0.-f0.-r1.f1.r1.-f1.-d0.-d1.-f1.d1.f1
799,-d1.r1.-f1.-r2.d1.f0.-r2.-d2.-f1.r0.-f0.d2.-r0.f1.-r2.-f1.-r1.f1.f0.-r2.f0.-d0.r2.-f0.-r2.d0.r2
800,-d2.-r1.f1.r2.-d1.-d0.f0.d0.r0.d0.-f2.r0.-f2.-d2.-d1.-r1.f2.-d0.r0.-f1.r2.-d1.-r0.d1.-r2.f1
801,r2.r2.f2.f2.r2.-d0.-r0.-d0.r2.r2.-d2.r2.d2.d2.-f2.-r0.-r0.d2.r2.r2.d2.-d0.-d0.-f0.-f0.-r0.-r0.d0.-r0.-r0.-d2.d0.f1.-r1.-f1.r1.-d0
802,-f2.d2.f1.f1.-d1.d2.r2.f2.f2.d0.-f2.-d2.f0.r2.f2.d2.d2.r0.f2.-r0.-r0.r2.r2.-d0.-f0.-f0.-r0.-r0.-d0.r2.r2.-r1.-f1.r1.f1.-d0.r1.-r2.-d1.-r1.d1.r2
803,-d0.r0.r2.-d2.r0.-d0.r0.-d2.d0.-f2.d2.d2.-r2.-f0.-f0.-d2.-f0.-f0.d2.d2.-r0.-r0.r2.r2.f2.f2.d0.f2.f2.r1.-r0.-f1.-r1.f1.r0.-d1.f1.d1.-f1
804,d0.d2.r2.-d0.f2.r0.-d0.f2.d0.r0.-f0.-f0.-r2.d2.r2.r2.-f0.-f0.-d0.r2.r2.f2.f2.-d2.f2.f2.r2.r2.d2.d2.f1.-d1.r1.-f1.-r1.d1.r1.f1.-r1.-f1
805,r2.d2.r1.-f2.-r0.-f2.f0.r1.f2.-f0.-r0.d2.-d1.r1.f1.f1.d1.r1.r0.-d2.-f2.r2.f2.d2.f1
806,f0.f2.f2.-r0.-d2.-r0.f2.f2.r2.d2.d2.-f0.-r0.-r0.r2.f2.f2.d0.-f0.-f0.-r0.-r0.r2.r2.-d2.-r0.-r0.d0.f0.d1.f1.-d1.-f1.-f0.-f1.r1.f1.-r1
807,-d1.-r0.d0.f1.-r0.d0.-f0.-d2.-f0.d1.f0.r2.f1.-r0.d2.f0.d2.-f0.f1.d2.r2.-d2.-f1.-r1.-f2.r1.-f0.d1.f0
808,f0.f0.r0.r2.r2.-f2.d2.d2.-r0.-r2.d0.r2.r2.f0.-d0.-f2.-d2.r2.r2.-d2.r2.r2.f2.f2.d0.f2.f2.-r0.-r0.-d2.-f2.-r1.-d1.r1.d1.f2.-d1.f1.d1.-f1
809,-f0.f1.r1.r1.-d2.-f0.-r2.d0.f0.r0.d2.d2.f2.r0.-r2.d2.-f0.-f0.d2.-f0.-f0.d2.r2.r2.f2.f2.-r0.-r0.-d2.f2.f2.-r2.d1.-f1.-d1.f1.r2.-d1.-r1.d1.r1
810,f2.-d0.-f1.r0.-d0.r2.r2.d2.f0.-r1.d1.-r2.d2.r2.-d2.-f2.d1.f2.-d0.f1.-r0.f2.d1.f0.-d1.-f2.-f0.-r1
811,-f1.f0.-d2.r0.d1.-r1.d0.-r0.d0.r0.d0.d0.-r2.d2.d0.f2.r2.-r1.d0.-r2.-r0.-f0.d0.f0.-d0.r1.-f0.r2.-d0
812,-r2.r1.f2.-r1.-d1.-f0.r2.-f1.r2.r1.-d1.r0.d1.f0.-r0.-f0.d0.-f0.-r2.-f0.d2.-r0.d2.f0.r2.f0.f0.-r2.-f0.d2.f0.f0
813,d0.r2.d2.r0.-f1.d1.-f1.-r2.-d0.d2.-r2.d1.-f0.d1.-r2.-f1.-r1.f1.d1.f0.-d1.r2.r0.-f1.-d0.r1.d0.-r1.f1
814,d1.r1.f1.f1.-d2.f0.-f2.r1.d2.r0.-d2.-r2.-d2.f2.f0.d1.-r2.d2.r2.r2.-d2.-f1.d2.-r2.f2.r2.f1.-r2
815,r1.-f0.-r2.d2.f0.-d1.-r1.f0.d2.r0.d0.-r2.-d0.f1.r2.d2.-f1.-f0.-r2.d1.-r1.-d2.r1.d2.-d1
816,f2.d2.-d1.-r2.f2.-d1.d0.r0.-f1.f0.d1.-f0.r2.-d2.-f2.-d0.f2.d0.r1.d2.-r2.-d2.-r1.-d1
817,f2.d0.f1.-d0.f0.r2.r2.f0.-d0.-f0.-r0.-r0.-f0.f2.r2.-f0.-f0.f2.f2.-d2.-f0.-f0.f2.f2.-d2.r2.r2.d2.d2.-r0.d1.f1.-d1.-f1.r0.-r1.-f1.r1.f1
818,f0.d2.r0.f2.r0.f2.f2.-d0.r2.r2.f0.r0.-r2.f2.r2.r2.f2.f2.-d2.-r0.-r0.d2.-r0.-r0.d2.d2.-r0.-r0.r1.-f1.d1.-r1.f1.-d1
819,-f2.-d1.-f2.-d0.-r0.-f2.-r2.-d0.f2.d2.d2.-f2.r0.-d2.r1.d2.-f0.-d2.-d0.r0.-f1.d0.f1.d2.-f1.-d0.f1.r0.-d1
820,d1.-r2.-d2.-r0.-d2.r0.-d1.-f1.r2.d1.f2.r2.f2.d2.d2.-r2.-d2.-r2.-d2.r0.d2.r2.-f0.r0.f0.r0
821,f0.-d1.r0.d0.-f1.r0.-d0.-r1.d2.-r2.-d2.r0.d2.-r0.-f2.-d2.-r1.-d0.r1.d0.-r1.-f1.-d2.f1.d0.-f1.-d1.-d0.r1
822,-r2.d1.d2.d2.r0.f2.r0.d2.d2.d0.-r0.-d0.f2.d0.r2.r2.-f2.-r0.-r0.f2.f2.r2.r2.d2.f2.f2.d2.-f0.-f0.r2.r2.-d2.-r2.-d1.r2.r0.-f1.-r0.f1.r1.-f1.-r1
823,-d0.f1.r2.-d1.f1.d2.f2.-f1.-r2.f2.d2.-r2.-d2.-r1.f1.-f0.-d2.f2.-d1.r2.d1.f2.-d0.-f2.-f0.-d1.-r2.d1.f0.-d1.r0
824,-d1.-r2.-d0.-f1.-d0.-f2.r0.f2.-d2.-f2.r2.r2.f2.-r2.f2.-r2.-d2.-d1.f0.r2.-f0.-f1.-r2.d1.r2.f2.-d1.f1.d1.-f2
825,-f1.f0.-r2.-f0.-d1.r0.r0.d0.r2.-f2.f1.-d0.r0.-d0.-d0.f1.-d0.-f1.-d2.f2.-d1.-f2.d2.f1.d0.-f1.-d0.f0.d0.-f2.-f0
826,-r2.f2.-d2.-f0.-r2.r0.d0.d0.-r0.-d2.-r2.-f1.d0.-f0.d1.r0.-d1.-r0.d1.r2.d1.-f1.d2.f1.d1.-f1.-d2.-f1
827,-r0.d2.d2.f1.d0.r0.-f0.-r2.f1.-f0.d0.r0.-f1.r2.-r0.f2.-d0.-f2.r0.f1.r1.-f1.-f0.-d1.f0
828,-r2.-f0.f2.r0.-f2.-r2.-d0.-f0.r0.-f2.d2.f2.-r0.-r0.-f0.-f0.-d2.-f0.-f0.-r0.-r0.r2.r2.d2.-f0.-f0.r2.r2.-f0.-f0.-r2.-f1.r1.f1.r2.-r1
829,-r1.r0.d2.f1.f1.d1.-d0.f1.r2.-d1.-f0.d0.d0.f0.-d2.-r0.d2.-f0.-d2.d0.f0.d1.-f0.-d1.f1
830,f2.r1.r0.f0.d2.-r0.-d0.-f0.r2.r2.-f2.d2.-d0.f2.-d2.-r0.-r0.-f0.-f0.-r0.-r0.d2.-d0.-f0.-f0.-r0.-r0.d0.-f0.-f0.-f2.d1.-r1.-d1.r1.f2.-d1.f1.d1.-f1
831,-f1.-d2.f2.-d2.f1.d0.-r2.r0.f2.d1.-r2.-d0.r2.-d1.-d0.f1.f0.d0.f0.-r1.f1.-r0.-f1.r1.f1.f0.f0
832,-d0.-r0.-f0.-r2.d0.f2.d1.r2.r1.d2.-r0.-d0.-f0.d1.d1.f0.d2.d0.f0.-r0.-f0.d2.f0.-r1.-d1.r1.-f0.-r1.d1.r1
833,-r1.-f0.d2.d0.d0.r1.d2.r0.r0.f2.-f0.-r0.r1.d0.d2.r0.-d2.-r1.d2.d1.f0.d0.-f2.f0.r2.f2.-r2.f0.f0
834,f0.r2.d1.r2.d0.d0.-f2.d2.-d1.f2.-r1.-f2.r0.f0.r2.-f0.-r0.-f2.-d2.f2.d2.r1.-d2.f0.r2.-f1.-r1.f1.r1.-f0.-r1.f0
835,-d1.-f0.r1.-d0.r1.r0.r0.-d0.d1.-f2.d0.-r1.-d0.-f1.d2.d2.f1.f0.r2.-f1.d1.r2.-d2.-r2.d2.-d1.r0
836,-f0.d1.f1.r0.f1.-r2.d2.f0.-d0.-f2.-d0.f2.d0.-f0.-d0.r0.d0.d1.r0.-f0.-d0.-f0.-r0.d2.r0.-d2.r0.f0
837,d0.r2.f1.d2.r2.d2.-f1.f0.d2.r0.d1.f2.-f0.-f1.r1.d0.d2.-f2.d1.f0.f0.d1.f1.f0.r0.r2.f1.-r0.-f0.r0.-f1.-r0.f0
838,f2.-d2.f1.f1.-r1.-f0.r2.d0.-f2.-d2.-f0.-f0.-f2.-r0.-r0.-d0.-f0.-f0.r2.f2.f2.r2.r2.d0.-r0.-r0.-f0.-f0.d2.-r0.-r0.-d0.-d1.-r1.d1.f1.r1.d1.-f1.-d1
839,-r2.-f0.-r2.d2.r0.d1.r1.f2.-r1.-d2.-r2.d2.-f0.-r0.f2.r0.-f2.r1.-r0.f1.r0.-f1.-r1.-d1.r1.f1.-d1
840,f1.-d0.f1.f1.-d1.-r2.-f0.-d0.r2.d0.-r2.r0.f2.r2.r0.d0.-r0.d2.-f2.-r0.f2.d2.r0.-d1.-d2.f1.d0.-f1.d1.d0.-r1.-d0.r1.-d0
841,-d2.-r0.d2.f2.f2.d2.d2.r0.r2.r2.-d2.f2.f2.-d0.-d0.-f2.r0.d2.d2.-d0.-f0.-f0.-d2.f2.f2.-d0.-r0.-r0.d0.f0.f1.-d1.-f1.d1.-f0.d1.f1.-d1.-f1
842,r2.-d0.r1.-r0.f2.f2.d0.f0.-f2.r2.-d0.-f2.-r2.-f0.d2.d2.-r0.-r0.-d2.-d0.-r0.-r0.-f0.-f0.r2.r2.-f0.-f0.-r2.-d1.f1.d1.-f1.r2.r1.-f1.-r1.f1
843,-f2.d0.d0.-f2.-r2.d0.r2.-d0.-r1.-f0.d0.f0.-r2.-f0.r2.r2.f1.-r2.f0.d1.f2.-d1.-r2.d0.r2.f2.d1.-f2.r0
844,d1.-r2.r0.-f1.d0.r2.d2.-f2.-d2.-f2.d1.r2.-d2.d0.d0.-r1.d2.-r2.-d2.-r2.-d2.-r0.-f1.r0.d2.-r0.f1.-f0
845,f0.r0.d2.-d0.f2.d1.-f1.r0.d0.d0.-r1.-d1.d0.-r2.-d0.r2.d0.f1.d0.-f1.r2.r2.d1.d0.f1.d2.f0.-d0.-f0.-d2.-f1
846,d2.f2.-f1.r0.-f0.-r2.d2.-f2.f1.-d1.-f1.-r0.-f2.d2.-r0.-d2.-f2.r0.-f0.-r1.r0.r0.-d0.f2.-d1.-f0.d1.-f2.-d1.f0.d1.f2
847,-r1.d2.f0.d0.-f2.r2.-f1.f0.-d1.-r1.-r0.-d2.-f2.-f1.d2.r2.-f2.-d2.-f1.-r2.-r0.-d1.f2.d1.r1.-d1.-r1.-d1.-f2
848,d2.f2.-f1.-d1.-r1.-f1.r2.f2.-r1.f2.-d2.f0.r0.-f0.r1.f1.-d0.-f1.d0.f2.f2.r2.f2.-r2.f2.-d0
849,-r0.-d0.-r2.d2.f1.-r1.f0.d1.-f0.-r2.d2.r2.r2.d2.r0.r0.f0.r0.r0.f2.r1.d2.-f2.d2.d2.-f1.-r0.-d1.r0
850,-f1.-r1.r0.-f0.d1.-f1.-r1.d2.d1.-r0.f0.f0.r0.f0.r2.-r1.-d1.-r2.d0.-r1.d2.r1.-d0.-r1.-r0.f1
851,d1.-d0.r0.f1.-d1.-f2.r0.-d0.f2.-d2.f1.r0.-d1.d0.-f2.d1.r2.-r1.-d1.f2.-r1.-r2.-d2.-f1.d2.f1.d1.f1.f1
852,-d2.r0.-d0.f0.-d0.f2.-r0.f1.-d2.-f0.-r1.-f2.-r2.-f2.r0.r1.-d2.r2.-d1.f0.-d0.f1.d1.r0.-d1.-r0.d2.r0.d1.-r0
853,f2.-r1.-d2.f0.r0.f1.-d0.f2.d1.d0.d1.-r2.f2.f2.r2.d0.r2.-d0.-r2.f2.-r2.-d1.r2.d2.d0.-r2.d1.r2.-d0
854,-d0.-r2.f2.r0.f2.-d2.r1.f2.-r0.f2.f2.-d1.-f0.-r0.d0.-f2.r2.f2.d2.d1.-r0.f1.-r2.f1.r2.f1.f1.d1.-f2.r2.f2.-r2.-d1.r2.-f2.-r2
855,r0.-d1.d0.-r1.f1.-r1.-r0.d2.f2.d2.-f1.f0.-r2.-d2.f2.r2.-f2.-r2.-f2.-d2.f2.d2.d2.r2.-d1.f1.d1.-r2.-d1.-f1.d1
856,-f2.r2.-r0.-d0.-d0.f2.-d0.f0.-d0.-d0.-r0.f2.f2.d2.-f0.-f2.r2.r2.d2.-r0.-r0.d2.-f0.-f0.f2.f2.r2.r2.d2.d2.r2.f1.-d1.-f1.d1.-r2.d1.f1.-d1.-f1
857,-d0.-f1.r1.-d1.d0.-r0.f0.r0.-d2.d0.-f0.r2.-f2.-d0.-r0.-d0.f2.d0.-f2.d0.-f0.d0.f0.-r2.f1.-r0.-d0.-r0.d0.r0.-f1
858,r1.-f0.r1.-d1.-r2.d0.f0.-r2.-f1.-d1.-d1.f1.-r0.f2.-r2.-f2.r2.-f2.r0.d2.d2.f2.r2.d2.-f0.d2.f0.-r2
859,-d1.r1.f2.d0.f1.r0.-d0.-f2.f1.-r0.-d0.-r2.-d2.r2.-f2.-d1.-f2.d1.-f1.-d2.r0.r0.d1.r0.-d1.r0.d2
860,-r0.-r0.-r2.-f0.-f0.f2.r0.d0.-r2.f0.-r0.-r0.f2.d2.-r0.-r0.-f0.-f0.d2.d2.-f0.-f0.f2.f2.d2.-d0.r1.d1.r1.-d1.-r1.-r1.f0.f1.-r1.-f1.r1.-f0
861,-f2.-d0.-f0.-f0.-d2.-f2.d2.d2.-r0.-r2.d0.-f0.r2.f0.r2.r2.d2.d2.-r0.-r0.d0.f2.f2.-d2.r2.r2.-d0.r2.r2.-d0.-d0.-r0.r1.-d1.-r1.d1.r0.-r1.f1.r1.-f1
862,-f2.-d2.-r2.-f0.-r0.-r0.-d0.-d0.-r0.-r0.-f2.d0.-r2.f2.-d2.f0.d0.r2.r2.d2.d2.f2.f2.d2.-f0.-f0.-r0.-r0.-d0.-d0.f2.f2.r2.r2.-r0.d1.-r1.-d1.r1.r0
863,f0.f1.f0.f2.f2.d0.-r2.d0.-r0.-r2.-f2.-d2.-f2.r2.d2.d2.f2.f2.-r0.-r0.d0.r2.r2.d2.-f0.-f0.-d0.-d0.f2.f2.d2.-f2.-r1.-d1.r1.d1.f2.r1.f1.-r1.-f1
864,f0.-r2.f2.-d2.-f2.-r1.-d1.-f0.r0.-d1.-r0.-f2.d0.f2.d0.r2.-r0.d2.r0.r0.-d2.r0.r0.-f1
865,-r1.f1.-r1.f0.-r2.-f1.d1.r0.-r1.f2.-r0.r2.-d1.-d2.r1.r0.r0.-d0.f0.d0.r0.r0.-f0.r0.r0.f0.-r0.d0.r0.-f0.-r0
866,d0.-f0.r2.-d2.-f1.-d2.r2.d1.d1.-r0.f2.r0.d0.f0.r1.d0.f1.-r1.-d0.f1.-d2.-r1.-r1.-f1.d2.-f1.-d2.-r1.d2.f1.-d2.-f1
867,-r2.d2.d1.r0.-d0.-f0.f1.r2.-d1.r0.-f1.d1.d2.-r2.d2.d0.-f2.r2.f2.-d0.f2.-d0.r2.-d0.-r2.d0.f0.-f1.-d0.-f0.d0.f1.d0
868,d1.r2.-r0.-f1.-d2.d1.r0.-d0.-f2.r1.d2.r0.-d1.-d0.f1.-d1.-f1.-d2.-f2.-r1.-f2.f1
869,-d2.-r2.f1.-d0.-f2.-r2.d1.-d0.-f1.-f0.r2.f2.-d2.-r2.d2.r2.d0.f2.-d1.-f2.-r0.d2.r0.-d1.-r0.-d2.r0
870,-f0.-d2.f2.-f1.d2.-r2.-f1.-d2.d1.-d0.f2.d0.f2.-d2.f1.-d2.-r1.d2.d0.-r0.-f0.r0.d2.-r0.f0.r0.f0.-d2.-f0.d2.r1.-f0
871,-r1.d0.-r2.-f0.d1.-f0.d2.r0.-d2.r1.d2.-d0.-r1.d0.f0.-d2.-r2.f2.r2.d2.-f2.r0.f1.-r0.f2
872,d2.-f1.-d0.f2.d2.r2.f1.-d1.r2.d2.-r2.-f1.d0.r1.f2.-d0.f2.-r1.-d1.r1.-f0.r2.f1.-r2.-f2.-d2.f2.r2.-f1.-r2
873,d2.-f2.f0.-d2.-r0.-d1.-f2.-d2.-f2.r0.-f0.-r0.-r1.d2.f2.r2.-d2.r2.r0.f0.-d0.-f0.d0.-r0.-f2
874,d2.-d0.-f0.-d1.-r0.-f0.-f1.-d1.-r2.f1.-d0.-r0.-f1.r0.d1.-f2.r0.d2.-f0.-d2.f1.f0.-r2.d2.r2.-f1.-r2.-d2
875,r2.f1.-f0.r2.r1.-f0.r0.r0.-f2.d1.-r2.-d2.r2.r0.d2.-f0.r0.r0.f0.r0.-d2.d0.r0.-d0.-r0.-d0.-f2
876,d2.r0.f0.d2.r1.-f2.r2.f0.r2.-d0.-f2.r2.-d0.-r2.-f2.-f1.d0.r2.-r0.-f0.-d2.-f1.f0.-r1.-f0.d2.d0.f1.-r1.d2.-f1.-d2.-d0.r1
877,d0.f1.f1.r1.f2.d0.f0.d2.-f2.r2.r2.-f2.-r0.-d0.-r0.-r0.f2.r2.r2.-d0.-d0.r2.r2.-d2.r2.r2.f2.f2.-r0.-r0.d2.-f0.-r1.d1.r1.-d1.f0.f0.r1.-f1.-r1.f1.-f0
878,-f2.-r2.f2.f2.d0.-f0.-f0.d2.f2.-r0.-r0.f2.-d2.-r2.-d0.-d0.-f0.-f0.-d2.-d0.-d0.r2.r2.f2.f2.r2.r2.-f0.-f0.d0.-f2.r1.f1.-r1.f2.-f1.d1.f1.-d1.-f1
879,f1.r2.-d1.r2.d2.d2.-d1.f2.-f1.-r1.-d2.-f1.r0.-d1.-f2.-f0.r0.r0.f0.d2.-f0.-r1.-f1.r0.f1.d2.r1.-d2.r0
880,d0.d2.f1.r1.r1.f2.r2.-f0.f2.f2.r2.r2.-d2.-f0.-f0.r0.d2.f0.-f2.d2.r2.r2.d2.-d0.-d0.r2.r2.-f0.-f0.d0.f2.r1.-d1.-r1.d1.-f2.f1.d1.-f1.-d1
881,f0.-r0.d2.-f1.-r0.-f1.-d2.-f1.-f0.r2.r2.-f1.r0.-d1.-r0.-f2.f1.f0.r0.-f1.-r0.d0.d0.-f0.-r0.f0.r0.d0.-f0
882,f2.d0.d0.f2.-d2.r1.d1.d1.-r2.f1.-d1.-d0.-r0.-f2.-d2.-r2.d2.d0.d0.-r2.-d0.-f2.-d0.-r0.r2.d0.r0.-f0.-r0.f0.-d0.-f0.r0.f0
883,-f1.d1.-f0.r2.d2.r0.d1.-f0.r0.f2.-d0.f0.f0.d0.d0.-f2.d0.-r0.f1.r0.-f0.r0.f0.d2.f0.-d2.-f0.-d0.-r0
884,f2.r2.f2.-f1.d1.f0.r0.-f2.r2.-d0.-f0.r2.-d0.-f0.-r2.-d2.f2.f2.-d2.r2.-d2.-r2.d2.f2.f2.-f0
885,-r1.f1.-d2.-f2.r0.f2.r2.-d0.-f1.r0.-d0.-d2.f2.d2.r1.-d2.f0.r2.-f0.-r2.f0.d0.-f0.d2.f0.-d2.f0.-r2.-f0
886,-r2.-f2.-d2.-r2.-f2.-r2.-d2.-f1.d1.d0.f0.-d0.-f0.-r1.f0.-r0.-f0.-f2.d1.d0.f0.-r0.-f0.-d1.f2.f0.r0.-f0
887,f1.r1.-d2.r0.d1.f2.r0.-r1.d1.f1.-f0.d1.r2.-f1.-r2.-d1.-d0.-r0.f2.f1.d0.-f1.-d0.r1.r0.-f2.-d2.f2.f0
888,f1.f1.r1.-r0.-r0.f2.d2.d2.f2.f2.-r0.r2.f2.-r0.-r0.-d0.-r0.r2.r2.-f0.-f0.r2.r2.d2.-d0.-d0.r2.r2.-d0.r2.r2.-f0.-f0.d2.-f0.d1.-f1.-d1.f1.f0.r1.f1.-r1.-f1
889,r2.-f2.-d1.r1.-f0.-d2.-r0.d0.-f1.-f0.-r2.f0.d0.f0.-r0.-d0.r0.-d2.-f1.d2.-f0.r1.f0.-r1.-d2.f0.-r2.f1.r2.-f2.-f0
890,-f2.f1.f1.r1.-d2.-f0.-f0.-d0.-f2.r2.r2.d2.d0.-r0.-r0.-d0.-r2.f0.f2.f2.d0.f2.f2.d2.r2.r2.d2.d2.-r0.-r0.-d2.-r1.-f1.r1.f1.-d0.r1.-r2.-d1.-r1.d1.r2
891,-r2.-f2.r1.-f2.f1.r1.-d0.-d1.-f1.d2.f0.-d2.-f0.-d2.r0.f2.-d2.-f2.d2.-r0.f0.r0.r0.-f0.-r0.f0.r1
892,-d2.f0.-d0.-r1.f2.-r0.-f0.-d1.-r0.f2.r1.-r0.d0.f0.-r1.-f0.-d0.r0.d0.-r0.-d2.-f0.d2.-r2.d2.r2.-d2.f0
893,d0.-r1.-f0.-r1.d1.r2.-f2.f0.f0.-d0.-r1.-f0.r2.r2.f0.r2.r2.f2.-r2.-f0.r2.-d0.-r1.f2.r2.-f2.r1.f2.-r2
894,f2.-d1.r2.-r1.-f2.r2.-d0.-r1.-f2.r2.r2.f2.-r0.f2.-r2.-f2.f1.-r0.-f0.f1.r0.-f1.-d2.-r0.d0.r0.d2.-d0.-f1.d0
895,d1.-f2.d2.-r1.f1.-r2.f2.-r2.-f2.-f0.r2.d1.-r0.d2.-f0.r2.f1.d2.r1.-d2.f0.-r2.-r1.r0.f0.-d0.f2.-d1.-f2.d0.-f0
896,f2.f0.-d2.r2.-r1.f0.r2.-d2.-f0.-d0.f1.-d0.-d1.f0.-d2.f0.f0.d2.-f0.-d2.f0.r0.r0.f0.d1.-f0.-d1.r0.-d1.-r0.d1.d1
897,-f2.r0.-f0.r2.f1.-d2.-r0.f1.r2.d0.-f2.r0.r2.-d0.-f2.f0.-r2.-d0.-d0.r2.d0.r0.-f2.d0.f2.-r0.f2.-r1.r0
898,-r1.-f2.-d2.r0.-f2.-d2.-d2.f0.-r2.-r0.f2.d2.f1.-d0.-r1.d0.r0.f1.f1.d2.f1.d0.-d1.r1.-d2.-r1.d1.-r0
899,-r0.f0.r2.f2.d2.d0.f2.d2.r2.f2.-r0.f0.f2.f2.d2.-f0.-f0.-d0.-d0.-r0.-r0.r2.r2.-d2.-f0.-f0.d0.r2.-d1.-f1.d1.f1.r2.-f0.d1.-f1.-d1.f1.f0
900,-d0.-r0.-f1.r2.-f2.r2.-d2.-f2.-r1.-f0.-d0.-f2.d2.-f0.-d2.-d1.-r2.d0.f1.-d0.-f1.d1.r0.d0.f0.-r0
901,d2.r0.-f2.f0.r2.f0.d0.f0.-r2.d1.-f2.-f0.-r2.r1.d2.d2.r0.-f0.d0.f0.d2.-f0.-d0.f0.d2.-r2.-d2
902,-d0.r0.r0.-f1.-d1.-f2.r1.f1.-f0.-d0.f0.r0.f1.r0.-f2.-d2.f0.-d1.r1.-f0.r2.-r1.-d0.-r1.-r0.d0.-r2.f0
903,r1.-d0.f2.r0.-f0.r2.r2.-f2.-r2.-f1.r2.-f1.r0.d0.d0.-r1.f0.r1.-f0.-d0.f2.-r2.r1.d1.-r1.-f1.-r1.-d1.r1
904,-d0.f2.f2.-d0.f0.-f2.-d0.f2.-r0.-d2.-f2.r0.r2.-f0.-f0.-d0.-f0.-f0.r2.r2.d2.-f0.-f0.-r0.-r0.-d2.-f0.d1.-r1.-d1.r1.f0.-d1.f1.d1.-f1
905,-r2.f1.f1.d1.d2.-f2.d2.-r2.f0.r0.r2.-f0.-d2.-r0.d2.d2.-r0.-r0.d2.d0.r2.r2.-f0.-f0.d2.d2.r2.r2.-d0.r2.r2.-f0.d1.-r1.-d1.r1.f0.-d1.f1.d1.-f1
906,d1.f0.-d1.f0.r0.-d2.r0.-f1.-d2.f2.-r0.-d2.f2.d2.-d0.f2.-r2.-d0.r2.-d0.f0.r0.r0.f2.-r2.-f1.r2.f1.r2.-d1.-r2.d1
907,d0.r2.f2.f2.-d2.-r2.-d0.-f0.-r0.-f1.f0.d1.-f2.f0.-d0.f2.-d1.-r0.-d0.-r2.f0.d0.-r2.r0.-f0.r2.f0.f0.r0.-d0.-r0.-f0.d0
908,-f2.r2.d2.r2.d2.-f2.f1.d1.f0.d2.f2.f2.-d1.f2.-r2.-f2.r2.-d1.f2.f0.-r0.-f0.-d1.f0.r0.-f0.d1.f0
909,f0.-r2.d2.r1.-d1.f0.r2.-r0.-d1.r1.d0.-r1.-r2.f0.d0.-f0.r2.d0.-r2.-f0.d2.-r1.-d2.f0.r2
910,-d2.d1.-f1.-d2.f0.r2.d0.-f1.-d2.-r2.f1.-r0.f2.d0.-r1.r0.-f2.r2.-f1.d2.-f0.-d1.f0.-d2.-f0.d1
911,r2.d0.-d1.d2.d2.r2.d0.-f2.-r0.-d2.f2.-r0.-f2.r2.d0.r2.r2.f2.f2.-d2.f2.f2.-d0.-d0.-r0.-r0.f2.f2.d0.r2.-d1.-r1.d1.-r2.d1.-f1.-d1.r1.f1
912,d1.f2.-f0.r1.-d1.d0.r2.-f2.-r1.-d1.-d0.-f0.-d0.r2.-f2.-d1.-f0.d1.r2.f0.d1.d0.-r0.-d0.r0.d2.-r0.-d2
913,f2.d1.-r2.-d1.d2.-f2.-r0.-f1.-d2.f0.-d2.-r2.-f1.-f0.d2.r0.-d2.-r0.f1.-d2.-f0.d2.f2.d2.-f0.r0.f0.-d2.-f2
914,f1.-r1.d2.r1.r1.-f2.-r1.d1.d2.-r2.-r2.-d2.-r0.f0.-r2.f2.f2.r1.r0.-d2.r2.d1.-r2.-d1.-d0.-r0.-f0.r0.d0.f0
915,-f2.-d2.-d1.f2.f2.d2.d2.r2.-f0.-f0.d2.r2.-f0.-f0.r2.d2.-f2.r2.r2.d2.-d0.-f0.-f0.r2.r2.d2.-f0.-f0.d0.f2.-r1.d1.r1.-d1.f2.r1.-f1.-r1.f1
916,r1.d2.-f0.-r2.f2.d1.-r1.-f0.-d2.-r2.d2.f0.d1.d1.f2.-d1.-f2.d2.-r0.-f1.r0.-d2.-r1.-d1.-f1.d1.r1.d2
917,-f2.-r2.r1.-d1.-f2.f0.-d2.-r0.-f0.d2.r0.r0.-d0.-r0.-d0.f2.d1.r0.-f2.-d1.f2.-r0.f1.d2.f0.r1.r0
918,-d2.r2.d0.r2.-f1.-d1.-d0.f1.r0.-d0.-f1.-r1.-f0.r1.r1.f0.d0.f1.-f0.-r0.-d1.-f1.d1.-f2.-d1.f1.d1.-f0
919,-r1.d2.r2.d2.-f2.d2.-f2.-r0.f0.-d2.-d0.-f0.f2.f2.-r0.-r0.f2.f2.d0.-f0.-f0.f2.f2.-d0.-f0.-f0.d0.-r1.r2.f1.r1.-f1.-r2.-f0.f1.-r1.-f1.r1.f0
920,-d2.r1.d2.d2.r2.r2.-d2.d0.f0.-r0.r2.f2.r0.d2.d2.-f0.-d0.-r0.-r0.-d2.-f0.-f0.r2.r2.-d0.-f0.-f0.d0.-r1.-f1.-d1.f1.r1.d1.-f0.f1.-r1.-f1.r1.f0
921,-r2.r0.f1.d0.-r0.-d1.f1.d0.-r1.f0.-r0.-d0.-f2.-r2.r0.f1.r1.f0.d0.-f0.r1.r1.-f1.-r0.f1.r1.f2
922,f2.r1.-d2.d1.-f2.d2.-r2.f2.-r2.r0.f2.-r0.f0.f0.-d0.r0.f0.-d2.f2.-d0.-r0.d0.-f2.d2.-f2.f0
923,r2.r2.-f2.-r0.-d2.d0.r0.-f1.-r1.f2.r1.-d0.-f0.-r1.f0.-r0.-f2.d0.f2.d2.r2.-f0.-d1.-d0.-r2.-d2.r0
924,d0.d2.r1.-r0.-r0.f0.d2.r2.-f2.-d0.r2.-d0.-d0.r2.-f2.-r0.d2.r2.r2.d2.f2.f2.d0.-r0.-r0.d2.d2.d0.f2.f2.f1.-f2.r1.-f1.-r1.f2.r1.f1.-r1.-f1
925,d0.r2.-f2.-r2.f0.-r0.-f0.-f0.r0.f0.d2.-r0.r2.r2.f2.-r0.-r0.-d2.-f0.-f0.f2.f2.d0.f2.f2.d0.-f0.-f0.d0.r1.-r2.-f1.-r1.f1.r2.-d1.-f1.d1.f1
926,-d1.-f0.r2.f0.-r0.-f1.-d2.d1.f1.r0.f1.d0.-f0.r0.f0.-r0.d0.f2.f2.d2.-f2.d0.f2.-r0.-d2.r0.-f2.-d0
927,r1.-f2.d1.-f1.-d2.-f1.r2.r2.-d0.f0.r0.-f0.-d0.-f0.-r1.f0.-r2.d0.-f0.d1.f2.r2.d0.-r2.-f2.-d1.-d0.r2.-f0
928,r0.r2.f1.f1.-r1.d0.-f2.r0.f0.f2.f2.r2.d0.r0.-f2.r2.f0.d2.-f0.-f0.-d0.-d0.-f0.-f0.-r0.-r0.d0.f2.f2.d0.-r2.-d1.r2.r0.-f1.-r0.f1.d1.r1.-f1.-r1.-d1
929,r2.-f2.-d1.r2.f0.d1.-d0.-f0.-r0.-d1.d0.-r2.r0.d0.-f2.-d0.r0.d0.-f2.f1.r0.-f1.-f0.-d0.f0
930,f2.-d0.f2.d0.-f0.d0.f2.d1.-d2.-r2.d2.r1.-f1.-r0.d2.-r0.d2.r0.d2.d2.r1.f0.-r1.-f0.d1.-f0.-d1.-f2.f1.f0
931,r1.d0.-r1.f0.-d1.-r2.f2.-d2.-r2.r0.f2.-r2.-f2.r0.-f2.-d1.f2.d1.-f2.-r0.-f2.d0.f0.r0.f2.d2.f1.-r0.-f1.-d2.-f0
932,-r1.-f2.d2.f2.-d1.f0.-d2.d0.f0.-d2.-r0.d0.f0.-d2.-f0.d2.d0.r0.d0.-f2.f0.-r2.f2.r2.-f0.-d0
933,f0.-f2.-d2.-r0.-f0.-f0.f2.-r0.-r0.r2.r2.d0.-r2.f2.r0.-f0.-r0.d2.d2.-r0.-r0.d2.r2.r2.d2.-d0.-f0.-f0.f2.f2.-d2.-r0.-r0.f1.-d1.-f1.d1
934,f0.d2.f0.r1.d2.r2.d2.r2.f1.-f0.-d2.f1.f0.r2.-f0.-d0.r0.d2.f0.d1.-f0.-d2.-r0.f0.-d1.-f0
935,r1.-f1.r1.-f2.-d0.f0.-r2.-d2.r0.d2.-r2.d2.-f0.-d2.r0.f2.f0.r1.-f0.d0.-f0.-d0.f0.r0.d0.f0.d2.-f0.-d0.f0.-d2
936,r0.d2.f1.d1.d1.r2.r2.-f0.-d0.r2.r2.-d2.r0.r2.r2.-f0.d2.r0.-f0.-f0.-d0.-r0.-r0.-d0.-r0.-r0.r2.r2.f2.f2.d0.f2.f2.-r1.-f1.r1.f1.-d0.d1.f1.-d1.-f1
937,-r2.f2.-f1.r1.-r0.-d1.-r0.-f1.d2.-d0.-f0.-d1.d0.r2.-d2.r0.d2.-f1.r2.f1.-r1.-f1.-r2.-r0.d0.r0.f1.-r0.-d0
938,-d0.-r2.d2.f2.-f1.-r0.d1.-r0.-f2.r2.r1.d0.f2.d1.-r2.-d1.r2.-d1.-d0.r2.-d0.r2.r2.-d2.f0.d2
939,-r1.f0.-r2.r1.d1.f1.-f0.-r1.-r0.f1.-f2.r0.-f2.-f2.r2.f2.r2.f0.-r2.-r0.d2.-f0.d1.f0.-r2
940,-d1.r2.-d1.-r0.d0.f0.-r0.-d0.r0.d2.f0.-r0.d1.-d0.r1.-r0.-f1.-r1.r0.-f0.-d0.-r0.d2.d0.-f2.r1.f2.r2.-f2.-r1.f2.-r2
941,-f1.-d1.f0.-d1.r2.-f0.-d2.r0.-r2.-f2.d2.f2.r2.-f0.r0.f0.-r2.d0.-f1.-f0.r2.-r0.f0.r0.-f0.-r2.f2.f0.-r0.-f0.-d0.r0.-f2
942,-d2.-r2.f0.d2.f2.d0.-r0.d2.-f0.f2.r2.-f0.-r0.-f0.-f0.f2.f2.d2.d2.-d0.-f0.-f0.d2.f2.f2.r2.r2.-d0.f1.r1.-f1.-r1
943,d2.f0.-r0.-d2.f2.r0.-d2.f0.d2.f2.-r0.d0.r2.-d0.-r0.-r0.r2.r2.-f0.-f0.-r0.-r0.-d0.-d0.-r0.-r0.d0.r0.-f1.-d1.f1.d1.-r0.f1.-d1.-r1.d1.r1.-f1
944,r0.r0.d0.f0.-d0.-r2.-d2.d0.-f0.-d0.-d0.-r0.-r0.r2.-d2.-r0.-r0.d2.d2.r2.r2.-d2.f2.f2.d2.f2.f2.-d0.r0.-d1.-r1.d1.r1.-r0.f1.-d1.-f1.d1
945,r0.-f1.d2.r2.f1.d1.-f0.d0.-f2.f0.-d2.d0.-f0.r0.f1.-r0.-f1.-d0.r0.-d0.-d0.f2.-r0.-f2.r0.-f2.d0.f2.-d0
946,r1.-r0.-r0.-f0.-f2.r0.-f0.-f0.-r2.f0.-r0.-r0.-d0.f0.-d0.-d0.-r0.-r0.-d2.f2.f2.-d0.-r0.-r0.-d0.f2.f2.d0.f2.f2.-f1.d1.-r1.-d1.r1.f1.-r1.f1.r1.-f1
947,-f0.r1.d2.f2.-d2.-r0.-r0.-d1.f1.-d1.-f0.d2.d2.-d1.f0.-d1.-d0.-f2.d0.r0.f2.-r0.d0.-r0.-d0.r0.-f2
948,f2.d1.f2.-d1.-r1.-d0.-f2.-r2.-d0.-f0.-d0.-r2.-d0.r2.r2.d2.-f0.r1.f0.-r1.-r0.d2.d0.f0
949,d2.-f0.-r0.-f2.d2.-r2.-d0.-f1.r1.r0.r0.-f2.f0.-r1.-d2.-r1.-d0.f2.d0.-r1.f0.-r1.-f0.r1.-f0.-r1.-f1
950,d2.d2.-r0.-f2.d2.d2.-r0.-d0.f0.d0.r2.f2.-d2.r0.-d0.f2.f2.d0.-f0.-f0.d0.-f0.-f0.d2.r2.r2.-f0.-f0.f2.f2.-f0.-r1.f1.r1.-f1.f0.d1.-r1.-d1.r1
951,d2.-r0.-f1.-d1.f2.r1.r1.-d2.-r2.d0.r0.d1.r1.d2.-r2.d1.-f0.r2.-d0.-d1.r1.d1.-r2.-d1.r1.r1.f0
952,r2.d1.f2.d0.r2.f1.-r0.-d2.d0.f1.r2.r2.r0.-d1.-f1.d1.d2.-r1.d2.d0.r2.-f0.-r2.d2.d0.d0
953,d0.r1.d1.-f1.-d2.f2.d0.-f0.d2.d2.-f2.-r2.f2.d0.-f2.d0.d0.r2.d0.-f2.-d2.d0.f1.d2.f0.-d2.-f1.d2.-f0
954,f1.d2.-d0.-r0.-d1.f0.r1.d1.r0.r0.-d1.r1.f1.-d2.f0.-r2.d2.d2.-r2.-f2.d2.d2.f0.-d2.-f0.d2.f2.r2.-d2.f0
955,-d2.-d1.-f0.r1.f1.-d2.r0.-d0.f1.-d0.-f2.r2.-d0.f1.d0.d0.f0.d0.r2.d0.-r2.d0.d0.f0.-d0.-f2.-f0
956,-d0.-r2.-r0.-d1.r0.f1.f1.-d0.-r2.d0.f0.-d0.f0.f2.d2.f0.-d2.r2.f0.-r0.d0.-r2.r0.-f0.d2.-f0.-d2.f0.-d2.-r0.d2.-f0
957,-f2.-r2.r1.f2.-r1.-d2.-f1.-d1.-d0.r0.f0.-r2.-d2.f0.-d0.f0.-r0.d2.r0.-f0.-r2.-f0.r2.-d0.-r0.f0.-d2.r0.-f0
958,r2.-r1.-f2.-d0.-f1.-r0.-f0.r0.-d2.-f1.r2.r2.-f0.r0.r0.-d0.r1.f0.-r2.-d2.-f0.d2.-f1.d2.f1.-r1.-f1.-d2.f1.-d0
959,-f0.f2.d2.-r2.-f0.-d0.-d0.r2.r2.-d0.-d0.r2.-d2.-d0.-f0.r0.-f0.-f0.-d2.-r0.-r0.d0.-f0.-f0.-r0.-r0.d0.-r0.-r0.d2.r1.f1.-r1.-f1.-d0.d1.-f1.-d1.f1
960,f0.d0.f1.r1.r1.r2.-d2.d0.-f2.-r0.-d2.-r0.d0.-f2.-r0.-d0.f2.f2.d2.-r0.-r0.-d2.-f0.-f0.d2.d2.-r0.-r0.r2.-d1.f1.d1.-f1.-r2.f0.r1.-f1.-r1.f1.-f0
961,-f2.d2.f2.r2.-d2.-d0.-f2.-r2.d2.-r0.-r0.f0.-r0.-f2.d2.-r0.-r0.-d0.r2.r2.d0.-r0.-r0.-d2.-r0.-r0.d2.f2.f2.-r1.-r1.-f1.-r1.f1.-r1.f1.r1.-f1.-r1
962,d1.-r2.r1.-f0.d1.r0.f1.-d2.-r2.-r2.f2.-r2.-f1.r0.-d2.-f0.d0.f0.d2.-d0.-r0.-d2.-r1.d2.d2.r1.f0.r1.-f0.-r1
963,r0.-f1.-d1.-f0.r0.f0.r0.f2.r0.-f2.-d0.-r1.d0.-f1.r1.r1.-f0.-d2.r0.f0.d2.-r1.-d2
964,-f1.-d0.-r2.-d2.r2.-f2.-d2.-r0.-r0.-f0.-r0.-f2.r2.-d2.-r0.-r0.d2.d2.f2.f2.d0.f2.f2.-d0.-f0.-f0.-r0.-r0.-d0.-d0.f1.-d1.-f1.-r1.d1.r1.f0.-r1.-f1.r1.f1.-f0
965,-d1.-f1.d2.r0.d1.-r1.r0.d2.f0.d0.-f0.-d2.-r2.-d2.f1.r0.-f2.-d2.-f0.-r1.-d1.-d0.f2.-r1.f0.-r0.f1.r1.r0
966,d1.-f0.-d0.r1.-f0.r1.-r0.d0.f0.r2.-d0.f2.-d0.-f0.d0.f1.f0.d0.f1.-r1.-d1.-f1.-d0.f1.f1.d1.-r1.-f1
967,-d0.f2.f2.-d0.-r1.-d0.f1.-d1.f1.-r0.-r0.-d0.-r1.-f2.-r2.f2.r1.-r0.f1.d2.r0.-f1.-r1.f1.-r0.-d2.r2.r0.-f0
968,-d0.r2.f2.-f1.d2.-d0.-f0.r2.f2.-d2.-d1.-r2.f0.-r2.-d0.-d1.-f0.d1.r2.f0.f0.-r0.d2.-r0.-d0.-r0.-f0.r0.d0.r0
969,-d1.f0.f0.-r0.-d1.-f2.-d1.d0.f0.-d0.-f2.r2.-f1.d0.-f0.f1.-d0.-r2.d0.-f1.f0.d0.f2.-d0.f2.r0.-f2.-r0.-f0
970,-d0.f1.-r1.f0.d1.-r0.-f2.d1.r2.f0.d0.r1.d1.r2.-d1.-r2.f0.-r1.r0.-f2.r2.r2.f2.r2.-r0.-f0.-r0.f0.-r2.-f0.r0.f0
971,d2.-f2.-d0.-r1.f1.r0.f2.f2.r2.-d2.f1.-r2.d1.f2.-d0.f2.d2.-d1.r2.-f1.-f0.-d2.r0.-f2.-f1.d0.f1.d1.-f1.-d0.f1
972,-f0.r0.-d0.-f0.-d0.-f0.d0.f2.d1.r2.-d0.-r0.d1.-r1.f2.-r2.f0.-d0.f1.d0.r1.r0.-d2.-r0.f2.-r1.-f1.r1.-f2.r0
973,f1.r0.-d1.-r2.f0.f0.d0.d0.-r0.-f2.f1.-r2.r0.-f2.r2.-f1.-r2.-d0.-f1.d0.f1.r2.-f2.r2.f2
974,-r0.-d0.-f2.r2.d1.f2.-d1.-f0.-r2.-f2.-d1.f1.-d0.r2.-d2.d1.-r1.-d1.f2.d1.-f2.-d0.-r1.d0
975,-d0.-f1.-d0.r0.-f0.d1.f1.-d2.r2.-d0.f0.d2.-r2.-d2.r2.-d0.-r2.d2.f2.-r2.-f1.r2.-f2.-r2.f1.r2.r2
976,-d0.-r1.-f2.r2.-d2.-r2.-f0.d2.r0.-d1.-r0.d1.-r1.-d0.-r2.-d1.f0.-r1.-f0.r1.-f0.d1.-f1.-d1.-f0.d1.f1.f0
977,-r0.-f2.-f0.-f0.r0.r2.-d0.f2.d2.-r0.f2.-d0.r2.-f0.-f0.d0.-f0.-f0.f2.f2.-d2.f2.f2.r2.r2.-d2.-r0.-r0.-d0.r1.-r2.d1.-r1.-d1.r2
978,r2.-f0.d2.r0.f1.-d2.-r1.-f0.d0.r0.f2.f2.-d0.-r2.f2.-r0.r2.-f2.d0.f2.-r2.-r0.f0.r0.f2.-f0
979,d2.-f1.r2.-f0.-r0.d1.f1.-f0.-d0.-f0.-r2.-d0.f0.-d0.r0.d2.f2.-d2.r0.r0.-f2.r0.-d2.-r0.f1.d2.-r0.-f2.r0.f2.f2
980,-r2.-r1.-f1.d0.-r2.f1.f0.-r2.f0.d2.r2.-f0.-r0.-f0.-d0.-r2.r0.f0.-d1.f0.-d2.r0.d2.-f0.d1.f0
981,r2.-d2.f2.-r1.f1.d0.f2.f0.-d0.r0.-f0.-r0.-d0.f0.-r2.-f0.-r1.r0.d1.-r0.d0.-r2.d2.-d0.r0.-d1.r1
982,-r0.-d0.f0.r0.d2.f1.r2.d0.-r2.-r0.d2.r0.-d2.-r0.-d1.-r1.-d0.-f2.-d2.-f2.-r2.f2.d2.f2.r2.f2
983,-d0.f1.r1.r1.f0.d0.r2.-f0.-d0.r2.f0.r2.f0.r0.d2.d2.-d0.-r0.-r0.f2.f2.d0.f2.f2.r2.r2.d0.-r0.d1.-r1.-d1.r1.r0.-f0.-d1.f1.d1.-f1.f0
984,-r2.-r1.-f2.r0.d1.-f0.r0.-f0.r1.d1.-f2.-d2.r0.f1.d0.-r2.d1.-r0.d2.-f1.-d2.f1.r0.-f1.-d1.f1.d2.-f1.d1.f1
985,f2.-r0.f1.-f0.d0.r2.f0.-d0.-d0.-f0.-d2.-f2.-d2.-r0.f2.f2.-d0.f2.f2.-d0.r2.r2.d2.r2.r2.f2.f2.r2.r2.-f0.-f0.-r0.d1.-f1.-d1.f1.r0.-d1.-r1.d1.r1
986,-r0.r2.-d0.-d0.-r0.d2.-d0.r0.-f0.-r0.r2.-f0.-r0.-r0.f2.d2.-d0.-f0.-f0.r2.r2.-d2.-d0.-r0.-r0.d0.f2.f2.-d0.-d0.f1.-r1.-d1.r1.-f1.d1
987,-r1.d1.-f1.-r0.f0.d1.-r0.f1.-f0.-d0.f1.-r2.-f1.d2.d2.d1.r1.-d1.-r1.-d1.-r0.-d2.f0.r0.f2.r1.-f2.-r0.f2
988,f2.f2.-d1.-f2.r1.-f0.-r2.-d1.d0.-f0.-d2.-f1.d2.-f2.d1.f2.f1.-r2.r0.-d2.-r2.d2.f2.-d2.r0.d2.r2.r2.-d2.-r0.d2.r2
989,-f0.r1.r1.-f0.r0.d1.f2.-d0.r0.f0.-r0.-f0.-r0.-d1.-r2.-d0.f2.-r0.d0.-f2.r2.f2.-d0.r0.-f2.d2.d0
990,-r0.-d1.f1.-d0.-f0.d0.-r1.-d0.-r2.f0.d0.-r2.f0.-r2.-r1.d0.r1.r2.f2.-f0.r2.f0.r1.-f2.-r1.-d1.-d0.-f1.r2.f1
991,d0.r0.-f1.d0.r1.d1.-r0.-d2.d1.-r0.-d1.r1.-r0.d2.-r2.-r1.-f0.-r0.f0.-d2.r0.f2.d2.-f0.-r0.d2.r0.f0.-d2.f2.f2
992,-f2.d2.-f1.-d1.-r2.-f0.f1.-r0.f1.-r2.-f1.-r0.-d2.-r0.f2.r2.d2.r2.d0.-r2.-f2.-f0.-r2.-d0.-r2.f0.r2.-f0.d2.r2.d0.-r2.-d2.f0
993,d0.f1.-f0.-r1.-d1.-f2.d2.r0.d2.r2.-f2.-r0.f0.-d2.r0.f2.-r0.-d2.f0.d2.r2.d2.-r2.-d2.-f0
994,d1.-f1.-d0.-r2.f2.r1.-r0.-d2.-d0.-r2.-d2.r2.-d0.r2.f2.d0.-f1.-f0.d2.f2.d2.d2.-r2.-d2.f0.-d1.-f0.d1
995,-r1.-f2.f1.r2.f0.-r1.-d0.f1.f0.-d2.f0.d2.f1.-d2.-f1.-r0.-d2.-r2.-d2.f0.f0.d2.f0.f0.r2
996,-r2.-d0.-f2.d1.-r2.f2.-d0.f0.-r2.-f2.f0.-r2.-r1.r0.-d2.-r0.-f2.r2.d0.f2.f2.d2.f2.-d2.f2.-r2.d2.r2
997,-d0.-f2.r2.-r1.-f0.r2.d0.f2.f1.d2.d2.f0.-d2.-f0.d0.f2.-d2.r2.r0.f2.-d1.-f2.d1.f2.-r2.-f0.r2.f2.f2.-r2.f0
998,r1.-f1.r2.d0.-f1.-r0.d2.-f2.-d0.r0.-d2.-f0.r0.-f1.d1.f1.-d1.-d0.r2.-f0.-f0.-r2.d0.-r0.f2.r1.f2.-r1.-f2.-r1
999,d2.r1.-r0.-f0.-f0.-d0.r0.-f0.-f0.r0.-r2.-f0.-f0.-d0.-d0.f0.-r2.d2.-r0.-r0.-d2.d0.-r0.-r0.d0.-f0.-f0.f2.f2.r2.-d1.-r2.-r0.f1.r0.d1.f1.-d1.-f1
1000,-f0.d0.-d2.-r0.r2.-f0.-d0.-d0.-r0.f2.r0.-f0.r2.r2.f0.-r0.-r0.d0.-f0.-f0.-d0.-d0.-f0.-f0.r2.r2.d0.r2.r2.d0.f2.f2.-r1.d1.-r1.-d1.-r1.f1.-r1.-f1
1001,-f1.f0.d0.-r1.r0.-d0.-r2.d0.-r1.-r0.f1.-d0.f0.d0.f1.-d0.-f0.-d0.f2.d0.d0.-r0.-d0.r0.-f0.-r0.f0
1002,f0.-f2.-d0.f2.r0.f2.f2.r2.r2.d0.f2.f2.-r2.-f0.-d0.-d0.-f0.-f0.-d0.-r0.-r0.-d0.f2.f2.d2.-f0.-f0.d0.-r2.d1.r2.r0.f1.-r0.r1.-d1.-r1.d1
