initial_state_id,path
0,d2.-f2.-d1.r2.-d1.f0.d0.r0.f2.f2.r0.-f0.r0.-f1.-d0.f1.-r0.-r0.-f2.-d1.f2.-d2.-f2.d2.d0.-r0.-d0.-d1.-f1.-f0.-f0.f1.-r0.f2.-d0.-r0.d0.-f2.d1.r0.-d1.-d1.-f0.d1.-f2.-r1.-f0.r1.f2.-f0.d0.-f0.-d0.f0.f0.f0.-r0.f0.r0.-f0.-r0.f0.f0.f0.d2.f0.-d2.f0.-r0.-d0.r0.d0.f0.-r0.-f0.r0.-f2.-r0.f0.r0.f2.-r0.f0.r0.-f0.d1.r0.-f0.-r0.f0.-d1.-f0.r0.f0.-r0.f0.-r0.-f0
1,-r1.-f2.r1.-f1.-r1.f2.r1.f1
2,d2.-r0.r2.d2.d2.r0.-r2.d2.-r0.r2.d2.d2.r0.-r2
3,d0
4,-r2.d0
5,r2.-f1.-r2
6,f1.-d2.-d0.-r2
7,f2.-d1.f2.-f0.-r2
8,f0.-r0.d1.-r2.d1.f0
9,-r0.d2.f2.-r2.-r1.r0.-d1
10,r1.-f1.-r1.-f2.f1.-d1
11,f2.-f1.-d2.f0.r1.r1.r0.f2.-d0
12,-f0.-r1.d0.f1.d0.-f2.-d0.f2.-d2.-r2
13,-r0.f2.-d1.f2.d1.d1.d0.-f1.r1.r0.-f1
14,-f2.r2.r2.-r1.f2.-d0.f1.-f0
15,r0.-d1.f1.f1.r0.r0.-d1.f2.r2.-d1.-f1.-f0.r2
16,d1.r2.-d1.f1.-f0.-r2.f0.r1.-f0.-r0.-f2.d1.f2.-d0
17,d2.r0.-d2.d1.f0.-d0.-r1.-r0.d0.r0.-d1.f0.d0.-f2.-f0
18,d0.d0.f1.f0.r2.f0.d1.d0.-f0.-r1
19,f0.f0.d0.-r2.f0.f1.-r1.f1.-f0.d1.r2.-d1.-d0.f2.f0
20,r1.r0.d2.-d0.r0.-d2.f0.d1.r2.d0.f1.d1.d0.d0
21,r2.r0.r0.-f1.d2.d1.-d0.-r2.r0.-f0.-f0.-d2.-f1.d1.-f2.-r1.f2
22,-d2.f1.d0.-r1.-d2.f0.d1.d0.r0.d0.-f1.f0.r0.-f2
23,f1.d1.-f0.-d2.f1.-r2.r1.-f1.-d1.d0.r0.-f1.r1.r0.r0
24,f0.-d1.-r0.-f2.r2.r0.-r1.d2.r2.-f0.f1.-d1.-d0.-r2.d0.-r1.f0.f1.-f2.d1
25,d2.f2.r2.r2.f2.f0.d0.-r2.f0.d2.-f1.-f0.d1.d0.d0.-f0.d1
26,f1.d0.-d2.-r0.r2.f2.f2.f0.d1.-r2.-f0.-r1.r2.d0.r2.-f0.r2.-f2.-r2.-f1.-r0.-r2
27,-r0.d0.f0.f0.r2.-f0.r2.r0.d1.f2.d0.f2.r1.d1.r2.-r1.-d1.r0.d1.-r2.-r2.-f1.-d0
28,-r2.-f2.-r0.-r1.-r1.-r0.-f2.-d2.d0.-r2.d1.-f1.-f2.-d1.-r0.f2.d2.r1.f1.-f2.r0.-d0.r2.r0.-d2.f1
29,r2.r2.-f0.r1.f0.d0.f2.-d1.-f0.r0.d1.d2.-d1.d0.f1.f0.-r0.-f2.r0.f1.-r2.-d1.-r2
30,-r0.-r0.f0.r0.-d1.r0.r1.-r2.f0.-d0.-d1.-d1.r2.f2.f1.-r0.d2.-d1.r1.-f2.r1.f0
31,-d1.r1.d1.d1.r2.-d0.-d0.r2.-f1.d2.f2.-f0.r0.d0.-f1.-f0.-d1.f1.r1.d0.d0.-d1.-f2.f0.r0
32,r1.r1.-d1.f2.r2.d1.r0.f1.d1.f2.d2.f2.r1.-d2.-d0.-f1.-r0.-f0.-r1.f0.r0.-f0
33,-d2.-d0.f2.-r2.d1.-f1.d0.-r2.-d0.d1.d1.-d2.r1.d0.d0.f2.f2.-f0.d0.-r1.f2.d0.-d1.f0.d2.-r2.-d2.f1.d0
34,f1.d2.-r2.-f1.-d2.f2.f0.-r2.d2.d2.f2.-r2.d2.r1.d1.f2.d1.-r0.f1.r0.-f1.-d1.f1.-f0.-r0.-f1.r0.f0
35,-d0.-r2.f0.r1.-d2.f1.-r1.-d0.-d1.f0.-d1.-d0.-r2.f0.f0.r1.-f1.-r1.-f2.d2.f2.r1.f0.r1.-f0.-r1.f0
36,f0.-r0.-d1.-f2.d2.r1.r1.f1.-f0.-d2.-d0.-r1.d0.f1.r0.r0.-d0.f2.-r0.-f2.r0.-d0.r2.f2
37,-f2.r2.-f2.f1.-r1.d2.f1.r2.-d0.-f0.d2.r0.-f1.d0.-f0.r0.f0.d0.f0.-d2.r0.-d1.-r0.f2.f1.r1.d2.r2.r1.f0.-r1.-f0.-r1
38,-r0.d0.-r0.d1.-d0.-r0.r1.r1.-d0.f0.r2.f2.d0.d0.r2.r0.-f1.-f0.d2.f0.-d2.-r2.d2.-f0.d2.d2.-f2.-r0.d1.r0.f2.-r0.-d1.r0
39,-f0.f2.d2.-f1.-f0.r1.f1.f1.f2.f2.r2.-f2.r1.f1.-d0.f2.r0.-f1.f2.f1.-d0.r0.-f1.-d0.-r2.r0.r1.d1.d1.f2.f0.-r0.f0.r0.-f1
40,-r2.f2.-r2.-f2.f1.r2.d2.-r1.-f0.-d0.-f0.-d1.r2.d1.-r2.-d2.-f2.f0.d0.f0.-d0.f2.-r0.f0.r2.r0
41,f1.-d0.f0.-d1.r2.-d1.d0.-f0.-d0.r1.-f1.r2.r2.-f2.-d2.f2.-d2.r1.-d0.-f2.r0.f1.-r0.f2.r1.d2.-r0.-d2.-r1.d2.r0
42,-f2.d0.-f0.-d2.-r0.-d2.-r0.d0.f0.f0.-d0.-f0.-f1.r2.-d2.f0.d2.d2.-r0.d0.-r2.-d0.r0.-d2
43,-r2.d2.-f2.r1.-d2.-f0.-r2.r0.-f2.-r2.-d1.-f2.-d2.r2.-f1.-d1.f2.d1.r1.r1.d1.-r2.d0.r2.-d1.-r2.-d0.r2.d1
44,-f0.d0.-r1.-d1.f2.r0.f2.d0.-r0.d2.r1.f0.r0.r0.-d2.f2.r0.d0.-r0.-r0.-d0.-f1.d0.-f1.d0.f1.-d0.f1.r0.f0
45,f0.r2.-d2.f0.-r0.d2.f1.-d2.f0.-r2.-d1.f1.-r1.f0.r0.-f1.r1.-r0.d0.d0.-f0.d0.f0.d0.-r1.r0.r0
46,-d1.-f0.r0.d2.-f1.r1.-d0.r0.d0.-r0.-d0.-f1.-d1.-f0.-r1.d1.f1.-d1.f2.-d2.-r1.d2.r1.d2.-d1.-f1
47,f2.-d2.r1.-f0.d0.-r0.f1.-f0.r1.d2.-r0.d0.f0.-r1.d2.-r0.-f0.-r0.-d0.r0.f1.d2.-f1.-d1.-r0.-f1.r0.f1.d1
48,r2.-f2.r1.-d1.r2.f0.-r2.f1.f1.-r0.-f1.d0.f0.d0.-f0.-r2.d1.-d0.-f1.-r2.f1.r2.-d1.-r0.d1.-r2.-d1.r2.r2.r0
49,-f0.r2.-f1.d2.d2.-d0.-f2.r2.f0.-f2.d0.-r2.f0.f2.d2.-r0.-r0.f2.f2.-d0.-r0.-r0.r2.r2.d2.-d0.-r0.-r0.-d2.-r0.d1.-r1.-d1.r1.r0.-d1.f1.d1.-f1
50,d0.r2.r2.-r1.f0.f0.d0.-r2.d2.-f0.-r1.f0.-d1.r2.-f1.-d1.r2.-d1.f1.-r2.-d1.-r0.-r0.-d1.-r1.d1.r1.r0
51,-f0.r2.f2.-d1.f2.d2.-f2.-r0.-d0.-r1.-d0.-r0.-f2.f0.r2.-d1.-f2.d1.-f0.-r1.-f0.-d2.-f1.d2.f0.-d1.f1.r1.d1.-r1.-f1
52,f0.d2.r0.-d2.r2.-r0.r1.-d0.r1.-d2.-r0.-f0.-f1.r1.r1.f1.r2.r1.f2.d2.-f2.-r1.f2.r0.-f2.-f0
53,f2.f2.-r2.f0.f0.d0.f2.r1.r1.f1.d2.-r2.-f1.-d1.f0.-d1.d0.-f0.-d0.-f1.d0.f0.-d0.-r0.-d0.f1.d0.r0.d1
54,f2.r1.d0.f2.r2.-f1.f0.-d0.f2.-d2.-f0.d2.-d0.r1.r1.-r0.d0.-r1.-d0.r2.d1.-r2.d0.d0.f1.d0.d0.-f1
55,-r1.f1.-r2.d0.r0.-f1.f0.d2.-f2.f1.d0.-f2.f0.r2.d1.-r2.r0.f1.-r2.d1.-r0.-d1.r2.-f1.-r2.-f2.f0
56,f2.d2.r1.f0.r0.f2.-d2.-f2.-d1.f1.d0.d2.-f2.d1.f0.-r1.-r0.d0.-f2.-d0.f2.r1.-f2.-r1.-d0.f2
57,f2.-f0.-r2.r0.d2.-d0.-r0.f2.d0.-r2.d0.-r2.f2.-r1.-d2.-d1.f0.d1.-r2.d2.r2.-r1.-f2.d1.f2.-d1.-f0
58,r1.-f2.-d2.f2.-d2.r1.-f0.-r2.f0.d2.d0.r0.-f0.-r0.-d0.f0.d2.r0.-d1.-r0.-d2.-f0.-r0.f0.r0.f0
59,d0.-r0.d0.-f0.-r2.-d2.r1.-d2.-f0.d1.r2.-r0.f2.-r1.-f1.-d0.f1.r1.-d0.-r1.d0.r1.f0.d0.-r1.-d0.r1.-d0.f1
60,d2.-r1.d0.-f0.-r2.-f0.-d2.r1.-d0.-r1.-f2.-d0.-r2.-d2.r2.f1.-r0.d2.r0.d0.-r0.d1.r1.-d1
61,-d0.f0.r0.d2.-r0.d0.-f0.f2.-d2.-f1.-f0.d0.r2.-d2.-r2.f0.r2.-d0.-f0.-r2.-d0.-r1.d1.r1.d0.r2.f0
62,d1.-f1.-d0.f2.r0.f1.f1.d1.-r0.-d1.-d0.-d1.-r2.-d2.d1.r2.-d0.r2.d2.-d1.-r2.-d2.-r2.f2.d2.-f2.-r2.f2.-d2.-f2
63,-d1.d2.d2.-f0.-f0.f2.f2.-r0.d0.r2.f2.d2.-d0.-d0.f0.r2.-d2.d0.-r0.-r0.d2.f2.f2.-r0.-r0.f2.f2.d2.d2.r0.-f1.-d1.f1.d1.-r0.f1.-r1.-f1.r1
64,f0.-r0.d2.r0.-d2.r2.f2.-r2.f0.r0.-f0.d2.r0.r2.r2.-d2.f2.f2.r2.r2.f2.f2.-d2.f2.f2.d0.f2.f2.f1.-r1.d1.r1.-f1.-d1.-f0.f1.r1.-f1.-r1.f0
65,f2.-r0.d2.d0.-f0.-d2.f0.r0.-d0.r2.d2.f2.f2.r0.-f0.-f0.f2.f2.-r0.-r0.-d0.-r0.-r0.-f0.-f0.-d2.-f0.-f0.-d2.f2.f2.f1.r1.d1.-r1.-d1.-f1
66,-r0.f2.d2.-f1.-d0.-f1.-r0.-d2.f2.-f0.r2.d0.-r2.-f1.-f0.d1.-r1.f0.d0.r1.-d0.f2.f2.-r1.-d0.r1.d0.-f2.-d1.r0
67,r0.d2.f1.d2.r2.f0.-d1.-r2.r0.f2.f2.d0.-r2.-d0.-r0.-f2.d1.f2.-r0.-d1.r0.f2.-r0.f2.-r0.-f2.r0.-f2.r0
68,d2.f1.d2.-f2.-r2.r0.-d0.-r2.f2.-d2.r0.f2.r2.-d2.-f1.r0.d1.-f2.r0.f2.d0.f0.d2.r0.-d2.-f0.d2.-f0
69,-f2.-r2.-r2.d2.-f0.r0.r2.-d0.-d0.f2.d2.-d0.r0.-r2.-f0.-f0.-d0.-d0.r2.r2.-d2.-r0.-r0.d0.-r0.-r0.-d0.-f0.d1.-r1.-d1.r1.-f0.r2.d1.-r2.-r0.-f1.r0
70,-d1.r0.f2.-d0.-r2.-f1.-d2.d0.-r0.f1.f0.-d2.r2.-f1.-r2.f2.d0.-r1.-d0.-r2.-d1.f1.d1.-d2.-r1.d2.d0.r1
71,f0.d1.-r2.d2.d2.f1.-r0.f0.-d1.-d2.-r1.d2.-r2.d1.f1.d2.-d1.d2.-f1.r0.f0.-d2.-f0.-r0.f1.-r1.-f0.r2.f0.r1.-f0.-r2.f0
72,f0.-r0.-d1.d2.d2.-r0.-d0.-r0.-r0.f2.-r0.d2.f0.-f2.d2.r2.f2.f2.-r0.-r0.f2.f2.-r0.-r0.-d0.f2.f2.r2.r2.d2.-f0.-d1.-f1.d1.f1.-f0.d1.r1.-d1.-r1
73,-f2.r2.d2.r0.r2.d2.r0.f2.-d2.-r0.r2.-d0.f2.-r2.-d0.-r0.-r0.d2.-f0.-f0.f2.f2.r2.r2.f2.f2.d2.d2.-d0.-f0.-f0.-r0.d1.-f1.-d1.f1.r0
74,-f1.r2.r2.d2.-f0.-r2.d1.r2.-d2.d0.d1.-f0.-d0.f0.-r1.-r0.f2.f0.d1.-f0.-d1.-d0.r1.r1.-f0.d0.f0.-d1.-f0.-d0.f0.d1
75,f1.-f0.-d0.-f0.-r2.d2.-f1.r0.d0.-r1.-f1.-r2.r0.f2.-d2.-f2.d1.-r0.-f0.-f1.-d0.-f2.d0.-f0.r0.f1.-r0.f0.-d1.-r1.d1.-r0.-d1.r1.d1
76,-d0.f1.-d2.-r0.f2.d1.r1.r1.-f0.-r1.-d1.r0.-r2.-f1.-f0.-d2.d1.r2.d0.-r2.-r2.-d2.r2.d2.r2.-d0.-r2.f0
77,r1.-r0.-f0.r2.-d1.f2.d2.-f1.-f0.-f0.d0.d1.-r2.d2.r0.d2.-f0.d0.f2.r0.-d2.f1.-d0.-f1.-d1.-r1.-f0.-f2.-r2.f2.f0.-d0.r1
78,r0.-d2.r2.-f1.f0.r0.-d0.f0.-f2.-r2.d1.-r0.-f1.d2.r0.d2.r1.r2.d1.f1.d2.-r1.-d2.r1.-f1.-d1.f1.d2.-f1.-r0
79,d2.r2.f0.r2.d2.f1.d1.-f0.r0.-d2.-d1.f2.d0.f1.r2.-d0.d2.-f2.-f1.d1.-r1.f1.-r1.f2.d1.-f2.-r1.f2.-d0.r1.d1.-r1.d0
80,-r0.-d1.f1.f1.-f0.-r0.-f2.d2.-f1.f0.r1.d2.-r1.-r2.f2.d2.-f2.-r2.-f2.r2.d2.r2.-f1.-r2.-d2.-r0
81,d1.-f0.-r0.-f0.-r1.d1.f2.d0.r1.f2.-d1.r2.f0.-d1.-r2.-f0.-r1.-d1.-f2.d1.r2.r0.-d2.r1.d2.-r0.d1
82,-r2.-r0.f2.f2.-d2.-f0.-d2.d0.-f0.-f0.r0.-r2.d0.-r2.d2.d0.r2.r2.d2.d2.-r0.-r0.r2.r2.f2.f2.d2.d2.f2.f2.r2.d1.-r1.-d1.-r2.r1
83,f0.-d2.-f0.f2.r0.d2.d0.-r0.-r0.d2.-r0.-f2.d2.-f0.-f0.r2.r2.d0.-f0.-f0.r2.r2.d0.-r0.-r0.r2.r2.-d0.-d0.-f1.d1.-f1.-f1.-d1.-f1
84,d1.-r1.-d0.f2.r1.-f1.d0.d0.-f0.d0.f2.-r0.d0.-r0.-d0.r0.-d2.-d1.-r2.-f2.r2.-d0.-f1.-r2.f1.-r0.-f1.r2.f1.d2
85,f0.-r0.f1.-d1.-f2.-d2.r2.-d0.-r0.-f1.r2.f2.r2.-r1.-f2.-d0.f2.r2.r2.d0.-f0.-d0.r2.-d2.r2.r1.-f0.-r0.f0.-d2.r0.d2.-f0
86,-r0.d2.f0.-r2.f0.-d1.-r0.f0.f0.-r0.-f0.f1.d2.d0.-f1.-r0.-d0.-f2.r1.-f1.r0.-f2.-r1.f2.f0.-r2
87,-r2.-d2.f0.-r1.d2.-d0.r0.-r2.d2.-d0.-r2.r0.-f1.d1.f1.-r0.-f0.-r2.f2.d0.f1.-d0.-f1.-r1.f0.-r0.-f0.r1.f0.r0.f2
88,f2.d2.f0.r0.f1.r1.-d0.r2.d2.r2.d0.f0.d0.f2.d0.-f2.r2.r0.-d2.-r2.-d1.-f1.d1.f1.d0.f2.-d0.-r0
89,-d2.r1.d1.r1.-f1.-r1.-f2.-d0.-r0.-r2.d0.-d2.f0.-d1.-f0.r2.f0.-d2.r0.r0.d2.-r2.-d2.-r0.d2.d2.-r0
90,-r1.-d1.r2.f0.r0.-d0.-r2.-d2.-r0.d0.-r0.-f2.f1.-r0.f0.r0.f2.-f1.d1.f2.-r1.f2.r1.-d1.-f2.-r1.-f2.r1
91,-r0.-d0.-d1.d2.f2.f2.-d2.-r2.f0.d0.-r0.r2.-f0.-r0.-f0.r0.-d0.f2.f2.-d0.-f0.-f0.d2.f2.f2.-d2.r2.r2.-d0.f1.d1.r1.-f1.-r1.-d1.r1.f1.-r1.-f1
92,d0.d0.f1.r2.r1.-d1.r2.-f2.r2.d2.f2.r0.f2.r1.-d1.f2.-f0.r0.-f2.f0.d1.d0.r0.r0.-f2.-d2.f2.r0.r0.-f2.d2.f2
93,-d1.-f2.d2.f0.-r0.f2.-r1.-d1.d0.f1.-r2.f0.d1.r0.f1.-r0.f2.d1.-f2.-r0.-f1.r0.-f0.r1.f0.-r0.-d0
94,-d2.-r1.-d1.-r0.-d0.f0.r2.-r1.f2.-r2.-d2.-f2.-r1.-d0.r2.d0.r2.-f2.-r2.f2.r2.r2
95,-f1.d2.f2.r2.r2.f2.f0.r0.-d0.r2.-r0.f0.d0.f0.-r1.-f2.d0.-r2.-f2.f1.r2.r0.-d0.r1.-d2.-d0.-r0.d0.-f1.-d0.r0.d0.f1
96,-d1.-f1.d1.-d0.f0.d2.f0.d2.-f2.r2.r2.f2.d1.f2.-r2.-d0.r2.f2.d0.r0.-d2.-r0.d1.r0.d2.-r0.-d1.-f2
97,r2.-d2.-f0.-r2.-d2.d0.r2.d1.f0.f0.d2.-d0.r0.-d1.-f2.-f0.-r2.-d2.-r0.f0.-r0.f1.r0.-f1.-r0.-f1.-d1.-r2.d1.r0.-d1.r2.d1
98,d2.-d0.r0.-f2.r1.-d0.f0.-d2.r2.f0.-r0.d1.-r2.d2.d0.f1.r0.-d0.-r0.-f0.-d0.-f1.-r2.-f1.r2.f1
99,d1.-d0.-f0.-d0.r2.-r1.d1.-d0.-f2.-r1.f1.-r0.-f1.-d0.-f1.-f0.d0.r1.-d0.-r1.f1.-d1.r1.-f2.-r1.d1.r1
100,r0.-d2.-r1.r0.f2.f2.-d2.-f2.d0.r2.-d2.d0.r2.r2.d2.-f0.-r0.-r0.-d2.-f0.-f0.-d2.f2.f2.r2.r2.-d2.d0.-f0.-f0.-d0.-d0
101,r2.-f2.-d1.-r2.-f0.-f0.d2.-f2.-r2.-d0.-d0.f2.f2.r2.f2.-r0.f2.f2.d2.r2.r2.-d0.-d0.-f0.-f0.d2.-f0.-f0.f2.f2.-d0.r1.d1.r1.-d1.-r1.f1.-r1.-f1
102,-d0.-f2.-d2.d0.-f2.f0.-r0.-f0.-d0.r1.d1.d1.r1.f1.-d1.f1.-r0.-f1.d2.-f1.-d2.r0.d0.-r2.-f0.r2.d2.-r1
103,d2.d2.f1.-r2.-d2.f0.-d0.-f2.d2.f2.d1.-f1.r2.r1.f0.d1.r1.f2.-r1.-f0.d1.-r2.-d1.-f2.-d2.-r2.-d1.r2.d2
104,f1.d2.f0.-d2.r1.d1.f1.-r2.r1.-d2.r0.d2.-f1.d1.r2.f1.d0.f0.-d0.r0.d1.-r0.d0.-r1.-r0.f1.r1.-d1.-r1.-f1
105,r2.f0.-d2.r2.-r0.-d0.-d2.-r0.f1.r0.-d2.-r0.-f2.-d0.-d0.-f0.-d0.f0.-d2.d1.f0.d2.-r0.-f0.r0.-d1.-r0
106,-r0.d2.f1.-f0.d2.d2.d0.-r0.-d0.f0.r0.f0.d2.d2.r0.f2.r2.r2.-d0.-r0.-r0.-d0.r2.r2.-d2.r2.r2.-d0.-r0.f1.d1.-f1.-d1.-r0.f0.-f1.-r1.f1.r1.-f0
107,-r2.-d0.f0.-r1.-d0.r0.d2.r2.-f2.d0.f0.d0.-f0.r0.f0.r2.-f0.-r0.-f2.-d1.r0.-d2.-f2.-r1.f2.d2.-r0
108,f1.r1.r1.-d2.r0.-f2.-d0.-d0.r2.-d0.f2.f2.-r2.-d2.-f0.-f0.r0.f2.r2.r2.-f0.-f0.r2.r2.d2.r2.r2.d2.-d0.-f0.-f0.-d0.-f0.-f0.r2.d1.-r1.-d1.-r2.r1.-f1.r1.f1.-r1
109,f0.-d1.r2.r2.-f2.f1.r1.-f2.r2.d1.f0.-r2.-r0.f0.-r2.f2.r2.-f0.-r0.d0.-r2.-d0.-f0.r0.d0.f0.-d2.f2.-r0
110,r1.f0.-r0.f0.-r1.-f2.-d0.r2.-f1.f2.f0.-d0.-r0.d0.-f2.-d0.f0.-d2.-f0.d0.-r1.-d2.r1.d2.-f1.-r2.-d2.r2.d2.f1
111,f0.d1.-f2.d0.-r0.-f0.-r2.-d2.f0.d2.-d0.f2.-r2.d2.f2.f2.d2.r2.r2.-d2.f2.f2.-r0.-r0.r2.r2.d0.-f0.-f0.-r0.-f1.d1.f1.-d1.r0.-r1.-d1.r1.d1
112,d2.f2.r2.-f0.-d0.-f0.-d0.-r2.-f1.r2.-f2.-d1.r2.-d2.f2.r1.-f2.r2.-r0.f2.r1.r1.f1.f0.d0.f2.-d1.-f2
113,f2.d2.f0.r0.d0.-r1.-d2.-f0.-r1.-f1.-r1.-f0.-r2.d2.r0.f0.-r0.-f0.-d2.f0.r1.f2.d2.-r2.-d1.r2.-d2
114,-f1.r1.-d0.-f0.-r1.f2.-d1.f2.r1.d2.-r2.-d2.-d2.r0.d2.f2.d2.f0.-d0.-f2.-d1.-f0.d1.-f1.-r1.f2
115,-f2.d0.-r0.r2.d2.f2.r2.-f2.-r0.-r0.f2.r0.f2.r0.d2.d2.-r0.-r0.r2.r2.-d0.f2.f2.-d2.-f0.-f0.d0.-r1.r0.-f1.r1.f1.-r0
116,f2.f1.f1.r1.d2.-f0.-f0.-r0.-r0.f2.f2.r0.-d2.r0.f2.d2.-f0.r2.d2.f2.f2.-d2.-d0.-f0.-f0.d2.d2.-d0.r2.r2.f2.f2.f0.f1.r1.-f1.-r1.-f0.-d1.-r1.d1.r1
117,d2.-f1.r2.-d2.f2.-f1.d1.d1.-r0.d2.-f1.r0.d2.r0.-d1.r2.f0.r1.-f0.-d1.-f0.-d2.r1.d2.-r1.f0.-r2
118,-d0.f1.-r0.-r0.f0.-r0.f0.-d2.r0.f0.f2.d0.-r0.-f2.d0.-f0.-f0.d2.r2.r2.-f0.-f0.-d2.d0.-f0.-f0.r2.r2.-r1.r2.-f1.r1.f1.-r2.d1.f1.-d1.-f1
119,-d2.d0.-f1.r0.f0.-d0.f1.r2.d0.-f0.r2.f0.f1.-r2.f0.-d0.r2.d1.-r1.-f2.r1.f2.-d1.-d1.r1.d1.d0.-f1.-d0
120,d0.f1.d2.-f2.-r2.-r2.-f2.-r1.d2.-f1.r1.-f0.r1.d0.f0.r2.-f0.r1.f0.d2.f2.d0.-f2.-d2.d0.-f0.-d1.f0.-d0.-f0.d1.-f2
121,d0.r0.d2.f0.d2.f2.r0.d0.f1.-d1.f0.-r0.-d2.r2.-d1.f2.r2.-f1.-r2.-d2.-f2.r1.f2.d2.-f2.-r1.-f1
122,d2.-d0.-f1.-r1.f2.r0.-f0.-r2.f1.f1.r1.f2.f2.r2.-f2.-r1.d2.r1.-d2.r1.-f0.r0.d0.-f1.-r1.f1.-d0.-f1
123,f0.f2.r0.-f0.-r2.-d2.-f2.-r2.f2.f2.r2.-d2.f2.f2.-d0.-d0.-f0.-f0.d0.r2.r2.-f0.-f0.r2.r2.-f0.r1.f1.-r1.-f1.f0.f0.f1.-d1.-f1.d1.-f0
124,-r1.r0.f0.f0.r0.-f0.-d1.d0.f1.f1.r2.-f1.f0.-d1.f0.d2.d1.-r2.r0.d0.r2.-d0.-r2.d2.-f0.-d2.f0.-r2.-d2.r1.d2.-r2.-d2.-r1
125,r0.d2.-f0.f2.f2.-r0.d0.-f0.r2.d0.f2.f2.d0.r0.f2.f2.d2.-r0.-r0.-d0.-f0.-f0.d2.d2.r2.r2.d0.-r0.-r0.-f0.-f0.d0.f1.-r1.-f1.r1.-d0
126,f0.r0.-d0.-f1.r2.f0.r2.d0.f2.-d0.-r0.-d2.-r2.d2.r0.r0.-d2.f0.-r2.d2.r2.-f0.-r2.-f0.r0.f0.r2.r2.-f0.-r0.f2.f0
127,-r2.-f0.d0.-f2.r1.d0.r2.f2.r1.d2.-r0.f2.-r1.f0.r2.d1.-r2.-d1.f1.-r0.-f1.-f2.d0.-f1.d2.-r0.-d2.r0.-d2
128,d0.f2.r0.f1.-d0.f0.d0.-f0.-r1.d0.r0.r0.f2.f2.-d0.-r2.f2.f2.-r0.-f2.d0.-f2.d1.-d0.-f2.r0.f2.-r0.-d1.r0
129,r2.f1.f1.-r1.r2.-d2.f2.-r0.-r0.d2.d2.r0.f0.d2.d2.-d0.r2.r2.f0.-d0.-d0.f2.f2.-d2.-r0.-r0.d0.f2.f2.-r0.-r0.f2.f2.d1.r1.-f1.-d1.f1.f1.-r1.-f1
130,f2.r0.d2.r2.-f0.-d0.-r0.f1.-r2.-f2.d0.f2.f2.-d0.f1.r2.-f1.-r2.f0.d0.-f2.-r0.r2.f2.-r2.-f2.r0.f2.r2.-f2
131,-r2.r0.-d0.-f1.r0.f1.r0.d1.f0.r1.-f2.-d0.-r1.d0.-f1.-r2.f1.f0.-r1.d1.r1.f2.-d1.-r1.d1.-f0.-d1
132,-d0.-r2.-f2.-r0.d2.r0.-d0.-f1.r1.-d2.r0.d2.-f2.r0.f2.r0.-d2.-f2.-r0.f2.-r1.-f2.-d0.-f2.d0.f2.r0.r0
133,-r0.f2.-d0.f1.-r1.f1.d2.-d0.r1.-f2.-d0.r1.f0.r2.-f0.d0.-r2.f1.r2.f0.r0.-d1.-r1.d1.f1.r1.-f1
134,-r2.f1.r1.r1.-r0.-f2.-d2.r0.-d0.-f2.-r2.-d0.-f2.-r0.d2.r2.r2.-d0.r2.r2.d0.-r0.-r0.d2.-f0.-f0.-d0.f1.-d1.-f1.-d0.d1.-r2.d1.r1.-d1.r2.f1.-r1.-f1
135,d1.r1.-f1.-f0.-r2.d0.f1.d0.-r0.-d1.f2.d2.-r1.d2.-f2.-d0.r0.-d1.f2.d1.d1.f0.-d1.r2.r1.d2.-r1.-d2.-r2.-f2.-f0
136,f1.d0.-f0.-d1.r0.f1.-r1.-d2.-f0.-d0.-f2.-f0.-d0.r2.r0.-d1.-r0.-d2.r1.d2.f1.-d2.-r1.d2
137,f1.-r2.d2.-r0.f1.r2.r2.f0.r2.-f2.-r2.-d2.-r0.-f0.d2.-r2.f0.r2.-f0.-r2.d0.r2.d2.f2.r2.-f2.-r2.d2.-d0
138,r0.f1.-d1.f2.-r2.-f0.r2.f1.d2.r2.f2.-r2.d2.r2.-d2.-f2.r0.f1.r0.d0.-r2.-r0.d0.-r1.-d0.-f0
139,-f0.-r1.-f2.r2.-d0.f2.d2.r2.r2.-d2.-f0.d1.f0.-d0.r2.-d0.f2.-r2.-f1.r2.-f2.-r2.-f2.r2.f2.-d0.f1.-d1.-f1.d0.f1
140,d2.r2.d0.-r0.-d2.d1.-f1.r2.d0.f0.r2.d0.r2.f2.r0.r0.-f2.-r0.f2.r2.-f2.-r0.-f2.-r2.-f0.r2.d0.-f2.-r2.f0
141,-d2.-r0.-d2.-r0.-f0.-d0.-r2.f2.-d0.-d0.r0.d2.-d0.-d0.-r0.d2.d0.r2.r2.d0.-f0.-f0.f2.f2.r2.r2.f2.f2.-d2.f2.f2.r1.f1.d1.-r1.-f1.-d1
142,r1.d2.r0.-f2.f0.d1.-f2.r0.-f1.-d0.f1.f0.r0.-r1.-d1.-f2.r1.d2.-f1.-d2.-r0.d2.f1.-d2.-r0.f2.r2.r0
143,-d0.f2.-d2.r2.f0.-r2.-f0.d0.-r2.f1.-r2.f0.r2.f2.r0.-d0.-f1.d0.-f0.-d0.f1.d0.r2.-f0.d1.-f2.-d1.-f1.-d2.f1.d1
144,r2.-r1.d1.-f0.-r1.d2.-r2.-d1.f2.f2.-r1.-d0.r1.r0.-d2.-f2.-r2.-f2.-d0.f2.r2.-d2.r2.d2.d2.-r2
145,d2.-f0.r0.-f1.d2.d0.r2.-f2.d1.f1.r2.-r0.-f0.r0.f0.r2.r2.-f1.-f0.d1.f0.f0.d1.-r0.-f1.r0.-f0.-r0.f1.r0.f1
146,d2.r2.d2.-f0.d0.r2.f2.r1.-d0.r2.r2.d2.-f2.r2.-d1.r2.-r1.-d1.r0.d1.r2.r2.-r0.f1
147,r2.-d0.-d0.-f0.r2.d2.d2.f0.f2.f2.r0.d0.-r0.f0.-f2.d2.d2.r2.r2.-d2.r2.r2.d2.d2.f2.f2.r2.r2.d2.d2.f2.f2.-d2.f2.r1.-f1.-r1.-f2.f1
148,f0.d2.-f0.d0.r2.d2.f0.-d1.d0.r2.-r0.f0.-d2.r2.-f0.-r0.d1.f2.-d2.-f2.d1.d0.-f1.-r0.f1.-d1.-f1.r0.f1.f0
149,-d2.r0.d0.r2.d0.-f2.-d1.f2.r1.-d2.-r0.-f0.r0.-f0.d0.f0.r0.f2.-f0.r1.-d0.r0.d0.f1.r0.-f1.-r1.-r0.f0
150,r0.f2.-r2.-d0.f0.-r0.f2.-r0.-d0.f2.f1.d1.-r1.-r0.-f1.d2.f2.f2.d1.f2.-r0.-d2.r1.d2.r0.-d2.-r1.f1
151,r2.-r1.-f1.-d0.r1.d2.-f0.r0.f2.f2.-d0.-f2.r0.d0.f0.r0.-f2.f0.d2.-f0.-d2.f2.-d0.-f0.-r0
152,-f1.f0.r1.-d0.r2.-r1.d1.-f0.-d2.f1.r1.f0.-r2.-f0.r1.f0.-r0.f0.-r2.d2.r2.-d2.r0.f0.d2.-r2.-d2.r2
153,-r2.d0.-f1.-r1.f0.-d2.d0.-f1.-d1.f0.d0.-r2.d0.d0.r2.-d2.-r2.d2.-d0.-f1.-d2.-r2.f1.r2.-d0
154,r0.d2.-d0.-f2.-d2.r0.r2.r2.-d0.-d0.-r0.d0.f0.r2.f0.-d2.-r0.-r0.r2.r2.d2.d2.f2.f2.-d2.-f0.-f0.f2.f2.-d2.-f0.-f0.f1.r1.-f1.d1.-r1.-d1
155,-f2.-d0.-f0.-r2.-f2.d0.d0.-f1.-r2.r1.r0.-d2.r0.f2.-d1.-r0.-f1.d0.-r1.d2.d0.-r1.-d2.r1.d0.-r2.d0
156,-f1.-r0.-d2.d0.-f0.-r2.d2.-r2.-f0.r0.d0.-f2.d0.r0.-f0.r2.d2.f2.f0.d0.r2.-d0.-r2.-d0.f1.-r2
157,d0.-r1.-d1.r2.d1.-d0.-r1.-f2.-d2.f1.-r1.f2.r2.r0.-f0.-f1.-d2.d0.-f2.r1.d0.-r0.-f1.r0.-d0.-r1.f2
158,f0.f0.-d1.r2.f2.r0.-d1.f1.-r1.f2.-r2.d2.d0.-f0.-d0.r0.f0.-f1.-r2.f1.-r1.-d2.r1.d1.-r1.-d1.r0.-f1.r1.f1.-r0.-f1
159,-r0.f1.-f0.r0.f2.-d2.r2.d0.-r1.f1.r1.d0.r2.f2.-d0.r1.-d1.r2.d1.r1.-r0.-d2.-r1.d0.r1.d2.-r1.-d0.-r1
160,d2.-r1.f1.-f0.-r1.d0.f2.d2.-r2.-f0.-d0.-r0.-d1.-f2.r2.f2.-r2.r0.d0.-f2.d0.-r1.f2.d0.-f2.-d0.r1.d0.f2.d0
161,-r2.f2.-f1.r2.-r0.-d1.-f1.d1.f0.-d1.-f2.-d1.-f0.d0.r1.-f2.f0.d2.-f0.-d0.r0.-d2.-r0.d0.f2.d2.f0.-d2.-f2.-f0.d0
162,f2.-r0.-d1.r2.-d0.-d0.f2.r0.f2.r2.r2.d2.f0.-r0.d0.-r0.d0.r2.r2.-d2.-d0.f2.f2.d2.-r0.-r0.r2.r2.d2.d2.d0.r1.-d0.-d2.f1.d2.-r1.f1.r1.-f1
163,d0.f0.r2.-r1.f1.-d1.r2.-f1.-r0.f0.f0.-d2.d1.f2.d2.d2.-r2.-d0.r2.d2.r2.f2.-r2.-f2.-d2.d0.r2
164,-f0.-d0.r2.-d2.-r0.-d2.-f0.d0.r2.-d2.-r0.f2.r1.d0.r2.-r1.d0.f1.d0.-f1.-d1.-d0.-d1.-f1.d1.f1.-r2.-f1.d1.f1
165,d1.r1.f2.-d2.f1.r0.-d0.r2.f2.d1.r0.f0.r0.d2.-r0.d2.-f0.d1.f1.f0.r0.r0.d2.r2.-d2.r0.r0.d2.-r2
166,r2.f0.d2.-f1.-r2.-r1.f0.f0.-d2.-f2.d1.f0.-d2.f0.f1.d0.-f2.-d0.f2.r2.f0.-r2.f2.r2.-d2.f0
167,f2.r2.f1.r1.r1.d2.-r2.f2.f2.r0.d0.-r0.r2.r2.-f2.-d2.d0.f0.-d2.-f0.-f0.r2.r2.-d0.f2.f2.-d0.-d0.-f0.-f0.f2.f2.-d2.-d2.r1.d2.d0.-f1.-d0.-r1.-f1.r1.f1
168,-r1.-d2.-f2.-d2.r2.-d2.-r2.d2.f1.f1.r2.-d1.-f0.d1.f0.d2.d0.-r2.d1.-r1.-f2.-f0.d1.d0.r1.-d0.r2.f2
169,r1.f1.d0.-r0.-f2.r2.-f2.d0.f1.-f2.r1.d1.-r1.d2.d0.f0.-r2.f1.r1.f0.-r2.-d0.-f0.r2.-f1.f0.-r1.-f0.d1.-f0.-d1.f0.r1
170,r1.f0.-r0.-d2.-f2.-d0.-f2.-r1.-d2.-r2.-r2.f0.-d0.-f0.-r2.-d2.-r0.d2.-r2.-d2.-r1.f1.-r2.f2.r2.-f1.-r2.-f2
171,f0.f2.f1.f1.-d1.d2.d2.-r0.f0.d0.-r0.r2.-d2.r0.f2.-r2.d2.f0.-d0.-f0.-f0.d2.d2.d0.-f0.-f0.r2.r2.d0.r0.d1.r1.-d1.-r1.-r0.f0.-d1.-f1.d1.f1.-f0
172,-r2.d1.-r2.r1.-d0.f0.f1.d2.d1.-f0.-d1.d2.-r0.f0.d0.d0.f0.-d0.-r0.-d0.r0.-f0.r0.-d2
173,r0.d2.r0.d0.r0.f1.r0.-f0.r2.f2.r1.f0.-d0.f1.-f0.r2.-d1.-d0.-r1.-d2.r1.r1.f0.d1.r2.f2.-r2.-f2.r1.f2.-r1.-r0.d0
174,-f2.d2.r1.f0.d2.-f0.-f1.r0.r0.d1.f2.-d1.r2.d1.-d0.-f1.-f0.d2.-f0.-d2.d0.-r2.-d2.r2.-d0.-f1.d0.f1.r1.-f0.-r1.-f1
175,-f2.-d0.-r0.-d2.-d0.-r0.-r0.f0.-r0.-d0.-d0.-r0.-d0.r0.r2.r2.-f0.-f0.r2.r2.d2.-r0.-r0.d0.f2.f2.d0.-f2.r1.d1.-r1.-d1.f2.d0.f1.-d0.-d2.-r1.d2
176,-d0.-r1.-d2.-f0.d0.-f2.r1.-f1.-d1.d0.f1.-d0.r0.f0.-r0.f0.-r0.d2.r1.d0.-r0.-d2.-r2.d2.-r1.-f0.r2.r0
177,d0.f2.-r0.d0.-r2.-d1.-r1.f0.-d2.f0.r0.-f0.r2.-r0.d2.d2.-f2.d2.d2.-r0.f2.d1.-r0.-f1.-r0.f1.r0.-d1.-f2
178,-f2.r0.-d0.-r1.f0.r2.-r1.f2.-d2.-r2.-r2.-f2.-d1.-f1.-f0.d2.f0.r2.-r1.r0.-f0.d1.-r1.-d1.-r0.-f2.r0.d1.-r0.f2
179,-r2.-f1.-d2.r0.r0.f2.-r0.d0.-r1.-r0.d0.f0.r0.f0.-r2.f0.r2.d0.-f2.-r2.d0.-f2.d0.f2.f2.-d0.r1.f2.r2.d2.-f2
180,d0.-f1.-r1.-d2.r0.f2.r2.-r0.f2.r2.r2.d2.-r1.-d1.r1.f1.r0.f1.-r2.-f1.-r0.-f0.-r0.f1.r0.f0.-r0.-f1
181,-d0.-r2.r1.-d1.r2.d2.-f0.d2.-r2.d2.-f0.-r0.f0.r0.-d2.-f2.-d1.f2.r0.-d2.f2.-d2.-f2.-d2.-f2.-d2.-r0.d2.f2
182,r2.-r0.d0.d0.-f2.-r0.d2.-r0.d0.-r0.f0.-d0.r1.r0.f1.-r0.-d2.r0.-f2.-f1.r2.d2.-r0.d1.-r1.-d1.r0.d1.-r0.-f2
183,r0.d0.r1.-d2.-r1.r2.d2.d2.f1.d2.d1.f2.-r2.d0.f2.-r2.-d2.r2.-d1.-r2.d2.-r0.d1.r2.-d1.r0.-d2
184,d1.f2.-d2.f2.f2.f1.-r1.r0.d2.-f2.d2.r0.f0.-r2.-f0.-r2.f0.d2.-d0.-r2.d0.f1.-d0.r2.d0.-r2.-f1.-f0
185,-d0.r0.-d2.r2.-d0.-f2.r0.r0.-f1.f0.r2.-f1.r2.r0.-f0.-r0.-f1.r0.-f1.f0.-d0.f1.d0.r1.f0.r0.-f0.-r1.f0
186,-d2.r0.-d0.-f2.d2.r0.-r1.d2.d1.-r0.f2.-d0.f0.r2.-f2.r0.f0.r2.-d0.r0.f2.-r0.-f2.-f0.-r2.-f0.r2.f0.d0.f0.-r2.-f0
187,-f0.-r0.f2.f2.d0.r2.-r0.f2.-f0.d0.f0.d0.d0.f1.d0.-r2.r1.-f1.-r1.-f2.f1.-r1.f2.-r0.d1.r2.r0.-f2.f0
188,d0.f0.r0.-f2.d2.d2.-f2.-d0.r2.r2.-f2.r0.-d0.-d0.f2.f2.d2.-d0.-d0.f2.f2.-r0.-r0.d2.d2.-r0.-r0.d0.r2.d1.r1.-d1.r2.-r1.f1.d1.-f1.-d1
189,d0.f1.-r0.-f0.-r2.-f2.-d2.f1.-r1.d0.-r0.f1.-r2.-d2.f2.r2.d2.f0.-r2.-d2.-f2.d0.r1.-d0.f0.d0.-r1.-d0.-f0
190,-r1.-f1.d1.f2.-d2.-f2.f0.r1.f1.d1.f2.d2.f0.-d0.-r2.d0.f0.r0.r0.d2.-d1.f0.d0.-f0.-d2.d1.-d0.-r0
191,d0.r2.-f2.r1.-d0.f2.-r2.d2.d0.f0.-r1.-f1.r1.-d0.-r1.d0.f1.r2.r1.f2.-d0.f2.d0.-f2.r2.r2.f1
192,-r1.-d0.f2.r2.-r1.f1.-f0.-r2.-f0.r0.f0.r1.-f0.-r1.-d1.-r2.d2.-r0.f1.-d0.-f1.f0.-r1.-f1.r1.-f0.-r1.-f1
193,-d0.-f2.r2.-f2.d2.r1.f0.d0.f0.-r2.f0.d0.d0.-f1.d1.-f0.d0.-f2.-d2.-f1.-d0.f1.d2.-f1.-d1.f1.r1.d2.-r1.-d2.-f1
194,-r0.d2.r2.f2.r2.-r0.d2.f2.-f1.r2.r1.-f0.-f2.-r0.f2.-d0.-f2.-r2.f2.-r1.d2.f1.-d2.f0.r1.-f0
195,-f2.r2.d2.d2.-f0.-f0.-r0.-r0.-r2.-d2.-f0.-f0.-r0.d2.-f0.d0.-f2.-r0.-d2.-r0.-r0.d2.f2.f2.-d2.-f0.-f0.-d2.f2.f2.d0.-r0.-f1.-d1.f1.d1.-r0
196,d0.r2.d1.r2.-f0.-d1.f0.f0.-d0.-f0.-d1.r0.-d0.r0.d2.-r1.-d2.-r0.f1.d2.d0.-f0.d1.f0.r1.-d0
197,-r0.-f0.r2.-f2.f1.r2.-f0.r2.-f1.-f0.-d0.f2.-f0.-d1.r0.-d0.-r0.-d2.r0.-d0.r0.d0.-r2.-d0.-r0
198,-f0.d2.f0.-d2.d0.r2.-d2.f2.f2.d0.r0.-r2.-f0.r2.r2.d2.-r0.-r0.d2.r2.r2.-d2.-f0.-f0.-d0.-f0.-f0.-d2.-r0.f1.d1.-f1.-d1.r0.-f0.f1.r1.-f1.-r1.f0
199,-f2.d2.-r2.-f1.-d0.r0.f0.f0.-r2.f0.f0.d0.-f1.-d2.-r1.f1.-r2.-f1.r1.f1.d1.d1.f2.d1.-r2.-f2.r2.d1.-r2.f2.r2
200,d0.r0.d2.d2.-r0.-d2.f2.-r2.d2.r2.r2.-d0.f2.-d0.f0.-r2.-d2.-f0.-f0.-d0.-r0.-r0.d2.-d0.-d0.-r0.-r0.-f0.-f0.-d0.-r0.-r0.-r1.-f1.d1.f1.-d1.r1
201,d1.f0.r1.-d1.-f0.-d0.-f1.f0.d0.-r0.-d0.-d0.-r2.-f0.r0.r1.d0.-f2.r0.-f2.-f2.d0.f2.-d0.f2.r0.r0
202,d2.r2.-f1.d2.-f0.r2.r1.-d0.r2.r1.-d0.-r2.-d1.f0.f0.r0.d2.-r1.d1.d0.f0.f0.r2.-f1.r0.-f2.-r0.f1.r0.f2
203,d0.-f2.d1.r0.d0.-r2.d1.-r2.f0.f0.d1.-f1.f0.-r2.-f2.d0.f2.r2.-d0.-f0.-d2.d0.f2.d2.f0.-d2.-f2.d2.f1
204,f2.-r2.-f0.-r1.d0.f2.-d1.d0.f2.-d1.r2.f0.-d2.-f1.-f2.d0.f2.r1.f1.d2.-r2.-d2.-f1.-r1.-f2.-r2.d2.d0.f2.-r0
205,-d0.-f2.-r0.-f2.-r1.-d2.-r1.-d2.f1.r0.d0.-r0.-f0.-d1.-f1.f0.d2.-f2.-r1.-d0.r1.-r0.-f1.r0.f0.-r0.f1.r0.-f0
206,f0.-d0.f0.-d0.r0.-d2.-f1.r2.-r1.-d0.-r2.d1.f0.r0.-f0.-d1.d0.r1.-r0.-f2.-r1.f2.r0.-d2.-d0.r0.-f2.-r0
207,f1.d1.d1.r2.d0.r0.r2.-f0.-r0.-r0.f2.r2.d2.f2.r2.r2.f2.f2.-d0.r2.r2.f2.f2.-d2.-d0.-d0.r2.r2.d0.-f0.-d1.r1.d1.-r1.f0.d1.f1.-d1.-f1
208,-r0.-r0.-r2.f0.r0.d2.-r2.f2.f2.-d2.d0.f2.-r2.-d2.d0.r2.r2.-f0.-f0.-d2.f2.f2.d2.d2.-r0.-r0.f1.f1.d1.-f1.-d1.-f1.-f0.-f1.r1.f1.-r1.f0
209,r2.-f0.-r2.d0.-f0.-d1.f2.r0.d2.d2.r1.-d2.-r0.-d1.r0.-f1.-r0.r2.d1.f2.r1.-f2.d2.f1.-d2.-f1.d2
210,-r2.f0.d0.r2.-r1.f2.d2.-r1.f2.-f1.f0.-r0.f1.-f0.-d1.f2.d1.d0.-f0.-d0.f0.r0.r0.f2.-r0.f0
211,d2.f2.-f1.-d0.-f0.-r1.r0.-f2.d2.d1.f0.r2.r2.r0.f2.r0.-f2.r0.d0.r0.-d0.-r0.d0.r0.-d1.-r0.-d0.r0.d1
212,-f1.d0.-r2.-f0.r0.-d1.-r2.d2.r0.-d2.-r0.f2.r2.-r0.-d1.r0.d2.-r0.d2.-f2.d1.-f1.r0.f1.-d1.f2
213,d2.-r1.f2.f2.d0.f0.r1.-f1.d2.f2.f2.r2.-f0.-f1.d1.-f2.-f0.-f0.-r2.-f2.r2.-d1.r1.d2.-r1.d1.f1
214,r1.d0.d0.f2.-r2.-f0.-d2.-d2.d0.f1.r0.-f0.-r0.-f2.r0.r0.-f1.r2.-f0.d2.f2.-r2.-f2.-d2.-f2.-r2.f2.f0
215,f1.r2.d1.d0.-r1.f2.-d0.-f2.d2.f0.-r0.-f0.d1.-f2.f1.r1.f1.-r1.f1.r2.-f1.r1.d0.-r1.-f0
216,-r2.d2.d2.-f0.d2.-d0.-r0.-f2.r2.-d2.r0.-r2.-d2.f0.d2.d2.-r0.-r0.d0.-r0.-r0.-f0.-f0.-d2.-f0.-f0.-r0.-r0.d2.d2.-f0.-f0.r2.f1.-r1.-f1.-r2.r1
217,r0.d2.d2.r0.f0.r1.-d2.-r0.-d1.-f2.-d0.f0.-r1.d0.r1.f0.-d1.f0.r1.-f0.d1.-f0.-r2.-d1.r2.r0.-f1
218,-r2.d0.r0.-f0.r2.f1.-r0.-d2.r0.d2.-r2.f1.d0.f2.-r0.f0.-d1.r0.d1.f0.f0.-d0.r0.d0.f0.-r0.-f0.-r2
219,-d0.r1.f1.d2.r1.d2.f1.d1.f0.r2.-f0.-d2.-f1.d2.f2.-f1.r0.d0.-f1.-f0.r1.-f2.-r1
220,-r0.f2.f2.d2.-f2.-r0.r2.r2.f0.-r0.f0.r2.d2.f2.f2.d2.d2.-r0.-r0.-d0.r2.r2.-d2.-f0.-f0.f2.f2.d0.f0.-r1.-d1.r1.d1.-f0.-f0.d1.f1.-d1.-f1.f0
221,f0.f0.r0.r2.-d0.-d0.f2.r2.-f2.r0.f0.-r0.-r0.-f2.r2.r2.d2.-r0.-r0.r2.r2.-d0.-r0.-r0.d2.-d0.-d0.r1.-r2.d1.-r1.-d1.r2.-r1.f1.r1.-f1
222,-r1.-f2.d0.-r1.r0.-d1.f1.-r1.d2.-r2.-d0.r2.d2.d2.-r2.r1.f2.d2.f2.-r0.-d2.r0.f2.f2.r2.-f0
223,-r1.-f2.d0.r1.-f0.-r2.r1.d0.f2.d0.-r1.f2.d0.r2.r1.-d1.f1.-r1.-f1.-d0.r1.d1.-f0.-d1.-f2.f0.-r2.-d2.-r1.d2.r2
224,-f2.f0.-r0.-d2.r0.-r2.d2.-r2.-d1.r1.r0.-d2.-f2.d2.-r1.-d2.-f2.d0.-f0.r1.-d0.-r1.f2.r1.d0.-r1
225,f2.f2.r0.-f2.r1.d0.-f0.d1.-r1.-f2.-d2.-f2.d1.r0.-f0.-r0.f0.-r0.d2.d0.f2.-r0.f2.r0.-f1.-r0.-f2.r0.f1
226,f1.r0.f2.-r2.-f2.f0.d0.-d1.r1.r1.-r0.-d2.r0.-f0.r2.f1.-r2.-f2.-r2.r0.-d1.-r0.f2.f1.-d2.-f1.r1.f1.d2.-f1
227,d1.-f1.-r0.f0.-d0.r0.r1.-d0.r0.f1.d0.-d1.f0.-d2.d0.r2.f2.-d2.-f2.d0.-r0.f2.d2.r0.-f2
228,d0.-r0.f0.d2.r2.d2.r1.-f0.d1.f1.-d1.-r0.-f1.-f0.-d1.-d2.d0.r0.-d0.r2.d0.-f2.r1.f2.d2.-r1.d1.r1.d2.-r1.-d1.r1
229,f2.-d0.r1.f2.-r2.r1.d0.-r2.-d2.r2.f0.d1.-f2.-r2.f2.f2.d2.-f2.-d1.f2.d1.d0.-r0.-d1.f2.r1.d0.-f2.-d0.-r1.d0.f2.-d0
230,-r2.-f2.-r0.f1.-r1.-f0.r2.-f2.-r1.r0.-d1.d0.f2.r2.-f2.d0.-r2.-d0.r2.d1.-f2.-d0.-f2.r0.f2.r2.-f2.-r0
231,-f2.f1.-d0.-f2.r0.d2.d2.-f0.f2.-r2.-f1.f0.d0.-r2.-d0.f2.f2.d1.d1.f0.d1.-f0.-d1.-f2.-f0
232,-d1.-f2.-r1.r0.-d2.r0.d1.r2.f2.f2.-d0.-f1.r2.-d0.r2.f2.r2.f0.-d0.-f0.d0.-r2.d2.-f2.-d0.f2.-d2.-f2.d0.-r2
233,-r0.-f0.-r2.r1.f2.-d0.f1.d2.-f0.r2.-f2.f0.-r0.-d2.-r0.d0.-f0.-d0.-f0.-r0.f0.-d0.r0.d0.-r0.-f0.-r0.f0.-r0
234,d2.f0.d0.r0.f1.-r1.d0.-r0.-f2.-d0.f2.f1.-r0.f0.d2.r1.-d1.-f1.d1.f1.d0.-f1.d2.d2.-d0.f0
235,-d1.-r0.d1.-f2.r1.-d2.r2.-f0.d1.-r2.d1.f0.-r2.-d0.-f2.-d1.-r0.-f2.-d0.f2.r0.-d2.r2.d2.d0
236,d2.f0.f1.d1.d1.-d0.-d0.-r0.-r2.d2.-d0.-d0.r0.-f2.-d2.-r0.f2.-d0.-d0.-f0.-f0.f2.f2.-d0.-f0.-f0.-d2.r2.r2.-f1.-r1.f1.r1.-d0.-f2.-d1.r1.d1.-r1.f2
237,f2.-d0.-r2.d2.-d1.-r2.-f2.d0.f1.d0.-r1.f0.f0.r1.-r0.-d1.r0.-f1.r0.f1.r1.-r0.d2.d1.f0.-d2.-r1.d2.f2.-r2.-f2.r1.f2.r2.-f2
238,d1.r1.-f2.-r0.d0.f0.r1.f2.-r1.r0.-f1.-f2.-d0.f2.-r1.f0.-r0.d0.r0.-f2.-r1.-d1.-d0.-r2.-d2.-f1.d2.r2
239,-d2.-r1.d1.-f0.-r2.-d0.-f2.-r0.d2.d0.r0.f2.-d2.-f2.r1.d1.r1.-d1.-f1.d2.f1.-d2.d0.r1.d0.-r1.-d0.-r1.-d2
240,-d2.-r0.f0.-r0.-f2.r1.d2.r1.d1.-f0.d1.f0.-d0.r1.f2.-f1.-f0.-d0.r2.f0.r0.-f0.-r2.f0.d0.-r0.-d0.-f0
241,f0.r2.-f1.d0.r0.-d0.f2.f0.-d2.f2.r0.-f2.r2.-r0.d2.-r0.-d2.-r2.d2.-r1.-d1.r1.-d2.-r1.d1.-d0.-r2
242,-f2.d0.f2.-d2.-f1.-d2.f2.-d0.f0.-r2.-d1.-r2.-f1.-r2.-d0.r2.-f2.f1.d1.-f1.d0.d0.-f0.-r0.f0.r0.d0.f1
243,d2.-f0.d0.r2.f0.r0.-f2.-r0.-r0.r2.-f0.-r0.-r0.f0.r2.r2.f2.f2.d2.r2.r2.-d0.-r0.-r0.f2.f2.d2.-d0.-d0.-f0.-f0.r0.r1.-d1.-r1.d1.-r0
244,-f2.-d2.-f2.-r2.d0.r0.d2.-r0.-d1.-f1.d2.-r2.d2.-f1.r2.r0.-d0.r1.-d2.r0.f0.d1.d0.-f0.r1.f0
245,d2.-r2.-d1.-r2.f1.r0.-d0.f2.-r1.f2.-r1.d0.f0.r0.-d1.r1.d1.-r0.-d1.-f0.d2.d2.-r0.f0.r0.d1.-r0.-f0.r0
246,d2.f2.-r0.d2.-r1.f1.-d1.-f2.-d2.r2.r2.d2.-r2.-f2.f0.d2.-f0.r1.r2.d2.f0.-d2.-r1.-f0.r1.f0.-r1.f2.r1.-f0.-r1.-f2
247,d1.-r0.d1.r2.-d1.r1.-f2.-d0.-f1.-f0.-d2.r0.-d2.-f0.-d1.r0.f2.-r0.-f2.d2.f0.-d2.-f0.d1.f0.d2.-f0
248,r2.r2.f0.-d2.r0.-r1.r0.f0.-d0.-f0.-f2.r2.r2.-f2.-r0.f2.-f0.-d0.-f0.-d2.f2.d2.-f2.f0.r0.-f0.-r1.f0.r2.-f0.r1.f0
249,r0.-f2.r1.-f0.-r2.r1.f0.-r0.f2.r2.-f2.-f0.-d2.r2.r2.d2.d2.-r2.d2.d2.f0.d0.f2.-r2.-f2.r2.-d0.-f0.-r2
250,-r1.-f2.d0.-f1.r1.-d2.r0.-d0.f2.d0.-f2.d0.-r0.-f2.r0.f2.-d2.r0.d2.-f2.-d2.-r0.-d1.-d0.r2.d0.r2.r2
251,-r2.d2.-f1.d0.f0.-d0.-d0.f2.f2.r2.d2.-d0.-d0.-f0.-d2.r0.-d2.-f0.-f0.-d2.-r0.-r0.-d2.-r0.-r0.-f0.-f0.-d0.-f0.-f0.-d0.-f2.d1.f1.-d1.f2.-f1.-r1.-f1.r1.f1
252,-r2.f2.f1.r0.-d0.r0.f2.d0.-r2.-d2.d0.r0.f2.-d1.-f2.f0.r0.-d2.d1.f2.d1.r0.-d1.-r0.-f2.-d1
253,-d0.r1.d2.-f2.f1.d2.-f0.-r2.-d0.r2.-r0.d0.-f2.-f0.-d2.-r1.-f1.r1.-d2.-d0.r0.d0.r1.-d0.-r0.-d2.d0
254,f2.-f1.r0.f1.r0.-f2.-d1.-d0.-f2.-d0.r2.d1.-r0.f2.-r0.f2.f2.r0.f2.r0.r0.d0.-r2.f0.r2.-d0.-r0.-f0
255,f1.-d1.-d0.-f1.f0.-d2.r0.-d0.r2.f0.-r0.-r0.-f0.-f2.-d1.f2.d0.-f2.-r2.d1.-d0.f2.-r2.d0.r2.-d0.-f2.d0.r1
256,-f0.-r1.-f0.-r1.r0.f2.d2.f1.-d2.-f1.-f0.d0.-f2.r2.-d0.-r1.d2.r2.-d1.r1.-d1.-d1.r0.-d2.-r1.d2.d0.f1.f0.-r0
257,-d2.-r1.d0.-f0.-d0.-f2.-r0.-r0.-r2.d0.r2.-f0.r0.-f0.d2.-d0.r2.r2.d2.-f0.-f0.d2.d2.f2.f2.r2.r2.d2.d2.-r1.-d1.r1.d1.r1.f1.-r1.-f1
258,d0.d0.f1.f1.r1.d2.-r2.f0.-d0.-r0.-d0.f2.d2.d2.-d0.r0.f0.d2.r2.r2.-d0.-r0.-r0.-f0.-f0.-d0.-d0.-r0.-r0.d2.r2.d1.f1.-d1.-f1.-r2.-r1.-f1.r1.f1
259,d2.d0.-r2.f2.-f1.-r0.-f0.-r2.r1.-d1.f2.r1.f2.r1.r0.f2.f2.r0.r0.-f0.r0.-d0.f2.-r0.d0
260,-d2.f1.-d2.-f0.-d2.f2.-r1.-d1.-r1.-f0.r1.-f2.-f0.-d0.-f0.-d0.r2.f2.d0.r2.-r0.-d1.-r0.d1.-r2.d0.-f2.-d0.f1.d0.f2.-d0
261,-d0.-f0.d2.d2.-r2.-f2.r0.-r2.f2.f2.-d0.f0.-d2.f0.-d0.-d0.r2.r2.d0.-f0.-f0.-d2.f2.f2.d0.-f0.-f0.-d0.-d0.f2.f2.r2.-f1.-r1.f1.-r2.r1
262,r2.-f0.d0.r0.-f0.-d2.-f2.d2.-f0.r2.r2.f2.-r0.d1.f2.d2.-d1.r0.f0.d0.-r1.-d0.r1.-d0.-f2.-f0
263,f2.f2.f1.f1.-d1.-d0.-f0.-f0.-d2.-r0.-r0.-r2.d2.r0.r2.-f0.r0.r2.r2.-d0.r2.r2.d2.f2.f2.r2.r2.d0.r2.r2.d2.f0.f1.r1.-f1.-r1.-f0.r1.f1.-r1.-f1
264,f0.r1.f0.r2.-f0.d2.-r2.-f2.r0.f2.d2.r2.f2.-d0.-d0.f2.f2.r2.r2.-f0.-f0.d2.-r0.-r0.-d2.d0.-f0.-f0.d0.-r1.-d1.r1.-d0.d1.r1.f1.-r1.-f1
265,d2.r0.-d2.-r0.-f1.r2.f1.d2.-r1.r0.-f0.d2.f0.f2.-r0.f0.f0.-d2.-r0.-f1.d2.f1.-r0.d2.f1.f0.-d2.-f0.-r2.f2.r2.-f1.-r2.-f2.r2
266,-d2.-f2.d2.r0.r0.-f1.r1.-f1.f0.d2.f0.d1.f0.-d0.-f0.r0.-d1.-r0.d0.-r0.-d0.-r0.-f1.r0.f2.-r0.f1.r0
267,-r2.-d2.-r0.-r0.-f2.r0.-f0.-d0.-r0.-d2.-f0.r2.-f0.-r0.f2.f2.d0.r2.r2.-d0.-d0.-r0.-r0.-d0.-f0.-f0.d0.-r0.-r0.f2.f2.-f1.r1.-d1.-r1.f1.d1
268,d2.-r1.-f2.-d2.d0.-r2.-f2.f0.-f1.-d2.r0.d2.-r0.-d1.-d1.r0.f1.-r0.d2.d1.f2.-f1.d1.f1
269,-d0.-r2.-d1.-r2.-d2.-f0.r1.-f0.d0.-f2.-f1.-d0.-f1.-r2.d0.f2.-r0.f1.r2.-d0.-f1.d0.-r2.-d0.-r1
270,-r2.d2.-f0.-d1.-f0.d0.f1.r2.r1.-f2.d0.-r2.d2.r2.-r0.-f1.-r0.-r2.d0.f2.-f0.r2.-r0.-d2.-d0.-f1.-d1.f0.d1.f1
271,-f0.r2.d2.f2.d2.-f1.r0.-d2.r1.d2.-f2.-d0.r0.d1.-f1.d1.f1.-d1.-r2.d1.r2.f1.-d1
272,-r2.-d0.-r2.-d1.-f1.d0.-f2.r2.-d1.-r2.-d1.r0.d0.r0.d1.-d0.f0.d0.-r0.-d0.-r0.-f0.r0.f0.-r2.-f0.-r0.f0
273,r0.f0.r0.-d1.-f0.d0.f1.-f0.-r2.-d1.-r1.d0.r2.d0.f1.f1.r1.d2.-r1.f0.-d2.f0.-r1.-f0.d2.f1.-f0
274,-d2.-f0.r2.-d2.r2.d0.-f1.d0.-r1.-r0.f2.r0.-d0.-r0.-f2.-d1.d0.-r0.-f2.r0.-d0.-r0.-f0.d0.f2.f0
275,-f2.-d1.-r0.d0.-r0.-f1.-d2.f2.r0.-d0.r2.d1.-f2.-r0.d2.-r2.f0.-r0.-d1.-r2.f1.r2.d1.d1.-f1.-d1.r0
276,f2.r0.-d0.-f1.r0.d2.r0.d2.d2.-r0.f0.-d2.r0.d2.-f0.d1.-r2.-d1.-r0.-f1.r0.d1.-r1.-r0.-d1.r1.d1.-r2
277,f0.-f2.f1.r1.r1.-d0.r2.-d2.-r0.d0.r0.f0.f2.f2.d0.r0.d2.d2.r2.r2.-d0.-f0.-f0.d2.d2.-r0.-r0.d0.-f0.-f0.d2.-r2.-f1.r1.f1.r2.-r1.f0.f1.-d1.-f1.d1.-f0
278,d1.-r2.f0.-r0.d2.f1.-d1.-r2.-f2.-r0.f2.-r1.-f2.r1.-d1.r2.d2.-r2.-d2.-f2.d2.d0.r0.d1.-r2.-r0
279,-f2.f1.-r0.d2.-f0.r1.-f0.r1.-d0.-f2.-r0.f0.d0.-f0.-d1.-r1.f0.d1.f2.r1.d1.-f2.d1.-f0.-d1
280,f1.f1.-r1.d2.-d0.-r0.f0.r2.-f0.-f0.-r0.d2.d0.-f0.-r0.-d2.f2.f2.-d2.d0.-f0.-f0.-r0.-r0.f2.f2.r2.r2.d2.d2.-r0.-r0.d0.-r1.f1.r1.-f1.-d0.-d1.-f1.d1.f1
281,-f2.d1.f0.r2.-f2.r2.r1.d2.f0.-d1.d0.f0.-r1.-r1.f2.r0.d1.f2.-d2.-d0.-r2.f1.f1.-d2.f2.d2.f1.-d2.-f2
282,-f0.r2.d0.f1.-d2.d0.f1.r1.d1.f0.-d2.d1.r2.-d1.d0.f2.f0.r2.f2.f2.-r0.-f2.-r2.f2.r0.f2.-f0.-d0
283,-d0.r2.d1.r2.-d0.-f1.f0.-r1.d1.f2.-f1.-d0.f1.r0.f2.r1.f2.-r1.d0.f2.-d0.-f2.-r2.d0.r2.-d0.-f2.d0.d0
284,-d2.f0.-d1.-f1.-d1.r2.d0.-f0.r2.-f1.-d1.f2.r1.-d2.r1.f0.-r2.-f2.-r2.d0.r2.-d1.-r2.d1.d1.f2
285,f0.r1.r1.-f1.d0.-r2.f1.-r0.d0.-r2.-d0.-d1.r0.-f2.-f0.-r0.-f2.f0.-d2.-f0.-f1.d0.-f2.-r0.f2.f2.-f0
286,d2.r2.f1.d2.r0.-d0.f2.-r2.-f0.d0.-f2.d0.r2.f2.-d2.-r2.-f2.-d0.r2.f2.-d2.r2.-f0.d2.f2.-d2.-f2.f0
287,-r2.r1.f1.d2.-f2.f1.-d0.-r2.-f2.-d0.-r2.-r0.d0.f1.-r1.f1.d1.-r2.f1.r1.-f0.-r2.-d2.f1.r2.f1.-r2.-f1.d2
288,f1.-d1.-f1.r0.f0.r0.f1.r0.f0.-d2.-r2.-d2.-f1.d2.d2.-r2.r1.f2.r2.f1.-r1.f0.-r2.-f0.r1.f0
289,-f2.d1.-r2.-d0.r2.-d2.r0.f2.r2.d2.f2.d0.d0.-r0.f2.-r1.f1.f1.-d1.-r0.d2.r0.d1.f1.r1.-f2.-r1
290,-d0.-r1.-f0.d0.f0.-f2.d0.d0.r2.f1.r2.f2.-d1.-f2.r2.f2.-d2.-r1.d2.-r2.d1.f1.f0.-r1.-f0.r1
291,f0.-r1.-d1.r2.d2.-r0.f1.-d2.-d1.-d0.f2.-f1.-d0.f0.r2.-r1.f2.-r2.-f2.r1.r0.f2.-r0.f1.r0.-f2.-f0
292,-d0.r0.-d1.f0.d0.-r1.r0.d2.d2.-r0.f0.d2.d2.r0.f1.r1.-f1.-d2.-d1.f0.-r0.f0.-r2.-d0.f1.r1.-f1.d0.r2.-f0
293,f0.-r0.-r0.f0.-f2.-r0.r2.r2.-f2.d0.r2.d2.d2.f2.f2.r2.d2.d0.-r0.-r0.r2.r2.d2.f2.f2.d0.-r0.-r0.d0.f2.f2.d0.-r1.-d1.r1.-d0.d1.r1.-d1.-r1.d1
294,-r0.-f2.-d2.-r1.-f2.-d0.-r1.-f0.r0.f0.-r2.f0.d2.r2.d1.-f1.-f2.d0.-r0.-r1.-d1.f0.d0.-f0.-d0.-f0.-d0.-f0
295,f0.-r2.d1.-r2.r1.-d1.d0.r2.-f0.-f1.-f0.-r2.-f2.d0.-f2.r1.-d1.r0.r0.d1.-r1.r0.d2.-f0.-d2.f1.d2.f0.-d2
296,-r0.-d2.d1.-f2.-d2.-r1.-r0.f0.-r1.f1.-d0.r1.-f1.-r2.-d1.r2.r1.d2.-d0.-r0.d2.-r0.-d2.r0.d0.-f2
297,-r0.f2.f2.-d1.-f1.-r0.d0.f1.f1.d2.f2.r0.f1.r2.d2.-f1.-r0.-f2.d0.r0.r0.-d0.r2.-d0.-r0.-f0.d0.-r2.f0
298,r1.d0.r0.d0.f0.r1.f2.-d2.f0.-r0.d2.f2.d2.r2.d1.d0.-f2.d2.-d0.r2.f1.d0.r2.-d0.-r2.-f1
299,f0.-r1.-d2.f2.-r0.-d2.f1.r2.-f2.-f0.d2.d0.f2.-r0.-f2.-d0.r0.d0.d0.r2.-d0.r1.-d2.r1.d2.-r1.-f2.-r1.-f2
300,r2.-d1.-r1.-f1.d0.f0.-d2.f2.f0.r2.-d2.r0.-d1.r2.-r0.d2.f2.-d0.-r0.-f0.r0.d0
301,r1.f0.d2.-r1.-d1.r2.-r0.f2.r0.r0.d2.-f2.-d2.-r0.-r0.f1.f1.f0.d1.-f0.-d1.r2.-f0.d1.f0.-d1.-r2
302,-f2.-r0.-f0.r1.-f2.-r0.f0.r1.-d2.-f0.d2.-f0.-d2.-f0.d2.-f0.-d2.-r1.d2.r0.f0.f0.-d1.-f0
303,-f1.d2.-f2.-d2.-r2.f1.-r1.-r0.-d0.-r0.-d1.r0.f2.d1.-r2.d2.d0.r0.-d0.r1.f2.d1.f1.-d1.-f2.-d1.-r1
304,r0.d2.-r1.d2.-r2.d0.-r0.-f0.r0.d0.f1.r0.-f2.f0.-r2.r0.d0.-r1.-f2.r1.f2.-d0.r2.-d2
305,-r2.f2.d2.-d0.-f0.d0.f0.d2.d2.r0.f2.-d0.-d0.-f2.-d2.f2.f2.-r0.-r0.r2.r2.d2.r2.r2.d2.-f0.-f0.r2.r2.-f1.d1.f1.-d1
306,-f2.-d0.-f2.f0.r1.-f1.r0.f1.d2.-r0.-f2.d2.d0.d0.r0.f0.-r2.d2.-r2.-r2.-f0.r2.r2.d2.r2.-f0.r1.f0.-r0.-f0.-r1.f0
307,-f2.r2.d2.d2.r2.-r1.-f2.-d1.r0.f1.f1.r0.-d0.f0.d1.-f0.-r2.d2.r2.f2.-r0.f0.r0.-f2.d0.f0.-d1.-d0.f2
308,-r2.f2.f1.r1.r1.r0.-f0.d2.d2.d0.f2.-r0.-r0.-d0.f2.-r0.-d0.-r0.-r0.-d2.-f0.-f0.-d2.-d0.-d0.-r0.-r0.f2.f2.-d0.-d1.d0.-f1.d1.f1.-d0.f0.d1.r1.-d1.-r1.-f0
309,-d1.r1.f0.-d2.f2.d1.r0.f1.r0.-f1.-d2.-f2.-r1.f2.f0.d0.f0.r0.r0.f1.-r2.r0.d2.r0.r0.-d2.-f0
310,d2.d2.-r2.f2.r2.f2.r0.-f1.f0.-d1.-f2.-r1.-d2.r0.-d2.r2.d2.d0.f2.-f1.-d0.r0.r0.d1.f0.-d1.-f0.-r1
311,r0.-f2.f1.r1.r1.-f2.d2.d2.f0.r0.d2.f2.f2.d0.-r0.d0.f0.-r0.-d2.-f0.-f0.f2.f2.-r0.-r0.-d2.-d0.-r0.-d1.r1.d1.-r1.-r0.f1.r1.-d1.-r1.-f1.d1
312,r0.-d1.-r2.f0.d2.-f2.r0.d0.r0.-d1.-d0.-r2.-f2.-d2.r1.r2.-f0.-d2.f0.d2.-r0.-d2.f0.-d2.d1.-r0.-d1.-r2.d1.r0.-d1.r2
313,d1.-r1.r0.d1.-f1.-d2.-r1.f2.r0.f0.r0.f0.-r0.f1.d2.-f1.-d0.r2.f2.-r2.d0.f1.-r2.d2.r0.-d2.r2.r0.-f0.-r0.f0
314,-d1.r2.-f1.f0.-r0.-d2.-r0.f1.r1.r2.-d1.r2.-f0.d2.d0.d2.-r2.-f0.r2.-d2.-d0.-f2.-f0.-d2.f2.d2.f0.-d2.d0.-r0
315,-f2.f1.r2.-f2.r1.-d0.-r0.f2.-r0.-f2.f0.-r2.f0.-d2.-f0.-r0.-d0.-r0.-f2.-d0.f2.-r0.-f2.d0.f2
316,-r2.-d2.f2.d0.r0.-d2.-f2.-d0.-r0.d1.d0.r0.d2.d2.r2.d2.-r1.d1.r0.r1.f0.-r1.-f1.d2.f1.-d2.r1.-f0
317,d0.-f2.d2.-f1.d2.-f1.d0.r2.-d1.r0.d0.-r0.d2.r0.-f0.-r0.f0.-d2.-f2.-r0.f2.r0.f2.d2.-f2.-r0.-d2
318,d0.-r0.f0.-d1.f0.-d0.-f0.f1.-d0.-f0.-d1.-r2.f0.r0.d1.d0.r1.-f0.r2.f2.-r0.d0.d0.f1.-r0.-f1.r0.f1
319,d0.-r1.-d1.r2.-f2.-d0.d1.f1.-f0.-r1.f2.r0.-d2.-d0.r0.-d1.r2.d1.r2.f0.r2.d1.-r2.-f0.-r0
320,f1.f0.-d2.f0.f0.r0.f1.f1.d2.-f2.-d2.f0.d0.-r0.d2.-r0.f0.r0.-d0.f2.-r0.f2.-f0.-d2.f2.d2
321,-f2.-r0.d2.d1.-r2.-d2.f2.r2.d0.-r2.-d0.-d0.r2.d0.-f0.-r0.-f0.r0.r0.d0.r0.-d0.r0.f0.r0.d1.-r0.d0.r0.-d1.-r0
322,-f0.d1.-r1.d1.-f0.-d1.-f2.r2.d0.-r1.-f0.-d0.-f0.d0.-r2.d0.f0.d1.r1.-d1.-f2.-d1.f2.d1.-r1.f1
323,r0.f2.-f0.-r1.d1.r0.-f0.-d1.f2.d2.r2.d2.-r2.-f2.r2.r0.d2.d2.r0.d0.r2.-d2.-r2.-d2.-f0.d2.f0.-d0.-r2
324,f1.d2.-d0.-f2.-r1.-d0.f2.-r0.-d0.r0.-f0.-d0.-f1.-r0.f2.r2.-f2.d0.f2.-d1.-r2.f0.-d0.-f0.d1.f0.d0.-f0.-d2.-d0
325,-r1.d0.-r2.d0.r2.f2.f2.-r2.d2.r0.-f1.-f1.-r2.r1.f2.f1.-f0.d2.-f0.r2.-f1.r2.f1.-r2.-d2.-d0.f0
326,-f0.r1.f2.d2.d2.-f0.-r2.-f0.d1.-r1.r0.d0.r2.-r0.-f0.r0.-f1.f0.f0.-r0.f1.r1.r0.-f1.r1.-d1.-r1.-r1.-f0.d1.-f0.-d1.f1.d1.f0.-d1
327,-f2.-d2.f0.d1.-d0.r1.f2.-f1.d2.-r2.d0.-f2.-d2.d1.-f1.-d1.f1.f2.-d2.-r1.-f0.d1.f0.d0.r1.d2.-r1
328,-d0.r1.d2.-d0.r0.f1.r2.-f0.r2.f2.-f0.r0.-f1.d0.r0.d1.f0.-d1.-r2.-f0.-r0.-d0.-f2.r1.f2.d0.-f2.-r1
329,-r2.r0.f1.-d2.f1.-d1.-f0.d0.f1.-r0.d2.-f2.-r2.r0.f0.r2.-d0.-r0.f2.r0.-f0.r1.f0.-r1.-f0.d1.-f0.-d1.f0
330,-f0.-d0.r0.d2.f2.-d0.d1.-d0.f2.r0.f2.f2.r2.r1.-d2.f1.d0.f1.d0.f1.-d0.-r0.-d2.d0.-f1.-d0.f1.d2.-f2.f1
331,-r1.-f0.-d0.r0.d1.r2.r2.-f0.r0.f2.d0.-r0.-f1.-f0.d0.f1.-r1.-f1.d1.-r1.-d2.-f0.d2.f0.-d1.-f0.-r0.d1.r1.-d1.r0
332,-d1.r2.r2.f0.r2.-f0.-r1.f1.r1.-d0.f2.r0.-d0.-f2.-r1.r0.-d0.r1.d0.d0.-r2.-r1.r0.d0.r2.-d0.r1.-r0.d0.d0
333,r0.-f0.d2.-r2.f1.-r1.-d1.-f1.-d2.-f1.d0.f1.f1.f0.f0.d0.f2.d2.f0.r0.-f0.-d2.-f2.d0.-r2.d0.d0.r2.f2
334,d0.-r2.-d1.-d0.r2.-r0.-f1.d0.f2.-d0.r2.r2.d0.r0.-f2.r2.-f1.d2.r2.d2.d2.d0.r1.d2.-r1.-d0.-r2.f1
335,r0.-d0.f1.-d1.-d0.-f1.-r0.r1.r2.d2.r2.f0.r2.d0.f0.-r0.d2.-f0.-d0.-f0.-d1.f0.r0.f1.r1.-f1.-f0
336,-f2.r2.d0.r1.-f2.-r0.-d1.-r0.-d1.r2.-f1.r1.-f0.-r1.r0.f1.r1.f2.-f1.f0.r0.f0.-r1.-f0.-r1.-r0
337,-r2.-f1.d0.d0.r1.d1.f2.d1.-r0.-d2.r2.r0.f0.r1.f0.r0.-f2.-r0.-f0.r2.r0.-d0.-f1
338,-f0.d2.d1.r0.d2.f2.f2.-r0.-f0.f2.d0.-f0.-d2.f2.r0.-d2.-d0.-d0.r2.r2.f2.f2.-d2.f2.f2.d2.f2.f2.-d0.-d0.-f0.d1.f1.-d1.-f1.f0.-d1.r1.d1.-r1
339,-d2.-r0.f1.-d2.f2.-r2.-f1.r0.f2.-r2.-f2.d1.-r1.-d1.f2.r1.-f2.r0.d0.-r2.f0.-d0.r1.d0.f1.-r1.-f0.r1.-f1
340,f0.d2.r0.f1.r1.d2.r0.-f1.r2.-f2.r2.r2.-r0.d0.r0.-f2.-d1.f2.-d0.f2.d0.-f2.d1.-d0.r2.-d2.-r2.-d1.r2.d2
341,-r2.-d2.d0.-r0.f2.-d2.f2.-d0.-r2.d0.r1.-f0.r2.d2.-r2.f2.-r1.-f2.-r2.-r0.-f1.-r1.d2.-f1.-d2.f1.d2.r1.f1
342,-f1.f0.d2.-r0.f0.d2.r2.d2.r0.d1.-r1.d1.f1.-r2.f0.-r1.f1.d2.-r0.-f1.r1.r0.d2.-f1.-d2.f1
343,-r1.-f2.-r2.f2.-d2.r2.-f2.-f0.-d1.-r0.d1.f0.d2.-f2.d1.-r1.r0.-f1.-r0.d1.d1.d0.-f1.-r1.d1.r1.f1
344,-f0.-d2.r1.f2.d2.-d1.f2.d1.r2.d1.f1.-f0.-d1.-r1.d1.-f2.-r0.f0.-r2.-f0.r0.-f0.-r2.f0.r2.r2.f2.d0
345,f2.-d0.f1.d1.-d0.-f1.-d0.-f1.d1.-d0.r0.-d1.r0.r0.-d2.-f0.-d2.d0.-r2.d0.-f2.r2.f2.d0.d0
346,r1.f2.-f1.-d0.-r2.-d0.d2.-f2.-d2.-f0.-d0.f2.-d0.-f1.-f0.-r2.-r0.-f0.-d0.-f1.d0.f1.-f0.d1.f0.d0.-f0.-d1
347,f0.-r0.-f1.r2.-f0.r0.-f0.-d1.r1.d0.r0.-d0.-r0.-f2.f0.r0.f2.-r0.-f1.-f0.r1.-d2.r2.r0.-f2.r1.-f0.-r1.f2
348,-f0.f2.d1.r2.-d2.-f0.-d0.-r2.-d0.-f0.-d2.-r0.d2.-r0.d2.-d0.-r0.-r0.d2.f2.f2.d2.d2.-f0.-f0.f2.f2.d2.f1.r1.-f1.-d1.-r1.d1.f0.-d1.-f1.d1.f1.-f0
349,f2.-r2.-d0.-r2.f0.-f1.-d2.r1.-d1.f2.r1.-d2.r2.-r0.d0.-r2.d2.f1.-d2.-r1.d2.-r0.-d2.-f2.d0.r0.-f0
350,-f0.-r0.-d2.r2.-r0.-d0.r2.-r1.-d2.r2.-r1.f1.-d0.-r2.f1.f1.d0.r1.r1.-d0.f1.-d2.-r1.-r1.f1.d2.d0.f1.r1.f1.-d1.-f1.-d2.f1.d1.-f1
351,f2.-r2.r0.-d2.-r1.-f2.d0.-r1.r0.-f0.d1.-d2.d1.r0.r0.f2.r0.f0.r1.-f0.r1.d1.r0.-d1.r1.d1.r2.-r1.-r0
352,-r1.d1.-f1.-d0.f0.-d0.r2.-d2.f2.r2.f0.d0.-f2.d0.f2.-r0.-f0.-d0.-f2.-r0.-f1.-r1.f1.r0.f2.-d0
353,-d2.-f2.d2.f2.f2.d2.f2.-r0.-d1.-d1.f1.r0.-f1.r2.d0.-f0.-r1.-r0.-d1.-f1.r0.f1.-d0.-r0.d0.f1.-d0.r0.d0
354,-f0.r1.-d2.f0.d1.-d0.-d0.r2.d1.d0.-f2.-r1.-f0.-r1.f0.d1.-r0.-f0.r0.-f1.-r2.-f1.r2.f1.-d1.r0.-d0.-r0
355,-f1.d1.-r1.d1.-f1.d0.-r0.d0.r1.-d0.f2.f2.-r0.d0.-f0.-d0.f0.d0.r0.-d0.-r0.-d0.r0.f1.-r0.f0.r0.-f1.-f0
356,d0.-r0.-d2.r2.f0.r1.-f1.d0.-r0.-d0.r0.-d2.r2.d2.r1.-d2.-f2.r2.d1.r2.-f2.-r2.-r0.-d0.-r2.d0.-f2.-d2.-d0.r2
357,-r2.r1.f2.-r2.-d1.r1.-f2.d2.f2.r2.r0.-f2.-r2.-f0.-d0.f2.d0.-r2.d0.d0.r0.f1.f0.d0.d0.f2.d2.-f2.-r2
358,r2.-d2.-r2.f1.f1.-r2.-r1.-d1.-d0.-f0.r0.-d0.-r0.d1.-d0.r2.-d0.f0.-r2.-f0.d0.d2.f2.r2.f2.-d1.-f2.-d2.f2.d1
359,d2.r0.-f0.d0.-f2.-r2.f0.-d2.r1.-d2.d0.-f2.d0.-r1.-d0.f0.f2.d0.-f0.-r1.-f1.d0.f1.-r1.-d2.-f1.-d2.f1.d2.r1.-d0
360,d1.f2.r2.r2.-f0.d1.-d0.r2.-r1.f2.f1.-f0.r0.-d2.-r1.d2.r0.f0.r1.r0.f0.f0.r2.f0.-d0.-r0.-r0.-f2.-r0.-d0.-r0.d0.r0.f2
361,-d1.d0.-f2.-d1.-r0.-f2.-d2.f2.d0.f0.f1.r0.f2.d2.d1.-f2.-r2.-d1.f2.d2.-f2.-f0.-r1.d2.r1.-d2.f0.d2.r2
362,r2.-d1.r1.f1.-d2.r1.f2.d2.r1.f0.r2.d2.-r2.f2.d1.r1.-f1.-d1.-f0.-d0.r1.d0.f1.-d0.r1.d0.-f1.d0.f1.-d0
363,f2.f1.f1.d1.f0.-r0.-r2.-f0.-r0.-r0.-d2.-r0.f0.r0.d0.f2.d2.d2.-f0.-f0.f2.f2.d2.d2.-r0.-r0.-d2.r2.r2.f2.f2.d2.d2.f0.r1.-d1.-r1.d1.-f0.f1.d1.-f1.-d1
364,-r2.d0.-f2.d0.d0.-r1.-d0.-f2.-d0.f2.-d2.r0.d0.r1.-d0.-f0.r1.-d1.-r2.d2.-r0.-d2.-r1.-d0.f1.r2
365,-f1.d2.d2.f0.r2.-f2.f0.r0.r0.-d2.f2.f1.f2.-r0.-f0.r0.-f2.-r1.d0.r0.r0.-d2.-r0.d0.d0.r0.d2.-r0.d0.d0.r0
366,f0.d2.-f2.r2.r2.-d0.r2.d2.f2.d0.-r0.d2.d2.-f0.d2.-f0.-f0.-r0.-r0.-d2.-d0.r2.r2.-f0.-f0.-d0.-f0.d1.-r1.-d1.r1.f1.d1.-f1.-d1.f0
367,-d1.f1.-d1.-r2.-d2.-f2.f0.r1.-r0.-f2.d0.-f0.d0.d0.-f0.-r2.d2.r2.f0.d2.-d1.-r0.-d2.d1.d0.f0.-r2
368,d1.d1.r2.-f1.r1.f1.r2.-d2.d1.-r0.f2.d1.-f2.r0.-d1.-r0.-f0.-r0.f0.d2.f0.d2.f2.-d2.-f0.d2.d2.f2
369,-d0.f2.-f0.-d0.r2.-f2.-r0.d1.-f2.-d2.d1.-f1.-d1.r2.r2.d1.r0.d1.-r0.-d1.-r1.f1.f0
370,f0.r0.r2.-f0.-f0.-d0.-d0.-r0.d0.-f0.r0.d2.d2.f0.-d0.-r0.-r0.-d0.r2.r2.-f0.-f0.d2.-f0.-f0.d2.d2.-f0.-f0.-d2.f0.-d1.r1.d1.-r1.-f0.-f1.r1.f1.-r1
371,r0.f1.f1.r1.f2.-d0.-r2.-f2.-d2.f2.r0.-f0.-f0.d2.-r0.d2.f2.f2.-r0.-r0.d2.-d0.f2.f2.-r0.-r0.r2.r2.-d2.-r0.-r0.-f0.r1.d1.-r1.-d1.f0.f0.-r1.f1.r1.-f1.-f0
372,f0.-d2.f1.r1.r1.d2.f0.-f2.-r0.-r0.-f2.-d0.-r0.r2.d2.r2.r2.f2.d2.r2.r2.d0.r2.r2.-d2.r2.r2.-f0.-f0.-d2.-f0.-f0.f2.f2.f0.d1.r1.-d1.-r1.-f0.f1.-r1.-f1.r1
373,f2.-r0.f2.d0.-r0.d2.d2.f2.r0.d2.-r0.-d0.-d0.-r0.d2.-d0.-f0.-f0.-r0.-r0.-d0.f2.f2.-r0.-r0.d2.d2.-f1.f2.-r1.f1.r1.-f2.-f1.r1.f1.-r1
374,-d0.-f1.-f0.f2.-r0.-f2.d2.d2.-r2.-d2.r2.-f0.-f0.-r0.f2.d2.-d0.-f0.-f0.f2.f2.-d0.r2.r2.f2.f2.-d2.f2.f2.d2.-r1.r2.-f1.r1.f1.-r2.d1.f1.-d1.-f1
375,-f0.-d0.f1.f1.r1.f0.r2.f2.-r2.-d0.-d0.-f2.-d0.f0.-d2.r2.f2.-r0.-r0.-d0.-d0.-r0.-r0.-d0.-r0.-r0.-d0.r2.r2.f2.f2.r2.-d1.r1.d1.r2.d1.f1.-d1.-r1.-f1
376,-f2.r0.-d1.d0.-r2.d2.-d1.r0.d2.f2.f0.-d2.f0.-d0.-d1.r2.-d2.r0.-r2.f0.r2.f1.-r2.d1.r2.r0
377,r0.-f2.f0.-r1.d0.-r2.-f0.-r2.-d0.-r1.d2.-f0.d2.f0.-d2.-d0.r1.-f2.d1.d1.-r0.-d1.r0.d1.-r0.d1.f0
378,d2.-d0.f0.f0.r1.d2.f2.-r0.f0.-r2.r0.-f0.d2.r2.d0.f2.-d0.f0.d0.-f0.r2.f1.-r0.-f2.-r2.f1.r2.f2.-r2.-f1
379,r2.f2.-r1.f0.-r0.r2.-d0.f1.-f0.-r0.d1.f1.-d1.f0.-r2.d0.r0.f2.-r0.d1.-d0.r1.d0.-r0.-d0.-r1.d0.-f1.r0
380,-d0.f0.-r2.-f1.d1.-d0.f0.r2.-f2.-d2.f0.f2.-r2.-d0.r2.d1.f2.-d1.f2.d1.d0.r2.-d1.-r0.f2.r0.d1.-r0.-f2.r0
381,r2.d2.-d0.f0.d0.f1.f1.d0.f0.f2.-d0.-r0.-d2.-r2.d2.r0.-f2.-d2.f1.-d2.-r1.-d2.r1.d2.-f1.d2.f1
382,-r0.-f1.d2.-r2.-f2.f0.r0.-d1.-r1.-d0.-f0.-r2.f0.-r2.d0.d2.-f0.d2.-f2.-r2.f2.r2.-d2.r1.r0.d0
383,-d2.r0.-d2.f2.f2.-d2.f2.r0.d1.r2.-d1.-f1.r0.-d1.-f2.-r1.r0.-d2.-r2.-f1.r2.d2.-r2.r0.r0
384,d2.-f0.d0.-r2.-f1.f0.-r2.-d0.-f2.-d2.-f2.-f1.-d1.-f0.d1.f0.-r1.-f0.d2.d2.f1.d1.-f1.r1.f2.f0.-r1.-f0
385,d2.r0.-d0.f2.-f0.-d1.-f2.-r1.-d2.f2.r0.-f2.f1.r1.-f1.r1.d0.d2.-f1.f0.-d2.-r2.-d2.-r1.d2.r2.-f1
386,-f2.-r2.f0.-d1.-r1.-f1.d2.f1.f1.-d1.d0.-r2.d2.-r2.d2.r2.-f0.d2.d2.f0.-d2.r2.-d2.d1
387,-r0.-d2.-d0.f0.d0.f0.-d0.r2.r2.-d0.-f0.-r0.-r2.d2.-f0.-f0.-r0.-r0.d2.d2.d0.-f0.-f0.-d2.-r0.-r0.d0.r2.d1.-f1.-d1.f1.-r2.-f0.-f1.-d1.f1.d1.f0
388,-d2.-f0.r2.-d0.r1.f1.f0.-r1.d0.r1.f1.d0.r0.r1.f2.d0.r1.d0.-r1.-d0.r1.-d0.-f2.r2.d2.-f2.-d2.-r2.f2.f2
389,-f2.-d2.-f0.-f2.d2.r0.-d0.r2.r2.-f0.-d0.r2.-d0.f2.f2.-d2.f2.f2.-d2.-r0.-r0.-f0.-f0.-d0.-r0.-r0.-d2.d0.r1.f1.-r1.-f1.-d0.-f0.-d1.r1.d1.-r1.f0
390,-r1.d2.-r0.-f0.d2.r2.-d0.-f0.-f0.r2.-f0.r2.f0.r2.-d0.-r0.-d2.d1.-f1.-d1.-r1.d0.-r1.-f0.-r1.f0.-d0.-f0.r1.f0
391,d0.r0.-f0.f2.-d0.r2.-f0.-f0.-d0.f2.f2.r0.-d0.r2.-f0.-f0.d0.-r0.-r0.f2.f2.-d0.-d0.-f0.-f0.d2.f2.f2.d0.-r0.-r0.-d1.r1.f1.d1.-r1.-f1
392,r0.-f0.d2.-r2.-d0.r1.f1.r0.f1.-r0.-d0.-f1.r0.-d0.f2.f1.d0.f0.-r0.-f0.-d0.-f1.-d1.-r2.-d0.r2.d1.d0.-f2.d0
393,-d2.-r1.-r0.d2.-r0.-f0.r0.r2.r2.d2.f0.f2.-r0.-r2.-d2.r2.r2.d2.d2.r2.r2.f2.f2.d0.-r0.-r0.d2.r1.-d1.-r1.f1.d1.-f1.f0.f1.-r1.-f1.r1.-f0
394,r2.d0.r2.d2.f0.-r0.-d0.r2.-d0.-r1.-f2.f1.r0.d0.r1.-f0.r2.-d1.-r2.f0.-r1.d0.-f0.r2.-d0.f0
395,f1.-r1.f1.d0.r2.-r1.d2.-r2.d0.-r0.-f0.r0.f2.-r0.-f0.r0.r0.f1.-r0.-f0.-d1.r0.-f1.-r0.-f2.-r2.-f0.-r1.f0.r2.f2
396,d2.f2.-d2.-f0.d1.r0.-f0.-r0.f0.d1.-r2.-f0.-d2.-r1.-d0.f1.-d0.-r1.d2.-d0.f1.-d1.d0.r1.d1.r1.f1.-r1
397,-f2.d2.-d0.r0.-d2.-r0.-r0.d0.-f2.r0.f2.-r2.-f0.d2.-r0.-r0.f2.f2.-r0.-r0.r2.r2.-d2.-r0.-r0.-f0.-f0.-d0.-d0.-r0.-r0.d1.f1.r1.-f1.-d1.f1.-r1.-f1
398,-f0.-f0.d2.f0.r0.f2.-d2.r0.r2.f2.-r0.-f2.-d0.-d0.r2.r2.f2.f2.-r0.-r0.r2.r2.-d0.-r0.-r0.f2.f2.-r0.-r0.-d2.-r0.d1.-r1.-d1.r1.r0.-d1.-f1.d1.f1
399,-f2.-d1.-r2.-d0.r1.-d0.-f0.r0.r2.f2.d2.-d1.-d0.r1.d0.-r2.-d2.-f2.d2.f2.d1.d1.f1.-d0.-r2.d0.-f1.-d0.r2.d1.-f2
400,d2.d2.r2.-d0.f2.d2.d2.r0.-f0.-r0.r2.d0.r0.d0.r2.r2.-d2.d0.-f0.-f0.r2.r2.-d2.-r0.-r0.f2.f2.-d0.-d2.-r1.d2.d0.f1.-d0.-f1.-r1.f1.r1
401,-r0.-d2.-f2.-d2.-r2.f1.r0.f0.-r0.d0.-r2.f1.d2.-r2.-d2.-f1.-d0.f2.-r0.d0.r0.-d2.-d1.-r2.-r0.f2.-d2.-f2.r0
402,-f2.d0.f1.f1.-d1.f0.-r0.-r0.d2.f2.-d2.-d0.-r0.-d0.f2.d2.r2.d2.f2.f2.d2.-f0.-f0.-d0.-f0.-f0.-r0.-r0.f2.f2.-r0.-r0.-r0.f1.d1.-f1.-d1.r0.d1.f1.-d1.-f1
403,-f1.-r2.-d0.f0.-r2.f2.-f1.-f1.r2.d2.r0.d0.-f0.-d0.r2.-d2.-r1.d2.-r2.f0.f0.r0.d1.-r0.-d1.f0.f0
404,-r2.-f0.-d2.d0.-r0.-f1.d2.f2.-f0.-d2.-r1.-f2.-f1.r0.f1.r1.-f0.r1.d1.-f0.-d1.r1.-f0.-f1.-d1.-f0.-d1.f0.d1.f0
405,r1.d2.-r2.-d0.f0.-r0.r2.r2.-d2.-r0.-f0.-f0.d0.-f0.r2.f2.f2.r2.r2.-d2.d0.-f0.-f0.-d2.f2.f2.-r0.-r0.d0.-f1.-d1.f1.r1.d1.-r1.-f0.r1.f1.-r1.-f1.f0
406,-f1.-d0.-f0.-d2.-r0.f0.-d0.f2.-r2.r1.d2.-f0.-d0.-f0.d0.f2.f2.d0.r0.f0.-d2.r0.d0.-r0.d2.-f0
407,-f1.-r2.-f1.-r2.d0.-f0.d1.-d0.f2.d2.-f0.-r1.f0.-d0.r1.r0.f1.-r0.-d1.-f2.f0.-d0.r0.d0.f2.-d0.-r0.d0.-f0
408,d1.-r0.-f0.-d0.-r0.r1.r1.-d2.d1.r1.r2.-d0.f1.f0.-r0.-d2.-r1.-d1.-r2.r1.-f1.-d1.f1.r2.d1.d1
409,-d0.-f2.-d0.-f2.-r1.d0.-r0.f0.-d0.-f2.-r2.-r1.f0.-r0.-f0.-r2.r0.-f0.d0.r2.-d0.r2.f0.d0.-f0.-d0.-f0.-r2.-d2
410,d1.-f2.-d0.f1.-d1.-r0.d0.r2.f2.-f0.r0.-f1.r1.d0.-f2.-d2.d1.-r0.-f0.d0.f0.-d0.-r0.-f1.r1.f1.r0.-f1.-r1.f0
411,-f2.d2.r1.d1.-d0.-f0.d2.d2.-f0.r2.r2.d2.-f0.d2.-r2.-d2.-r2.f0.-r2.-f1.r2.-f0.d2.-f0.-r0.d2.r0.-d2.f0
412,-d2.r0.r0.d2.-r0.-f1.-d0.f0.d0.-f1.-d1.r2.-d2.d0.-r1.d2.r1.d2.r2.r0.-f2.r1.-r0.-f1.-r2.f1.-r1.-f1
413,f2.-f0.-r1.d2.d2.-d0.-r2.-f0.d0.-f0.r2.r2.-f0.-d2.-f2.-d2.r2.r2.f2.r2.f2.d1.r2.d2.r0.-r2.-f2.-d1.-d0.r2.f2
414,-r2.f1.r1.r1.f0.d2.-d0.f2.r2.d0.f0.-d0.-d0.r2.r2.d2.-f0.-d0.-d0.-r0.-r0.r2.r2.d0.f2.f2.d0.-r0.-r0.d2.-f0.d1.r1.-d1.-r1.f0.f1.-r1.-f1.r1
415,f2.d0.r1.r0.d2.d2.-r2.d0.r2.d2.d2.-f0.r2.d2.f2.f2.r2.-d2.-f0.-f0.f2.f2.d2.f2.f2.d0.-r0.-r0.-d2.-r0.-r0.f0.d1.-f1.-d1.f1.-f0.r1.f1.-r1.-f1
416,-d2.-f0.-d0.r0.-d0.-f2.-d2.-f0.d2.-d1.r2.-f2.f0.r1.-f0.d0.f1.f1.-d0.-r1.-d2.d1.-r1.d2.-d1.-r1
417,-d2.r0.-f0.r0.d1.-d0.-f1.-d0.f2.-f0.r2.-d2.-f0.d2.-d1.-r0.-r2.f1.-d0.r0.d1.-r0.d0.-r2.r0
418,-f2.-r1.d1.-f0.r2.-r1.-d2.-r2.-r2.-f1.-r1.-d2.f2.d2.-f0.r2.f1.-r2.f2.r0.-f2.r2.-d0.-f1.d1.f1.d0.-f1
419,d2.d2.f2.f2.-r0.-d0.-r0.-r2.f0.-d0.-d0.-r0.-r0.-r2.-f0.-d0.f2.f2.d0.-f0.-f0.-d0.-f0.-f0.f2.f2.-r0.-r0.d2.d2.d0.-r1.f1.-d1.r1.d1.-f1
420,r2.r2.-f1.d1.f2.-d0.f2.d0.r2.d1.d0.f0.-d0.f1.-d1.-r0.d0.-r2.d0.r2.d1.d0.f2.-d0.r2.-f2.-r2.d0
421,-r2.-d1.-r0.-f2.-d2.d1.-f1.d0.f0.d0.-r2.d2.-r2.f1.f0.-r2.d0.d0.-r1.d0.-f1.-r0.d2.r0.-d1.-f0.d1.f1.-d1.f0.d1
422,r0.f0.-f1.r0.d0.f0.-r0.-f2.-r2.-d2.r0.-f0.d2.f2.-d2.-f0.-f0.-d2.-r0.-r0.d0.-f0.-f0.r2.r2.f2.f2.-r0.-r0.-d0.f1.f1.-d1.-f1.d1.-f1.r1.f1.-r1.-f1
423,-d2.f2.-f1.-d1.r1.-f2.r2.r0.-f0.r0.r0.f2.-d0.f0.r2.-d0.r2.r2.-d0.r2.d0.-r2.f2.-r0.-f2.r2.r2.f2.r0
424,-f1.-r2.-d2.d0.-f2.-r1.-f1.d2.f0.r2.f0.-d2.r0.f0.-r0.d2.-f0.r2.r0.f0.r1.d0.-f1.f0.r2.d1.-r2.-d1.f1.r1.-f1.-r2.f1.-r1
425,f2.f1.r1.r1.d2.-r2.f0.-d0.-d0.-r0.-r0.-r2.-f0.f2.-d0.-r2.d2.-f0.-f0.d0.f2.f2.d0.-r0.-r0.-d0.-d0.f2.f2.-r0.-r0.f2.f2.f1.r1.d1.-r1.-f1.-d1.-r1.f1.r1.-f1
426,r2.-d0.f1.f1.d1.-r0.-f0.f2.d2.-d0.r2.d0.-f0.-f2.d0.r0.-d2.-r0.-r0.-d2.r2.r2.-d2.r2.r2.-d2.r2.r2.f2.f2.d0.r1.-d1.-r1.-d0.d1.-r1.-f1.r1.f1
427,d2.-r1.-d1.f1.d2.-r1.-f2.-d2.-r0.r2.d2.-r2.-d2.r2.-f2.f0.r2.d2.-f1.-f0.r1.-d0.-r1.f2.-d0.r1.d0.r0.-f2
428,-r2.-d0.r1.-d0.-r0.-f2.f1.-r2.-f1.r1.d0.f2.-r2.-r0.d0.-f2.f1.-r0.f2.d2.-d0.r0.-d2.-r0.d0.r0.r0.-f2
429,d2.r1.d0.r1.f2.f2.-r0.f2.r1.r0.-d0.-f0.r2.r1.-d0.r1.-r0.f0.-r1.-f1.-d1.-f2.-d2.r1.d2.f2.d1
430,d1.r1.-d0.-f2.r2.-r1.f2.r0.-d0.-r2.d1.-d0.-f0.d0.-f0.r2.f0.d0.-r2.f1.r0.d1.-r0.-f2.r0.-d1.-r0.-f1
431,r2.-r0.-d2.f1.d1.r1.-f2.-d0.f2.-f0.r2.r1.d1.f0.-d2.-f0.-d0.f1.f0.r0.-d1.-r0.d1.f0.d1
432,d0.f1.f1.r0.f0.-d0.-f2.f0.d0.d0.-f2.d2.f0.d2.f2.-d0.r2.-d2.d0.d1.-f0.d2.d2.-r0.d2.r0.-d2.-f2.d2.-d1
433,f0.d2.-r0.f0.-d2.d1.r0.r0.f0.-r0.d1.d1.-r2.d0.r2.-f0.-r2.r1.r0.d0.-f2.-d2.d1.f0.d2.-f0.-d1.f2.f0
434,r2.f2.d1.-f1.-r0.d1.-r1.-f2.r1.-d2.r1.d2.r2.d0.-r2.-r0.-f0.d0.-f1.-d0.f0.f0.-r0.-f0.r0.-f0.r2.-d0
435,r0.-f0.-r1.f0.-d0.-r1.f0.r0.-d0.f0.d0.-r2.-d1.-d0.f2.f1.r2.-r0.f1.-r1.-f1.r0.r0.-f0.d1.r2.-d0.-r2.-d1.r2.d0
436,-r1.d1.f0.r1.-f1.-d1.-f0.-r0.f2.d0.d0.-r0.-d2.f2.-d0.f0.d0.-f2.d2.-d1.-d0.-r0.f2.-r0.-f2.r0
437,d2.-r1.r0.d1.-f2.f1.-r2.-f2.r0.r0.-d2.r0.-f2.d0.r2.-d0.-r2.-f2.r2.r0.d2.d0.f2.f2.-d2.-f2.-d0.-f2.-r2.-f2.r2
438,d2.-f0.-f0.f2.-d2.f2.f2.r2.d2.r0.-d2.-r2.f2.f2.-d2.-r0.-r0.-d0.f2.f2.d2.f2.f2.-d2.-r0.-r0.-f0.-f0.-f1.d1.-r1.-d1.r1.f1.-f0.-r1.f1.r1.-f1.f0
439,d2.f1.-d0.-f2.d1.-d2.f2.-r2.-r0.d2.-d0.r0.-d0.f2.d0.f1.d0.f0.d2.f0.-r2.f0.r2.d1.-f0.d2.-r2.-d2.f0.-d1.-d0
440,d1.-r1.-d0.f2.r0.f2.f2.r2.d2.r2.-d0.r1.-d2.-r2.-d1.-f2.-r1.d1.-f2.-d1.-f1.d1.-r1.f2.-r0.f0
441,-f2.r1.-d0.-r1.-d0.f2.f2.-f1.d2.r0.d0.r0.-d2.-f0.r0.f0.-r0.d2.r1.f0.-r1.-f0.d2.-d1.r0.-d2.-r0.d1.r0
442,f1.-f0.r0.-f0.r1.-d2.r1.f0.-f1.-r0.-d0.r2.-d1.r1.r0.f1.-r2.r0.-d2.-f2.-r0.d0.r0.-d0.r0.-f1.-r0.d0
443,f2.d1.-r1.-f1.-f0.-d1.-r1.r0.-f0.-d0.f2.r2.d2.-f2.-r2.-f2.r1.d0.-r1.-r0.-f0.-d2.-f0.d2.f0
444,f0.d2.r0.-d1.r0.-r1.-f1.d0.-d2.f2.r1.-d2.f0.-d0.f1.d0.-f0.d0.-r1.-d0.f0.d1.d0.r1.-f2.-r1
445,-f1.r0.-d1.f0.-d0.-r0.-f0.r0.-d0.r0.d2.r0.-f2.-r0.d0.f2.-r0.-r0.-d0.f1.f0.d2.f2.r0.-f2.-r0.-f0.-d0.-r0.d0.f0
446,-r2.-f0.-r1.-f0.-r0.-d0.r2.f2.-r0.f1.r0.f1.d2.r2.-d1.r0.-d2.r0.r0.d2.-f2.-d2.r0.d2.f2.-f0
447,-d1.-r1.-d0.r1.-f2.r2.f0.f0.r2.-f0.-d1.-f1.r0.-f2.d1.-r0.d2.-r0.-d1.-f0.d1.r0.f1.-d1.-f0.-d2.f0.d1.-f0.d2.f0
448,-d2.-f0.r2.r0.f0.r0.r0.r2.-f1.-r0.d2.f1.d2.d0.r2.-d2.-f2.d2.f2.r0.-d0.f2.d0.-f2.-r0.-d2
449,-r0.f1.-d2.f1.d1.-f2.r2.d0.f2.d2.r0.f2.d2.r1.-f2.r0.f2.-r1.r0.r0.-f1.-r0.f1.d2.d0.f0.r1.f0.-r1.-f0.-d0
450,-f1.-r1.d2.f2.-d1.f2.r0.f0.-r2.r1.-d0.-r0.f0.f0.d0.r0.f2.-d0.-r0.d0.-f2.-r1.-r0.-d0.r0.d0.r0.f0
451,f2.r2.-r0.d1.f1.r1.-d2.r2.r0.d2.f2.d0.r0.f2.f2.-r2.r1.-d2.r0.d2.r2.-f1.r0.f1.r1.-f1.-r0.f1.-f0
452,-r0.-f0.r0.f1.d2.-f2.d1.-r0.d0.d0.-r0.d2.f0.-d2.r1.d2.f2.-f1.-r1.f2.r2.-d1.-d0.r0.-d2.-f1.d2.-r0.-d2.f0
453,r1.-d2.r2.-d0.-f0.r0.d1.f1.-d2.-f1.d0.f1.f1.-f0.r2.d2.-f1.-d2.r1.f0.-d0.-f0.-r1.-f1.-r2.-f0.r2.f1.f0
454,-r2.d2.-f2.-r2.-f2.d1.-d0.f2.f0.d2.-f0.-r0.d1.-f0.-r0.-f0.-r2.d1.r2.d0.f0.-d2.-d0.r2.-d0.r1.-f0.-r1.d0.-r2
455,r2.-f0.r1.d2.f0.-r0.-f0.-f0.d0.r0.d2.r0.-f0.d0.f0.r2.d2.-d0.-r0.-r0.d2.-f0.-f0.-d2.d0.r2.r2.-f0.-f0.r2.r2.r2.-d1.f1.d1.-f1.-r2.r1.-f1.-r1.f1
456,-d2.f0.r0.f0.-d2.-r0.f2.-d0.r0.-d2.-f0.-f0.-r0.-f0.-d0.-d0.r2.r2.d0.f2.f2.-r0.-r0.d0.r2.r2.-f0.-f0.f2.f2.f0.-r1.d1.r1.-d1.-f0
457,d2.-d1.f2.-d2.r2.f1.-r0.-d0.-f2.d0.f0.-d2.-f2.r2.-d1.-r2.d1.-r0.d1.f1.-d1.r0.-f1
458,-f2.r0.d1.-f0.r0.-d0.-f0.d0.r2.-f0.r2.-d1.-f1.-d2.f0.-d1.r1.-f1.d1.-f0.d2.r2.-d0.-r2.d0.-r1.-d2.-d0
459,-f0.d0.-f0.d0.r0.f1.d2.f0.-r0.d2.d1.d1.r0.d2.-r1.-d2.r2.-r0.d0.r0.-f2.r2.-d0.-r2.d0.f2.-r0.-d0.r0
460,r0.d2.f2.-d2.r2.f2.f2.-r0.-f2.-d0.-f2.-d2.-d0.-d0.r0.-d0.-d0.-r0.-r0.-d0.r2.r2.d2.-f0.-f0.r2.r2.-d0.-f0.-f0.r2.r2.-r1.d1.-f1.-d1.f1.r1
461,-f1.d2.f1.-d1.r0.-d2.-f2.d0.r1.f1.f0.r2.f2.r2.-d0.-r2.-f2.-r2.-d2.d0.-f0.-d0.-f2.d0.f2.f0.-d2
462,d0.-r2.f2.-f0.d0.-r0.f0.r2.-r1.-f1.-r0.-f0.-d0.-f2.r2.d2.-r0.f1.f0.d0.f2.-d2.-d0.-r2.d0.f1
463,-d2.f2.f1.r1.r1.f0.-r2.-f0.-r0.f2.-d2.-f0.-r2.-d2.-d0.-r0.f2.f2.d2.-r0.-r0.d2.-f0.-f0.f2.f2.-d2.-r0.-r0.d2.d2.-r0.d1.f1.-d1.-f1.-r0.-d1.r1.d1.-r1
464,-f0.r2.-d2.-f1.d1.-f1.r1.r1.r0.r0.-d1.f1.-r0.d0.f2.d2.-f2.d2.-d0.d1.f0.-r2.-f0.r2.d1.-r2.d1.d1
465,d2.r2.-d2.r1.-f2.-f1.d1.f0.r2.-f1.-d2.-f0.r2.f0.-d0.-f2.-r1.-f1.r1.f2.-r2.-f1.r2.-f0.-r2.f1.-r1
466,r0.d0.r2.-f2.d1.r2.-r1.d2.d2.f2.-d1.-r2.-d0.r2.d2.-d0.-f1.d2.-f2.d1.d0.-r1.d0.-f1.-d0.-f2.d0.f1.-d0.f2
467,-d2.-r2.f1.f1.d1.d2.d0.-r2.-d0.-f2.d2.f0.d0.r2.-f0.-r2.-f0.-f0.-d0.-f0.-f0.-d0.-f0.-f0.-d0.-d0.-r0.-r0.d2.-f0.-f0.r0.-f1.d1.f1.-d1.-r0.f1.r1.-f1.-r1
468,d1.-f0.-d0.f0.-d1.d0.-r1.-d2.-r2.-d2.-r0.-f2.d2.r2.-f1.r0.f1.-r2.f2.-r0.-d2.r0.d2.-f2.-d2.r1
469,-d1.-f1.r0.d2.-f0.-r1.d1.f2.d2.r0.-f2.f0.r0.d0.f0.-r0.-f0.r0.f0.r0.d2.f0.-d2.r0.f1.-r0.f0
470,d2.-r1.d0.-f0.r2.f2.f2.-d0.-r2.-d2.r1.-d0.-r2.d0.r2.-d2.-r0.-d1.-r2.d1.-r1.f2.f0.r2
471,-d0.-r2.-f1.-r1.f2.-r2.d2.-f1.d2.-f1.-r2.d1.-r0.d2.d2.r2.r0.-d1.-r0.-d2.-f2.-d0.f0.d0.-f0
472,-f2.d1.r1.r1.d2.r0.-d0.-r2.d2.d0.r2.f1.f0.d0.-f1.-r0.-r2.-d2.-f2.-d0.f2.d2.r2.d0
473,-r0.-f2.f1.d1.d1.-f2.-r0.d0.f0.r2.-d0.-r2.d2.-f0.r2.d2.r2.r2.-f0.-f0.f2.f2.d2.r2.r2.-d2.-r0.-r0.-d2.-r0.-r0
474,-f2.-d2.-f2.r2.r2.d0.f0.r2.r2.f2.f2.-r2.d0.-f2.-d0.-f0.-f0.-d0.-r0.-r0.-f0.-f0.d2.-f0.-f0.f2.f2.-r0.-r0.-d2.-r0.d1.f1.-d1.-f1.r0.f1.r1.-f1.-r1
475,-d2.d0.-r1.-d2.-r2.f0.d2.-r2.f0.-r0.f0.d2.d1.-f1.d1.r1.d2.-r1.-d2.-r0.-d1.r0.-d0.r2.d0.f1.-d0.-r2.d0
476,r1.-d1.r0.f2.d1.-f1.f0.-r2.-f0.-r1.-f0.r1.-d2.-r0.-f0.r0.-f2.f0.-d2.r0.d2.r2.d2.-r0.-d2.-r2.-f2.d2.-r0.-f2.r0.-f2
477,-f1.-r1.f0.r0.d2.-d0.-f1.-d0.r1.d0.-r2.f2.f0.d0.-r2.-d0.f2.r0.-f2.r2.f2.f2.-r0.f2.-d2.f2.-d0.-f2.d2.f2.f0
478,f2.f2.d1.-f1.-r0.-d2.-f2.r2.-f0.r0.-d0.-r0.-f2.r0.-d1.-d0.r1.d0.-r1.-d2.-f1.r1.d0.-r1.-d0.f1.f1.-f0
479,f1.d0.r0.d2.-f2.-r2.d2.f0.-r1.-d2.-r1.-f0.d1.-f0.-d1.-f2.f0.-r1.-d1.-f2.-f0.-r1.-f0.-r1.f0
480,d2.-r2.-f2.r0.r0.-f1.-r2.-f2.d2.-f2.-r1.f2.-r1.r0.-d0.f2.f2.d0.-f2.r2.f0.-d2.-f0.d2.-r2.-f0
481,-f0.-d1.d0.-r0.d2.-r1.-r0.f2.d2.f2.-d0.r0.d0.-f2.-d0.f1.f1.d1.d0.f2.f2.d2.r1.r1.-d2
482,f1.-d1.-r2.-f1.f0.d1.f0.-d2.-d1.-r1.-f0.r0.d0.-r0.-d2.d1.-f2.r0.d2.r2.f2.d0.-f2.-d2.f2.-d0.-f2.r1
483,-d2.-f2.f0.-d2.f1.f1.d0.r2.-f2.d1.-r1.d2.-r1.r2.-r0.-f1.-r2.-f0.-d0.r0.r0.-f0.-r2.f0.r0.r0.-d2
484,f0.r1.-d1.-r1.d1.f2.f2.d0.-f2.-d0.-d0.-f2.r2.-d0.-r2.-f0.r2.r2.f0.-d0.f0.d0.f2.-f0.d0.f0
485,r0.d0.f2.-d2.f0.r2.d0.f0.-r2.-r0.-d0.f2.-f0.-r0.f0.-r2.d1.f1.-d2.f2.d2.f0.-d2.-r1.-d0.-f2.-f0
486,-d0.r2.d1.f2.-r2.-d0.-f0.f2.r0.-d2.f1.-d2.f1.-f0.-r1.-f0.r1.-f1.-f0.-d1.r1.d2.r0.d1.-r0.-f1
487,r2.-f2.-d1.r1.-d2.-r0.-f1.f0.d0.r1.-r0.f0.-r2.-r1.-d0.-r0.d0.f2.r0.-f0.-r0.f0.-d2.-f2.d2.-r0.d2
488,r2.d2.f0.f0.-r0.-d0.f2.-d2.d0.r1.d0.d0.r2.d2.-r0.-f0.r0.f1.f0.d0.-r2.d1.r2.f1.-d0.-f1.-r2.f1
489,f2.-f0.r0.-d0.-f1.-r1.f0.d2.-r0.-d1.-r2.-d1.r2.d1.-f0.-r1.-r0.-f1.-r0.-f2.d1.-r2.-d1.f2.f0.r0.f1.-r0.-f0
490,r2.f2.-d1.r2.d0.r0.f1.d0.-f0.r0.f2.-r1.-f0.r1.-f1.f0.-d0.-f2.d0.f1.r0.-f0.-d1.f0.-r0.f2
491,f0.f0.r2.-f2.-d0.-r0.d0.f0.-r1.f2.f1.f2.-r1.-f2.r2.r0.f2.-r0.-d0.f2.d2.f2.d0.-f2.-d2.r2.-r1
492,d0.-r1.d1.f2.-r2.-r0.-f2.r0.d0.r0.-f2.-r0.f2.r2.f0.f1.r2.d2.r2.d1.r2.d0.-r2.-f2.-r0.f2.-d1.-f2
493,f1.r1.-d2.-f0.-d1.d0.-r1.d0.-r1.d0.f2.-r1.d2.-r0.-d2.r0.f2.r0.-f2.-r0.d0.-f0.d0.f0.d0.d0.-f2
494,d1.r2.f2.-f0.-r0.-f1.f0.-d0.-f1.f0.-r0.d2.r2.f1.-d2.-f2.d2.-f1.-r2.d1.-f1.-d2.f1.-d0.-f1.r1.f1.-d1.d0.f1
495,f1.f1.-d2.r0.-d0.-f2.r1.-d0.f0.f0.-d1.-f0.-d2.-r1.d1.f2.f2.-r1.f2.r1.-r0.-f2.r0.d0.r1.-r0.-d2.-r0.d2.-r1.-d2.r0.d2
496,-f1.d0.r0.d0.f0.-r0.d1.f1.-r1.f0.d0.-r2.-d0.r1.d2.d2.r0.d0.r0.-d0.r1.d0.r1.f2.-r1.-r0.-f2.-d2.-r2.-d1.r2.d2
497,f1.d0.d0.f0.-d0.r0.d2.f0.r0.-d2.f0.r2.r0.-d2.-r0.d1.r0.-f1.-d0.-r0.d0.f1.-d0.r1.d0
498,-f2.-d2.-r0.-r0.d0.-f0.-f0.-r0.d2.d2.r0.-f0.-r0.r2.f2.f2.-d2.r2.r2.d2.-d0.-d0.-f0.-f0.d2.-r0.-r0.d2.r1.r1.f1.r1.-f1.r1
499,-f0.-r2.f1.r1.r1.d2.f2.-r2.f0.-f2.d0.-f2.-r0.-r0.-d2.f0.-d2.f2.f2.d2.-r0.-r0.-d2.r2.r2.d0.f2.f2.-d2.f1.-f2.r1.-f1.-r1.f2.-d1.-r1.d1.r1
500,f2.-r2.d0.-f2.d2.-r2.f1.r0.r0.f0.r2.-r1.-d2.r1.d0.d0.-r1.-d1.-r0.d2.r0.-d0.-r0.d1.d0.f0.-r0.f0
501,f0.d0.-f0.r0.d0.r1.-d1.f1.r0.f0.-r0.-f2.-d2.f1.-d1.r0.f2.-r0.-d1.r2.d1.-f2.d1.f2.r0.-f1.-r0
502,d1.-f0.r2.d2.-f0.-r1.-f0.-r1.-f2.r1.r0.f2.r0.d0.d1.-d2.-f0.d2.-d1.r0.-d2.r0.d2.-f0.-d0.r0.d0.f0
503,d0.-r1.-f0.-d2.-r0.d0.f0.d1.f1.r1.d2.f0.r1.d0.d0.-f0.-d0.f0.-d0.f2.f1.r1.f0.-d2.r0.-d1.-r1.r0.r0
504,-f0.-r0.f0.r2.-f0.-f0.-r2.-d0.f0.f2.f2.d2.f0.-f2.-r0.d2.-f0.-f0.r2.r2.-f0.-f0.-d2.-r0.-r0.d2.r2.r2.f2.f2.f1.d1.-r1.-d1.r1.-f1.r1.f1.-r1.-f1
505,-f2.r0.-d1.r0.f0.r0.-r2.-d0.r0.d1.-d0.f1.-r0.-f1.r0.f1.-d1.r0.-d2.f1.-d1.f2.d1.-f1.d2
506,f0.-r2.f1.f1.r1.d0.r0.-d2.-d0.f0.r0.-d0.-r2.f2.f2.-r0.-f0.-f0.-d2.r2.r2.-d2.-r0.-r0.-d0.f2.f2.d0.-r0.-r0.d0.r1.-d0.-d2.f1.d2.f0.-r1.f1.r1.-f1.-f0
507,-d2.f1.r0.d1.r0.-d0.f2.d2.-r2.-d1.r2.-f1.f0.d2.r1.-d2.-r1.d2.-r0.d0.r0.-d2.-f1.-r0.-f2.r0.f1.-r0.f2
508,d2.f0.r0.f0.-d0.-f2.d1.r1.-r0.f1.-d2.-r2.-d2.r2.f0.d0.-r2.-f0.r2.-d2.f2.d2.-f0.-d2.-f2.d2
509,-r0.-r0.d2.-d0.-d0.-r2.-f0.-f0.r0.f0.f2.d0.-r0.-r2.d2.f2.f2.r2.r2.-d2.-d0.r2.r2.d2.r2.r2.f2.f2.d2.-f0.-d1.-r1.d1.r1.f0.r1.f1.-r1.-f1
510,r0.r0.f2.r2.-f2.f1.d2.f1.-d1.-d0.r2.d1.r1.-f2.d0.f1.-d0.f2.-f1.-d1.f1.f0.-r1.f1.-r0.-f1.r1.-f2
511,-r2.-d1.-r1.d0.-f1.-r1.-d1.d0.-f0.-d2.r0.-d2.r0.d0.-r0.-d0.r2.-d0.-f0.d0.d0.-f2.r2.f2.-d0.-r2.d2.d0.r2
512,f1.d2.r2.-r1.-d2.-f2.-d0.-f0.-f1.-r2.-d2.r2.-f2.f0.-r2.-f2.-f0.-d2.-d0.r2.f2.-d2.-r2.-r0.f2.r0.-f2.d0
513,r2.-d0.-r1.r0.-f2.-d2.d1.-f0.f2.d2.r0.-f1.d0.-f2.d2.r1.f2.-d1.-f1.-r1.-d1.r1.f1.f2.-r1.f0.r1.-f2.f1
514,f2.-r0.-r0.-r2.f0.d2.r2.d2.r0.r2.r2.d0.r0.-f0.-d0.r2.r2.f2.f2.-d0.-r0.-r0.-d2.f2.f2.r2.r2.-d0.-f0.-d1.f1.d1.-f1.f0.f1.r1.d1.-r1.-f1.-d1
515,d0.r2.-d0.r2.f2.-d2.-f0.-f0.d2.-f0.r0.f2.-r0.-f2.d2.d2.f2.f2.d2.r2.r2.f2.f2.r2.r2.f2.f2.-d0.r2.r2.-f1.r1.f1.-r1.-d0
516,-d0.f2.f2.d2.-f0.-d2.d0.r2.d2.r0.f0.r2.f2.-r0.-r0.d2.d2.f2.f2.d2.f2.f2.-d0.-r0.-r0.-d2.-r0.-r0.-r2.f1.-d1.-f1.d1.r2.f1.-r1.-f1.r1
517,-d1.-r0.d2.r2.-f1.d0.-r2.r1.-f2.d2.d2.f2.-d2.-f2.-d0.f2.-d2.d0.r0.d2.r0.-d2.r1.d2.-r0.f2.-d2.-f1.d2.-f2.-d2
518,f0.-r0.-d0.-d0.f0.d2.-r2.f0.r0.-f0.-f0.-r0.-r0.-d0.-f0.d0.f2.f2.-r0.-r0.r2.r2.-d0.-f0.-f0.r2.r2.-d2.r2.r2.-r1.r0.f1.r1.-f1.-r0.-r1.f1.r1.-f1
519,f2.r0.-d0.-r2.d2.f2.d1.-d2.f2.f0.-r2.-d2.r2.r2.d0.d0.r2.-d0.f2.d1.-r0.-f1.r0.f1.r0.-d1.r0.f2.-r0
520,-d0.-r1.d1.-r2.r1.r1.f0.f0.r1.-d0.-f0.-d0.-f2.f0.-d0.r2.-d0.r0.d0.-f0.r2.-d0.f0.-r0.-f0.r2
521,d2.-r2.-f1.r0.-d0.-f1.r2.-d0.-r1.d2.-r0.f0.d0.f0.d2.-f0.r1.r0.r0.-d2.f0.d2.-f0.-f0.r2.-f0.-r2.f0.f0.r0.r0
522,-d2.f1.f1.d1.-f0.-f0.d2.d2.-f2.d2.-d0.-d0.-r2.f2.f2.d0.-f0.-f0.r2.f2.-d2.f2.f2.-d2.-d0.-r0.-r0.-f0.-f0.-d0.-r2.-d1.r1.d1.r2.-r1.-f1.-r1.f1.r1
523,-r2.-d0.f1.d2.f1.-d0.r2.-r0.-d1.r2.d2.-d0.r2.-f0.d2.r2.d2.-r2.-f2.-d1.d0.-f1.d1.d0.-r1.-d0.r1.d2.-r1
524,d2.d2.f2.-r0.-f2.-r0.-d2.-r1.-d2.f1.-f0.-d0.-f0.-r0.-f0.-f0.r2.f0.r0.d0.-f0.-d0.f1.-d0.-f1.d0.r2.-d0
525,-d0.f0.f1.d2.-d0.-d0.f2.r0.f2.r0.-d2.f0.-f2.-d0.-r0.-r2.f2.f2.d2.-r0.-r0.-d0.-r0.-r0.d2.r2.r2.-d2.d0.r2.r2.-f1.-d1.f1.r1.d1.f1.-r1.-f1
526,r1.r1.f1.d2.f2.d1.-f0.-r1.d0.r0.f0.-d2.-d0.f2.-d0.r2.d0.d0.r0.-d2.-r0.d0.r0.d2.-r2.-r0.d2.-r2.d1.r2.-d2.-r2.-d1.r2
527,-f1.r1.f2.-d1.-f0.-r2.f1.d2.-f2.-r0.f0.-r2.d1.r2.-f0.r2.-d0.f2.-d0.-r0.-d0.-d0.r0.-f2.d0.-r2.d0
528,r1.-f0.-r2.f2.-f1.r1.d0.-f2.d0.-f0.-d2.r1.f0.-d1.r2.-f2.-r2.d1.r2.f2.f1.-d1.-r2.-r0.f1.r0.-d2.-f1.d1.f1.d2.-f1
529,f2.-r2.d2.d2.r2.r2.-f1.-d2.f0.-d2.f0.r2.-d0.r0.f2.r0.-f1.r2.f0.r1.f1.-r2.-r1.d1.-r0.-d2.f1.d2.-f1
530,-d1.f2.-d2.-d1.f1.r2.r1.f1.-f0.r0.-f1.-r0.d0.-f0.d2.-d0.-r2.d2.r2.r0.-d2.f0.-d0.-f0.d2.d2.f0.d0.-f0.-d2
531,d1.-r2.d2.r0.-f0.-r1.-f1.-r1.-f2.f1.-r0.d0.f2.-d0.-r0.d0.f0.-r0.-f2.d0.-r2.-f2.-d0.f2.r2.r0.f2
532,f1.-r0.-d0.f1.-r1.f2.d1.-f0.d1.d0.f0.d0.f0.r0.-f2.-f0.-d0.f0.d2.-r0.d2.r0.-d2.-f2.-d1.f2.-d2.-f2.d1.-f1
533,r1.-d2.d0.-r1.r0.-f2.-r0.f0.-d1.d0.f2.-d0.-f0.r2.-d0.r0.r0.-d0.r1.d0.-r0
534,r2.f0.-d2.-r0.-d1.-r0.d2.f1.r1.f0.-r1.f1.f1.-r0.d2.f0.-d1.-d1.-f0.-d0.-f2.d0.-f1.-r1
535,d2.-r2.d2.-f0.d1.f2.-f0.-d0.r2.r2.r0.f0.-d2.-f2.d2.f1.d2.f0.d2.-r1.-f0.d2.f0.-d2.r1.d2.-f0.d2.d0
536,d0.-r0.-d0.r1.-f0.d0.r2.f1.d2.f0.-r2.-d2.r1.d0.-f0.-d0.-f1.-d1.f1.f1.-d2.-r2.d2.d0.f2.-d0
537,-d2.-r0.-f1.d0.-f0.d2.d2.f2.d0.r0.-f0.-r2.d2.d2.f0.-d2.-r0.-r0.-d0.r2.r2.-f0.-f0.r2.r2.d2.d0.r2.r2.-f0.-f0.d1.r1.-f1.-d1.f1.f1.-r1.-f1
538,f0.f1.d1.d1.f0.-r0.-r0.f2.f2.r2.d0.r2.r2.-f0.-f0.-r0.-f0.-d0.-r2.f2.f2.d0.-f0.-f0.-d2.r2.r2.d0.r2.r2.-r0.d1.f1.-d1.-f1.r0.-r1.-f1.r1.f1
539,-d0.r0.-f0.-r2.d0.r2.-r1.r0.-f2.-r2.d2.r2.d2.-f0.-d0.f1.-r2.-f1.r1.-f0.-r1.f0.r2.-r1.-f1.d1.f1.-r2.-f1.-d1.f1
540,-d2.r2.f2.f2.-d0.-d0.f0.-r2.f2.f2.-r2.-f2.-r0.f0.d2.d0.-r0.-r0.-d2.-r0.-r0.-f0.-f0.d0.f2.f2.r2.r2.-f1.f2.-r1.f1.r1.-f2.d0.-f1.r1.f1.-r1.-d0
541,-d0.-f1.-d1.-r1.-f1.d1.-f2.-r0.-f2.f0.-d0.-f2.-f0.r0.-f2.-r0.-f2.f0.d0.-r1.-d0.r1.-d2.-r1.d0.-r2.r0
542,-d0.-r1.-d0.f2.-r1.d0.-d2.-f0.-d2.-r2.-d2.f0.d2.-f0.r2.d2.d1.-d0.-f2.-r2.f2.f2.r2.-d0.-f0.d1.f0.d0.-f0.-d1.f2.f0
543,-d0.f2.r0.-f0.-r1.-d2.f2.-r2.-f0.-f1.-r1.-r1.d0.-r0.d1.d2.-f2.d0.r1.f0.-r1.d2.f0.r0.-f1.-r0.-f0
544,-d0.-r2.-d2.-f2.r2.f0.-d1.r1.-r0.f1.-d1.-r1.-r1.-f0.d2.-f2.-r1.f2.-r2.-d0.-f1.r1.r0.d1.r2.f1.r2.-f1.-r2.-f1
545,-f0.-f2.r1.d2.r2.d0.r2.-d0.f0.-f2.d0.f2.d2.f2.r0.-f0.-f0.r2.r2.d0.-r0.-r0.-d2.r2.r2.-f0.-f0.d2.-d0.-f0.-r1.d1.r1.-d1.f0.f1.-d1.-f1.d1
546,-d0.f2.r2.-r1.-f1.d2.-f2.-r1.-d1.r2.-f0.-f2.r0.d0.-r0.f2.d1.-f2.-f0.-d2.-f0.r1.d0.f0.-d0.-f1.d0.-f0.-d0.f1
547,-f1.d0.f2.-f0.r0.-d2.-r1.-f2.-f0.r2.-r0.d1.r1.-r0.d2.r0.r0.-d2.-r0.d0.-r2.f2.r2.-f2.-d0.f2.r2
548,-f1.d0.-f0.r0.r0.-d2.r2.f1.-d2.r0.-d1.r1.-d2.r2.-d1.-f1.-r1.d1.-r2.-d1.f2.d1.-f2.-r0
549,-d0.d2.-f0.-f0.r2.r2.-d2.-f0.r0.f2.f2.r2.d2.r0.-f0.-d0.-d0.r2.r2.d0.-r0.-r0.d0.r2.r2.-d0.-r0.-r0.f2.f2.-r1.-d0.-d2.-f1.d2.r1.f1.-r1.-f1
550,d2.f0.r1.f2.-r2.-d0.-r0.-d2.-f2.r2.-d2.d0.f0.-d1.-r0.-d0.-r1.r0.f2.r1.-f2.-d0.-r2.d0.f2.-r0.-f2.d2
551,-f2.-r0.f2.d0.f0.r2.f0.-d2.r0.f0.r2.-f0.-f0.d2.d2.-f0.-f0.f2.f2.d0.-r0.-r0.-d0.-r0.-r0.-d0.-d0.r2.r2.f1.-f2.r1.-f1.-r1.f2
552,-r2.f1.d2.d2.f0.-r0.-f0.d0.-r2.f2.-d2.-d0.-d0.-f2.-d0.-d0.f0.d2.-r0.-r0.f2.f2.-d0.-r0.-r0.-f0.-f0.-d2.f2.f2.-r1.r0.-f1.r1.f1.-r0.d1.f1.-d1.-f1
553,f0.r1.-f0.-r2.d1.-r2.r0.f0.-r0.-r2.-d2.-r2.-f2.r2.d2.-f1.-r2.-d2.-r2.f1.d1.r1.-d1.-f1.r2.-r1.-r0
554,d1.-r2.d2.-f2.d0.f1.f1.-d2.-f1.-r0.f1.r0.f2.-d1.-f1.d1.-f2.d0.-f2.f1.f0.-r0
555,-r2.-d2.d1.d1.-r1.-d1.-r1.-d2.d1.f0.-d1.r0.-f2.-d1.r2.-d0.f1.d0.r0.-f1.-r2
556,-f0.d1.r2.d0.-r1.-f0.-r0.-d1.-f2.f1.r0.r0.-f2.-d0.f2.f0.r2.-d1.-r2.-d1.-f1.d1.r2.-d1.-r2.f1
557,-d2.-f2.f0.-d0.-f2.-d0.-d1.-f1.-d0.-r2.f2.-d0.-r2.r0.f1.-d1.-r0.-d1.r0.d1.f1.-r2.f0.-d1.-f0.-r0.f0.d1.-f0
558,r2.-f0.d1.-f0.f2.f2.-d0.-f0.-r0.f2.-d0.-d0.-r0.-d0.r2.-d2.-r0.-r0.-d0.-f0.-f0.-r0.-r0.-d0.-r0.-r0.d2.d2.-r2.-d1.r1.d1.r2.d1.f1.-d1.-r1.-f1
559,f0.r2.f0.d1.r2.d1.r2.r2.r1.-f0.r0.r0.d0.f2.f0.-r0.d2.r2.-f0.r1.-d0.f2.f2.-d1.f1.d1.-f2
560,f0.r0.-r1.-d0.-d0.-r0.f2.-r0.f2.-d2.-f0.r2.r2.-d0.-f2.r0.-d2.f2.f2.-d0.f2.f2.-r0.-r0.-d0.f2.f2.d0.d1.f1.r1.-f1.-d1.-r1.-f0.r1.f1.-r1.-f1.f0
561,d0.f2.-r2.d2.f1.-r1.d1.-f0.r1.-d2.r2.d2.-f2.d1.d0.-r2.d1.r2.-d1.-r2.-r0.d2.d2.-f1.d2.d2.-r0
562,f0.d2.-d0.f2.-d1.-r0.d0.-f2.d2.-d0.-r0.d2.-f1.d1.-f2.d0.f1.f0.-d2.-r1.-f1.f0.r1.-d0.-f0.-r1.f1.r1.f0.-d1
563,-r2.f2.r2.d2.-d0.r2.f2.d0.f0.r2.-f0.r2.-f0.-d2.-r0.-r0.d0.-r0.-r0.d0.r2.r2.f2.f2.d2.f2.f2.r0.-f1.-d1.f1.d1.-r0.-r0.-f1.d1.f1.-d1.r0
564,-r1.-d1.-r1.-d2.r2.d0.r1.r0.-d1.-r0.f1.-r0.-f1.-f0.d0.f0.d2.-d0.r2.d0.f0.-d0.-r2.f0.r0.-d0.-r0.-d0
565,-f2.d0.r2.-r1.f2.d0.f1.d1.r0.-d1.f2.f0.d2.f0.-r2.d0.-r2.-d0.f2.f0.r0.f0.-r0
566,r2.d0.f2.-r2.f1.-r2.r0.-d2.r2.f1.-d1.f0.f0.r1.-d2.r1.d2.-f0.-d1.-r0.f1.r0.d1.d0.-f0.r1
567,-r0.f0.-r0.-r0.-f0.-f0.-f2.-d0.-r0.-f2.-d0.-d0.r0.f2.f2.r0.f2.f2.r2.r2.f2.f2.-d2.-d0.-d0.-f0.-f0.r0.-r1.-d1.r1.d1.-r0.f0.f1.d1.-f1.-d1.-f0
568,d1.-f0.d0.f2.-r0.r2.r2.d1.f0.-r2.d1.d2.d1.r2.-f2.-d2.-r2.f2.-r1.f2.r1.-f2.-d1.f2
569,r2.f0.-d2.-r2.-d0.f0.r0.r0.f2.-r1.-f1.-f0.-d2.-f2.d0.f2.d2.-r2.f2.r2.-d2.r2.d2.-r2.-d0.f2.-f1
570,f1.-d2.-f0.d0.d0.-f2.r0.f1.f2.-r2.d2.r2.d0.-f2.-r2.-d0.f2.-d0.f2.d0.r0.f1.-r0.f2.f1.-r2.f2.r2.-f1.-r2.-f2.r2
571,-d1.-r1.-d2.-f0.-d0.-f2.f0.-r0.-f0.r2.f0.r1.f0.d2.f2.d1.-r0.d0.-f1.-d0.f1.-r1.-d0.-f2.-r1.f2.d0.-f2.r1.f2.-d1
572,f2.f1.r2.-d1.r2.-d1.f2.-f0.-r2.-d1.-r1.r0.f2.r2.-d2.-f1.-d2.-r0.d2.d2.r0.f2.f0.r0.f0.-r0.f1.r0.-f0.-r0
573,-f2.-f0.-r1.-d2.f0.f0.r2.d0.f2.-r2.-f2.d0.d0.d1.-r1.-d1.-d1.f2.-r1.d0.-f0.r1.r1.f0.-d0.-f0.r1.f0.-r1
574,-r0.d2.r0.r2.r2.-f0.-r0.-d0.f2.r2.-f2.-d0.-d0.f0.d0.-r0.-r0.f2.f2.d0.r2.r2.d2.f2.f2.r2.r2.-d2.-f0.-f0.f2.-r1.-f1.r1.-f2.f1.f1.d1.-f1.-d1
575,f1.f1.d1.r2.f2.-f0.r1.d2.r2.-d0.r0.-f2.-f0.d0.r2.d0.-r2.-d0.-r2.-d0.f0.r0.d0.d0.-r0.-f0.d0.-r2.f0
576,-d2.-r0.-r0.f0.-d0.-r0.-r0.f2.d0.r0.r2.-d2.f0.-d2.-d0.-f0.-f0.r2.r2.-d2.d0.-f0.-f0.-d0.-f0.-f0.-d1.r1.d1.-r1
577,-d2.r2.r2.-f2.-r2.d2.-r2.r1.-f2.-d0.-d1.-f1.d1.-f0.f2.-r2.-f0.d0.-r1.-f1.-d2.f1.-d0.-f1.d2.-f1.r1.d1.-r1.f1.r1.-d1.-r1
578,-f2.-d0.f1.f1.-r1.-r0.-r0.-d0.-d0.f0.-r0.f0.r2.f2.f2.r0.-f0.-d2.d0.r2.r2.-d2.f2.f2.d0.-f0.-f0.f2.f2.-d2.r2.-f1.d1.f1.-d1.r2.f1.r1.-f1.-r1
579,-f2.-r1.-f0.d2.r0.f1.-r2.f2.-d2.f0.r2.f0.r1.r0.f2.-r0.r2.d0.-r2.-f0.r2.f0.-r1.-f0.-r2.-d0.-r0
580,r1.f2.-f0.r0.d2.-f2.d0.d0.-f2.r2.d2.r0.d1.f2.-r1.d0.r0.-f2.-r0.d2.f2.-d0.-f2.d1.f2.-d1
581,r0.d2.d2.f1.r2.-f0.-r2.-f0.-r0.f1.-d1.-f2.-f1.f0.r0.-f2.-f0.-r2.f1.-d2.-r1.-d0.r0.r1.-f1.r2.-f2.-r0.-f1.-r1.f1.r0.-f1.r1.f1
582,d0.f2.-r2.-f0.r0.-d1.-f2.-r0.-f0.r1.-f2.-r2.f0.-r1.d1.f1.-d1.r1.d0.-f0.-r1.-f0.-f0.-d0.r1.d0.f0.-d0.r2.-f0
583,-f2.-d0.r2.r2.f2.d2.r2.-f0.-r0.d0.-f0.d2.r0.-f0.-f0.r2.r2.-d0.-r0.-r0.r2.r2.f2.f2.d2.-f0.-f0.f2.f2.r0.-d1.-f1.d1.f1.-r0.-r1.f1.r1.-f1
584,-d0.f1.r1.r1.-d0.-f0.-f2.d0.-f2.d2.-d0.-r0.d2.-d0.r0.-d2.-r0.d0.-r2.-d1.-f2.d1.f2.-r1.f2.r1.-f2.d1.r1.r0
585,-d0.-r1.-d0.f1.-d0.-f2.r1.-d0.f2.-d0.-f0.r1.-d0.-r1.-r0.-d2.-r0.f2.d2.f1.-d2.-f1.-d2.-f2.d2.d2.f0.r0.-f0.-d2.f0
586,-f0.-d2.d1.r1.-f2.d2.r1.r1.f0.d2.-f2.-d1.-r1.-f2.r1.-f1.r2.-f1.-d0.f1.d2.d0.-r2.-d0.f0.d0.-r2.-d2.r0.-f0
587,-f0.d2.-r2.f1.-r0.d1.-f2.-r1.-f1.d2.-r2.r0.-f2.-r0.-d0.-r2.-f0.-r2.f0.r2.-d2.r2.f2.f0.-d0.f0.d0.f0.f0
588,d2.f0.r2.-r1.d1.f2.r1.-r0.d1.r0.-d2.-r0.f2.-d2.-r2.-d1.r2.f1.-r0.-d0.r0.-f1.-r2.d1.-r2.-d1.-f2.d1.f2.r2
589,d2.-r1.r0.-d2.-r0.d1.f2.r2.-f2.d0.d0.-f2.-d2.f0.-d2.-r2.d1.d0.-f0.d2.f2.-r2.-r1.-d2.-r0.-d1.r0.d1.-f1.-d1.-f0.-r0.f0.d1.-f0.r0.f0
590,-f2.f1.-r1.-d1.f0.d2.f0.r2.-d2.d0.-r0.d1.-r2.f2.r0.d0.-r0.-d0.f0.d1.-r1.-d1.-f2.d1.r1.-f1.-r1.-f0.r1.f1
591,f2.-r2.d2.f1.r1.-f2.-r1.d1.-f1.f0.-d0.r1.-f1.-f1.-d2.d0.d1.d0.f2.r2.-f2.-r2.d0.f0.f0.-r2.-f2.r2.f0
592,-d2.f1.f1.d1.d2.-r2.-f2.r2.d0.r0.f2.f2.r0.-d0.-d0.f0.r2.-f0.-f0.-r0.-r0.d0.f2.f2.-d0.f2.f2.r2.r2.d0.f1.-f2.r1.-f1.-r1.f2.-d1.-r1.d1.r1
593,d2.-f2.r2.-d0.r2.-d1.-r1.-f1.d0.-f2.-d2.r0.-f0.-d1.r2.d1.-f0.d0.-f2.r2.r1.-d1.-r1.f2.-d0.-f1.f0.-d0.f1.d0.f1
594,-r0.-f2.-r0.d2.r0.-f2.-d1.f1.-r1.-d1.f2.f2.-d2.-r1.d2.r2.-d2.-r1.d2.d2.-r1.r0.-f2.-r0.f2.r1
595,f2.-d0.r1.f0.r0.d1.r1.-d0.-f1.-f1.-d2.f1.f0.d1.d0.-f0.-r0.f0.r0.f0.d0.f0.f0.r1.d0.-r1.-d0.f0.f0
596,d1.f0.r2.-r1.-f0.d1.-f0.-r2.-f0.-r1.r0.-d2.-r2.-d2.f2.d2.-r0.f2.r0.r0.f1.f0.r2.-f1.-r2.d2.-r1.-r0
597,-f0.r0.d2.r2.-f2.-r0.-r0.f0.-d2.f0.-d2.-f2.-r0.-r2.f2.f2.r2.r2.d0.-r0.-r0.-d0.-d0.-f0.-f0.d2.f2.f2.-d2.f2.f2.r1.-r2.-f1.-r1.f1.r2
598,r0.d2.-f2.-r2.-d0.-r2.-f0.r0.d2.f0.-r0.-r0.f0.-d2.-r0.-r0.f2.f2.r2.r2.d2.f2.f2.d2.d2.-f0.-f0.d0.f2.f2.f1.-f2.-d1.-f1.d1.f2.-f1.-d1.f1.d1
599,-f2.-r2.f2.r2.-f2.-r2.f0.r1.r1.d2.f2.-f1.d1.d1.r0.d1.f1.-r1.-f1.d0.-f0.-d0.f1.r1.-r0
600,-d0.-r2.-d1.r1.-f2.-r2.-d2.d0.-f1.-r0.f1.-r1.-r0.d1.r0.-f0.-d1.r1.r1.-f1.d0.f1.-d0.r1
601,d1.r2.f0.r2.-d0.-f2.-d2.r1.-d2.-f1.f2.d0.-f2.-f1.d0.d0.-f1.r2.-f1.f0.-d1.-f2.-d2.-r1.-d0.r2.d0.r1.d2.d1.-f1
602,r2.f2.-r0.f1.d0.r0.f2.d2.-f0.d0.-d2.r0.-d2.-r0.-d2.f2.d2.-d0.-r0.-f0.r0.-d0.f0.-d2.f2.r0
603,-r1.-f1.d2.f2.-r2.-f0.-r0.-f1.-d1.d0.-f0.-r0.-f0.-r2.-d2.-r1.-f2.f1.d2.-f1.-f0.r0.f0.r0.d2.f0.-d2.-f2.d2.-f0.-d2.f2.f0
604,-r2.-f0.-r2.r0.d0.-r0.-f1.d2.f2.d2.-f2.-d2.f0.d1.-f0.r1.d0.-d1.f2.d1.r2.d0.-f2.r0
605,-r2.d1.-r0.-d0.-r2.-f0.r2.d1.f1.-r0.-f0.d0.f0.-r2.r0.d0.-f2.-d0.-r0.d2.r2.-f0.-r0.d2.-f1.-d2.f1
606,-f0.r0.-d0.-f2.-d2.-r2.d1.-f2.r0.f2.r2.-f2.-f1.-d2.d0.d1.f0.-f1.-r2.-f2.-d1.r2.f2.f2.d2.-f0.-d2.-f2.f1.f0
607,-f2.f0.r2.-r1.f0.-d2.-d0.f2.-r0.f2.-r1.-d0.-f1.-r0.d2.r2.f1.-r2.-f1.f0.-r2.-f0.r0.f0.r2.f1.f0
608,d0.f0.r0.d2.-r1.f1.f1.-r0.-r1.d1.r2.-d1.-f2.-r2.f0.r2.-f0.-r2.-r0.-d2.-r0.f2.-d2.r2.d2.-f2
609,-d0.-r2.f1.f1.r1.-f0.-d2.f0.-d0.-d0.f0.f2.r2.-d0.r2.-d0.r0.-d2.r2.r2.f2.f2.-d2.r2.r2.f2.f2.d0.-f0.-f0.f2.f2.-d2.d1.r1.-f1.-d1.f1.f1.-r1.-f1
610,-f0.d1.-f1.d2.-d0.-f0.d2.-d1.-f2.d1.f2.f2.-f1.-r0.-d1.-f2.-r0.d0.r0.-f2.d1.-f0.-d0.-r2.-d2.r2.d2.d0.f2.f0
611,-r1.-d1.-r1.-d0.-r0.-f2.r2.-f2.-r0.d0.r1.r2.-d1.f2.r0.-d2.r0.-f2.-r2.-f2.r2.-f1.r0.f1.-r2.-r0.f0
612,r0.-f0.d1.f0.-r0.d0.r0.r0.d2.r0.-f0.-r0.d2.-r1.-d1.-d0.f0.f0.r2.f0.-r2.f0.-d2.d0
613,f2.r0.d2.-f0.d0.f2.r0.-r2.d0.r2.d2.d2.-f0.r0.d2.f2.f2.d2.f2.f2.d2.-f0.-f0.-d0.-r0.-r0.-d0.-r0.-r0.f1.-f2.-r1.-f1.r1.f2.-r1.f1.r1.-f1
614,-d1.r0.-f1.-r1.f2.r2.-d2.-r1.d1.-f2.d1.-d0.r1.r0.-d0.-f0.d2.f2.d2.-f2.r0.r1.-d2.r1.-f0.-r1.f0.f0
615,r0.-f0.-r2.f1.r0.-d2.-f1.-f0.-r2.r0.-f1.d1.d0.r2.-f0.-r2.f0.d2.-d1.r1.-d2.-f1.-r1.d1.r1.d2.r1.r1.-d1
616,f0.r0.d2.r0.f0.-d2.r2.f2.r0.d2.f0.d1.r0.r1.d2.r1.-f0.d1.-f1.r0.d1.f2.-r1.-f2.d1.-r1.f1.r1.-d1.-f0
617,r0.-f2.r1.-d2.f0.-r2.-d0.-f2.r0.f2.d2.-r2.-d2.-f2.-r0.-r0.r2.r2.-d2.-f0.-f0.r2.r2.-d0.-r0.-r0.-d2.-f0.f1.r1.-f1.-r1.-f0.-d1.-r1.d1.r1
618,-d1.r2.f0.r2.d2.d2.f1.f1.r2.r2.d1.-r0.-d1.-r2.d0.r2.d0.d1.-f2.r0.d2.r2.-d0.-r2.-d2.-r0.d0.r0.-d2.-r0.-d0.r0
619,-d0.-f2.-d1.r0.r0.-f0.-r2.d1.r0.r2.d0.f1.r0.-d0.-r2.r1.f1.-d1.f0.d1.-r2.-f1.-f0.r1.-f0.-r1.f0
620,-f2.r2.-d2.-d0.-f0.-r2.r1.-d0.f0.d0.r1.f2.-r2.-f2.-d1.r0.d0.r1.d2.f2.-r0.-f2.-d2.-r0.-f1.r0.-f2.-r0.f1.r0
621,-r2.f0.-r1.-f1.r2.-f1.r0.r0.f1.-r0.f2.r0.f0.-r0.-f0.r0.f0.-r0.-r0.-f2.-d0.-r2.d0.r2.-r0.f2.f0
622,d2.-r1.-f1.r0.-d2.-r0.d1.-d0.r1.-d0.-r0.-r0.d1.-d0.f2.-d1.d0.r0.d1.-r0.-d0.f2.d2.r0.-d2.-f2.-r0.d0
623,-d0.-f0.f1.f1.d1.-r0.-f2.-d2.r2.-d0.-f2.-r0.-f2.r2.-f0.r2.d2.d2.d0.r2.r2.d2.f2.f2.-r0.-r0.-f0.-f0.d0.d0.-r1.-f1.r1.f1.-d0.d1.f1.-d1.-f1
624,-f1.r2.d0.f2.-f0.-d1.-f2.r0.d1.-f1.-f2.-d1.-d2.r2.r2.-d2.-r0.-d1.r0.d2.-r2.d2.d2.r2.-f2.-r2.-d2.r0
625,-d1.f2.-d0.r2.-r1.-f1.-d2.-r2.d1.-f2.f1.-d0.-f1.r2.d0.-f2.r1.r0.-d2.r2.-d1.r2.-f1.-r2.f1.-r2.-d0
626,-r0.-d2.-r2.-f1.-r2.r1.-d2.-r2.f1.f1.d1.f2.-d1.f0.-d2.f0.d2.r0.-f0.-r2.-f1.r2.-f2.f0
627,d0.f1.f1.d1.-r0.-d0.-d0.-f0.d2.d0.-f0.-f0.r0.-d2.-d0.f0.-d0.-f0.-f0.d2.-f0.-f0.-d2.r2.r2.d2.-f0.-f0.r2.r2.d0.-f0.r1.d1.-r1.-d1.f0.-f1.-d1.f1.d1
628,d2.-f2.-d1.-r0.d2.-r2.-r1.d0.-f2.-f1.-r0.d2.r0.r0.-d2.r0.d2.f0.f1.-r2.-d1.r2.-f1.-r1.r0.-d1.r1.-r0
629,r0.-d0.r2.r2.f0.r1.-d0.f1.-r2.-d0.f2.r0.f2.f2.-r1.f2.r2.d1.-f2.-r1.f2.-r1.-d1.-r2.r1.r0.f0
630,-r2.-f2.d2.f2.-r2.f0.f0.d2.-f2.d1.-d2.-r1.f0.-r1.d2.d0.f0.-r2.d0.-f2.r2.f2.f0.r2.f1.r2.-f1.-r2
631,-f2.d0.r2.d1.f0.d0.f0.-d2.r1.-f1.r1.r1.-f2.r2.-f0.r0.-f1.r2.-d2.-f0.d2.f0.-r2.-f0.-d0.-f0.d0.f0.f0
632,-d2.f0.-r0.-d2.r1.d1.f1.-d1.-f0.-f0.d1.-f2.d2.r2.r0.-d0.f0.r0.d0.r0.-f2.r0.r0.-f0.r0.f2.-r0.f0
633,f1.-d2.r1.-d2.f0.-d1.-r0.f1.r2.d1.d1.-r2.f0.r2.d0.r0.d0.r0.f2.f0.-r0.d2.r0.r0.-d2.f2.-d2.-f2.d2
634,f2.-d0.-r0.-d2.f2.-f1.d2.r0.-r1.f0.d0.f1.-r0.-d1.-r1.r0.-f1.r1.f2.r0.-f2.-r0
635,r1.-f1.r1.d0.-f0.-r2.f1.-d0.f2.-f1.d1.-r2.-d2.-f2.-d1.f2.d2.-f2.-d0.-r1.d2.-r0.-d2.r1.r0.-d2.-r0
636,-r2.-d1.-r2.-d1.-r2.-d2.-f2.r2.-d2.-r1.f0.-d2.-r0.f0.d0.f1.r0.-d1.-r0.d1.d1.-r0.-d0.r0.-d1.-r0.d0.r0
637,-d2.-f1.-r0.-f0.r1.-f0.-r0.d1.-d0.-r0.-f1.d1.-r1.f0.d1.-f0.r2.-d1.-f1.r1.d1.-r2.-r0
638,-r1.-r0.d2.f0.-r2.d1.-f2.f1.-r1.d2.r2.-f1.-d2.-r1.f2.d2.-f0.-r0.-f1.r0.f0.-r2.d2.f1.-r2.-f1.r2.-f1.-d2.-f0
639,f2.-d1.f1.-d2.r1.-f0.-r0.-f0.d1.f2.f0.d2.-r0.f2.-d2.d0.r2.d2.-r2.d1.-r1.-d1.-d0.r2.-f2.d1.f2.-d2.-f2.-d1.f2
640,-r0.-f1.r2.-r1.-f2.-d0.r2.-d0.-r2.r1.-d0.r1.d0.d1.-f2.-r1.-f0.r1.f0.-d2.-r1.f2.d2.-f1
641,-d0.-f0.d2.d2.-r0.r2.-f0.-d2.f2.f2.-d0.-r0.d2.d2.-f2.-d2.f2.f2.d2.r2.r2.-d2.-r0.-r0.-d0.-d0.f2.f2.-d0.r2.-d1.r1.d1.r2.-r1.d1.r1.-d1.-r1
642,-f2.-r2.d2.d2.-f0.r1.d0.-f1.d2.f0.-d2.-r1.-d1.-r0.-f0.-r1.f0.-d2.-d1.d0.r2.f1.-d1.-f1.-r2.f1.d1.-f1
643,f2.r1.-f0.-r1.-f0.-d2.d1.f2.d0.f2.-r0.d1.f2.-d0.r0.-d1.-r0.-f2.d2.r1.-d1.d0.-f0.-d0.f0.d1.-f0
644,-f0.-r0.f0.-r0.-d0.-d0.r0.-f0.-f2.-d0.f2.-r2.-f0.-r0.-r0.-d0.r2.r2.d2.f2.f2.-d2.-d0.-r0.-r0.-d2.d0.r1.-f1.-r1.f1.-d0.f1.d1.-f1.-d1
645,f2.r2.-r1.-f1.-d1.r1.-r0.f0.-r1.r2.-f1.r2.-f2.d1.f2.d2.-r1.r0.d2.-r0.-r0.-d0.-f2.d0.r0.-d2.r1
646,d2.-f2.f1.d2.-f2.f1.-r2.d2.f2.-d1.-r0.-d0.r2.-f1.-f0.-d2.f0.-r2.-f0.d2.r2.f0.d0.-r2.-d2.-r1.r0.f0.r0.-f0.r1.f0.-r0.-f0
647,f2.f2.-r0.d2.f2.d2.-f1.-d0.f0.d2.-r0.-f0.-d1.r1.d0.-r1.f2.-f1.d1.f1.-d0.-f1.d2.-r1.-d2.-r1.d2.-d1.-f0.-d1.f0.-d2.-f0.d1.f0
648,-f0.r0.-f2.-f0.d0.-r1.-d1.r0.f0.r2.f0.f0.r0.-f2.r2.-r0.-f2.d0.-r2.-d0.f2.d0.-f1.r2
649,f0.d0.r2.f2.-r0.f2.f2.-d2.f0.d0.-f2.-r0.d2.-f0.-r0.-r0.-f0.-f0.-d2.-r0.-r0.-d0.r2.r2.f2.f2.d2.d2.d0.r0.r1.-d1.-r1.d1.-r0.-f1.r1.f1.-r1
650,-r0.d0.-f0.-r0.d2.-d1.r2.-d0.-r2.-f0.-r0.f1.d2.-f0.-d2.r2.d2.-f2.-r2.-f2.-d2.-r0.-d1.r2.r0.f2.-r0.d1.r0.f0
651,r0.f0.d0.f2.-d1.-r1.-d2.-f0.-r2.f0.f1.-r0.d0.d0.-r0.-f0.-d2.-d0.r0.d2.-f0.-r2.-d2.f0.-r0.d2.r2.-d0.-f0
652,-r0.-f0.-r1.-r0.f0.-r0.-r0.d0.-r2.-d0.r2.-f0.-f0.d2.d0.-f0.d2.d2.f2.f2.d2.d2.-r0.-r0.-d2.r2.r2.-f0.-f0.d2.f2.f2.-r0.f1.r1.-f1.r0.f1.-r1.-f1
653,r2.d1.-r1.f1.-d2.d1.-r0.-f1.-f0.-r0.r2.-d0.r0.r0.-f2.f0.r0.r0.-f0.-r1.f2.r2.r2.-f2.-r0.f2.r2.r2.-f2
654,r2.r2.d0.r0.-f0.d0.-r0.f2.-d0.f0.-d2.-r2.d0.-r1.-f2.-f1.-r2.-f0.d1.f0.-r0.-d1.-r2.d1.r0.-f0
655,d2.r1.f2.r0.d2.r0.-f2.-r2.-d1.f0.-r2.-f0.d0.f0.f0.d1.-d0.r0.-f2.-r0.f2.d0.d0.r0.-d0.-r0.-d0.-f2.d0.r0.f0
656,f0.-d0.f2.f2.r1.-f2.-r0.-f2.f1.r2.-f0.r2.f0.-r0.-f0.-r2.d2.-r2.f2.r2.f0.-r2.-d2.-r1.d2.r0.-d2.r1.d2.f1
657,d0.-r0.-f1.r2.-r0.f2.-f0.-r1.d2.-d0.r2.-d0.f2.f2.-d2.f2.d0.-f2.-f2.r0.f2.f2.-r0.-d0.f2.d2.-f2.d0.f2.-d2.f0
658,d0.-f0.r0.r0.d2.-r1.d2.r0.-f0.-r0.f0.-d2.-f0.-d1.-d0.-f2.d0.-f0.-r0.-d2.r0.f0.d2.f2.r2.f0
659,r2.-r1.d1.-f1.r2.f0.-r1.r0.r0.-d2.r2.-d2.-r1.d2.r1.-f2.-r1.f2.-f0.-d1.f0.-d2.-r2.-d0.r2.-f0.d1.f0.-d1.-r2.d0.r2.d1.-r2.-d0
660,-f0.-r1.d2.r0.r2.r2.-d0.f2.-d2.-f2.r2.-d0.-r2.-f0.-r0.d2.d2.f2.f2.d2.-r0.-r0.d2.d2.d0.-f0.-f0.d0.-r0.-r0.r2.r2.-r1.d1.r1.f1.-d1.r1.-f1.-r1
661,-d0.f2.-r0.-d2.f1.r0.-f0.d1.r2.-f2.-f0.d1.r0.-f1.-d1.-f2.-r1.d1.-r0.-d1.r1.f2.f0.d1.-f0.r2.f0
662,-r2.d1.r0.-f2.d1.-d0.-f2.-d1.d0.f1.f0.-r2.r1.f2.d1.d1.f0.d1.f2.-d1.-r1.-d1.r1.d1.r1.f2
663,-f2.-r0.d1.-r0.d0.r2.f0.d0.r0.r0.-d1.f1.-r0.d2.-r1.d1.r0.-f2.-d1.-d1.-f0.d1.d1.-r1.-f0.r1.f0.-d1.r1
664,r2.-d2.-r1.-f2.f0.r2.f0.-r0.f1.-d0.f0.-d2.-f0.d0.r2.d1.-r2.-d0.-r0.f2.d1.-f0.-r2.f0.-d1.-f0.r2.f0
665,f2.r2.-f2.f0.r1.r1.f2.d1.-f2.-d2.f2.d2.d2.-f1.-d0.f1.r0.-d2.-f2.-r0.-d0.f1.r0.-f1.-f0
666,r2.d1.f0.r0.f1.d1.d1.r1.-f1.-r2.-f0.r2.-d2.r1.f0.-r1.-f2.-f0.r0.-f0.-d0.r1.-d1.r0.d1.-r1.d0.f0
667,r0.-f2.r0.-d0.-f2.-d1.-r2.-d0.r0.f1.f1.r0.f1.f1.d0.-r1.-r0.-f1.-r1.-d1.f2.-r2.d1.-r1.-d1.r2.-f2
668,-d0.-f2.-d2.-f2.-d0.-r2.r1.-f0.-d2.r0.r0.d2.d0.r0.f0.r1.-d1.-r1.d1.r0.f2.r2.-f2.-f0.-r0.-f0.d2.f0.-d1.-f0.-d2.f0
669,-r2.d0.r2.-r0.f2.-f1.-r1.f0.-f1.d2.r0.-f1.-d0.-f0.-d1.r1.-f1.d1.f1.f0.f0
670,d1.f2.-d0.-f1.r2.f0.r2.-d1.-r1.f0.-d2.-d0.-r2.-f0.r1.-f0.r2.f1.f0.-d0.-r1.d0.f0.d0.r1.-f1.-r1.-d2.-d0.r1
671,r0.d2.-d0.f2.r0.f2.f2.-r1.-d0.-f2.-d1.r1.f0.f2.d1.-r2.r0.f0.-d2.f0.f0.-r1.f0.r1.d2
672,f1.-d1.-r0.-d0.-f2.-r1.-f2.d0.r2.-f2.-d2.-f2.-d0.-f2.-d2.-r0.d2.d2.-r0.-d0.f2.d0.r0.-d2.-r2.-f2
673,d0.-f2.d1.-f2.-f0.r0.r0.d2.-f0.r1.f2.-r0.-d2.-r1.d0.-r0.d1.-f2.r2.-d2.-r2.-d1.r2.d2.r1.-d2.-f1.d2.f0.-d2.f1.d2.-f0
674,r0.-f0.f2.-d0.f2.f2.-d0.r2.r2.-f0.-d2.f2.-d2.r0.f0.f2.f2.-d0.-r0.-r0.-f0.-f0.f2.f2.-d0.-f0.-f0.d2.-d0.-d0.f2.-r1.f1.r1.f2.-f1
675,-r2.d2.d2.-r2.-f1.d2.-d0.-r0.r2.f2.r2.-f0.r2.-r0.f0.r0.d0.-f0.r0.-d0.-r0.f1.-r2.-f1.-d0.f1.r2.-f1.-f0
676,-r1.f1.r2.-r0.-f1.d2.-r0.f0.-r1.-d2.r1.d0.r2.-d2.-r2.-d0.-r2.-f0.r2.-f2.-r0.f2.r1.-r0.-f0.-d0.f0.r0.d0.r0
677,-r2.-f0.d2.r0.d2.-r1.d0.f2.d1.f1.d0.f0.-r0.-f2.r2.f2.-d0.f0.r0.r0.-f1.-f0.-f0.d0.-f2.-d0.f0.-d0.f2
678,f2.r1.f2.d0.-r2.-d0.f2.d2.-f2.r2.-f0.r0.r0.-f2.r0.r1.r0.f1.-f0.f1.-d1.-f1.f0.r1.d1.-f1
679,-r2.r1.f0.-d0.-r2.-f2.r1.-f2.-d2.-f2.-r2.r1.d2.d0.-f0.d1.-f1.-r2.f0.-d1.-f1.-d2.f1.-d0.r2.-f1.-f0
680,-f2.-d0.-r2.d0.-r0.-f2.d1.f1.d2.f1.r2.r2.-d2.-r2.d2.-f1.-d0.f1.r2.-r1.d0.-f1.d0.d0.-f1.d0.-r2.d0
681,-r2.r0.f2.-f1.-d2.-d1.-r0.-f0.-d0.f2.r0.-f2.r0.d0.d1.-r1.f0.-d1.f1.-f0.-r2.-f1.-d1.f1.d1
682,d1.f2.r0.-f0.d2.r0.d0.f2.-r2.-r1.-r1.d2.-f0.-f0.r2.d0.r2.r2.f0.-d1.-f0.d1.r2.r1.r1.-f0.d0.f0.r1.-f0.-d0.f0
683,-f0.d2.-f2.-r0.-r0.-d2.-f0.r0.r2.d0.f2.-r0.-f0.r2.r2.d2.r2.r2.-f0.-f0.d0.-r0.-r0.d2.-r0.-r0.d2.r0.d1.-r1.-d1.r1.-r0.f1.-f2.-r1.-f1.r1.f2
684,d0.r2.d0.r1.f1.-r2.f1.-d2.-f2.-r2.r0.-f2.r0.d0.f0.-r0.-f2.-f0.d0.f2.d0.d0.f0.d0.-r0.-d0.-f2.-f0
685,r1.f2.r0.d1.r0.d2.f0.d1.-r1.f1.d2.-r2.d2.-r2.-f0.r0.d2.-f0.-d2.-r0.-f2.-r0.f2.r0.d2.f0.-d2
686,-r2.-d0.r0.-f0.r0.-f0.d2.-r0.-f2.-r1.r0.d2.f0.-d2.f2.d2.-f2.-f2.r1.r0.-f2.f1.f0.-r1.f2.r1.f2.d1
687,-r1.d0.f0.-d1.r1.-r0.-d2.-r0.f1.d1.r1.d2.-d1.f0.d1.-f0.r1.-d2.f2.f2.d1.d1.r1
688,r2.-f0.-d1.f1.-d2.-r0.f0.r1.r1.-f2.-f1.r2.f2.f2.-d1.-f2.d1.-r2.f2.r1.-r0.f1.d1.-f1.-r1.-f2.f1.-f0
689,r1.-r0.f1.-r2.r1.d2.r0.-f1.-d0.-r2.-f1.d0.f0.r0.d2.-r0.d2.r0.f0.-d2.f0.f0.d2.-d0.f0.d0.-f0.r0.f0.-d0.-f0
690,d2.-r2.-f1.-d0.r0.-d2.r0.-f0.r2.-d0.-r0.f0.d0.-f2.r2.r2.d2.-d0.-r0.-r0.d2.-f0.-f0.f2.f2.r2.r2.-d2.f1.d1.-r1.-d1.r1.-f1.r1.f1.-r1.-f1
691,f2.r2.f1.f1.-r1.-f0.r0.f2.-d2.r2.-d0.-d0.-r0.d2.-f2.r0.r2.r2.d0.f2.f2.d0.-r0.-r0.-d0.r2.r2.d2.-d0.f2.f2.f1.d1.r1.-f1.-r1.-d1.r1.f1.-r1.-f1
692,r1.f2.r0.d2.r1.-d1.-r0.-d1.-d1.r2.f2.d1.f2.-d2.r2.r2.f0.d1.r0.d0.r2.-d0.r2.-r0.-f2.d1.-f2.-d1.f2.r1.f2.-r1
693,r2.f0.-r1.r0.f1.-d2.d1.r2.-f2.d0.f2.-r2.-f2.-f1.-d2.r1.-d1.r1.-d2.f1.d2.r1.d0.r1.-d0.-r1.-f1
694,f2.r1.d1.f2.d2.r0.f1.-r0.d2.-r2.r0.d0.r2.-d0.-r2.-d0.-r0.-r1.f2.f1.d2.r1.r0.d0.-r1.d1.r1.-f2.-d1.-d0
695,-f1.d0.-r2.-f1.-f0.-r0.f0.-r0.d1.-r0.-d1.-d0.r1.-f2.-r1.r0.r0.-f0.d0.f1.-d0.-f2.-r1.f2.f0
696,d1.-r0.-f2.r1.f0.d0.-r0.-d2.-d1.f0.f0.-r1.-f1.f0.d1.-r0.f2.-d1.-r0.-d1.-r2.d1.-r1.d0.-r2.r1.r0.f2
697,r2.f1.r2.f2.-f0.d0.r2.d0.-r2.d2.-r1.d1.r1.-r0.-d2.-r2.-f2.r0.f2.-r0.-d2.d1.f0.-d1.-f0.d2.-r2.-r1.-f2.r1.f2.r2.-f2.-r1.f2
698,-r0.f0.-f2.r2.-f2.r2.r2.-d0.-r0.f2.-r0.-f0.-r2.f2.-d2.-r0.-r0.f2.f2.-d2.f2.f2.-d0.f2.f2.d0.-f0.-f0.r2.-f1.-d1.f1.d1.r2.f1.d1.-f1.-d1
699,-d2.-f2.r2.d1.-f0.-d2.f2.-d1.d0.r2.-r0.d1.-f0.r1.f0.r1.r0.-f0.-d2.-f2.d2.d0.-r0
700,-f2.f1.r1.-r0.d2.-r2.-f2.r2.f0.f0.d2.r2.f0.f0.r1.f2.r2.-f2.-r2.f0.-r1.-d0.r1.-f0.-r0.f0.-r1.-f0.r0.f0
701,-d0.f2.-d0.f1.r1.d2.f1.f2.d0.-f0.-d2.-r2.-r1.d1.-r0.f1.-d0.r0.f1.-d2.-f2.-d0.-r1.d1.d0.d0.-r0
702,-d2.-d1.f0.f0.r1.-d2.r1.d0.f0.r2.f2.-r1.r0.-d1.f0.d1.-r2.-r0.f0.-d2.-f0.d2.d0.r2.r2.-d0.r2.-f0
703,r0.d1.r0.d1.f2.-f0.-f0.-d2.r2.f1.-r1.-d2.r2.r2.r0.-f0.-r2.f1.-r2.f2.d1.f2.f2.-d0.f2.d1.-f2.d0.f2
704,d1.f1.-d1.-r2.-f2.-d0.-f1.r2.r2.r1.d2.f0.-d2.f0.d2.f0.r2.-d0.-f0.-d2.-r0.-f1.r1.d0.-r1.-d0.f1.r0
705,r2.-f0.d2.f2.d0.-f1.d2.f0.d0.d0.-f2.d0.d0.-f2.d0.f1.-r2.d1.f0.r2.-d0.-r2.-d1.-r0.d0.f2.-r0.-f2.r0
706,-r0.-f1.d2.-d1.f1.-r2.-r2.d1.d1.-f1.d1.f0.-d1.r2.f2.-d0.-r1.f2.r1.d0.-r0.-d0.r2.-d2.-r2.d0
707,f0.d0.-r0.-r0.-d0.r2.f2.-r0.d2.-f0.d2.-r2.-f2.d2.-d0.-f0.-f0.f2.f2.d2.d2.-r0.-r0.-d2.-f0.-f0.d2.r2.r2.-f2.r1.-d1.-r1.d1.f2.-r1.-f1.r1.f1
708,r2.-d0.f2.-d1.-r1.-r1.-f0.r2.-f0.-r0.f0.-d2.f1.r2.-f2.d0.r0.f2.-r0.f2.f2.d0.d0.-f1.-d0.r2.d0.f1.d0.d0
709,-r0.-f0.f1.f1.d1.d2.d2.r0.f2.r2.r2.f0.f2.-d2.r2.f0.-f2.-d2.r2.d2.d0.-f0.-f0.-d2.f2.f2.-r0.-r0.f2.f2.-d0.-r0.-d1.r1.d1.-r1.-r0.d1.f1.-d1.-f1
710,f2.r1.d0.d0.r1.r0.f2.-f0.r2.-d1.-d1.f0.-r2.-f0.d0.-d2.r1.d2.-d0.f2.d2.-f2.r2.-f2.r1.f2
711,-r2.d1.f0.-d2.r2.f0.-d1.-d2.-f1.-r0.-r1.-r0.-d2.-f2.-f0.-d0.-r0.d1.d0.-f0.r1.-f1.-d0.r2.d0.f1.-d0.-r2.-d1.d0.-f0.d1.f1.-d1.f0.d1.-f1
712,-r0.-d2.f2.-d1.f2.-d2.r1.f2.-r1.-r0.-d2.r0.-f2.d1.f2.-r0.-f1.d1.f2.-f1.-r1.-f2.-f0.d1.f0.r1
713,f1.f1.-r0.d0.d0.-f0.d0.f0.d1.f0.-r0.-f0.r0.-d1.d0.-f0.d1.f0.-r2.f2.-d1.f0.d1.-f2.-f0.-d0.-f1
714,-f0.f2.-d1.-d2.f2.-r0.-r0.-d2.-r0.f0.-f2.d2.-f0.f2.-d2.-r0.-r0.d2.d2.-d0.r2.r2.-d2.-r0.-r0.-d0.f2.f2.-d0.-f1.r1.f1.-r1.-d0.-f2.d1.-r1.-d1.r1.f2
715,-f2.r1.r1.d1.r2.f0.f2.r0.f0.-r1.-r1.-f0.-d0.f0.d2.-f0.-f0.-d2.f0.r2.r1.-r0.-d2.f0.-d2.-f0.d2.-r2.-f0
716,-d1.f1.-d1.-f2.d2.-f2.r2.d2.f0.d1.f1.d0.r2.-d0.r2.f2.-r2.d0.-f2.-r2.d2.-d0.f2.d0.-f2.-d2.f2.r2
717,-r1.-d0.-f2.-d2.-f0.d1.-f2.-d0.-r0.-d1.-f2.d2.-f0.r0.-d0.-r0.f1.d0.r0.-f2.d0.f2.-f0.-d0.-f1.d0.-f2.-d0.f2
718,-r0.f0.f1.r1.r1.-d2.f0.-r0.-r0.r2.-f2.-d2.r2.f0.-d0.-d0.r0.f2.-r0.-r0.r2.r2.d0.r2.r2.d2.d2.-f0.-f0.-d2.-r0.-r0.f1.d1.-r1.-d1.r1.-f1.r1.f1.-r1.-f1
719,-r2.-f0.-r1.f1.-d1.d0.r2.-r1.-d2.-r2.r1.d1.-r2.-d0.-d1.-d1.f2.d1.-f0.d0.r0.f0.r0.-d2.-r0.-f0.r0
720,-r0.f1.-d2.-f0.d1.-d0.r0.d1.-f1.-d1.-f2.-r0.f2.d2.r0.d2.-f0.-d2.-f0.-r0.d1.-d0.f0.r0.-f0.-r0.-d1.-f0
721,-d2.-r2.-f0.-d0.f1.d1.r2.-d0.r0.d1.f2.d1.r2.f1.d2.-f1.-r2.-f2.-r1.-f0.r1.-f0.r1.-d0.f1.d0.f0.r0.-f0.-r1.f0
722,-d0.r1.d1.-f1.f0.d1.-d0.-f0.f1.-r1.d0.-r0.-d0.f2.r1.f0.r2.f0.-d0.r2.f0.d0.f0.f0.-r2.f0.d0.f2.-d0.-f2
723,d1.f0.-r1.-f2.-d1.-r2.f2.r2.-f0.-r0.-d0.-r2.d1.d2.f2.d2.d2.f1.r2.f2.-r2.-f2.r0.f0.-r1.-f1.-f0.d0.-f2.d1.f2
724,d2.d0.f2.-d0.-d0.-r2.r1.-d1.f1.r2.-d2.-r2.f2.-d2.f0.-r2.-d0.r0.r0.f0.r2.-f0.r0.r0.d2.f0.-r2.-f0
725,-f2.-r0.-f1.-d2.-f2.r2.-f1.r2.-d2.r2.-f1.-f0.d0.-r0.d1.-r0.d2.f0.-d2.f0.-d2.f2.-r0.-f2.-d1.f2.d1.f2.r0
726,r0.-r2.-f0.-d0.-d0.r2.-d2.-r0.r2.r2.f2.f2.-r0.-d0.-d0.-f2.d2.-r0.-r0.d0.-r0.-r0.-d0.-d0.r2.r2.d0.f2.f2.r2.r2.-d2.d0.-r1.f1.r1.-f1.-d0
727,-d0.r1.f0.r1.d0.-f0.-d0.-f2.-d0.f0.-d2.-r0.f0.f1.-r2.-r1.f0.f2.d2.-r2.r1.-d2.-f2.-r0.f2.-r2.d1.r2.-d1.r2.r0
728,-d2.-d1.-r0.-r0.f0.-d2.f0.d2.f0.f2.-d0.f2.f2.-r0.f0.d2.-r0.-r0.d2.-r0.-r0.-d0.f2.f2.r2.r2.f2.f2.-d2.-d0.-f2.d1.-r1.-d1.r1.f2.-d1.f1.d1.-f1
729,-d0.-r0.-f0.-d2.-f0.r0.f2.-r0.f2.r2.r2.-d2.r2.f2.d2.-r0.-r0.-d0.r2.r2.-d2.-d0.-r0.-r0.d0.-f0.-f0.-r2.-d1.r1.d1.r2.-r1.f0.d1.f1.-d1.-f1.-f0
730,d0.r2.-r0.-f2.-r2.r1.f1.d0.r2.d2.d1.-f2.d0.f1.d0.d0.f0.r0.f1.-r0.-f1.-r0
731,-d0.f2.f2.-r1.d2.f0.-d1.r2.-r0.f2.-d2.f1.f0.d1.-r1.-f0.r1.f0.d0.-f0.-r1.f0.d1.r1.-d1.-r0.d1.r2.-r1
732,f0.f0.-d2.f2.-r2.-f2.-f0.d0.-f1.-r0.f0.r2.r0.f0.r0.-f0.r0.-r2.-d2.-d1.-f2.f1.-r0.-f0.-f1.-d0.-d0.-f1.-d0.-f2.d0.f1.-d0.f2
733,-f2.-r2.-f2.-d0.f0.d1.r0.d0.f0.-r2.f1.f1.d1.-f1.r0.-d1.-r0.f1.r0.d2.-r0.-f1.-f0.r0.d2.f0.d2.-f0.d2.d2.-f2
734,-d2.-r0.d2.d2.f0.-r2.f0.-f2.-d2.r2.r2.d2.r2.r2.d0.r2.-d2.-f0.-f0.r2.r2.-f0.-f0.d2.d2.r2.r2.-d0.-f0.-f0.f2.f2.r1.f1.-d1.-f1.-r1.d1
735,-r0.-f2.d0.r1.d1.d1.-f2.-r2.d2.-r2.-d2.r0.d0.f2.-d0.r0.-f2.r0.r0.-f0.-r0.d2.f0.f0.-d2.f0.r0
736,-f2.r0.-d0.f0.r2.-r0.f2.r0.d0.-r2.-d0.d2.-f2.r2.f2.-d2.f2.-r1.-f2.f0.d1.-d2.-f1.-f2.-r0.f1.r0.-f1.r1.f1
737,r0.d2.-f1.-r1.-f2.d1.-r2.f2.-d2.r0.d2.-r2.d0.d0.r2.d0.-r2.f0.-r1.d0.-r2.f0.r2.-d0.r1.r0.f0.r1.-r0
738,f1.-f0.-d2.d0.f0.r0.f0.-d2.r2.f1.-d0.-r2.r1.-d2.f2.d2.-d0.r2.-r0.-f2.r2.f2.d0.-r1.-r2.-f0.r2.r2.f0.r2
739,-r1.d2.d2.-r2.f2.r0.-f0.d0.-d2.r0.-d2.f2.-r0.-f0.r0.f2.d0.r0.f0.d2.-d0.r2.-f0.-r2.f0.d0.-f2.-f0.r0
740,r1.-f2.f0.-r1.-d2.-f1.r0.f1.f2.f2.-r0.-r0.-d2.-f2.-r1.-r0.r2.f0.f0.r0.-r1.f0.-r0.f0.r1.-f0.-r1.-f0.r1.r0
741,-f1.-r2.d0.-f2.d2.d2.-r0.-d0.-r0.-f2.-r0.-f2.r2.d2.r2.r2.-d2.f2.f2.d2.d2.-r0.-r0.f2.f2.d2.f2.f2.d2.r1.-f1.r1.f1.r1.r1.-f0.-d1.-f1.d1.f1.f0
742,d1.r2.-d0.r2.-f1.r1.d2.-r2.d0.r1.r1.-d0.-f0.-d2.-f2.d2.f0.d2.-f1.-d2.f1.r2.-d1.f0.d1.f2.-d1.-f0
743,-r2.-f1.d0.-r0.d0.d0.-r1.f2.-r1.d2.d2.r2.-r1.f0.-d1.f2.d0.-f2.-d0.-f0.-r2.d2.-d0
744,f1.-d2.-r2.d1.r2.-f0.r1.d0.-f0.-d2.-r0.d2.-d0.-r0.-d0.r0.-d2.-f2.r0.f2.-d1.d0.-f2.-r0.f2.d1.-r0.-d1.r0.f0
745,-f0.-r0.f1.r2.-f2.-d1.-d0.r2.r1.-r0.d1.r1.f0.-d2.-f0.-d1.f0.-r0.f2.-r0.-f0.r0.-f2.-r0.d2
746,f2.-d1.-f0.d1.r0.d2.-r2.f1.-r2.-f0.r1.-f1.r0.-f2.-r0.f1.f0.r0.-f0.d2.-r0.-d2.-f1.d2.f1.r0.r0.-f1.-d2.f1
747,f2.-r0.f2.r0.f1.f1.-d2.-d0.r2.r2.-f2.r0.f0.r2.-r0.-f2.d0.-f0.d2.f0.-d0.f2.-d2
748,-r0.r2.d0.-r0.-r0.d2.d2.f2.f2.-r0.-d0.-d0.-f0.d2.d2.-f0.-r0.-d2.r2.r2.-f0.-f0.-d0.-r0.-r0.r2.r2.-f0.-f0.-d0.-f0.-f0.d2.d2.-f1.d1.-f1.-d1.-f1.-f1
749,-r0.f2.f2.d0.f2.-d1.-r2.-f0.-d0.-f1.r2.-r1.f1.-r1.-d1.-r2.d1.f0.-d1.-f0.-r2.-f2.-r1.f2.r1.f2.r0
750,-d0.-f0.r2.d1.r2.f0.r2.r2.-d2.f2.d1.d1.-f2.-f2.-d1.-r2.d0.f2.r0.d0.-f2.-r2.-d0.-r0.-d0.-r0.d0.r0.d0.r2
751,-f1.-d2.-r0.f0.f0.-d2.f0.-d0.-r2.-f1.-f0.r2.-r0.-d2.f0.r0.-f0.-r0.d2.f0.r0.f0.-r0.f0.f0.r0.r0
752,d0.-f2.d2.-f2.f0.d1.-r1.-d2.-r1.-d1.-r0.d1.-f0.-r1.-d0.f2.-d2.r1.d2.-r1.-f2.r2.f2.r1.-f2.-d2
753,-r1.-f2.-d0.f2.d2.r1.r1.-d0.r1.f1.r0.r0.f2.-f1.f2.-d2.-f1.r2.f1.d1.d1.-r2.d2.r2.d1.r0.-f2.-r0.-f1.r0.f2.-r0.f1
754,-r0.-f1.-r1.-d1.f2.d2.f0.d1.f0.-d1.f1.-d2.f2.d0.d0.f1.-d0.f0.d0.r2.-f2.-r2.d2.-r0.-d2.r2.r0.f2
755,-f2.-r1.-f2.d2.d1.f2.d0.f2.d1.d1.f0.-d2.-r0.-f0.r0.-d2.-d1.d0.-f0.-d0.f0.d2.-d0.-r1.-f2.-r2.f2.r1.-f2.r2.f2
756,r2.-r1.f1.-r1.-f0.d2.f2.-r1.d0.d2.f1.-r0.d2.r0.-f0.d2.-r2.d2.-r0.-f2.-r0.f2.-d0.r2.-d2.-r2.d0.r2.d2.f0
757,-f1.r1.-f2.-d2.r0.-d0.r0.r0.-f2.-d2.d1.d0.-f0.-f2.-d1.f2.r2.-d0.-r2.d0.-r2.-d0.r2.-f2.d1
758,f0.-r0.-d2.f2.d1.f2.r2.f1.-d2.r1.-d2.r0.d2.r2.f2.-r2.d0.-r0.-r0.-d0.r1.-d2.r1.f1.-r1.d2.r1.-d2.-f1.d1.d2.-f0.-d1.-f1.d1.f0.-d1.f1
759,d2.-d0.r1.-f2.-d0.f0.r0.f0.d0.r2.-r1.d0.d0.f0.-d2.f2.r0.-f2.-r2.-f1.-f0.d1.r0.f1.-r0.-f1.-r1.d0.r1.-d1.-r1.-d0.r1
760,d2.r0.-d1.-f0.-r2.f1.r0.d1.-r2.-d1.f0.d0.-f0.d1.r0.-d1.-f0.-d2.-f1.f0.r1.f1.d1.r2.d0.r1.-f1.-r1.-d0.-r2
761,-r1.-f0.d0.d0.-r2.r1.r0.-f1.-d1.f1.d2.-f2.d0.f0.f0.-d0.f2.-d0.-f2.d0.d0.-f1.r1.f0.-r0.f2.r0.f1.-r0.-f2.r0
762,-f1.-d2.r0.-d0.-f2.-d0.r1.-f1.-d1.r0.f0.r1.f1.-r0.f2.-r2.-f2.r2.-r1.d2.f2.d2.-f2.-d2.d1.r2
763,r2.-d2.f0.-d2.-f0.-f0.-d0.f2.-r0.d2.-f2.d2.d2.r0.-d0.-d0.-r0.-r0.f2.f2.-d0.-d0.-r0.-r0.-d0.-r1.f1.-d1.r1.-f1.d1.f0.f1.d1.-f1.-d1.-f0
764,d1.-r0.-d0.f0.d1.-f1.r0.r0.-f2.-d2.f1.-d2.f0.d2.d2.r0.-d1.-d0.r2.-d2.r1.-d2.-r1.d2.d2.f2.-f1.-f0
765,f0.-d2.f2.-d1.d0.-r1.-f0.d2.f2.-d2.r1.f1.d1.-r0.f0.-r2.d0.r1.-d0.-r1.-f1.d1.-f1.r1.f1
766,d0.-f2.d2.r1.-d0.-f0.-d0.f1.-r1.-d2.d0.-r1.f1.r1.d1.-f0.d2.d0.r0.-d2.r1.d2.r2.f2.-r0.f0
767,r0.-d0.-r0.-d2.f0.f0.-d2.r0.d0.d2.-f1.r0.-f1.-r2.-d0.r2.d0.f1.d0.d0.f0.f0.d0.f1.r0.-f0.-r0.-f1.r0.f0.-r0
768,d2.-d1.-r1.-d1.f2.-f0.-r2.r1.f1.d0.d0.r2.-f1.-d2.r2.r2.d1.f2.-d1.-f2.-r0.f2.-r1.-f2.r1.-f0.-r1.f2.r1.f0
769,r0.-f0.-d1.-r1.d0.-f1.d1.r2.f0.d2.-r0.f1.-d2.f2.-r2.d2.r2.-d2.d1.-f2.-d1.-d0.-r1.-r0.f0
770,-d0.-r2.-f2.d0.f1.-d1.f1.d2.d0.f0.d2.-f2.-f1.d1.r0.d1.f1.-d1.f1.-d0.-r1.-r2.-f1.-r1.f1.r2.f0.d0
771,d1.r0.f1.r1.r1.-d2.-r2.d0.-f1.d0.f2.d0.-r0.f0.r0.-f2.r1.-r0.f0.r1.-f0.-r1.r2.d1.-f1.-d1.f1.-r2.-r1
772,-r2.-f2.r2.d2.d2.-r2.-f2.r0.-f2.-d2.r0.-f2.d2.f2.f2.d0.-r0.-r0.d0.-r0.-r0.-f0.-f0.d2.f2.f2.r0.-d1.f1.d1.-f1.-r0.d0.f1.-r1.-f1.r1.-d0
773,-d1.f1.d0.-f2.f1.d0.-f0.-r2.-f0.d1.-d0.f0.-r2.d2.r2.f0.d2.-f0.d2.r0.-d0.r1.d0.f0.f0.-d0.-r1.d0.-f0
774,f0.f2.d2.-r0.-r0.-d0.-r0.-r2.d2.r0.f0.-r2.d0.-f0.-f0.-r0.d0.r2.r2.d2.d2.-d0.-r0.-r0.-d0.-f0.-f0.-r0.-r0.f2.f2.-d0.f1.d1.-r1.-d1.-f1.r1
775,d2.-r2.-f0.d0.-r1.-d2.r0.d1.-r2.r1.d2.r0.-f2.r2.f0.-r0.-r0.-d1.-r1.r0.d2.r2.-f1.d2.r2.-d2.-r2.-d2.-r2
776,r2.-r1.d1.-f0.-r2.-f1.-r1.-d0.r2.-f1.d1.f0.f0.-d0.f2.-f1.-r1.-f0.-r2.f0.d1.r2.d0.-r2.-d1.r2.-d0.r1
777,-d2.-f1.-r0.f2.-r2.-f0.-d2.-r2.f2.d1.f2.-d2.-r0.d2.-f2.-r0.-d2.r0.d1.r2.-f0.-r2.r1.-f0.-r1.f0.r0
778,f2.d2.-r2.-d1.f2.r1.-f0.d0.r0.-f2.r0.-d2.r2.d1.d0.-f2.-r2.f2.d2.-f2.-d2.-f2.r2.-d0.f2.r0.f1.r1.-f1.-r0.f1.-r1
779,r2.d2.f1.-d2.-d2.-f2.f1.f1.r0.-d0.d2.d1.f0.-r2.r0.-f2.r2.d0.r1.-d1.d0.f2.d2.r0.f0.r0.r0.-f0.-r0
780,f0.r2.d1.-f0.-f0.r2.d0.f2.f2.d0.r2.r2.-f0.-r2.d2.-r0.d0.-r0.-r0.-d2.-f0.-f0.-d2.r2.r2.d2.-f2.-d1.-r1.d1.r1.f2.-f0.d1.-f1.-d1.f1.f0
781,d2.-f0.r1.-d0.-f1.-r2.f2.-r2.-f2.d2.f2.f1.r1.-f1.-d2.f1.d2.f1.-d2.f2.d2.f2.f2.r1.d2.-r1.-d2
782,d1.-f2.d0.-f2.-r0.-r0.-d2.f2.r2.-d1.f0.d2.-r0.-d2.-f0.d2.d2.f0.d2.-f0.r0.-d0.-r0.d2.r0.d0.-r0.-f0
783,-r1.-f1.d2.-r2.d0.r1.r0.r0.d0.-f0.-d0.-d0.f0.r1.d1.f0.d2.-f0.-r1.-f2.-d1.r0.d1.f2.f0
784,-f1.d1.-r2.d2.-r1.-d0.-f1.-r0.d1.f0.-d0.-f2.r2.-d0.-r1.f2.r0.-f2.-r2.f2.-r0.-d0.f2.d0.-f0.-d0.f2.f2
785,f2.d0.r2.d0.r1.-r0.d2.f2.-d1.-f0.d1.r2.-f0.-r2.f0.-r2.f0.f0.-d2.-d0.r0.f1.d0.r0.-f1.-r0.f1
786,d0.-f2.r2.r2.d2.r0.-f2.r1.-d1.d0.d0.-r2.d2.d2.r2.-f0.d1.d1.f2.d1.r1.-r0.d1.-f0.-d1.f0.-d1.r0
787,-d2.f1.r2.f1.-d0.r0.-f2.r2.-f0.d2.-r2.d0.-r2.-d0.-f0.d0.f0.d2.d0.-r0.-d2.-r2.d2.r2.r2.r0.d0
788,-d0.-r2.d2.f0.-d2.r1.f2.-r0.d2.-f0.d2.-f0.r0.d2.r1.-d0.f1.d2.-f1.d2.-d1.-r1.d0.r1.d1.d0
789,f2.r0.d0.d0.-r2.-f2.r2.-r1.d1.r0.f0.-r0.f2.-r2.r1.-f2.-d2.-d0.-r1.d0.-f2.-d0.r1.-f1.d2.f1.d0
790,d2.f2.r0.f2.d2.-r2.-d2.r1.-f0.-r1.-f0.r2.-d0.-f1.r2.-f1.f0.r1.-d2.f1.d2.-f0.d2.-f2.-d1.f2.-d2.f0
791,d0.-r0.-r0.-d0.-r0.f2.r0.r2.f2.-d0.-r2.f0.-d0.r2.r2.d2.f2.f2.-r0.-r0.-f0.-f0.-d2.r2.r2.-d0.-d0.r2.r2.-f0.-r1.-f1.r1.f1.f0.f1.r1.-f1.-d1.-r1.d1
792,-f0.-r2.-f0.-d2.-r0.-f0.d1.-f1.r0.d2.-d1.r0.-d2.-r1.r0.-f0.-r0.f0.r1.f2.r2.-f1.r2.f1.r1.-f1.-r2.f1
793,d2.f2.d2.d2.-f1.-d1.-f0.-d1.-f0.r2.f0.-d2.f0.-r0.f0.r2.d0.r2.r2.-d0.r1.-d0.r1.d2.d0.d0.f0.d1.-f1.-d1.-f0
794,-f2.-r1.f1.f0.r2.-d2.f2.-d0.-r0.d2.f1.-d2.-f0.-d0.f0.-r0.f0.r0.-f0.d2.r0.-d2.-d0.f2
795,f0.-d0.r1.d1.-f2.-d0.-f0.r0.-d0.-r0.-d1.r1.d0.-r0.f1.-r0.-f1.-r1.d1.r0.-f0.r1.f0.-r0.-f0.-r1.-f0
796,-d1.f2.-r0.d2.-r1.-f1.d2.-r1.-r1.-f1.-d2.-f1.-r2.-f0.r2.-f1.-r2.-d2.r2.d2.r2.r0.-f0.r1.f0.-r2.f0.f0
797,-r2.d2.r1.d0.f1.f0.d0.-r2.r0.d0.r1.-f2.r0.-f2.r2.f2.-r0.-d0.f2.d2.-f2.-d2.-f2.d0.-r0.-d2.r0.-d0.-r0
798,r1.f2.-d1.r1.d0.d0.f1.d1.f2.-f1.-f0.-r2.f0.-d1.-r0.-d2.r2.d2.-d0.r0.-f2.-d0.f2.r0.r0.f0.f0.d2.-f0.-d2.-f0.r0
799,f2.-d0.r0.f0.-d0.-r0.d1.r2.-f0.f2.-r1.f1.r0.-f2.-d0.r2.-d0.r2.d1.-d0.f0.-d1.f2.d1.-f0.-d1.d0
800,-d2.-r1.f1.r2.d2.-r2.-d2.-d1.r0.d0.-f2.r0.-f2.d0.-f1.-r0.-d0.f0.r1.f2.-d1.-f0.-d2.-d0.-r2.f1
801,r2.r2.f2.f2.r2.-d0.-r0.-d0.r2.r2.-d2.r2.d2.d2.-f2.-r0.-r0.d2.r2.r2.d2.-d0.-d0.-f0.-f0.-r0.-r0.d0.-r0.-r0.-d2.d0.f1.-r1.-f1.r1.-d0
802,f0.-r2.f2.-r2.f2.f2.d1.-f1.-d0.r2.-d0.r0.-f0.-r2.-f0.r2.f1.r2.-f1.-r2.d2.-f1.-f0.-d1.-f2.d1
803,-d2.-f1.f0.-r2.-d0.f0.r0.f1.f2.d0.r2.f0.r0.f1.-r2.f0.f0.d0.-f2.f0.-r0.-f1.-f0.-r0.-f0.r2.f0
804,d0.d0.f1.-r0.-f2.r2.-f1.r2.-d0.f2.d2.-f2.r2.-d2.f1.d2.-f1.d0.r1.d1.-f0.-r1.f0.-d1.-r0.-f1.r0.d0.-r1.-d1.r1.-d0.-r1.d1
805,-r2.f0.-r0.-f2.d2.-f2.-d1.-f2.r0.d2.f1.r0.f1.d0.f1.-d0.f1.-d2.r0.-d2.f0.-r0.-f0.d2.-r0
806,r0.r0.-d1.-r0.-f1.r2.-r1.d2.-r1.-f0.r0.d1.-d0.r0.-f0.-d0.f0.-r0.f0.f0.-d1.-f1.-d0.-f0.-d0.-f2.d1.f2.d0.f1.f0.-r1
807,-d1.-r0.d0.f1.-r0.d0.-f0.-d2.-f0.d1.-f2.-f1.d2.f1.-d0.r0.r0.d0.r0.f1.d1.-f1.-r0.-d0.-f2.r0.d2.f0.-d2.f2.f1.d2.-f0
808,-d2.f1.-d2.r0.-f2.-r2.d2.-r1.f0.r2.-f2.-r0.-f2.d2.f0.f1.d1.-f1.-d0.f0.-d2.-r1.f2.-r1.-f2.f1.d1.-f1.r1.-f1.-d1.f1
809,r0.d0.r2.d1.r1.-d2.r1.-d2.-r1.d1.r0.d2.-r0.-d2.r2.-d2.-r2.d2.f0.-d2.-d0.r1.-d1.-r2.d1.-r1.-f2.r1.f2.r2.-f2.-r1.f2
810,f2.-d0.-f1.r0.-d0.r2.r2.d2.f0.-r1.d1.-r2.-d1.-d0.-f0.d1.d0.-f2.d1.f2.-d0.f1.-r0.-f1.-f0.-r1.f0.r1.f1.-r1
811,f0.r0.-d2.f2.-d2.-f1.-r2.d2.d2.r0.f1.r0.-d2.f0.-d2.-f0.-r0.d2.r0.-d2.-f0.r1.d2.-f0.-d2.-r1.f0.d1.-f0.d2.f0
812,f0.d1.-r0.d1.-f2.r0.f2.-f1.d2.r0.-f0.-d0.-f1.f0.r2.-d1.-d1.-f2.r0.r1.f2.r2.-f1.-r2.-f2.f0.-r0.-f0.d1.f0
813,-d0.-r2.-f0.-f2.r2.d2.f2.-r2.-f0.r0.f2.-r2.-f0.-f0.-r0.-r0.-f0.-f0.-d0.-f0.-f0.r2.r2.d2.r2.r2.-d0.r2.r2.f2.r1.-d1.-r1.d1.-f2.-r1.d1.r1.-d1
814,f1.f1.d2.-d0.-r2.f2.f2.r2.f0.-d2.r1.d0.-r2.-d0.-f0.-d0.r2.r2.-r1.-d2.r2.-f0.r2.f0.r1.-r0.-f0.r0.f0.-r1.-f0.-r0
815,r1.-f0.-r2.d2.f0.-d1.-r1.f0.d2.r0.d0.-r2.-d0.f1.r2.d2.-f1.-f0.-r2.d1.-r1.-d2.r1.d2.-d1
816,-f0.r1.-r0.-d2.-f0.-d2.-f0.r1.f2.-f1.-r1.f2.r0.d1.r2.d1.-r2.r1.-d1.-f0.-d2.d1.d0.f0.r1.-f0.-d0.r0.d0.-r1.-d0.-r0
817,f2.d0.f1.-d0.f0.r2.r2.f0.-d0.-f0.-r0.-r0.-f0.f2.r2.-f0.-f0.f2.f2.-d2.-f0.-f0.f2.f2.-d2.r2.r2.d2.d2.-r0.d1.f1.-d1.-f1.r0.-r1.-f1.r1.f1
818,-r0.d0.-r0.-d2.-r0.-f2.d1.-r0.f0.r0.-d0.r1.f2.-r0.d1.f1.r2.r0.-f0.-f1.-r0.-d1.r0.-f2.d1.f1.-d1.f2.d1.r0
819,-f2.-d1.-f2.-d0.-r0.-f2.-r2.-d0.f2.d2.d2.-f2.r0.-d2.r1.d2.-f0.-d2.-d0.r0.-f1.d0.f1.d2.-f1.-d0.f1.r0.-d1
820,d1.-r2.-d2.-r0.-d2.r0.-d1.-f1.r2.d1.f2.r2.f2.d2.d2.-r2.-d2.-r2.-d2.r0.d2.r2.-f0.r0.f0.r0
821,f0.-d1.r0.d0.-f1.r0.-d0.-r1.d2.-r2.f1.-d2.r0.d2.-r0.f0.-r2.r0.-d2.d1.-d0.f1.-r1.-r0.d1.-f1.-d1.-r2.-f2.-d2.f2.d1.-f2.d2.f2
822,r1.-f2.-r0.d2.-d1.-r1.f0.r0.-d2.f0.-r0.f1.d1.f0.-d2.f1.f2.f2.r0.-f0.-r0.f1.f0.-d2.f1.r1.f1.-r0.-f1.-r1.f1.r0
823,r1.f1.f0.-r0.d2.f1.-r0.d0.-r2.-d0.d2.-f0.d0.d0.f0.-d2.-d0.-f2.-r2.-f2.d0.-f2.d2.-d0.-r0.d0.r0.-d2.r2
824,-d1.-r2.-d0.-f1.-d0.-f2.r0.-f2.-r0.d0.-r0.-d0.-r0.-d2.f2.r2.-f2.-r0.-d2.-r1.-d1.d0.f1.-d0.-f1.d1.-f2.r1
825,-f1.f0.-r2.-f0.-d1.r0.r0.d0.r2.-f2.-f0.-f2.r2.d0.-r2.r1.f0.-r2.f1.r2.-r0.-f2.r1.f2.-r2.r0.-f1.r2.f1.-r1.-f1.-r2.f1
826,-r2.r1.-d0.-r1.f2.d1.d0.-f2.-r0.f2.-r0.-r1.-f2.-d1.-f2.d1.d0.-f2.r0.d2.d2.-f0.-r0.-d2.f2.d2.r0.f0
827,-r0.d2.d2.f1.d0.r0.-f0.-r2.f1.-f0.d0.r0.-f1.r2.-r0.f2.-d0.-f2.r0.f1.r1.-f1.-f0.-d1.f0
828,-r2.-f0.f2.r0.-f2.-r2.-d0.-f0.r0.-f2.d2.f2.-r0.-r0.-f0.-f0.-d2.-f0.-f0.-r0.-r0.r2.r2.d2.-f0.-f0.r2.r2.-f0.-f0.-r2.-f1.r1.f1.r2.-r1
829,-r1.r0.-d0.r1.r1.d2.-f1.-r1.f1.-r0.-d0.r1.f0.r1.-f0.-r2.-f0.r0.r2.-f0.-d0.-f1.-d2.f0.d2.f1.-r1
830,f2.r1.r0.f0.d2.-r0.-d0.-f0.r2.r2.-f2.d2.-d0.f2.-d2.-r0.-r0.-f0.-f0.-r0.-r0.d2.-d0.-f0.-f0.-r0.-r0.d0.-f0.-f0.-f2.d1.-r1.-d1.r1.f2.-d1.f1.d1.-f1
831,-f1.-d2.f2.-d2.f1.d0.-r2.r0.-f1.-f0.r2.r0.f0.r2.-f0.-r0.-f2.-d2.-f2.-f1.d1.f1.d2.-f1.-d1.-f2.f0
832,-d0.-f2.r2.f2.r2.-f1.d2.r2.-f2.d0.-f0.r2.r2.f0.-d1.-d0.r0.-d1.-r0.d1.d0.-d2.f0.-d0.-f0.d2.f0.-r2
833,-r1.-f0.-d2.d1.d1.-r1.-d1.-d0.f0.f0.r2.-r0.f0.r0.d0.-r0.-d0.f0.r1.d0.-r1.-f2.r1.d0.-r1.f2.-r2.-r0.-f0.r0.f0
834,f2.-d2.-r2.-f1.-r2.-f0.d0.d0.-r2.-d0.f0.r2.-r1.r2.-f2.r2.f1.r1.f1.d0.-f1.-d0.f2.d0.-r2.-r1.-d1.r2.d2.-r2.d1.r2
835,-d1.-f0.r1.-d0.-r2.r0.f1.-f0.d0.f0.r2.r0.-d0.-f1.d2.d2.f1.f0.r2.-f1.d1.r2.-d2.-r2.d2.-d1.r0
836,-f1.f0.d2.d2.-f1.r2.-d0.-f0.d0.f2.r2.-d2.f0.-d2.f0.f0.d2.-f0.r0.d0.r0.d2.d0.-f0.r1.-d0.-f0.d0.f0.-r1
837,d0.-r2.-f1.d2.r2.f0.-f1.-d2.-r2.-r1.-d2.d1.-f1.r2.d2.d1.r2.-d2.-r1.-f1.-r2.r1.-d1.r1.-d1.f2.-d1.-f2.-f0.-r1.f0
838,f2.-d2.f1.f1.-r1.-f0.r2.d0.-f2.-d2.-f0.-f0.-f2.-r0.-r0.-d0.-f0.-f0.r2.f2.f2.r2.r2.d0.-r0.-r0.-f0.-f0.d2.-r0.-r0.-d0.-d1.-r1.d1.f1.r1.d1.-f1.-d1
839,-d1.-r2.-f0.-r2.d2.-d1.r0.-d1.-r2.r1.-f1.d2.-d1.-r1.-f2.-d2.f2.r2.-d2.-r1.d2.d2.r1.-d2.-f0
840,d2.f0.-d0.-f1.f0.-r1.d0.-f0.-d1.r0.r0.-d0.-r2.d0.r2.-f2.r1.f2.-r1.f2.-d0.-f1.d0.-f2.-d2.f2.-r1.-f2.r1.d2
841,-d2.-r0.d2.f2.f2.d2.d2.r0.r2.r2.-d2.f2.f2.-d0.-d0.-f2.r0.d2.d2.-d0.-f0.-f0.-d2.f2.f2.-d0.-r0.-r0.d0.f0.f1.-d1.-f1.d1.-f0.d1.f1.-d1.-f1
842,r2.-d0.r1.-r0.f2.f2.d0.f0.-f2.r2.-d0.-f2.-r2.-f0.d2.d2.-r0.-r0.-d2.-d0.-r0.-r0.-f0.-f0.r2.r2.-f0.-f0.-r2.-d1.f1.d1.-f1.r2.r1.-f1.-r1.f1
843,r2.f2.d2.-f1.-r2.r1.-d1.-r2.r1.-d0.f0.-r0.f0.d2.-f0.d0.f2.-d0.-f2.f0.d2.r0.-d2.-f1.-f0
844,d1.-r2.r0.-f1.d0.r2.d2.-f2.-d2.-f2.d1.-r1.-r0.f0.f0.-r2.-f2.-d2.-f1.d2.-f0.-r0.-f2.r0.f1.-r0.f2.r0
845,r2.f2.r0.f0.d0.r2.-f1.f2.-r1.f2.-f0.r0.f0.-r2.-f2.-r1.f2.-r0.-d2.-d0.f1.-r0.f0.-r0.-f0.r0.r0.f2.-f1
846,f2.-d0.-f1.-r0.f0.d2.d2.-r2.-f0.d2.-f0.-d0.-r0.d2.-r0.-d0.-r0.-r0.r2.r2.f2.f2.-d0.-f0.-f0.-r0.-r0.d2.-d0.-d0.r2.-d1.-r2.-r0.f1.r0.d1.f1.-d1.-f1
847,r1.d2.-f1.f0.d0.d0.-f0.d1.-f0.r0.d2.f1.f2.r2.r2.-d2.-r2.-d2.r2.r2.r0.f0.d2.-f0.d2.r2.r2
848,-d2.-f0.d1.-d0.f1.-d0.-r2.f1.-r0.d1.f0.d0.-f2.d0.f2.-r0.f0.r0.-d1.-f1.d1.-f0.-d1.-f2.-d0.f2
849,-r0.-d1.r2.-d0.-f1.-d0.-f2.r1.r1.-d1.r0.-f1.-f2.-r2.f0.f0.-d0.f2.-d1.r1.-d2.d1.-f2.-f0.-r0.-f1.-r2.-d2.f2.r2.-f1.-r2.-f2.r2.f1
850,r1.f2.-r0.-d1.-f1.-f0.d2.-r2.d2.-r1.f2.r1.-f2.f0.r0.f2.-f0.d1.f0.-d2.-f2.-d1.r0.d1.-r0.f2.d2.-f0
851,f0.r0.-d0.-r0.-d0.r0.f1.f1.-d2.-f1.-d2.d0.-f2.-r0.-d0.r0.-d1.-r2.f1.d1.r1.-r0.-d1.r2.d1.-r1.r0
852,-f2.-r0.-f0.-r0.-r0.-d2.d0.-f2.-r0.-r0.-r2.-f0.-r0.-r0.f2.-r0.-r0.-d2.d0.r2.r2.-d2.-r0.-r0.r2.r2.-f0.-f0.-r0.-r0.-f2.-d1.r1.d1.-r1.f2
853,f2.-r1.-d2.f0.r0.f1.-d0.f2.d1.d0.d1.-r2.f2.f2.r2.d0.r2.-d0.-r2.f2.-r2.-d1.r2.d2.d0.-r2.d1.r2.-d0
854,f2.f2.-r0.f0.-d0.r1.f0.-r0.f1.r2.f0.r1.-d0.-r2.-r0.-d0.r1.r1.d1.d0.f1.r1.d2.r2.-f2.-d2.r0.f2.-d1.f1.d1.-f2.-d1.-f1
855,r2.r2.f0.d1.-d2.-r1.-r1.-f2.-r0.d2.-f2.d2.f0.-d2.f2.-f1.d2.-f0.r0.-d2.r0.-f2.r0.d1.d0.-f1.r1.-f0.-r1.f1.f0.-r2.-d1.-r1.d1.r2.-d1
856,-f2.r2.-r0.-d0.-d0.f2.-d0.f0.-d0.-d0.-r0.f2.f2.d2.-f0.-f2.r2.r2.d2.-r0.-r0.d2.-f0.-f0.f2.f2.r2.r2.d2.d2.r2.f1.-d1.-f1.d1.-r2.d1.f1.-d1.-f1
857,-d0.-f1.-r2.f0.-r0.-d2.-f2.d2.-f1.-r0.-f0.r0.f0.f0.r2.d0.r1.f2.d1.-f2.d1.-d0.-r0.-d1.r0.-d1.d0
858,r1.-f0.r1.-d1.-r2.d0.f0.-r2.-f1.-d1.-d1.f1.d2.-f1.r0.-d2.-r0.d2.-f0.-d2.f1.f0.-d0.r2.-d2.-r2.d0.r2
859,-d1.r1.f2.d0.f1.r0.-d0.-f2.f1.-r0.-d0.-r2.-d2.r2.-f2.-d1.-f2.d1.-f1.-d2.r0.r0.d1.r0.-d1.r0.d2
860,-r0.-r0.-r2.-f0.-f0.f2.r0.d0.-r2.f0.-r0.-r0.f2.d2.-r0.-r0.-f0.-f0.d2.d2.-f0.-f0.f2.f2.d2.-d0.r1.d1.r1.-d1.-r1.-r1.f0.f1.-r1.-f1.r1.-f0
861,f1.d2.-r2.-d1.f1.r0.f0.-r1.r0.-d0.-f2.-r0.f0.-r2.-f2.r2.f2.-r0.d2.-r0.d2.f0.r0.-f0.-d2.f0.-r0.-f2.-f0
862,-f2.-d2.-r2.-f0.-r0.-r0.-d0.-d0.-r0.-r0.-f2.d0.-r2.f2.-d2.f0.d0.r2.r2.d2.d2.f2.f2.d2.-f0.-f0.-r0.-r0.-d0.-d0.f2.f2.r2.r2.-r0.d1.-r1.-d1.r1.r0
863,f0.f1.f0.f2.f2.d0.-r2.d0.-r0.-r2.-f2.-d2.-f2.r2.d2.d2.f2.f2.-r0.-r0.d0.r2.r2.d2.-f0.-f0.-d0.-d0.f2.f2.d2.-f2.-r1.-d1.r1.d1.f2.r1.f1.-r1.-f1
864,r2.d2.-d1.r2.d2.r1.f0.-d1.f0.-d0.f1.r1.f2.d2.-d1.-r2.-d2.r2.d1.d2.-r1.-f2.-r0.-f1.d1.r0.-d1.-f0.d1.-r0
865,f2.-f1.-r2.-f0.-d0.-f0.-d2.-f1.d1.-d0.f2.r2.r1.d0.-f1.-f2.-f1.d2.f1.-d2.f2.f1.r2.-d0.f0.-d0.-f0.d2.d0.-r2.f0
866,d0.-f0.r2.-d2.-f1.d1.-f2.d0.-f2.d1.r1.-d0.-f0.f1.f1.-f0.d0.-f2.-d2.-d0.r1.d0.-f1.-r1.f1.f1.r1.-f0
867,-f0.-r1.-f1.-d2.-r1.f0.-f2.-d2.f2.r0.d0.f2.f2.-f1.-r0.d1.d1.r0.d1.r2.f1.-d1.-f1.r2.-f1.-r0.f1.-r2.-f1
868,d1.r2.-r0.-f1.-d2.d1.r0.-d0.-f2.r1.d2.r0.-d1.-d0.f1.-d1.-f1.-d2.-f2.-r1.-f2.f1
869,d1.d1.f1.d2.r1.-f2.-r0.-d2.r1.d0.r2.r2.d0.f1.d0.-r0.-f2.-r2.f2.-d0.-r1.d0.-f2.f0.-r2
870,-f0.-d2.f2.-f1.d2.-r2.-f1.d1.d1.-r0.d0.-r0.-d2.-r1.-d2.-f1.-d1.-r0.-f0.r0.d2.-r0.f0.r0.f0.-d2.-f0.d2.r1.-f0
871,-f2.f1.r2.-f0.r2.-d2.-f1.r0.d1.-r0.d2.f0.-r2.-f0.-r2.-d2.f2.-f0.d2.r2.f0.-r2.f0
872,f0.r2.-d1.d0.-f2.d0.-r0.f0.-r0.f0.d2.f0.r0.-f1.d1.f1.d2.-d1.-d0.r2.f1.-r2.-d2.f0.f0.d1.d0.r2.-d1.-r2.d2.r2
873,d2.-f2.f0.-d2.-r0.-d1.-f2.-d2.-f2.-r1.-f0.d2.d2.-r0.d2.r0.-f1.r0.r0.d2.d2.f1.d1.f0.-d0.-f0.-d1.f0.d0
874,r2.d2.-f0.d2.-f2.-r2.r0.d0.r1.d0.f0.r2.d2.d2.-r2.-f0.r2.f2.-d1.-f2.d2.-r2.-d1.-f0.-d1.-f0.d1.f0.d1.-r1.f2.r1.f0.-r1.-f2.r1
875,-d1.-r1.-d0.-r0.-d0.-f1.r0.f0.-r2.d1.r0.f2.f1.r2.-d1.-f1.-d2.-f2.f1.r2.-r1.-r0.f2.f0.-d2.f1.d0.-f1.d2
876,d2.r0.d2.-r2.r1.-d2.-r1.d0.d1.r1.f0.-r0.-f2.-r2.d2.-r2.d1.-r1.f2.r1.-f2.-d1.-f2.-r2.-d2.-f2.r2.d2.-f0.-d2.r1.d2.-r1.f0
877,d0.f1.f1.r1.f2.d0.f0.d2.-f2.r2.r2.-f2.-r0.-d0.-r0.-r0.f2.r2.r2.-d0.-d0.r2.r2.-d2.r2.r2.f2.f2.-r0.-r0.d2.-f0.-r1.d1.r1.-d1.f0.f0.r1.-f1.-r1.f1.-f0
878,-f2.-r2.f2.f2.d0.-f0.-f0.d2.f2.-r0.-r0.f2.-d2.-r2.-d0.-d0.-f0.-f0.-d2.-d0.-d0.r2.r2.f2.f2.r2.r2.-f0.-f0.d0.-f2.r1.f1.-r1.f2.-f1.d1.f1.-d1.-f1
879,f1.r2.-d1.r2.d2.d2.-d1.f2.-f1.-r1.-d2.-f1.r0.-d1.-f2.-f0.r0.r0.d2.-r2.r0.d2.r2.-d2.-r1.d2.r1.f0.-d2
880,d0.d2.f1.r1.r1.f2.r2.-f0.f2.f2.r2.r2.-d2.-f0.-f0.r0.d2.f0.-f2.d2.r2.r2.d2.-d0.-d0.r2.r2.-f0.-f0.d0.f2.r1.-d1.-r1.d1.-f2.f1.d1.-f1.-d1
881,r2.-r0.-d1.r2.-f2.d0.-f2.-d1.-f2.-d2.-f2.-f2.-r1.-r0.f1.d0.r1.r0.f2.d2.-f2.f1.d2.-r1.-d2.r1.-d2.-f1.-d0.f1.d2.-f1.d0
882,f2.d0.d0.f2.d0.f0.-d1.f1.d2.-d0.-r0.d2.-r2.-d2.-r1.f1.-r2.-f2.-d2.-f1.-f0.d2.r2.f2.-d2.-f2.-r2.-r0.f2.-d0
883,f0.f0.r0.f0.d2.d2.r0.f0.d0.-f0.-f0.r2.d2.r2.-f2.-d2.r2.r2.f2.f2.d0.r2.r2.-f0.-f0.r2.r2.-d0.-f0.-f0.-d0.f1.d1.r1.-f1.-d1.-r1
884,f2.r2.f2.-f1.d1.f0.r0.-f2.r2.-d0.-f0.r2.-d0.-f0.-r2.-d2.f2.f2.-d2.r2.-d2.-r2.d2.f2.f2.-f0
885,-r1.f1.-d2.-f2.r0.f2.r2.-d0.-f1.r0.-d0.f2.r1.f1.-r2.-f1.f0.d0.-d2.r1.f0.-d2.-f0.d2.-f0.-r1.f0.-r2.-f0
886,-r2.-f2.-d2.-r2.-f2.-r2.-d2.-f1.d1.d0.f0.-d0.r2.-f2.-f0.-r0.f0.-r1.f2.r2.r1.-f0.r0.f0.r2.r2.-f0.-r1
887,-r0.-d0.f0.-r2.r1.d2.-r0.-r1.-d0.r1.-r0.f1.-f0.-d1.f2.f0.-d2.-f2.d2.-r1.d2.d0.-f1.r0.-f1.-r0.f1.-d2.f1
888,-f2.r0.-f2.d2.r1.-d1.d0.f0.-d1.-r0.d2.-d0.-r0.d1.r0.-d1.f2.-r0.-r0.d2.r0.r0.d0.r0.r0.-d0.-r0.f0.-d2.-f0
889,r1.d2.-d1.-f1.r0.-f0.d0.r2.-f2.d2.-f2.d2.d0.f0.-d0.-r0.d2.r0.-d2.f1.d2.-r1.-d1.r1.d1.d0.r1
890,-f2.f1.f1.r1.-d2.-f0.-f0.-d0.-f2.r2.r2.d2.d0.-r0.-r0.-d0.-r2.f0.f2.f2.d0.f2.f2.d2.r2.r2.d2.d2.-r0.-r0.-d2.-r1.-f1.r1.f1.-d0.r1.-r2.-d1.-r1.d1.r2
891,-d2.-f2.r0.d1.-f1.r0.f2.-r2.f0.-d1.f0.d0.f2.-r2.-f2.-d0.-r2.-f2.r2.-d1.-r2.-f1.-r2.d2.f1.-d1.-r2.d2.r2.d1.-r2.-d2.r2
892,-r1.f2.-r0.f2.f2.d2.-r0.-r0.-d1.-r1.d2.-f2.r2.-d0.-f2.-d1.-f2.f1.r2.f1.-r2.-d0.r2.f1.-r2.d0.f2.d1
893,-r2.r1.f0.r2.-d1.-f0.-d2.r2.f2.-f0.d2.d2.d0.-f2.-d0.r0.d2.r2.-d0.-r2.d0.r1.-d0.r2.d0.f0.d1
894,-f0.r0.-f2.f0.-d1.r1.r1.d0.-r0.-f2.f0.f1.-d0.-r0.f2.r0.-f2.d0.-f1.f2.-d2.-f1.-d0.r0.f2.-r0.f1.r0.-f2.d2
895,d0.r2.-f2.-r2.-f0.r0.r0.-d1.d2.d2.r0.d2.-r0.-d1.-f1.-d0.f1.r0.d0.r0.f2.d0.-f2.-d0.-f2.r1.f2.-r1.-r0.d0.d0
896,r0.d2.d2.-f1.r0.-d1.-f0.r2.-f1.r2.-f2.-d0.-r1.-d2.f2.f2.d2.-r2.-f1.r2.d1.r0.d0.d0.-r0.-d0.r0.f0.r0.r0
897,-f2.r0.-f0.r2.f1.-d2.-r0.f1.r2.d0.-f2.r0.r2.-d0.-f2.f0.-r2.d0.d0.r2.d0.r0.-f2.d0.f2.-r0.f2.-r1.r0
898,-r1.-f2.d0.f0.r0.-d2.-d2.-r2.f1.d2.f0.r0.-f1.-r0.-f0.-r0.-d2.r0.d2.-f2.-f0.d1.d1.-f2.d1.-f0.-d1.f2.d1.f0
899,-r0.f0.r2.f2.d2.d0.f2.d2.r2.f2.-r0.f0.f2.f2.d2.-f0.-f0.-d0.-d0.-r0.-r0.r2.r2.-d2.-f0.-f0.d0.r2.-d1.-f1.d1.f1.r2.-f0.d1.-f1.-d1.f1.f0
900,-d0.-r0.-f1.r2.-f2.r2.-d2.-f2.-r1.-f0.-d0.f0.d0.-r2.-f0.r2.-f2.-d1.-f0.-r2.f0.d0.f1.-d0.-f1.d1
901,d2.r0.-f2.f0.r2.f0.d0.f0.r1.r0.-f1.-d2.f0.d0.r0.-f0.r2.-d0.f2.-d0.r0.-f2.r0.r0.-d2
902,-d0.r0.r0.-f1.-d1.-f2.r1.f1.-f0.-d0.f0.r0.f1.r0.-f2.-d2.f0.-d1.r1.-f0.r2.-r1.-d0.-r1.-r0.d0.-r2.f0
903,f0.r1.-f1.-d2.r0.r0.-d0.-d0.f0.-d0.r0.f2.d2.d0.-r2.f1.d2.-f1.-f1.-d2.f0.d2.f1.d2.f1.-d2.f1.r2.-f1.-r2.-f1
904,-r1.-f0.r2.-f1.r2.d2.-r1.f0.d2.d1.-f1.-r2.-f2.-f2.f0.d2.-f0.-r0.-f1.r0.r2.f0.-r2.-f0.r0.d2.r1.f0.-r2.-f0.-r1.f0.r2.-f0
905,f0.-d1.-f1.r1.d0.-r0.d2.r0.f2.-r0.-d2.-f2.f0.r2.-d2.-f1.r0.d1.-r0.d1.r2.-r1.-f1.r1.-f1.-r1.f1.-r2.f1.r1.-f1
906,r2.-f1.-r0.-r0.d2.-f0.-r2.-d2.-f0.-d0.-r2.-f2.-d0.-r0.-d2.-r0.-r0.d2.f2.f2.-d0.r2.r2.f2.f2.d2.d2.-d0.-r0.f1.d1.-f1.-d1.-r0.d1.f1.-d1.-f1
907,-f1.f0.-d0.-f1.r1.-d0.r2.-f0.f1.-r0.d1.r2.-d2.f2.d2.-f0.-r2.r0.f0.r1.-f0.r2.d0.-r2.f0.-r1.d1.r2.d0.-r2.-d1.r2.-d0
908,-f2.-r2.f1.-r2.d2.f0.-r0.-f1.-d2.r1.-d2.f1.r2.f0.-d1.-f2.-d2.f0.f0.r2.d2.-f2.-r0.d2.r0.-d2.f2.d1.d0.-f2
909,f0.-r2.d2.r1.-d1.f0.r2.-r0.-d1.r1.d0.r0.d0.-f2.-d0.-r1.-r0.d0.-r2.-f0.d2.-r1.-d2.f0.r2
910,-r0.-f1.r0.-d2.d1.-f1.-d2.-f2.-d0.-f1.-d1.r1.-r2.d0.f2.d2.-f1.r0.-d2.f0.d0.-f0.-d0.-f2.-d1.f2
911,r2.d0.-d1.d2.d2.r2.d0.-f2.-r0.-d2.f2.-r0.-f2.r2.d0.r2.r2.f2.f2.-d2.f2.f2.-d0.-d0.-r0.-r0.f2.f2.d0.r2.-d1.-r1.d1.-r2.d1.-f1.-d1.r1.f1
912,-r0.-f0.-d0.-r0.f2.-r1.f0.d2.f2.d1.d2.-r0.-f0.d2.-f0.-r0.d2.-f0.d2.f2.d2.-f2.f0.-r2.r0.f2.-r0.-f2.d2.f2.r0.-f2
913,-r1.-d2.d0.r2.-f2.-f1.d1.d2.-f2.-r2.-f1.-d0.-f2.d0.-r2.-f2.-d0.f2.r2.d2.-f2.f1.r2.-f1.d0.f1.-d0.-r2.f2
914,-r1.f1.d2.-f2.r0.f0.d0.d0.f0.f0.-d1.-r1.d0.d1.-r0.d0.r0.d2.-r2.-d0.-d1.-r1.f1.f1.r1.f1.-r0.f2.r0.-f1.-r0.-f2.r0.f1
915,f0.r2.-d0.-f2.d2.-d0.-r2.d2.-d1.-d0.-f0.d1.-r1.f0.-r2.r0.f1.-f0.r1.f0.-d1.-f0.r2.-d1.r0.-d0.-r2.-r0.f0
916,r1.d2.-f0.-r2.f2.r1.d1.-f0.-d2.-r2.d2.-r1.f0.d1.-f1.r0.-f2.r0.d0.-f0.-r0.-f0.-d0.f2
917,-f2.r2.r2.-d1.-f2.-r0.-f0.r0.r0.d2.f2.f0.-d2.r1.r2.d0.-f0.-d0.-r0.f0.r1.-f0.-r1.-r0.-d2.-f2.r0.-f0.-r0.f2.r0
918,-d2.r2.d0.r2.-f1.d2.f1.-r1.-f2.r2.-d2.-d2.r1.d2.-r1.-d0.f0.d2.-f0.-d1.-f2.d2.r1.d2.-r1.-d2
919,-r2.-d2.d0.-f2.d1.r1.-r0.-f0.d1.f1.f0.r2.-f0.r1.d0.f1.d2.-f1.-d0.f1.r2.-d0.-d1.-r1.f1.r1.-f1
920,-d2.r1.d2.d2.r2.r2.-d2.d0.f0.-r0.r2.f2.r0.d2.d2.-f0.-d0.-r0.-r0.-d2.-f0.-f0.r2.r2.-d0.-f0.-f0.d0.-r1.-f1.-d1.f1.r1.d1.-f0.f1.-r1.-f1.r1.f0
921,-r2.r0.f1.d0.-r0.-d1.f1.d0.-r1.f0.-r0.-d0.-f2.-r2.r0.f1.r1.f0.d0.-f0.r1.r1.-f1.-r0.f1.r1.f2
922,f2.-d2.d1.f1.-r1.-f0.r2.-f0.r1.f2.r0.r0.d0.r1.f0.-r1.-d0.f1.d2.r2.-f1.-r2.-d2.d0.f1.d2.-f2.-d2.-f1.-d0
923,-f2.r0.f2.-d2.r2.-r1.-f0.-d0.f0.d2.-f0.r0.r0.d0.-r0.d0.r0.-d0.-r2.-f2.-d0.f0.d0.f2.-f0.d0.r2
924,d0.d2.r1.-r0.-r0.f0.d2.r2.-f2.-d0.r2.-d0.-d0.r2.-f2.-r0.d2.r2.r2.d2.f2.f2.d0.-r0.-r0.d2.d2.d0.f2.f2.f1.-f2.r1.-f1.-r1.f2.r1.f1.-r1.-f1
925,f2.-d2.d0.-r1.-d0.r2.f0.-r1.-d2.-f2.-r2.d1.-f2.d2.r2.r2.f2.d2.-f2.r2.-d1.r1.d0.r2.-d0.-r1.-d2.f1.-d1.f0.d1.-f1.d2
926,-d1.-f0.r2.f0.-r0.-f1.d1.-d2.f1.r0.f1.d0.-f0.r0.f0.-r0.d0.f2.f2.d2.-f2.d0.f2.-r0.-d2.r0.-f2.-d0
927,r1.-f2.d1.-f1.-d2.-f1.r2.r2.-d0.f0.r0.-f0.-d0.-f0.-r1.f0.-r2.d0.-f0.d1.f2.r2.d0.-r2.-f2.-d1.-d0.r2.-f0
928,-d0.-r2.-d2.d1.r2.f2.-d0.-f1.-f1.-r2.-d0.-r2.f0.f1.d1.r1.d0.-r1.-d0.-r2.-f1.-d0.r2.d0.-r2.-f2.f1.-r2
929,-f2.d0.r0.f0.-d2.r2.-r0.-d1.-f2.-r2.-r1.-d2.r2.r1.-f2.-d1.-r2.d2.-r2.-r1.d1.-f2.d0.f1.r2.f1.-r2.-f1.-d0
930,r1.f2.f2.r1.-d0.r0.d2.-r2.f2.-f1.-r2.r0.-f0.r2.-f1.-d0.f1.r0.-f0.r2.r2.-d1.-f1.f0.r1.f1.f0.d1.f0.f0
931,-f2.-r0.-f2.f0.-d0.-f2.d0.d0.-r1.-d2.-r0.r1.f0.-d2.-r0.-d1.-r2.d0.f0.-r1.-f0.r1.-d0.-f1.r2.-f0.-r2.f1.r2
932,-r1.-f2.d2.f2.-d1.f0.-d2.d0.f0.-d2.-r0.d0.f0.-d2.-f0.d2.d0.r0.d0.-f2.f0.-r2.f2.r2.-f0.-d0
933,f0.-f2.-d2.-r0.-f0.-f0.f2.-r0.-r0.r2.r2.d0.-r2.f2.r0.-f0.-r0.d2.d2.-r0.-r0.d2.r2.r2.d2.-d0.-f0.-f0.f2.f2.-d2.-r0.-r0.f1.-d1.-f1.d1
934,f0.-d0.r0.d1.-f1.-d0.r2.-f0.r2.d1.d1.-f2.-d2.-d0.r0.d2.-f1.r2.-f2.r1.f2.-d2.f1.-r0.-f1.-r2.f1.r0
935,-r2.r0.d2.r2.-r1.f1.d0.-r0.-d2.f2.-r0.-f2.-d0.-r1.-r0.-d0.-r0.d0.-f1.-f0.d0.f1.-r1.-d0.-r1.-r2.f0.-r1.-r1.-f0.r2.f0.r1
936,r0.d2.f1.d1.d1.r2.r2.-f0.-d0.r2.r2.-d2.r0.r2.r2.-f0.d2.r0.-f0.-f0.-d0.-r0.-r0.-d0.-r0.-r0.r2.r2.f2.f2.d0.f2.f2.-r1.-f1.r1.f1.-d0.d1.f1.-d1.-f1
937,-f2.r0.f1.-d0.r0.d1.-d0.f2.-d2.-f0.-d1.-r0.f1.d1.f0.-d1.f2.-f0.-r1.-f2.d1.-f2.-d1.f2.f0.d1.r2
938,-r1.f0.-d2.r2.-d2.d0.-f1.-r2.d1.-f1.f0.r2.-r1.f1.-d1.-r0.f0.-d0.-f1.d0.-f0.-d0.r2.-d0.-r2.d0.-r2.d0
939,f0.-r2.d1.f1.-f0.-r1.-d2.f2.f2.d2.f1.d1.-r1.-r0.-d0.-f1.-r0.f1.r0.-f2.-d2.r0.-d2.r1.d2.-r0.d2
940,d1.r0.f2.-d0.r2.d1.-f1.-d0.-d2.r0.-d0.-r1.r0.-d0.-r1.d0.-r1.f1.r1.d2.-f0.-r1.-d1.r1.d1.-r2.-d1.-r1
941,d0.-f2.r0.-d1.-f2.f0.r1.f0.-d2.d0.r2.-r1.f0.-r2.-d0.r2.-f0.r2.r2.-d1.d0.f1.-d0.f0.-r2.d0.-f1.-d0.-f0
942,-d0.r2.-f0.-r1.-d2.d1.-r1.d2.-d0.r0.-d1.f2.r0.-d0.-r2.r1.-d0.r2.d0.f2.f2.d2.f2.-d2.f2.-r1
943,d2.f0.-r0.-d2.f2.r0.-d2.f0.d2.f2.-r0.d0.r2.-d0.-r0.-r0.r2.r2.-f0.-f0.-r0.-r0.-d0.-d0.-r0.-r0.d0.r0.-f1.-d1.f1.d1.-r0.f1.-d1.-r1.d1.r1.-f1
944,r0.r0.d0.f0.-d0.-r2.-d2.d0.-f0.-d0.-d0.-r0.-r0.r2.-d2.-r0.-r0.d2.d2.r2.r2.-d2.f2.f2.d2.f2.f2.-d0.r0.-d1.-r1.d1.r1.-r0.f1.-d1.-f1.d1
945,f0.r0.-d2.d0.r0.d1.r2.r2.-d0.f2.f2.-r2.d0.f0.-d0.-f2.-r1.d0.r0.-d0.r1.d0.f0.r0.-f2.-r0.-f0.r0.f0
946,-r0.-d0.r2.-f2.d2.-f1.-r0.-d0.r1.r0.d1.-f2.d0.d2.r0.d2.-f0.-d2.-f2.-d1.-r0.d1.r0.f2.-r0.f0
947,-d2.-r0.f2.r2.-f0.d0.-f0.-r0.f2.r0.-f0.d0.r2.r2.f2.f2.d2.r2.r2.-f0.-f0.-d0.-d0.-f0.-f0.-d0.-d0.-f0.-f0.r0.-f1.-d1.f1.d1.-r0.f1.-r1.-f1.r1
948,f2.d1.f2.-d1.-r1.-d0.-f2.-r2.-d0.-f0.-d0.-r2.-d0.r2.r2.d2.-f0.r1.f0.-r1.-r0.d2.d0.f0
949,-d2.f0.r1.-d0.f0.-d0.-r2.f2.d0.-f2.-f2.-d2.r0.-d1.r0.d1.r2.-r0.-f0.r1.-d1.f0.d1.r0.-d1.-f0.-r0
950,d0.-r2.d2.-f1.-r2.-f1.-d2.r0.-f2.-r2.d1.f0.r0.-f0.-r1.d1.-f1.-d1.f0.r1.-d2.-r1.d2.f2.-r2.-f2.r1.f2.r2.-f2
951,d2.-r0.-f1.-d1.f2.r1.r1.-d2.-r2.d0.r0.d1.r1.d2.-r2.d1.-f0.r2.d2.f1.-d2.-d0.-r2.-d1.r1.r1.f0
952,r2.d1.f2.d0.r2.f1.-r0.-d2.d0.f1.r2.r2.r0.-d1.-f1.-d0.f1.-d1.-r0.f2.r0.-d2.d1.d1
953,d0.r2.d1.r0.-d2.f0.f2.r2.f2.f2.-r0.-f0.-d2.r2.-f0.-f0.d2.-f0.-f0.d2.-d0.r2.r2.-f0.-f0.-d0.f2.f2.-d0.f1.-r1.-d1.r1.-f1.d1.r1.f1.-r1.-f1
954,-d0.r2.-f2.-f0.-r2.f1.r1.-d2.-r1.-d2.-f2.d2.-r2.f0.r2.-d2.d1.-r0.f2.-f1
955,-d2.-d1.-f0.r1.f1.-d2.r0.-d0.f1.-d0.-f2.r2.-d0.f1.d0.d0.f0.d0.r2.d0.-r2.d0.d0.f0.-d0.-f2.-f0
956,-r0.f1.f1.d1.r0.f0.-r2.-d0.-d0.f0.r2.r2.-d0.-f0.-d0.f2.d0.-f0.-f0.-d0.r2.r2.-d2.-f0.-f0.-r0.-r0.-f0.-f0.f2.f2.-d2.r0.-r1.d1.r1.-d1.-r0.f0.f1.-d1.-f1.d1.-f0
957,-f2.-r2.r1.f2.-r1.-d2.-f1.d2.f0.-r2.-f2.-d2.-r2.d0.d0.-f0.r2.d2.-d0.-d1.-f0.-d2.r0.f0.-r0.-f0.-d2.f0.r0
958,f0.r2.-r1.f1.d2.f0.d2.r2.f0.d2.-r2.f2.f1.r2.-d1.-r1.d1.r1.-f0.-d0.f2.d2.f1.d1
959,d2.f2.r2.f2.d2.r1.-d2.d1.-f1.-f2.-r0.f2.d2.r0.d2.f0.-r0.-f0.r0.-d2.-r0.-d1.r0.r0.-d0.-f2.d0
960,f0.d0.f1.r1.r1.r2.-d2.d0.-f2.-r0.-d2.-r0.d0.-f2.-r0.-d0.f2.f2.d2.-r0.-r0.-d2.-f0.-f0.d2.d2.-r0.-r0.r2.-d1.f1.d1.-f1.-r2.f0.r1.-f1.-r1.f1.-f0
961,-f2.d2.f2.r2.-d2.-d0.-f2.-r2.d2.-r0.-r0.f0.-r0.-f2.d2.-r0.-r0.-d0.r2.r2.d0.-r0.-r0.-d2.-r0.-r0.d2.f2.f2.-r1.-r1.-f1.-r1.f1.-r1.f1.r1.-f1.-r1
962,d2.f2.d1.-d0.r1.-f1.-d0.f1.-r2.d1.-f1.-r2.-d0.r2.d0.f1.f0.d2.f2.-f0.r0.f0.-r0.-f0.-r0.-f0.-f0.-r2.f2.r2.-f0.-r2.-f2.r2
963,-r2.-d0.-r1.-f2.d0.r0.-f1.-d0.-r2.r0.-f2.-d1.-r2.-f2.-d1.f2.r2.d1.r2.d1.r0.-f2.r1.f2.r2.f1.-r2.-f2.-r1
964,f1.-r2.-f1.d0.f1.d0.f2.f2.-d2.d1.r2.r1.d2.r0.f2.-r2.-f1.-r0.d2.f0.r1.f1.r1.f2.-r2.-f2.-r1.-f1
965,r0.f0.d2.-f1.-r1.-f2.-r0.d2.-f1.-d1.d0.r2.d2.-r2.-f0.r2.d2.d2.f0.-d2.-r2.-d1.-d0.-r0.-f1
966,-d2.f1.-r1.d0.-f1.-r0.d0.f2.-r0.d1.r2.d2.f2.-d2.-f2.r1.-d2.-d1.r0.d2.-r1.-d2.r1.-r0.d1.-f0
967,-d0.f2.f2.-d0.-r1.-d0.f1.-d1.f1.r0.r0.d1.-d0.-r1.-d1.-f2.-r2.f2.-r0.f1.r1.d2.-r1.-d2.-f1.r2.r0.d1.-f0
968,d2.d2.-r0.r2.d2.-r0.f0.-r2.-d0.f2.-d2.-r2.d2.r2.r2.-d2.-r0.-r0.d2.r2.r2.-d2.-r0.-r0.-d0.-d0.r2.r2.-d1.r1.-f1.-r1.d1.f1.-f0.f1.-d1.-f1.d1.f0
969,f1.r2.-f1.r2.-f0.d0.f0.-d2.d1.-f1.-r0.d0.-f2.r0.-f0.r2.f2.d2.-d1.r2.d1.-r2.-d2.-f2.f0.d0.r2.-d0.f2
970,-d0.r1.f1.d1.f1.d0.f1.r2.-d2.r2.-r0.f1.-r0.d1.r0.f2.-r0.-f2.d0.-f1.r0.d0.-f2.-r2.d0.-r0.-d0.r2
971,d2.-f2.-d0.-r1.f1.r0.f2.f2.f0.-r2.f0.-r2.-f0.d1.r2.f0.-d2.r0.d2.r2.-r0.d1.f2.d0.-f2.-d1.f2.-d0.-f2
972,-f0.-d0.-f1.-r0.f2.-r0.-f0.-d0.f1.d1.d1.f2.-d2.f0.-d2.f2.r0.f0.-r2.d2.r2.d2.d2.r2.d0.-r2.d2.d2.r2.-d2.-d0.f0
973,f1.r0.-d1.-r2.-f0.-f0.-d0.-d0.-r0.-f2.f1.-r2.r0.-f2.r2.-f1.-d0.-f1.d0.-f2.r2.f2.-r2.f1.r2
974,-r0.-d0.-f2.r2.d1.f2.-d1.-f0.-r2.-f2.-d1.f1.-d0.r2.-d2.d1.-r1.-d1.f2.d1.-f2.-d0.-r1.d0
975,-d0.-f1.-d0.r0.-f0.d1.f1.-d2.r2.-d0.f0.d2.-r2.-d2.r2.-d0.-r2.d2.f2.-r2.-f1.r2.-f2.-r2.f1.r2.r2
976,d1.-d0.-f2.r2.f1.d0.f2.-f0.r0.-d2.-f2.r1.f0.d1.r2.f2.d0.f1.r1.-d0.-r1.-r1.-d2.-r2.-r0.-f0.d1.f0.-d1.f0
977,-r0.-f2.-f0.-f0.r0.r2.-d0.f2.d2.-r0.f2.-d0.r2.-f0.-f0.d0.-f0.-f0.f2.f2.-d2.f2.f2.r2.r2.-d2.-r0.-r0.-d0.r1.-r2.d1.-r1.-d1.r2
978,-r2.r0.-d0.f2.r1.-d0.r1.-f1.-d0.-r1.d2.r2.r2.d2.r1.-r0.d2.r1.r0.f0.-d2.-f0.d2.f0.-r0.-f1.r0.-f0.-r0.f1
979,-d1.r2.-f0.-r0.-d2.f1.-f0.d2.-d1.-f0.-d0.-f0.-r0.-d2.-r2.-f2.d2.-f1.d0.-r2.f2.-r1.d0.f0.-d0.r1.r1.d0.-f0.-d0.-r1
980,-r2.-r1.-f1.d0.-r2.f1.f0.-r2.f0.d2.r2.-f0.-r0.-f0.-d0.-r2.r0.f0.-d1.f0.-d2.r0.d2.-f0.d1.f0
981,r2.-d2.-f0.-r2.f2.r0.-d0.f0.-r0.-d0.-r1.d0.f0.r2.f2.f1.-r0.-f1.d0.d0.-f0.-d0.f1.-d0.f1.d0.-f1.d0.-r1.f0.-r0.-f0.r1.f0.r0
982,-r0.-d0.f0.r0.d2.f1.r2.d0.-r2.-r0.d2.r0.-d2.-r0.-d1.-r1.-d0.-f2.-d2.-f2.-r2.f2.d2.f2.r2.f2
983,-d0.f1.r1.r1.f0.d0.r2.-f0.-d0.r2.f0.r2.f0.r0.d2.d2.-d0.-r0.-r0.f2.f2.d0.f2.f2.r2.r2.d0.-r0.d1.-r1.-d1.r1.r0.-f0.-d1.f1.d1.-f1.f0
984,r0.-d2.r0.-f1.-d0.-r2.-r1.-f0.r1.d1.-f2.-d2.r0.f1.d0.-r2.d1.-r0.d2.-f1.-d2.f1.r0.-f1.-d1.f1.d2.-f1.d1.f1
985,f1.r2.-d2.f1.-d2.r2.d0.-f1.r2.r2.-d1.d2.d0.r2.d1.r2.-f1.-r0.-f1.r0.f1.f1.d2.-d0.-f1.-r1.f1.-r2.-f1.r1.f1
986,d1.-r1.r0.f2.-d1.r2.r2.f2.d0.r0.-f2.-f0.-d0.f0.-r0.d2.-f2.-d0.f2.-d2.-f2.r2.f2.-r2.d1.-d0
987,-r1.d1.-f1.-r0.f0.d1.-r0.f1.-f0.-d0.f1.-r2.-f1.d2.d2.d1.r1.-d1.-r1.-d1.-r0.-d2.f0.r0.f2.r1.-f2.-r0.f2
988,d1.f2.-f0.-d0.f0.d2.-f2.d2.r1.d2.f1.-f0.-r1.-d0.-f1.d0.-f1.d2.-f0.-d2.d1.f1.-d1.-f1.d1.f1.-d0.-f1.d0.-f2.-r2.f2.r1.-f2.r2.f2
989,r1.-d0.f2.-f1.-d0.r2.f0.-r2.f1.r0.d1.-r2.r1.-f0.-r2.f2.f0.-r1.-f2.r1.r0.-f0.r2.d2.f1
990,f1.-d0.f0.-r0.d2.-r2.d2.r1.f0.-r2.f0.r2.-r1.-d1.-r1.-d0.f1.d0.-r0.-d1.-d1.-f2.-d1.f2.d1.d1.r0.f1
991,-f2.r1.d0.f0.f0.-d2.-f2.r0.d2.f0.-d2.d0.-r2.f2.r2.d0.-f2.d2.-d0.-r1.-d2.-r0.-f0.r0.d2.r1.-d0
992,f1.-f0.-d2.-f1.-r2.d2.-r1.-f2.r2.r2.-f0.r1.-f0.r0.-f2.r2.-f1.-r1.-r0.-f2.-d1.-d0.-f1.-d2.r2.d2.r2.f1
993,f1.f1.-r1.f2.d2.d2.r0.d2.d2.-d0.-d0.-r0.-r0.-d2.f2.-d2.r0.d2.r2.r2.-f0.-f0.-r0.-r0.d2.r2.r2.-r1.-f1.-r1.f1.-r1.-r1.f0.d1.-f1.-d1.f1.-f0
994,f0.f2.d2.d0.-r2.-d2.-f2.-r2.f0.d2.-d0.-f0.-r2.-f0.-f0.f2.f2.-d0.-d0.f2.f2.d2.r2.r2.d0.-f0.-f0.-f1.-r1.f1.r1.-d0.f1.-r1.d1.r1.-d1.-f1
995,-r1.f2.d1.f2.-d2.f0.d0.r1.-d2.-r0.f2.f2.r1.r1.d0.-r1.-d0.r2.r2.r0.d0.r2.f0.-r2.-f1.r2.-f0.-r2.f1
996,-f0.r1.-d2.f1.-r2.-d0.-f1.-r0.-r2.-d0.-r2.-d1.-d2.-f2.-d2.-d1.r2.-f2.f0.r0.-f2.d0.-f1.-f0.-d0.-f2
997,r2.d1.f2.-r0.d0.-f0.-r1.-r2.f0.d2.d2.-f2.r2.d1.f0.-d1.-r2.-f2.-d2.f1.d2.f0.-d2.-f1.-r0.d2.-f0
998,d1.-f2.-d2.f0.-r0.-f0.d0.f1.-d1.-d2.r0.f1.f0.d0.-f2.d2.d0.f2.-d2.f1.-d2.-f1.-r0.d0.r0.d2
999,f2.-d2.f2.-d1.r0.-f1.-r2.r0.-d2.-f2.-d2.d1.-r1.f2.f2.r2.f2.-d1.r2.d1.-f2.r1.f2.-r2.-d2.-r2.-d2
1000,-f0.d0.-d2.-r0.r2.-f0.-d0.-d0.-r0.f2.r0.-f0.r2.r2.f0.-r0.-r0.d0.-f0.-f0.-d0.-d0.-f0.-f0.r2.r2.d0.r2.r2.d0.f2.f2.-r1.d1.-r1.-d1.-r1.f1.-r1.-f1
1001,-f1.f0.d0.-r1.r0.-d0.-r2.d0.-r1.-r0.f1.-d0.f0.d0.f1.-d0.-f0.-d0.f2.d0.d0.-r0.-d0.r0.-f0.-r0.f0
1002,f0.-f2.-d0.f2.r0.f2.f2.r2.r2.d0.f2.f2.-r2.-f0.-d0.-d0.-f0.-f0.-d0.-r0.-r0.-d0.f2.f2.d2.-f0.-f0.d0.-r2.d1.r2.r0.f1.-r0.r1.-d1.-r1.d1
