model params: 1,579,649
device: cuda
training: {'n_epochs': 4000, 'samples_per_epoch': 1000000, 'batch_size': 10000, 'k_max': 26, 'lr': 0.00156, 'weight_decay': 0.0, 'checkpoint_every_epochs': 250, 'n_back': 1, 'loss': 'mse', 'curriculum': True, 'amp': True, 'compile_model': True, 'fused_optimizer': True, 'bfs_table_path': 'data/bfs_table_d5.pkl', 'bfs_mix_fraction': 0.2, 'kociemba_walks_path': 'data/kociemba_walks.pkl', 'kociemba_mix_fraction': 0.1, 'device': 'cuda', 'seed': 7}
W0419 20:07:10.639000 1204 torch/_inductor/utils.py:1613] [0/0] Not enough SMs to use max_autotune_gemm mode
epoch    0 | loss 16.7636 | lr 1.56e-03 | 15.7s
epoch    1 | loss 6.7432 | lr 1.56e-03 | 1.5s
epoch    2 | loss 5.1407 | lr 1.56e-03 | 1.5s
epoch    3 | loss 4.6060 | lr 1.56e-03 | 1.5s
epoch    4 | loss 4.3415 | lr 1.56e-03 | 1.5s
epoch    5 | loss 4.1487 | lr 1.56e-03 | 1.5s
epoch    6 | loss 3.9480 | lr 1.56e-03 | 1.5s
epoch    7 | loss 3.8419 | lr 1.56e-03 | 1.5s
epoch    8 | loss 3.7125 | lr 1.56e-03 | 1.5s
epoch    9 | loss 3.5620 | lr 1.56e-03 | 1.5s
epoch   10 | loss 3.4826 | lr 1.56e-03 | 1.5s
epoch   11 | loss 3.3994 | lr 1.56e-03 | 1.5s
epoch   12 | loss 3.3362 | lr 1.56e-03 | 1.5s
epoch   13 | loss 3.2996 | lr 1.56e-03 | 1.5s
epoch   14 | loss 3.2424 | lr 1.56e-03 | 1.5s
epoch   15 | loss 3.2240 | lr 1.56e-03 | 1.5s
epoch   16 | loss 3.1577 | lr 1.56e-03 | 1.5s
epoch   17 | loss 3.1621 | lr 1.56e-03 | 1.5s
epoch   18 | loss 3.1673 | lr 1.56e-03 | 1.5s
epoch   19 | loss 3.0965 | lr 1.56e-03 | 1.5s
epoch   20 | loss 3.0737 | lr 1.56e-03 | 1.5s
epoch   21 | loss 3.0795 | lr 1.56e-03 | 1.5s
epoch   22 | loss 3.0429 | lr 1.56e-03 | 1.5s
epoch   23 | loss 3.0381 | lr 1.56e-03 | 1.5s
epoch   24 | loss 3.0383 | lr 1.56e-03 | 1.5s
epoch   25 | loss 3.0241 | lr 1.56e-03 | 1.5s
epoch   26 | loss 3.0065 | lr 1.56e-03 | 1.5s
epoch   27 | loss 3.0027 | lr 1.56e-03 | 1.7s
epoch   28 | loss 2.9793 | lr 1.56e-03 | 1.5s
epoch   29 | loss 2.9621 | lr 1.56e-03 | 1.5s
epoch   30 | loss 2.9567 | lr 1.56e-03 | 1.5s
epoch   31 | loss 2.9522 | lr 1.56e-03 | 1.5s
epoch   32 | loss 2.9726 | lr 1.56e-03 | 1.5s
epoch   33 | loss 2.9367 | lr 1.56e-03 | 1.5s
epoch   34 | loss 2.9296 | lr 1.56e-03 | 1.5s
epoch   35 | loss 2.9514 | lr 1.56e-03 | 1.5s
epoch   36 | loss 2.9172 | lr 1.56e-03 | 1.5s
epoch   37 | loss 2.9506 | lr 1.56e-03 | 1.5s
epoch   38 | loss 2.9166 | lr 1.56e-03 | 1.5s
epoch   39 | loss 2.9203 | lr 1.56e-03 | 1.5s
epoch   40 | loss 2.9292 | lr 1.56e-03 | 1.5s
epoch   41 | loss 2.9029 | lr 1.56e-03 | 1.5s
epoch   42 | loss 2.8907 | lr 1.56e-03 | 1.5s
epoch   43 | loss 2.8891 | lr 1.56e-03 | 1.5s
epoch   44 | loss 2.8647 | lr 1.56e-03 | 1.5s
epoch   45 | loss 2.8733 | lr 1.56e-03 | 1.5s
epoch   46 | loss 2.8945 | lr 1.56e-03 | 1.5s
epoch   47 | loss 2.8651 | lr 1.56e-03 | 1.5s
epoch   48 | loss 2.8621 | lr 1.56e-03 | 1.5s
epoch   49 | loss 2.8695 | lr 1.56e-03 | 1.5s
epoch   50 | loss 2.8611 | lr 1.56e-03 | 1.5s
epoch   51 | loss 2.8699 | lr 1.56e-03 | 1.5s
epoch   52 | loss 2.8471 | lr 1.56e-03 | 1.5s
epoch   53 | loss 2.8555 | lr 1.56e-03 | 1.5s
epoch   54 | loss 2.8600 | lr 1.56e-03 | 1.5s
epoch   55 | loss 2.8551 | lr 1.56e-03 | 1.5s
epoch   56 | loss 2.8643 | lr 1.56e-03 | 1.5s
epoch   57 | loss 2.8451 | lr 1.56e-03 | 1.5s
epoch   58 | loss 2.8431 | lr 1.56e-03 | 1.5s
epoch   59 | loss 2.8543 | lr 1.56e-03 | 1.5s
epoch   60 | loss 3.0056 | lr 1.56e-03 | 1.5s
epoch   61 | loss 2.8695 | lr 1.56e-03 | 1.5s
epoch   62 | loss 2.8346 | lr 1.56e-03 | 1.5s
epoch   63 | loss 2.8418 | lr 1.56e-03 | 1.5s
epoch   64 | loss 2.8368 | lr 1.56e-03 | 1.5s
epoch   65 | loss 2.8429 | lr 1.56e-03 | 1.5s
epoch   66 | loss 2.8076 | lr 1.56e-03 | 1.5s
epoch   67 | loss 2.8218 | lr 1.56e-03 | 1.5s
epoch   68 | loss 2.8184 | lr 1.56e-03 | 1.5s
epoch   69 | loss 2.8263 | lr 1.56e-03 | 1.5s
epoch   70 | loss 2.8096 | lr 1.56e-03 | 1.5s
epoch   71 | loss 2.8292 | lr 1.56e-03 | 1.5s
epoch   72 | loss 2.8086 | lr 1.56e-03 | 1.5s
epoch   73 | loss 2.8005 | lr 1.56e-03 | 1.5s
epoch   74 | loss 2.8109 | lr 1.56e-03 | 1.5s
epoch   75 | loss 2.8378 | lr 1.56e-03 | 1.5s
epoch   76 | loss 2.8029 | lr 1.56e-03 | 1.5s
epoch   77 | loss 2.7884 | lr 1.56e-03 | 1.5s
epoch   78 | loss 2.8075 | lr 1.56e-03 | 1.5s
epoch   79 | loss 2.8081 | lr 1.56e-03 | 1.5s
epoch   80 | loss 2.8041 | lr 1.56e-03 | 1.5s
epoch   81 | loss 2.7938 | lr 1.56e-03 | 1.5s
epoch   82 | loss 2.8086 | lr 1.56e-03 | 1.5s
epoch   83 | loss 2.7733 | lr 1.56e-03 | 1.5s
epoch   84 | loss 2.7760 | lr 1.56e-03 | 1.5s
epoch   85 | loss 2.7739 | lr 1.56e-03 | 1.5s
epoch   86 | loss 2.7901 | lr 1.56e-03 | 1.5s
epoch   87 | loss 2.8002 | lr 1.56e-03 | 1.5s
epoch   88 | loss 2.7649 | lr 1.56e-03 | 1.5s
epoch   89 | loss 2.7592 | lr 1.56e-03 | 1.5s
epoch   90 | loss 2.7818 | lr 1.56e-03 | 1.5s
epoch   91 | loss 2.7578 | lr 1.56e-03 | 1.5s
epoch   92 | loss 2.7738 | lr 1.56e-03 | 1.5s
epoch   93 | loss 2.7731 | lr 1.56e-03 | 1.5s
epoch   94 | loss 2.7672 | lr 1.56e-03 | 1.5s
epoch   95 | loss 2.7765 | lr 1.56e-03 | 1.5s
epoch   96 | loss 2.7374 | lr 1.56e-03 | 1.5s
epoch   97 | loss 2.7465 | lr 1.56e-03 | 1.5s
epoch   98 | loss 2.7500 | lr 1.56e-03 | 1.5s
epoch   99 | loss 2.7520 | lr 1.56e-03 | 1.5s
epoch  100 | loss 2.7404 | lr 1.56e-03 | 1.5s
epoch  101 | loss 2.7728 | lr 1.56e-03 | 1.5s
epoch  102 | loss 2.7509 | lr 1.56e-03 | 1.5s
epoch  103 | loss 2.7491 | lr 1.56e-03 | 1.5s
epoch  104 | loss 2.7489 | lr 1.56e-03 | 1.5s
epoch  105 | loss 2.7410 | lr 1.56e-03 | 1.5s
epoch  106 | loss 2.7427 | lr 1.56e-03 | 1.5s
epoch  107 | loss 2.7493 | lr 1.56e-03 | 1.5s
epoch  108 | loss 2.7405 | lr 1.56e-03 | 1.5s
epoch  109 | loss 2.7714 | lr 1.56e-03 | 1.5s
epoch  110 | loss 2.7343 | lr 1.56e-03 | 1.5s
epoch  111 | loss 2.7371 | lr 1.56e-03 | 1.5s
epoch  112 | loss 2.7132 | lr 1.56e-03 | 1.5s
epoch  113 | loss 2.7421 | lr 1.56e-03 | 1.5s
epoch  114 | loss 2.7340 | lr 1.56e-03 | 1.5s
epoch  115 | loss 2.7404 | lr 1.56e-03 | 1.5s
epoch  116 | loss 2.7257 | lr 1.56e-03 | 1.5s
epoch  117 | loss 2.7263 | lr 1.56e-03 | 1.5s
epoch  118 | loss 2.7323 | lr 1.56e-03 | 1.5s
epoch  119 | loss 2.7351 | lr 1.56e-03 | 1.5s
epoch  120 | loss 2.7416 | lr 1.56e-03 | 1.5s
epoch  121 | loss 2.7180 | lr 1.56e-03 | 1.5s
epoch  122 | loss 2.7280 | lr 1.56e-03 | 1.5s
epoch  123 | loss 2.7146 | lr 1.56e-03 | 1.5s
epoch  124 | loss 2.7267 | lr 1.56e-03 | 1.5s
epoch  125 | loss 2.7175 | lr 1.56e-03 | 1.5s
epoch  126 | loss 2.7191 | lr 1.56e-03 | 1.5s
epoch  127 | loss 2.7309 | lr 1.56e-03 | 1.5s
epoch  128 | loss 2.7018 | lr 1.56e-03 | 1.5s
epoch  129 | loss 2.6987 | lr 1.56e-03 | 1.5s
epoch  130 | loss 2.7344 | lr 1.56e-03 | 1.5s
epoch  131 | loss 2.7084 | lr 1.56e-03 | 1.5s
epoch  132 | loss 2.7228 | lr 1.56e-03 | 1.5s
epoch  133 | loss 2.7086 | lr 1.56e-03 | 1.5s
epoch  134 | loss 2.7018 | lr 1.56e-03 | 1.5s
epoch  135 | loss 2.7170 | lr 1.56e-03 | 1.5s
epoch  136 | loss 2.6944 | lr 1.56e-03 | 1.5s
epoch  137 | loss 2.7189 | lr 1.56e-03 | 1.5s
epoch  138 | loss 2.7317 | lr 1.56e-03 | 1.5s
epoch  139 | loss 2.6752 | lr 1.56e-03 | 1.5s
epoch  140 | loss 2.7240 | lr 1.56e-03 | 1.5s
epoch  141 | loss 2.7145 | lr 1.56e-03 | 1.5s
epoch  142 | loss 2.7003 | lr 1.56e-03 | 1.5s
epoch  143 | loss 2.7086 | lr 1.56e-03 | 1.5s
epoch  144 | loss 2.7006 | lr 1.55e-03 | 1.5s
epoch  145 | loss 2.7010 | lr 1.55e-03 | 1.5s
epoch  146 | loss 2.7275 | lr 1.55e-03 | 1.5s
epoch  147 | loss 2.7089 | lr 1.55e-03 | 1.5s
epoch  148 | loss 2.7125 | lr 1.55e-03 | 1.5s
epoch  149 | loss 2.7151 | lr 1.55e-03 | 1.5s
epoch  150 | loss 2.6869 | lr 1.55e-03 | 1.5s
epoch  151 | loss 2.7207 | lr 1.55e-03 | 1.5s
epoch  152 | loss 2.7169 | lr 1.55e-03 | 1.5s
epoch  153 | loss 2.7109 | lr 1.55e-03 | 1.5s
epoch  154 | loss 2.6857 | lr 1.55e-03 | 1.5s
epoch  155 | loss 2.7111 | lr 1.55e-03 | 1.5s
epoch  156 | loss 2.6993 | lr 1.55e-03 | 1.5s
epoch  157 | loss 2.7209 | lr 1.55e-03 | 1.5s
epoch  158 | loss 2.7197 | lr 1.55e-03 | 1.5s
epoch  159 | loss 2.6932 | lr 1.55e-03 | 1.5s
epoch  160 | loss 2.6958 | lr 1.55e-03 | 1.5s
epoch  161 | loss 2.6740 | lr 1.55e-03 | 1.5s
epoch  162 | loss 2.6927 | lr 1.55e-03 | 1.5s
epoch  163 | loss 2.6772 | lr 1.55e-03 | 1.5s
epoch  164 | loss 2.6950 | lr 1.55e-03 | 1.5s
epoch  165 | loss 2.6720 | lr 1.55e-03 | 1.5s
epoch  166 | loss 2.6634 | lr 1.55e-03 | 1.5s
epoch  167 | loss 2.6977 | lr 1.55e-03 | 1.5s
epoch  168 | loss 2.6634 | lr 1.55e-03 | 1.5s
epoch  169 | loss 2.7002 | lr 1.55e-03 | 1.5s
epoch  170 | loss 2.6930 | lr 1.55e-03 | 1.5s
epoch  171 | loss 2.6728 | lr 1.55e-03 | 1.5s
epoch  172 | loss 2.6792 | lr 1.55e-03 | 1.5s
epoch  173 | loss 2.6855 | lr 1.55e-03 | 1.5s
epoch  174 | loss 2.6771 | lr 1.55e-03 | 1.5s
epoch  175 | loss 2.6623 | lr 1.55e-03 | 1.5s
epoch  176 | loss 2.6970 | lr 1.55e-03 | 1.5s
epoch  177 | loss 2.6883 | lr 1.55e-03 | 1.5s
epoch  178 | loss 2.6694 | lr 1.55e-03 | 1.5s
epoch  179 | loss 2.6779 | lr 1.55e-03 | 1.5s
epoch  180 | loss 2.6521 | lr 1.55e-03 | 1.5s
epoch  181 | loss 2.6568 | lr 1.55e-03 | 1.5s
epoch  182 | loss 2.6783 | lr 1.55e-03 | 1.5s
epoch  183 | loss 2.6560 | lr 1.55e-03 | 1.5s
epoch  184 | loss 2.6738 | lr 1.55e-03 | 1.5s
epoch  185 | loss 2.6894 | lr 1.55e-03 | 1.5s
epoch  186 | loss 2.6732 | lr 1.55e-03 | 1.5s
epoch  187 | loss 2.6639 | lr 1.55e-03 | 1.5s
epoch  188 | loss 2.6885 | lr 1.55e-03 | 1.5s
epoch  189 | loss 2.6960 | lr 1.55e-03 | 1.5s
epoch  190 | loss 2.6738 | lr 1.55e-03 | 1.5s
epoch  191 | loss 2.7284 | lr 1.55e-03 | 1.5s
epoch  192 | loss 2.6609 | lr 1.55e-03 | 1.5s
epoch  193 | loss 2.6578 | lr 1.55e-03 | 1.5s
epoch  194 | loss 2.6733 | lr 1.55e-03 | 1.5s
epoch  195 | loss 2.6661 | lr 1.55e-03 | 1.5s
epoch  196 | loss 2.6618 | lr 1.55e-03 | 1.5s
epoch  197 | loss 2.6826 | lr 1.55e-03 | 1.5s
epoch  198 | loss 2.6840 | lr 1.55e-03 | 1.5s
epoch  199 | loss 2.6712 | lr 1.55e-03 | 1.5s
epoch  200 | loss 2.6651 | lr 1.55e-03 | 1.5s
epoch  201 | loss 2.6679 | lr 1.55e-03 | 1.5s
epoch  202 | loss 2.6665 | lr 1.55e-03 | 1.5s
epoch  203 | loss 2.6452 | lr 1.55e-03 | 1.5s
epoch  204 | loss 2.6316 | lr 1.55e-03 | 1.5s
epoch  205 | loss 2.6755 | lr 1.55e-03 | 1.5s
epoch  206 | loss 2.6443 | lr 1.55e-03 | 1.5s
epoch  207 | loss 2.6443 | lr 1.55e-03 | 1.5s
epoch  208 | loss 2.6525 | lr 1.55e-03 | 1.5s
epoch  209 | loss 2.6457 | lr 1.55e-03 | 1.5s
epoch  210 | loss 2.6595 | lr 1.55e-03 | 1.5s
epoch  211 | loss 2.6606 | lr 1.55e-03 | 1.5s
epoch  212 | loss 2.6593 | lr 1.55e-03 | 1.5s
epoch  213 | loss 2.6572 | lr 1.55e-03 | 1.5s
epoch  214 | loss 2.6228 | lr 1.55e-03 | 1.5s
epoch  215 | loss 2.6411 | lr 1.55e-03 | 1.5s
epoch  216 | loss 2.6571 | lr 1.55e-03 | 1.5s
epoch  217 | loss 2.6558 | lr 1.55e-03 | 1.5s
epoch  218 | loss 2.6462 | lr 1.55e-03 | 1.5s
epoch  219 | loss 2.6434 | lr 1.55e-03 | 1.5s
epoch  220 | loss 2.6511 | lr 1.55e-03 | 1.5s
epoch  221 | loss 2.6447 | lr 1.55e-03 | 1.5s
epoch  222 | loss 2.6388 | lr 1.55e-03 | 1.5s
epoch  223 | loss 2.6327 | lr 1.55e-03 | 1.5s
epoch  224 | loss 2.6338 | lr 1.55e-03 | 1.5s
epoch  225 | loss 2.6221 | lr 1.55e-03 | 1.5s
epoch  226 | loss 2.6153 | lr 1.55e-03 | 1.5s
epoch  227 | loss 2.6244 | lr 1.55e-03 | 1.5s
epoch  228 | loss 2.6375 | lr 1.55e-03 | 1.5s
epoch  229 | loss 2.6360 | lr 1.55e-03 | 1.5s
epoch  230 | loss 2.6325 | lr 1.55e-03 | 1.5s
epoch  231 | loss 2.6597 | lr 1.55e-03 | 1.5s
epoch  232 | loss 2.6304 | lr 1.55e-03 | 1.5s
epoch  233 | loss 2.6472 | lr 1.55e-03 | 1.5s
epoch  234 | loss 2.6496 | lr 1.55e-03 | 1.5s
epoch  235 | loss 2.6309 | lr 1.55e-03 | 1.5s
epoch  236 | loss 2.6449 | lr 1.55e-03 | 1.5s
epoch  237 | loss 2.6273 | lr 1.55e-03 | 1.5s
epoch  238 | loss 2.6202 | lr 1.55e-03 | 1.5s
epoch  239 | loss 2.6405 | lr 1.55e-03 | 1.5s
epoch  240 | loss 2.6290 | lr 1.55e-03 | 1.5s
epoch  241 | loss 2.6284 | lr 1.55e-03 | 1.5s
epoch  242 | loss 2.6344 | lr 1.55e-03 | 1.5s
epoch  243 | loss 2.6409 | lr 1.55e-03 | 1.5s
epoch  244 | loss 2.6065 | lr 1.55e-03 | 1.5s
epoch  245 | loss 2.6170 | lr 1.55e-03 | 1.5s
epoch  246 | loss 2.6233 | lr 1.55e-03 | 1.5s
epoch  247 | loss 2.6323 | lr 1.55e-03 | 1.5s
epoch  248 | loss 2.6305 | lr 1.55e-03 | 1.5s
epoch  249 | loss 2.6222 | lr 1.55e-03 | 1.5s
epoch  250 | loss 2.6117 | lr 1.54e-03 | 1.5s
epoch  251 | loss 2.6142 | lr 1.54e-03 | 1.5s
epoch  252 | loss 2.6355 | lr 1.54e-03 | 1.5s
epoch  253 | loss 2.6233 | lr 1.54e-03 | 1.5s
epoch  254 | loss 2.6234 | lr 1.54e-03 | 1.5s
epoch  255 | loss 2.6209 | lr 1.54e-03 | 1.5s
epoch  256 | loss 2.6385 | lr 1.54e-03 | 1.5s
epoch  257 | loss 2.6695 | lr 1.54e-03 | 1.5s
epoch  258 | loss 2.6499 | lr 1.54e-03 | 1.5s
epoch  259 | loss 2.6359 | lr 1.54e-03 | 1.5s
epoch  260 | loss 2.6151 | lr 1.54e-03 | 1.5s
epoch  261 | loss 2.6227 | lr 1.54e-03 | 1.5s
epoch  262 | loss 2.6213 | lr 1.54e-03 | 1.5s
epoch  263 | loss 2.6158 | lr 1.54e-03 | 1.5s
epoch  264 | loss 2.6185 | lr 1.54e-03 | 1.5s
epoch  265 | loss 2.6180 | lr 1.54e-03 | 1.5s
epoch  266 | loss 2.6103 | lr 1.54e-03 | 1.5s
epoch  267 | loss 2.6145 | lr 1.54e-03 | 1.5s
epoch  268 | loss 2.5981 | lr 1.54e-03 | 1.5s
epoch  269 | loss 2.6221 | lr 1.54e-03 | 1.5s
epoch  270 | loss 2.6125 | lr 1.54e-03 | 1.5s
epoch  271 | loss 2.6167 | lr 1.54e-03 | 1.5s
epoch  272 | loss 2.6073 | lr 1.54e-03 | 1.5s
epoch  273 | loss 2.6216 | lr 1.54e-03 | 1.5s
epoch  274 | loss 2.6175 | lr 1.54e-03 | 1.5s
epoch  275 | loss 2.6312 | lr 1.54e-03 | 1.5s
epoch  276 | loss 2.6073 | lr 1.54e-03 | 1.5s
epoch  277 | loss 2.6086 | lr 1.54e-03 | 1.5s
epoch  278 | loss 2.6360 | lr 1.54e-03 | 1.5s
epoch  279 | loss 2.5889 | lr 1.54e-03 | 1.5s
epoch  280 | loss 2.6115 | lr 1.54e-03 | 1.5s
epoch  281 | loss 2.6104 | lr 1.54e-03 | 1.5s
epoch  282 | loss 2.6191 | lr 1.54e-03 | 1.5s
epoch  283 | loss 2.6007 | lr 1.54e-03 | 1.5s
epoch  284 | loss 2.6171 | lr 1.54e-03 | 1.5s
epoch  285 | loss 2.6157 | lr 1.54e-03 | 1.5s
epoch  286 | loss 2.6065 | lr 1.54e-03 | 1.5s
epoch  287 | loss 2.6128 | lr 1.54e-03 | 1.5s
epoch  288 | loss 2.6021 | lr 1.54e-03 | 1.5s
epoch  289 | loss 2.6136 | lr 1.54e-03 | 1.5s
epoch  290 | loss 2.6083 | lr 1.54e-03 | 1.5s
epoch  291 | loss 2.6181 | lr 1.54e-03 | 1.5s
epoch  292 | loss 2.5890 | lr 1.54e-03 | 1.5s
epoch  293 | loss 2.6191 | lr 1.54e-03 | 1.5s
epoch  294 | loss 2.6058 | lr 1.54e-03 | 1.5s
epoch  295 | loss 2.6192 | lr 1.54e-03 | 1.5s
epoch  296 | loss 2.6077 | lr 1.54e-03 | 1.5s
epoch  297 | loss 2.6146 | lr 1.54e-03 | 1.5s
epoch  298 | loss 2.5990 | lr 1.54e-03 | 1.5s
epoch  299 | loss 2.6195 | lr 1.54e-03 | 1.5s
epoch  300 | loss 2.5886 | lr 1.54e-03 | 1.5s
epoch  301 | loss 2.5978 | lr 1.54e-03 | 1.5s
epoch  302 | loss 2.5866 | lr 1.54e-03 | 1.5s
epoch  303 | loss 2.5903 | lr 1.54e-03 | 1.5s
epoch  304 | loss 2.5913 | lr 1.54e-03 | 1.5s
epoch  305 | loss 2.6138 | lr 1.54e-03 | 1.5s
epoch  306 | loss 2.6047 | lr 1.54e-03 | 1.5s
epoch  307 | loss 2.5898 | lr 1.54e-03 | 1.5s
epoch  308 | loss 2.6177 | lr 1.54e-03 | 1.5s
epoch  309 | loss 2.5838 | lr 1.54e-03 | 1.5s
epoch  310 | loss 2.5879 | lr 1.54e-03 | 1.5s
epoch  311 | loss 2.5999 | lr 1.54e-03 | 1.5s
epoch  312 | loss 2.6052 | lr 1.54e-03 | 1.5s
epoch  313 | loss 2.6052 | lr 1.54e-03 | 1.5s
epoch  314 | loss 2.6207 | lr 1.54e-03 | 1.5s
epoch  315 | loss 2.6010 | lr 1.54e-03 | 1.5s
epoch  316 | loss 2.5793 | lr 1.54e-03 | 1.5s
epoch  317 | loss 2.6001 | lr 1.54e-03 | 1.5s
epoch  318 | loss 2.5883 | lr 1.54e-03 | 1.5s
epoch  319 | loss 2.5950 | lr 1.54e-03 | 1.5s
epoch  320 | loss 2.5829 | lr 1.54e-03 | 1.5s
epoch  321 | loss 2.5997 | lr 1.54e-03 | 1.5s
epoch  322 | loss 2.5770 | lr 1.54e-03 | 1.5s
epoch  323 | loss 2.5959 | lr 1.53e-03 | 1.5s
epoch  324 | loss 2.5853 | lr 1.53e-03 | 1.5s
epoch  325 | loss 2.5919 | lr 1.53e-03 | 1.5s
epoch  326 | loss 2.6065 | lr 1.53e-03 | 1.5s
epoch  327 | loss 2.5931 | lr 1.53e-03 | 1.5s
epoch  328 | loss 2.5904 | lr 1.53e-03 | 1.5s
epoch  329 | loss 2.5869 | lr 1.53e-03 | 1.5s
epoch  330 | loss 2.5918 | lr 1.53e-03 | 1.5s
epoch  331 | loss 2.6140 | lr 1.53e-03 | 1.5s
epoch  332 | loss 2.5929 | lr 1.53e-03 | 1.5s
epoch  333 | loss 2.5864 | lr 1.53e-03 | 1.5s
epoch  334 | loss 2.5777 | lr 1.53e-03 | 1.5s
epoch  335 | loss 2.5841 | lr 1.53e-03 | 1.5s
epoch  336 | loss 2.5958 | lr 1.53e-03 | 1.5s
epoch  337 | loss 2.5937 | lr 1.53e-03 | 1.5s
epoch  338 | loss 2.5945 | lr 1.53e-03 | 1.5s
epoch  339 | loss 2.5822 | lr 1.53e-03 | 1.5s
epoch  340 | loss 2.5859 | lr 1.53e-03 | 1.5s
epoch  341 | loss 2.5699 | lr 1.53e-03 | 1.5s
epoch  342 | loss 2.5816 | lr 1.53e-03 | 1.5s
epoch  343 | loss 2.5964 | lr 1.53e-03 | 1.5s
epoch  344 | loss 2.5759 | lr 1.53e-03 | 1.5s
epoch  345 | loss 2.5875 | lr 1.53e-03 | 1.5s
epoch  346 | loss 2.5657 | lr 1.53e-03 | 1.5s
epoch  347 | loss 2.5921 | lr 1.53e-03 | 1.5s
epoch  348 | loss 2.5802 | lr 1.53e-03 | 1.5s
epoch  349 | loss 2.5658 | lr 1.53e-03 | 1.5s
epoch  350 | loss 2.5739 | lr 1.53e-03 | 1.5s
epoch  351 | loss 2.5739 | lr 1.53e-03 | 1.5s
epoch  352 | loss 2.5975 | lr 1.53e-03 | 1.5s
epoch  353 | loss 2.5814 | lr 1.53e-03 | 1.5s
epoch  354 | loss 2.5803 | lr 1.53e-03 | 1.5s
epoch  355 | loss 2.5868 | lr 1.53e-03 | 1.5s
epoch  356 | loss 2.5749 | lr 1.53e-03 | 1.5s
epoch  357 | loss 2.5926 | lr 1.53e-03 | 1.5s
epoch  358 | loss 2.5625 | lr 1.53e-03 | 1.5s
epoch  359 | loss 2.5843 | lr 1.53e-03 | 1.5s
epoch  360 | loss 2.5740 | lr 1.53e-03 | 1.5s
epoch  361 | loss 2.5722 | lr 1.53e-03 | 1.5s
epoch  362 | loss 2.5729 | lr 1.53e-03 | 1.5s
epoch  363 | loss 2.5749 | lr 1.53e-03 | 1.5s
epoch  364 | loss 2.5767 | lr 1.53e-03 | 1.5s
epoch  365 | loss 2.5742 | lr 1.53e-03 | 1.5s
epoch  366 | loss 2.5872 | lr 1.53e-03 | 1.5s
epoch  367 | loss 2.5621 | lr 1.53e-03 | 1.5s
epoch  368 | loss 2.5703 | lr 1.53e-03 | 1.5s
epoch  369 | loss 2.5783 | lr 1.53e-03 | 1.5s
epoch  370 | loss 2.5567 | lr 1.53e-03 | 1.5s
epoch  371 | loss 2.5598 | lr 1.53e-03 | 1.5s
epoch  372 | loss 2.5705 | lr 1.53e-03 | 1.5s
epoch  373 | loss 2.5778 | lr 1.53e-03 | 1.5s
epoch  374 | loss 2.5564 | lr 1.53e-03 | 1.5s
epoch  375 | loss 2.5625 | lr 1.53e-03 | 1.5s
epoch  376 | loss 2.5756 | lr 1.53e-03 | 1.5s
epoch  377 | loss 2.5678 | lr 1.53e-03 | 1.5s
epoch  378 | loss 2.5723 | lr 1.53e-03 | 1.5s
epoch  379 | loss 2.5689 | lr 1.53e-03 | 1.5s
epoch  380 | loss 2.5694 | lr 1.53e-03 | 1.5s
epoch  381 | loss 2.5774 | lr 1.53e-03 | 1.5s
epoch  382 | loss 2.5587 | lr 1.52e-03 | 1.5s
epoch  383 | loss 2.5479 | lr 1.52e-03 | 1.5s
epoch  384 | loss 2.5768 | lr 1.52e-03 | 1.5s
epoch  385 | loss 2.5660 | lr 1.52e-03 | 1.5s
epoch  386 | loss 2.5643 | lr 1.52e-03 | 1.5s
epoch  387 | loss 2.5618 | lr 1.52e-03 | 1.5s
epoch  388 | loss 2.5823 | lr 1.52e-03 | 1.5s
epoch  389 | loss 2.5589 | lr 1.52e-03 | 1.5s
epoch  390 | loss 2.5632 | lr 1.52e-03 | 1.5s
epoch  391 | loss 2.5585 | lr 1.52e-03 | 1.5s
epoch  392 | loss 2.5699 | lr 1.52e-03 | 1.5s
epoch  393 | loss 2.5797 | lr 1.52e-03 | 1.5s
epoch  394 | loss 2.5639 | lr 1.52e-03 | 1.5s
epoch  395 | loss 2.5606 | lr 1.52e-03 | 1.5s
epoch  396 | loss 2.5759 | lr 1.52e-03 | 1.5s
epoch  397 | loss 2.5714 | lr 1.52e-03 | 1.5s
epoch  398 | loss 2.5650 | lr 1.52e-03 | 1.5s
epoch  399 | loss 2.5697 | lr 1.52e-03 | 1.5s
epoch  400 | loss 2.5647 | lr 1.52e-03 | 1.5s
epoch  401 | loss 2.5582 | lr 1.52e-03 | 1.5s
epoch  402 | loss 2.5620 | lr 1.52e-03 | 1.5s
epoch  403 | loss 2.5543 | lr 1.52e-03 | 1.5s
epoch  404 | loss 2.5446 | lr 1.52e-03 | 1.5s
epoch  405 | loss 2.5640 | lr 1.52e-03 | 1.5s
epoch  406 | loss 2.5657 | lr 1.52e-03 | 1.5s
epoch  407 | loss 2.5693 | lr 1.52e-03 | 1.5s
epoch  408 | loss 2.5739 | lr 1.52e-03 | 1.5s
epoch  409 | loss 2.5787 | lr 1.52e-03 | 1.5s
epoch  410 | loss 2.5744 | lr 1.52e-03 | 1.5s
epoch  411 | loss 2.5511 | lr 1.52e-03 | 1.5s
epoch  412 | loss 2.5581 | lr 1.52e-03 | 1.5s
epoch  413 | loss 2.5611 | lr 1.52e-03 | 1.5s
epoch  414 | loss 2.5409 | lr 1.52e-03 | 1.5s
epoch  415 | loss 2.5513 | lr 1.52e-03 | 1.5s
epoch  416 | loss 2.5671 | lr 1.52e-03 | 1.5s
epoch  417 | loss 2.5716 | lr 1.52e-03 | 1.5s
epoch  418 | loss 2.5402 | lr 1.52e-03 | 1.5s
epoch  419 | loss 2.5550 | lr 1.52e-03 | 1.5s
epoch  420 | loss 2.5756 | lr 1.52e-03 | 1.5s
epoch  421 | loss 2.5478 | lr 1.52e-03 | 1.5s
epoch  422 | loss 2.5375 | lr 1.52e-03 | 1.5s
epoch  423 | loss 2.5573 | lr 1.52e-03 | 1.5s
epoch  424 | loss 2.5460 | lr 1.52e-03 | 1.5s
epoch  425 | loss 2.5598 | lr 1.52e-03 | 1.5s
epoch  426 | loss 2.5567 | lr 1.52e-03 | 1.5s
epoch  427 | loss 2.5569 | lr 1.52e-03 | 1.5s
epoch  428 | loss 2.5526 | lr 1.52e-03 | 1.5s
epoch  429 | loss 2.5549 | lr 1.52e-03 | 1.5s
epoch  430 | loss 2.5608 | lr 1.52e-03 | 1.5s
epoch  431 | loss 2.5515 | lr 1.52e-03 | 1.5s
epoch  432 | loss 2.5463 | lr 1.52e-03 | 1.5s
epoch  433 | loss 2.5610 | lr 1.52e-03 | 1.5s
epoch  434 | loss 2.5485 | lr 1.51e-03 | 1.5s
epoch  435 | loss 2.5358 | lr 1.51e-03 | 1.5s
epoch  436 | loss 2.5415 | lr 1.51e-03 | 1.5s
epoch  437 | loss 2.5646 | lr 1.51e-03 | 1.5s
epoch  438 | loss 2.5455 | lr 1.51e-03 | 1.5s
epoch  439 | loss 2.5674 | lr 1.51e-03 | 1.5s
epoch  440 | loss 2.5398 | lr 1.51e-03 | 1.5s
epoch  441 | loss 2.5551 | lr 1.51e-03 | 1.5s
epoch  442 | loss 2.5526 | lr 1.51e-03 | 1.5s
epoch  443 | loss 2.5429 | lr 1.51e-03 | 1.5s
epoch  444 | loss 2.5597 | lr 1.51e-03 | 1.5s
epoch  445 | loss 2.5537 | lr 1.51e-03 | 1.5s
epoch  446 | loss 2.5553 | lr 1.51e-03 | 1.5s
epoch  447 | loss 2.5507 | lr 1.51e-03 | 1.5s
epoch  448 | loss 2.5679 | lr 1.51e-03 | 1.5s
epoch  449 | loss 2.5427 | lr 1.51e-03 | 1.5s
epoch  450 | loss 2.5422 | lr 1.51e-03 | 1.5s
epoch  451 | loss 2.5426 | lr 1.51e-03 | 1.5s
epoch  452 | loss 2.5574 | lr 1.51e-03 | 1.5s
epoch  453 | loss 2.5599 | lr 1.51e-03 | 1.5s
epoch  454 | loss 2.5520 | lr 1.51e-03 | 1.5s
epoch  455 | loss 2.5429 | lr 1.51e-03 | 1.5s
epoch  456 | loss 2.5425 | lr 1.51e-03 | 1.5s
epoch  457 | loss 2.5439 | lr 1.51e-03 | 1.5s
epoch  458 | loss 2.5380 | lr 1.51e-03 | 1.5s
epoch  459 | loss 2.5438 | lr 1.51e-03 | 1.5s
epoch  460 | loss 2.5498 | lr 1.51e-03 | 1.5s
epoch  461 | loss 2.5490 | lr 1.51e-03 | 1.5s
epoch  462 | loss 2.5584 | lr 1.51e-03 | 1.5s
epoch  463 | loss 2.5370 | lr 1.51e-03 | 1.5s
epoch  464 | loss 2.5558 | lr 1.51e-03 | 1.5s
epoch  465 | loss 2.5414 | lr 1.51e-03 | 1.5s
epoch  466 | loss 2.5410 | lr 1.51e-03 | 1.5s
epoch  467 | loss 2.5467 | lr 1.51e-03 | 1.5s
epoch  468 | loss 2.5528 | lr 1.51e-03 | 1.5s
epoch  469 | loss 2.5404 | lr 1.51e-03 | 1.5s
epoch  470 | loss 2.5280 | lr 1.51e-03 | 1.5s
epoch  471 | loss 2.5520 | lr 1.51e-03 | 1.5s
epoch  472 | loss 2.5378 | lr 1.51e-03 | 1.5s
epoch  473 | loss 2.5310 | lr 1.51e-03 | 1.5s
epoch  474 | loss 2.5580 | lr 1.51e-03 | 1.5s
epoch  475 | loss 2.5204 | lr 1.51e-03 | 1.5s
epoch  476 | loss 2.5235 | lr 1.51e-03 | 1.5s
epoch  477 | loss 2.5542 | lr 1.51e-03 | 1.5s
epoch  478 | loss 2.5424 | lr 1.51e-03 | 1.5s
epoch  479 | loss 2.5517 | lr 1.51e-03 | 1.5s
epoch  480 | loss 2.5478 | lr 1.50e-03 | 1.5s
epoch  481 | loss 2.5356 | lr 1.50e-03 | 1.5s
epoch  482 | loss 2.5435 | lr 1.50e-03 | 1.5s
epoch  483 | loss 2.5463 | lr 1.50e-03 | 1.5s
epoch  484 | loss 2.5449 | lr 1.50e-03 | 1.5s
epoch  485 | loss 2.5413 | lr 1.50e-03 | 1.5s
epoch  486 | loss 2.5434 | lr 1.50e-03 | 1.5s
epoch  487 | loss 2.5501 | lr 1.50e-03 | 1.5s
epoch  488 | loss 2.5392 | lr 1.50e-03 | 1.5s
epoch  489 | loss 2.5408 | lr 1.50e-03 | 1.5s
epoch  490 | loss 2.5408 | lr 1.50e-03 | 1.5s
epoch  491 | loss 2.5510 | lr 1.50e-03 | 1.5s
epoch  492 | loss 2.5309 | lr 1.50e-03 | 1.5s
epoch  493 | loss 2.5276 | lr 1.50e-03 | 1.5s
epoch  494 | loss 2.5454 | lr 1.50e-03 | 1.5s
epoch  495 | loss 2.5362 | lr 1.50e-03 | 1.5s
epoch  496 | loss 2.5257 | lr 1.50e-03 | 1.5s
epoch  497 | loss 2.5302 | lr 1.50e-03 | 1.5s
epoch  498 | loss 2.5270 | lr 1.50e-03 | 1.5s
epoch  499 | loss 2.5379 | lr 1.50e-03 | 1.5s
epoch  500 | loss 2.5355 | lr 1.50e-03 | 1.5s
epoch  501 | loss 2.5252 | lr 1.50e-03 | 1.5s
epoch  502 | loss 2.5189 | lr 1.50e-03 | 1.5s
epoch  503 | loss 2.5338 | lr 1.50e-03 | 1.5s
epoch  504 | loss 2.5383 | lr 1.50e-03 | 1.5s
epoch  505 | loss 2.5440 | lr 1.50e-03 | 1.5s
epoch  506 | loss 2.5364 | lr 1.50e-03 | 1.5s
epoch  507 | loss 2.5248 | lr 1.50e-03 | 1.5s
epoch  508 | loss 2.5393 | lr 1.50e-03 | 1.5s
epoch  509 | loss 2.5246 | lr 1.50e-03 | 1.5s
epoch  510 | loss 2.5250 | lr 1.50e-03 | 1.5s
epoch  511 | loss 2.5297 | lr 1.50e-03 | 1.5s
epoch  512 | loss 2.5431 | lr 1.50e-03 | 1.5s
epoch  513 | loss 2.5302 | lr 1.50e-03 | 1.5s
epoch  514 | loss 2.5246 | lr 1.50e-03 | 1.5s
epoch  515 | loss 2.5408 | lr 1.50e-03 | 1.5s
epoch  516 | loss 2.5315 | lr 1.50e-03 | 1.5s
epoch  517 | loss 2.5373 | lr 1.50e-03 | 1.5s
epoch  518 | loss 2.5357 | lr 1.50e-03 | 1.5s
epoch  519 | loss 2.5131 | lr 1.50e-03 | 1.6s
epoch  520 | loss 2.5205 | lr 1.50e-03 | 1.5s
epoch  521 | loss 2.5359 | lr 1.50e-03 | 1.5s
epoch  522 | loss 2.5183 | lr 1.50e-03 | 1.5s
epoch  523 | loss 2.5284 | lr 1.49e-03 | 1.5s
epoch  524 | loss 2.5213 | lr 1.49e-03 | 1.5s
epoch  525 | loss 2.5121 | lr 1.49e-03 | 1.5s
epoch  526 | loss 2.5469 | lr 1.49e-03 | 1.5s
epoch  527 | loss 2.5279 | lr 1.49e-03 | 1.5s
epoch  528 | loss 2.5155 | lr 1.49e-03 | 1.5s
epoch  529 | loss 2.5398 | lr 1.49e-03 | 1.5s
epoch  530 | loss 2.5087 | lr 1.49e-03 | 1.5s
epoch  531 | loss 2.5425 | lr 1.49e-03 | 1.5s
epoch  532 | loss 2.5498 | lr 1.49e-03 | 1.5s
epoch  533 | loss 2.5202 | lr 1.49e-03 | 1.5s
epoch  534 | loss 2.5162 | lr 1.49e-03 | 1.5s
epoch  535 | loss 2.5210 | lr 1.49e-03 | 1.5s
epoch  536 | loss 2.5450 | lr 1.49e-03 | 1.5s
epoch  537 | loss 2.5533 | lr 1.49e-03 | 1.5s
epoch  538 | loss 2.5410 | lr 1.49e-03 | 1.5s
epoch  539 | loss 2.5293 | lr 1.49e-03 | 1.5s
epoch  540 | loss 2.5224 | lr 1.49e-03 | 1.5s
epoch  541 | loss 2.5187 | lr 1.49e-03 | 1.5s
epoch  542 | loss 2.5289 | lr 1.49e-03 | 1.5s
epoch  543 | loss 2.5259 | lr 1.49e-03 | 1.5s
epoch  544 | loss 2.5149 | lr 1.49e-03 | 1.5s
epoch  545 | loss 2.5362 | lr 1.49e-03 | 1.5s
epoch  546 | loss 2.5180 | lr 1.49e-03 | 1.5s
epoch  547 | loss 2.5248 | lr 1.49e-03 | 1.5s
epoch  548 | loss 2.5158 | lr 1.49e-03 | 1.5s
epoch  549 | loss 2.5168 | lr 1.49e-03 | 1.5s
epoch  550 | loss 2.5077 | lr 1.49e-03 | 1.5s
epoch  551 | loss 2.5397 | lr 1.49e-03 | 1.5s
epoch  552 | loss 2.5167 | lr 1.49e-03 | 1.5s
epoch  553 | loss 2.5065 | lr 1.49e-03 | 1.5s
epoch  554 | loss 2.5076 | lr 1.49e-03 | 1.5s
epoch  555 | loss 2.5342 | lr 1.49e-03 | 1.5s
epoch  556 | loss 2.5221 | lr 1.49e-03 | 1.5s
epoch  557 | loss 2.5370 | lr 1.49e-03 | 1.5s
epoch  558 | loss 2.5412 | lr 1.49e-03 | 1.5s
epoch  559 | loss 2.5361 | lr 1.49e-03 | 1.5s
epoch  560 | loss 2.5301 | lr 1.49e-03 | 1.5s
epoch  561 | loss 2.5153 | lr 1.49e-03 | 1.5s
epoch  562 | loss 2.5212 | lr 1.48e-03 | 1.5s
epoch  563 | loss 2.5270 | lr 1.48e-03 | 1.5s
epoch  564 | loss 2.5260 | lr 1.48e-03 | 1.5s
epoch  565 | loss 2.5119 | lr 1.48e-03 | 1.5s
epoch  566 | loss 2.5125 | lr 1.48e-03 | 1.5s
epoch  567 | loss 2.5328 | lr 1.48e-03 | 1.5s
epoch  568 | loss 2.4940 | lr 1.48e-03 | 1.5s
epoch  569 | loss 2.5140 | lr 1.48e-03 | 1.5s
epoch  570 | loss 2.5136 | lr 1.48e-03 | 1.5s
epoch  571 | loss 2.5328 | lr 1.48e-03 | 1.5s
epoch  572 | loss 2.5179 | lr 1.48e-03 | 1.5s
epoch  573 | loss 2.5275 | lr 1.48e-03 | 1.5s
epoch  574 | loss 2.5302 | lr 1.48e-03 | 1.5s
epoch  575 | loss 2.5254 | lr 1.48e-03 | 1.5s
epoch  576 | loss 2.5321 | lr 1.48e-03 | 1.5s
epoch  577 | loss 2.5304 | lr 1.48e-03 | 1.5s
epoch  578 | loss 2.5187 | lr 1.48e-03 | 1.5s
epoch  579 | loss 2.5306 | lr 1.48e-03 | 1.5s
epoch  580 | loss 2.5269 | lr 1.48e-03 | 1.5s
epoch  581 | loss 2.5201 | lr 1.48e-03 | 1.5s
epoch  582 | loss 2.5143 | lr 1.48e-03 | 1.5s
epoch  583 | loss 2.5330 | lr 1.48e-03 | 1.5s
epoch  584 | loss 2.5280 | lr 1.48e-03 | 1.5s
epoch  585 | loss 2.5196 | lr 1.48e-03 | 1.5s
epoch  586 | loss 2.5250 | lr 1.48e-03 | 1.5s
epoch  587 | loss 2.5628 | lr 1.48e-03 | 1.5s
epoch  588 | loss 2.5438 | lr 1.48e-03 | 1.5s
epoch  589 | loss 2.5290 | lr 1.48e-03 | 1.5s
epoch  590 | loss 2.5271 | lr 1.48e-03 | 1.5s
epoch  591 | loss 2.5302 | lr 1.48e-03 | 1.5s
epoch  592 | loss 2.5492 | lr 1.48e-03 | 1.5s
epoch  593 | loss 2.5225 | lr 1.48e-03 | 1.5s
epoch  594 | loss 2.5255 | lr 1.48e-03 | 1.5s
epoch  595 | loss 2.5216 | lr 1.48e-03 | 1.5s
epoch  596 | loss 2.5246 | lr 1.48e-03 | 1.5s
epoch  597 | loss 2.5140 | lr 1.48e-03 | 1.5s
epoch  598 | loss 2.5147 | lr 1.48e-03 | 1.5s
epoch  599 | loss 2.5170 | lr 1.47e-03 | 1.5s
epoch  600 | loss 2.5203 | lr 1.47e-03 | 1.5s
epoch  601 | loss 2.5183 | lr 1.47e-03 | 1.5s
epoch  602 | loss 2.5241 | lr 1.47e-03 | 1.5s
epoch  603 | loss 2.5223 | lr 1.47e-03 | 1.5s
epoch  604 | loss 2.5282 | lr 1.47e-03 | 1.5s
epoch  605 | loss 2.5306 | lr 1.47e-03 | 1.5s
epoch  606 | loss 2.5278 | lr 1.47e-03 | 1.5s
epoch  607 | loss 2.5193 | lr 1.47e-03 | 1.5s
epoch  608 | loss 2.5230 | lr 1.47e-03 | 1.5s
epoch  609 | loss 2.5148 | lr 1.47e-03 | 1.5s
epoch  610 | loss 2.5195 | lr 1.47e-03 | 1.5s
epoch  611 | loss 2.5172 | lr 1.47e-03 | 1.5s
epoch  612 | loss 2.5200 | lr 1.47e-03 | 1.5s
epoch  613 | loss 2.5114 | lr 1.47e-03 | 1.5s
epoch  614 | loss 2.5307 | lr 1.47e-03 | 1.5s
epoch  615 | loss 2.5168 | lr 1.47e-03 | 1.5s
epoch  616 | loss 2.5082 | lr 1.47e-03 | 1.5s
epoch  617 | loss 2.5095 | lr 1.47e-03 | 1.5s
epoch  618 | loss 2.5168 | lr 1.47e-03 | 1.5s
epoch  619 | loss 2.5078 | lr 1.47e-03 | 1.5s
epoch  620 | loss 2.5007 | lr 1.47e-03 | 1.5s
epoch  621 | loss 2.5064 | lr 1.47e-03 | 1.5s
epoch  622 | loss 2.5068 | lr 1.47e-03 | 1.5s
epoch  623 | loss 2.4936 | lr 1.47e-03 | 1.5s
epoch  624 | loss 2.5066 | lr 1.47e-03 | 1.5s
epoch  625 | loss 2.5192 | lr 1.47e-03 | 1.5s
epoch  626 | loss 2.5064 | lr 1.47e-03 | 1.5s
epoch  627 | loss 2.5270 | lr 1.47e-03 | 1.5s
epoch  628 | loss 2.5132 | lr 1.47e-03 | 1.5s
epoch  629 | loss 2.5108 | lr 1.47e-03 | 1.5s
epoch  630 | loss 2.5056 | lr 1.47e-03 | 1.5s
epoch  631 | loss 2.5202 | lr 1.47e-03 | 1.5s
epoch  632 | loss 2.5023 | lr 1.47e-03 | 1.5s
epoch  633 | loss 2.5201 | lr 1.47e-03 | 1.5s
epoch  634 | loss 2.5165 | lr 1.46e-03 | 1.5s
epoch  635 | loss 2.5138 | lr 1.46e-03 | 1.5s
epoch  636 | loss 2.4944 | lr 1.46e-03 | 1.5s
epoch  637 | loss 2.5075 | lr 1.46e-03 | 1.5s
epoch  638 | loss 2.5364 | lr 1.46e-03 | 1.5s
epoch  639 | loss 2.5071 | lr 1.46e-03 | 1.5s
epoch  640 | loss 2.5186 | lr 1.46e-03 | 1.5s
epoch  641 | loss 2.5147 | lr 1.46e-03 | 1.5s
epoch  642 | loss 2.5100 | lr 1.46e-03 | 1.5s
epoch  643 | loss 2.5376 | lr 1.46e-03 | 1.5s
epoch  644 | loss 2.5194 | lr 1.46e-03 | 1.5s
epoch  645 | loss 2.5316 | lr 1.46e-03 | 1.5s
epoch  646 | loss 2.5121 | lr 1.46e-03 | 1.5s
epoch  647 | loss 2.5157 | lr 1.46e-03 | 1.5s
epoch  648 | loss 2.5093 | lr 1.46e-03 | 1.5s
epoch  649 | loss 2.5069 | lr 1.46e-03 | 1.5s
epoch  650 | loss 2.4985 | lr 1.46e-03 | 1.5s
epoch  651 | loss 2.5141 | lr 1.46e-03 | 1.5s
epoch  652 | loss 2.5120 | lr 1.46e-03 | 1.5s
epoch  653 | loss 2.5083 | lr 1.46e-03 | 1.5s
epoch  654 | loss 2.5135 | lr 1.46e-03 | 1.5s
epoch  655 | loss 2.5086 | lr 1.46e-03 | 1.5s
epoch  656 | loss 2.5185 | lr 1.46e-03 | 1.5s
epoch  657 | loss 2.5102 | lr 1.46e-03 | 1.5s
epoch  658 | loss 2.4914 | lr 1.46e-03 | 1.5s
epoch  659 | loss 2.5169 | lr 1.46e-03 | 1.5s
epoch  660 | loss 2.5027 | lr 1.46e-03 | 1.5s
epoch  661 | loss 2.5131 | lr 1.46e-03 | 1.5s
epoch  662 | loss 2.4936 | lr 1.46e-03 | 1.5s
epoch  663 | loss 2.4959 | lr 1.46e-03 | 1.5s
epoch  664 | loss 2.5055 | lr 1.46e-03 | 1.5s
epoch  665 | loss 2.4962 | lr 1.46e-03 | 1.5s
epoch  666 | loss 2.4910 | lr 1.46e-03 | 1.5s
epoch  667 | loss 2.5053 | lr 1.46e-03 | 1.5s
epoch  668 | loss 2.5221 | lr 1.45e-03 | 1.5s
epoch  669 | loss 2.5211 | lr 1.45e-03 | 1.5s
epoch  670 | loss 2.5074 | lr 1.45e-03 | 1.5s
epoch  671 | loss 2.4944 | lr 1.45e-03 | 1.5s
epoch  672 | loss 2.5006 | lr 1.45e-03 | 1.5s
epoch  673 | loss 2.4881 | lr 1.45e-03 | 1.5s
epoch  674 | loss 2.5047 | lr 1.45e-03 | 1.5s
epoch  675 | loss 2.4970 | lr 1.45e-03 | 1.5s
epoch  676 | loss 2.5122 | lr 1.45e-03 | 1.5s
epoch  677 | loss 2.4930 | lr 1.45e-03 | 1.5s
epoch  678 | loss 2.4934 | lr 1.45e-03 | 1.5s
epoch  679 | loss 2.5168 | lr 1.45e-03 | 1.5s
epoch  680 | loss 2.5151 | lr 1.45e-03 | 1.5s
epoch  681 | loss 2.4907 | lr 1.45e-03 | 1.5s
epoch  682 | loss 2.5097 | lr 1.45e-03 | 1.5s
epoch  683 | loss 2.5042 | lr 1.45e-03 | 1.5s
epoch  684 | loss 2.5012 | lr 1.45e-03 | 1.5s
epoch  685 | loss 2.4831 | lr 1.45e-03 | 1.5s
epoch  686 | loss 2.5000 | lr 1.45e-03 | 1.5s
epoch  687 | loss 2.4916 | lr 1.45e-03 | 1.5s
epoch  688 | loss 2.4934 | lr 1.45e-03 | 1.5s
epoch  689 | loss 2.4977 | lr 1.45e-03 | 1.5s
epoch  690 | loss 2.4882 | lr 1.45e-03 | 1.5s
epoch  691 | loss 2.5010 | lr 1.45e-03 | 1.5s
epoch  692 | loss 2.5045 | lr 1.45e-03 | 1.5s
epoch  693 | loss 2.5081 | lr 1.45e-03 | 1.5s
epoch  694 | loss 2.4798 | lr 1.45e-03 | 1.5s
epoch  695 | loss 2.4944 | lr 1.45e-03 | 1.5s
epoch  696 | loss 2.4960 | lr 1.45e-03 | 1.5s
epoch  697 | loss 2.5110 | lr 1.45e-03 | 1.5s
epoch  698 | loss 2.4879 | lr 1.45e-03 | 1.5s
epoch  699 | loss 2.4993 | lr 1.45e-03 | 1.5s
epoch  700 | loss 2.4932 | lr 1.44e-03 | 1.5s
epoch  701 | loss 2.5045 | lr 1.44e-03 | 1.5s
epoch  702 | loss 2.4922 | lr 1.44e-03 | 1.5s
epoch  703 | loss 2.4876 | lr 1.44e-03 | 1.5s
epoch  704 | loss 2.4985 | lr 1.44e-03 | 1.5s
epoch  705 | loss 2.4825 | lr 1.44e-03 | 1.5s
epoch  706 | loss 2.4993 | lr 1.44e-03 | 1.5s
epoch  707 | loss 2.4905 | lr 1.44e-03 | 1.5s
epoch  708 | loss 2.4789 | lr 1.44e-03 | 1.5s
epoch  709 | loss 2.5051 | lr 1.44e-03 | 1.5s
epoch  710 | loss 2.4868 | lr 1.44e-03 | 1.5s
epoch  711 | loss 2.4998 | lr 1.44e-03 | 1.5s
epoch  712 | loss 2.4981 | lr 1.44e-03 | 1.5s
epoch  713 | loss 2.4844 | lr 1.44e-03 | 1.5s
epoch  714 | loss 2.5016 | lr 1.44e-03 | 1.5s
epoch  715 | loss 2.4930 | lr 1.44e-03 | 1.5s
epoch  716 | loss 2.4887 | lr 1.44e-03 | 1.5s
epoch  717 | loss 2.5086 | lr 1.44e-03 | 1.5s
epoch  718 | loss 2.4941 | lr 1.44e-03 | 1.5s
epoch  719 | loss 2.5065 | lr 1.44e-03 | 1.5s
epoch  720 | loss 2.4950 | lr 1.44e-03 | 1.5s
epoch  721 | loss 2.4919 | lr 1.44e-03 | 1.5s
epoch  722 | loss 2.4883 | lr 1.44e-03 | 1.5s
epoch  723 | loss 2.4848 | lr 1.44e-03 | 1.5s
epoch  724 | loss 2.4879 | lr 1.44e-03 | 1.5s
epoch  725 | loss 2.4815 | lr 1.44e-03 | 1.5s
epoch  726 | loss 2.4864 | lr 1.44e-03 | 1.5s
epoch  727 | loss 2.5032 | lr 1.44e-03 | 1.5s
epoch  728 | loss 2.5089 | lr 1.44e-03 | 1.5s
epoch  729 | loss 2.4990 | lr 1.44e-03 | 1.5s
epoch  730 | loss 2.5045 | lr 1.43e-03 | 1.5s
epoch  731 | loss 2.4903 | lr 1.43e-03 | 1.5s
epoch  732 | loss 2.4914 | lr 1.43e-03 | 1.5s
epoch  733 | loss 2.4942 | lr 1.43e-03 | 1.5s
epoch  734 | loss 2.4980 | lr 1.43e-03 | 1.5s
epoch  735 | loss 2.4846 | lr 1.43e-03 | 1.5s
epoch  736 | loss 2.5084 | lr 1.43e-03 | 1.5s
epoch  737 | loss 2.5023 | lr 1.43e-03 | 1.5s
epoch  738 | loss 2.4882 | lr 1.43e-03 | 1.5s
epoch  739 | loss 2.4832 | lr 1.43e-03 | 1.5s
epoch  740 | loss 2.4783 | lr 1.43e-03 | 1.5s
epoch  741 | loss 2.4912 | lr 1.43e-03 | 1.5s
epoch  742 | loss 2.4941 | lr 1.43e-03 | 1.5s
epoch  743 | loss 2.4946 | lr 1.43e-03 | 1.5s
epoch  744 | loss 2.4888 | lr 1.43e-03 | 1.5s
epoch  745 | loss 2.4811 | lr 1.43e-03 | 1.5s
epoch  746 | loss 2.4885 | lr 1.43e-03 | 1.5s
epoch  747 | loss 2.5159 | lr 1.43e-03 | 1.5s
epoch  748 | loss 2.4969 | lr 1.43e-03 | 1.5s
epoch  749 | loss 2.4803 | lr 1.43e-03 | 1.5s
epoch  750 | loss 2.4993 | lr 1.43e-03 | 1.5s
epoch  751 | loss 2.4942 | lr 1.43e-03 | 1.5s
epoch  752 | loss 2.4919 | lr 1.43e-03 | 1.5s
epoch  753 | loss 2.5143 | lr 1.43e-03 | 1.5s
epoch  754 | loss 2.4887 | lr 1.43e-03 | 1.5s
epoch  755 | loss 2.4838 | lr 1.43e-03 | 1.5s
epoch  756 | loss 2.4657 | lr 1.43e-03 | 1.5s
epoch  757 | loss 2.4820 | lr 1.43e-03 | 1.5s
epoch  758 | loss 2.4821 | lr 1.43e-03 | 1.5s
epoch  759 | loss 2.5027 | lr 1.43e-03 | 1.5s
epoch  760 | loss 2.4947 | lr 1.42e-03 | 1.5s
epoch  761 | loss 2.4861 | lr 1.42e-03 | 1.5s
epoch  762 | loss 2.4711 | lr 1.42e-03 | 1.5s
epoch  763 | loss 2.4747 | lr 1.42e-03 | 1.5s
epoch  764 | loss 2.4927 | lr 1.42e-03 | 1.5s
epoch  765 | loss 2.4936 | lr 1.42e-03 | 1.5s
epoch  766 | loss 2.4853 | lr 1.42e-03 | 1.5s
epoch  767 | loss 2.4955 | lr 1.42e-03 | 1.5s
epoch  768 | loss 2.5035 | lr 1.42e-03 | 1.5s
epoch  769 | loss 2.4767 | lr 1.42e-03 | 1.5s
epoch  770 | loss 2.4713 | lr 1.42e-03 | 1.5s
epoch  771 | loss 2.5017 | lr 1.42e-03 | 1.5s
epoch  772 | loss 2.4997 | lr 1.42e-03 | 1.5s
epoch  773 | loss 2.4852 | lr 1.42e-03 | 1.5s
epoch  774 | loss 2.4951 | lr 1.42e-03 | 1.5s
epoch  775 | loss 2.5058 | lr 1.42e-03 | 1.5s
epoch  776 | loss 2.4851 | lr 1.42e-03 | 1.5s
epoch  777 | loss 2.4810 | lr 1.42e-03 | 1.5s
epoch  778 | loss 2.4854 | lr 1.42e-03 | 1.5s
epoch  779 | loss 2.4926 | lr 1.42e-03 | 1.5s
epoch  780 | loss 2.4964 | lr 1.42e-03 | 1.5s
epoch  781 | loss 2.4764 | lr 1.42e-03 | 1.5s
epoch  782 | loss 2.4974 | lr 1.42e-03 | 1.5s
epoch  783 | loss 2.4796 | lr 1.42e-03 | 1.5s
epoch  784 | loss 2.4764 | lr 1.42e-03 | 1.5s
epoch  785 | loss 2.4811 | lr 1.42e-03 | 1.5s
epoch  786 | loss 2.4832 | lr 1.42e-03 | 1.5s
epoch  787 | loss 2.4878 | lr 1.42e-03 | 1.5s
epoch  788 | loss 2.4686 | lr 1.41e-03 | 1.5s
epoch  789 | loss 2.4831 | lr 1.41e-03 | 1.5s
epoch  790 | loss 2.4888 | lr 1.41e-03 | 1.5s
epoch  791 | loss 2.4864 | lr 1.41e-03 | 1.5s
epoch  792 | loss 2.4919 | lr 1.41e-03 | 1.5s
epoch  793 | loss 2.4785 | lr 1.41e-03 | 1.5s
epoch  794 | loss 2.4692 | lr 1.41e-03 | 1.5s
epoch  795 | loss 2.4901 | lr 1.41e-03 | 1.5s
epoch  796 | loss 2.4807 | lr 1.41e-03 | 1.5s
epoch  797 | loss 2.5000 | lr 1.41e-03 | 1.5s
epoch  798 | loss 2.4667 | lr 1.41e-03 | 1.5s
epoch  799 | loss 2.4849 | lr 1.41e-03 | 1.5s
epoch  800 | loss 2.4830 | lr 1.41e-03 | 1.5s
epoch  801 | loss 2.4813 | lr 1.41e-03 | 1.5s
epoch  802 | loss 2.4747 | lr 1.41e-03 | 1.5s
epoch  803 | loss 2.4777 | lr 1.41e-03 | 1.5s
epoch  804 | loss 2.4674 | lr 1.41e-03 | 1.5s
epoch  805 | loss 2.4932 | lr 1.41e-03 | 1.5s
epoch  806 | loss 2.4786 | lr 1.41e-03 | 1.5s
epoch  807 | loss 2.4841 | lr 1.41e-03 | 1.7s
epoch  808 | loss 2.4842 | lr 1.41e-03 | 1.5s
epoch  809 | loss 2.4653 | lr 1.41e-03 | 1.5s
epoch  810 | loss 2.4791 | lr 1.41e-03 | 1.5s
epoch  811 | loss 2.4854 | lr 1.41e-03 | 1.5s
epoch  812 | loss 2.4948 | lr 1.41e-03 | 1.5s
epoch  813 | loss 2.4817 | lr 1.41e-03 | 1.5s
epoch  814 | loss 2.4685 | lr 1.41e-03 | 1.5s
epoch  815 | loss 2.4805 | lr 1.41e-03 | 1.5s
epoch  816 | loss 2.4755 | lr 1.40e-03 | 1.5s
epoch  817 | loss 2.4588 | lr 1.40e-03 | 1.5s
epoch  818 | loss 2.4793 | lr 1.40e-03 | 1.5s
epoch  819 | loss 2.4680 | lr 1.40e-03 | 1.5s
epoch  820 | loss 2.4952 | lr 1.40e-03 | 1.5s
epoch  821 | loss 2.4791 | lr 1.40e-03 | 1.5s
epoch  822 | loss 2.4869 | lr 1.40e-03 | 1.5s
epoch  823 | loss 2.4686 | lr 1.40e-03 | 1.5s
epoch  824 | loss 2.4826 | lr 1.40e-03 | 1.5s
epoch  825 | loss 2.4684 | lr 1.40e-03 | 1.5s
epoch  826 | loss 2.4891 | lr 1.40e-03 | 1.5s
epoch  827 | loss 2.4741 | lr 1.40e-03 | 1.5s
epoch  828 | loss 2.4823 | lr 1.40e-03 | 1.5s
epoch  829 | loss 2.4637 | lr 1.40e-03 | 1.5s
epoch  830 | loss 2.4746 | lr 1.40e-03 | 1.5s
epoch  831 | loss 2.4758 | lr 1.40e-03 | 1.5s
epoch  832 | loss 2.4640 | lr 1.40e-03 | 1.5s
epoch  833 | loss 2.4772 | lr 1.40e-03 | 1.5s
epoch  834 | loss 2.4797 | lr 1.40e-03 | 1.5s
epoch  835 | loss 2.4751 | lr 1.40e-03 | 1.5s
epoch  836 | loss 2.4895 | lr 1.40e-03 | 1.5s
epoch  837 | loss 2.4925 | lr 1.40e-03 | 1.5s
epoch  838 | loss 2.4654 | lr 1.40e-03 | 1.5s
epoch  839 | loss 2.4684 | lr 1.40e-03 | 1.5s
epoch  840 | loss 2.4850 | lr 1.40e-03 | 1.5s
epoch  841 | loss 2.4689 | lr 1.40e-03 | 1.5s
epoch  842 | loss 2.4802 | lr 1.40e-03 | 1.5s
epoch  843 | loss 2.4715 | lr 1.39e-03 | 1.5s
epoch  844 | loss 2.4928 | lr 1.39e-03 | 1.5s
epoch  845 | loss 2.4822 | lr 1.39e-03 | 1.5s
epoch  846 | loss 2.4583 | lr 1.39e-03 | 1.5s
epoch  847 | loss 2.4843 | lr 1.39e-03 | 1.5s
epoch  848 | loss 2.4724 | lr 1.39e-03 | 1.5s
epoch  849 | loss 2.4723 | lr 1.39e-03 | 1.5s
epoch  850 | loss 2.4646 | lr 1.39e-03 | 1.5s
epoch  851 | loss 2.4649 | lr 1.39e-03 | 1.5s
epoch  852 | loss 2.4904 | lr 1.39e-03 | 1.5s
epoch  853 | loss 2.4737 | lr 1.39e-03 | 1.5s
epoch  854 | loss 2.4668 | lr 1.39e-03 | 1.5s
epoch  855 | loss 2.4756 | lr 1.39e-03 | 1.5s
epoch  856 | loss 2.4765 | lr 1.39e-03 | 1.5s
epoch  857 | loss 2.4747 | lr 1.39e-03 | 1.5s
epoch  858 | loss 2.4702 | lr 1.39e-03 | 1.5s
epoch  859 | loss 2.4956 | lr 1.39e-03 | 1.5s
epoch  860 | loss 2.4734 | lr 1.39e-03 | 1.5s
epoch  861 | loss 2.4750 | lr 1.39e-03 | 1.5s
epoch  862 | loss 2.4757 | lr 1.39e-03 | 1.5s
epoch  863 | loss 2.4681 | lr 1.39e-03 | 1.5s
epoch  864 | loss 2.4678 | lr 1.39e-03 | 1.5s
epoch  865 | loss 2.4802 | lr 1.39e-03 | 1.5s
epoch  866 | loss 2.4823 | lr 1.39e-03 | 1.5s
epoch  867 | loss 2.4671 | lr 1.39e-03 | 1.5s
epoch  868 | loss 2.4903 | lr 1.39e-03 | 1.5s
epoch  869 | loss 2.4677 | lr 1.38e-03 | 1.5s
epoch  870 | loss 2.4593 | lr 1.38e-03 | 1.5s
epoch  871 | loss 2.4893 | lr 1.38e-03 | 1.5s
epoch  872 | loss 2.4717 | lr 1.38e-03 | 1.5s
epoch  873 | loss 2.4658 | lr 1.38e-03 | 1.5s
epoch  874 | loss 2.4654 | lr 1.38e-03 | 1.5s
epoch  875 | loss 2.4611 | lr 1.38e-03 | 1.5s
epoch  876 | loss 2.4568 | lr 1.38e-03 | 1.5s
epoch  877 | loss 2.4564 | lr 1.38e-03 | 1.5s
epoch  878 | loss 2.4536 | lr 1.38e-03 | 1.5s
epoch  879 | loss 2.4764 | lr 1.38e-03 | 1.5s
epoch  880 | loss 2.4775 | lr 1.38e-03 | 1.5s
epoch  881 | loss 2.4688 | lr 1.38e-03 | 1.5s
epoch  882 | loss 2.4678 | lr 1.38e-03 | 1.5s
epoch  883 | loss 2.4769 | lr 1.38e-03 | 1.5s
epoch  884 | loss 2.4679 | lr 1.38e-03 | 1.5s
epoch  885 | loss 2.4642 | lr 1.38e-03 | 1.5s
epoch  886 | loss 2.4667 | lr 1.38e-03 | 1.5s
epoch  887 | loss 2.4601 | lr 1.38e-03 | 1.5s
epoch  888 | loss 2.4788 | lr 1.38e-03 | 1.5s
epoch  889 | loss 2.4780 | lr 1.38e-03 | 1.5s
epoch  890 | loss 2.4870 | lr 1.38e-03 | 1.5s
epoch  891 | loss 2.4716 | lr 1.38e-03 | 1.5s
epoch  892 | loss 2.4363 | lr 1.38e-03 | 1.5s
epoch  893 | loss 2.4882 | lr 1.38e-03 | 1.5s
epoch  894 | loss 2.4621 | lr 1.38e-03 | 1.5s
epoch  895 | loss 2.4641 | lr 1.37e-03 | 1.5s
epoch  896 | loss 2.4721 | lr 1.37e-03 | 1.5s
epoch  897 | loss 2.4794 | lr 1.37e-03 | 1.5s
epoch  898 | loss 2.4788 | lr 1.37e-03 | 1.5s
epoch  899 | loss 2.4780 | lr 1.37e-03 | 1.5s
epoch  900 | loss 2.4765 | lr 1.37e-03 | 1.5s
epoch  901 | loss 2.4682 | lr 1.37e-03 | 1.5s
epoch  902 | loss 2.4551 | lr 1.37e-03 | 1.5s
epoch  903 | loss 2.4584 | lr 1.37e-03 | 1.5s
epoch  904 | loss 2.4589 | lr 1.37e-03 | 1.5s
epoch  905 | loss 2.4785 | lr 1.37e-03 | 1.5s
epoch  906 | loss 2.4570 | lr 1.37e-03 | 1.5s
epoch  907 | loss 2.4684 | lr 1.37e-03 | 1.5s
epoch  908 | loss 2.4655 | lr 1.37e-03 | 1.5s
epoch  909 | loss 2.4601 | lr 1.37e-03 | 1.5s
epoch  910 | loss 2.4596 | lr 1.37e-03 | 1.5s
epoch  911 | loss 2.4470 | lr 1.37e-03 | 1.5s
epoch  912 | loss 2.4495 | lr 1.37e-03 | 1.5s
epoch  913 | loss 2.4472 | lr 1.37e-03 | 1.5s
epoch  914 | loss 2.4495 | lr 1.37e-03 | 1.5s
epoch  915 | loss 2.4631 | lr 1.37e-03 | 1.5s
epoch  916 | loss 2.4782 | lr 1.37e-03 | 1.5s
epoch  917 | loss 2.4654 | lr 1.37e-03 | 1.5s
epoch  918 | loss 2.4667 | lr 1.37e-03 | 1.5s
epoch  919 | loss 2.4706 | lr 1.37e-03 | 1.5s
epoch  920 | loss 2.4588 | lr 1.36e-03 | 1.5s
epoch  921 | loss 2.4622 | lr 1.36e-03 | 1.5s
epoch  922 | loss 2.4720 | lr 1.36e-03 | 1.5s
epoch  923 | loss 2.4678 | lr 1.36e-03 | 1.5s
epoch  924 | loss 2.4577 | lr 1.36e-03 | 1.5s
epoch  925 | loss 2.4681 | lr 1.36e-03 | 1.5s
epoch  926 | loss 2.4772 | lr 1.36e-03 | 1.5s
epoch  927 | loss 2.4509 | lr 1.36e-03 | 1.5s
epoch  928 | loss 2.4674 | lr 1.36e-03 | 1.5s
epoch  929 | loss 2.4623 | lr 1.36e-03 | 1.5s
epoch  930 | loss 2.4508 | lr 1.36e-03 | 1.5s
epoch  931 | loss 2.4556 | lr 1.36e-03 | 1.5s
epoch  932 | loss 2.4681 | lr 1.36e-03 | 1.5s
epoch  933 | loss 2.4643 | lr 1.36e-03 | 1.5s
epoch  934 | loss 2.4680 | lr 1.36e-03 | 1.5s
epoch  935 | loss 2.4634 | lr 1.36e-03 | 1.5s
epoch  936 | loss 2.4686 | lr 1.36e-03 | 1.5s
epoch  937 | loss 2.4547 | lr 1.36e-03 | 1.5s
epoch  938 | loss 2.4580 | lr 1.36e-03 | 1.5s
epoch  939 | loss 2.4531 | lr 1.36e-03 | 1.5s
epoch  940 | loss 2.4619 | lr 1.36e-03 | 1.5s
epoch  941 | loss 2.4629 | lr 1.36e-03 | 1.5s
epoch  942 | loss 2.4494 | lr 1.36e-03 | 1.5s
epoch  943 | loss 2.4522 | lr 1.36e-03 | 1.5s
epoch  944 | loss 2.4856 | lr 1.35e-03 | 1.5s
epoch  945 | loss 2.4539 | lr 1.35e-03 | 1.5s
epoch  946 | loss 2.4596 | lr 1.35e-03 | 1.5s
epoch  947 | loss 2.4654 | lr 1.35e-03 | 1.5s
epoch  948 | loss 2.4394 | lr 1.35e-03 | 1.5s
epoch  949 | loss 2.4647 | lr 1.35e-03 | 1.5s
epoch  950 | loss 2.4493 | lr 1.35e-03 | 1.5s
epoch  951 | loss 2.4602 | lr 1.35e-03 | 1.5s
epoch  952 | loss 2.4641 | lr 1.35e-03 | 1.5s
epoch  953 | loss 2.4666 | lr 1.35e-03 | 1.5s
epoch  954 | loss 2.4716 | lr 1.35e-03 | 1.5s
epoch  955 | loss 2.4611 | lr 1.35e-03 | 1.5s
epoch  956 | loss 2.4666 | lr 1.35e-03 | 1.5s
epoch  957 | loss 2.4541 | lr 1.35e-03 | 1.5s
epoch  958 | loss 2.4698 | lr 1.35e-03 | 1.5s
epoch  959 | loss 2.4602 | lr 1.35e-03 | 1.5s
epoch  960 | loss 2.4649 | lr 1.35e-03 | 1.5s
epoch  961 | loss 2.4604 | lr 1.35e-03 | 1.5s
epoch  962 | loss 2.4635 | lr 1.35e-03 | 1.5s
epoch  963 | loss 2.4652 | lr 1.35e-03 | 1.5s
epoch  964 | loss 2.4641 | lr 1.35e-03 | 1.5s
epoch  965 | loss 2.4639 | lr 1.35e-03 | 1.5s
epoch  966 | loss 2.4599 | lr 1.35e-03 | 1.5s
epoch  967 | loss 2.4697 | lr 1.35e-03 | 1.5s
epoch  968 | loss 2.4574 | lr 1.34e-03 | 1.5s
epoch  969 | loss 2.4624 | lr 1.34e-03 | 1.5s
epoch  970 | loss 2.4447 | lr 1.34e-03 | 1.5s
epoch  971 | loss 2.4693 | lr 1.34e-03 | 1.5s
epoch  972 | loss 2.4533 | lr 1.34e-03 | 1.5s
epoch  973 | loss 2.4573 | lr 1.34e-03 | 1.5s
epoch  974 | loss 2.4529 | lr 1.34e-03 | 1.5s
epoch  975 | loss 2.4697 | lr 1.34e-03 | 1.5s
epoch  976 | loss 2.4608 | lr 1.34e-03 | 1.5s
epoch  977 | loss 2.4588 | lr 1.34e-03 | 1.5s
epoch  978 | loss 2.4620 | lr 1.34e-03 | 1.5s
epoch  979 | loss 2.4622 | lr 1.34e-03 | 1.5s
epoch  980 | loss 2.4635 | lr 1.34e-03 | 1.5s
epoch  981 | loss 2.4646 | lr 1.34e-03 | 1.5s
epoch  982 | loss 2.4546 | lr 1.34e-03 | 1.5s
epoch  983 | loss 2.4491 | lr 1.34e-03 | 1.5s
epoch  984 | loss 2.4571 | lr 1.34e-03 | 1.5s
epoch  985 | loss 2.4475 | lr 1.34e-03 | 1.5s
epoch  986 | loss 2.4529 | lr 1.34e-03 | 1.5s
epoch  987 | loss 2.4568 | lr 1.34e-03 | 1.5s
epoch  988 | loss 2.4553 | lr 1.34e-03 | 1.5s
epoch  989 | loss 2.4495 | lr 1.34e-03 | 1.5s
epoch  990 | loss 2.4519 | lr 1.34e-03 | 1.5s
epoch  991 | loss 2.4596 | lr 1.33e-03 | 1.5s
epoch  992 | loss 2.4756 | lr 1.33e-03 | 1.5s
epoch  993 | loss 2.4575 | lr 1.33e-03 | 1.5s
epoch  994 | loss 2.4484 | lr 1.33e-03 | 1.5s
epoch  995 | loss 2.4281 | lr 1.33e-03 | 1.5s
epoch  996 | loss 2.4492 | lr 1.33e-03 | 1.5s
epoch  997 | loss 2.4652 | lr 1.33e-03 | 1.5s
epoch  998 | loss 2.4588 | lr 1.33e-03 | 1.5s
epoch  999 | loss 2.4603 | lr 1.33e-03 | 1.5s
epoch 1000 | loss 2.4571 | lr 1.33e-03 | 1.5s
epoch 1001 | loss 2.4612 | lr 1.33e-03 | 1.5s
epoch 1002 | loss 2.4688 | lr 1.33e-03 | 1.5s
epoch 1003 | loss 2.4466 | lr 1.33e-03 | 1.5s
epoch 1004 | loss 2.4457 | lr 1.33e-03 | 1.5s
epoch 1005 | loss 2.4392 | lr 1.33e-03 | 1.5s
epoch 1006 | loss 2.4608 | lr 1.33e-03 | 1.5s
epoch 1007 | loss 2.4466 | lr 1.33e-03 | 1.5s
epoch 1008 | loss 2.4479 | lr 1.33e-03 | 1.5s
epoch 1009 | loss 2.4572 | lr 1.33e-03 | 1.5s
epoch 1010 | loss 2.4472 | lr 1.33e-03 | 1.5s
epoch 1011 | loss 2.4479 | lr 1.33e-03 | 1.5s
epoch 1012 | loss 2.4420 | lr 1.33e-03 | 1.5s
epoch 1013 | loss 2.4451 | lr 1.33e-03 | 1.5s
epoch 1014 | loss 2.4660 | lr 1.33e-03 | 1.5s
epoch 1015 | loss 2.4539 | lr 1.32e-03 | 1.5s
epoch 1016 | loss 2.4476 | lr 1.32e-03 | 1.5s
epoch 1017 | loss 2.4663 | lr 1.32e-03 | 1.5s
epoch 1018 | loss 2.4540 | lr 1.32e-03 | 1.5s
epoch 1019 | loss 2.4526 | lr 1.32e-03 | 1.5s
epoch 1020 | loss 2.4581 | lr 1.32e-03 | 1.5s
epoch 1021 | loss 2.4744 | lr 1.32e-03 | 1.5s
epoch 1022 | loss 2.4304 | lr 1.32e-03 | 1.5s
epoch 1023 | loss 2.4571 | lr 1.32e-03 | 1.5s
epoch 1024 | loss 2.4705 | lr 1.32e-03 | 1.5s
epoch 1025 | loss 2.4554 | lr 1.32e-03 | 1.5s
epoch 1026 | loss 2.4335 | lr 1.32e-03 | 1.5s
epoch 1027 | loss 2.4526 | lr 1.32e-03 | 1.5s
epoch 1028 | loss 2.4480 | lr 1.32e-03 | 1.5s
epoch 1029 | loss 2.4436 | lr 1.32e-03 | 1.5s
epoch 1030 | loss 2.4375 | lr 1.32e-03 | 1.5s
epoch 1031 | loss 2.4592 | lr 1.32e-03 | 1.5s
epoch 1032 | loss 2.4520 | lr 1.32e-03 | 1.5s
epoch 1033 | loss 2.4592 | lr 1.32e-03 | 1.5s
epoch 1034 | loss 2.4456 | lr 1.32e-03 | 1.5s
epoch 1035 | loss 2.4528 | lr 1.32e-03 | 1.5s
epoch 1036 | loss 2.4537 | lr 1.32e-03 | 1.5s
epoch 1037 | loss 2.4646 | lr 1.31e-03 | 1.5s
epoch 1038 | loss 2.4576 | lr 1.31e-03 | 1.5s
epoch 1039 | loss 2.4466 | lr 1.31e-03 | 1.5s
epoch 1040 | loss 2.4636 | lr 1.31e-03 | 1.5s
epoch 1041 | loss 2.4414 | lr 1.31e-03 | 1.5s
epoch 1042 | loss 2.4552 | lr 1.31e-03 | 1.5s
epoch 1043 | loss 2.4483 | lr 1.31e-03 | 1.5s
epoch 1044 | loss 2.4329 | lr 1.31e-03 | 1.5s
epoch 1045 | loss 2.4381 | lr 1.31e-03 | 1.5s
epoch 1046 | loss 2.4534 | lr 1.31e-03 | 1.5s
epoch 1047 | loss 2.4688 | lr 1.31e-03 | 1.5s
epoch 1048 | loss 2.4519 | lr 1.31e-03 | 1.5s
epoch 1049 | loss 2.4559 | lr 1.31e-03 | 1.5s
epoch 1050 | loss 2.4616 | lr 1.31e-03 | 1.5s
epoch 1051 | loss 2.4760 | lr 1.31e-03 | 1.5s
epoch 1052 | loss 2.4498 | lr 1.31e-03 | 1.5s
epoch 1053 | loss 2.4598 | lr 1.31e-03 | 1.5s
epoch 1054 | loss 2.4390 | lr 1.31e-03 | 1.5s
epoch 1055 | loss 2.4562 | lr 1.31e-03 | 1.5s
epoch 1056 | loss 2.4551 | lr 1.31e-03 | 1.5s
epoch 1057 | loss 2.4626 | lr 1.31e-03 | 1.5s
epoch 1058 | loss 2.4377 | lr 1.31e-03 | 1.5s
epoch 1059 | loss 2.4657 | lr 1.30e-03 | 1.5s
epoch 1060 | loss 2.4530 | lr 1.30e-03 | 1.5s
epoch 1061 | loss 2.4978 | lr 1.30e-03 | 1.5s
epoch 1062 | loss 2.4601 | lr 1.30e-03 | 1.5s
epoch 1063 | loss 2.4568 | lr 1.30e-03 | 1.5s
epoch 1064 | loss 2.4563 | lr 1.30e-03 | 1.5s
epoch 1065 | loss 2.4576 | lr 1.30e-03 | 1.5s
epoch 1066 | loss 2.4656 | lr 1.30e-03 | 1.5s
epoch 1067 | loss 2.4554 | lr 1.30e-03 | 1.5s
epoch 1068 | loss 2.4519 | lr 1.30e-03 | 1.5s
epoch 1069 | loss 2.4461 | lr 1.30e-03 | 1.5s
epoch 1070 | loss 2.4503 | lr 1.30e-03 | 1.5s
epoch 1071 | loss 2.4390 | lr 1.30e-03 | 1.5s
epoch 1072 | loss 2.4660 | lr 1.30e-03 | 1.5s
epoch 1073 | loss 2.4380 | lr 1.30e-03 | 1.5s
epoch 1074 | loss 2.4484 | lr 1.30e-03 | 1.5s
epoch 1075 | loss 2.4489 | lr 1.30e-03 | 1.5s
epoch 1076 | loss 2.4432 | lr 1.30e-03 | 1.5s
epoch 1077 | loss 2.4399 | lr 1.30e-03 | 1.5s
epoch 1078 | loss 2.4868 | lr 1.30e-03 | 1.5s
epoch 1079 | loss 2.4588 | lr 1.30e-03 | 1.5s
epoch 1080 | loss 2.4572 | lr 1.30e-03 | 1.5s
epoch 1081 | loss 2.4575 | lr 1.29e-03 | 1.5s
epoch 1082 | loss 2.4329 | lr 1.29e-03 | 1.5s
epoch 1083 | loss 2.4439 | lr 1.29e-03 | 1.5s
epoch 1084 | loss 2.4366 | lr 1.29e-03 | 1.5s
epoch 1085 | loss 2.4390 | lr 1.29e-03 | 1.5s
epoch 1086 | loss 2.4526 | lr 1.29e-03 | 1.5s
epoch 1087 | loss 2.4558 | lr 1.29e-03 | 1.5s
epoch 1088 | loss 2.4305 | lr 1.29e-03 | 1.5s
epoch 1089 | loss 2.4406 | lr 1.29e-03 | 1.5s
epoch 1090 | loss 2.4543 | lr 1.29e-03 | 1.5s
epoch 1091 | loss 2.4336 | lr 1.29e-03 | 1.5s
epoch 1092 | loss 2.4546 | lr 1.29e-03 | 1.5s
epoch 1093 | loss 2.4493 | lr 1.29e-03 | 1.5s
epoch 1094 | loss 2.4599 | lr 1.29e-03 | 1.5s
epoch 1095 | loss 2.4533 | lr 1.29e-03 | 1.5s
epoch 1096 | loss 2.4521 | lr 1.29e-03 | 1.5s
epoch 1097 | loss 2.4398 | lr 1.29e-03 | 1.5s
epoch 1098 | loss 2.4438 | lr 1.29e-03 | 1.5s
epoch 1099 | loss 2.4314 | lr 1.29e-03 | 1.5s
epoch 1100 | loss 2.4391 | lr 1.29e-03 | 1.5s
epoch 1101 | loss 2.4452 | lr 1.29e-03 | 1.5s
epoch 1102 | loss 2.4463 | lr 1.29e-03 | 1.5s
epoch 1103 | loss 2.4524 | lr 1.28e-03 | 1.5s
epoch 1104 | loss 2.4577 | lr 1.28e-03 | 1.5s
epoch 1105 | loss 2.4454 | lr 1.28e-03 | 1.5s
epoch 1106 | loss 2.4517 | lr 1.28e-03 | 1.5s
epoch 1107 | loss 2.4516 | lr 1.28e-03 | 1.5s
epoch 1108 | loss 2.4465 | lr 1.28e-03 | 1.5s
epoch 1109 | loss 2.4640 | lr 1.28e-03 | 1.5s
epoch 1110 | loss 2.4459 | lr 1.28e-03 | 1.5s
epoch 1111 | loss 2.4381 | lr 1.28e-03 | 1.5s
epoch 1112 | loss 2.4458 | lr 1.28e-03 | 1.5s
epoch 1113 | loss 2.4482 | lr 1.28e-03 | 1.5s
epoch 1114 | loss 2.4619 | lr 1.28e-03 | 1.5s
epoch 1115 | loss 2.4433 | lr 1.28e-03 | 1.5s
epoch 1116 | loss 2.4474 | lr 1.28e-03 | 1.5s
epoch 1117 | loss 2.4320 | lr 1.28e-03 | 1.5s
epoch 1118 | loss 2.4390 | lr 1.28e-03 | 1.5s
epoch 1119 | loss 2.4451 | lr 1.28e-03 | 1.5s
epoch 1120 | loss 2.4410 | lr 1.28e-03 | 1.5s
epoch 1121 | loss 2.4386 | lr 1.28e-03 | 1.5s
epoch 1122 | loss 2.4513 | lr 1.28e-03 | 1.5s
epoch 1123 | loss 2.4475 | lr 1.28e-03 | 1.5s
epoch 1124 | loss 2.4540 | lr 1.27e-03 | 1.5s
epoch 1125 | loss 2.4432 | lr 1.27e-03 | 1.5s
epoch 1126 | loss 2.4451 | lr 1.27e-03 | 1.5s
epoch 1127 | loss 2.4411 | lr 1.27e-03 | 1.5s
epoch 1128 | loss 2.4466 | lr 1.27e-03 | 1.5s
epoch 1129 | loss 2.4465 | lr 1.27e-03 | 1.5s
epoch 1130 | loss 2.4427 | lr 1.27e-03 | 1.5s
epoch 1131 | loss 2.4507 | lr 1.27e-03 | 1.5s
epoch 1132 | loss 2.4504 | lr 1.27e-03 | 1.5s
epoch 1133 | loss 2.4280 | lr 1.27e-03 | 1.5s
epoch 1134 | loss 2.4398 | lr 1.27e-03 | 1.5s
epoch 1135 | loss 2.4447 | lr 1.27e-03 | 1.5s
epoch 1136 | loss 2.4561 | lr 1.27e-03 | 1.5s
epoch 1137 | loss 2.4552 | lr 1.27e-03 | 1.5s
epoch 1138 | loss 2.4497 | lr 1.27e-03 | 1.5s
epoch 1139 | loss 2.4412 | lr 1.27e-03 | 1.5s
epoch 1140 | loss 2.4519 | lr 1.27e-03 | 1.5s
epoch 1141 | loss 2.4385 | lr 1.27e-03 | 1.5s
epoch 1142 | loss 2.4507 | lr 1.27e-03 | 1.5s
epoch 1143 | loss 2.4487 | lr 1.27e-03 | 1.5s
epoch 1144 | loss 2.4456 | lr 1.27e-03 | 1.5s
epoch 1145 | loss 2.4444 | lr 1.26e-03 | 1.5s
epoch 1146 | loss 2.4265 | lr 1.26e-03 | 1.5s
epoch 1147 | loss 2.4463 | lr 1.26e-03 | 1.5s
epoch 1148 | loss 2.4344 | lr 1.26e-03 | 1.5s
epoch 1149 | loss 2.4428 | lr 1.26e-03 | 1.5s
epoch 1150 | loss 2.4421 | lr 1.26e-03 | 1.5s
epoch 1151 | loss 2.4334 | lr 1.26e-03 | 1.5s
epoch 1152 | loss 2.4304 | lr 1.26e-03 | 1.5s
epoch 1153 | loss 2.4429 | lr 1.26e-03 | 1.5s
epoch 1154 | loss 2.4518 | lr 1.26e-03 | 1.5s
epoch 1155 | loss 2.4376 | lr 1.26e-03 | 1.5s
epoch 1156 | loss 2.4453 | lr 1.26e-03 | 1.5s
epoch 1157 | loss 2.4532 | lr 1.26e-03 | 1.5s
epoch 1158 | loss 2.4290 | lr 1.26e-03 | 1.5s
epoch 1159 | loss 2.4333 | lr 1.26e-03 | 1.5s
epoch 1160 | loss 2.4418 | lr 1.26e-03 | 1.5s
epoch 1161 | loss 2.4456 | lr 1.26e-03 | 1.5s
epoch 1162 | loss 2.4375 | lr 1.26e-03 | 1.5s
epoch 1163 | loss 2.4539 | lr 1.26e-03 | 1.5s
epoch 1164 | loss 2.4375 | lr 1.26e-03 | 1.5s
epoch 1165 | loss 2.4430 | lr 1.26e-03 | 1.5s
epoch 1166 | loss 2.4497 | lr 1.25e-03 | 1.5s
epoch 1167 | loss 2.4309 | lr 1.25e-03 | 1.5s
epoch 1168 | loss 2.4422 | lr 1.25e-03 | 1.5s
epoch 1169 | loss 2.4354 | lr 1.25e-03 | 1.5s
epoch 1170 | loss 2.4176 | lr 1.25e-03 | 1.5s
epoch 1171 | loss 2.4323 | lr 1.25e-03 | 1.5s
epoch 1172 | loss 2.4498 | lr 1.25e-03 | 1.5s
epoch 1173 | loss 2.4259 | lr 1.25e-03 | 1.5s
epoch 1174 | loss 2.4374 | lr 1.25e-03 | 1.5s
epoch 1175 | loss 2.4435 | lr 1.25e-03 | 1.5s
epoch 1176 | loss 2.4606 | lr 1.25e-03 | 1.5s
epoch 1177 | loss 2.4349 | lr 1.25e-03 | 1.5s
epoch 1178 | loss 2.4360 | lr 1.25e-03 | 1.5s
epoch 1179 | loss 2.4359 | lr 1.25e-03 | 1.5s
epoch 1180 | loss 2.4452 | lr 1.25e-03 | 1.5s
epoch 1181 | loss 2.4430 | lr 1.25e-03 | 1.5s
epoch 1182 | loss 2.4271 | lr 1.25e-03 | 1.5s
epoch 1183 | loss 2.4263 | lr 1.25e-03 | 1.5s
epoch 1184 | loss 2.4300 | lr 1.25e-03 | 1.5s
epoch 1185 | loss 2.4451 | lr 1.25e-03 | 1.5s
epoch 1186 | loss 2.4510 | lr 1.24e-03 | 1.5s
epoch 1187 | loss 2.4564 | lr 1.24e-03 | 1.5s
epoch 1188 | loss 2.4477 | lr 1.24e-03 | 1.5s
epoch 1189 | loss 2.4369 | lr 1.24e-03 | 1.5s
epoch 1190 | loss 2.4332 | lr 1.24e-03 | 1.5s
epoch 1191 | loss 2.4399 | lr 1.24e-03 | 1.5s
epoch 1192 | loss 2.4442 | lr 1.24e-03 | 1.5s
epoch 1193 | loss 2.4620 | lr 1.24e-03 | 1.5s
epoch 1194 | loss 2.4279 | lr 1.24e-03 | 1.5s
epoch 1195 | loss 2.4438 | lr 1.24e-03 | 1.5s
epoch 1196 | loss 2.4360 | lr 1.24e-03 | 1.5s
epoch 1197 | loss 2.4331 | lr 1.24e-03 | 1.5s
epoch 1198 | loss 2.4331 | lr 1.24e-03 | 1.5s
epoch 1199 | loss 2.4418 | lr 1.24e-03 | 1.5s
epoch 1200 | loss 2.4449 | lr 1.24e-03 | 1.5s
epoch 1201 | loss 2.4363 | lr 1.24e-03 | 1.5s
epoch 1202 | loss 2.4587 | lr 1.24e-03 | 1.5s
epoch 1203 | loss 2.4411 | lr 1.24e-03 | 1.5s
epoch 1204 | loss 2.4360 | lr 1.24e-03 | 1.5s
epoch 1205 | loss 2.4398 | lr 1.24e-03 | 1.5s
epoch 1206 | loss 2.4402 | lr 1.23e-03 | 1.5s
epoch 1207 | loss 2.4310 | lr 1.23e-03 | 1.5s
epoch 1208 | loss 2.4361 | lr 1.23e-03 | 1.5s
epoch 1209 | loss 2.4289 | lr 1.23e-03 | 1.5s
epoch 1210 | loss 2.4427 | lr 1.23e-03 | 1.5s
epoch 1211 | loss 2.4235 | lr 1.23e-03 | 1.5s
epoch 1212 | loss 2.4367 | lr 1.23e-03 | 1.5s
epoch 1213 | loss 2.4366 | lr 1.23e-03 | 1.5s
epoch 1214 | loss 2.4349 | lr 1.23e-03 | 1.5s
epoch 1215 | loss 2.4399 | lr 1.23e-03 | 1.5s
epoch 1216 | loss 2.4330 | lr 1.23e-03 | 1.5s
epoch 1217 | loss 2.4300 | lr 1.23e-03 | 1.5s
epoch 1218 | loss 2.4310 | lr 1.23e-03 | 1.5s
epoch 1219 | loss 2.4583 | lr 1.23e-03 | 1.5s
epoch 1220 | loss 2.4293 | lr 1.23e-03 | 1.5s
epoch 1221 | loss 2.4405 | lr 1.23e-03 | 1.5s
epoch 1222 | loss 2.4436 | lr 1.23e-03 | 1.5s
epoch 1223 | loss 2.4520 | lr 1.23e-03 | 1.5s
epoch 1224 | loss 2.4386 | lr 1.23e-03 | 1.5s
epoch 1225 | loss 2.4445 | lr 1.23e-03 | 1.5s
epoch 1226 | loss 2.4408 | lr 1.22e-03 | 1.5s
epoch 1227 | loss 2.4301 | lr 1.22e-03 | 1.5s
epoch 1228 | loss 2.4182 | lr 1.22e-03 | 1.5s
epoch 1229 | loss 2.4364 | lr 1.22e-03 | 1.5s
epoch 1230 | loss 2.4424 | lr 1.22e-03 | 1.5s
epoch 1231 | loss 2.4168 | lr 1.22e-03 | 1.5s
epoch 1232 | loss 2.4247 | lr 1.22e-03 | 1.5s
epoch 1233 | loss 2.4166 | lr 1.22e-03 | 1.5s
epoch 1234 | loss 2.4442 | lr 1.22e-03 | 1.5s
epoch 1235 | loss 2.4457 | lr 1.22e-03 | 1.5s
epoch 1236 | loss 2.4306 | lr 1.22e-03 | 1.5s
epoch 1237 | loss 2.4474 | lr 1.22e-03 | 1.5s
epoch 1238 | loss 2.4314 | lr 1.22e-03 | 1.5s
epoch 1239 | loss 2.4369 | lr 1.22e-03 | 1.5s
epoch 1240 | loss 2.4409 | lr 1.22e-03 | 1.5s
epoch 1241 | loss 2.4472 | lr 1.22e-03 | 1.5s
epoch 1242 | loss 2.4343 | lr 1.22e-03 | 1.5s
epoch 1243 | loss 2.4417 | lr 1.22e-03 | 1.5s
epoch 1244 | loss 2.4278 | lr 1.22e-03 | 1.5s
epoch 1245 | loss 2.4196 | lr 1.22e-03 | 1.5s
epoch 1246 | loss 2.4258 | lr 1.21e-03 | 1.5s
epoch 1247 | loss 2.4314 | lr 1.21e-03 | 1.5s
epoch 1248 | loss 2.4314 | lr 1.21e-03 | 1.5s
epoch 1249 | loss 2.4468 | lr 1.21e-03 | 1.5s
epoch 1250 | loss 2.4185 | lr 1.21e-03 | 1.5s
epoch 1251 | loss 2.4312 | lr 1.21e-03 | 1.5s
epoch 1252 | loss 2.4431 | lr 1.21e-03 | 1.5s
epoch 1253 | loss 2.4504 | lr 1.21e-03 | 1.5s
epoch 1254 | loss 2.4399 | lr 1.21e-03 | 1.5s
epoch 1255 | loss 2.4326 | lr 1.21e-03 | 1.5s
epoch 1256 | loss 2.4094 | lr 1.21e-03 | 1.5s
epoch 1257 | loss 2.4273 | lr 1.21e-03 | 1.5s
epoch 1258 | loss 2.4149 | lr 1.21e-03 | 1.5s
epoch 1259 | loss 2.4225 | lr 1.21e-03 | 1.5s
epoch 1260 | loss 2.4376 | lr 1.21e-03 | 1.5s
epoch 1261 | loss 2.4323 | lr 1.21e-03 | 1.5s
epoch 1262 | loss 2.4291 | lr 1.21e-03 | 1.5s
epoch 1263 | loss 2.4451 | lr 1.21e-03 | 1.5s
epoch 1264 | loss 2.4419 | lr 1.21e-03 | 1.5s
epoch 1265 | loss 2.4338 | lr 1.21e-03 | 1.5s
epoch 1266 | loss 2.4192 | lr 1.20e-03 | 1.5s
epoch 1267 | loss 2.4346 | lr 1.20e-03 | 1.5s
epoch 1268 | loss 2.4416 | lr 1.20e-03 | 1.5s
epoch 1269 | loss 2.4210 | lr 1.20e-03 | 1.5s
epoch 1270 | loss 2.4467 | lr 1.20e-03 | 1.5s
epoch 1271 | loss 2.4376 | lr 1.20e-03 | 1.5s
epoch 1272 | loss 2.4342 | lr 1.20e-03 | 1.5s
epoch 1273 | loss 2.4320 | lr 1.20e-03 | 1.5s
epoch 1274 | loss 2.4438 | lr 1.20e-03 | 1.5s
epoch 1275 | loss 2.4401 | lr 1.20e-03 | 1.5s
epoch 1276 | loss 2.4288 | lr 1.20e-03 | 1.5s
epoch 1277 | loss 2.4162 | lr 1.20e-03 | 1.5s
epoch 1278 | loss 2.4373 | lr 1.20e-03 | 1.5s
epoch 1279 | loss 2.4475 | lr 1.20e-03 | 1.5s
epoch 1280 | loss 2.4254 | lr 1.20e-03 | 1.5s
epoch 1281 | loss 2.4264 | lr 1.20e-03 | 1.5s
epoch 1282 | loss 2.4445 | lr 1.20e-03 | 1.5s
epoch 1283 | loss 2.4216 | lr 1.20e-03 | 1.5s
epoch 1284 | loss 2.4406 | lr 1.20e-03 | 1.5s
epoch 1285 | loss 2.4448 | lr 1.19e-03 | 1.5s
epoch 1286 | loss 2.4267 | lr 1.19e-03 | 1.5s
epoch 1287 | loss 2.4273 | lr 1.19e-03 | 1.5s
epoch 1288 | loss 2.4456 | lr 1.19e-03 | 1.5s
epoch 1289 | loss 2.4340 | lr 1.19e-03 | 1.5s
epoch 1290 | loss 2.4415 | lr 1.19e-03 | 1.5s
epoch 1291 | loss 2.4220 | lr 1.19e-03 | 1.5s
epoch 1292 | loss 2.4421 | lr 1.19e-03 | 1.5s
epoch 1293 | loss 2.4224 | lr 1.19e-03 | 1.5s
epoch 1294 | loss 2.4347 | lr 1.19e-03 | 1.5s
epoch 1295 | loss 2.4285 | lr 1.19e-03 | 1.5s
epoch 1296 | loss 2.4326 | lr 1.19e-03 | 1.5s
epoch 1297 | loss 2.4229 | lr 1.19e-03 | 1.5s
epoch 1298 | loss 2.4361 | lr 1.19e-03 | 1.5s
epoch 1299 | loss 2.4327 | lr 1.19e-03 | 1.5s
epoch 1300 | loss 2.4389 | lr 1.19e-03 | 1.5s
epoch 1301 | loss 2.4321 | lr 1.19e-03 | 1.5s
epoch 1302 | loss 2.4350 | lr 1.19e-03 | 1.5s
epoch 1303 | loss 2.4289 | lr 1.19e-03 | 1.5s
epoch 1304 | loss 2.4248 | lr 1.18e-03 | 1.5s
epoch 1305 | loss 2.4231 | lr 1.18e-03 | 1.5s
epoch 1306 | loss 2.4207 | lr 1.18e-03 | 1.5s
epoch 1307 | loss 2.4332 | lr 1.18e-03 | 1.5s
epoch 1308 | loss 2.4153 | lr 1.18e-03 | 1.5s
epoch 1309 | loss 2.4394 | lr 1.18e-03 | 1.5s
epoch 1310 | loss 2.4273 | lr 1.18e-03 | 1.5s
epoch 1311 | loss 2.4268 | lr 1.18e-03 | 1.5s
epoch 1312 | loss 2.4255 | lr 1.18e-03 | 1.5s
epoch 1313 | loss 2.4401 | lr 1.18e-03 | 1.5s
epoch 1314 | loss 2.4208 | lr 1.18e-03 | 1.5s
epoch 1315 | loss 2.4237 | lr 1.18e-03 | 1.5s
epoch 1316 | loss 2.4231 | lr 1.18e-03 | 1.5s
epoch 1317 | loss 2.4427 | lr 1.18e-03 | 1.5s
epoch 1318 | loss 2.4276 | lr 1.18e-03 | 1.5s
epoch 1319 | loss 2.4247 | lr 1.18e-03 | 1.5s
epoch 1320 | loss 2.4279 | lr 1.18e-03 | 1.5s
epoch 1321 | loss 2.4264 | lr 1.18e-03 | 1.5s
epoch 1322 | loss 2.4418 | lr 1.18e-03 | 1.5s
epoch 1323 | loss 2.4412 | lr 1.17e-03 | 1.5s
epoch 1324 | loss 2.4366 | lr 1.17e-03 | 1.5s
epoch 1325 | loss 2.4135 | lr 1.17e-03 | 1.5s
epoch 1326 | loss 2.4301 | lr 1.17e-03 | 1.5s
epoch 1327 | loss 2.4102 | lr 1.17e-03 | 1.5s
epoch 1328 | loss 2.4274 | lr 1.17e-03 | 1.5s
epoch 1329 | loss 2.4205 | lr 1.17e-03 | 1.5s
epoch 1330 | loss 2.4269 | lr 1.17e-03 | 1.5s
epoch 1331 | loss 2.4221 | lr 1.17e-03 | 1.5s
epoch 1332 | loss 2.4406 | lr 1.17e-03 | 1.5s
epoch 1333 | loss 2.4056 | lr 1.17e-03 | 1.5s
epoch 1334 | loss 2.4238 | lr 1.17e-03 | 1.5s
epoch 1335 | loss 2.4167 | lr 1.17e-03 | 1.5s
epoch 1336 | loss 2.4068 | lr 1.17e-03 | 1.5s
epoch 1337 | loss 2.4202 | lr 1.17e-03 | 1.5s
epoch 1338 | loss 2.4219 | lr 1.17e-03 | 1.5s
epoch 1339 | loss 2.4282 | lr 1.17e-03 | 1.5s
epoch 1340 | loss 2.4184 | lr 1.17e-03 | 1.5s
epoch 1341 | loss 2.4294 | lr 1.17e-03 | 1.5s
epoch 1342 | loss 2.4302 | lr 1.16e-03 | 1.5s
epoch 1343 | loss 2.4270 | lr 1.16e-03 | 1.5s
epoch 1344 | loss 2.4236 | lr 1.16e-03 | 1.5s
epoch 1345 | loss 2.4150 | lr 1.16e-03 | 1.5s
epoch 1346 | loss 2.4249 | lr 1.16e-03 | 1.5s
epoch 1347 | loss 2.4371 | lr 1.16e-03 | 1.5s
epoch 1348 | loss 2.4200 | lr 1.16e-03 | 1.5s
epoch 1349 | loss 2.4286 | lr 1.16e-03 | 1.5s
epoch 1350 | loss 2.4327 | lr 1.16e-03 | 1.5s
epoch 1351 | loss 2.4338 | lr 1.16e-03 | 1.5s
epoch 1352 | loss 2.4238 | lr 1.16e-03 | 1.5s
epoch 1353 | loss 2.4357 | lr 1.16e-03 | 1.5s
epoch 1354 | loss 2.4086 | lr 1.16e-03 | 1.5s
epoch 1355 | loss 2.4381 | lr 1.16e-03 | 1.5s
epoch 1356 | loss 2.4237 | lr 1.16e-03 | 1.5s
epoch 1357 | loss 2.4243 | lr 1.16e-03 | 1.5s
epoch 1358 | loss 2.4369 | lr 1.16e-03 | 1.5s
epoch 1359 | loss 2.4405 | lr 1.16e-03 | 1.5s
epoch 1360 | loss 2.4218 | lr 1.16e-03 | 1.5s
epoch 1361 | loss 2.4084 | lr 1.15e-03 | 1.5s
epoch 1362 | loss 2.4133 | lr 1.15e-03 | 1.5s
epoch 1363 | loss 2.4200 | lr 1.15e-03 | 1.5s
epoch 1364 | loss 2.4292 | lr 1.15e-03 | 1.5s
epoch 1365 | loss 2.4516 | lr 1.15e-03 | 1.5s
epoch 1366 | loss 2.4265 | lr 1.15e-03 | 1.5s
epoch 1367 | loss 2.4247 | lr 1.15e-03 | 1.5s
epoch 1368 | loss 2.4280 | lr 1.15e-03 | 1.5s
epoch 1369 | loss 2.4487 | lr 1.15e-03 | 1.5s
epoch 1370 | loss 2.4139 | lr 1.15e-03 | 1.5s
epoch 1371 | loss 2.4168 | lr 1.15e-03 | 1.5s
epoch 1372 | loss 2.4163 | lr 1.15e-03 | 1.5s
epoch 1373 | loss 2.4349 | lr 1.15e-03 | 1.5s
epoch 1374 | loss 2.4386 | lr 1.15e-03 | 1.5s
epoch 1375 | loss 2.3997 | lr 1.15e-03 | 1.5s
epoch 1376 | loss 2.4271 | lr 1.15e-03 | 1.5s
epoch 1377 | loss 2.4316 | lr 1.15e-03 | 1.5s
epoch 1378 | loss 2.4250 | lr 1.15e-03 | 1.5s
epoch 1379 | loss 2.4268 | lr 1.14e-03 | 1.5s
epoch 1380 | loss 2.4193 | lr 1.14e-03 | 1.5s
epoch 1381 | loss 2.4379 | lr 1.14e-03 | 1.5s
epoch 1382 | loss 2.4196 | lr 1.14e-03 | 1.5s
epoch 1383 | loss 2.4184 | lr 1.14e-03 | 1.5s
epoch 1384 | loss 2.4230 | lr 1.14e-03 | 1.5s
epoch 1385 | loss 2.4289 | lr 1.14e-03 | 1.5s
epoch 1386 | loss 2.4421 | lr 1.14e-03 | 1.5s
epoch 1387 | loss 2.4329 | lr 1.14e-03 | 1.5s
epoch 1388 | loss 2.4306 | lr 1.14e-03 | 1.5s
epoch 1389 | loss 2.4183 | lr 1.14e-03 | 1.5s
epoch 1390 | loss 2.4213 | lr 1.14e-03 | 1.5s
epoch 1391 | loss 2.4262 | lr 1.14e-03 | 1.5s
epoch 1392 | loss 2.4234 | lr 1.14e-03 | 1.5s
epoch 1393 | loss 2.4186 | lr 1.14e-03 | 1.5s
epoch 1394 | loss 2.4089 | lr 1.14e-03 | 1.5s
epoch 1395 | loss 2.4140 | lr 1.14e-03 | 1.5s
epoch 1396 | loss 2.4416 | lr 1.14e-03 | 1.5s
epoch 1397 | loss 2.4356 | lr 1.14e-03 | 1.5s
epoch 1398 | loss 2.4285 | lr 1.13e-03 | 1.5s
epoch 1399 | loss 2.4173 | lr 1.13e-03 | 1.5s
epoch 1400 | loss 2.4326 | lr 1.13e-03 | 1.5s
epoch 1401 | loss 2.4274 | lr 1.13e-03 | 1.5s
epoch 1402 | loss 2.4327 | lr 1.13e-03 | 1.5s
epoch 1403 | loss 2.4215 | lr 1.13e-03 | 1.5s
epoch 1404 | loss 2.4219 | lr 1.13e-03 | 1.5s
epoch 1405 | loss 2.4304 | lr 1.13e-03 | 1.5s
epoch 1406 | loss 2.4072 | lr 1.13e-03 | 1.5s
epoch 1407 | loss 2.4326 | lr 1.13e-03 | 1.5s
epoch 1408 | loss 2.4055 | lr 1.13e-03 | 1.5s
epoch 1409 | loss 2.4279 | lr 1.13e-03 | 1.5s
epoch 1410 | loss 2.4224 | lr 1.13e-03 | 1.5s
epoch 1411 | loss 2.4311 | lr 1.13e-03 | 1.5s
epoch 1412 | loss 2.4320 | lr 1.13e-03 | 1.5s
epoch 1413 | loss 2.4287 | lr 1.13e-03 | 1.5s
epoch 1414 | loss 2.4099 | lr 1.13e-03 | 1.5s
epoch 1415 | loss 2.4187 | lr 1.13e-03 | 1.5s
epoch 1416 | loss 2.4128 | lr 1.12e-03 | 1.5s
epoch 1417 | loss 2.4214 | lr 1.12e-03 | 1.5s
epoch 1418 | loss 2.4192 | lr 1.12e-03 | 1.5s
epoch 1419 | loss 2.4199 | lr 1.12e-03 | 1.5s
epoch 1420 | loss 2.4169 | lr 1.12e-03 | 1.5s
epoch 1421 | loss 2.4230 | lr 1.12e-03 | 1.5s
epoch 1422 | loss 2.4318 | lr 1.12e-03 | 1.5s
epoch 1423 | loss 2.4167 | lr 1.12e-03 | 1.5s
epoch 1424 | loss 2.4252 | lr 1.12e-03 | 1.5s
epoch 1425 | loss 2.4194 | lr 1.12e-03 | 1.5s
epoch 1426 | loss 2.4105 | lr 1.12e-03 | 1.5s
epoch 1427 | loss 2.4349 | lr 1.12e-03 | 1.5s
epoch 1428 | loss 2.4232 | lr 1.12e-03 | 1.5s
epoch 1429 | loss 2.4322 | lr 1.12e-03 | 1.5s
epoch 1430 | loss 2.4323 | lr 1.12e-03 | 1.5s
epoch 1431 | loss 2.4203 | lr 1.12e-03 | 1.5s
epoch 1432 | loss 2.4061 | lr 1.12e-03 | 1.5s
epoch 1433 | loss 2.4185 | lr 1.12e-03 | 1.5s
epoch 1434 | loss 2.4201 | lr 1.11e-03 | 1.5s
epoch 1435 | loss 2.4142 | lr 1.11e-03 | 1.5s
epoch 1436 | loss 2.4165 | lr 1.11e-03 | 1.5s
epoch 1437 | loss 2.4169 | lr 1.11e-03 | 1.5s
epoch 1438 | loss 2.4182 | lr 1.11e-03 | 1.5s
epoch 1439 | loss 2.4201 | lr 1.11e-03 | 1.5s
epoch 1440 | loss 2.4127 | lr 1.11e-03 | 1.5s
epoch 1441 | loss 2.4285 | lr 1.11e-03 | 1.5s
epoch 1442 | loss 2.4007 | lr 1.11e-03 | 1.5s
epoch 1443 | loss 2.4169 | lr 1.11e-03 | 1.5s
epoch 1444 | loss 2.4108 | lr 1.11e-03 | 1.5s
epoch 1445 | loss 2.4203 | lr 1.11e-03 | 1.5s
epoch 1446 | loss 2.4271 | lr 1.11e-03 | 1.5s
epoch 1447 | loss 2.4035 | lr 1.11e-03 | 1.5s
epoch 1448 | loss 2.4180 | lr 1.11e-03 | 1.5s
epoch 1449 | loss 2.4315 | lr 1.11e-03 | 1.5s
epoch 1450 | loss 2.4122 | lr 1.11e-03 | 1.5s
epoch 1451 | loss 2.4178 | lr 1.11e-03 | 1.5s
epoch 1452 | loss 2.4250 | lr 1.10e-03 | 1.5s
epoch 1453 | loss 2.4064 | lr 1.10e-03 | 1.5s
epoch 1454 | loss 2.3997 | lr 1.10e-03 | 1.5s
epoch 1455 | loss 2.4153 | lr 1.10e-03 | 1.5s
epoch 1456 | loss 2.4204 | lr 1.10e-03 | 1.5s
epoch 1457 | loss 2.4033 | lr 1.10e-03 | 1.5s
epoch 1458 | loss 2.4141 | lr 1.10e-03 | 1.5s
epoch 1459 | loss 2.4252 | lr 1.10e-03 | 1.5s
epoch 1460 | loss 2.4175 | lr 1.10e-03 | 1.5s
epoch 1461 | loss 2.4046 | lr 1.10e-03 | 1.5s
epoch 1462 | loss 2.4217 | lr 1.10e-03 | 1.5s
epoch 1463 | loss 2.4308 | lr 1.10e-03 | 1.5s
epoch 1464 | loss 2.4202 | lr 1.10e-03 | 1.5s
epoch 1465 | loss 2.3965 | lr 1.10e-03 | 1.5s
epoch 1466 | loss 2.4172 | lr 1.10e-03 | 1.5s
epoch 1467 | loss 2.4139 | lr 1.10e-03 | 1.5s
epoch 1468 | loss 2.4049 | lr 1.10e-03 | 1.5s
epoch 1469 | loss 2.4130 | lr 1.10e-03 | 1.5s
epoch 1470 | loss 2.4187 | lr 1.09e-03 | 1.5s
epoch 1471 | loss 2.4183 | lr 1.09e-03 | 1.5s
epoch 1472 | loss 2.4065 | lr 1.09e-03 | 1.5s
epoch 1473 | loss 2.4230 | lr 1.09e-03 | 1.5s
epoch 1474 | loss 2.4192 | lr 1.09e-03 | 1.5s
epoch 1475 | loss 2.4119 | lr 1.09e-03 | 1.5s
epoch 1476 | loss 2.4089 | lr 1.09e-03 | 1.5s
epoch 1477 | loss 2.4136 | lr 1.09e-03 | 1.5s
epoch 1478 | loss 2.4224 | lr 1.09e-03 | 1.5s
epoch 1479 | loss 2.4173 | lr 1.09e-03 | 1.5s
epoch 1480 | loss 2.4175 | lr 1.09e-03 | 1.5s
epoch 1481 | loss 2.4229 | lr 1.09e-03 | 1.5s
epoch 1482 | loss 2.4130 | lr 1.09e-03 | 1.5s
epoch 1483 | loss 2.4307 | lr 1.09e-03 | 1.5s
epoch 1484 | loss 2.4139 | lr 1.09e-03 | 1.5s
epoch 1485 | loss 2.4219 | lr 1.09e-03 | 1.5s
epoch 1486 | loss 2.4057 | lr 1.09e-03 | 1.5s
epoch 1487 | loss 2.4157 | lr 1.09e-03 | 1.5s
epoch 1488 | loss 2.4214 | lr 1.08e-03 | 1.5s
epoch 1489 | loss 2.4355 | lr 1.08e-03 | 1.5s
epoch 1490 | loss 2.4063 | lr 1.08e-03 | 1.5s
epoch 1491 | loss 2.4071 | lr 1.08e-03 | 1.5s
epoch 1492 | loss 2.4285 | lr 1.08e-03 | 1.5s
epoch 1493 | loss 2.3951 | lr 1.08e-03 | 1.5s
epoch 1494 | loss 2.4064 | lr 1.08e-03 | 1.5s
epoch 1495 | loss 2.4135 | lr 1.08e-03 | 1.5s
epoch 1496 | loss 2.4149 | lr 1.08e-03 | 1.5s
epoch 1497 | loss 2.4193 | lr 1.08e-03 | 1.5s
epoch 1498 | loss 2.4088 | lr 1.08e-03 | 1.5s
epoch 1499 | loss 2.4178 | lr 1.08e-03 | 1.5s
epoch 1500 | loss 2.4151 | lr 1.08e-03 | 1.5s
epoch 1501 | loss 2.4262 | lr 1.08e-03 | 1.5s
epoch 1502 | loss 2.3991 | lr 1.08e-03 | 1.5s
epoch 1503 | loss 2.4143 | lr 1.08e-03 | 1.5s
epoch 1504 | loss 2.4152 | lr 1.08e-03 | 1.5s
epoch 1505 | loss 2.4212 | lr 1.08e-03 | 1.5s
epoch 1506 | loss 2.4086 | lr 1.07e-03 | 1.5s
epoch 1507 | loss 2.4058 | lr 1.07e-03 | 1.5s
epoch 1508 | loss 2.4061 | lr 1.07e-03 | 1.5s
epoch 1509 | loss 2.4174 | lr 1.07e-03 | 1.5s
epoch 1510 | loss 2.4109 | lr 1.07e-03 | 1.5s
epoch 1511 | loss 2.4262 | lr 1.07e-03 | 1.5s
epoch 1512 | loss 2.4077 | lr 1.07e-03 | 1.5s
epoch 1513 | loss 2.4241 | lr 1.07e-03 | 1.5s
epoch 1514 | loss 2.4185 | lr 1.07e-03 | 1.5s
epoch 1515 | loss 2.4137 | lr 1.07e-03 | 1.5s
epoch 1516 | loss 2.4129 | lr 1.07e-03 | 1.5s
epoch 1517 | loss 2.4009 | lr 1.07e-03 | 1.5s
epoch 1518 | loss 2.4236 | lr 1.07e-03 | 1.5s
epoch 1519 | loss 2.4110 | lr 1.07e-03 | 1.5s
epoch 1520 | loss 2.4259 | lr 1.07e-03 | 1.5s
epoch 1521 | loss 2.3945 | lr 1.07e-03 | 1.5s
epoch 1522 | loss 2.4071 | lr 1.07e-03 | 1.5s
epoch 1523 | loss 2.4097 | lr 1.06e-03 | 1.5s
epoch 1524 | loss 2.4138 | lr 1.06e-03 | 1.5s
epoch 1525 | loss 2.4097 | lr 1.06e-03 | 1.5s
epoch 1526 | loss 2.4239 | lr 1.06e-03 | 1.5s
epoch 1527 | loss 2.4211 | lr 1.06e-03 | 1.5s
epoch 1528 | loss 2.4262 | lr 1.06e-03 | 1.5s
epoch 1529 | loss 2.4169 | lr 1.06e-03 | 1.5s
epoch 1530 | loss 2.4118 | lr 1.06e-03 | 1.5s
epoch 1531 | loss 2.4247 | lr 1.06e-03 | 1.5s
epoch 1532 | loss 2.4066 | lr 1.06e-03 | 1.5s
epoch 1533 | loss 2.4028 | lr 1.06e-03 | 1.5s
epoch 1534 | loss 2.4245 | lr 1.06e-03 | 1.5s
epoch 1535 | loss 2.4075 | lr 1.06e-03 | 1.5s
epoch 1536 | loss 2.4017 | lr 1.06e-03 | 1.5s
epoch 1537 | loss 2.4040 | lr 1.06e-03 | 1.5s
epoch 1538 | loss 2.4238 | lr 1.06e-03 | 1.5s
epoch 1539 | loss 2.4131 | lr 1.06e-03 | 1.5s
epoch 1540 | loss 2.4196 | lr 1.06e-03 | 1.5s
epoch 1541 | loss 2.4047 | lr 1.05e-03 | 1.5s
epoch 1542 | loss 2.4152 | lr 1.05e-03 | 1.5s
epoch 1543 | loss 2.4195 | lr 1.05e-03 | 1.5s
epoch 1544 | loss 2.4238 | lr 1.05e-03 | 1.5s
epoch 1545 | loss 2.4163 | lr 1.05e-03 | 1.5s
epoch 1546 | loss 2.4156 | lr 1.05e-03 | 1.5s
epoch 1547 | loss 2.4150 | lr 1.05e-03 | 1.5s
epoch 1548 | loss 2.4095 | lr 1.05e-03 | 1.5s
epoch 1549 | loss 2.4239 | lr 1.05e-03 | 1.5s
epoch 1550 | loss 2.4079 | lr 1.05e-03 | 1.5s
epoch 1551 | loss 2.4271 | lr 1.05e-03 | 1.5s
epoch 1552 | loss 2.4287 | lr 1.05e-03 | 1.5s
epoch 1553 | loss 2.4196 | lr 1.05e-03 | 1.5s
epoch 1554 | loss 2.4139 | lr 1.05e-03 | 1.5s
epoch 1555 | loss 2.4181 | lr 1.05e-03 | 1.5s
epoch 1556 | loss 2.4233 | lr 1.05e-03 | 1.5s
epoch 1557 | loss 2.4250 | lr 1.05e-03 | 1.5s
epoch 1558 | loss 2.4157 | lr 1.04e-03 | 1.5s
epoch 1559 | loss 2.4220 | lr 1.04e-03 | 1.5s
epoch 1560 | loss 2.4078 | lr 1.04e-03 | 1.5s
epoch 1561 | loss 2.4114 | lr 1.04e-03 | 1.5s
epoch 1562 | loss 2.4121 | lr 1.04e-03 | 1.5s
epoch 1563 | loss 2.4137 | lr 1.04e-03 | 1.5s
epoch 1564 | loss 2.4255 | lr 1.04e-03 | 1.5s
epoch 1565 | loss 2.4012 | lr 1.04e-03 | 1.5s
epoch 1566 | loss 2.4129 | lr 1.04e-03 | 1.5s
epoch 1567 | loss 2.4143 | lr 1.04e-03 | 1.5s
epoch 1568 | loss 2.4156 | lr 1.04e-03 | 1.5s
epoch 1569 | loss 2.4230 | lr 1.04e-03 | 1.5s
epoch 1570 | loss 2.4357 | lr 1.04e-03 | 1.5s
epoch 1571 | loss 2.4226 | lr 1.04e-03 | 1.5s
epoch 1572 | loss 2.4073 | lr 1.04e-03 | 1.5s
epoch 1573 | loss 2.4148 | lr 1.04e-03 | 1.5s
epoch 1574 | loss 2.4006 | lr 1.04e-03 | 1.5s
epoch 1575 | loss 2.4121 | lr 1.03e-03 | 1.5s
epoch 1576 | loss 2.4248 | lr 1.03e-03 | 1.5s
epoch 1577 | loss 2.4067 | lr 1.03e-03 | 1.5s
epoch 1578 | loss 2.4127 | lr 1.03e-03 | 1.5s
epoch 1579 | loss 2.4245 | lr 1.03e-03 | 1.5s
epoch 1580 | loss 2.3989 | lr 1.03e-03 | 1.5s
epoch 1581 | loss 2.4201 | lr 1.03e-03 | 1.5s
epoch 1582 | loss 2.4077 | lr 1.03e-03 | 1.5s
epoch 1583 | loss 2.4034 | lr 1.03e-03 | 1.5s
epoch 1584 | loss 2.4016 | lr 1.03e-03 | 1.5s
epoch 1585 | loss 2.4314 | lr 1.03e-03 | 1.5s
epoch 1586 | loss 2.4249 | lr 1.03e-03 | 1.5s
epoch 1587 | loss 2.4086 | lr 1.03e-03 | 1.5s
epoch 1588 | loss 2.4010 | lr 1.03e-03 | 1.5s
epoch 1589 | loss 2.4212 | lr 1.03e-03 | 1.5s
epoch 1590 | loss 2.4277 | lr 1.03e-03 | 1.5s
epoch 1591 | loss 2.4123 | lr 1.03e-03 | 1.5s
epoch 1592 | loss 2.4079 | lr 1.03e-03 | 1.5s
epoch 1593 | loss 2.4106 | lr 1.02e-03 | 1.5s
epoch 1594 | loss 2.4172 | lr 1.02e-03 | 1.5s
epoch 1595 | loss 2.4087 | lr 1.02e-03 | 1.5s
epoch 1596 | loss 2.3999 | lr 1.02e-03 | 1.5s
epoch 1597 | loss 2.4224 | lr 1.02e-03 | 1.5s
epoch 1598 | loss 2.4013 | lr 1.02e-03 | 1.5s
epoch 1599 | loss 2.4280 | lr 1.02e-03 | 1.5s
epoch 1600 | loss 2.4109 | lr 1.02e-03 | 1.5s
epoch 1601 | loss 2.3996 | lr 1.02e-03 | 1.5s
epoch 1602 | loss 2.4065 | lr 1.02e-03 | 1.5s
epoch 1603 | loss 2.4209 | lr 1.02e-03 | 1.5s
epoch 1604 | loss 2.4045 | lr 1.02e-03 | 1.5s
epoch 1605 | loss 2.4093 | lr 1.02e-03 | 1.5s
epoch 1606 | loss 2.4187 | lr 1.02e-03 | 1.5s
epoch 1607 | loss 2.4097 | lr 1.02e-03 | 1.5s
epoch 1608 | loss 2.3901 | lr 1.02e-03 | 1.5s
epoch 1609 | loss 2.4291 | lr 1.02e-03 | 1.5s
epoch 1610 | loss 2.4081 | lr 1.01e-03 | 1.5s
epoch 1611 | loss 2.4231 | lr 1.01e-03 | 1.5s
epoch 1612 | loss 2.4061 | lr 1.01e-03 | 1.5s
epoch 1613 | loss 2.4074 | lr 1.01e-03 | 1.5s
epoch 1614 | loss 2.3965 | lr 1.01e-03 | 1.5s
epoch 1615 | loss 2.3960 | lr 1.01e-03 | 1.5s
epoch 1616 | loss 2.4029 | lr 1.01e-03 | 1.5s
epoch 1617 | loss 2.4039 | lr 1.01e-03 | 1.5s
epoch 1618 | loss 2.4080 | lr 1.01e-03 | 1.5s
epoch 1619 | loss 2.4231 | lr 1.01e-03 | 1.5s
epoch 1620 | loss 2.4066 | lr 1.01e-03 | 1.5s
epoch 1621 | loss 2.4120 | lr 1.01e-03 | 1.5s
epoch 1622 | loss 2.4044 | lr 1.01e-03 | 1.5s
epoch 1623 | loss 2.4157 | lr 1.01e-03 | 1.5s
epoch 1624 | loss 2.4039 | lr 1.01e-03 | 1.5s
epoch 1625 | loss 2.4207 | lr 1.01e-03 | 1.5s
epoch 1626 | loss 2.4105 | lr 1.01e-03 | 1.5s
epoch 1627 | loss 2.3836 | lr 1.00e-03 | 1.5s
epoch 1628 | loss 2.3938 | lr 1.00e-03 | 1.5s
epoch 1629 | loss 2.4030 | lr 1.00e-03 | 1.5s
epoch 1630 | loss 2.3983 | lr 1.00e-03 | 1.5s
epoch 1631 | loss 2.4125 | lr 1.00e-03 | 1.5s
epoch 1632 | loss 2.4053 | lr 1.00e-03 | 1.5s
epoch 1633 | loss 2.4183 | lr 1.00e-03 | 1.5s
epoch 1634 | loss 2.4153 | lr 1.00e-03 | 1.5s
epoch 1635 | loss 2.4072 | lr 1.00e-03 | 1.5s
epoch 1636 | loss 2.4048 | lr 9.99e-04 | 1.5s
epoch 1637 | loss 2.4057 | lr 9.99e-04 | 1.5s
epoch 1638 | loss 2.4036 | lr 9.98e-04 | 1.5s
epoch 1639 | loss 2.3930 | lr 9.98e-04 | 1.5s
epoch 1640 | loss 2.4083 | lr 9.97e-04 | 1.5s
epoch 1641 | loss 2.3992 | lr 9.96e-04 | 1.5s
epoch 1642 | loss 2.4088 | lr 9.96e-04 | 1.5s
epoch 1643 | loss 2.4307 | lr 9.95e-04 | 1.5s
epoch 1644 | loss 2.4080 | lr 9.95e-04 | 1.5s
epoch 1645 | loss 2.4076 | lr 9.94e-04 | 1.5s
epoch 1646 | loss 2.4181 | lr 9.93e-04 | 1.5s
epoch 1647 | loss 2.3902 | lr 9.93e-04 | 1.5s
epoch 1648 | loss 2.3914 | lr 9.92e-04 | 1.5s
epoch 1649 | loss 2.4128 | lr 9.92e-04 | 1.5s
epoch 1650 | loss 2.4099 | lr 9.91e-04 | 1.5s
epoch 1651 | loss 2.4009 | lr 9.91e-04 | 1.6s
epoch 1652 | loss 2.3941 | lr 9.90e-04 | 1.5s
epoch 1653 | loss 2.4161 | lr 9.89e-04 | 1.5s
epoch 1654 | loss 2.4103 | lr 9.89e-04 | 1.5s
epoch 1655 | loss 2.4088 | lr 9.88e-04 | 1.5s
epoch 1656 | loss 2.4135 | lr 9.88e-04 | 1.5s
epoch 1657 | loss 2.3974 | lr 9.87e-04 | 1.5s
epoch 1658 | loss 2.3993 | lr 9.86e-04 | 1.5s
epoch 1659 | loss 2.3930 | lr 9.86e-04 | 1.5s
epoch 1660 | loss 2.4129 | lr 9.85e-04 | 1.5s
epoch 1661 | loss 2.3988 | lr 9.85e-04 | 1.5s
epoch 1662 | loss 2.3993 | lr 9.84e-04 | 1.5s
epoch 1663 | loss 2.4065 | lr 9.83e-04 | 1.5s
epoch 1664 | loss 2.4186 | lr 9.83e-04 | 1.5s
epoch 1665 | loss 2.4073 | lr 9.82e-04 | 1.5s
epoch 1666 | loss 2.4367 | lr 9.82e-04 | 1.5s
epoch 1667 | loss 2.3803 | lr 9.81e-04 | 1.5s
epoch 1668 | loss 2.4001 | lr 9.80e-04 | 1.5s
epoch 1669 | loss 2.4049 | lr 9.80e-04 | 1.5s
epoch 1670 | loss 2.4063 | lr 9.79e-04 | 1.5s
epoch 1671 | loss 2.4055 | lr 9.79e-04 | 1.5s
epoch 1672 | loss 2.4098 | lr 9.78e-04 | 1.5s
epoch 1673 | loss 2.4075 | lr 9.78e-04 | 1.5s
epoch 1674 | loss 2.3964 | lr 9.77e-04 | 1.5s
epoch 1675 | loss 2.4140 | lr 9.76e-04 | 1.5s
epoch 1676 | loss 2.4039 | lr 9.76e-04 | 1.5s
epoch 1677 | loss 2.4115 | lr 9.75e-04 | 1.5s
epoch 1678 | loss 2.4076 | lr 9.75e-04 | 1.5s
epoch 1679 | loss 2.4208 | lr 9.74e-04 | 1.5s
epoch 1680 | loss 2.4220 | lr 9.73e-04 | 1.5s
epoch 1681 | loss 2.3866 | lr 9.73e-04 | 1.5s
epoch 1682 | loss 2.4186 | lr 9.72e-04 | 1.5s
epoch 1683 | loss 2.3991 | lr 9.72e-04 | 1.5s
epoch 1684 | loss 2.4011 | lr 9.71e-04 | 1.5s
epoch 1685 | loss 2.4111 | lr 9.70e-04 | 1.5s
epoch 1686 | loss 2.4083 | lr 9.70e-04 | 1.5s
epoch 1687 | loss 2.4015 | lr 9.69e-04 | 1.5s
epoch 1688 | loss 2.4076 | lr 9.69e-04 | 1.5s
epoch 1689 | loss 2.4085 | lr 9.68e-04 | 1.5s
epoch 1690 | loss 2.4035 | lr 9.67e-04 | 1.5s
epoch 1691 | loss 2.4094 | lr 9.67e-04 | 1.5s
epoch 1692 | loss 2.3889 | lr 9.66e-04 | 1.5s
epoch 1693 | loss 2.4054 | lr 9.66e-04 | 1.5s
epoch 1694 | loss 2.4206 | lr 9.65e-04 | 1.5s
epoch 1695 | loss 2.4076 | lr 9.64e-04 | 1.5s
epoch 1696 | loss 2.3847 | lr 9.64e-04 | 1.5s
epoch 1697 | loss 2.4112 | lr 9.63e-04 | 1.5s
epoch 1698 | loss 2.4013 | lr 9.63e-04 | 1.5s
epoch 1699 | loss 2.4111 | lr 9.62e-04 | 1.5s
epoch 1700 | loss 2.4030 | lr 9.61e-04 | 1.5s
epoch 1701 | loss 2.4083 | lr 9.61e-04 | 1.5s
epoch 1702 | loss 2.3902 | lr 9.60e-04 | 1.5s
epoch 1703 | loss 2.3960 | lr 9.60e-04 | 1.5s
epoch 1704 | loss 2.4013 | lr 9.59e-04 | 1.5s
epoch 1705 | loss 2.3985 | lr 9.59e-04 | 1.5s
epoch 1706 | loss 2.4082 | lr 9.58e-04 | 1.5s
epoch 1707 | loss 2.4093 | lr 9.57e-04 | 1.5s
epoch 1708 | loss 2.4122 | lr 9.57e-04 | 1.5s
epoch 1709 | loss 2.4071 | lr 9.56e-04 | 1.5s
epoch 1710 | loss 2.4035 | lr 9.56e-04 | 1.5s
epoch 1711 | loss 2.4093 | lr 9.55e-04 | 1.5s
epoch 1712 | loss 2.3994 | lr 9.54e-04 | 1.5s
epoch 1713 | loss 2.3948 | lr 9.54e-04 | 1.5s
epoch 1714 | loss 2.3860 | lr 9.53e-04 | 1.5s
epoch 1715 | loss 2.3864 | lr 9.53e-04 | 1.5s
epoch 1716 | loss 2.4107 | lr 9.52e-04 | 1.5s
epoch 1717 | loss 2.3989 | lr 9.51e-04 | 1.5s
epoch 1718 | loss 2.3919 | lr 9.51e-04 | 1.5s
epoch 1719 | loss 2.4148 | lr 9.50e-04 | 1.5s
epoch 1720 | loss 2.3928 | lr 9.50e-04 | 1.5s
epoch 1721 | loss 2.4018 | lr 9.49e-04 | 1.5s
epoch 1722 | loss 2.4048 | lr 9.48e-04 | 1.5s
epoch 1723 | loss 2.4013 | lr 9.48e-04 | 1.5s
epoch 1724 | loss 2.4258 | lr 9.47e-04 | 1.5s
epoch 1725 | loss 2.4076 | lr 9.47e-04 | 1.5s
epoch 1726 | loss 2.4238 | lr 9.46e-04 | 1.5s
epoch 1727 | loss 2.3936 | lr 9.45e-04 | 1.5s
epoch 1728 | loss 2.3996 | lr 9.45e-04 | 1.5s
epoch 1729 | loss 2.3958 | lr 9.44e-04 | 1.5s
epoch 1730 | loss 2.4000 | lr 9.44e-04 | 1.5s
epoch 1731 | loss 2.3963 | lr 9.43e-04 | 1.5s
epoch 1732 | loss 2.4015 | lr 9.42e-04 | 1.5s
epoch 1733 | loss 2.4021 | lr 9.42e-04 | 1.5s
epoch 1734 | loss 2.4037 | lr 9.41e-04 | 1.5s
epoch 1735 | loss 2.4013 | lr 9.41e-04 | 1.5s
epoch 1736 | loss 2.3970 | lr 9.40e-04 | 1.5s
epoch 1737 | loss 2.4099 | lr 9.39e-04 | 1.5s
epoch 1738 | loss 2.4108 | lr 9.39e-04 | 1.5s
epoch 1739 | loss 2.4107 | lr 9.38e-04 | 1.5s
epoch 1740 | loss 2.4160 | lr 9.38e-04 | 1.5s
epoch 1741 | loss 2.4115 | lr 9.37e-04 | 1.5s
epoch 1742 | loss 2.4039 | lr 9.36e-04 | 1.5s
epoch 1743 | loss 2.4014 | lr 9.36e-04 | 1.5s
epoch 1744 | loss 2.3981 | lr 9.35e-04 | 1.5s
epoch 1745 | loss 2.3976 | lr 9.35e-04 | 1.5s
epoch 1746 | loss 2.3984 | lr 9.34e-04 | 1.5s
epoch 1747 | loss 2.4101 | lr 9.33e-04 | 1.5s
epoch 1748 | loss 2.4161 | lr 9.33e-04 | 1.5s
epoch 1749 | loss 2.4086 | lr 9.32e-04 | 1.5s
epoch 1750 | loss 2.3919 | lr 9.32e-04 | 1.5s
epoch 1751 | loss 2.3943 | lr 9.31e-04 | 1.5s
epoch 1752 | loss 2.3962 | lr 9.30e-04 | 1.5s
epoch 1753 | loss 2.4004 | lr 9.30e-04 | 1.5s
epoch 1754 | loss 2.4013 | lr 9.29e-04 | 1.5s
epoch 1755 | loss 2.4060 | lr 9.29e-04 | 1.5s
epoch 1756 | loss 2.4013 | lr 9.28e-04 | 1.5s
epoch 1757 | loss 2.3957 | lr 9.27e-04 | 1.5s
epoch 1758 | loss 2.4101 | lr 9.27e-04 | 1.5s
epoch 1759 | loss 2.4144 | lr 9.26e-04 | 1.5s
epoch 1760 | loss 2.3976 | lr 9.26e-04 | 1.5s
epoch 1761 | loss 2.3806 | lr 9.25e-04 | 1.5s
epoch 1762 | loss 2.4040 | lr 9.24e-04 | 1.5s
epoch 1763 | loss 2.4150 | lr 9.24e-04 | 1.5s
epoch 1764 | loss 2.3984 | lr 9.23e-04 | 1.5s
epoch 1765 | loss 2.4143 | lr 9.23e-04 | 1.5s
epoch 1766 | loss 2.3825 | lr 9.22e-04 | 1.5s
epoch 1767 | loss 2.3959 | lr 9.21e-04 | 1.5s
epoch 1768 | loss 2.3946 | lr 9.21e-04 | 1.5s
epoch 1769 | loss 2.3944 | lr 9.20e-04 | 1.5s
epoch 1770 | loss 2.4060 | lr 9.20e-04 | 1.5s
epoch 1771 | loss 2.4069 | lr 9.19e-04 | 1.5s
epoch 1772 | loss 2.4053 | lr 9.18e-04 | 1.5s
epoch 1773 | loss 2.4128 | lr 9.18e-04 | 1.5s
epoch 1774 | loss 2.3924 | lr 9.17e-04 | 1.5s
epoch 1775 | loss 2.3936 | lr 9.17e-04 | 1.5s
epoch 1776 | loss 2.3917 | lr 9.16e-04 | 1.5s
epoch 1777 | loss 2.3951 | lr 9.15e-04 | 1.5s
epoch 1778 | loss 2.4061 | lr 9.15e-04 | 1.5s
epoch 1779 | loss 2.3886 | lr 9.14e-04 | 1.5s
epoch 1780 | loss 2.4249 | lr 9.14e-04 | 1.5s
epoch 1781 | loss 2.4045 | lr 9.13e-04 | 1.5s
epoch 1782 | loss 2.3878 | lr 9.12e-04 | 1.5s
epoch 1783 | loss 2.3924 | lr 9.12e-04 | 1.5s
epoch 1784 | loss 2.3918 | lr 9.11e-04 | 1.5s
epoch 1785 | loss 2.3973 | lr 9.10e-04 | 1.5s
epoch 1786 | loss 2.3959 | lr 9.10e-04 | 1.5s
epoch 1787 | loss 2.4016 | lr 9.09e-04 | 1.5s
epoch 1788 | loss 2.3967 | lr 9.09e-04 | 1.5s
epoch 1789 | loss 2.4029 | lr 9.08e-04 | 1.5s
epoch 1790 | loss 2.3891 | lr 9.07e-04 | 1.5s
epoch 1791 | loss 2.3885 | lr 9.07e-04 | 1.5s
epoch 1792 | loss 2.4066 | lr 9.06e-04 | 1.5s
epoch 1793 | loss 2.3988 | lr 9.06e-04 | 1.5s
epoch 1794 | loss 2.3916 | lr 9.05e-04 | 1.5s
epoch 1795 | loss 2.3910 | lr 9.04e-04 | 1.5s
epoch 1796 | loss 2.4061 | lr 9.04e-04 | 1.5s
epoch 1797 | loss 2.3927 | lr 9.03e-04 | 1.5s
epoch 1798 | loss 2.3889 | lr 9.03e-04 | 1.8s
epoch 1799 | loss 2.3948 | lr 9.02e-04 | 1.5s
epoch 1800 | loss 2.4073 | lr 9.01e-04 | 1.5s
epoch 1801 | loss 2.3984 | lr 9.01e-04 | 1.5s
epoch 1802 | loss 2.4052 | lr 9.00e-04 | 1.5s
epoch 1803 | loss 2.4257 | lr 9.00e-04 | 1.5s
epoch 1804 | loss 2.4029 | lr 8.99e-04 | 1.5s
epoch 1805 | loss 2.4062 | lr 8.98e-04 | 1.5s
epoch 1806 | loss 2.3926 | lr 8.98e-04 | 1.5s
epoch 1807 | loss 2.3976 | lr 8.97e-04 | 1.5s
epoch 1808 | loss 2.4028 | lr 8.97e-04 | 1.5s
epoch 1809 | loss 2.4193 | lr 8.96e-04 | 1.5s
epoch 1810 | loss 2.3969 | lr 8.95e-04 | 1.5s
epoch 1811 | loss 2.3870 | lr 8.95e-04 | 1.5s
epoch 1812 | loss 2.3909 | lr 8.94e-04 | 1.5s
epoch 1813 | loss 2.4005 | lr 8.94e-04 | 1.5s
epoch 1814 | loss 2.4140 | lr 8.93e-04 | 1.5s
epoch 1815 | loss 2.3975 | lr 8.92e-04 | 1.5s
epoch 1816 | loss 2.3862 | lr 8.92e-04 | 1.5s
epoch 1817 | loss 2.4094 | lr 8.91e-04 | 1.5s
epoch 1818 | loss 2.3994 | lr 8.91e-04 | 1.5s
epoch 1819 | loss 2.4067 | lr 8.90e-04 | 1.5s
epoch 1820 | loss 2.4047 | lr 8.89e-04 | 1.5s
epoch 1821 | loss 2.3978 | lr 8.89e-04 | 1.5s
epoch 1822 | loss 2.3996 | lr 8.88e-04 | 1.5s
epoch 1823 | loss 2.4156 | lr 8.87e-04 | 1.5s
epoch 1824 | loss 2.3945 | lr 8.87e-04 | 1.5s
epoch 1825 | loss 2.4060 | lr 8.86e-04 | 1.5s
epoch 1826 | loss 2.3917 | lr 8.86e-04 | 1.5s
epoch 1827 | loss 2.4011 | lr 8.85e-04 | 1.5s
epoch 1828 | loss 2.3906 | lr 8.84e-04 | 1.5s
epoch 1829 | loss 2.3859 | lr 8.84e-04 | 1.5s
epoch 1830 | loss 2.4180 | lr 8.83e-04 | 1.5s
epoch 1831 | loss 2.3977 | lr 8.83e-04 | 1.5s
epoch 1832 | loss 2.3913 | lr 8.82e-04 | 1.5s
epoch 1833 | loss 2.3902 | lr 8.81e-04 | 1.5s
epoch 1834 | loss 2.4041 | lr 8.81e-04 | 1.5s
epoch 1835 | loss 2.3980 | lr 8.80e-04 | 1.5s
epoch 1836 | loss 2.3937 | lr 8.80e-04 | 1.5s
epoch 1837 | loss 2.3975 | lr 8.79e-04 | 1.5s
epoch 1838 | loss 2.3985 | lr 8.78e-04 | 1.5s
epoch 1839 | loss 2.3944 | lr 8.78e-04 | 1.5s
epoch 1840 | loss 2.3887 | lr 8.77e-04 | 1.5s
epoch 1841 | loss 2.3930 | lr 8.77e-04 | 1.5s
epoch 1842 | loss 2.4109 | lr 8.76e-04 | 1.5s
epoch 1843 | loss 2.3868 | lr 8.75e-04 | 1.5s
epoch 1844 | loss 2.3939 | lr 8.75e-04 | 1.5s
epoch 1845 | loss 2.3938 | lr 8.74e-04 | 1.5s
epoch 1846 | loss 2.3923 | lr 8.74e-04 | 1.5s
epoch 1847 | loss 2.4095 | lr 8.73e-04 | 1.5s
epoch 1848 | loss 2.3947 | lr 8.72e-04 | 1.5s
epoch 1849 | loss 2.3935 | lr 8.72e-04 | 1.5s
epoch 1850 | loss 2.4089 | lr 8.71e-04 | 1.5s
epoch 1851 | loss 2.4050 | lr 8.70e-04 | 1.5s
epoch 1852 | loss 2.3901 | lr 8.70e-04 | 1.5s
epoch 1853 | loss 2.3973 | lr 8.69e-04 | 1.5s
epoch 1854 | loss 2.3918 | lr 8.69e-04 | 1.5s
epoch 1855 | loss 2.3868 | lr 8.68e-04 | 1.5s
epoch 1856 | loss 2.3965 | lr 8.67e-04 | 1.5s
epoch 1857 | loss 2.4003 | lr 8.67e-04 | 1.5s
epoch 1858 | loss 2.3870 | lr 8.66e-04 | 1.5s
epoch 1859 | loss 2.4002 | lr 8.66e-04 | 1.5s
epoch 1860 | loss 2.4006 | lr 8.65e-04 | 1.5s
epoch 1861 | loss 2.4057 | lr 8.64e-04 | 1.5s
epoch 1862 | loss 2.3808 | lr 8.64e-04 | 1.5s
epoch 1863 | loss 2.3973 | lr 8.63e-04 | 1.5s
epoch 1864 | loss 2.3874 | lr 8.63e-04 | 1.5s
epoch 1865 | loss 2.3910 | lr 8.62e-04 | 1.5s
epoch 1866 | loss 2.3942 | lr 8.61e-04 | 1.5s
epoch 1867 | loss 2.3931 | lr 8.61e-04 | 1.5s
epoch 1868 | loss 2.3837 | lr 8.60e-04 | 1.5s
epoch 1869 | loss 2.3962 | lr 8.60e-04 | 1.5s
epoch 1870 | loss 2.3942 | lr 8.59e-04 | 1.5s
epoch 1871 | loss 2.3947 | lr 8.58e-04 | 1.5s
epoch 1872 | loss 2.3986 | lr 8.58e-04 | 1.5s
epoch 1873 | loss 2.4011 | lr 8.57e-04 | 1.5s
epoch 1874 | loss 2.4038 | lr 8.56e-04 | 1.5s
epoch 1875 | loss 2.3867 | lr 8.56e-04 | 1.5s
epoch 1876 | loss 2.4018 | lr 8.55e-04 | 1.5s
epoch 1877 | loss 2.3901 | lr 8.55e-04 | 1.5s
epoch 1878 | loss 2.4131 | lr 8.54e-04 | 1.5s
epoch 1879 | loss 2.3943 | lr 8.53e-04 | 1.5s
epoch 1880 | loss 2.4028 | lr 8.53e-04 | 1.5s
epoch 1881 | loss 2.3918 | lr 8.52e-04 | 1.5s
epoch 1882 | loss 2.3971 | lr 8.52e-04 | 1.5s
epoch 1883 | loss 2.3944 | lr 8.51e-04 | 1.5s
epoch 1884 | loss 2.3822 | lr 8.50e-04 | 1.5s
epoch 1885 | loss 2.3786 | lr 8.50e-04 | 1.5s
epoch 1886 | loss 2.3799 | lr 8.49e-04 | 1.5s
epoch 1887 | loss 2.3955 | lr 8.49e-04 | 1.5s
epoch 1888 | loss 2.3917 | lr 8.48e-04 | 1.5s
epoch 1889 | loss 2.3899 | lr 8.47e-04 | 1.5s
epoch 1890 | loss 2.3945 | lr 8.47e-04 | 1.5s
epoch 1891 | loss 2.3859 | lr 8.46e-04 | 1.5s
epoch 1892 | loss 2.4084 | lr 8.45e-04 | 1.5s
epoch 1893 | loss 2.3807 | lr 8.45e-04 | 1.5s
epoch 1894 | loss 2.3991 | lr 8.44e-04 | 1.5s
epoch 1895 | loss 2.4067 | lr 8.44e-04 | 1.5s
epoch 1896 | loss 2.3998 | lr 8.43e-04 | 1.5s
epoch 1897 | loss 2.3876 | lr 8.42e-04 | 1.5s
epoch 1898 | loss 2.3820 | lr 8.42e-04 | 1.5s
epoch 1899 | loss 2.3847 | lr 8.41e-04 | 1.5s
epoch 1900 | loss 2.3954 | lr 8.41e-04 | 1.5s
epoch 1901 | loss 2.3863 | lr 8.40e-04 | 1.5s
epoch 1902 | loss 2.3979 | lr 8.39e-04 | 1.5s
epoch 1903 | loss 2.4032 | lr 8.39e-04 | 1.5s
epoch 1904 | loss 2.3934 | lr 8.38e-04 | 1.5s
epoch 1905 | loss 2.3916 | lr 8.38e-04 | 1.5s
epoch 1906 | loss 2.4007 | lr 8.37e-04 | 1.5s
epoch 1907 | loss 2.3861 | lr 8.36e-04 | 1.5s
epoch 1908 | loss 2.3958 | lr 8.36e-04 | 1.5s
epoch 1909 | loss 2.4022 | lr 8.35e-04 | 1.5s
epoch 1910 | loss 2.3832 | lr 8.34e-04 | 1.5s
epoch 1911 | loss 2.3963 | lr 8.34e-04 | 1.5s
epoch 1912 | loss 2.4025 | lr 8.33e-04 | 1.5s
epoch 1913 | loss 2.3978 | lr 8.33e-04 | 1.5s
epoch 1914 | loss 2.3985 | lr 8.32e-04 | 1.5s
epoch 1915 | loss 2.3890 | lr 8.31e-04 | 1.5s
epoch 1916 | loss 2.4034 | lr 8.31e-04 | 1.5s
epoch 1917 | loss 2.3713 | lr 8.30e-04 | 1.5s
epoch 1918 | loss 2.3955 | lr 8.30e-04 | 1.5s
epoch 1919 | loss 2.3708 | lr 8.29e-04 | 1.5s
epoch 1920 | loss 2.4038 | lr 8.28e-04 | 1.5s
epoch 1921 | loss 2.3974 | lr 8.28e-04 | 1.5s
epoch 1922 | loss 2.3920 | lr 8.27e-04 | 1.5s
epoch 1923 | loss 2.3832 | lr 8.27e-04 | 1.5s
epoch 1924 | loss 2.3860 | lr 8.26e-04 | 1.5s
epoch 1925 | loss 2.3979 | lr 8.25e-04 | 1.5s
epoch 1926 | loss 2.3851 | lr 8.25e-04 | 1.5s
epoch 1927 | loss 2.3977 | lr 8.24e-04 | 1.5s
epoch 1928 | loss 2.4038 | lr 8.23e-04 | 1.5s
epoch 1929 | loss 2.3839 | lr 8.23e-04 | 1.5s
epoch 1930 | loss 2.3997 | lr 8.22e-04 | 1.5s
epoch 1931 | loss 2.3895 | lr 8.22e-04 | 1.5s
epoch 1932 | loss 2.3877 | lr 8.21e-04 | 1.5s
epoch 1933 | loss 2.3975 | lr 8.20e-04 | 1.5s
epoch 1934 | loss 2.4016 | lr 8.20e-04 | 1.5s
epoch 1935 | loss 2.3869 | lr 8.19e-04 | 1.5s
epoch 1936 | loss 2.4061 | lr 8.19e-04 | 1.5s
epoch 1937 | loss 2.4003 | lr 8.18e-04 | 1.5s
epoch 1938 | loss 2.3947 | lr 8.17e-04 | 1.5s
epoch 1939 | loss 2.3957 | lr 8.17e-04 | 1.5s
epoch 1940 | loss 2.3971 | lr 8.16e-04 | 1.5s
epoch 1941 | loss 2.3871 | lr 8.16e-04 | 1.5s
epoch 1942 | loss 2.3949 | lr 8.15e-04 | 1.5s
epoch 1943 | loss 2.3836 | lr 8.14e-04 | 1.5s
epoch 1944 | loss 2.3719 | lr 8.14e-04 | 1.5s
epoch 1945 | loss 2.4036 | lr 8.13e-04 | 1.5s
epoch 1946 | loss 2.4039 | lr 8.12e-04 | 1.5s
epoch 1947 | loss 2.3936 | lr 8.12e-04 | 1.5s
epoch 1948 | loss 2.4049 | lr 8.11e-04 | 1.5s
epoch 1949 | loss 2.3942 | lr 8.11e-04 | 1.5s
epoch 1950 | loss 2.4031 | lr 8.10e-04 | 1.5s
epoch 1951 | loss 2.4094 | lr 8.09e-04 | 1.5s
epoch 1952 | loss 2.3935 | lr 8.09e-04 | 1.5s
epoch 1953 | loss 2.3855 | lr 8.08e-04 | 1.5s
epoch 1954 | loss 2.3782 | lr 8.08e-04 | 1.5s
epoch 1955 | loss 2.3777 | lr 8.07e-04 | 1.5s
epoch 1956 | loss 2.3800 | lr 8.06e-04 | 1.5s
epoch 1957 | loss 2.3905 | lr 8.06e-04 | 1.5s
epoch 1958 | loss 2.3977 | lr 8.05e-04 | 1.5s
epoch 1959 | loss 2.3864 | lr 8.05e-04 | 1.5s
epoch 1960 | loss 2.3882 | lr 8.04e-04 | 1.5s
epoch 1961 | loss 2.3967 | lr 8.03e-04 | 1.5s
epoch 1962 | loss 2.4049 | lr 8.03e-04 | 1.5s
epoch 1963 | loss 2.3958 | lr 8.02e-04 | 1.5s
epoch 1964 | loss 2.4020 | lr 8.01e-04 | 1.5s
epoch 1965 | loss 2.3885 | lr 8.01e-04 | 1.5s
epoch 1966 | loss 2.3909 | lr 8.00e-04 | 1.5s
epoch 1967 | loss 2.3963 | lr 8.00e-04 | 1.5s
epoch 1968 | loss 2.3814 | lr 7.99e-04 | 1.5s
epoch 1969 | loss 2.3964 | lr 7.98e-04 | 1.5s
epoch 1970 | loss 2.3884 | lr 7.98e-04 | 1.5s
epoch 1971 | loss 2.4035 | lr 7.97e-04 | 1.5s
epoch 1972 | loss 2.3913 | lr 7.97e-04 | 1.5s
epoch 1973 | loss 2.3894 | lr 7.96e-04 | 1.5s
epoch 1974 | loss 2.3900 | lr 7.95e-04 | 1.5s
epoch 1975 | loss 2.3968 | lr 7.95e-04 | 1.5s
epoch 1976 | loss 2.3937 | lr 7.94e-04 | 1.5s
epoch 1977 | loss 2.3717 | lr 7.93e-04 | 1.5s
epoch 1978 | loss 2.4101 | lr 7.93e-04 | 1.5s
epoch 1979 | loss 2.3951 | lr 7.92e-04 | 1.5s
epoch 1980 | loss 2.3939 | lr 7.92e-04 | 1.5s
epoch 1981 | loss 2.3842 | lr 7.91e-04 | 1.5s
epoch 1982 | loss 2.3926 | lr 7.90e-04 | 1.5s
epoch 1983 | loss 2.3900 | lr 7.90e-04 | 1.5s
epoch 1984 | loss 2.3816 | lr 7.89e-04 | 1.5s
epoch 1985 | loss 2.3897 | lr 7.89e-04 | 1.5s
epoch 1986 | loss 2.3970 | lr 7.88e-04 | 1.5s
epoch 1987 | loss 2.3916 | lr 7.87e-04 | 1.5s
epoch 1988 | loss 2.3782 | lr 7.87e-04 | 1.5s
epoch 1989 | loss 2.3942 | lr 7.86e-04 | 1.5s
epoch 1990 | loss 2.3858 | lr 7.86e-04 | 1.5s
epoch 1991 | loss 2.3900 | lr 7.85e-04 | 1.5s
epoch 1992 | loss 2.4023 | lr 7.84e-04 | 1.5s
epoch 1993 | loss 2.3745 | lr 7.84e-04 | 1.5s
epoch 1994 | loss 2.3913 | lr 7.83e-04 | 1.5s
epoch 1995 | loss 2.3792 | lr 7.82e-04 | 1.5s
epoch 1996 | loss 2.3894 | lr 7.82e-04 | 1.5s
epoch 1997 | loss 2.3942 | lr 7.81e-04 | 1.5s
epoch 1998 | loss 2.3745 | lr 7.81e-04 | 1.5s
epoch 1999 | loss 2.3748 | lr 7.80e-04 | 1.5s
epoch 2000 | loss 2.4006 | lr 7.79e-04 | 1.5s
epoch 2001 | loss 2.3821 | lr 7.79e-04 | 1.5s
epoch 2002 | loss 2.3715 | lr 7.78e-04 | 1.5s
epoch 2003 | loss 2.3822 | lr 7.78e-04 | 1.5s
epoch 2004 | loss 2.4046 | lr 7.77e-04 | 1.5s
epoch 2005 | loss 2.4044 | lr 7.76e-04 | 1.5s
epoch 2006 | loss 2.4004 | lr 7.76e-04 | 1.5s
epoch 2007 | loss 2.3975 | lr 7.75e-04 | 1.5s
epoch 2008 | loss 2.3928 | lr 7.74e-04 | 1.5s
epoch 2009 | loss 2.3960 | lr 7.74e-04 | 1.5s
epoch 2010 | loss 2.3873 | lr 7.73e-04 | 1.5s
epoch 2011 | loss 2.3865 | lr 7.73e-04 | 1.5s
epoch 2012 | loss 2.3884 | lr 7.72e-04 | 1.5s
epoch 2013 | loss 2.3874 | lr 7.71e-04 | 1.5s
epoch 2014 | loss 2.3835 | lr 7.71e-04 | 1.5s
epoch 2015 | loss 2.3923 | lr 7.70e-04 | 1.5s
epoch 2016 | loss 2.3904 | lr 7.70e-04 | 1.5s
epoch 2017 | loss 2.3976 | lr 7.69e-04 | 1.5s
epoch 2018 | loss 2.3917 | lr 7.68e-04 | 1.5s
epoch 2019 | loss 2.3869 | lr 7.68e-04 | 1.5s
epoch 2020 | loss 2.3825 | lr 7.67e-04 | 1.5s
epoch 2021 | loss 2.3897 | lr 7.67e-04 | 1.5s
epoch 2022 | loss 2.3902 | lr 7.66e-04 | 1.5s
epoch 2023 | loss 2.3845 | lr 7.65e-04 | 1.5s
epoch 2024 | loss 2.3974 | lr 7.65e-04 | 1.5s
epoch 2025 | loss 2.3914 | lr 7.64e-04 | 1.5s
epoch 2026 | loss 2.3922 | lr 7.63e-04 | 1.5s
epoch 2027 | loss 2.3944 | lr 7.63e-04 | 1.5s
epoch 2028 | loss 2.3904 | lr 7.62e-04 | 1.5s
epoch 2029 | loss 2.3948 | lr 7.62e-04 | 1.5s
epoch 2030 | loss 2.3887 | lr 7.61e-04 | 1.5s
epoch 2031 | loss 2.3943 | lr 7.60e-04 | 1.5s
epoch 2032 | loss 2.3936 | lr 7.60e-04 | 1.5s
epoch 2033 | loss 2.4052 | lr 7.59e-04 | 1.5s
epoch 2034 | loss 2.3928 | lr 7.59e-04 | 1.5s
epoch 2035 | loss 2.3885 | lr 7.58e-04 | 1.5s
epoch 2036 | loss 2.3877 | lr 7.57e-04 | 1.5s
epoch 2037 | loss 2.3871 | lr 7.57e-04 | 1.5s
epoch 2038 | loss 2.3890 | lr 7.56e-04 | 1.5s
epoch 2039 | loss 2.3994 | lr 7.55e-04 | 1.5s
epoch 2040 | loss 2.3645 | lr 7.55e-04 | 1.5s
epoch 2041 | loss 2.3822 | lr 7.54e-04 | 1.5s
epoch 2042 | loss 2.3889 | lr 7.54e-04 | 1.5s
epoch 2043 | loss 2.3922 | lr 7.53e-04 | 1.5s
epoch 2044 | loss 2.4099 | lr 7.52e-04 | 1.5s
epoch 2045 | loss 2.3764 | lr 7.52e-04 | 1.5s
epoch 2046 | loss 2.3926 | lr 7.51e-04 | 1.5s
epoch 2047 | loss 2.3884 | lr 7.51e-04 | 1.5s
epoch 2048 | loss 2.3800 | lr 7.50e-04 | 1.5s
epoch 2049 | loss 2.3773 | lr 7.49e-04 | 1.5s
epoch 2050 | loss 2.4058 | lr 7.49e-04 | 1.5s
epoch 2051 | loss 2.3812 | lr 7.48e-04 | 1.5s
epoch 2052 | loss 2.3759 | lr 7.48e-04 | 1.5s
epoch 2053 | loss 2.3826 | lr 7.47e-04 | 1.5s
epoch 2054 | loss 2.3858 | lr 7.46e-04 | 1.5s
epoch 2055 | loss 2.3950 | lr 7.46e-04 | 1.5s
epoch 2056 | loss 2.3932 | lr 7.45e-04 | 1.5s
epoch 2057 | loss 2.4052 | lr 7.44e-04 | 1.5s
epoch 2058 | loss 2.3891 | lr 7.44e-04 | 1.5s
epoch 2059 | loss 2.3893 | lr 7.43e-04 | 1.5s
epoch 2060 | loss 2.3781 | lr 7.43e-04 | 1.5s
epoch 2061 | loss 2.3785 | lr 7.42e-04 | 1.5s
epoch 2062 | loss 2.3856 | lr 7.41e-04 | 1.5s
epoch 2063 | loss 2.3901 | lr 7.41e-04 | 1.5s
epoch 2064 | loss 2.3812 | lr 7.40e-04 | 1.5s
epoch 2065 | loss 2.4066 | lr 7.40e-04 | 1.5s
epoch 2066 | loss 2.4095 | lr 7.39e-04 | 1.5s
epoch 2067 | loss 2.4050 | lr 7.38e-04 | 1.5s
epoch 2068 | loss 2.3895 | lr 7.38e-04 | 1.5s
epoch 2069 | loss 2.3621 | lr 7.37e-04 | 1.5s
epoch 2070 | loss 2.3802 | lr 7.37e-04 | 1.5s
epoch 2071 | loss 2.3885 | lr 7.36e-04 | 1.5s
epoch 2072 | loss 2.3981 | lr 7.35e-04 | 1.5s
epoch 2073 | loss 2.3941 | lr 7.35e-04 | 1.5s
epoch 2074 | loss 2.3754 | lr 7.34e-04 | 1.5s
epoch 2075 | loss 2.3854 | lr 7.33e-04 | 1.5s
epoch 2076 | loss 2.3779 | lr 7.33e-04 | 1.5s
epoch 2077 | loss 2.3885 | lr 7.32e-04 | 1.5s
epoch 2078 | loss 2.3865 | lr 7.32e-04 | 1.5s
epoch 2079 | loss 2.3731 | lr 7.31e-04 | 1.5s
epoch 2080 | loss 2.3856 | lr 7.30e-04 | 1.5s
epoch 2081 | loss 2.3876 | lr 7.30e-04 | 1.5s
epoch 2082 | loss 2.3814 | lr 7.29e-04 | 1.5s
epoch 2083 | loss 2.3873 | lr 7.29e-04 | 1.5s
epoch 2084 | loss 2.3986 | lr 7.28e-04 | 1.5s
epoch 2085 | loss 2.3817 | lr 7.27e-04 | 1.5s
epoch 2086 | loss 2.3802 | lr 7.27e-04 | 1.5s
epoch 2087 | loss 2.3860 | lr 7.26e-04 | 1.5s
epoch 2088 | loss 2.3810 | lr 7.26e-04 | 1.5s
epoch 2089 | loss 2.3795 | lr 7.25e-04 | 1.5s
epoch 2090 | loss 2.3938 | lr 7.24e-04 | 1.5s
epoch 2091 | loss 2.3909 | lr 7.24e-04 | 1.5s
epoch 2092 | loss 2.3756 | lr 7.23e-04 | 1.5s
epoch 2093 | loss 2.3866 | lr 7.22e-04 | 1.5s
epoch 2094 | loss 2.3909 | lr 7.22e-04 | 1.5s
epoch 2095 | loss 2.3917 | lr 7.21e-04 | 1.5s
epoch 2096 | loss 2.3721 | lr 7.21e-04 | 1.5s
epoch 2097 | loss 2.3891 | lr 7.20e-04 | 1.5s
epoch 2098 | loss 2.3961 | lr 7.19e-04 | 1.5s
epoch 2099 | loss 2.3793 | lr 7.19e-04 | 1.5s
epoch 2100 | loss 2.3904 | lr 7.18e-04 | 1.5s
epoch 2101 | loss 2.4006 | lr 7.18e-04 | 1.5s
epoch 2102 | loss 2.3816 | lr 7.17e-04 | 1.5s
epoch 2103 | loss 2.3972 | lr 7.16e-04 | 1.5s
epoch 2104 | loss 2.3809 | lr 7.16e-04 | 1.5s
epoch 2105 | loss 2.3888 | lr 7.15e-04 | 1.5s
epoch 2106 | loss 2.3804 | lr 7.15e-04 | 1.5s
epoch 2107 | loss 2.3875 | lr 7.14e-04 | 1.5s
epoch 2108 | loss 2.3942 | lr 7.13e-04 | 1.5s
epoch 2109 | loss 2.3865 | lr 7.13e-04 | 1.5s
epoch 2110 | loss 2.3706 | lr 7.12e-04 | 1.5s
epoch 2111 | loss 2.3821 | lr 7.11e-04 | 1.5s
epoch 2112 | loss 2.3952 | lr 7.11e-04 | 1.5s
epoch 2113 | loss 2.3969 | lr 7.10e-04 | 1.5s
epoch 2114 | loss 2.3892 | lr 7.10e-04 | 1.5s
epoch 2115 | loss 2.3766 | lr 7.09e-04 | 1.5s
epoch 2116 | loss 2.3946 | lr 7.08e-04 | 1.5s
epoch 2117 | loss 2.3791 | lr 7.08e-04 | 1.5s
epoch 2118 | loss 2.3889 | lr 7.07e-04 | 1.5s
epoch 2119 | loss 2.3802 | lr 7.07e-04 | 1.5s
epoch 2120 | loss 2.3959 | lr 7.06e-04 | 1.5s
epoch 2121 | loss 2.3775 | lr 7.05e-04 | 1.5s
epoch 2122 | loss 2.3865 | lr 7.05e-04 | 1.5s
epoch 2123 | loss 2.3851 | lr 7.04e-04 | 1.5s
epoch 2124 | loss 2.3808 | lr 7.04e-04 | 1.5s
epoch 2125 | loss 2.4019 | lr 7.03e-04 | 1.5s
epoch 2126 | loss 2.3754 | lr 7.02e-04 | 1.5s
epoch 2127 | loss 2.3795 | lr 7.02e-04 | 1.5s
epoch 2128 | loss 2.3825 | lr 7.01e-04 | 1.5s
epoch 2129 | loss 2.3605 | lr 7.00e-04 | 1.5s
epoch 2130 | loss 2.3814 | lr 7.00e-04 | 1.5s
epoch 2131 | loss 2.3997 | lr 6.99e-04 | 1.5s
epoch 2132 | loss 2.3780 | lr 6.99e-04 | 1.5s
epoch 2133 | loss 2.3997 | lr 6.98e-04 | 1.5s
epoch 2134 | loss 2.3886 | lr 6.97e-04 | 1.5s
epoch 2135 | loss 2.3831 | lr 6.97e-04 | 1.5s
epoch 2136 | loss 2.3676 | lr 6.96e-04 | 1.5s
epoch 2137 | loss 2.3819 | lr 6.96e-04 | 1.5s
epoch 2138 | loss 2.3755 | lr 6.95e-04 | 1.5s
epoch 2139 | loss 2.3814 | lr 6.94e-04 | 1.5s
epoch 2140 | loss 2.3907 | lr 6.94e-04 | 1.5s
epoch 2141 | loss 2.3615 | lr 6.93e-04 | 1.5s
epoch 2142 | loss 2.3968 | lr 6.93e-04 | 1.5s
epoch 2143 | loss 2.3877 | lr 6.92e-04 | 1.5s
epoch 2144 | loss 2.4002 | lr 6.91e-04 | 1.5s
epoch 2145 | loss 2.3857 | lr 6.91e-04 | 1.5s
epoch 2146 | loss 2.3755 | lr 6.90e-04 | 1.5s
epoch 2147 | loss 2.3856 | lr 6.90e-04 | 1.5s
epoch 2148 | loss 2.3990 | lr 6.89e-04 | 1.5s
epoch 2149 | loss 2.3849 | lr 6.88e-04 | 1.5s
epoch 2150 | loss 2.3676 | lr 6.88e-04 | 1.5s
epoch 2151 | loss 2.3792 | lr 6.87e-04 | 1.5s
epoch 2152 | loss 2.3754 | lr 6.86e-04 | 1.5s
epoch 2153 | loss 2.3793 | lr 6.86e-04 | 1.5s
epoch 2154 | loss 2.3830 | lr 6.85e-04 | 1.5s
epoch 2155 | loss 2.3919 | lr 6.85e-04 | 1.5s
epoch 2156 | loss 2.3936 | lr 6.84e-04 | 1.5s
epoch 2157 | loss 2.3772 | lr 6.83e-04 | 1.5s
epoch 2158 | loss 2.3897 | lr 6.83e-04 | 1.5s
epoch 2159 | loss 2.3798 | lr 6.82e-04 | 1.5s
epoch 2160 | loss 2.3908 | lr 6.82e-04 | 1.5s
epoch 2161 | loss 2.3805 | lr 6.81e-04 | 1.5s
epoch 2162 | loss 2.3770 | lr 6.80e-04 | 1.5s
epoch 2163 | loss 2.3698 | lr 6.80e-04 | 1.5s
epoch 2164 | loss 2.4007 | lr 6.79e-04 | 1.5s
epoch 2165 | loss 2.3767 | lr 6.79e-04 | 1.5s
epoch 2166 | loss 2.3813 | lr 6.78e-04 | 1.5s
epoch 2167 | loss 2.3759 | lr 6.77e-04 | 1.5s
epoch 2168 | loss 2.3956 | lr 6.77e-04 | 1.5s
epoch 2169 | loss 2.3947 | lr 6.76e-04 | 1.5s
epoch 2170 | loss 2.3878 | lr 6.76e-04 | 1.5s
epoch 2171 | loss 2.3840 | lr 6.75e-04 | 1.5s
epoch 2172 | loss 2.3859 | lr 6.74e-04 | 1.5s
epoch 2173 | loss 2.3759 | lr 6.74e-04 | 1.5s
epoch 2174 | loss 2.3808 | lr 6.73e-04 | 1.5s
epoch 2175 | loss 2.3807 | lr 6.73e-04 | 1.5s
epoch 2176 | loss 2.3692 | lr 6.72e-04 | 1.5s
epoch 2177 | loss 2.3807 | lr 6.71e-04 | 1.5s
epoch 2178 | loss 2.3857 | lr 6.71e-04 | 1.5s
epoch 2179 | loss 2.3867 | lr 6.70e-04 | 1.5s
epoch 2180 | loss 2.3937 | lr 6.69e-04 | 1.5s
epoch 2181 | loss 2.3933 | lr 6.69e-04 | 1.5s
epoch 2182 | loss 2.3786 | lr 6.68e-04 | 1.5s
epoch 2183 | loss 2.3742 | lr 6.68e-04 | 1.5s
epoch 2184 | loss 2.3913 | lr 6.67e-04 | 1.5s
epoch 2185 | loss 2.3878 | lr 6.66e-04 | 1.5s
epoch 2186 | loss 2.3841 | lr 6.66e-04 | 1.5s
epoch 2187 | loss 2.3822 | lr 6.65e-04 | 1.5s
epoch 2188 | loss 2.3701 | lr 6.65e-04 | 1.5s
epoch 2189 | loss 2.3904 | lr 6.64e-04 | 1.5s
epoch 2190 | loss 2.3673 | lr 6.63e-04 | 1.5s
epoch 2191 | loss 2.3787 | lr 6.63e-04 | 1.5s
epoch 2192 | loss 2.3668 | lr 6.62e-04 | 1.5s
epoch 2193 | loss 2.3769 | lr 6.62e-04 | 1.5s
epoch 2194 | loss 2.3870 | lr 6.61e-04 | 1.5s
epoch 2195 | loss 2.3767 | lr 6.60e-04 | 1.5s
epoch 2196 | loss 2.3866 | lr 6.60e-04 | 1.5s
epoch 2197 | loss 2.3848 | lr 6.59e-04 | 1.5s
epoch 2198 | loss 2.3746 | lr 6.59e-04 | 1.5s
epoch 2199 | loss 2.3871 | lr 6.58e-04 | 1.5s
epoch 2200 | loss 2.3920 | lr 6.57e-04 | 1.5s
epoch 2201 | loss 2.3699 | lr 6.57e-04 | 1.5s
epoch 2202 | loss 2.3791 | lr 6.56e-04 | 1.5s
epoch 2203 | loss 2.3910 | lr 6.56e-04 | 1.5s
epoch 2204 | loss 2.3970 | lr 6.55e-04 | 1.5s
epoch 2205 | loss 2.3870 | lr 6.54e-04 | 1.5s
epoch 2206 | loss 2.3594 | lr 6.54e-04 | 1.5s
epoch 2207 | loss 2.3743 | lr 6.53e-04 | 1.5s
epoch 2208 | loss 2.3963 | lr 6.53e-04 | 1.5s
epoch 2209 | loss 2.3683 | lr 6.52e-04 | 1.5s
epoch 2210 | loss 2.3898 | lr 6.51e-04 | 1.5s
epoch 2211 | loss 2.3799 | lr 6.51e-04 | 1.5s
epoch 2212 | loss 2.3775 | lr 6.50e-04 | 1.5s
epoch 2213 | loss 2.3794 | lr 6.50e-04 | 1.5s
epoch 2214 | loss 2.3800 | lr 6.49e-04 | 1.5s
epoch 2215 | loss 2.3814 | lr 6.48e-04 | 1.5s
epoch 2216 | loss 2.3831 | lr 6.48e-04 | 1.5s
epoch 2217 | loss 2.3848 | lr 6.47e-04 | 1.5s
epoch 2218 | loss 2.3984 | lr 6.46e-04 | 1.5s
epoch 2219 | loss 2.3778 | lr 6.46e-04 | 1.5s
epoch 2220 | loss 2.3798 | lr 6.45e-04 | 1.5s
epoch 2221 | loss 2.3795 | lr 6.45e-04 | 1.5s
epoch 2222 | loss 2.3822 | lr 6.44e-04 | 1.5s
epoch 2223 | loss 2.3772 | lr 6.43e-04 | 1.5s
epoch 2224 | loss 2.3778 | lr 6.43e-04 | 1.5s
epoch 2225 | loss 2.3784 | lr 6.42e-04 | 1.5s
epoch 2226 | loss 2.3748 | lr 6.42e-04 | 1.5s
epoch 2227 | loss 2.3823 | lr 6.41e-04 | 1.5s
epoch 2228 | loss 2.3869 | lr 6.40e-04 | 1.5s
epoch 2229 | loss 2.3915 | lr 6.40e-04 | 1.5s
epoch 2230 | loss 2.3893 | lr 6.39e-04 | 1.5s
epoch 2231 | loss 2.3883 | lr 6.39e-04 | 1.5s
epoch 2232 | loss 2.3774 | lr 6.38e-04 | 1.5s
epoch 2233 | loss 2.3585 | lr 6.37e-04 | 1.5s
epoch 2234 | loss 2.3855 | lr 6.37e-04 | 1.5s
epoch 2235 | loss 2.3782 | lr 6.36e-04 | 1.5s
epoch 2236 | loss 2.3805 | lr 6.36e-04 | 1.5s
epoch 2237 | loss 2.3878 | lr 6.35e-04 | 1.5s
epoch 2238 | loss 2.3698 | lr 6.34e-04 | 1.5s
epoch 2239 | loss 2.3739 | lr 6.34e-04 | 1.5s
epoch 2240 | loss 2.3837 | lr 6.33e-04 | 1.5s
epoch 2241 | loss 2.3802 | lr 6.33e-04 | 1.5s
epoch 2242 | loss 2.3836 | lr 6.32e-04 | 1.5s
epoch 2243 | loss 2.3694 | lr 6.31e-04 | 1.5s
epoch 2244 | loss 2.3895 | lr 6.31e-04 | 1.5s
epoch 2245 | loss 2.4019 | lr 6.30e-04 | 1.5s
epoch 2246 | loss 2.3918 | lr 6.30e-04 | 1.5s
epoch 2247 | loss 2.3793 | lr 6.29e-04 | 1.5s
epoch 2248 | loss 2.3664 | lr 6.28e-04 | 1.5s
epoch 2249 | loss 2.3805 | lr 6.28e-04 | 1.5s
epoch 2250 | loss 2.3832 | lr 6.27e-04 | 1.5s
epoch 2251 | loss 2.3795 | lr 6.27e-04 | 1.5s
epoch 2252 | loss 2.3843 | lr 6.26e-04 | 1.5s
epoch 2253 | loss 2.3758 | lr 6.25e-04 | 1.5s
epoch 2254 | loss 2.3805 | lr 6.25e-04 | 1.5s
epoch 2255 | loss 2.3814 | lr 6.24e-04 | 1.5s
epoch 2256 | loss 2.3948 | lr 6.24e-04 | 1.5s
epoch 2257 | loss 2.3657 | lr 6.23e-04 | 1.5s
epoch 2258 | loss 2.3925 | lr 6.22e-04 | 1.5s
epoch 2259 | loss 2.3799 | lr 6.22e-04 | 1.5s
epoch 2260 | loss 2.3762 | lr 6.21e-04 | 1.5s
epoch 2261 | loss 2.3858 | lr 6.21e-04 | 1.5s
epoch 2262 | loss 2.3725 | lr 6.20e-04 | 1.5s
epoch 2263 | loss 2.3757 | lr 6.19e-04 | 1.5s
epoch 2264 | loss 2.3817 | lr 6.19e-04 | 1.5s
epoch 2265 | loss 2.3773 | lr 6.18e-04 | 1.5s
epoch 2266 | loss 2.3955 | lr 6.18e-04 | 1.5s
epoch 2267 | loss 2.3973 | lr 6.17e-04 | 1.5s
epoch 2268 | loss 2.3901 | lr 6.16e-04 | 1.5s
epoch 2269 | loss 2.3817 | lr 6.16e-04 | 1.5s
epoch 2270 | loss 2.3801 | lr 6.15e-04 | 1.5s
epoch 2271 | loss 2.3705 | lr 6.15e-04 | 1.5s
epoch 2272 | loss 2.3757 | lr 6.14e-04 | 1.5s
epoch 2273 | loss 2.3823 | lr 6.13e-04 | 1.5s
epoch 2274 | loss 2.3767 | lr 6.13e-04 | 1.5s
epoch 2275 | loss 2.3890 | lr 6.12e-04 | 1.5s
epoch 2276 | loss 2.3870 | lr 6.12e-04 | 1.5s
epoch 2277 | loss 2.3724 | lr 6.11e-04 | 1.5s
epoch 2278 | loss 2.3839 | lr 6.10e-04 | 1.5s
epoch 2279 | loss 2.3561 | lr 6.10e-04 | 1.5s
epoch 2280 | loss 2.4005 | lr 6.09e-04 | 1.5s
epoch 2281 | loss 2.3769 | lr 6.09e-04 | 1.5s
epoch 2282 | loss 2.3813 | lr 6.08e-04 | 1.5s
epoch 2283 | loss 2.3835 | lr 6.07e-04 | 1.5s
epoch 2284 | loss 2.3846 | lr 6.07e-04 | 1.5s
epoch 2285 | loss 2.3811 | lr 6.06e-04 | 1.5s
epoch 2286 | loss 2.3800 | lr 6.06e-04 | 1.5s
epoch 2287 | loss 2.3675 | lr 6.05e-04 | 1.5s
epoch 2288 | loss 2.3824 | lr 6.04e-04 | 1.5s
epoch 2289 | loss 2.3875 | lr 6.04e-04 | 1.5s
epoch 2290 | loss 2.3878 | lr 6.03e-04 | 1.5s
epoch 2291 | loss 2.3724 | lr 6.03e-04 | 1.5s
epoch 2292 | loss 2.3907 | lr 6.02e-04 | 1.5s
epoch 2293 | loss 2.3703 | lr 6.01e-04 | 1.5s
epoch 2294 | loss 2.3969 | lr 6.01e-04 | 1.5s
epoch 2295 | loss 2.3808 | lr 6.00e-04 | 1.5s
epoch 2296 | loss 2.3766 | lr 6.00e-04 | 1.5s
epoch 2297 | loss 2.4002 | lr 5.99e-04 | 1.5s
epoch 2298 | loss 2.3665 | lr 5.99e-04 | 1.5s
epoch 2299 | loss 2.3732 | lr 5.98e-04 | 1.5s
epoch 2300 | loss 2.3834 | lr 5.97e-04 | 1.5s
epoch 2301 | loss 2.3693 | lr 5.97e-04 | 1.5s
epoch 2302 | loss 2.3821 | lr 5.96e-04 | 1.5s
epoch 2303 | loss 2.3860 | lr 5.96e-04 | 1.5s
epoch 2304 | loss 2.3685 | lr 5.95e-04 | 1.5s
epoch 2305 | loss 2.3789 | lr 5.94e-04 | 1.5s
epoch 2306 | loss 2.3989 | lr 5.94e-04 | 1.5s
epoch 2307 | loss 2.3714 | lr 5.93e-04 | 1.5s
epoch 2308 | loss 2.3766 | lr 5.93e-04 | 1.5s
epoch 2309 | loss 2.3882 | lr 5.92e-04 | 1.5s
epoch 2310 | loss 2.3794 | lr 5.91e-04 | 1.5s
epoch 2311 | loss 2.3796 | lr 5.91e-04 | 1.5s
epoch 2312 | loss 2.3788 | lr 5.90e-04 | 1.5s
epoch 2313 | loss 2.3740 | lr 5.90e-04 | 1.5s
epoch 2314 | loss 2.3901 | lr 5.89e-04 | 1.5s
epoch 2315 | loss 2.3859 | lr 5.88e-04 | 1.5s
epoch 2316 | loss 2.3729 | lr 5.88e-04 | 1.5s
epoch 2317 | loss 2.3865 | lr 5.87e-04 | 1.5s
epoch 2318 | loss 2.3849 | lr 5.87e-04 | 1.5s
epoch 2319 | loss 2.4064 | lr 5.86e-04 | 1.5s
epoch 2320 | loss 2.3837 | lr 5.85e-04 | 1.5s
epoch 2321 | loss 2.3820 | lr 5.85e-04 | 1.5s
epoch 2322 | loss 2.3724 | lr 5.84e-04 | 1.5s
epoch 2323 | loss 2.3637 | lr 5.84e-04 | 1.5s
epoch 2324 | loss 2.3846 | lr 5.83e-04 | 1.5s
epoch 2325 | loss 2.3769 | lr 5.82e-04 | 1.5s
epoch 2326 | loss 2.3880 | lr 5.82e-04 | 1.5s
epoch 2327 | loss 2.3876 | lr 5.81e-04 | 1.5s
epoch 2328 | loss 2.3823 | lr 5.81e-04 | 1.5s
epoch 2329 | loss 2.3807 | lr 5.80e-04 | 1.5s
epoch 2330 | loss 2.3803 | lr 5.80e-04 | 1.5s
epoch 2331 | loss 2.3784 | lr 5.79e-04 | 1.5s
epoch 2332 | loss 2.3870 | lr 5.78e-04 | 1.5s
epoch 2333 | loss 2.3858 | lr 5.78e-04 | 1.5s
epoch 2334 | loss 2.3784 | lr 5.77e-04 | 1.5s
epoch 2335 | loss 2.3651 | lr 5.77e-04 | 1.5s
epoch 2336 | loss 2.3870 | lr 5.76e-04 | 1.5s
epoch 2337 | loss 2.3767 | lr 5.75e-04 | 1.5s
epoch 2338 | loss 2.3822 | lr 5.75e-04 | 1.5s
epoch 2339 | loss 2.3854 | lr 5.74e-04 | 1.5s
epoch 2340 | loss 2.3650 | lr 5.74e-04 | 1.5s
epoch 2341 | loss 2.3693 | lr 5.73e-04 | 1.5s
epoch 2342 | loss 2.3869 | lr 5.72e-04 | 1.5s
epoch 2343 | loss 2.3860 | lr 5.72e-04 | 1.5s
epoch 2344 | loss 2.3753 | lr 5.71e-04 | 1.5s
epoch 2345 | loss 2.3646 | lr 5.71e-04 | 1.5s
epoch 2346 | loss 2.3808 | lr 5.70e-04 | 1.5s
epoch 2347 | loss 2.3724 | lr 5.69e-04 | 1.5s
epoch 2348 | loss 2.3846 | lr 5.69e-04 | 1.5s
epoch 2349 | loss 2.3830 | lr 5.68e-04 | 1.5s
epoch 2350 | loss 2.3782 | lr 5.68e-04 | 1.5s
epoch 2351 | loss 2.3639 | lr 5.67e-04 | 1.5s
epoch 2352 | loss 2.3733 | lr 5.67e-04 | 1.5s
epoch 2353 | loss 2.3821 | lr 5.66e-04 | 1.5s
epoch 2354 | loss 2.3683 | lr 5.65e-04 | 1.5s
epoch 2355 | loss 2.3763 | lr 5.65e-04 | 1.5s
epoch 2356 | loss 2.3887 | lr 5.64e-04 | 1.5s
epoch 2357 | loss 2.3633 | lr 5.64e-04 | 1.5s
epoch 2358 | loss 2.3843 | lr 5.63e-04 | 1.5s
epoch 2359 | loss 2.3675 | lr 5.62e-04 | 1.5s
epoch 2360 | loss 2.3722 | lr 5.62e-04 | 1.5s
epoch 2361 | loss 2.3675 | lr 5.61e-04 | 1.5s
epoch 2362 | loss 2.3832 | lr 5.61e-04 | 1.5s
epoch 2363 | loss 2.3798 | lr 5.60e-04 | 1.5s
epoch 2364 | loss 2.3672 | lr 5.59e-04 | 1.5s
epoch 2365 | loss 2.3870 | lr 5.59e-04 | 1.5s
epoch 2366 | loss 2.3789 | lr 5.58e-04 | 1.5s
epoch 2367 | loss 2.3913 | lr 5.58e-04 | 1.5s
epoch 2368 | loss 2.3644 | lr 5.57e-04 | 1.5s
epoch 2369 | loss 2.3744 | lr 5.57e-04 | 1.5s
epoch 2370 | loss 2.3772 | lr 5.56e-04 | 1.5s
epoch 2371 | loss 2.3649 | lr 5.55e-04 | 1.5s
epoch 2372 | loss 2.3681 | lr 5.55e-04 | 1.5s
epoch 2373 | loss 2.3643 | lr 5.54e-04 | 1.5s
epoch 2374 | loss 2.3769 | lr 5.54e-04 | 1.5s
epoch 2375 | loss 2.3852 | lr 5.53e-04 | 1.5s
epoch 2376 | loss 2.3803 | lr 5.52e-04 | 1.5s
epoch 2377 | loss 2.3888 | lr 5.52e-04 | 1.5s
epoch 2378 | loss 2.3657 | lr 5.51e-04 | 1.5s
epoch 2379 | loss 2.3957 | lr 5.51e-04 | 1.5s
epoch 2380 | loss 2.3682 | lr 5.50e-04 | 1.5s
epoch 2381 | loss 2.3591 | lr 5.49e-04 | 1.5s
epoch 2382 | loss 2.3776 | lr 5.49e-04 | 1.5s
epoch 2383 | loss 2.3768 | lr 5.48e-04 | 1.5s
epoch 2384 | loss 2.3749 | lr 5.48e-04 | 1.5s
epoch 2385 | loss 2.3644 | lr 5.47e-04 | 1.5s
epoch 2386 | loss 2.3865 | lr 5.47e-04 | 1.5s
epoch 2387 | loss 2.3773 | lr 5.46e-04 | 1.5s
epoch 2388 | loss 2.3835 | lr 5.45e-04 | 1.5s
epoch 2389 | loss 2.3819 | lr 5.45e-04 | 1.5s
epoch 2390 | loss 2.3783 | lr 5.44e-04 | 1.5s
epoch 2391 | loss 2.3942 | lr 5.44e-04 | 1.5s
epoch 2392 | loss 2.3735 | lr 5.43e-04 | 1.5s
epoch 2393 | loss 2.3772 | lr 5.42e-04 | 1.5s
epoch 2394 | loss 2.3760 | lr 5.42e-04 | 1.5s
epoch 2395 | loss 2.3771 | lr 5.41e-04 | 1.5s
epoch 2396 | loss 2.3693 | lr 5.41e-04 | 1.5s
epoch 2397 | loss 2.3663 | lr 5.40e-04 | 1.5s
epoch 2398 | loss 2.3736 | lr 5.40e-04 | 1.5s
epoch 2399 | loss 2.3693 | lr 5.39e-04 | 1.5s
epoch 2400 | loss 2.3828 | lr 5.38e-04 | 1.5s
epoch 2401 | loss 2.3595 | lr 5.38e-04 | 1.5s
epoch 2402 | loss 2.3956 | lr 5.37e-04 | 1.5s
epoch 2403 | loss 2.3503 | lr 5.37e-04 | 1.5s
epoch 2404 | loss 2.3793 | lr 5.36e-04 | 1.5s
epoch 2405 | loss 2.3744 | lr 5.35e-04 | 1.5s
epoch 2406 | loss 2.3591 | lr 5.35e-04 | 1.5s
epoch 2407 | loss 2.3772 | lr 5.34e-04 | 1.5s
epoch 2408 | loss 2.3776 | lr 5.34e-04 | 1.5s
epoch 2409 | loss 2.3769 | lr 5.33e-04 | 1.5s
epoch 2410 | loss 2.3783 | lr 5.33e-04 | 1.5s
epoch 2411 | loss 2.3763 | lr 5.32e-04 | 1.5s
epoch 2412 | loss 2.3822 | lr 5.31e-04 | 1.5s
epoch 2413 | loss 2.3646 | lr 5.31e-04 | 1.5s
epoch 2414 | loss 2.3747 | lr 5.30e-04 | 1.5s
epoch 2415 | loss 2.3759 | lr 5.30e-04 | 1.5s
epoch 2416 | loss 2.3746 | lr 5.29e-04 | 1.5s
epoch 2417 | loss 2.3743 | lr 5.29e-04 | 1.5s
epoch 2418 | loss 2.3847 | lr 5.28e-04 | 1.5s
epoch 2419 | loss 2.3799 | lr 5.27e-04 | 1.5s
epoch 2420 | loss 2.3776 | lr 5.27e-04 | 1.5s
epoch 2421 | loss 2.3643 | lr 5.26e-04 | 1.5s
epoch 2422 | loss 2.3953 | lr 5.26e-04 | 1.5s
epoch 2423 | loss 2.3564 | lr 5.25e-04 | 1.5s
epoch 2424 | loss 2.3642 | lr 5.24e-04 | 1.5s
epoch 2425 | loss 2.3806 | lr 5.24e-04 | 1.5s
epoch 2426 | loss 2.3808 | lr 5.23e-04 | 1.5s
epoch 2427 | loss 2.3760 | lr 5.23e-04 | 1.5s
epoch 2428 | loss 2.3841 | lr 5.22e-04 | 1.5s
epoch 2429 | loss 2.3729 | lr 5.22e-04 | 1.5s
epoch 2430 | loss 2.3668 | lr 5.21e-04 | 1.5s
epoch 2431 | loss 2.3932 | lr 5.20e-04 | 1.5s
epoch 2432 | loss 2.3688 | lr 5.20e-04 | 1.5s
epoch 2433 | loss 2.3770 | lr 5.19e-04 | 1.5s
epoch 2434 | loss 2.3685 | lr 5.19e-04 | 1.5s
epoch 2435 | loss 2.3735 | lr 5.18e-04 | 1.5s
epoch 2436 | loss 2.3597 | lr 5.18e-04 | 1.5s
epoch 2437 | loss 2.3649 | lr 5.17e-04 | 1.5s
epoch 2438 | loss 2.3792 | lr 5.16e-04 | 1.5s
epoch 2439 | loss 2.3688 | lr 5.16e-04 | 1.5s
epoch 2440 | loss 2.3760 | lr 5.15e-04 | 1.5s
epoch 2441 | loss 2.3665 | lr 5.15e-04 | 1.5s
epoch 2442 | loss 2.3876 | lr 5.14e-04 | 1.5s
epoch 2443 | loss 2.3769 | lr 5.13e-04 | 1.5s
epoch 2444 | loss 2.3900 | lr 5.13e-04 | 1.5s
epoch 2445 | loss 2.3875 | lr 5.12e-04 | 1.5s
epoch 2446 | loss 2.3560 | lr 5.12e-04 | 1.5s
epoch 2447 | loss 2.3718 | lr 5.11e-04 | 1.5s
epoch 2448 | loss 2.3963 | lr 5.11e-04 | 1.5s
epoch 2449 | loss 2.3804 | lr 5.10e-04 | 1.5s
epoch 2450 | loss 2.3827 | lr 5.09e-04 | 1.5s
epoch 2451 | loss 2.3831 | lr 5.09e-04 | 1.5s
epoch 2452 | loss 2.3732 | lr 5.08e-04 | 1.5s
epoch 2453 | loss 2.3630 | lr 5.08e-04 | 1.5s
epoch 2454 | loss 2.3747 | lr 5.07e-04 | 1.5s
epoch 2455 | loss 2.3790 | lr 5.07e-04 | 1.5s
epoch 2456 | loss 2.3757 | lr 5.06e-04 | 1.5s
epoch 2457 | loss 2.3846 | lr 5.05e-04 | 1.5s
epoch 2458 | loss 2.3710 | lr 5.05e-04 | 1.5s
epoch 2459 | loss 2.3688 | lr 5.04e-04 | 1.5s
epoch 2460 | loss 2.3609 | lr 5.04e-04 | 1.5s
epoch 2461 | loss 2.3714 | lr 5.03e-04 | 1.5s
epoch 2462 | loss 2.3853 | lr 5.03e-04 | 1.5s
epoch 2463 | loss 2.3643 | lr 5.02e-04 | 1.5s
epoch 2464 | loss 2.3941 | lr 5.01e-04 | 1.5s
epoch 2465 | loss 2.3686 | lr 5.01e-04 | 1.5s
epoch 2466 | loss 2.3818 | lr 5.00e-04 | 1.5s
epoch 2467 | loss 2.3602 | lr 5.00e-04 | 1.5s
epoch 2468 | loss 2.3722 | lr 4.99e-04 | 1.5s
epoch 2469 | loss 2.3667 | lr 4.99e-04 | 1.5s
epoch 2470 | loss 2.3741 | lr 4.98e-04 | 1.5s
epoch 2471 | loss 2.3620 | lr 4.97e-04 | 1.5s
epoch 2472 | loss 2.3567 | lr 4.97e-04 | 1.5s
epoch 2473 | loss 2.3807 | lr 4.96e-04 | 1.5s
epoch 2474 | loss 2.3704 | lr 4.96e-04 | 1.5s
epoch 2475 | loss 2.3605 | lr 4.95e-04 | 1.5s
epoch 2476 | loss 2.3715 | lr 4.95e-04 | 1.5s
epoch 2477 | loss 2.3721 | lr 4.94e-04 | 1.5s
epoch 2478 | loss 2.3610 | lr 4.93e-04 | 1.5s
epoch 2479 | loss 2.3836 | lr 4.93e-04 | 1.5s
epoch 2480 | loss 2.3747 | lr 4.92e-04 | 1.5s
epoch 2481 | loss 2.3714 | lr 4.92e-04 | 1.5s
epoch 2482 | loss 2.3559 | lr 4.91e-04 | 1.5s
epoch 2483 | loss 2.3687 | lr 4.91e-04 | 1.5s
epoch 2484 | loss 2.3684 | lr 4.90e-04 | 1.5s
epoch 2485 | loss 2.3809 | lr 4.89e-04 | 1.5s
epoch 2486 | loss 2.3646 | lr 4.89e-04 | 1.5s
epoch 2487 | loss 2.3633 | lr 4.88e-04 | 1.5s
epoch 2488 | loss 2.3687 | lr 4.88e-04 | 1.5s
epoch 2489 | loss 2.3598 | lr 4.87e-04 | 1.5s
epoch 2490 | loss 2.3800 | lr 4.87e-04 | 1.5s
epoch 2491 | loss 2.3716 | lr 4.86e-04 | 1.5s
epoch 2492 | loss 2.3661 | lr 4.85e-04 | 1.5s
epoch 2493 | loss 2.3920 | lr 4.85e-04 | 1.5s
epoch 2494 | loss 2.3561 | lr 4.84e-04 | 1.5s
epoch 2495 | loss 2.3597 | lr 4.84e-04 | 1.5s
epoch 2496 | loss 2.3820 | lr 4.83e-04 | 1.5s
epoch 2497 | loss 2.3930 | lr 4.83e-04 | 1.5s
epoch 2498 | loss 2.3815 | lr 4.82e-04 | 1.5s
epoch 2499 | loss 2.3602 | lr 4.82e-04 | 1.5s
epoch 2500 | loss 2.3815 | lr 4.81e-04 | 1.5s
epoch 2501 | loss 2.3598 | lr 4.80e-04 | 1.5s
epoch 2502 | loss 2.3610 | lr 4.80e-04 | 1.5s
epoch 2503 | loss 2.3493 | lr 4.79e-04 | 1.5s
epoch 2504 | loss 2.3763 | lr 4.79e-04 | 1.5s
epoch 2505 | loss 2.3646 | lr 4.78e-04 | 1.5s
epoch 2506 | loss 2.3796 | lr 4.78e-04 | 1.5s
epoch 2507 | loss 2.3732 | lr 4.77e-04 | 1.5s
epoch 2508 | loss 2.3793 | lr 4.76e-04 | 1.5s
epoch 2509 | loss 2.3719 | lr 4.76e-04 | 1.5s
epoch 2510 | loss 2.3649 | lr 4.75e-04 | 1.5s
epoch 2511 | loss 2.3934 | lr 4.75e-04 | 1.5s
epoch 2512 | loss 2.3844 | lr 4.74e-04 | 1.5s
epoch 2513 | loss 2.3921 | lr 4.74e-04 | 1.5s
epoch 2514 | loss 2.3647 | lr 4.73e-04 | 1.5s
epoch 2515 | loss 2.3643 | lr 4.72e-04 | 1.5s
epoch 2516 | loss 2.3815 | lr 4.72e-04 | 1.5s
epoch 2517 | loss 2.3952 | lr 4.71e-04 | 1.5s
epoch 2518 | loss 2.3787 | lr 4.71e-04 | 1.5s
epoch 2519 | loss 2.3712 | lr 4.70e-04 | 1.5s
epoch 2520 | loss 2.3847 | lr 4.70e-04 | 1.5s
epoch 2521 | loss 2.3752 | lr 4.69e-04 | 1.5s
epoch 2522 | loss 2.3870 | lr 4.69e-04 | 1.5s
epoch 2523 | loss 2.3859 | lr 4.68e-04 | 1.5s
epoch 2524 | loss 2.3601 | lr 4.67e-04 | 1.5s
epoch 2525 | loss 2.3852 | lr 4.67e-04 | 1.5s
epoch 2526 | loss 2.3742 | lr 4.66e-04 | 1.5s
epoch 2527 | loss 2.3656 | lr 4.66e-04 | 1.5s
epoch 2528 | loss 2.3647 | lr 4.65e-04 | 1.5s
epoch 2529 | loss 2.3777 | lr 4.65e-04 | 1.5s
epoch 2530 | loss 2.3772 | lr 4.64e-04 | 1.5s
epoch 2531 | loss 2.3713 | lr 4.63e-04 | 1.5s
epoch 2532 | loss 2.3713 | lr 4.63e-04 | 1.5s
epoch 2533 | loss 2.3770 | lr 4.62e-04 | 1.5s
epoch 2534 | loss 2.3651 | lr 4.62e-04 | 1.5s
epoch 2535 | loss 2.3769 | lr 4.61e-04 | 1.5s
epoch 2536 | loss 2.3603 | lr 4.61e-04 | 1.5s
epoch 2537 | loss 2.3603 | lr 4.60e-04 | 1.5s
epoch 2538 | loss 2.3624 | lr 4.60e-04 | 1.5s
epoch 2539 | loss 2.3596 | lr 4.59e-04 | 1.5s
epoch 2540 | loss 2.3656 | lr 4.58e-04 | 1.5s
epoch 2541 | loss 2.3646 | lr 4.58e-04 | 1.5s
epoch 2542 | loss 2.3699 | lr 4.57e-04 | 1.5s
epoch 2543 | loss 2.3659 | lr 4.57e-04 | 1.5s
epoch 2544 | loss 2.3732 | lr 4.56e-04 | 1.5s
epoch 2545 | loss 2.3622 | lr 4.56e-04 | 1.5s
epoch 2546 | loss 2.3658 | lr 4.55e-04 | 1.5s
epoch 2547 | loss 2.3693 | lr 4.55e-04 | 1.5s
epoch 2548 | loss 2.3657 | lr 4.54e-04 | 1.5s
epoch 2549 | loss 2.3654 | lr 4.53e-04 | 1.5s
epoch 2550 | loss 2.3550 | lr 4.53e-04 | 1.5s
epoch 2551 | loss 2.3570 | lr 4.52e-04 | 1.5s
epoch 2552 | loss 2.3593 | lr 4.52e-04 | 1.5s
epoch 2553 | loss 2.3850 | lr 4.51e-04 | 1.5s
epoch 2554 | loss 2.3655 | lr 4.51e-04 | 1.5s
epoch 2555 | loss 2.3633 | lr 4.50e-04 | 1.5s
epoch 2556 | loss 2.3697 | lr 4.50e-04 | 1.5s
epoch 2557 | loss 2.3802 | lr 4.49e-04 | 1.5s
epoch 2558 | loss 2.3651 | lr 4.48e-04 | 1.5s
epoch 2559 | loss 2.3638 | lr 4.48e-04 | 1.5s
epoch 2560 | loss 2.3714 | lr 4.47e-04 | 1.5s
epoch 2561 | loss 2.3743 | lr 4.47e-04 | 1.5s
epoch 2562 | loss 2.3604 | lr 4.46e-04 | 1.5s
epoch 2563 | loss 2.3808 | lr 4.46e-04 | 1.5s
epoch 2564 | loss 2.3782 | lr 4.45e-04 | 1.5s
epoch 2565 | loss 2.3748 | lr 4.45e-04 | 1.5s
epoch 2566 | loss 2.3712 | lr 4.44e-04 | 1.5s
epoch 2567 | loss 2.3777 | lr 4.43e-04 | 1.5s
epoch 2568 | loss 2.3817 | lr 4.43e-04 | 1.5s
epoch 2569 | loss 2.3532 | lr 4.42e-04 | 1.5s
epoch 2570 | loss 2.3785 | lr 4.42e-04 | 1.5s
epoch 2571 | loss 2.3622 | lr 4.41e-04 | 1.5s
epoch 2572 | loss 2.3655 | lr 4.41e-04 | 1.5s
epoch 2573 | loss 2.3754 | lr 4.40e-04 | 1.5s
epoch 2574 | loss 2.3683 | lr 4.40e-04 | 1.5s
epoch 2575 | loss 2.3765 | lr 4.39e-04 | 1.5s
epoch 2576 | loss 2.3806 | lr 4.38e-04 | 1.5s
epoch 2577 | loss 2.3696 | lr 4.38e-04 | 1.5s
epoch 2578 | loss 2.3787 | lr 4.37e-04 | 1.5s
epoch 2579 | loss 2.3657 | lr 4.37e-04 | 1.5s
epoch 2580 | loss 2.3697 | lr 4.36e-04 | 1.5s
epoch 2581 | loss 2.3775 | lr 4.36e-04 | 1.5s
epoch 2582 | loss 2.3703 | lr 4.35e-04 | 1.5s
epoch 2583 | loss 2.3615 | lr 4.35e-04 | 1.5s
epoch 2584 | loss 2.3658 | lr 4.34e-04 | 1.5s
epoch 2585 | loss 2.3722 | lr 4.34e-04 | 1.5s
epoch 2586 | loss 2.3643 | lr 4.33e-04 | 1.5s
epoch 2587 | loss 2.3697 | lr 4.32e-04 | 1.5s
epoch 2588 | loss 2.3619 | lr 4.32e-04 | 1.5s
epoch 2589 | loss 2.3770 | lr 4.31e-04 | 1.5s
epoch 2590 | loss 2.3607 | lr 4.31e-04 | 1.5s
epoch 2591 | loss 2.3630 | lr 4.30e-04 | 1.5s
epoch 2592 | loss 2.3812 | lr 4.30e-04 | 1.5s
epoch 2593 | loss 2.3726 | lr 4.29e-04 | 1.5s
epoch 2594 | loss 2.3755 | lr 4.29e-04 | 1.5s
epoch 2595 | loss 2.3748 | lr 4.28e-04 | 1.5s
epoch 2596 | loss 2.3828 | lr 4.28e-04 | 1.5s
epoch 2597 | loss 2.3817 | lr 4.27e-04 | 1.5s
epoch 2598 | loss 2.3677 | lr 4.26e-04 | 1.5s
epoch 2599 | loss 2.3720 | lr 4.26e-04 | 1.5s
epoch 2600 | loss 2.3843 | lr 4.25e-04 | 1.5s
epoch 2601 | loss 2.3609 | lr 4.25e-04 | 1.5s
epoch 2602 | loss 2.3723 | lr 4.24e-04 | 1.5s
epoch 2603 | loss 2.3639 | lr 4.24e-04 | 1.5s
epoch 2604 | loss 2.3683 | lr 4.23e-04 | 1.5s
epoch 2605 | loss 2.3709 | lr 4.23e-04 | 1.5s
epoch 2606 | loss 2.3459 | lr 4.22e-04 | 1.5s
epoch 2607 | loss 2.3620 | lr 4.22e-04 | 1.5s
epoch 2608 | loss 2.3712 | lr 4.21e-04 | 1.5s
epoch 2609 | loss 2.3781 | lr 4.20e-04 | 1.5s
epoch 2610 | loss 2.3668 | lr 4.20e-04 | 1.5s
epoch 2611 | loss 2.3681 | lr 4.19e-04 | 1.5s
epoch 2612 | loss 2.3712 | lr 4.19e-04 | 1.5s
epoch 2613 | loss 2.3938 | lr 4.18e-04 | 1.5s
epoch 2614 | loss 2.3731 | lr 4.18e-04 | 1.5s
epoch 2615 | loss 2.3880 | lr 4.17e-04 | 1.5s
epoch 2616 | loss 2.3563 | lr 4.17e-04 | 1.5s
epoch 2617 | loss 2.3740 | lr 4.16e-04 | 1.5s
epoch 2618 | loss 2.3591 | lr 4.16e-04 | 1.5s
epoch 2619 | loss 2.3772 | lr 4.15e-04 | 1.5s
epoch 2620 | loss 2.3732 | lr 4.14e-04 | 1.5s
epoch 2621 | loss 2.3710 | lr 4.14e-04 | 1.5s
epoch 2622 | loss 2.3740 | lr 4.13e-04 | 1.5s
epoch 2623 | loss 2.3670 | lr 4.13e-04 | 1.5s
epoch 2624 | loss 2.3675 | lr 4.12e-04 | 1.5s
epoch 2625 | loss 2.3864 | lr 4.12e-04 | 1.5s
epoch 2626 | loss 2.3577 | lr 4.11e-04 | 1.5s
epoch 2627 | loss 2.3610 | lr 4.11e-04 | 1.5s
epoch 2628 | loss 2.3632 | lr 4.10e-04 | 1.5s
epoch 2629 | loss 2.3776 | lr 4.10e-04 | 1.5s
epoch 2630 | loss 2.3612 | lr 4.09e-04 | 1.5s
epoch 2631 | loss 2.3529 | lr 4.09e-04 | 1.5s
epoch 2632 | loss 2.3772 | lr 4.08e-04 | 1.5s
epoch 2633 | loss 2.3808 | lr 4.07e-04 | 1.5s
epoch 2634 | loss 2.3617 | lr 4.07e-04 | 1.5s
epoch 2635 | loss 2.3790 | lr 4.06e-04 | 1.5s
epoch 2636 | loss 2.3596 | lr 4.06e-04 | 1.5s
epoch 2637 | loss 2.3790 | lr 4.05e-04 | 1.5s
epoch 2638 | loss 2.3616 | lr 4.05e-04 | 1.5s
epoch 2639 | loss 2.3641 | lr 4.04e-04 | 1.5s
epoch 2640 | loss 2.3492 | lr 4.04e-04 | 1.5s
epoch 2641 | loss 2.3713 | lr 4.03e-04 | 1.5s
epoch 2642 | loss 2.3769 | lr 4.03e-04 | 1.5s
epoch 2643 | loss 2.3563 | lr 4.02e-04 | 1.5s
epoch 2644 | loss 2.3672 | lr 4.02e-04 | 1.5s
epoch 2645 | loss 2.3650 | lr 4.01e-04 | 1.5s
epoch 2646 | loss 2.3805 | lr 4.00e-04 | 1.5s
epoch 2647 | loss 2.3738 | lr 4.00e-04 | 1.5s
epoch 2648 | loss 2.3736 | lr 3.99e-04 | 1.5s
epoch 2649 | loss 2.3676 | lr 3.99e-04 | 1.5s
epoch 2650 | loss 2.3681 | lr 3.98e-04 | 1.5s
epoch 2651 | loss 2.3546 | lr 3.98e-04 | 1.5s
epoch 2652 | loss 2.3678 | lr 3.97e-04 | 1.5s
epoch 2653 | loss 2.3722 | lr 3.97e-04 | 1.5s
epoch 2654 | loss 2.3674 | lr 3.96e-04 | 1.5s
epoch 2655 | loss 2.3582 | lr 3.96e-04 | 1.5s
epoch 2656 | loss 2.3745 | lr 3.95e-04 | 1.5s
epoch 2657 | loss 2.3542 | lr 3.95e-04 | 1.5s
epoch 2658 | loss 2.3595 | lr 3.94e-04 | 1.5s
epoch 2659 | loss 2.3769 | lr 3.94e-04 | 1.5s
epoch 2660 | loss 2.3604 | lr 3.93e-04 | 1.5s
epoch 2661 | loss 2.3557 | lr 3.92e-04 | 1.5s
epoch 2662 | loss 2.3658 | lr 3.92e-04 | 1.5s
epoch 2663 | loss 2.3605 | lr 3.91e-04 | 1.5s
epoch 2664 | loss 2.3680 | lr 3.91e-04 | 1.5s
epoch 2665 | loss 2.3584 | lr 3.90e-04 | 1.5s
epoch 2666 | loss 2.3448 | lr 3.90e-04 | 1.5s
epoch 2667 | loss 2.3779 | lr 3.89e-04 | 1.5s
epoch 2668 | loss 2.3537 | lr 3.89e-04 | 1.5s
epoch 2669 | loss 2.3683 | lr 3.88e-04 | 1.5s
epoch 2670 | loss 2.3629 | lr 3.88e-04 | 1.5s
epoch 2671 | loss 2.3698 | lr 3.87e-04 | 1.5s
epoch 2672 | loss 2.3507 | lr 3.87e-04 | 1.5s
epoch 2673 | loss 2.3602 | lr 3.86e-04 | 1.5s
epoch 2674 | loss 2.3746 | lr 3.86e-04 | 1.5s
epoch 2675 | loss 2.3635 | lr 3.85e-04 | 1.5s
epoch 2676 | loss 2.3718 | lr 3.85e-04 | 1.5s
epoch 2677 | loss 2.3684 | lr 3.84e-04 | 1.5s
epoch 2678 | loss 2.3778 | lr 3.83e-04 | 1.5s
epoch 2679 | loss 2.3715 | lr 3.83e-04 | 1.5s
epoch 2680 | loss 2.3754 | lr 3.82e-04 | 1.5s
epoch 2681 | loss 2.3806 | lr 3.82e-04 | 1.5s
epoch 2682 | loss 2.3692 | lr 3.81e-04 | 1.5s
epoch 2683 | loss 2.3534 | lr 3.81e-04 | 1.5s
epoch 2684 | loss 2.3651 | lr 3.80e-04 | 1.5s
epoch 2685 | loss 2.3584 | lr 3.80e-04 | 1.5s
epoch 2686 | loss 2.3671 | lr 3.79e-04 | 1.5s
epoch 2687 | loss 2.3711 | lr 3.79e-04 | 1.5s
epoch 2688 | loss 2.3661 | lr 3.78e-04 | 1.5s
epoch 2689 | loss 2.3695 | lr 3.78e-04 | 1.5s
epoch 2690 | loss 2.3675 | lr 3.77e-04 | 1.5s
epoch 2691 | loss 2.3616 | lr 3.77e-04 | 1.5s
epoch 2692 | loss 2.3764 | lr 3.76e-04 | 1.5s
epoch 2693 | loss 2.3704 | lr 3.76e-04 | 1.5s
epoch 2694 | loss 2.3651 | lr 3.75e-04 | 1.5s
epoch 2695 | loss 2.3766 | lr 3.75e-04 | 1.5s
epoch 2696 | loss 2.3569 | lr 3.74e-04 | 1.5s
epoch 2697 | loss 2.3676 | lr 3.73e-04 | 1.5s
epoch 2698 | loss 2.3520 | lr 3.73e-04 | 1.5s
epoch 2699 | loss 2.3509 | lr 3.72e-04 | 1.5s
epoch 2700 | loss 2.3691 | lr 3.72e-04 | 1.5s
epoch 2701 | loss 2.3768 | lr 3.71e-04 | 1.5s
epoch 2702 | loss 2.3700 | lr 3.71e-04 | 1.5s
epoch 2703 | loss 2.3750 | lr 3.70e-04 | 1.5s
epoch 2704 | loss 2.3639 | lr 3.70e-04 | 1.5s
epoch 2705 | loss 2.3749 | lr 3.69e-04 | 1.5s
epoch 2706 | loss 2.3732 | lr 3.69e-04 | 1.5s
epoch 2707 | loss 2.3784 | lr 3.68e-04 | 1.5s
epoch 2708 | loss 2.3681 | lr 3.68e-04 | 1.5s
epoch 2709 | loss 2.3628 | lr 3.67e-04 | 1.5s
epoch 2710 | loss 2.3763 | lr 3.67e-04 | 1.5s
epoch 2711 | loss 2.3640 | lr 3.66e-04 | 1.5s
epoch 2712 | loss 2.3732 | lr 3.66e-04 | 1.5s
epoch 2713 | loss 2.3535 | lr 3.65e-04 | 1.5s
epoch 2714 | loss 2.3558 | lr 3.65e-04 | 1.5s
epoch 2715 | loss 2.3838 | lr 3.64e-04 | 1.5s
epoch 2716 | loss 2.3774 | lr 3.64e-04 | 1.5s
epoch 2717 | loss 2.3842 | lr 3.63e-04 | 1.5s
epoch 2718 | loss 2.3564 | lr 3.63e-04 | 1.5s
epoch 2719 | loss 2.3771 | lr 3.62e-04 | 1.5s
epoch 2720 | loss 2.3648 | lr 3.62e-04 | 1.5s
epoch 2721 | loss 2.3693 | lr 3.61e-04 | 1.5s
epoch 2722 | loss 2.3632 | lr 3.61e-04 | 1.5s
epoch 2723 | loss 2.3597 | lr 3.60e-04 | 1.5s
epoch 2724 | loss 2.3714 | lr 3.59e-04 | 1.5s
epoch 2725 | loss 2.3671 | lr 3.59e-04 | 1.5s
epoch 2726 | loss 2.3724 | lr 3.58e-04 | 1.5s
epoch 2727 | loss 2.3693 | lr 3.58e-04 | 1.5s
epoch 2728 | loss 2.3760 | lr 3.57e-04 | 1.5s
epoch 2729 | loss 2.3786 | lr 3.57e-04 | 1.5s
epoch 2730 | loss 2.3534 | lr 3.56e-04 | 1.5s
epoch 2731 | loss 2.3527 | lr 3.56e-04 | 1.5s
epoch 2732 | loss 2.3487 | lr 3.55e-04 | 1.5s
epoch 2733 | loss 2.3540 | lr 3.55e-04 | 1.5s
epoch 2734 | loss 2.3786 | lr 3.54e-04 | 1.5s
epoch 2735 | loss 2.3682 | lr 3.54e-04 | 1.5s
epoch 2736 | loss 2.3515 | lr 3.53e-04 | 1.5s
epoch 2737 | loss 2.3658 | lr 3.53e-04 | 1.5s
epoch 2738 | loss 2.3594 | lr 3.52e-04 | 1.5s
epoch 2739 | loss 2.3635 | lr 3.52e-04 | 1.5s
epoch 2740 | loss 2.3534 | lr 3.51e-04 | 1.5s
epoch 2741 | loss 2.3634 | lr 3.51e-04 | 1.5s
epoch 2742 | loss 2.3613 | lr 3.50e-04 | 1.5s
epoch 2743 | loss 2.3534 | lr 3.50e-04 | 1.5s
epoch 2744 | loss 2.3707 | lr 3.49e-04 | 1.5s
epoch 2745 | loss 2.3446 | lr 3.49e-04 | 1.5s
epoch 2746 | loss 2.3660 | lr 3.48e-04 | 1.5s
epoch 2747 | loss 2.3639 | lr 3.48e-04 | 1.5s
epoch 2748 | loss 2.3734 | lr 3.47e-04 | 1.5s
epoch 2749 | loss 2.3688 | lr 3.47e-04 | 1.5s
epoch 2750 | loss 2.3554 | lr 3.46e-04 | 1.5s
epoch 2751 | loss 2.3506 | lr 3.46e-04 | 1.5s
epoch 2752 | loss 2.3631 | lr 3.45e-04 | 1.5s
epoch 2753 | loss 2.3691 | lr 3.45e-04 | 1.5s
epoch 2754 | loss 2.3582 | lr 3.44e-04 | 1.5s
epoch 2755 | loss 2.3728 | lr 3.44e-04 | 1.5s
epoch 2756 | loss 2.3636 | lr 3.43e-04 | 1.5s
epoch 2757 | loss 2.3668 | lr 3.43e-04 | 1.5s
epoch 2758 | loss 2.3628 | lr 3.42e-04 | 1.5s
epoch 2759 | loss 2.3570 | lr 3.42e-04 | 1.5s
epoch 2760 | loss 2.3498 | lr 3.41e-04 | 1.5s
epoch 2761 | loss 2.3667 | lr 3.41e-04 | 1.5s
epoch 2762 | loss 2.3627 | lr 3.40e-04 | 1.5s
epoch 2763 | loss 2.3707 | lr 3.40e-04 | 1.5s
epoch 2764 | loss 2.3760 | lr 3.39e-04 | 1.5s
epoch 2765 | loss 2.3487 | lr 3.39e-04 | 1.5s
epoch 2766 | loss 2.3642 | lr 3.38e-04 | 1.5s
epoch 2767 | loss 2.3671 | lr 3.38e-04 | 1.5s
epoch 2768 | loss 2.3661 | lr 3.37e-04 | 1.5s
epoch 2769 | loss 2.3671 | lr 3.37e-04 | 1.5s
epoch 2770 | loss 2.3673 | lr 3.36e-04 | 1.5s
epoch 2771 | loss 2.3593 | lr 3.36e-04 | 1.5s
epoch 2772 | loss 2.3745 | lr 3.35e-04 | 1.5s
epoch 2773 | loss 2.3747 | lr 3.35e-04 | 1.5s
epoch 2774 | loss 2.3540 | lr 3.34e-04 | 1.5s
epoch 2775 | loss 2.3539 | lr 3.34e-04 | 1.5s
epoch 2776 | loss 2.3723 | lr 3.33e-04 | 1.5s
epoch 2777 | loss 2.3572 | lr 3.32e-04 | 1.5s
epoch 2778 | loss 2.3673 | lr 3.32e-04 | 1.5s
epoch 2779 | loss 2.3695 | lr 3.31e-04 | 1.5s
epoch 2780 | loss 2.3549 | lr 3.31e-04 | 1.5s
epoch 2781 | loss 2.3842 | lr 3.30e-04 | 1.5s
epoch 2782 | loss 2.3579 | lr 3.30e-04 | 1.5s
epoch 2783 | loss 2.3806 | lr 3.29e-04 | 1.5s
epoch 2784 | loss 2.3515 | lr 3.29e-04 | 1.5s
epoch 2785 | loss 2.3801 | lr 3.28e-04 | 1.5s
epoch 2786 | loss 2.3549 | lr 3.28e-04 | 1.5s
epoch 2787 | loss 2.3668 | lr 3.27e-04 | 1.5s
epoch 2788 | loss 2.3713 | lr 3.27e-04 | 1.5s
epoch 2789 | loss 2.3502 | lr 3.26e-04 | 1.5s
epoch 2790 | loss 2.3568 | lr 3.26e-04 | 1.5s
epoch 2791 | loss 2.3526 | lr 3.26e-04 | 1.5s
epoch 2792 | loss 2.3625 | lr 3.25e-04 | 1.5s
epoch 2793 | loss 2.3613 | lr 3.25e-04 | 1.5s
epoch 2794 | loss 2.3526 | lr 3.24e-04 | 1.5s
epoch 2795 | loss 2.3708 | lr 3.24e-04 | 1.5s
epoch 2796 | loss 2.3677 | lr 3.23e-04 | 1.5s
epoch 2797 | loss 2.3767 | lr 3.23e-04 | 1.5s
epoch 2798 | loss 2.3674 | lr 3.22e-04 | 1.5s
epoch 2799 | loss 2.3530 | lr 3.22e-04 | 1.5s
epoch 2800 | loss 2.3636 | lr 3.21e-04 | 1.5s
epoch 2801 | loss 2.3664 | lr 3.21e-04 | 1.5s
epoch 2802 | loss 2.3562 | lr 3.20e-04 | 1.5s
epoch 2803 | loss 2.3469 | lr 3.20e-04 | 1.5s
epoch 2804 | loss 2.3652 | lr 3.19e-04 | 1.5s
epoch 2805 | loss 2.3669 | lr 3.19e-04 | 1.5s
epoch 2806 | loss 2.3610 | lr 3.18e-04 | 1.5s
epoch 2807 | loss 2.3637 | lr 3.18e-04 | 1.5s
epoch 2808 | loss 2.3579 | lr 3.17e-04 | 1.5s
epoch 2809 | loss 2.3614 | lr 3.17e-04 | 1.5s
epoch 2810 | loss 2.3519 | lr 3.16e-04 | 1.5s
epoch 2811 | loss 2.3789 | lr 3.16e-04 | 1.5s
epoch 2812 | loss 2.3757 | lr 3.15e-04 | 1.5s
epoch 2813 | loss 2.3530 | lr 3.15e-04 | 1.5s
epoch 2814 | loss 2.3535 | lr 3.14e-04 | 1.5s
epoch 2815 | loss 2.3726 | lr 3.14e-04 | 1.5s
epoch 2816 | loss 2.3461 | lr 3.13e-04 | 1.5s
epoch 2817 | loss 2.3638 | lr 3.13e-04 | 1.5s
epoch 2818 | loss 2.3587 | lr 3.12e-04 | 1.5s
epoch 2819 | loss 2.3492 | lr 3.12e-04 | 1.5s
epoch 2820 | loss 2.3709 | lr 3.11e-04 | 1.5s
epoch 2821 | loss 2.3699 | lr 3.11e-04 | 1.5s
epoch 2822 | loss 2.3515 | lr 3.10e-04 | 1.5s
epoch 2823 | loss 2.3679 | lr 3.10e-04 | 1.5s
epoch 2824 | loss 2.3648 | lr 3.09e-04 | 1.5s
epoch 2825 | loss 2.3556 | lr 3.09e-04 | 1.5s
epoch 2826 | loss 2.3546 | lr 3.08e-04 | 1.5s
epoch 2827 | loss 2.3673 | lr 3.08e-04 | 1.5s
epoch 2828 | loss 2.3603 | lr 3.07e-04 | 1.5s
epoch 2829 | loss 2.3681 | lr 3.07e-04 | 1.5s
epoch 2830 | loss 2.3484 | lr 3.06e-04 | 1.5s
epoch 2831 | loss 2.3656 | lr 3.06e-04 | 1.5s
epoch 2832 | loss 2.3719 | lr 3.05e-04 | 1.5s
epoch 2833 | loss 2.3621 | lr 3.05e-04 | 1.5s
epoch 2834 | loss 2.3642 | lr 3.04e-04 | 1.5s
epoch 2835 | loss 2.3649 | lr 3.04e-04 | 1.5s
epoch 2836 | loss 2.3597 | lr 3.03e-04 | 1.5s
epoch 2837 | loss 2.3689 | lr 3.03e-04 | 1.5s
epoch 2838 | loss 2.3608 | lr 3.02e-04 | 1.5s
epoch 2839 | loss 2.3667 | lr 3.02e-04 | 1.5s
epoch 2840 | loss 2.3604 | lr 3.01e-04 | 1.5s
epoch 2841 | loss 2.3684 | lr 3.01e-04 | 1.5s
epoch 2842 | loss 2.3666 | lr 3.00e-04 | 1.5s
epoch 2843 | loss 2.3577 | lr 3.00e-04 | 1.5s
epoch 2844 | loss 2.3677 | lr 3.00e-04 | 1.5s
epoch 2845 | loss 2.3511 | lr 2.99e-04 | 1.5s
epoch 2846 | loss 2.3949 | lr 2.99e-04 | 1.5s
epoch 2847 | loss 2.3510 | lr 2.98e-04 | 1.5s
epoch 2848 | loss 2.3653 | lr 2.98e-04 | 1.5s
epoch 2849 | loss 2.3598 | lr 2.97e-04 | 1.5s
epoch 2850 | loss 2.3586 | lr 2.97e-04 | 1.5s
epoch 2851 | loss 2.3631 | lr 2.96e-04 | 1.5s
epoch 2852 | loss 2.3563 | lr 2.96e-04 | 1.5s
epoch 2853 | loss 2.3602 | lr 2.95e-04 | 1.5s
epoch 2854 | loss 2.3596 | lr 2.95e-04 | 1.5s
epoch 2855 | loss 2.3722 | lr 2.94e-04 | 1.5s
epoch 2856 | loss 2.3701 | lr 2.94e-04 | 1.5s
epoch 2857 | loss 2.3609 | lr 2.93e-04 | 1.5s
epoch 2858 | loss 2.3772 | lr 2.93e-04 | 1.5s
epoch 2859 | loss 2.3799 | lr 2.92e-04 | 1.5s
epoch 2860 | loss 2.3709 | lr 2.92e-04 | 1.5s
epoch 2861 | loss 2.3728 | lr 2.91e-04 | 1.5s
epoch 2862 | loss 2.3523 | lr 2.91e-04 | 1.5s
epoch 2863 | loss 2.3696 | lr 2.90e-04 | 1.5s
epoch 2864 | loss 2.3588 | lr 2.90e-04 | 1.5s
epoch 2865 | loss 2.3572 | lr 2.89e-04 | 1.5s
epoch 2866 | loss 2.3676 | lr 2.89e-04 | 1.5s
epoch 2867 | loss 2.3690 | lr 2.88e-04 | 1.5s
epoch 2868 | loss 2.3675 | lr 2.88e-04 | 1.5s
epoch 2869 | loss 2.3807 | lr 2.88e-04 | 1.5s
epoch 2870 | loss 2.3680 | lr 2.87e-04 | 1.5s
epoch 2871 | loss 2.3682 | lr 2.87e-04 | 1.5s
epoch 2872 | loss 2.3687 | lr 2.86e-04 | 1.5s
epoch 2873 | loss 2.3579 | lr 2.86e-04 | 1.5s
epoch 2874 | loss 2.3586 | lr 2.85e-04 | 1.5s
epoch 2875 | loss 2.3576 | lr 2.85e-04 | 1.5s
epoch 2876 | loss 2.3727 | lr 2.84e-04 | 1.5s
epoch 2877 | loss 2.3776 | lr 2.84e-04 | 1.5s
epoch 2878 | loss 2.3537 | lr 2.83e-04 | 1.5s
epoch 2879 | loss 2.3634 | lr 2.83e-04 | 1.5s
epoch 2880 | loss 2.3639 | lr 2.82e-04 | 1.5s
epoch 2881 | loss 2.3604 | lr 2.82e-04 | 1.5s
epoch 2882 | loss 2.3636 | lr 2.81e-04 | 1.5s
epoch 2883 | loss 2.3576 | lr 2.81e-04 | 1.5s
epoch 2884 | loss 2.3613 | lr 2.80e-04 | 1.5s
epoch 2885 | loss 2.3527 | lr 2.80e-04 | 1.5s
epoch 2886 | loss 2.3673 | lr 2.80e-04 | 1.5s
epoch 2887 | loss 2.3583 | lr 2.79e-04 | 1.5s
epoch 2888 | loss 2.3561 | lr 2.79e-04 | 1.5s
epoch 2889 | loss 2.3613 | lr 2.78e-04 | 1.5s
epoch 2890 | loss 2.3538 | lr 2.78e-04 | 1.5s
epoch 2891 | loss 2.3590 | lr 2.77e-04 | 1.5s
epoch 2892 | loss 2.3672 | lr 2.77e-04 | 1.5s
epoch 2893 | loss 2.3480 | lr 2.76e-04 | 1.5s
epoch 2894 | loss 2.3654 | lr 2.76e-04 | 1.5s
epoch 2895 | loss 2.3615 | lr 2.75e-04 | 1.5s
epoch 2896 | loss 2.3545 | lr 2.75e-04 | 1.5s
epoch 2897 | loss 2.3527 | lr 2.74e-04 | 1.5s
epoch 2898 | loss 2.3639 | lr 2.74e-04 | 1.5s
epoch 2899 | loss 2.3498 | lr 2.73e-04 | 1.5s
epoch 2900 | loss 2.3781 | lr 2.73e-04 | 1.5s
epoch 2901 | loss 2.3522 | lr 2.72e-04 | 1.5s
epoch 2902 | loss 2.3530 | lr 2.72e-04 | 1.5s
epoch 2903 | loss 2.3729 | lr 2.72e-04 | 1.5s
epoch 2904 | loss 2.3398 | lr 2.71e-04 | 1.5s
epoch 2905 | loss 2.3649 | lr 2.71e-04 | 1.5s
epoch 2906 | loss 2.3695 | lr 2.70e-04 | 1.5s
epoch 2907 | loss 2.3631 | lr 2.70e-04 | 1.5s
epoch 2908 | loss 2.3650 | lr 2.69e-04 | 1.5s
epoch 2909 | loss 2.3658 | lr 2.69e-04 | 1.5s
epoch 2910 | loss 2.3549 | lr 2.68e-04 | 1.5s
epoch 2911 | loss 2.3818 | lr 2.68e-04 | 1.5s
epoch 2912 | loss 2.3642 | lr 2.67e-04 | 1.5s
epoch 2913 | loss 2.3662 | lr 2.67e-04 | 1.5s
epoch 2914 | loss 2.3561 | lr 2.66e-04 | 1.5s
epoch 2915 | loss 2.3649 | lr 2.66e-04 | 1.5s
epoch 2916 | loss 2.3493 | lr 2.66e-04 | 1.5s
epoch 2917 | loss 2.3665 | lr 2.65e-04 | 1.5s
epoch 2918 | loss 2.3709 | lr 2.65e-04 | 1.5s
epoch 2919 | loss 2.3585 | lr 2.64e-04 | 1.5s
epoch 2920 | loss 2.3778 | lr 2.64e-04 | 1.5s
epoch 2921 | loss 2.3782 | lr 2.63e-04 | 1.5s
epoch 2922 | loss 2.3670 | lr 2.63e-04 | 1.5s
epoch 2923 | loss 2.3528 | lr 2.62e-04 | 1.5s
epoch 2924 | loss 2.3815 | lr 2.62e-04 | 1.5s
epoch 2925 | loss 2.3568 | lr 2.61e-04 | 1.5s
epoch 2926 | loss 2.3718 | lr 2.61e-04 | 1.5s
epoch 2927 | loss 2.3508 | lr 2.61e-04 | 1.5s
epoch 2928 | loss 2.3767 | lr 2.60e-04 | 1.5s
epoch 2929 | loss 2.3502 | lr 2.60e-04 | 1.5s
epoch 2930 | loss 2.3551 | lr 2.59e-04 | 1.5s
epoch 2931 | loss 2.3732 | lr 2.59e-04 | 1.5s
epoch 2932 | loss 2.3688 | lr 2.58e-04 | 1.5s
epoch 2933 | loss 2.3543 | lr 2.58e-04 | 1.5s
epoch 2934 | loss 2.3557 | lr 2.57e-04 | 1.5s
epoch 2935 | loss 2.3508 | lr 2.57e-04 | 1.5s
epoch 2936 | loss 2.3710 | lr 2.56e-04 | 1.5s
epoch 2937 | loss 2.3787 | lr 2.56e-04 | 1.5s
epoch 2938 | loss 2.3741 | lr 2.56e-04 | 1.5s
epoch 2939 | loss 2.3572 | lr 2.55e-04 | 1.5s
epoch 2940 | loss 2.3731 | lr 2.55e-04 | 1.5s
epoch 2941 | loss 2.3635 | lr 2.54e-04 | 1.5s
epoch 2942 | loss 2.3516 | lr 2.54e-04 | 1.5s
epoch 2943 | loss 2.3548 | lr 2.53e-04 | 1.5s
epoch 2944 | loss 2.3691 | lr 2.53e-04 | 1.5s
epoch 2945 | loss 2.3649 | lr 2.52e-04 | 1.5s
epoch 2946 | loss 2.3563 | lr 2.52e-04 | 1.5s
epoch 2947 | loss 2.3708 | lr 2.51e-04 | 1.5s
epoch 2948 | loss 2.3767 | lr 2.51e-04 | 1.5s
epoch 2949 | loss 2.3570 | lr 2.51e-04 | 1.5s
epoch 2950 | loss 2.3662 | lr 2.50e-04 | 1.5s
epoch 2951 | loss 2.3817 | lr 2.50e-04 | 1.5s
epoch 2952 | loss 2.3592 | lr 2.49e-04 | 1.5s
epoch 2953 | loss 2.3609 | lr 2.49e-04 | 1.5s
epoch 2954 | loss 2.3750 | lr 2.48e-04 | 1.5s
epoch 2955 | loss 2.3498 | lr 2.48e-04 | 1.5s
epoch 2956 | loss 2.3690 | lr 2.47e-04 | 1.5s
epoch 2957 | loss 2.3664 | lr 2.47e-04 | 1.5s
epoch 2958 | loss 2.3617 | lr 2.46e-04 | 1.5s
epoch 2959 | loss 2.3607 | lr 2.46e-04 | 1.5s
epoch 2960 | loss 2.3567 | lr 2.46e-04 | 1.5s
epoch 2961 | loss 2.3547 | lr 2.45e-04 | 1.5s
epoch 2962 | loss 2.3550 | lr 2.45e-04 | 1.5s
epoch 2963 | loss 2.3787 | lr 2.44e-04 | 1.5s
epoch 2964 | loss 2.3696 | lr 2.44e-04 | 1.5s
epoch 2965 | loss 2.3641 | lr 2.43e-04 | 1.5s
epoch 2966 | loss 2.3665 | lr 2.43e-04 | 1.5s
epoch 2967 | loss 2.3726 | lr 2.42e-04 | 1.5s
epoch 2968 | loss 2.3578 | lr 2.42e-04 | 1.5s
epoch 2969 | loss 2.3558 | lr 2.42e-04 | 1.5s
epoch 2970 | loss 2.3693 | lr 2.41e-04 | 1.5s
epoch 2971 | loss 2.3459 | lr 2.41e-04 | 1.5s
epoch 2972 | loss 2.3564 | lr 2.40e-04 | 1.5s
epoch 2973 | loss 2.3677 | lr 2.40e-04 | 1.5s
epoch 2974 | loss 2.3489 | lr 2.39e-04 | 1.5s
epoch 2975 | loss 2.3721 | lr 2.39e-04 | 1.5s
epoch 2976 | loss 2.3760 | lr 2.39e-04 | 1.5s
epoch 2977 | loss 2.3656 | lr 2.38e-04 | 1.5s
epoch 2978 | loss 2.3619 | lr 2.38e-04 | 1.5s
epoch 2979 | loss 2.3613 | lr 2.37e-04 | 1.5s
epoch 2980 | loss 2.3526 | lr 2.37e-04 | 1.5s
epoch 2981 | loss 2.3601 | lr 2.36e-04 | 1.5s
epoch 2982 | loss 2.3678 | lr 2.36e-04 | 1.5s
epoch 2983 | loss 2.3665 | lr 2.35e-04 | 1.5s
epoch 2984 | loss 2.3782 | lr 2.35e-04 | 1.5s
epoch 2985 | loss 2.3569 | lr 2.35e-04 | 1.5s
epoch 2986 | loss 2.3718 | lr 2.34e-04 | 1.5s
epoch 2987 | loss 2.3588 | lr 2.34e-04 | 1.5s
epoch 2988 | loss 2.3509 | lr 2.33e-04 | 1.5s
epoch 2989 | loss 2.3633 | lr 2.33e-04 | 1.5s
epoch 2990 | loss 2.3544 | lr 2.32e-04 | 1.5s
epoch 2991 | loss 2.3636 | lr 2.32e-04 | 1.5s
epoch 2992 | loss 2.3531 | lr 2.31e-04 | 1.5s
epoch 2993 | loss 2.3651 | lr 2.31e-04 | 1.5s
epoch 2994 | loss 2.3587 | lr 2.31e-04 | 1.5s
epoch 2995 | loss 2.3467 | lr 2.30e-04 | 1.5s
epoch 2996 | loss 2.3449 | lr 2.30e-04 | 1.5s
epoch 2997 | loss 2.3699 | lr 2.29e-04 | 1.5s
epoch 2998 | loss 2.3593 | lr 2.29e-04 | 1.5s
epoch 2999 | loss 2.3654 | lr 2.28e-04 | 1.5s
epoch 3000 | loss 2.3548 | lr 2.28e-04 | 1.5s
epoch 3001 | loss 2.3758 | lr 2.28e-04 | 1.5s
epoch 3002 | loss 2.3738 | lr 2.27e-04 | 1.5s
epoch 3003 | loss 2.3650 | lr 2.27e-04 | 1.5s
epoch 3004 | loss 2.3631 | lr 2.26e-04 | 1.5s
epoch 3005 | loss 2.3475 | lr 2.26e-04 | 1.5s
epoch 3006 | loss 2.3678 | lr 2.25e-04 | 1.5s
epoch 3007 | loss 2.3536 | lr 2.25e-04 | 1.5s
epoch 3008 | loss 2.3510 | lr 2.25e-04 | 1.5s
epoch 3009 | loss 2.3629 | lr 2.24e-04 | 1.5s
epoch 3010 | loss 2.3561 | lr 2.24e-04 | 1.5s
epoch 3011 | loss 2.3735 | lr 2.23e-04 | 1.5s
epoch 3012 | loss 2.3606 | lr 2.23e-04 | 1.5s
epoch 3013 | loss 2.3569 | lr 2.22e-04 | 1.5s
epoch 3014 | loss 2.3631 | lr 2.22e-04 | 1.5s
epoch 3015 | loss 2.3678 | lr 2.22e-04 | 1.5s
epoch 3016 | loss 2.3643 | lr 2.21e-04 | 1.5s
epoch 3017 | loss 2.3615 | lr 2.21e-04 | 1.5s
epoch 3018 | loss 2.3485 | lr 2.20e-04 | 1.5s
epoch 3019 | loss 2.3705 | lr 2.20e-04 | 1.5s
epoch 3020 | loss 2.3738 | lr 2.19e-04 | 1.5s
epoch 3021 | loss 2.3549 | lr 2.19e-04 | 1.5s
epoch 3022 | loss 2.3741 | lr 2.19e-04 | 1.5s
epoch 3023 | loss 2.3506 | lr 2.18e-04 | 1.5s
epoch 3024 | loss 2.3608 | lr 2.18e-04 | 1.5s
epoch 3025 | loss 2.3755 | lr 2.17e-04 | 1.5s
epoch 3026 | loss 2.3729 | lr 2.17e-04 | 1.5s
epoch 3027 | loss 2.3520 | lr 2.16e-04 | 1.5s
epoch 3028 | loss 2.3609 | lr 2.16e-04 | 1.5s
epoch 3029 | loss 2.3610 | lr 2.16e-04 | 1.5s
epoch 3030 | loss 2.3583 | lr 2.15e-04 | 1.5s
epoch 3031 | loss 2.3551 | lr 2.15e-04 | 1.5s
epoch 3032 | loss 2.3728 | lr 2.14e-04 | 1.5s
epoch 3033 | loss 2.3666 | lr 2.14e-04 | 1.5s
epoch 3034 | loss 2.3841 | lr 2.14e-04 | 1.5s
epoch 3035 | loss 2.3526 | lr 2.13e-04 | 1.5s
epoch 3036 | loss 2.3525 | lr 2.13e-04 | 1.9s
epoch 3037 | loss 2.3564 | lr 2.12e-04 | 1.5s
epoch 3038 | loss 2.3498 | lr 2.12e-04 | 1.5s
epoch 3039 | loss 2.3382 | lr 2.11e-04 | 1.5s
epoch 3040 | loss 2.3771 | lr 2.11e-04 | 1.5s
epoch 3041 | loss 2.3480 | lr 2.11e-04 | 1.5s
epoch 3042 | loss 2.3489 | lr 2.10e-04 | 1.5s
epoch 3043 | loss 2.3640 | lr 2.10e-04 | 1.5s
epoch 3044 | loss 2.3701 | lr 2.09e-04 | 1.5s
epoch 3045 | loss 2.3473 | lr 2.09e-04 | 1.5s
epoch 3046 | loss 2.3610 | lr 2.08e-04 | 1.5s
epoch 3047 | loss 2.3668 | lr 2.08e-04 | 1.5s
epoch 3048 | loss 2.3427 | lr 2.08e-04 | 1.5s
epoch 3049 | loss 2.3589 | lr 2.07e-04 | 1.5s
epoch 3050 | loss 2.3629 | lr 2.07e-04 | 1.5s
epoch 3051 | loss 2.3569 | lr 2.06e-04 | 1.5s
epoch 3052 | loss 2.3521 | lr 2.06e-04 | 1.5s
epoch 3053 | loss 2.3605 | lr 2.06e-04 | 1.5s
epoch 3054 | loss 2.3659 | lr 2.05e-04 | 1.5s
epoch 3055 | loss 2.3711 | lr 2.05e-04 | 1.5s
epoch 3056 | loss 2.3458 | lr 2.04e-04 | 1.5s
epoch 3057 | loss 2.3682 | lr 2.04e-04 | 1.5s
epoch 3058 | loss 2.3627 | lr 2.04e-04 | 1.5s
epoch 3059 | loss 2.3598 | lr 2.03e-04 | 1.5s
epoch 3060 | loss 2.3623 | lr 2.03e-04 | 1.5s
epoch 3061 | loss 2.3550 | lr 2.02e-04 | 1.5s
epoch 3062 | loss 2.3496 | lr 2.02e-04 | 1.5s
epoch 3063 | loss 2.3535 | lr 2.01e-04 | 1.5s
epoch 3064 | loss 2.3710 | lr 2.01e-04 | 1.5s
epoch 3065 | loss 2.3603 | lr 2.01e-04 | 1.5s
epoch 3066 | loss 2.3599 | lr 2.00e-04 | 1.5s
epoch 3067 | loss 2.3681 | lr 2.00e-04 | 1.5s
epoch 3068 | loss 2.3709 | lr 1.99e-04 | 1.5s
epoch 3069 | loss 2.3674 | lr 1.99e-04 | 1.5s
epoch 3070 | loss 2.3682 | lr 1.99e-04 | 1.5s
epoch 3071 | loss 2.3696 | lr 1.98e-04 | 1.5s
epoch 3072 | loss 2.3690 | lr 1.98e-04 | 1.5s
epoch 3073 | loss 2.3405 | lr 1.97e-04 | 1.5s
epoch 3074 | loss 2.3557 | lr 1.97e-04 | 1.5s
epoch 3075 | loss 2.3757 | lr 1.97e-04 | 1.5s
epoch 3076 | loss 2.3488 | lr 1.96e-04 | 1.5s
epoch 3077 | loss 2.3643 | lr 1.96e-04 | 1.5s
epoch 3078 | loss 2.3624 | lr 1.95e-04 | 1.5s
epoch 3079 | loss 2.3450 | lr 1.95e-04 | 1.5s
epoch 3080 | loss 2.3557 | lr 1.95e-04 | 1.5s
epoch 3081 | loss 2.3470 | lr 1.94e-04 | 1.5s
epoch 3082 | loss 2.3492 | lr 1.94e-04 | 1.5s
epoch 3083 | loss 2.3651 | lr 1.93e-04 | 1.5s
epoch 3084 | loss 2.3618 | lr 1.93e-04 | 1.5s
epoch 3085 | loss 2.3519 | lr 1.92e-04 | 1.5s
epoch 3086 | loss 2.3465 | lr 1.92e-04 | 1.5s
epoch 3087 | loss 2.3591 | lr 1.92e-04 | 1.5s
epoch 3088 | loss 2.3621 | lr 1.91e-04 | 1.5s
epoch 3089 | loss 2.3415 | lr 1.91e-04 | 1.5s
epoch 3090 | loss 2.3577 | lr 1.90e-04 | 1.5s
epoch 3091 | loss 2.3556 | lr 1.90e-04 | 1.5s
epoch 3092 | loss 2.3522 | lr 1.90e-04 | 1.5s
epoch 3093 | loss 2.3525 | lr 1.89e-04 | 1.5s
epoch 3094 | loss 2.3379 | lr 1.89e-04 | 1.5s
epoch 3095 | loss 2.3594 | lr 1.88e-04 | 1.5s
epoch 3096 | loss 2.3680 | lr 1.88e-04 | 1.5s
epoch 3097 | loss 2.3583 | lr 1.88e-04 | 1.5s
epoch 3098 | loss 2.3494 | lr 1.87e-04 | 1.5s
epoch 3099 | loss 2.3536 | lr 1.87e-04 | 1.5s
epoch 3100 | loss 2.3525 | lr 1.86e-04 | 1.5s
epoch 3101 | loss 2.3548 | lr 1.86e-04 | 1.5s
epoch 3102 | loss 2.3569 | lr 1.86e-04 | 1.5s
epoch 3103 | loss 2.3578 | lr 1.85e-04 | 1.5s
epoch 3104 | loss 2.3639 | lr 1.85e-04 | 1.5s
epoch 3105 | loss 2.3612 | lr 1.85e-04 | 1.5s
epoch 3106 | loss 2.3661 | lr 1.84e-04 | 1.5s
epoch 3107 | loss 2.3685 | lr 1.84e-04 | 1.5s
epoch 3108 | loss 2.3618 | lr 1.83e-04 | 1.5s
epoch 3109 | loss 2.3505 | lr 1.83e-04 | 1.5s
epoch 3110 | loss 2.3638 | lr 1.83e-04 | 1.5s
epoch 3111 | loss 2.3538 | lr 1.82e-04 | 1.5s
epoch 3112 | loss 2.3607 | lr 1.82e-04 | 1.5s
epoch 3113 | loss 2.3727 | lr 1.81e-04 | 1.5s
epoch 3114 | loss 2.3571 | lr 1.81e-04 | 1.5s
epoch 3115 | loss 2.3692 | lr 1.81e-04 | 1.5s
epoch 3116 | loss 2.3626 | lr 1.80e-04 | 1.5s
epoch 3117 | loss 2.3474 | lr 1.80e-04 | 1.5s
epoch 3118 | loss 2.3684 | lr 1.79e-04 | 1.5s
epoch 3119 | loss 2.3557 | lr 1.79e-04 | 1.5s
epoch 3120 | loss 2.3658 | lr 1.79e-04 | 1.5s
epoch 3121 | loss 2.3440 | lr 1.78e-04 | 1.5s
epoch 3122 | loss 2.3741 | lr 1.78e-04 | 1.5s
epoch 3123 | loss 2.3560 | lr 1.77e-04 | 1.5s
epoch 3124 | loss 2.3624 | lr 1.77e-04 | 1.5s
epoch 3125 | loss 2.3558 | lr 1.77e-04 | 1.5s
epoch 3126 | loss 2.3408 | lr 1.76e-04 | 1.5s
epoch 3127 | loss 2.3677 | lr 1.76e-04 | 1.5s
epoch 3128 | loss 2.3426 | lr 1.76e-04 | 1.5s
epoch 3129 | loss 2.3712 | lr 1.75e-04 | 1.5s
epoch 3130 | loss 2.3715 | lr 1.75e-04 | 1.5s
epoch 3131 | loss 2.3715 | lr 1.74e-04 | 1.5s
epoch 3132 | loss 2.3586 | lr 1.74e-04 | 1.5s
epoch 3133 | loss 2.3486 | lr 1.74e-04 | 1.5s
epoch 3134 | loss 2.3481 | lr 1.73e-04 | 1.5s
epoch 3135 | loss 2.3461 | lr 1.73e-04 | 1.5s
epoch 3136 | loss 2.3558 | lr 1.72e-04 | 1.5s
epoch 3137 | loss 2.3734 | lr 1.72e-04 | 1.5s
epoch 3138 | loss 2.3414 | lr 1.72e-04 | 1.5s
epoch 3139 | loss 2.3570 | lr 1.71e-04 | 1.5s
epoch 3140 | loss 2.3364 | lr 1.71e-04 | 1.5s
epoch 3141 | loss 2.3686 | lr 1.70e-04 | 1.5s
epoch 3142 | loss 2.3556 | lr 1.70e-04 | 1.5s
epoch 3143 | loss 2.3558 | lr 1.70e-04 | 1.5s
epoch 3144 | loss 2.3591 | lr 1.69e-04 | 1.5s
epoch 3145 | loss 2.3560 | lr 1.69e-04 | 1.5s
epoch 3146 | loss 2.3437 | lr 1.69e-04 | 1.5s
epoch 3147 | loss 2.3599 | lr 1.68e-04 | 1.5s
epoch 3148 | loss 2.3757 | lr 1.68e-04 | 1.5s
epoch 3149 | loss 2.3512 | lr 1.67e-04 | 1.5s
epoch 3150 | loss 2.3669 | lr 1.67e-04 | 1.5s
epoch 3151 | loss 2.3603 | lr 1.67e-04 | 1.5s
epoch 3152 | loss 2.3513 | lr 1.66e-04 | 1.5s
epoch 3153 | loss 2.3575 | lr 1.66e-04 | 1.5s
epoch 3154 | loss 2.3562 | lr 1.66e-04 | 1.5s
epoch 3155 | loss 2.3497 | lr 1.65e-04 | 1.5s
epoch 3156 | loss 2.3676 | lr 1.65e-04 | 1.5s
epoch 3157 | loss 2.3492 | lr 1.64e-04 | 1.5s
epoch 3158 | loss 2.3587 | lr 1.64e-04 | 1.5s
epoch 3159 | loss 2.3377 | lr 1.64e-04 | 1.5s
epoch 3160 | loss 2.3576 | lr 1.63e-04 | 1.5s
epoch 3161 | loss 2.3769 | lr 1.63e-04 | 1.5s
epoch 3162 | loss 2.3633 | lr 1.63e-04 | 1.5s
epoch 3163 | loss 2.3449 | lr 1.62e-04 | 1.5s
epoch 3164 | loss 2.3664 | lr 1.62e-04 | 1.5s
epoch 3165 | loss 2.3650 | lr 1.61e-04 | 1.5s
epoch 3166 | loss 2.3854 | lr 1.61e-04 | 1.5s
epoch 3167 | loss 2.3543 | lr 1.61e-04 | 1.5s
epoch 3168 | loss 2.3682 | lr 1.60e-04 | 1.5s
epoch 3169 | loss 2.3424 | lr 1.60e-04 | 1.5s
epoch 3170 | loss 2.3417 | lr 1.60e-04 | 1.5s
epoch 3171 | loss 2.3597 | lr 1.59e-04 | 1.5s
epoch 3172 | loss 2.3603 | lr 1.59e-04 | 1.5s
epoch 3173 | loss 2.3510 | lr 1.58e-04 | 1.5s
epoch 3174 | loss 2.3550 | lr 1.58e-04 | 1.5s
epoch 3175 | loss 2.3581 | lr 1.58e-04 | 1.5s
epoch 3176 | loss 2.3545 | lr 1.57e-04 | 1.5s
epoch 3177 | loss 2.3622 | lr 1.57e-04 | 1.5s
epoch 3178 | loss 2.3529 | lr 1.57e-04 | 1.5s
epoch 3179 | loss 2.3698 | lr 1.56e-04 | 1.5s
epoch 3180 | loss 2.3671 | lr 1.56e-04 | 1.5s
epoch 3181 | loss 2.3346 | lr 1.56e-04 | 1.5s
epoch 3182 | loss 2.3582 | lr 1.55e-04 | 1.5s
epoch 3183 | loss 2.3591 | lr 1.55e-04 | 1.5s
epoch 3184 | loss 2.3466 | lr 1.54e-04 | 1.5s
epoch 3185 | loss 2.3627 | lr 1.54e-04 | 1.5s
epoch 3186 | loss 2.3635 | lr 1.54e-04 | 1.5s
epoch 3187 | loss 2.3581 | lr 1.53e-04 | 1.5s
epoch 3188 | loss 2.3541 | lr 1.53e-04 | 1.5s
epoch 3189 | loss 2.3793 | lr 1.53e-04 | 1.5s
epoch 3190 | loss 2.3656 | lr 1.52e-04 | 1.5s
epoch 3191 | loss 2.3542 | lr 1.52e-04 | 1.5s
epoch 3192 | loss 2.3408 | lr 1.51e-04 | 1.5s
epoch 3193 | loss 2.3737 | lr 1.51e-04 | 1.5s
epoch 3194 | loss 2.3540 | lr 1.51e-04 | 1.5s
epoch 3195 | loss 2.3580 | lr 1.50e-04 | 1.5s
epoch 3196 | loss 2.3653 | lr 1.50e-04 | 1.5s
epoch 3197 | loss 2.3682 | lr 1.50e-04 | 1.5s
epoch 3198 | loss 2.3549 | lr 1.49e-04 | 1.5s
epoch 3199 | loss 2.3646 | lr 1.49e-04 | 1.5s
epoch 3200 | loss 2.3450 | lr 1.49e-04 | 1.5s
epoch 3201 | loss 2.3501 | lr 1.48e-04 | 1.5s
epoch 3202 | loss 2.3286 | lr 1.48e-04 | 1.5s
epoch 3203 | loss 2.3667 | lr 1.48e-04 | 1.5s
epoch 3204 | loss 2.3394 | lr 1.47e-04 | 1.5s
epoch 3205 | loss 2.3532 | lr 1.47e-04 | 1.5s
epoch 3206 | loss 2.3486 | lr 1.46e-04 | 1.5s
epoch 3207 | loss 2.3594 | lr 1.46e-04 | 1.5s
epoch 3208 | loss 2.3699 | lr 1.46e-04 | 1.5s
epoch 3209 | loss 2.3514 | lr 1.45e-04 | 1.5s
epoch 3210 | loss 2.3746 | lr 1.45e-04 | 1.5s
epoch 3211 | loss 2.3497 | lr 1.45e-04 | 1.5s
epoch 3212 | loss 2.3574 | lr 1.44e-04 | 1.5s
epoch 3213 | loss 2.3579 | lr 1.44e-04 | 1.5s
epoch 3214 | loss 2.3452 | lr 1.44e-04 | 1.5s
epoch 3215 | loss 2.3810 | lr 1.43e-04 | 1.5s
epoch 3216 | loss 2.3586 | lr 1.43e-04 | 1.5s
epoch 3217 | loss 2.3576 | lr 1.43e-04 | 1.5s
epoch 3218 | loss 2.3541 | lr 1.42e-04 | 1.5s
epoch 3219 | loss 2.3346 | lr 1.42e-04 | 1.5s
epoch 3220 | loss 2.3563 | lr 1.41e-04 | 1.5s
epoch 3221 | loss 2.3473 | lr 1.41e-04 | 1.5s
epoch 3222 | loss 2.3836 | lr 1.41e-04 | 1.5s
epoch 3223 | loss 2.3534 | lr 1.40e-04 | 1.5s
epoch 3224 | loss 2.3506 | lr 1.40e-04 | 1.5s
epoch 3225 | loss 2.3656 | lr 1.40e-04 | 1.5s
epoch 3226 | loss 2.3403 | lr 1.39e-04 | 1.5s
epoch 3227 | loss 2.3657 | lr 1.39e-04 | 1.5s
epoch 3228 | loss 2.3412 | lr 1.39e-04 | 1.5s
epoch 3229 | loss 2.3409 | lr 1.38e-04 | 1.5s
epoch 3230 | loss 2.3461 | lr 1.38e-04 | 1.5s
epoch 3231 | loss 2.3699 | lr 1.38e-04 | 1.5s
epoch 3232 | loss 2.3384 | lr 1.37e-04 | 1.5s
epoch 3233 | loss 2.3657 | lr 1.37e-04 | 1.5s
epoch 3234 | loss 2.3523 | lr 1.37e-04 | 1.5s
epoch 3235 | loss 2.3527 | lr 1.36e-04 | 1.5s
epoch 3236 | loss 2.3513 | lr 1.36e-04 | 1.5s
epoch 3237 | loss 2.3453 | lr 1.36e-04 | 1.5s
epoch 3238 | loss 2.3510 | lr 1.35e-04 | 1.5s
epoch 3239 | loss 2.3432 | lr 1.35e-04 | 1.5s
epoch 3240 | loss 2.3595 | lr 1.35e-04 | 1.5s
epoch 3241 | loss 2.3600 | lr 1.34e-04 | 1.5s
epoch 3242 | loss 2.3540 | lr 1.34e-04 | 1.5s
epoch 3243 | loss 2.3557 | lr 1.34e-04 | 1.5s
epoch 3244 | loss 2.3506 | lr 1.33e-04 | 1.5s
epoch 3245 | loss 2.3572 | lr 1.33e-04 | 1.5s
epoch 3246 | loss 2.3569 | lr 1.32e-04 | 1.5s
epoch 3247 | loss 2.3749 | lr 1.32e-04 | 1.5s
epoch 3248 | loss 2.3645 | lr 1.32e-04 | 1.5s
epoch 3249 | loss 2.3601 | lr 1.31e-04 | 1.5s
epoch 3250 | loss 2.3694 | lr 1.31e-04 | 1.5s
epoch 3251 | loss 2.3498 | lr 1.31e-04 | 1.5s
epoch 3252 | loss 2.3570 | lr 1.30e-04 | 1.5s
epoch 3253 | loss 2.3583 | lr 1.30e-04 | 1.5s
epoch 3254 | loss 2.3500 | lr 1.30e-04 | 1.5s
epoch 3255 | loss 2.3618 | lr 1.29e-04 | 1.5s
epoch 3256 | loss 2.3557 | lr 1.29e-04 | 1.5s
epoch 3257 | loss 2.3536 | lr 1.29e-04 | 1.5s
epoch 3258 | loss 2.3689 | lr 1.28e-04 | 1.5s
epoch 3259 | loss 2.3700 | lr 1.28e-04 | 1.5s
epoch 3260 | loss 2.3388 | lr 1.28e-04 | 1.5s
epoch 3261 | loss 2.3570 | lr 1.27e-04 | 1.5s
epoch 3262 | loss 2.3706 | lr 1.27e-04 | 1.5s
epoch 3263 | loss 2.3504 | lr 1.27e-04 | 1.5s
epoch 3264 | loss 2.3493 | lr 1.26e-04 | 1.5s
epoch 3265 | loss 2.3513 | lr 1.26e-04 | 1.5s
epoch 3266 | loss 2.3623 | lr 1.26e-04 | 1.5s
epoch 3267 | loss 2.3481 | lr 1.25e-04 | 1.5s
epoch 3268 | loss 2.3572 | lr 1.25e-04 | 1.5s
epoch 3269 | loss 2.3524 | lr 1.25e-04 | 1.5s
epoch 3270 | loss 2.3773 | lr 1.24e-04 | 1.5s
epoch 3271 | loss 2.3599 | lr 1.24e-04 | 1.5s
epoch 3272 | loss 2.3471 | lr 1.24e-04 | 1.5s
epoch 3273 | loss 2.3528 | lr 1.23e-04 | 1.5s
epoch 3274 | loss 2.3629 | lr 1.23e-04 | 1.5s
epoch 3275 | loss 2.3475 | lr 1.23e-04 | 1.5s
epoch 3276 | loss 2.3641 | lr 1.22e-04 | 1.5s
epoch 3277 | loss 2.3572 | lr 1.22e-04 | 1.5s
epoch 3278 | loss 2.3671 | lr 1.22e-04 | 1.5s
epoch 3279 | loss 2.3499 | lr 1.21e-04 | 1.5s
epoch 3280 | loss 2.3574 | lr 1.21e-04 | 1.5s
epoch 3281 | loss 2.3687 | lr 1.21e-04 | 1.5s
epoch 3282 | loss 2.3476 | lr 1.20e-04 | 1.5s
epoch 3283 | loss 2.3553 | lr 1.20e-04 | 1.5s
epoch 3284 | loss 2.3543 | lr 1.20e-04 | 1.5s
epoch 3285 | loss 2.3567 | lr 1.19e-04 | 1.5s
epoch 3286 | loss 2.3600 | lr 1.19e-04 | 1.5s
epoch 3287 | loss 2.3671 | lr 1.19e-04 | 1.5s
epoch 3288 | loss 2.3758 | lr 1.18e-04 | 1.5s
epoch 3289 | loss 2.3543 | lr 1.18e-04 | 1.5s
epoch 3290 | loss 2.3575 | lr 1.18e-04 | 1.5s
epoch 3291 | loss 2.3536 | lr 1.18e-04 | 1.5s
epoch 3292 | loss 2.3524 | lr 1.17e-04 | 1.5s
epoch 3293 | loss 2.3487 | lr 1.17e-04 | 1.5s
epoch 3294 | loss 2.3493 | lr 1.17e-04 | 1.5s
epoch 3295 | loss 2.3658 | lr 1.16e-04 | 1.5s
epoch 3296 | loss 2.3658 | lr 1.16e-04 | 1.5s
epoch 3297 | loss 2.3679 | lr 1.16e-04 | 1.5s
epoch 3298 | loss 2.3751 | lr 1.15e-04 | 1.5s
epoch 3299 | loss 2.3527 | lr 1.15e-04 | 1.5s
epoch 3300 | loss 2.3675 | lr 1.15e-04 | 1.5s
epoch 3301 | loss 2.3546 | lr 1.14e-04 | 1.5s
epoch 3302 | loss 2.3671 | lr 1.14e-04 | 1.5s
epoch 3303 | loss 2.3385 | lr 1.14e-04 | 1.5s
epoch 3304 | loss 2.3506 | lr 1.13e-04 | 1.5s
epoch 3305 | loss 2.3574 | lr 1.13e-04 | 1.5s
epoch 3306 | loss 2.3463 | lr 1.13e-04 | 1.5s
epoch 3307 | loss 2.3558 | lr 1.12e-04 | 1.5s
epoch 3308 | loss 2.3640 | lr 1.12e-04 | 1.5s
epoch 3309 | loss 2.3674 | lr 1.12e-04 | 1.5s
epoch 3310 | loss 2.3368 | lr 1.11e-04 | 1.5s
epoch 3311 | loss 2.3407 | lr 1.11e-04 | 1.5s
epoch 3312 | loss 2.3655 | lr 1.11e-04 | 1.5s
epoch 3313 | loss 2.3486 | lr 1.10e-04 | 1.5s
epoch 3314 | loss 2.3713 | lr 1.10e-04 | 1.5s
epoch 3315 | loss 2.3452 | lr 1.10e-04 | 1.5s
epoch 3316 | loss 2.3442 | lr 1.10e-04 | 1.5s
epoch 3317 | loss 2.3496 | lr 1.09e-04 | 1.5s
epoch 3318 | loss 2.3617 | lr 1.09e-04 | 1.5s
epoch 3319 | loss 2.3565 | lr 1.09e-04 | 1.5s
epoch 3320 | loss 2.3536 | lr 1.08e-04 | 1.5s
epoch 3321 | loss 2.3498 | lr 1.08e-04 | 1.5s
epoch 3322 | loss 2.3508 | lr 1.08e-04 | 1.5s
epoch 3323 | loss 2.3544 | lr 1.07e-04 | 1.5s
epoch 3324 | loss 2.3552 | lr 1.07e-04 | 1.5s
epoch 3325 | loss 2.3595 | lr 1.07e-04 | 1.5s
epoch 3326 | loss 2.3592 | lr 1.06e-04 | 1.5s
epoch 3327 | loss 2.3601 | lr 1.06e-04 | 1.5s
epoch 3328 | loss 2.3493 | lr 1.06e-04 | 1.5s
epoch 3329 | loss 2.3647 | lr 1.06e-04 | 1.5s
epoch 3330 | loss 2.3790 | lr 1.05e-04 | 1.5s
epoch 3331 | loss 2.3527 | lr 1.05e-04 | 1.5s
epoch 3332 | loss 2.3547 | lr 1.05e-04 | 1.5s
epoch 3333 | loss 2.3581 | lr 1.04e-04 | 1.5s
epoch 3334 | loss 2.3632 | lr 1.04e-04 | 1.5s
epoch 3335 | loss 2.3525 | lr 1.04e-04 | 1.5s
epoch 3336 | loss 2.3814 | lr 1.03e-04 | 1.5s
epoch 3337 | loss 2.3644 | lr 1.03e-04 | 1.5s
epoch 3338 | loss 2.3471 | lr 1.03e-04 | 1.5s
epoch 3339 | loss 2.3525 | lr 1.02e-04 | 1.5s
epoch 3340 | loss 2.3689 | lr 1.02e-04 | 1.5s
epoch 3341 | loss 2.3741 | lr 1.02e-04 | 1.5s
epoch 3342 | loss 2.3708 | lr 1.02e-04 | 1.5s
epoch 3343 | loss 2.3423 | lr 1.01e-04 | 1.5s
epoch 3344 | loss 2.3449 | lr 1.01e-04 | 1.5s
epoch 3345 | loss 2.3523 | lr 1.01e-04 | 1.5s
epoch 3346 | loss 2.3634 | lr 1.00e-04 | 1.5s
epoch 3347 | loss 2.3584 | lr 1.00e-04 | 1.5s
epoch 3348 | loss 2.3654 | lr 9.98e-05 | 1.5s
epoch 3349 | loss 2.3396 | lr 9.95e-05 | 1.5s
epoch 3350 | loss 2.3598 | lr 9.92e-05 | 1.5s
epoch 3351 | loss 2.3701 | lr 9.89e-05 | 1.5s
epoch 3352 | loss 2.3436 | lr 9.86e-05 | 1.5s
epoch 3353 | loss 2.3703 | lr 9.83e-05 | 1.5s
epoch 3354 | loss 2.3545 | lr 9.80e-05 | 1.5s
epoch 3355 | loss 2.3477 | lr 9.77e-05 | 1.5s
epoch 3356 | loss 2.3407 | lr 9.74e-05 | 1.5s
epoch 3357 | loss 2.3538 | lr 9.71e-05 | 1.5s
epoch 3358 | loss 2.3456 | lr 9.68e-05 | 1.5s
epoch 3359 | loss 2.3540 | lr 9.65e-05 | 1.5s
epoch 3360 | loss 2.3521 | lr 9.62e-05 | 1.5s
epoch 3361 | loss 2.3680 | lr 9.59e-05 | 1.5s
epoch 3362 | loss 2.3439 | lr 9.56e-05 | 1.5s
epoch 3363 | loss 2.3635 | lr 9.53e-05 | 1.5s
epoch 3364 | loss 2.3529 | lr 9.50e-05 | 1.5s
epoch 3365 | loss 2.3462 | lr 9.47e-05 | 1.5s
epoch 3366 | loss 2.3554 | lr 9.44e-05 | 1.5s
epoch 3367 | loss 2.3494 | lr 9.41e-05 | 1.5s
epoch 3368 | loss 2.3554 | lr 9.38e-05 | 1.5s
epoch 3369 | loss 2.3563 | lr 9.36e-05 | 1.5s
epoch 3370 | loss 2.3509 | lr 9.33e-05 | 1.5s
epoch 3371 | loss 2.3435 | lr 9.30e-05 | 1.5s
epoch 3372 | loss 2.3619 | lr 9.27e-05 | 1.5s
epoch 3373 | loss 2.3581 | lr 9.24e-05 | 1.5s
epoch 3374 | loss 2.3490 | lr 9.21e-05 | 1.5s
epoch 3375 | loss 2.3597 | lr 9.18e-05 | 1.5s
epoch 3376 | loss 2.3462 | lr 9.15e-05 | 1.5s
epoch 3377 | loss 2.3485 | lr 9.12e-05 | 1.5s
epoch 3378 | loss 2.3454 | lr 9.09e-05 | 1.5s
epoch 3379 | loss 2.3566 | lr 9.07e-05 | 1.5s
epoch 3380 | loss 2.3513 | lr 9.04e-05 | 1.5s
epoch 3381 | loss 2.3619 | lr 9.01e-05 | 1.5s
epoch 3382 | loss 2.3562 | lr 8.98e-05 | 1.5s
epoch 3383 | loss 2.3656 | lr 8.95e-05 | 1.5s
epoch 3384 | loss 2.3731 | lr 8.92e-05 | 1.5s
epoch 3385 | loss 2.3765 | lr 8.90e-05 | 1.5s
epoch 3386 | loss 2.3630 | lr 8.87e-05 | 1.5s
epoch 3387 | loss 2.3720 | lr 8.84e-05 | 1.5s
epoch 3388 | loss 2.3471 | lr 8.81e-05 | 1.5s
epoch 3389 | loss 2.3733 | lr 8.78e-05 | 1.5s
epoch 3390 | loss 2.3506 | lr 8.75e-05 | 1.5s
epoch 3391 | loss 2.3380 | lr 8.73e-05 | 1.5s
epoch 3392 | loss 2.3509 | lr 8.70e-05 | 1.5s
epoch 3393 | loss 2.3452 | lr 8.67e-05 | 1.5s
epoch 3394 | loss 2.3546 | lr 8.64e-05 | 1.5s
epoch 3395 | loss 2.3556 | lr 8.61e-05 | 1.5s
epoch 3396 | loss 2.3579 | lr 8.59e-05 | 1.5s
epoch 3397 | loss 2.3521 | lr 8.56e-05 | 1.5s
epoch 3398 | loss 2.3410 | lr 8.53e-05 | 1.5s
epoch 3399 | loss 2.3570 | lr 8.50e-05 | 1.5s
epoch 3400 | loss 2.3592 | lr 8.47e-05 | 1.5s
epoch 3401 | loss 2.3533 | lr 8.45e-05 | 1.5s
epoch 3402 | loss 2.3662 | lr 8.42e-05 | 1.5s
epoch 3403 | loss 2.3539 | lr 8.39e-05 | 1.5s
epoch 3404 | loss 2.3553 | lr 8.36e-05 | 1.5s
epoch 3405 | loss 2.3527 | lr 8.34e-05 | 1.5s
epoch 3406 | loss 2.3561 | lr 8.31e-05 | 1.5s
epoch 3407 | loss 2.3553 | lr 8.28e-05 | 1.5s
epoch 3408 | loss 2.3511 | lr 8.25e-05 | 1.5s
epoch 3409 | loss 2.3616 | lr 8.23e-05 | 1.5s
epoch 3410 | loss 2.3656 | lr 8.20e-05 | 1.5s
epoch 3411 | loss 2.3425 | lr 8.17e-05 | 1.5s
epoch 3412 | loss 2.3548 | lr 8.14e-05 | 1.5s
epoch 3413 | loss 2.3568 | lr 8.12e-05 | 1.5s
epoch 3414 | loss 2.3720 | lr 8.09e-05 | 1.5s
epoch 3415 | loss 2.3478 | lr 8.06e-05 | 1.5s
epoch 3416 | loss 2.3655 | lr 8.03e-05 | 1.5s
epoch 3417 | loss 2.3599 | lr 8.01e-05 | 1.5s
epoch 3418 | loss 2.3443 | lr 7.98e-05 | 1.5s
epoch 3419 | loss 2.3673 | lr 7.95e-05 | 1.5s
epoch 3420 | loss 2.3656 | lr 7.93e-05 | 1.5s
epoch 3421 | loss 2.3631 | lr 7.90e-05 | 1.5s
epoch 3422 | loss 2.3491 | lr 7.87e-05 | 1.5s
epoch 3423 | loss 2.3599 | lr 7.85e-05 | 1.5s
epoch 3424 | loss 2.3454 | lr 7.82e-05 | 1.5s
epoch 3425 | loss 2.3596 | lr 7.79e-05 | 1.5s
epoch 3426 | loss 2.3573 | lr 7.77e-05 | 1.5s
epoch 3427 | loss 2.3463 | lr 7.74e-05 | 1.5s
epoch 3428 | loss 2.3579 | lr 7.71e-05 | 1.5s
epoch 3429 | loss 2.3587 | lr 7.69e-05 | 1.5s
epoch 3430 | loss 2.3547 | lr 7.66e-05 | 1.5s
epoch 3431 | loss 2.3627 | lr 7.63e-05 | 1.5s
epoch 3432 | loss 2.3616 | lr 7.61e-05 | 1.5s
epoch 3433 | loss 2.3551 | lr 7.58e-05 | 1.5s
epoch 3434 | loss 2.3562 | lr 7.55e-05 | 1.5s
epoch 3435 | loss 2.3578 | lr 7.53e-05 | 1.5s
epoch 3436 | loss 2.3612 | lr 7.50e-05 | 1.5s
epoch 3437 | loss 2.3525 | lr 7.48e-05 | 1.5s
epoch 3438 | loss 2.3699 | lr 7.45e-05 | 1.5s
epoch 3439 | loss 2.3548 | lr 7.42e-05 | 1.5s
epoch 3440 | loss 2.3501 | lr 7.40e-05 | 1.5s
epoch 3441 | loss 2.3570 | lr 7.37e-05 | 1.5s
epoch 3442 | loss 2.3496 | lr 7.35e-05 | 1.5s
epoch 3443 | loss 2.3522 | lr 7.32e-05 | 1.5s
epoch 3444 | loss 2.3596 | lr 7.29e-05 | 1.5s
epoch 3445 | loss 2.3340 | lr 7.27e-05 | 1.5s
epoch 3446 | loss 2.3563 | lr 7.24e-05 | 1.5s
epoch 3447 | loss 2.3550 | lr 7.22e-05 | 1.5s
epoch 3448 | loss 2.3449 | lr 7.19e-05 | 1.5s
epoch 3449 | loss 2.3403 | lr 7.16e-05 | 1.5s
epoch 3450 | loss 2.3702 | lr 7.14e-05 | 1.5s
epoch 3451 | loss 2.3805 | lr 7.11e-05 | 1.5s
epoch 3452 | loss 2.3714 | lr 7.09e-05 | 1.5s
epoch 3453 | loss 2.3384 | lr 7.06e-05 | 1.5s
epoch 3454 | loss 2.3595 | lr 7.04e-05 | 1.5s
epoch 3455 | loss 2.3528 | lr 7.01e-05 | 1.5s
epoch 3456 | loss 2.3564 | lr 6.99e-05 | 1.5s
epoch 3457 | loss 2.3539 | lr 6.96e-05 | 1.5s
epoch 3458 | loss 2.3625 | lr 6.94e-05 | 1.5s
epoch 3459 | loss 2.3628 | lr 6.91e-05 | 1.5s
epoch 3460 | loss 2.3617 | lr 6.89e-05 | 1.5s
epoch 3461 | loss 2.3603 | lr 6.86e-05 | 1.5s
epoch 3462 | loss 2.3663 | lr 6.84e-05 | 1.5s
epoch 3463 | loss 2.3763 | lr 6.81e-05 | 1.5s
epoch 3464 | loss 2.3486 | lr 6.79e-05 | 1.5s
epoch 3465 | loss 2.3669 | lr 6.76e-05 | 1.5s
epoch 3466 | loss 2.3487 | lr 6.74e-05 | 1.5s
epoch 3467 | loss 2.3513 | lr 6.71e-05 | 1.5s
epoch 3468 | loss 2.3423 | lr 6.69e-05 | 1.5s
epoch 3469 | loss 2.3718 | lr 6.66e-05 | 1.5s
epoch 3470 | loss 2.3483 | lr 6.64e-05 | 1.5s
epoch 3471 | loss 2.3600 | lr 6.61e-05 | 1.5s
epoch 3472 | loss 2.3547 | lr 6.59e-05 | 1.5s
epoch 3473 | loss 2.3497 | lr 6.56e-05 | 1.5s
epoch 3474 | loss 2.3648 | lr 6.54e-05 | 1.5s
epoch 3475 | loss 2.3511 | lr 6.51e-05 | 1.5s
epoch 3476 | loss 2.3522 | lr 6.49e-05 | 1.5s
epoch 3477 | loss 2.3597 | lr 6.46e-05 | 1.5s
epoch 3478 | loss 2.3633 | lr 6.44e-05 | 1.5s
epoch 3479 | loss 2.3599 | lr 6.42e-05 | 1.5s
epoch 3480 | loss 2.3556 | lr 6.39e-05 | 1.5s
epoch 3481 | loss 2.3509 | lr 6.37e-05 | 1.5s
epoch 3482 | loss 2.3659 | lr 6.34e-05 | 1.5s
epoch 3483 | loss 2.3442 | lr 6.32e-05 | 1.5s
epoch 3484 | loss 2.3665 | lr 6.29e-05 | 1.5s
epoch 3485 | loss 2.3373 | lr 6.27e-05 | 1.5s
epoch 3486 | loss 2.3676 | lr 6.25e-05 | 1.5s
epoch 3487 | loss 2.3552 | lr 6.22e-05 | 1.5s
epoch 3488 | loss 2.3593 | lr 6.20e-05 | 1.5s
epoch 3489 | loss 2.3510 | lr 6.17e-05 | 1.5s
epoch 3490 | loss 2.3607 | lr 6.15e-05 | 1.5s
epoch 3491 | loss 2.3636 | lr 6.13e-05 | 1.5s
epoch 3492 | loss 2.3536 | lr 6.10e-05 | 1.5s
epoch 3493 | loss 2.3651 | lr 6.08e-05 | 1.5s
epoch 3494 | loss 2.3578 | lr 6.06e-05 | 1.5s
epoch 3495 | loss 2.3507 | lr 6.03e-05 | 1.5s
epoch 3496 | loss 2.3546 | lr 6.01e-05 | 1.5s
epoch 3497 | loss 2.3367 | lr 5.98e-05 | 1.5s
epoch 3498 | loss 2.3577 | lr 5.96e-05 | 1.5s
epoch 3499 | loss 2.3559 | lr 5.94e-05 | 1.5s
epoch 3500 | loss 2.3296 | lr 5.91e-05 | 1.5s
epoch 3501 | loss 2.3507 | lr 5.89e-05 | 1.5s
epoch 3502 | loss 2.3576 | lr 5.87e-05 | 1.5s
epoch 3503 | loss 2.3536 | lr 5.84e-05 | 1.5s
epoch 3504 | loss 2.3523 | lr 5.82e-05 | 1.5s
epoch 3505 | loss 2.3612 | lr 5.80e-05 | 1.5s
epoch 3506 | loss 2.3554 | lr 5.77e-05 | 1.5s
epoch 3507 | loss 2.3508 | lr 5.75e-05 | 1.5s
epoch 3508 | loss 2.3424 | lr 5.73e-05 | 1.5s
epoch 3509 | loss 2.3455 | lr 5.71e-05 | 1.5s
epoch 3510 | loss 2.3592 | lr 5.68e-05 | 1.5s
epoch 3511 | loss 2.3453 | lr 5.66e-05 | 1.5s
epoch 3512 | loss 2.3723 | lr 5.64e-05 | 1.5s
epoch 3513 | loss 2.3656 | lr 5.61e-05 | 1.5s
epoch 3514 | loss 2.3504 | lr 5.59e-05 | 1.5s
epoch 3515 | loss 2.3467 | lr 5.57e-05 | 1.5s
epoch 3516 | loss 2.3761 | lr 5.55e-05 | 1.5s
epoch 3517 | loss 2.3514 | lr 5.52e-05 | 1.5s
epoch 3518 | loss 2.3621 | lr 5.50e-05 | 1.5s
epoch 3519 | loss 2.3531 | lr 5.48e-05 | 1.5s
epoch 3520 | loss 2.3592 | lr 5.45e-05 | 1.5s
epoch 3521 | loss 2.3555 | lr 5.43e-05 | 1.5s
epoch 3522 | loss 2.3438 | lr 5.41e-05 | 1.5s
epoch 3523 | loss 2.3541 | lr 5.39e-05 | 1.5s
epoch 3524 | loss 2.3535 | lr 5.37e-05 | 1.5s
epoch 3525 | loss 2.3658 | lr 5.34e-05 | 1.5s
epoch 3526 | loss 2.3592 | lr 5.32e-05 | 1.5s
epoch 3527 | loss 2.3642 | lr 5.30e-05 | 1.5s
epoch 3528 | loss 2.3473 | lr 5.28e-05 | 1.5s
epoch 3529 | loss 2.3446 | lr 5.25e-05 | 1.5s
epoch 3530 | loss 2.3490 | lr 5.23e-05 | 1.5s
epoch 3531 | loss 2.3526 | lr 5.21e-05 | 1.5s
epoch 3532 | loss 2.3606 | lr 5.19e-05 | 1.5s
epoch 3533 | loss 2.3737 | lr 5.17e-05 | 1.5s
epoch 3534 | loss 2.3641 | lr 5.14e-05 | 1.5s
epoch 3535 | loss 2.3509 | lr 5.12e-05 | 1.5s
epoch 3536 | loss 2.3682 | lr 5.10e-05 | 1.5s
epoch 3537 | loss 2.3478 | lr 5.08e-05 | 1.5s
epoch 3538 | loss 2.3588 | lr 5.06e-05 | 1.5s
epoch 3539 | loss 2.3657 | lr 5.04e-05 | 1.5s
epoch 3540 | loss 2.3629 | lr 5.01e-05 | 1.5s
epoch 3541 | loss 2.3556 | lr 4.99e-05 | 1.5s
epoch 3542 | loss 2.3594 | lr 4.97e-05 | 1.5s
epoch 3543 | loss 2.3563 | lr 4.95e-05 | 1.5s
epoch 3544 | loss 2.3628 | lr 4.93e-05 | 1.5s
epoch 3545 | loss 2.3484 | lr 4.91e-05 | 1.5s
epoch 3546 | loss 2.3611 | lr 4.88e-05 | 1.5s
epoch 3547 | loss 2.3702 | lr 4.86e-05 | 1.5s
epoch 3548 | loss 2.3396 | lr 4.84e-05 | 1.5s
epoch 3549 | loss 2.3501 | lr 4.82e-05 | 1.5s
epoch 3550 | loss 2.3599 | lr 4.80e-05 | 1.5s
epoch 3551 | loss 2.3521 | lr 4.78e-05 | 1.5s
epoch 3552 | loss 2.3605 | lr 4.76e-05 | 1.5s
epoch 3553 | loss 2.3489 | lr 4.74e-05 | 1.5s
epoch 3554 | loss 2.3563 | lr 4.72e-05 | 1.5s
epoch 3555 | loss 2.3563 | lr 4.69e-05 | 1.5s
epoch 3556 | loss 2.3493 | lr 4.67e-05 | 1.5s
epoch 3557 | loss 2.3435 | lr 4.65e-05 | 1.5s
epoch 3558 | loss 2.3563 | lr 4.63e-05 | 1.5s
epoch 3559 | loss 2.3517 | lr 4.61e-05 | 1.5s
epoch 3560 | loss 2.3478 | lr 4.59e-05 | 1.5s
epoch 3561 | loss 2.3655 | lr 4.57e-05 | 1.5s
epoch 3562 | loss 2.3624 | lr 4.55e-05 | 1.5s
epoch 3563 | loss 2.3565 | lr 4.53e-05 | 1.5s
epoch 3564 | loss 2.3486 | lr 4.51e-05 | 1.5s
epoch 3565 | loss 2.3512 | lr 4.49e-05 | 1.5s
epoch 3566 | loss 2.3676 | lr 4.47e-05 | 1.5s
epoch 3567 | loss 2.3558 | lr 4.45e-05 | 1.5s
epoch 3568 | loss 2.3523 | lr 4.43e-05 | 1.5s
epoch 3569 | loss 2.3557 | lr 4.41e-05 | 1.5s
epoch 3570 | loss 2.3637 | lr 4.39e-05 | 1.5s
epoch 3571 | loss 2.3575 | lr 4.37e-05 | 1.5s
epoch 3572 | loss 2.3662 | lr 4.35e-05 | 1.5s
epoch 3573 | loss 2.3688 | lr 4.33e-05 | 1.5s
epoch 3574 | loss 2.3537 | lr 4.31e-05 | 1.5s
epoch 3575 | loss 2.3535 | lr 4.29e-05 | 1.5s
epoch 3576 | loss 2.3586 | lr 4.27e-05 | 1.5s
epoch 3577 | loss 2.3529 | lr 4.25e-05 | 1.5s
epoch 3578 | loss 2.3651 | lr 4.23e-05 | 1.5s
epoch 3579 | loss 2.3483 | lr 4.21e-05 | 1.5s
epoch 3580 | loss 2.3561 | lr 4.19e-05 | 1.5s
epoch 3581 | loss 2.3811 | lr 4.17e-05 | 1.5s
epoch 3582 | loss 2.3558 | lr 4.15e-05 | 1.5s
epoch 3583 | loss 2.3474 | lr 4.13e-05 | 1.5s
epoch 3584 | loss 2.3551 | lr 4.11e-05 | 1.5s
epoch 3585 | loss 2.3390 | lr 4.09e-05 | 1.5s
epoch 3586 | loss 2.3517 | lr 4.07e-05 | 1.5s
epoch 3587 | loss 2.3481 | lr 4.05e-05 | 1.5s
epoch 3588 | loss 2.3519 | lr 4.03e-05 | 1.5s
epoch 3589 | loss 2.3593 | lr 4.01e-05 | 1.5s
epoch 3590 | loss 2.3514 | lr 3.99e-05 | 1.5s
epoch 3591 | loss 2.3671 | lr 3.97e-05 | 1.5s
epoch 3592 | loss 2.3632 | lr 3.95e-05 | 1.5s
epoch 3593 | loss 2.3702 | lr 3.93e-05 | 1.5s
epoch 3594 | loss 2.3577 | lr 3.91e-05 | 1.5s
epoch 3595 | loss 2.3591 | lr 3.89e-05 | 1.5s
epoch 3596 | loss 2.3611 | lr 3.87e-05 | 1.5s
epoch 3597 | loss 2.3507 | lr 3.86e-05 | 1.5s
epoch 3598 | loss 2.3289 | lr 3.84e-05 | 1.5s
epoch 3599 | loss 2.3578 | lr 3.82e-05 | 1.5s
epoch 3600 | loss 2.3708 | lr 3.80e-05 | 1.5s
epoch 3601 | loss 2.3683 | lr 3.78e-05 | 1.5s
epoch 3602 | loss 2.3519 | lr 3.76e-05 | 1.5s
epoch 3603 | loss 2.3279 | lr 3.74e-05 | 1.5s
epoch 3604 | loss 2.3716 | lr 3.72e-05 | 1.5s
epoch 3605 | loss 2.3492 | lr 3.70e-05 | 1.5s
epoch 3606 | loss 2.3610 | lr 3.69e-05 | 1.5s
epoch 3607 | loss 2.3612 | lr 3.67e-05 | 1.5s
epoch 3608 | loss 2.3412 | lr 3.65e-05 | 1.5s
epoch 3609 | loss 2.3479 | lr 3.63e-05 | 1.5s
epoch 3610 | loss 2.3665 | lr 3.61e-05 | 1.5s
epoch 3611 | loss 2.3533 | lr 3.59e-05 | 1.5s
epoch 3612 | loss 2.3678 | lr 3.58e-05 | 1.5s
epoch 3613 | loss 2.3540 | lr 3.56e-05 | 1.5s
epoch 3614 | loss 2.3579 | lr 3.54e-05 | 1.5s
epoch 3615 | loss 2.3580 | lr 3.52e-05 | 1.5s
epoch 3616 | loss 2.3534 | lr 3.50e-05 | 1.5s
epoch 3617 | loss 2.3772 | lr 3.48e-05 | 1.5s
epoch 3618 | loss 2.3595 | lr 3.47e-05 | 1.5s
epoch 3619 | loss 2.3660 | lr 3.45e-05 | 1.5s
epoch 3620 | loss 2.3616 | lr 3.43e-05 | 1.5s
epoch 3621 | loss 2.3825 | lr 3.41e-05 | 1.5s
epoch 3622 | loss 2.3611 | lr 3.39e-05 | 1.5s
epoch 3623 | loss 2.3538 | lr 3.38e-05 | 1.5s
epoch 3624 | loss 2.3582 | lr 3.36e-05 | 1.5s
epoch 3625 | loss 2.3501 | lr 3.34e-05 | 1.5s
epoch 3626 | loss 2.3625 | lr 3.32e-05 | 1.5s
epoch 3627 | loss 2.3565 | lr 3.31e-05 | 1.5s
epoch 3628 | loss 2.3356 | lr 3.29e-05 | 1.5s
epoch 3629 | loss 2.3691 | lr 3.27e-05 | 1.5s
epoch 3630 | loss 2.3550 | lr 3.25e-05 | 1.5s
epoch 3631 | loss 2.3448 | lr 3.24e-05 | 1.5s
epoch 3632 | loss 2.3504 | lr 3.22e-05 | 1.5s
epoch 3633 | loss 2.3491 | lr 3.20e-05 | 1.5s
epoch 3634 | loss 2.3606 | lr 3.18e-05 | 1.5s
epoch 3635 | loss 2.3527 | lr 3.17e-05 | 1.5s
epoch 3636 | loss 2.3553 | lr 3.15e-05 | 1.5s
epoch 3637 | loss 2.3636 | lr 3.13e-05 | 1.5s
epoch 3638 | loss 2.3585 | lr 3.11e-05 | 1.5s
epoch 3639 | loss 2.3649 | lr 3.10e-05 | 1.5s
epoch 3640 | loss 2.3699 | lr 3.08e-05 | 1.5s
epoch 3641 | loss 2.3630 | lr 3.06e-05 | 1.5s
epoch 3642 | loss 2.3452 | lr 3.05e-05 | 1.5s
epoch 3643 | loss 2.3422 | lr 3.03e-05 | 1.5s
epoch 3644 | loss 2.3481 | lr 3.01e-05 | 1.5s
epoch 3645 | loss 2.3527 | lr 3.00e-05 | 1.5s
epoch 3646 | loss 2.3478 | lr 2.98e-05 | 1.5s
epoch 3647 | loss 2.3428 | lr 2.96e-05 | 1.5s
epoch 3648 | loss 2.3446 | lr 2.95e-05 | 1.5s
epoch 3649 | loss 2.3648 | lr 2.93e-05 | 1.5s
epoch 3650 | loss 2.3437 | lr 2.91e-05 | 1.5s
epoch 3651 | loss 2.3494 | lr 2.90e-05 | 1.5s
epoch 3652 | loss 2.3520 | lr 2.88e-05 | 1.5s
epoch 3653 | loss 2.3700 | lr 2.86e-05 | 1.5s
epoch 3654 | loss 2.3664 | lr 2.85e-05 | 1.5s
epoch 3655 | loss 2.3697 | lr 2.83e-05 | 1.5s
epoch 3656 | loss 2.3688 | lr 2.81e-05 | 1.5s
epoch 3657 | loss 2.3570 | lr 2.80e-05 | 1.5s
epoch 3658 | loss 2.3614 | lr 2.78e-05 | 1.5s
epoch 3659 | loss 2.3500 | lr 2.76e-05 | 1.5s
epoch 3660 | loss 2.3442 | lr 2.75e-05 | 1.5s
epoch 3661 | loss 2.3642 | lr 2.73e-05 | 1.5s
epoch 3662 | loss 2.3421 | lr 2.72e-05 | 1.5s
epoch 3663 | loss 2.3728 | lr 2.70e-05 | 1.5s
epoch 3664 | loss 2.3622 | lr 2.68e-05 | 1.5s
epoch 3665 | loss 2.3498 | lr 2.67e-05 | 1.5s
epoch 3666 | loss 2.3404 | lr 2.65e-05 | 1.5s
epoch 3667 | loss 2.3473 | lr 2.64e-05 | 1.5s
epoch 3668 | loss 2.3556 | lr 2.62e-05 | 1.5s
epoch 3669 | loss 2.3422 | lr 2.61e-05 | 1.5s
epoch 3670 | loss 2.3488 | lr 2.59e-05 | 1.5s
epoch 3671 | loss 2.3631 | lr 2.57e-05 | 1.5s
epoch 3672 | loss 2.3483 | lr 2.56e-05 | 1.5s
epoch 3673 | loss 2.3553 | lr 2.54e-05 | 1.5s
epoch 3674 | loss 2.3528 | lr 2.53e-05 | 1.5s
epoch 3675 | loss 2.3556 | lr 2.51e-05 | 1.5s
epoch 3676 | loss 2.3489 | lr 2.50e-05 | 1.5s
epoch 3677 | loss 2.3436 | lr 2.48e-05 | 1.5s
epoch 3678 | loss 2.3367 | lr 2.47e-05 | 1.5s
epoch 3679 | loss 2.3600 | lr 2.45e-05 | 1.5s
epoch 3680 | loss 2.3466 | lr 2.44e-05 | 1.5s
epoch 3681 | loss 2.3339 | lr 2.42e-05 | 1.5s
epoch 3682 | loss 2.3570 | lr 2.41e-05 | 1.5s
epoch 3683 | loss 2.3534 | lr 2.39e-05 | 1.5s
epoch 3684 | loss 2.3461 | lr 2.37e-05 | 1.5s
epoch 3685 | loss 2.3459 | lr 2.36e-05 | 1.5s
epoch 3686 | loss 2.3461 | lr 2.35e-05 | 1.5s
epoch 3687 | loss 2.3614 | lr 2.33e-05 | 1.5s
epoch 3688 | loss 2.3542 | lr 2.32e-05 | 1.5s
epoch 3689 | loss 2.3570 | lr 2.30e-05 | 1.5s
epoch 3690 | loss 2.3579 | lr 2.29e-05 | 1.5s
epoch 3691 | loss 2.3556 | lr 2.27e-05 | 1.5s
epoch 3692 | loss 2.3446 | lr 2.26e-05 | 1.5s
epoch 3693 | loss 2.3725 | lr 2.24e-05 | 1.5s
epoch 3694 | loss 2.3672 | lr 2.23e-05 | 1.5s
epoch 3695 | loss 2.3666 | lr 2.21e-05 | 1.5s
epoch 3696 | loss 2.3405 | lr 2.20e-05 | 1.5s
epoch 3697 | loss 2.3620 | lr 2.18e-05 | 1.5s
epoch 3698 | loss 2.3529 | lr 2.17e-05 | 1.5s
epoch 3699 | loss 2.3572 | lr 2.16e-05 | 1.5s
epoch 3700 | loss 2.3462 | lr 2.14e-05 | 1.5s
epoch 3701 | loss 2.3461 | lr 2.13e-05 | 1.5s
epoch 3702 | loss 2.3534 | lr 2.11e-05 | 1.5s
epoch 3703 | loss 2.3503 | lr 2.10e-05 | 1.5s
epoch 3704 | loss 2.3686 | lr 2.08e-05 | 1.5s
epoch 3705 | loss 2.3683 | lr 2.07e-05 | 1.5s
epoch 3706 | loss 2.3580 | lr 2.06e-05 | 1.5s
epoch 3707 | loss 2.3472 | lr 2.04e-05 | 1.5s
epoch 3708 | loss 2.3661 | lr 2.03e-05 | 1.5s
epoch 3709 | loss 2.3425 | lr 2.01e-05 | 1.5s
epoch 3710 | loss 2.3422 | lr 2.00e-05 | 1.5s
epoch 3711 | loss 2.3468 | lr 1.99e-05 | 1.5s
epoch 3712 | loss 2.3480 | lr 1.97e-05 | 1.5s
epoch 3713 | loss 2.3709 | lr 1.96e-05 | 1.5s
epoch 3714 | loss 2.3543 | lr 1.95e-05 | 1.5s
epoch 3715 | loss 2.3542 | lr 1.93e-05 | 1.5s
epoch 3716 | loss 2.3540 | lr 1.92e-05 | 1.5s
epoch 3717 | loss 2.3667 | lr 1.91e-05 | 1.5s
epoch 3718 | loss 2.3453 | lr 1.89e-05 | 1.5s
epoch 3719 | loss 2.3507 | lr 1.88e-05 | 1.5s
epoch 3720 | loss 2.3484 | lr 1.87e-05 | 1.5s
epoch 3721 | loss 2.3408 | lr 1.85e-05 | 1.5s
epoch 3722 | loss 2.3589 | lr 1.84e-05 | 1.5s
epoch 3723 | loss 2.3606 | lr 1.83e-05 | 1.5s
epoch 3724 | loss 2.3706 | lr 1.81e-05 | 1.5s
epoch 3725 | loss 2.3483 | lr 1.80e-05 | 1.5s
epoch 3726 | loss 2.3547 | lr 1.79e-05 | 1.5s
epoch 3727 | loss 2.3439 | lr 1.77e-05 | 1.5s
epoch 3728 | loss 2.3714 | lr 1.76e-05 | 1.5s
epoch 3729 | loss 2.3521 | lr 1.75e-05 | 1.5s
epoch 3730 | loss 2.3539 | lr 1.73e-05 | 1.5s
epoch 3731 | loss 2.3555 | lr 1.72e-05 | 1.5s
epoch 3732 | loss 2.3550 | lr 1.71e-05 | 1.5s
epoch 3733 | loss 2.3390 | lr 1.70e-05 | 1.5s
epoch 3734 | loss 2.3546 | lr 1.68e-05 | 1.5s
epoch 3735 | loss 2.3616 | lr 1.67e-05 | 1.5s
epoch 3736 | loss 2.3449 | lr 1.66e-05 | 1.5s
epoch 3737 | loss 2.3517 | lr 1.65e-05 | 1.5s
epoch 3738 | loss 2.3394 | lr 1.63e-05 | 1.5s
epoch 3739 | loss 2.3740 | lr 1.62e-05 | 1.5s
epoch 3740 | loss 2.3521 | lr 1.61e-05 | 1.5s
epoch 3741 | loss 2.3646 | lr 1.60e-05 | 1.5s
epoch 3742 | loss 2.3589 | lr 1.58e-05 | 1.5s
epoch 3743 | loss 2.3642 | lr 1.57e-05 | 1.5s
epoch 3744 | loss 2.3535 | lr 1.56e-05 | 1.5s
epoch 3745 | loss 2.3695 | lr 1.55e-05 | 1.5s
epoch 3746 | loss 2.3748 | lr 1.53e-05 | 1.5s
epoch 3747 | loss 2.3419 | lr 1.52e-05 | 1.5s
epoch 3748 | loss 2.3480 | lr 1.51e-05 | 1.5s
epoch 3749 | loss 2.3662 | lr 1.50e-05 | 1.5s
epoch 3750 | loss 2.3398 | lr 1.49e-05 | 1.5s
epoch 3751 | loss 2.3412 | lr 1.47e-05 | 1.5s
epoch 3752 | loss 2.3568 | lr 1.46e-05 | 1.5s
epoch 3753 | loss 2.3612 | lr 1.45e-05 | 1.5s
epoch 3754 | loss 2.3601 | lr 1.44e-05 | 1.5s
epoch 3755 | loss 2.3566 | lr 1.43e-05 | 1.5s
epoch 3756 | loss 2.3424 | lr 1.42e-05 | 1.5s
epoch 3757 | loss 2.3461 | lr 1.40e-05 | 1.5s
epoch 3758 | loss 2.3717 | lr 1.39e-05 | 1.5s
epoch 3759 | loss 2.3605 | lr 1.38e-05 | 1.5s
epoch 3760 | loss 2.3606 | lr 1.37e-05 | 1.5s
epoch 3761 | loss 2.3476 | lr 1.36e-05 | 1.5s
epoch 3762 | loss 2.3560 | lr 1.35e-05 | 1.5s
epoch 3763 | loss 2.3660 | lr 1.34e-05 | 1.5s
epoch 3764 | loss 2.3402 | lr 1.32e-05 | 1.5s
epoch 3765 | loss 2.3611 | lr 1.31e-05 | 1.5s
epoch 3766 | loss 2.3647 | lr 1.30e-05 | 1.5s
epoch 3767 | loss 2.3529 | lr 1.29e-05 | 1.5s
epoch 3768 | loss 2.3517 | lr 1.28e-05 | 1.5s
epoch 3769 | loss 2.3580 | lr 1.27e-05 | 1.5s
epoch 3770 | loss 2.3558 | lr 1.26e-05 | 1.5s
epoch 3771 | loss 2.3505 | lr 1.25e-05 | 1.5s
epoch 3772 | loss 2.3635 | lr 1.24e-05 | 1.5s
epoch 3773 | loss 2.3579 | lr 1.23e-05 | 1.5s
epoch 3774 | loss 2.3265 | lr 1.21e-05 | 1.5s
epoch 3775 | loss 2.3565 | lr 1.20e-05 | 1.5s
epoch 3776 | loss 2.3579 | lr 1.19e-05 | 1.5s
epoch 3777 | loss 2.3554 | lr 1.18e-05 | 1.5s
epoch 3778 | loss 2.3442 | lr 1.17e-05 | 1.5s
epoch 3779 | loss 2.3448 | lr 1.16e-05 | 1.5s
epoch 3780 | loss 2.3651 | lr 1.15e-05 | 1.5s
epoch 3781 | loss 2.3596 | lr 1.14e-05 | 1.5s
epoch 3782 | loss 2.3529 | lr 1.13e-05 | 1.5s
epoch 3783 | loss 2.3580 | lr 1.12e-05 | 1.5s
epoch 3784 | loss 2.3533 | lr 1.11e-05 | 1.5s
epoch 3785 | loss 2.3379 | lr 1.10e-05 | 1.5s
epoch 3786 | loss 2.3626 | lr 1.09e-05 | 1.5s
epoch 3787 | loss 2.3694 | lr 1.08e-05 | 1.5s
epoch 3788 | loss 2.3595 | lr 1.07e-05 | 1.5s
epoch 3789 | loss 2.3581 | lr 1.06e-05 | 1.5s
epoch 3790 | loss 2.3528 | lr 1.05e-05 | 1.5s
epoch 3791 | loss 2.3640 | lr 1.04e-05 | 1.5s
epoch 3792 | loss 2.3638 | lr 1.03e-05 | 1.5s
epoch 3793 | loss 2.3559 | lr 1.02e-05 | 1.5s
epoch 3794 | loss 2.3663 | lr 1.01e-05 | 1.5s
epoch 3795 | loss 2.3544 | lr 9.99e-06 | 1.5s
epoch 3796 | loss 2.3451 | lr 9.89e-06 | 1.5s
epoch 3797 | loss 2.3451 | lr 9.80e-06 | 1.5s
epoch 3798 | loss 2.3627 | lr 9.70e-06 | 1.5s
epoch 3799 | loss 2.3598 | lr 9.60e-06 | 1.5s
epoch 3800 | loss 2.3661 | lr 9.51e-06 | 1.5s
epoch 3801 | loss 2.3599 | lr 9.41e-06 | 1.5s
epoch 3802 | loss 2.3548 | lr 9.32e-06 | 1.5s
epoch 3803 | loss 2.3539 | lr 9.22e-06 | 1.5s
epoch 3804 | loss 2.3594 | lr 9.13e-06 | 1.5s
epoch 3805 | loss 2.3584 | lr 9.04e-06 | 1.5s
epoch 3806 | loss 2.3588 | lr 8.94e-06 | 1.5s
epoch 3807 | loss 2.3705 | lr 8.85e-06 | 1.5s
epoch 3808 | loss 2.3578 | lr 8.76e-06 | 1.5s
epoch 3809 | loss 2.3425 | lr 8.67e-06 | 1.5s
epoch 3810 | loss 2.3505 | lr 8.58e-06 | 1.5s
epoch 3811 | loss 2.3632 | lr 8.49e-06 | 1.5s
epoch 3812 | loss 2.3461 | lr 8.40e-06 | 1.5s
epoch 3813 | loss 2.3485 | lr 8.31e-06 | 1.5s
epoch 3814 | loss 2.3586 | lr 8.22e-06 | 1.5s
epoch 3815 | loss 2.3461 | lr 8.13e-06 | 1.5s
epoch 3816 | loss 2.3771 | lr 8.04e-06 | 1.5s
epoch 3817 | loss 2.3698 | lr 7.96e-06 | 1.5s
epoch 3818 | loss 2.3497 | lr 7.87e-06 | 1.5s
epoch 3819 | loss 2.3394 | lr 7.78e-06 | 1.5s
epoch 3820 | loss 2.3512 | lr 7.70e-06 | 1.5s
epoch 3821 | loss 2.3734 | lr 7.61e-06 | 1.5s
epoch 3822 | loss 2.3527 | lr 7.52e-06 | 1.5s
epoch 3823 | loss 2.3519 | lr 7.44e-06 | 1.5s
epoch 3824 | loss 2.3651 | lr 7.36e-06 | 1.5s
epoch 3825 | loss 2.3528 | lr 7.27e-06 | 1.5s
epoch 3826 | loss 2.3674 | lr 7.19e-06 | 1.5s
epoch 3827 | loss 2.3541 | lr 7.11e-06 | 1.5s
epoch 3828 | loss 2.3652 | lr 7.02e-06 | 1.5s
epoch 3829 | loss 2.3507 | lr 6.94e-06 | 1.5s
epoch 3830 | loss 2.3387 | lr 6.86e-06 | 1.5s
epoch 3831 | loss 2.3618 | lr 6.78e-06 | 1.5s
epoch 3832 | loss 2.3603 | lr 6.70e-06 | 1.5s
epoch 3833 | loss 2.3510 | lr 6.62e-06 | 1.5s
epoch 3834 | loss 2.3512 | lr 6.54e-06 | 1.5s
epoch 3835 | loss 2.3440 | lr 6.46e-06 | 1.5s
epoch 3836 | loss 2.3419 | lr 6.38e-06 | 1.5s
epoch 3837 | loss 2.3545 | lr 6.31e-06 | 1.5s
epoch 3838 | loss 2.3530 | lr 6.23e-06 | 1.5s
epoch 3839 | loss 2.3378 | lr 6.15e-06 | 1.5s
epoch 3840 | loss 2.3590 | lr 6.07e-06 | 1.5s
epoch 3841 | loss 2.3663 | lr 6.00e-06 | 1.5s
epoch 3842 | loss 2.3643 | lr 5.92e-06 | 1.5s
epoch 3843 | loss 2.3556 | lr 5.85e-06 | 1.5s
epoch 3844 | loss 2.3592 | lr 5.77e-06 | 1.5s
epoch 3845 | loss 2.3511 | lr 5.70e-06 | 1.5s
epoch 3846 | loss 2.3503 | lr 5.62e-06 | 1.5s
epoch 3847 | loss 2.3564 | lr 5.55e-06 | 1.5s
epoch 3848 | loss 2.3341 | lr 5.48e-06 | 1.5s
epoch 3849 | loss 2.3548 | lr 5.41e-06 | 1.5s
epoch 3850 | loss 2.3498 | lr 5.33e-06 | 1.5s
epoch 3851 | loss 2.3504 | lr 5.26e-06 | 1.5s
epoch 3852 | loss 2.3572 | lr 5.19e-06 | 1.5s
epoch 3853 | loss 2.3802 | lr 5.12e-06 | 1.5s
epoch 3854 | loss 2.3489 | lr 5.05e-06 | 1.5s
epoch 3855 | loss 2.3455 | lr 4.98e-06 | 1.5s
epoch 3856 | loss 2.3498 | lr 4.91e-06 | 1.5s
epoch 3857 | loss 2.3525 | lr 4.85e-06 | 1.5s
epoch 3858 | loss 2.3543 | lr 4.78e-06 | 1.5s
epoch 3859 | loss 2.3566 | lr 4.71e-06 | 1.5s
epoch 3860 | loss 2.3579 | lr 4.64e-06 | 1.5s
epoch 3861 | loss 2.3502 | lr 4.58e-06 | 1.5s
epoch 3862 | loss 2.3598 | lr 4.51e-06 | 1.5s
epoch 3863 | loss 2.3412 | lr 4.45e-06 | 1.5s
epoch 3864 | loss 2.3585 | lr 4.38e-06 | 1.5s
epoch 3865 | loss 2.3543 | lr 4.32e-06 | 1.5s
epoch 3866 | loss 2.3543 | lr 4.25e-06 | 1.5s
epoch 3867 | loss 2.3701 | lr 4.19e-06 | 1.5s
epoch 3868 | loss 2.3379 | lr 4.12e-06 | 1.5s
epoch 3869 | loss 2.3642 | lr 4.06e-06 | 1.5s
epoch 3870 | loss 2.3623 | lr 4.00e-06 | 1.5s
epoch 3871 | loss 2.3505 | lr 3.94e-06 | 1.5s
epoch 3872 | loss 2.3552 | lr 3.88e-06 | 1.5s
epoch 3873 | loss 2.3508 | lr 3.82e-06 | 1.5s
epoch 3874 | loss 2.3651 | lr 3.76e-06 | 1.5s
epoch 3875 | loss 2.3386 | lr 3.70e-06 | 1.5s
epoch 3876 | loss 2.3605 | lr 3.64e-06 | 1.5s
epoch 3877 | loss 2.3533 | lr 3.58e-06 | 1.5s
epoch 3878 | loss 2.3548 | lr 3.52e-06 | 1.5s
epoch 3879 | loss 2.3522 | lr 3.46e-06 | 1.5s
epoch 3880 | loss 2.3809 | lr 3.40e-06 | 1.5s
epoch 3881 | loss 2.3663 | lr 3.35e-06 | 1.5s
epoch 3882 | loss 2.3445 | lr 3.29e-06 | 1.5s
epoch 3883 | loss 2.3591 | lr 3.23e-06 | 1.5s
epoch 3884 | loss 2.3507 | lr 3.18e-06 | 1.5s
epoch 3885 | loss 2.3565 | lr 3.12e-06 | 1.5s
epoch 3886 | loss 2.3444 | lr 3.07e-06 | 1.5s
epoch 3887 | loss 2.3705 | lr 3.02e-06 | 1.5s
epoch 3888 | loss 2.3435 | lr 2.96e-06 | 1.5s
epoch 3889 | loss 2.3554 | lr 2.91e-06 | 1.5s
epoch 3890 | loss 2.3457 | lr 2.86e-06 | 1.5s
epoch 3891 | loss 2.3504 | lr 2.80e-06 | 1.5s
epoch 3892 | loss 2.3663 | lr 2.75e-06 | 1.5s
epoch 3893 | loss 2.3407 | lr 2.70e-06 | 1.5s
epoch 3894 | loss 2.3595 | lr 2.65e-06 | 1.5s
epoch 3895 | loss 2.3588 | lr 2.60e-06 | 1.5s
epoch 3896 | loss 2.3684 | lr 2.55e-06 | 1.5s
epoch 3897 | loss 2.3527 | lr 2.50e-06 | 1.5s
epoch 3898 | loss 2.3466 | lr 2.45e-06 | 1.5s
epoch 3899 | loss 2.3712 | lr 2.40e-06 | 1.5s
epoch 3900 | loss 2.3658 | lr 2.36e-06 | 1.5s
epoch 3901 | loss 2.3514 | lr 2.31e-06 | 1.5s
epoch 3902 | loss 2.3569 | lr 2.26e-06 | 1.5s
epoch 3903 | loss 2.3577 | lr 2.22e-06 | 1.5s
epoch 3904 | loss 2.3495 | lr 2.17e-06 | 1.5s
epoch 3905 | loss 2.3465 | lr 2.12e-06 | 1.5s
epoch 3906 | loss 2.3483 | lr 2.08e-06 | 1.5s
epoch 3907 | loss 2.3397 | lr 2.04e-06 | 1.5s
epoch 3908 | loss 2.3567 | lr 1.99e-06 | 1.5s
epoch 3909 | loss 2.3503 | lr 1.95e-06 | 1.5s
epoch 3910 | loss 2.3638 | lr 1.90e-06 | 1.5s
epoch 3911 | loss 2.3452 | lr 1.86e-06 | 1.5s
epoch 3912 | loss 2.3578 | lr 1.82e-06 | 1.5s
epoch 3913 | loss 2.3444 | lr 1.78e-06 | 1.5s
epoch 3914 | loss 2.3618 | lr 1.74e-06 | 1.5s
epoch 3915 | loss 2.3633 | lr 1.70e-06 | 1.5s
epoch 3916 | loss 2.3551 | lr 1.66e-06 | 1.5s
epoch 3917 | loss 2.3597 | lr 1.62e-06 | 1.5s
epoch 3918 | loss 2.3506 | lr 1.58e-06 | 1.5s
epoch 3919 | loss 2.3609 | lr 1.54e-06 | 1.5s
epoch 3920 | loss 2.3752 | lr 1.50e-06 | 1.5s
epoch 3921 | loss 2.3476 | lr 1.46e-06 | 1.5s
epoch 3922 | loss 2.3737 | lr 1.43e-06 | 1.5s
epoch 3923 | loss 2.3571 | lr 1.39e-06 | 1.5s
epoch 3924 | loss 2.3671 | lr 1.35e-06 | 1.5s
epoch 3925 | loss 2.3602 | lr 1.32e-06 | 1.5s
epoch 3926 | loss 2.3598 | lr 1.28e-06 | 1.5s
epoch 3927 | loss 2.3632 | lr 1.25e-06 | 1.5s
epoch 3928 | loss 2.3443 | lr 1.21e-06 | 1.5s
epoch 3929 | loss 2.3575 | lr 1.18e-06 | 1.5s
epoch 3930 | loss 2.3412 | lr 1.15e-06 | 1.5s
epoch 3931 | loss 2.3621 | lr 1.11e-06 | 1.5s
epoch 3932 | loss 2.3545 | lr 1.08e-06 | 1.5s
epoch 3933 | loss 2.3553 | lr 1.05e-06 | 1.5s
epoch 3934 | loss 2.3720 | lr 1.02e-06 | 1.5s
epoch 3935 | loss 2.3662 | lr 9.85e-07 | 1.5s
epoch 3936 | loss 2.3499 | lr 9.55e-07 | 1.5s
epoch 3937 | loss 2.3479 | lr 9.25e-07 | 1.5s
epoch 3938 | loss 2.3558 | lr 8.95e-07 | 1.5s
epoch 3939 | loss 2.3460 | lr 8.66e-07 | 1.5s
epoch 3940 | loss 2.3417 | lr 8.37e-07 | 1.5s
epoch 3941 | loss 2.3566 | lr 8.09e-07 | 1.5s
epoch 3942 | loss 2.3667 | lr 7.81e-07 | 1.5s
epoch 3943 | loss 2.3531 | lr 7.54e-07 | 1.5s
epoch 3944 | loss 2.3545 | lr 7.28e-07 | 1.5s
epoch 3945 | loss 2.3754 | lr 7.01e-07 | 1.5s
epoch 3946 | loss 2.3480 | lr 6.76e-07 | 1.5s
epoch 3947 | loss 2.3578 | lr 6.50e-07 | 1.5s
epoch 3948 | loss 2.3607 | lr 6.26e-07 | 1.5s
epoch 3949 | loss 2.3499 | lr 6.01e-07 | 1.5s
epoch 3950 | loss 2.3504 | lr 5.78e-07 | 1.5s
epoch 3951 | loss 2.3608 | lr 5.54e-07 | 1.5s
epoch 3952 | loss 2.3626 | lr 5.31e-07 | 1.5s
epoch 3953 | loss 2.3590 | lr 5.09e-07 | 1.5s
epoch 3954 | loss 2.3455 | lr 4.87e-07 | 1.5s
epoch 3955 | loss 2.3689 | lr 4.66e-07 | 1.5s
epoch 3956 | loss 2.3551 | lr 4.45e-07 | 1.5s
epoch 3957 | loss 2.3514 | lr 4.24e-07 | 1.5s
epoch 3958 | loss 2.3470 | lr 4.04e-07 | 1.5s
epoch 3959 | loss 2.3354 | lr 3.85e-07 | 1.5s
epoch 3960 | loss 2.3729 | lr 3.66e-07 | 1.5s
epoch 3961 | loss 2.3477 | lr 3.47e-07 | 1.5s
epoch 3962 | loss 2.3471 | lr 3.29e-07 | 1.5s
epoch 3963 | loss 2.3597 | lr 3.12e-07 | 1.5s
epoch 3964 | loss 2.3674 | lr 2.95e-07 | 1.5s
epoch 3965 | loss 2.3517 | lr 2.78e-07 | 1.5s
epoch 3966 | loss 2.3465 | lr 2.62e-07 | 1.5s
epoch 3967 | loss 2.3385 | lr 2.46e-07 | 1.5s
epoch 3968 | loss 2.3801 | lr 2.31e-07 | 1.5s
epoch 3969 | loss 2.3607 | lr 2.17e-07 | 1.5s
epoch 3970 | loss 2.3578 | lr 2.02e-07 | 1.5s
epoch 3971 | loss 2.3668 | lr 1.89e-07 | 1.5s
epoch 3972 | loss 2.3558 | lr 1.75e-07 | 1.5s
epoch 3973 | loss 2.3660 | lr 1.63e-07 | 1.5s
epoch 3974 | loss 2.3772 | lr 1.50e-07 | 1.5s
epoch 3975 | loss 2.3568 | lr 1.39e-07 | 1.5s
epoch 3976 | loss 2.3490 | lr 1.27e-07 | 1.5s
epoch 3977 | loss 2.3424 | lr 1.16e-07 | 1.5s
epoch 3978 | loss 2.3656 | lr 1.06e-07 | 1.5s
epoch 3979 | loss 2.3598 | lr 9.62e-08 | 1.5s
epoch 3980 | loss 2.3624 | lr 8.68e-08 | 1.5s
epoch 3981 | loss 2.3478 | lr 7.79e-08 | 1.5s
epoch 3982 | loss 2.3448 | lr 6.95e-08 | 1.5s
epoch 3983 | loss 2.3656 | lr 6.16e-08 | 1.5s
epoch 3984 | loss 2.3522 | lr 5.41e-08 | 1.5s
epoch 3985 | loss 2.3548 | lr 4.72e-08 | 1.5s
epoch 3986 | loss 2.3647 | lr 4.07e-08 | 1.5s
epoch 3987 | loss 2.3453 | lr 3.46e-08 | 1.5s
epoch 3988 | loss 2.3553 | lr 2.91e-08 | 1.5s
epoch 3989 | loss 2.3590 | lr 2.41e-08 | 1.5s
epoch 3990 | loss 2.3495 | lr 1.95e-08 | 1.5s
epoch 3991 | loss 2.3496 | lr 1.54e-08 | 1.5s
epoch 3992 | loss 2.3700 | lr 1.18e-08 | 1.5s
epoch 3993 | loss 2.3616 | lr 8.66e-09 | 1.5s
epoch 3994 | loss 2.3583 | lr 6.01e-09 | 1.5s
epoch 3995 | loss 2.3465 | lr 3.85e-09 | 1.5s
epoch 3996 | loss 2.3595 | lr 2.17e-09 | 1.5s
epoch 3997 | loss 2.3382 | lr 9.62e-10 | 1.5s
epoch 3998 | loss 2.3621 | lr 2.41e-10 | 1.5s
epoch 3999 | loss 2.3592 | lr 0.00e+00 | 1.5s
final loss: 2.3592
