model params: 1,251,377
device: cuda
training: {'n_epochs': 4000, 'samples_per_epoch': 1000000, 'batch_size': 10000, 'k_max': 26, 'lr': 0.00156, 'weight_decay': 0.0, 'checkpoint_every_epochs': 250, 'n_back': 1, 'loss': 'mse', 'amp': True, 'compile_model': True, 'fused_optimizer': True, 'device': 'cuda', 'seed': 8}
epoch    0 | loss 47.5848 | lr 1.56e-03 | 4.1s
epoch    1 | loss 27.5107 | lr 1.56e-03 | 0.6s
epoch    2 | loss 20.9534 | lr 1.56e-03 | 0.6s
epoch    3 | loss 19.1147 | lr 1.56e-03 | 0.6s
epoch    4 | loss 18.4668 | lr 1.56e-03 | 0.6s
epoch    5 | loss 18.0463 | lr 1.56e-03 | 0.6s
epoch    6 | loss 17.7508 | lr 1.56e-03 | 0.6s
epoch    7 | loss 17.1768 | lr 1.56e-03 | 0.6s
epoch    8 | loss 16.6968 | lr 1.56e-03 | 0.6s
epoch    9 | loss 16.1392 | lr 1.56e-03 | 0.6s
epoch   10 | loss 15.6809 | lr 1.56e-03 | 0.6s
epoch   11 | loss 15.2438 | lr 1.56e-03 | 0.6s
epoch   12 | loss 15.0803 | lr 1.56e-03 | 0.6s
epoch   13 | loss 14.7940 | lr 1.56e-03 | 0.6s
epoch   14 | loss 14.5597 | lr 1.56e-03 | 0.6s
epoch   15 | loss 14.4090 | lr 1.56e-03 | 0.6s
epoch   16 | loss 14.3002 | lr 1.56e-03 | 0.6s
epoch   17 | loss 14.1676 | lr 1.56e-03 | 0.6s
epoch   18 | loss 13.9576 | lr 1.56e-03 | 0.6s
epoch   19 | loss 13.8822 | lr 1.56e-03 | 0.6s
epoch   20 | loss 13.8342 | lr 1.56e-03 | 0.6s
epoch   21 | loss 13.7686 | lr 1.56e-03 | 0.6s
epoch   22 | loss 13.6138 | lr 1.56e-03 | 0.6s
epoch   23 | loss 13.5970 | lr 1.56e-03 | 0.6s
epoch   24 | loss 13.5436 | lr 1.56e-03 | 0.6s
epoch   25 | loss 13.4584 | lr 1.56e-03 | 0.6s
epoch   26 | loss 13.2842 | lr 1.56e-03 | 0.6s
epoch   27 | loss 13.3364 | lr 1.56e-03 | 0.6s
epoch   28 | loss 13.2231 | lr 1.56e-03 | 0.6s
epoch   29 | loss 13.1290 | lr 1.56e-03 | 0.6s
epoch   30 | loss 13.0748 | lr 1.56e-03 | 0.6s
epoch   31 | loss 13.1116 | lr 1.56e-03 | 0.6s
epoch   32 | loss 12.9910 | lr 1.56e-03 | 0.6s
epoch   33 | loss 12.8868 | lr 1.56e-03 | 0.6s
epoch   34 | loss 12.8774 | lr 1.56e-03 | 0.6s
epoch   35 | loss 12.8679 | lr 1.56e-03 | 0.6s
epoch   36 | loss 12.8258 | lr 1.56e-03 | 0.6s
epoch   37 | loss 12.6954 | lr 1.56e-03 | 0.6s
epoch   38 | loss 12.7563 | lr 1.56e-03 | 0.6s
epoch   39 | loss 12.7087 | lr 1.56e-03 | 0.6s
epoch   40 | loss 12.5827 | lr 1.56e-03 | 0.6s
epoch   41 | loss 12.6404 | lr 1.56e-03 | 0.6s
epoch   42 | loss 12.4855 | lr 1.56e-03 | 0.6s
epoch   43 | loss 12.5972 | lr 1.56e-03 | 0.6s
epoch   44 | loss 12.5204 | lr 1.56e-03 | 0.6s
epoch   45 | loss 12.4825 | lr 1.56e-03 | 0.6s
epoch   46 | loss 12.3507 | lr 1.56e-03 | 0.6s
epoch   47 | loss 12.3735 | lr 1.56e-03 | 0.6s
epoch   48 | loss 12.2900 | lr 1.56e-03 | 0.6s
epoch   49 | loss 12.2625 | lr 1.56e-03 | 0.6s
epoch   50 | loss 12.3177 | lr 1.56e-03 | 0.6s
epoch   51 | loss 12.1783 | lr 1.56e-03 | 0.6s
epoch   52 | loss 12.1842 | lr 1.56e-03 | 0.6s
epoch   53 | loss 12.1936 | lr 1.56e-03 | 0.6s
epoch   54 | loss 12.1830 | lr 1.56e-03 | 0.6s
epoch   55 | loss 12.1294 | lr 1.56e-03 | 0.5s
epoch   56 | loss 12.0748 | lr 1.56e-03 | 0.5s
epoch   57 | loss 12.2055 | lr 1.56e-03 | 0.5s
epoch   58 | loss 12.0862 | lr 1.56e-03 | 0.5s
epoch   59 | loss 12.0561 | lr 1.56e-03 | 0.5s
epoch   60 | loss 12.0683 | lr 1.56e-03 | 0.5s
epoch   61 | loss 11.9691 | lr 1.56e-03 | 0.5s
epoch   62 | loss 11.9756 | lr 1.56e-03 | 0.5s
epoch   63 | loss 11.9391 | lr 1.56e-03 | 0.5s
epoch   64 | loss 11.9041 | lr 1.56e-03 | 0.5s
epoch   65 | loss 11.8991 | lr 1.56e-03 | 0.5s
epoch   66 | loss 11.8527 | lr 1.56e-03 | 0.5s
epoch   67 | loss 11.7915 | lr 1.56e-03 | 0.5s
epoch   68 | loss 11.8451 | lr 1.56e-03 | 0.5s
epoch   69 | loss 11.7462 | lr 1.56e-03 | 0.5s
epoch   70 | loss 11.7412 | lr 1.56e-03 | 0.5s
epoch   71 | loss 11.7041 | lr 1.56e-03 | 0.5s
epoch   72 | loss 11.6957 | lr 1.56e-03 | 0.5s
epoch   73 | loss 11.6714 | lr 1.56e-03 | 0.5s
epoch   74 | loss 11.6343 | lr 1.56e-03 | 0.5s
epoch   75 | loss 11.6097 | lr 1.56e-03 | 0.5s
epoch   76 | loss 11.5732 | lr 1.56e-03 | 0.5s
epoch   77 | loss 11.5424 | lr 1.56e-03 | 0.5s
epoch   78 | loss 11.5067 | lr 1.56e-03 | 0.5s
epoch   79 | loss 11.4833 | lr 1.56e-03 | 0.5s
epoch   80 | loss 11.4691 | lr 1.56e-03 | 0.5s
epoch   81 | loss 11.4191 | lr 1.56e-03 | 0.5s
epoch   82 | loss 11.3490 | lr 1.56e-03 | 0.5s
epoch   83 | loss 11.3438 | lr 1.56e-03 | 0.5s
epoch   84 | loss 11.3937 | lr 1.56e-03 | 0.5s
epoch   85 | loss 11.3681 | lr 1.56e-03 | 0.5s
epoch   86 | loss 11.3032 | lr 1.56e-03 | 0.5s
epoch   87 | loss 11.3472 | lr 1.56e-03 | 0.5s
epoch   88 | loss 11.2598 | lr 1.56e-03 | 0.5s
epoch   89 | loss 11.3083 | lr 1.56e-03 | 0.5s
epoch   90 | loss 11.2176 | lr 1.56e-03 | 0.5s
epoch   91 | loss 11.2127 | lr 1.56e-03 | 0.5s
epoch   92 | loss 11.1951 | lr 1.56e-03 | 0.5s
epoch   93 | loss 11.1541 | lr 1.56e-03 | 0.5s
epoch   94 | loss 11.1583 | lr 1.56e-03 | 0.5s
epoch   95 | loss 11.1005 | lr 1.56e-03 | 0.5s
epoch   96 | loss 11.1823 | lr 1.56e-03 | 0.5s
epoch   97 | loss 11.0449 | lr 1.56e-03 | 0.5s
epoch   98 | loss 11.0674 | lr 1.56e-03 | 0.5s
epoch   99 | loss 11.0426 | lr 1.56e-03 | 0.5s
epoch  100 | loss 11.0319 | lr 1.56e-03 | 0.5s
epoch  101 | loss 11.0569 | lr 1.56e-03 | 0.6s
epoch  102 | loss 11.0457 | lr 1.56e-03 | 0.6s
epoch  103 | loss 11.0105 | lr 1.56e-03 | 0.6s
epoch  104 | loss 10.9251 | lr 1.56e-03 | 0.6s
epoch  105 | loss 10.9504 | lr 1.56e-03 | 0.6s
epoch  106 | loss 10.9437 | lr 1.56e-03 | 0.6s
epoch  107 | loss 10.9546 | lr 1.56e-03 | 0.6s
epoch  108 | loss 10.9122 | lr 1.56e-03 | 0.6s
epoch  109 | loss 10.8716 | lr 1.56e-03 | 0.6s
epoch  110 | loss 10.9232 | lr 1.56e-03 | 0.6s
epoch  111 | loss 10.8606 | lr 1.56e-03 | 0.6s
epoch  112 | loss 10.8437 | lr 1.56e-03 | 0.6s
epoch  113 | loss 10.8295 | lr 1.56e-03 | 0.6s
epoch  114 | loss 10.8363 | lr 1.56e-03 | 0.6s
epoch  115 | loss 10.7791 | lr 1.56e-03 | 0.6s
epoch  116 | loss 10.7405 | lr 1.56e-03 | 0.6s
epoch  117 | loss 10.7639 | lr 1.56e-03 | 0.6s
epoch  118 | loss 10.7453 | lr 1.56e-03 | 0.6s
epoch  119 | loss 10.7711 | lr 1.56e-03 | 0.6s
epoch  120 | loss 10.7329 | lr 1.56e-03 | 0.6s
epoch  121 | loss 10.7206 | lr 1.56e-03 | 0.6s
epoch  122 | loss 10.6866 | lr 1.56e-03 | 0.6s
epoch  123 | loss 10.7719 | lr 1.56e-03 | 0.6s
epoch  124 | loss 10.7070 | lr 1.56e-03 | 0.6s
epoch  125 | loss 10.6454 | lr 1.56e-03 | 0.6s
epoch  126 | loss 10.6638 | lr 1.56e-03 | 0.6s
epoch  127 | loss 10.6299 | lr 1.56e-03 | 0.6s
epoch  128 | loss 10.6541 | lr 1.56e-03 | 0.6s
epoch  129 | loss 10.6840 | lr 1.56e-03 | 0.6s
epoch  130 | loss 10.6227 | lr 1.56e-03 | 0.6s
epoch  131 | loss 10.6334 | lr 1.56e-03 | 0.6s
epoch  132 | loss 10.6106 | lr 1.56e-03 | 0.6s
epoch  133 | loss 10.6425 | lr 1.56e-03 | 0.6s
epoch  134 | loss 10.6058 | lr 1.56e-03 | 0.6s
epoch  135 | loss 10.5668 | lr 1.56e-03 | 0.6s
epoch  136 | loss 10.7400 | lr 1.56e-03 | 0.6s
epoch  137 | loss 10.5797 | lr 1.56e-03 | 0.6s
epoch  138 | loss 10.5014 | lr 1.56e-03 | 0.6s
epoch  139 | loss 10.5447 | lr 1.56e-03 | 0.6s
epoch  140 | loss 10.5493 | lr 1.56e-03 | 0.6s
epoch  141 | loss 10.5779 | lr 1.56e-03 | 0.6s
epoch  142 | loss 10.5340 | lr 1.56e-03 | 0.6s
epoch  143 | loss 10.4969 | lr 1.56e-03 | 0.6s
epoch  144 | loss 10.5096 | lr 1.55e-03 | 0.6s
epoch  145 | loss 10.4791 | lr 1.55e-03 | 0.6s
epoch  146 | loss 10.4354 | lr 1.55e-03 | 0.6s
epoch  147 | loss 10.4977 | lr 1.55e-03 | 0.6s
epoch  148 | loss 10.4115 | lr 1.55e-03 | 0.6s
epoch  149 | loss 10.4242 | lr 1.55e-03 | 0.6s
epoch  150 | loss 10.4495 | lr 1.55e-03 | 0.6s
epoch  151 | loss 10.4295 | lr 1.55e-03 | 0.6s
epoch  152 | loss 10.4294 | lr 1.55e-03 | 0.6s
epoch  153 | loss 10.3891 | lr 1.55e-03 | 0.6s
epoch  154 | loss 10.3964 | lr 1.55e-03 | 0.6s
epoch  155 | loss 10.4244 | lr 1.55e-03 | 0.6s
epoch  156 | loss 10.4516 | lr 1.55e-03 | 0.6s
epoch  157 | loss 10.4490 | lr 1.55e-03 | 0.6s
epoch  158 | loss 10.4437 | lr 1.55e-03 | 0.6s
epoch  159 | loss 10.3941 | lr 1.55e-03 | 0.6s
epoch  160 | loss 10.3856 | lr 1.55e-03 | 0.6s
epoch  161 | loss 10.3588 | lr 1.55e-03 | 0.6s
epoch  162 | loss 10.3371 | lr 1.55e-03 | 0.6s
epoch  163 | loss 10.2928 | lr 1.55e-03 | 0.6s
epoch  164 | loss 10.3152 | lr 1.55e-03 | 0.6s
epoch  165 | loss 10.3652 | lr 1.55e-03 | 0.6s
epoch  166 | loss 10.3528 | lr 1.55e-03 | 0.6s
epoch  167 | loss 10.2828 | lr 1.55e-03 | 0.6s
epoch  168 | loss 10.3839 | lr 1.55e-03 | 0.6s
epoch  169 | loss 10.3539 | lr 1.55e-03 | 0.6s
epoch  170 | loss 10.2606 | lr 1.55e-03 | 0.6s
epoch  171 | loss 10.2983 | lr 1.55e-03 | 0.6s
epoch  172 | loss 10.2917 | lr 1.55e-03 | 0.6s
epoch  173 | loss 10.2705 | lr 1.55e-03 | 0.6s
epoch  174 | loss 10.2184 | lr 1.55e-03 | 0.6s
epoch  175 | loss 10.3095 | lr 1.55e-03 | 0.6s
epoch  176 | loss 10.2885 | lr 1.55e-03 | 0.6s
epoch  177 | loss 10.2746 | lr 1.55e-03 | 0.6s
epoch  178 | loss 10.2776 | lr 1.55e-03 | 0.6s
epoch  179 | loss 10.2279 | lr 1.55e-03 | 0.6s
epoch  180 | loss 10.1931 | lr 1.55e-03 | 0.6s
epoch  181 | loss 10.2716 | lr 1.55e-03 | 0.6s
epoch  182 | loss 10.1921 | lr 1.55e-03 | 0.6s
epoch  183 | loss 10.2326 | lr 1.55e-03 | 0.6s
epoch  184 | loss 10.1626 | lr 1.55e-03 | 0.6s
epoch  185 | loss 10.2353 | lr 1.55e-03 | 0.6s
epoch  186 | loss 10.1943 | lr 1.55e-03 | 0.6s
epoch  187 | loss 10.2303 | lr 1.55e-03 | 0.6s
epoch  188 | loss 10.1959 | lr 1.55e-03 | 0.6s
epoch  189 | loss 10.1595 | lr 1.55e-03 | 0.6s
epoch  190 | loss 10.1324 | lr 1.55e-03 | 0.6s
epoch  191 | loss 10.1411 | lr 1.55e-03 | 0.6s
epoch  192 | loss 10.2166 | lr 1.55e-03 | 0.6s
epoch  193 | loss 10.1561 | lr 1.55e-03 | 0.6s
epoch  194 | loss 10.1861 | lr 1.55e-03 | 0.6s
epoch  195 | loss 10.1133 | lr 1.55e-03 | 0.6s
epoch  196 | loss 10.1790 | lr 1.55e-03 | 0.6s
epoch  197 | loss 10.2372 | lr 1.55e-03 | 0.6s
epoch  198 | loss 10.2082 | lr 1.55e-03 | 0.6s
epoch  199 | loss 10.2152 | lr 1.55e-03 | 0.6s
epoch  200 | loss 10.1595 | lr 1.55e-03 | 0.6s
epoch  201 | loss 10.1376 | lr 1.55e-03 | 0.6s
epoch  202 | loss 10.1134 | lr 1.55e-03 | 0.6s
epoch  203 | loss 10.1670 | lr 1.55e-03 | 0.6s
epoch  204 | loss 10.1849 | lr 1.55e-03 | 0.6s
epoch  205 | loss 10.1412 | lr 1.55e-03 | 0.6s
epoch  206 | loss 10.0916 | lr 1.55e-03 | 0.6s
epoch  207 | loss 10.0954 | lr 1.55e-03 | 0.6s
epoch  208 | loss 10.0992 | lr 1.55e-03 | 0.6s
epoch  209 | loss 10.1499 | lr 1.55e-03 | 0.6s
epoch  210 | loss 10.1495 | lr 1.55e-03 | 0.6s
epoch  211 | loss 10.0868 | lr 1.55e-03 | 0.6s
epoch  212 | loss 10.0987 | lr 1.55e-03 | 0.6s
epoch  213 | loss 10.0410 | lr 1.55e-03 | 0.6s
epoch  214 | loss 10.0363 | lr 1.55e-03 | 0.6s
epoch  215 | loss 10.0923 | lr 1.55e-03 | 0.6s
epoch  216 | loss 10.0899 | lr 1.55e-03 | 0.6s
epoch  217 | loss 10.0915 | lr 1.55e-03 | 0.6s
epoch  218 | loss 10.0709 | lr 1.55e-03 | 0.6s
epoch  219 | loss 10.0761 | lr 1.55e-03 | 0.6s
epoch  220 | loss 10.0762 | lr 1.55e-03 | 0.6s
epoch  221 | loss 10.0329 | lr 1.55e-03 | 0.6s
epoch  222 | loss 10.0227 | lr 1.55e-03 | 0.6s
epoch  223 | loss 10.0568 | lr 1.55e-03 | 0.6s
epoch  224 | loss 10.0159 | lr 1.55e-03 | 0.6s
epoch  225 | loss 10.0651 | lr 1.55e-03 | 0.6s
epoch  226 | loss 10.0435 | lr 1.55e-03 | 0.6s
epoch  227 | loss 10.0448 | lr 1.55e-03 | 0.6s
epoch  228 | loss 10.0478 | lr 1.55e-03 | 0.6s
epoch  229 | loss 10.0617 | lr 1.55e-03 | 0.6s
epoch  230 | loss 10.0666 | lr 1.55e-03 | 0.6s
epoch  231 | loss 9.9894 | lr 1.55e-03 | 0.6s
epoch  232 | loss 10.0345 | lr 1.55e-03 | 0.6s
epoch  233 | loss 9.9983 | lr 1.55e-03 | 0.6s
epoch  234 | loss 10.0250 | lr 1.55e-03 | 0.6s
epoch  235 | loss 10.0313 | lr 1.55e-03 | 0.6s
epoch  236 | loss 10.0175 | lr 1.55e-03 | 0.6s
epoch  237 | loss 10.0114 | lr 1.55e-03 | 0.6s
epoch  238 | loss 9.9699 | lr 1.55e-03 | 0.6s
epoch  239 | loss 10.0089 | lr 1.55e-03 | 0.6s
epoch  240 | loss 10.0085 | lr 1.55e-03 | 0.6s
epoch  241 | loss 10.0229 | lr 1.55e-03 | 0.6s
epoch  242 | loss 9.9592 | lr 1.55e-03 | 0.6s
epoch  243 | loss 9.8947 | lr 1.55e-03 | 0.6s
epoch  244 | loss 9.9556 | lr 1.55e-03 | 0.6s
epoch  245 | loss 9.9870 | lr 1.55e-03 | 0.6s
epoch  246 | loss 9.9761 | lr 1.55e-03 | 0.6s
epoch  247 | loss 10.0002 | lr 1.55e-03 | 0.6s
epoch  248 | loss 10.0196 | lr 1.55e-03 | 0.6s
epoch  249 | loss 9.9421 | lr 1.55e-03 | 0.6s
epoch  250 | loss 9.8880 | lr 1.54e-03 | 0.6s
epoch  251 | loss 10.0137 | lr 1.54e-03 | 0.6s
epoch  252 | loss 9.9516 | lr 1.54e-03 | 0.6s
epoch  253 | loss 9.9355 | lr 1.54e-03 | 0.6s
epoch  254 | loss 9.9561 | lr 1.54e-03 | 0.6s
epoch  255 | loss 9.9615 | lr 1.54e-03 | 0.6s
epoch  256 | loss 9.9662 | lr 1.54e-03 | 0.6s
epoch  257 | loss 9.9616 | lr 1.54e-03 | 0.6s
epoch  258 | loss 9.9290 | lr 1.54e-03 | 0.6s
epoch  259 | loss 9.9171 | lr 1.54e-03 | 0.6s
epoch  260 | loss 9.8909 | lr 1.54e-03 | 0.6s
epoch  261 | loss 9.9274 | lr 1.54e-03 | 0.6s
epoch  262 | loss 9.9292 | lr 1.54e-03 | 0.6s
epoch  263 | loss 9.9210 | lr 1.54e-03 | 0.6s
epoch  264 | loss 9.9114 | lr 1.54e-03 | 0.6s
epoch  265 | loss 9.9049 | lr 1.54e-03 | 0.6s
epoch  266 | loss 9.9015 | lr 1.54e-03 | 0.6s
epoch  267 | loss 9.8819 | lr 1.54e-03 | 0.5s
epoch  268 | loss 9.9337 | lr 1.54e-03 | 0.5s
epoch  269 | loss 9.8824 | lr 1.54e-03 | 0.5s
epoch  270 | loss 9.9216 | lr 1.54e-03 | 0.5s
epoch  271 | loss 9.9476 | lr 1.54e-03 | 0.5s
epoch  272 | loss 9.9195 | lr 1.54e-03 | 0.5s
epoch  273 | loss 9.8812 | lr 1.54e-03 | 0.5s
epoch  274 | loss 9.9041 | lr 1.54e-03 | 0.5s
epoch  275 | loss 9.8953 | lr 1.54e-03 | 0.5s
epoch  276 | loss 9.8781 | lr 1.54e-03 | 0.5s
epoch  277 | loss 9.8990 | lr 1.54e-03 | 0.5s
epoch  278 | loss 9.8647 | lr 1.54e-03 | 0.5s
epoch  279 | loss 9.9297 | lr 1.54e-03 | 0.5s
epoch  280 | loss 9.8962 | lr 1.54e-03 | 0.5s
epoch  281 | loss 9.8958 | lr 1.54e-03 | 0.5s
epoch  282 | loss 9.8270 | lr 1.54e-03 | 0.5s
epoch  283 | loss 9.8759 | lr 1.54e-03 | 0.5s
epoch  284 | loss 9.8520 | lr 1.54e-03 | 0.5s
epoch  285 | loss 9.8540 | lr 1.54e-03 | 0.5s
epoch  286 | loss 9.9056 | lr 1.54e-03 | 0.6s
epoch  287 | loss 9.8715 | lr 1.54e-03 | 0.6s
epoch  288 | loss 9.9233 | lr 1.54e-03 | 0.6s
epoch  289 | loss 9.8577 | lr 1.54e-03 | 0.6s
epoch  290 | loss 9.8722 | lr 1.54e-03 | 0.6s
epoch  291 | loss 9.8409 | lr 1.54e-03 | 0.6s
epoch  292 | loss 9.8812 | lr 1.54e-03 | 0.6s
epoch  293 | loss 9.8425 | lr 1.54e-03 | 0.6s
epoch  294 | loss 9.8877 | lr 1.54e-03 | 0.6s
epoch  295 | loss 9.8535 | lr 1.54e-03 | 0.6s
epoch  296 | loss 9.8786 | lr 1.54e-03 | 0.6s
epoch  297 | loss 9.8335 | lr 1.54e-03 | 0.6s
epoch  298 | loss 9.8743 | lr 1.54e-03 | 0.6s
epoch  299 | loss 9.8154 | lr 1.54e-03 | 0.6s
epoch  300 | loss 9.7933 | lr 1.54e-03 | 0.6s
epoch  301 | loss 9.8107 | lr 1.54e-03 | 0.6s
epoch  302 | loss 9.7754 | lr 1.54e-03 | 0.6s
epoch  303 | loss 9.8149 | lr 1.54e-03 | 0.6s
epoch  304 | loss 9.8252 | lr 1.54e-03 | 0.6s
epoch  305 | loss 9.8378 | lr 1.54e-03 | 0.6s
epoch  306 | loss 9.8544 | lr 1.54e-03 | 0.6s
epoch  307 | loss 9.8809 | lr 1.54e-03 | 0.6s
epoch  308 | loss 9.7981 | lr 1.54e-03 | 0.6s
epoch  309 | loss 9.8104 | lr 1.54e-03 | 0.6s
epoch  310 | loss 9.8094 | lr 1.54e-03 | 0.6s
epoch  311 | loss 9.8194 | lr 1.54e-03 | 0.6s
epoch  312 | loss 9.8360 | lr 1.54e-03 | 0.6s
epoch  313 | loss 9.7989 | lr 1.54e-03 | 0.6s
epoch  314 | loss 9.8030 | lr 1.54e-03 | 0.6s
epoch  315 | loss 9.8250 | lr 1.54e-03 | 0.6s
epoch  316 | loss 9.7925 | lr 1.54e-03 | 0.6s
epoch  317 | loss 9.8528 | lr 1.54e-03 | 0.6s
epoch  318 | loss 9.7944 | lr 1.54e-03 | 0.6s
epoch  319 | loss 9.7806 | lr 1.54e-03 | 0.6s
epoch  320 | loss 9.7832 | lr 1.54e-03 | 0.6s
epoch  321 | loss 9.7503 | lr 1.54e-03 | 0.6s
epoch  322 | loss 9.7507 | lr 1.54e-03 | 0.6s
epoch  323 | loss 9.8028 | lr 1.53e-03 | 0.6s
epoch  324 | loss 9.7970 | lr 1.53e-03 | 0.6s
epoch  325 | loss 9.7874 | lr 1.53e-03 | 0.6s
epoch  326 | loss 9.8123 | lr 1.53e-03 | 0.6s
epoch  327 | loss 9.8022 | lr 1.53e-03 | 0.6s
epoch  328 | loss 9.7605 | lr 1.53e-03 | 0.6s
epoch  329 | loss 9.7623 | lr 1.53e-03 | 0.6s
epoch  330 | loss 9.8067 | lr 1.53e-03 | 0.6s
epoch  331 | loss 9.8207 | lr 1.53e-03 | 0.6s
epoch  332 | loss 9.7614 | lr 1.53e-03 | 0.6s
epoch  333 | loss 9.7660 | lr 1.53e-03 | 0.6s
epoch  334 | loss 9.7950 | lr 1.53e-03 | 0.6s
epoch  335 | loss 9.7866 | lr 1.53e-03 | 0.6s
epoch  336 | loss 9.7375 | lr 1.53e-03 | 0.6s
epoch  337 | loss 9.8071 | lr 1.53e-03 | 0.6s
epoch  338 | loss 9.7494 | lr 1.53e-03 | 0.6s
epoch  339 | loss 9.8308 | lr 1.53e-03 | 0.6s
epoch  340 | loss 9.7239 | lr 1.53e-03 | 0.6s
epoch  341 | loss 9.7796 | lr 1.53e-03 | 0.6s
epoch  342 | loss 9.7244 | lr 1.53e-03 | 0.6s
epoch  343 | loss 9.7954 | lr 1.53e-03 | 0.6s
epoch  344 | loss 9.8053 | lr 1.53e-03 | 0.6s
epoch  345 | loss 9.8270 | lr 1.53e-03 | 0.6s
epoch  346 | loss 9.7300 | lr 1.53e-03 | 0.6s
epoch  347 | loss 9.7221 | lr 1.53e-03 | 0.6s
epoch  348 | loss 9.6976 | lr 1.53e-03 | 0.6s
epoch  349 | loss 9.7908 | lr 1.53e-03 | 0.6s
epoch  350 | loss 9.7288 | lr 1.53e-03 | 0.6s
epoch  351 | loss 9.7939 | lr 1.53e-03 | 0.6s
epoch  352 | loss 9.7460 | lr 1.53e-03 | 0.6s
epoch  353 | loss 9.7637 | lr 1.53e-03 | 0.6s
epoch  354 | loss 9.7495 | lr 1.53e-03 | 0.6s
epoch  355 | loss 9.7185 | lr 1.53e-03 | 0.6s
epoch  356 | loss 9.7663 | lr 1.53e-03 | 0.6s
epoch  357 | loss 9.6510 | lr 1.53e-03 | 0.6s
epoch  358 | loss 9.7373 | lr 1.53e-03 | 0.6s
epoch  359 | loss 9.7336 | lr 1.53e-03 | 0.6s
epoch  360 | loss 9.7136 | lr 1.53e-03 | 0.6s
epoch  361 | loss 9.7143 | lr 1.53e-03 | 0.6s
epoch  362 | loss 9.8183 | lr 1.53e-03 | 0.6s
epoch  363 | loss 9.7464 | lr 1.53e-03 | 0.6s
epoch  364 | loss 9.7380 | lr 1.53e-03 | 0.6s
epoch  365 | loss 9.7388 | lr 1.53e-03 | 0.6s
epoch  366 | loss 9.6953 | lr 1.53e-03 | 0.6s
epoch  367 | loss 9.6771 | lr 1.53e-03 | 0.6s
epoch  368 | loss 9.7490 | lr 1.53e-03 | 0.6s
epoch  369 | loss 9.7069 | lr 1.53e-03 | 0.6s
epoch  370 | loss 9.7077 | lr 1.53e-03 | 0.6s
epoch  371 | loss 9.7158 | lr 1.53e-03 | 0.6s
epoch  372 | loss 9.6735 | lr 1.53e-03 | 0.6s
epoch  373 | loss 9.7012 | lr 1.53e-03 | 0.6s
epoch  374 | loss 9.6948 | lr 1.53e-03 | 0.6s
epoch  375 | loss 9.6792 | lr 1.53e-03 | 0.6s
epoch  376 | loss 9.6690 | lr 1.53e-03 | 0.6s
epoch  377 | loss 9.6907 | lr 1.53e-03 | 0.6s
epoch  378 | loss 9.6852 | lr 1.53e-03 | 0.6s
epoch  379 | loss 9.7120 | lr 1.53e-03 | 0.6s
epoch  380 | loss 9.7476 | lr 1.53e-03 | 0.6s
epoch  381 | loss 9.6483 | lr 1.53e-03 | 0.6s
epoch  382 | loss 9.6867 | lr 1.52e-03 | 0.6s
epoch  383 | loss 9.7193 | lr 1.52e-03 | 0.6s
epoch  384 | loss 9.6682 | lr 1.52e-03 | 0.6s
epoch  385 | loss 9.7103 | lr 1.52e-03 | 0.6s
epoch  386 | loss 9.6813 | lr 1.52e-03 | 0.6s
epoch  387 | loss 9.6817 | lr 1.52e-03 | 0.6s
epoch  388 | loss 9.6473 | lr 1.52e-03 | 0.6s
epoch  389 | loss 9.6915 | lr 1.52e-03 | 0.6s
epoch  390 | loss 9.6691 | lr 1.52e-03 | 0.6s
epoch  391 | loss 9.7022 | lr 1.52e-03 | 0.6s
epoch  392 | loss 9.7126 | lr 1.52e-03 | 0.6s
epoch  393 | loss 9.6552 | lr 1.52e-03 | 0.6s
epoch  394 | loss 9.6779 | lr 1.52e-03 | 0.6s
epoch  395 | loss 9.7075 | lr 1.52e-03 | 0.6s
epoch  396 | loss 9.6500 | lr 1.52e-03 | 0.6s
epoch  397 | loss 9.6626 | lr 1.52e-03 | 0.6s
epoch  398 | loss 9.6337 | lr 1.52e-03 | 0.6s
epoch  399 | loss 9.7354 | lr 1.52e-03 | 0.6s
epoch  400 | loss 9.6221 | lr 1.52e-03 | 0.6s
epoch  401 | loss 9.6670 | lr 1.52e-03 | 0.6s
epoch  402 | loss 9.6507 | lr 1.52e-03 | 0.6s
epoch  403 | loss 9.6431 | lr 1.52e-03 | 0.6s
epoch  404 | loss 9.6483 | lr 1.52e-03 | 0.6s
epoch  405 | loss 9.6494 | lr 1.52e-03 | 0.6s
epoch  406 | loss 9.6622 | lr 1.52e-03 | 0.6s
epoch  407 | loss 9.6816 | lr 1.52e-03 | 0.6s
epoch  408 | loss 9.6485 | lr 1.52e-03 | 0.6s
epoch  409 | loss 9.7181 | lr 1.52e-03 | 0.6s
epoch  410 | loss 9.6422 | lr 1.52e-03 | 0.6s
epoch  411 | loss 9.6643 | lr 1.52e-03 | 0.6s
epoch  412 | loss 9.6329 | lr 1.52e-03 | 0.6s
epoch  413 | loss 9.6669 | lr 1.52e-03 | 0.6s
epoch  414 | loss 9.6804 | lr 1.52e-03 | 0.6s
epoch  415 | loss 9.6981 | lr 1.52e-03 | 0.6s
epoch  416 | loss 9.6424 | lr 1.52e-03 | 0.6s
epoch  417 | loss 9.5999 | lr 1.52e-03 | 0.6s
epoch  418 | loss 9.6540 | lr 1.52e-03 | 0.6s
epoch  419 | loss 9.6332 | lr 1.52e-03 | 0.6s
epoch  420 | loss 9.6921 | lr 1.52e-03 | 0.6s
epoch  421 | loss 9.6382 | lr 1.52e-03 | 0.6s
epoch  422 | loss 9.6637 | lr 1.52e-03 | 0.6s
epoch  423 | loss 9.6181 | lr 1.52e-03 | 0.6s
epoch  424 | loss 9.6443 | lr 1.52e-03 | 0.6s
epoch  425 | loss 9.6367 | lr 1.52e-03 | 0.6s
epoch  426 | loss 9.6487 | lr 1.52e-03 | 0.6s
epoch  427 | loss 9.6033 | lr 1.52e-03 | 0.6s
epoch  428 | loss 9.6088 | lr 1.52e-03 | 0.6s
epoch  429 | loss 9.6301 | lr 1.52e-03 | 0.6s
epoch  430 | loss 9.6347 | lr 1.52e-03 | 0.6s
epoch  431 | loss 9.6480 | lr 1.52e-03 | 0.6s
epoch  432 | loss 9.6188 | lr 1.52e-03 | 0.6s
epoch  433 | loss 9.5537 | lr 1.52e-03 | 0.6s
epoch  434 | loss 9.6273 | lr 1.51e-03 | 0.6s
epoch  435 | loss 9.6267 | lr 1.51e-03 | 0.6s
epoch  436 | loss 9.6010 | lr 1.51e-03 | 0.6s
epoch  437 | loss 9.6231 | lr 1.51e-03 | 0.6s
epoch  438 | loss 9.6076 | lr 1.51e-03 | 0.6s
epoch  439 | loss 9.6024 | lr 1.51e-03 | 0.6s
epoch  440 | loss 9.6150 | lr 1.51e-03 | 0.6s
epoch  441 | loss 9.6388 | lr 1.51e-03 | 0.6s
epoch  442 | loss 9.6065 | lr 1.51e-03 | 0.6s
epoch  443 | loss 9.6321 | lr 1.51e-03 | 0.6s
epoch  444 | loss 9.6357 | lr 1.51e-03 | 0.6s
epoch  445 | loss 9.6148 | lr 1.51e-03 | 0.6s
epoch  446 | loss 9.6010 | lr 1.51e-03 | 0.6s
epoch  447 | loss 9.6432 | lr 1.51e-03 | 0.6s
epoch  448 | loss 9.6027 | lr 1.51e-03 | 0.6s
epoch  449 | loss 9.5767 | lr 1.51e-03 | 0.6s
epoch  450 | loss 9.5567 | lr 1.51e-03 | 0.6s
epoch  451 | loss 9.6049 | lr 1.51e-03 | 0.6s
epoch  452 | loss 9.6079 | lr 1.51e-03 | 0.6s
epoch  453 | loss 9.6241 | lr 1.51e-03 | 0.6s
epoch  454 | loss 9.5570 | lr 1.51e-03 | 0.6s
epoch  455 | loss 9.6439 | lr 1.51e-03 | 0.6s
epoch  456 | loss 9.5762 | lr 1.51e-03 | 0.6s
epoch  457 | loss 9.5784 | lr 1.51e-03 | 0.6s
epoch  458 | loss 9.6330 | lr 1.51e-03 | 0.6s
epoch  459 | loss 9.5830 | lr 1.51e-03 | 0.6s
epoch  460 | loss 9.5855 | lr 1.51e-03 | 0.6s
epoch  461 | loss 9.6568 | lr 1.51e-03 | 0.6s
epoch  462 | loss 9.5823 | lr 1.51e-03 | 0.6s
epoch  463 | loss 9.6139 | lr 1.51e-03 | 0.6s
epoch  464 | loss 9.5759 | lr 1.51e-03 | 0.6s
epoch  465 | loss 9.5944 | lr 1.51e-03 | 0.6s
epoch  466 | loss 9.6149 | lr 1.51e-03 | 0.6s
epoch  467 | loss 9.6320 | lr 1.51e-03 | 0.6s
epoch  468 | loss 9.5458 | lr 1.51e-03 | 0.6s
epoch  469 | loss 9.5662 | lr 1.51e-03 | 0.6s
epoch  470 | loss 9.6284 | lr 1.51e-03 | 0.6s
epoch  471 | loss 9.5866 | lr 1.51e-03 | 0.6s
epoch  472 | loss 9.5995 | lr 1.51e-03 | 0.6s
epoch  473 | loss 9.6263 | lr 1.51e-03 | 0.6s
epoch  474 | loss 9.5795 | lr 1.51e-03 | 0.6s
epoch  475 | loss 9.5763 | lr 1.51e-03 | 0.6s
epoch  476 | loss 9.6010 | lr 1.51e-03 | 0.6s
epoch  477 | loss 9.5378 | lr 1.51e-03 | 0.5s
epoch  478 | loss 9.5777 | lr 1.51e-03 | 0.5s
epoch  479 | loss 9.6111 | lr 1.51e-03 | 0.5s
epoch  480 | loss 9.5619 | lr 1.50e-03 | 0.5s
epoch  481 | loss 9.6005 | lr 1.50e-03 | 0.5s
epoch  482 | loss 9.5749 | lr 1.50e-03 | 0.5s
epoch  483 | loss 9.5939 | lr 1.50e-03 | 0.5s
epoch  484 | loss 9.5817 | lr 1.50e-03 | 0.5s
epoch  485 | loss 9.5592 | lr 1.50e-03 | 0.5s
epoch  486 | loss 9.5759 | lr 1.50e-03 | 0.5s
epoch  487 | loss 9.5886 | lr 1.50e-03 | 0.5s
epoch  488 | loss 9.5661 | lr 1.50e-03 | 0.5s
epoch  489 | loss 9.5467 | lr 1.50e-03 | 0.5s
epoch  490 | loss 9.5763 | lr 1.50e-03 | 0.5s
epoch  491 | loss 9.5422 | lr 1.50e-03 | 0.5s
epoch  492 | loss 9.6369 | lr 1.50e-03 | 0.5s
epoch  493 | loss 9.5514 | lr 1.50e-03 | 0.5s
epoch  494 | loss 9.5984 | lr 1.50e-03 | 0.5s
epoch  495 | loss 9.5293 | lr 1.50e-03 | 0.5s
epoch  496 | loss 9.5585 | lr 1.50e-03 | 0.5s
epoch  497 | loss 9.5423 | lr 1.50e-03 | 0.5s
epoch  498 | loss 9.5313 | lr 1.50e-03 | 0.5s
epoch  499 | loss 9.5277 | lr 1.50e-03 | 0.5s
epoch  500 | loss 9.5228 | lr 1.50e-03 | 0.5s
epoch  501 | loss 9.4709 | lr 1.50e-03 | 0.5s
epoch  502 | loss 9.5883 | lr 1.50e-03 | 0.6s
epoch  503 | loss 9.5766 | lr 1.50e-03 | 0.6s
epoch  504 | loss 9.5386 | lr 1.50e-03 | 0.5s
epoch  505 | loss 9.5366 | lr 1.50e-03 | 0.5s
epoch  506 | loss 9.5741 | lr 1.50e-03 | 0.5s
epoch  507 | loss 9.5863 | lr 1.50e-03 | 0.6s
epoch  508 | loss 9.5440 | lr 1.50e-03 | 0.6s
epoch  509 | loss 9.5793 | lr 1.50e-03 | 0.5s
epoch  510 | loss 9.5383 | lr 1.50e-03 | 0.5s
epoch  511 | loss 9.5833 | lr 1.50e-03 | 0.6s
epoch  512 | loss 9.5179 | lr 1.50e-03 | 0.5s
epoch  513 | loss 9.5059 | lr 1.50e-03 | 0.5s
epoch  514 | loss 9.5860 | lr 1.50e-03 | 0.5s
epoch  515 | loss 9.5475 | lr 1.50e-03 | 0.5s
epoch  516 | loss 9.5570 | lr 1.50e-03 | 0.5s
epoch  517 | loss 9.5786 | lr 1.50e-03 | 0.5s
epoch  518 | loss 9.5258 | lr 1.50e-03 | 0.5s
epoch  519 | loss 9.5407 | lr 1.50e-03 | 0.5s
epoch  520 | loss 9.5418 | lr 1.50e-03 | 0.5s
epoch  521 | loss 9.5379 | lr 1.50e-03 | 0.6s
epoch  522 | loss 9.5097 | lr 1.50e-03 | 0.6s
epoch  523 | loss 9.5557 | lr 1.49e-03 | 0.6s
epoch  524 | loss 9.4994 | lr 1.49e-03 | 0.6s
epoch  525 | loss 9.6085 | lr 1.49e-03 | 0.6s
epoch  526 | loss 9.5650 | lr 1.49e-03 | 0.6s
epoch  527 | loss 9.5008 | lr 1.49e-03 | 0.6s
epoch  528 | loss 9.5837 | lr 1.49e-03 | 0.6s
epoch  529 | loss 9.5133 | lr 1.49e-03 | 0.6s
epoch  530 | loss 9.6195 | lr 1.49e-03 | 0.6s
epoch  531 | loss 9.5248 | lr 1.49e-03 | 0.6s
epoch  532 | loss 9.5761 | lr 1.49e-03 | 0.6s
epoch  533 | loss 9.5500 | lr 1.49e-03 | 0.6s
epoch  534 | loss 9.4881 | lr 1.49e-03 | 0.6s
epoch  535 | loss 9.4986 | lr 1.49e-03 | 0.6s
epoch  536 | loss 9.5148 | lr 1.49e-03 | 0.6s
epoch  537 | loss 9.4893 | lr 1.49e-03 | 0.6s
epoch  538 | loss 9.5157 | lr 1.49e-03 | 0.6s
epoch  539 | loss 9.4509 | lr 1.49e-03 | 0.6s
epoch  540 | loss 9.5731 | lr 1.49e-03 | 0.6s
epoch  541 | loss 9.5115 | lr 1.49e-03 | 0.6s
epoch  542 | loss 9.5249 | lr 1.49e-03 | 0.6s
epoch  543 | loss 9.5168 | lr 1.49e-03 | 0.6s
epoch  544 | loss 9.4746 | lr 1.49e-03 | 0.6s
epoch  545 | loss 9.4663 | lr 1.49e-03 | 0.6s
epoch  546 | loss 9.5179 | lr 1.49e-03 | 0.6s
epoch  547 | loss 9.4980 | lr 1.49e-03 | 0.6s
epoch  548 | loss 9.4977 | lr 1.49e-03 | 0.6s
epoch  549 | loss 9.4524 | lr 1.49e-03 | 0.6s
epoch  550 | loss 9.5536 | lr 1.49e-03 | 0.6s
epoch  551 | loss 9.5124 | lr 1.49e-03 | 0.6s
epoch  552 | loss 9.5249 | lr 1.49e-03 | 0.6s
epoch  553 | loss 9.5000 | lr 1.49e-03 | 0.6s
epoch  554 | loss 9.5662 | lr 1.49e-03 | 0.6s
epoch  555 | loss 9.5691 | lr 1.49e-03 | 0.6s
epoch  556 | loss 9.4673 | lr 1.49e-03 | 0.6s
epoch  557 | loss 9.5583 | lr 1.49e-03 | 0.6s
epoch  558 | loss 9.4736 | lr 1.49e-03 | 0.6s
epoch  559 | loss 9.5523 | lr 1.49e-03 | 0.6s
epoch  560 | loss 9.5160 | lr 1.49e-03 | 0.6s
epoch  561 | loss 9.4512 | lr 1.49e-03 | 0.6s
epoch  562 | loss 9.5202 | lr 1.48e-03 | 0.6s
epoch  563 | loss 9.4858 | lr 1.48e-03 | 0.6s
epoch  564 | loss 9.4523 | lr 1.48e-03 | 0.6s
epoch  565 | loss 9.5336 | lr 1.48e-03 | 0.6s
epoch  566 | loss 9.5502 | lr 1.48e-03 | 0.6s
epoch  567 | loss 9.4633 | lr 1.48e-03 | 0.6s
epoch  568 | loss 9.4932 | lr 1.48e-03 | 0.6s
epoch  569 | loss 9.5214 | lr 1.48e-03 | 0.6s
epoch  570 | loss 9.5120 | lr 1.48e-03 | 0.6s
epoch  571 | loss 9.5092 | lr 1.48e-03 | 0.6s
epoch  572 | loss 9.5335 | lr 1.48e-03 | 0.6s
epoch  573 | loss 9.5022 | lr 1.48e-03 | 0.6s
epoch  574 | loss 9.5231 | lr 1.48e-03 | 0.6s
epoch  575 | loss 9.4847 | lr 1.48e-03 | 0.6s
epoch  576 | loss 9.5073 | lr 1.48e-03 | 0.6s
epoch  577 | loss 9.5153 | lr 1.48e-03 | 0.6s
epoch  578 | loss 9.5475 | lr 1.48e-03 | 0.6s
epoch  579 | loss 9.4771 | lr 1.48e-03 | 0.6s
epoch  580 | loss 9.4768 | lr 1.48e-03 | 0.6s
epoch  581 | loss 9.5010 | lr 1.48e-03 | 0.6s
epoch  582 | loss 9.4654 | lr 1.48e-03 | 0.6s
epoch  583 | loss 9.4828 | lr 1.48e-03 | 0.6s
epoch  584 | loss 9.4798 | lr 1.48e-03 | 0.6s
epoch  585 | loss 9.5082 | lr 1.48e-03 | 0.6s
epoch  586 | loss 9.4814 | lr 1.48e-03 | 0.6s
epoch  587 | loss 9.4404 | lr 1.48e-03 | 0.6s
epoch  588 | loss 9.5416 | lr 1.48e-03 | 0.6s
epoch  589 | loss 9.5397 | lr 1.48e-03 | 0.6s
epoch  590 | loss 9.4801 | lr 1.48e-03 | 0.6s
epoch  591 | loss 9.4679 | lr 1.48e-03 | 0.6s
epoch  592 | loss 9.4870 | lr 1.48e-03 | 0.6s
epoch  593 | loss 9.5011 | lr 1.48e-03 | 0.6s
epoch  594 | loss 9.4702 | lr 1.48e-03 | 0.6s
epoch  595 | loss 9.4916 | lr 1.48e-03 | 0.6s
epoch  596 | loss 9.4814 | lr 1.48e-03 | 0.6s
epoch  597 | loss 9.4644 | lr 1.48e-03 | 0.6s
epoch  598 | loss 9.4707 | lr 1.48e-03 | 0.6s
epoch  599 | loss 9.4757 | lr 1.47e-03 | 0.6s
epoch  600 | loss 9.4594 | lr 1.47e-03 | 0.6s
epoch  601 | loss 9.4468 | lr 1.47e-03 | 0.6s
epoch  602 | loss 9.4622 | lr 1.47e-03 | 0.6s
epoch  603 | loss 9.4967 | lr 1.47e-03 | 0.6s
epoch  604 | loss 9.5081 | lr 1.47e-03 | 0.6s
epoch  605 | loss 9.4496 | lr 1.47e-03 | 0.6s
epoch  606 | loss 9.5020 | lr 1.47e-03 | 0.6s
epoch  607 | loss 9.5067 | lr 1.47e-03 | 0.6s
epoch  608 | loss 9.4302 | lr 1.47e-03 | 0.6s
epoch  609 | loss 9.4909 | lr 1.47e-03 | 0.6s
epoch  610 | loss 9.4454 | lr 1.47e-03 | 0.6s
epoch  611 | loss 9.4730 | lr 1.47e-03 | 0.6s
epoch  612 | loss 9.4306 | lr 1.47e-03 | 0.6s
epoch  613 | loss 9.4959 | lr 1.47e-03 | 0.6s
epoch  614 | loss 9.4830 | lr 1.47e-03 | 0.6s
epoch  615 | loss 9.4517 | lr 1.47e-03 | 0.6s
epoch  616 | loss 9.4579 | lr 1.47e-03 | 0.6s
epoch  617 | loss 9.4470 | lr 1.47e-03 | 0.6s
epoch  618 | loss 9.4505 | lr 1.47e-03 | 0.6s
epoch  619 | loss 9.4184 | lr 1.47e-03 | 0.6s
epoch  620 | loss 9.4496 | lr 1.47e-03 | 0.6s
epoch  621 | loss 9.5384 | lr 1.47e-03 | 0.6s
epoch  622 | loss 9.4724 | lr 1.47e-03 | 0.6s
epoch  623 | loss 9.4327 | lr 1.47e-03 | 0.6s
epoch  624 | loss 9.4517 | lr 1.47e-03 | 0.6s
epoch  625 | loss 9.4180 | lr 1.47e-03 | 0.6s
epoch  626 | loss 9.4674 | lr 1.47e-03 | 0.6s
epoch  627 | loss 9.5438 | lr 1.47e-03 | 0.6s
epoch  628 | loss 9.4014 | lr 1.47e-03 | 0.6s
epoch  629 | loss 9.4123 | lr 1.47e-03 | 0.6s
epoch  630 | loss 9.4645 | lr 1.47e-03 | 0.6s
epoch  631 | loss 9.4606 | lr 1.47e-03 | 0.6s
epoch  632 | loss 9.4254 | lr 1.47e-03 | 0.6s
epoch  633 | loss 9.4404 | lr 1.47e-03 | 0.6s
epoch  634 | loss 9.4692 | lr 1.46e-03 | 0.6s
epoch  635 | loss 9.4686 | lr 1.46e-03 | 0.6s
epoch  636 | loss 9.4372 | lr 1.46e-03 | 0.6s
epoch  637 | loss 9.4950 | lr 1.46e-03 | 0.6s
epoch  638 | loss 9.4578 | lr 1.46e-03 | 0.6s
epoch  639 | loss 9.4888 | lr 1.46e-03 | 0.6s
epoch  640 | loss 9.4429 | lr 1.46e-03 | 0.6s
epoch  641 | loss 9.4565 | lr 1.46e-03 | 0.6s
epoch  642 | loss 9.5217 | lr 1.46e-03 | 0.6s
epoch  643 | loss 9.4911 | lr 1.46e-03 | 0.6s
epoch  644 | loss 9.4778 | lr 1.46e-03 | 0.6s
epoch  645 | loss 9.4771 | lr 1.46e-03 | 0.6s
epoch  646 | loss 9.4488 | lr 1.46e-03 | 0.6s
epoch  647 | loss 9.4586 | lr 1.46e-03 | 0.6s
epoch  648 | loss 9.4775 | lr 1.46e-03 | 0.6s
epoch  649 | loss 9.4359 | lr 1.46e-03 | 0.6s
epoch  650 | loss 9.4547 | lr 1.46e-03 | 0.6s
epoch  651 | loss 9.4212 | lr 1.46e-03 | 0.6s
epoch  652 | loss 9.4357 | lr 1.46e-03 | 0.6s
epoch  653 | loss 9.4562 | lr 1.46e-03 | 0.6s
epoch  654 | loss 9.4235 | lr 1.46e-03 | 0.6s
epoch  655 | loss 9.4474 | lr 1.46e-03 | 0.6s
epoch  656 | loss 9.4575 | lr 1.46e-03 | 0.6s
epoch  657 | loss 9.4132 | lr 1.46e-03 | 0.6s
epoch  658 | loss 9.4390 | lr 1.46e-03 | 0.6s
epoch  659 | loss 9.4634 | lr 1.46e-03 | 0.6s
epoch  660 | loss 9.4447 | lr 1.46e-03 | 0.6s
epoch  661 | loss 9.4370 | lr 1.46e-03 | 0.6s
epoch  662 | loss 9.4773 | lr 1.46e-03 | 0.6s
epoch  663 | loss 9.3874 | lr 1.46e-03 | 0.6s
epoch  664 | loss 9.4445 | lr 1.46e-03 | 0.6s
epoch  665 | loss 9.4154 | lr 1.46e-03 | 0.6s
epoch  666 | loss 9.4292 | lr 1.46e-03 | 0.6s
epoch  667 | loss 9.4392 | lr 1.46e-03 | 0.6s
epoch  668 | loss 9.4803 | lr 1.45e-03 | 0.6s
epoch  669 | loss 9.4295 | lr 1.45e-03 | 0.6s
epoch  670 | loss 9.3883 | lr 1.45e-03 | 0.6s
epoch  671 | loss 9.4907 | lr 1.45e-03 | 0.6s
epoch  672 | loss 9.4011 | lr 1.45e-03 | 0.6s
epoch  673 | loss 9.4312 | lr 1.45e-03 | 0.6s
epoch  674 | loss 9.4799 | lr 1.45e-03 | 0.6s
epoch  675 | loss 9.4980 | lr 1.45e-03 | 0.6s
epoch  676 | loss 9.3893 | lr 1.45e-03 | 0.6s
epoch  677 | loss 9.4384 | lr 1.45e-03 | 0.6s
epoch  678 | loss 9.4887 | lr 1.45e-03 | 0.6s
epoch  679 | loss 9.4469 | lr 1.45e-03 | 0.6s
epoch  680 | loss 9.4228 | lr 1.45e-03 | 0.6s
epoch  681 | loss 9.4217 | lr 1.45e-03 | 0.6s
epoch  682 | loss 9.4139 | lr 1.45e-03 | 0.6s
epoch  683 | loss 9.4304 | lr 1.45e-03 | 0.6s
epoch  684 | loss 9.3961 | lr 1.45e-03 | 0.6s
epoch  685 | loss 9.4528 | lr 1.45e-03 | 0.6s
epoch  686 | loss 9.4237 | lr 1.45e-03 | 0.6s
epoch  687 | loss 9.4105 | lr 1.45e-03 | 0.5s
epoch  688 | loss 9.3899 | lr 1.45e-03 | 0.5s
epoch  689 | loss 9.4177 | lr 1.45e-03 | 0.5s
epoch  690 | loss 9.3946 | lr 1.45e-03 | 0.6s
epoch  691 | loss 9.4247 | lr 1.45e-03 | 0.6s
epoch  692 | loss 9.4421 | lr 1.45e-03 | 0.6s
epoch  693 | loss 9.3961 | lr 1.45e-03 | 0.6s
epoch  694 | loss 9.4392 | lr 1.45e-03 | 0.6s
epoch  695 | loss 9.4445 | lr 1.45e-03 | 0.6s
epoch  696 | loss 9.4091 | lr 1.45e-03 | 0.6s
epoch  697 | loss 9.3911 | lr 1.45e-03 | 0.6s
epoch  698 | loss 9.4637 | lr 1.45e-03 | 0.5s
epoch  699 | loss 9.4106 | lr 1.45e-03 | 0.5s
epoch  700 | loss 9.3878 | lr 1.44e-03 | 0.5s
epoch  701 | loss 9.4100 | lr 1.44e-03 | 0.5s
epoch  702 | loss 9.3768 | lr 1.44e-03 | 0.6s
epoch  703 | loss 9.4150 | lr 1.44e-03 | 0.6s
epoch  704 | loss 9.4107 | lr 1.44e-03 | 0.6s
epoch  705 | loss 9.4622 | lr 1.44e-03 | 0.6s
epoch  706 | loss 9.3934 | lr 1.44e-03 | 0.6s
epoch  707 | loss 9.3644 | lr 1.44e-03 | 0.6s
epoch  708 | loss 9.3649 | lr 1.44e-03 | 0.6s
epoch  709 | loss 9.3752 | lr 1.44e-03 | 0.6s
epoch  710 | loss 9.4106 | lr 1.44e-03 | 0.6s
epoch  711 | loss 9.4049 | lr 1.44e-03 | 0.6s
epoch  712 | loss 9.4181 | lr 1.44e-03 | 0.5s
epoch  713 | loss 9.4565 | lr 1.44e-03 | 0.5s
epoch  714 | loss 9.3702 | lr 1.44e-03 | 0.5s
epoch  715 | loss 9.4236 | lr 1.44e-03 | 0.5s
epoch  716 | loss 9.4439 | lr 1.44e-03 | 0.5s
epoch  717 | loss 9.3397 | lr 1.44e-03 | 0.5s
epoch  718 | loss 9.4049 | lr 1.44e-03 | 0.5s
epoch  719 | loss 9.3613 | lr 1.44e-03 | 0.5s
epoch  720 | loss 9.4123 | lr 1.44e-03 | 0.6s
epoch  721 | loss 9.3793 | lr 1.44e-03 | 0.6s
epoch  722 | loss 9.3927 | lr 1.44e-03 | 0.6s
epoch  723 | loss 9.3845 | lr 1.44e-03 | 0.5s
epoch  724 | loss 9.4025 | lr 1.44e-03 | 0.5s
epoch  725 | loss 9.4305 | lr 1.44e-03 | 0.5s
epoch  726 | loss 9.4297 | lr 1.44e-03 | 0.5s
epoch  727 | loss 9.4090 | lr 1.44e-03 | 0.5s
epoch  728 | loss 9.3893 | lr 1.44e-03 | 0.5s
epoch  729 | loss 9.3997 | lr 1.44e-03 | 0.5s
epoch  730 | loss 9.3973 | lr 1.43e-03 | 0.5s
epoch  731 | loss 9.3656 | lr 1.43e-03 | 0.5s
epoch  732 | loss 9.3993 | lr 1.43e-03 | 0.5s
epoch  733 | loss 9.3762 | lr 1.43e-03 | 0.6s
epoch  734 | loss 9.3785 | lr 1.43e-03 | 0.6s
epoch  735 | loss 9.4156 | lr 1.43e-03 | 0.6s
epoch  736 | loss 9.3645 | lr 1.43e-03 | 0.6s
epoch  737 | loss 9.3966 | lr 1.43e-03 | 0.6s
epoch  738 | loss 9.3823 | lr 1.43e-03 | 0.5s
epoch  739 | loss 9.4268 | lr 1.43e-03 | 0.5s
epoch  740 | loss 9.4030 | lr 1.43e-03 | 0.6s
epoch  741 | loss 9.3983 | lr 1.43e-03 | 0.6s
epoch  742 | loss 9.4203 | lr 1.43e-03 | 0.6s
epoch  743 | loss 9.4076 | lr 1.43e-03 | 0.6s
epoch  744 | loss 9.3629 | lr 1.43e-03 | 0.6s
epoch  745 | loss 9.4175 | lr 1.43e-03 | 0.6s
epoch  746 | loss 9.4635 | lr 1.43e-03 | 0.6s
epoch  747 | loss 9.3979 | lr 1.43e-03 | 0.6s
epoch  748 | loss 9.3768 | lr 1.43e-03 | 0.6s
epoch  749 | loss 9.3712 | lr 1.43e-03 | 0.6s
epoch  750 | loss 9.3816 | lr 1.43e-03 | 0.6s
epoch  751 | loss 9.3751 | lr 1.43e-03 | 0.6s
epoch  752 | loss 9.4362 | lr 1.43e-03 | 0.6s
epoch  753 | loss 9.3922 | lr 1.43e-03 | 0.6s
epoch  754 | loss 9.3628 | lr 1.43e-03 | 0.6s
epoch  755 | loss 9.3619 | lr 1.43e-03 | 0.6s
epoch  756 | loss 9.4342 | lr 1.43e-03 | 0.6s
epoch  757 | loss 9.3794 | lr 1.43e-03 | 0.6s
epoch  758 | loss 9.3867 | lr 1.43e-03 | 0.6s
epoch  759 | loss 9.4200 | lr 1.43e-03 | 0.6s
epoch  760 | loss 9.4041 | lr 1.42e-03 | 0.6s
epoch  761 | loss 9.3945 | lr 1.42e-03 | 0.6s
epoch  762 | loss 9.3214 | lr 1.42e-03 | 0.6s
epoch  763 | loss 9.4308 | lr 1.42e-03 | 0.6s
epoch  764 | loss 9.3843 | lr 1.42e-03 | 0.6s
epoch  765 | loss 9.3869 | lr 1.42e-03 | 0.6s
epoch  766 | loss 9.4148 | lr 1.42e-03 | 0.6s
epoch  767 | loss 9.4368 | lr 1.42e-03 | 0.6s
epoch  768 | loss 9.3886 | lr 1.42e-03 | 0.6s
epoch  769 | loss 9.3251 | lr 1.42e-03 | 0.6s
epoch  770 | loss 9.4311 | lr 1.42e-03 | 0.6s
epoch  771 | loss 9.4319 | lr 1.42e-03 | 0.6s
epoch  772 | loss 9.3609 | lr 1.42e-03 | 0.6s
epoch  773 | loss 9.3781 | lr 1.42e-03 | 0.6s
epoch  774 | loss 9.4089 | lr 1.42e-03 | 0.6s
epoch  775 | loss 9.3485 | lr 1.42e-03 | 0.6s
epoch  776 | loss 9.4086 | lr 1.42e-03 | 0.6s
epoch  777 | loss 9.4015 | lr 1.42e-03 | 0.6s
epoch  778 | loss 9.3747 | lr 1.42e-03 | 0.6s
epoch  779 | loss 9.3637 | lr 1.42e-03 | 0.6s
epoch  780 | loss 9.3675 | lr 1.42e-03 | 0.6s
epoch  781 | loss 9.3954 | lr 1.42e-03 | 0.6s
epoch  782 | loss 9.3427 | lr 1.42e-03 | 0.6s
epoch  783 | loss 9.3295 | lr 1.42e-03 | 0.6s
epoch  784 | loss 9.3587 | lr 1.42e-03 | 0.6s
epoch  785 | loss 9.3730 | lr 1.42e-03 | 0.6s
epoch  786 | loss 9.3635 | lr 1.42e-03 | 0.6s
epoch  787 | loss 9.3474 | lr 1.42e-03 | 0.6s
epoch  788 | loss 9.4014 | lr 1.41e-03 | 0.6s
epoch  789 | loss 9.3591 | lr 1.41e-03 | 0.6s
epoch  790 | loss 9.3743 | lr 1.41e-03 | 0.6s
epoch  791 | loss 9.3988 | lr 1.41e-03 | 0.6s
epoch  792 | loss 9.3707 | lr 1.41e-03 | 0.6s
epoch  793 | loss 9.3130 | lr 1.41e-03 | 0.6s
epoch  794 | loss 9.3539 | lr 1.41e-03 | 0.6s
epoch  795 | loss 9.3490 | lr 1.41e-03 | 0.6s
epoch  796 | loss 9.4009 | lr 1.41e-03 | 0.6s
epoch  797 | loss 9.3198 | lr 1.41e-03 | 0.6s
epoch  798 | loss 9.3593 | lr 1.41e-03 | 0.6s
epoch  799 | loss 9.3818 | lr 1.41e-03 | 0.6s
epoch  800 | loss 9.3506 | lr 1.41e-03 | 0.6s
epoch  801 | loss 9.3491 | lr 1.41e-03 | 0.6s
epoch  802 | loss 9.3501 | lr 1.41e-03 | 0.6s
epoch  803 | loss 9.3584 | lr 1.41e-03 | 0.6s
epoch  804 | loss 9.3834 | lr 1.41e-03 | 0.6s
epoch  805 | loss 9.3725 | lr 1.41e-03 | 0.6s
epoch  806 | loss 9.3661 | lr 1.41e-03 | 0.6s
epoch  807 | loss 9.3048 | lr 1.41e-03 | 0.6s
epoch  808 | loss 9.3411 | lr 1.41e-03 | 0.6s
epoch  809 | loss 9.3356 | lr 1.41e-03 | 0.6s
epoch  810 | loss 9.3708 | lr 1.41e-03 | 0.6s
epoch  811 | loss 9.4504 | lr 1.41e-03 | 0.6s
epoch  812 | loss 9.3782 | lr 1.41e-03 | 0.6s
epoch  813 | loss 9.3697 | lr 1.41e-03 | 0.6s
epoch  814 | loss 9.3423 | lr 1.41e-03 | 0.6s
epoch  815 | loss 9.3588 | lr 1.41e-03 | 0.6s
epoch  816 | loss 9.3532 | lr 1.40e-03 | 0.6s
epoch  817 | loss 9.3722 | lr 1.40e-03 | 0.6s
epoch  818 | loss 9.2999 | lr 1.40e-03 | 0.6s
epoch  819 | loss 9.4071 | lr 1.40e-03 | 0.6s
epoch  820 | loss 9.3674 | lr 1.40e-03 | 0.6s
epoch  821 | loss 9.3610 | lr 1.40e-03 | 0.6s
epoch  822 | loss 9.3463 | lr 1.40e-03 | 0.6s
epoch  823 | loss 9.3798 | lr 1.40e-03 | 0.6s
epoch  824 | loss 9.3650 | lr 1.40e-03 | 0.6s
epoch  825 | loss 9.3600 | lr 1.40e-03 | 0.6s
epoch  826 | loss 9.4031 | lr 1.40e-03 | 0.6s
epoch  827 | loss 9.3265 | lr 1.40e-03 | 0.6s
epoch  828 | loss 9.3321 | lr 1.40e-03 | 0.6s
epoch  829 | loss 9.2995 | lr 1.40e-03 | 0.6s
epoch  830 | loss 9.3827 | lr 1.40e-03 | 0.6s
epoch  831 | loss 9.3566 | lr 1.40e-03 | 0.6s
epoch  832 | loss 9.3120 | lr 1.40e-03 | 0.6s
epoch  833 | loss 9.3666 | lr 1.40e-03 | 0.6s
epoch  834 | loss 9.3373 | lr 1.40e-03 | 0.6s
epoch  835 | loss 9.3402 | lr 1.40e-03 | 0.6s
epoch  836 | loss 9.3941 | lr 1.40e-03 | 0.6s
epoch  837 | loss 9.2864 | lr 1.40e-03 | 0.6s
epoch  838 | loss 9.3440 | lr 1.40e-03 | 0.6s
epoch  839 | loss 9.3549 | lr 1.40e-03 | 0.6s
epoch  840 | loss 9.3560 | lr 1.40e-03 | 0.6s
epoch  841 | loss 9.3393 | lr 1.40e-03 | 0.6s
epoch  842 | loss 9.3134 | lr 1.40e-03 | 0.6s
epoch  843 | loss 9.3502 | lr 1.39e-03 | 0.6s
epoch  844 | loss 9.3725 | lr 1.39e-03 | 0.6s
epoch  845 | loss 9.3007 | lr 1.39e-03 | 0.6s
epoch  846 | loss 9.3119 | lr 1.39e-03 | 0.6s
epoch  847 | loss 9.3551 | lr 1.39e-03 | 0.6s
epoch  848 | loss 9.3667 | lr 1.39e-03 | 0.6s
epoch  849 | loss 9.4313 | lr 1.39e-03 | 0.6s
epoch  850 | loss 9.3400 | lr 1.39e-03 | 0.6s
epoch  851 | loss 9.3372 | lr 1.39e-03 | 0.6s
epoch  852 | loss 9.3816 | lr 1.39e-03 | 0.6s
epoch  853 | loss 9.3213 | lr 1.39e-03 | 0.6s
epoch  854 | loss 9.3443 | lr 1.39e-03 | 0.6s
epoch  855 | loss 9.3290 | lr 1.39e-03 | 0.6s
epoch  856 | loss 9.3109 | lr 1.39e-03 | 0.6s
epoch  857 | loss 9.3604 | lr 1.39e-03 | 0.6s
epoch  858 | loss 9.3789 | lr 1.39e-03 | 0.6s
epoch  859 | loss 9.3091 | lr 1.39e-03 | 0.6s
epoch  860 | loss 9.3242 | lr 1.39e-03 | 0.6s
epoch  861 | loss 9.3135 | lr 1.39e-03 | 0.6s
epoch  862 | loss 9.3739 | lr 1.39e-03 | 0.6s
epoch  863 | loss 9.3585 | lr 1.39e-03 | 0.6s
epoch  864 | loss 9.3576 | lr 1.39e-03 | 0.6s
epoch  865 | loss 9.3466 | lr 1.39e-03 | 0.6s
epoch  866 | loss 9.3474 | lr 1.39e-03 | 0.6s
epoch  867 | loss 9.3370 | lr 1.39e-03 | 0.6s
epoch  868 | loss 9.3341 | lr 1.39e-03 | 0.6s
epoch  869 | loss 9.3192 | lr 1.38e-03 | 0.6s
epoch  870 | loss 9.3890 | lr 1.38e-03 | 0.6s
epoch  871 | loss 9.3463 | lr 1.38e-03 | 0.6s
epoch  872 | loss 9.3572 | lr 1.38e-03 | 0.6s
epoch  873 | loss 9.3498 | lr 1.38e-03 | 0.6s
epoch  874 | loss 9.3569 | lr 1.38e-03 | 0.6s
epoch  875 | loss 9.3127 | lr 1.38e-03 | 0.6s
epoch  876 | loss 9.3210 | lr 1.38e-03 | 0.6s
epoch  877 | loss 9.3535 | lr 1.38e-03 | 0.6s
epoch  878 | loss 9.3846 | lr 1.38e-03 | 0.6s
epoch  879 | loss 9.3338 | lr 1.38e-03 | 0.6s
epoch  880 | loss 9.3414 | lr 1.38e-03 | 0.6s
epoch  881 | loss 9.2899 | lr 1.38e-03 | 0.6s
epoch  882 | loss 9.3523 | lr 1.38e-03 | 0.6s
epoch  883 | loss 9.3162 | lr 1.38e-03 | 0.6s
epoch  884 | loss 9.3210 | lr 1.38e-03 | 0.6s
epoch  885 | loss 9.3757 | lr 1.38e-03 | 0.6s
epoch  886 | loss 9.3505 | lr 1.38e-03 | 0.6s
epoch  887 | loss 9.3547 | lr 1.38e-03 | 0.6s
epoch  888 | loss 9.3191 | lr 1.38e-03 | 0.6s
epoch  889 | loss 9.3946 | lr 1.38e-03 | 0.6s
epoch  890 | loss 9.2772 | lr 1.38e-03 | 0.6s
epoch  891 | loss 9.2592 | lr 1.38e-03 | 0.6s
epoch  892 | loss 9.2895 | lr 1.38e-03 | 0.6s
epoch  893 | loss 9.2970 | lr 1.38e-03 | 0.6s
epoch  894 | loss 9.2878 | lr 1.38e-03 | 0.6s
epoch  895 | loss 9.3247 | lr 1.37e-03 | 0.6s
epoch  896 | loss 9.3745 | lr 1.37e-03 | 0.6s
epoch  897 | loss 9.3423 | lr 1.37e-03 | 0.6s
epoch  898 | loss 9.3223 | lr 1.37e-03 | 0.6s
epoch  899 | loss 9.3614 | lr 1.37e-03 | 0.6s
epoch  900 | loss 9.2886 | lr 1.37e-03 | 0.5s
epoch  901 | loss 9.3129 | lr 1.37e-03 | 0.5s
epoch  902 | loss 9.3578 | lr 1.37e-03 | 0.5s
epoch  903 | loss 9.2761 | lr 1.37e-03 | 0.5s
epoch  904 | loss 9.3301 | lr 1.37e-03 | 0.5s
epoch  905 | loss 9.3512 | lr 1.37e-03 | 0.6s
epoch  906 | loss 9.3079 | lr 1.37e-03 | 0.5s
epoch  907 | loss 9.3002 | lr 1.37e-03 | 0.5s
epoch  908 | loss 9.2912 | lr 1.37e-03 | 0.5s
epoch  909 | loss 9.3171 | lr 1.37e-03 | 0.5s
epoch  910 | loss 9.2990 | lr 1.37e-03 | 0.5s
epoch  911 | loss 9.2413 | lr 1.37e-03 | 0.6s
epoch  912 | loss 9.3115 | lr 1.37e-03 | 0.6s
epoch  913 | loss 9.2632 | lr 1.37e-03 | 0.5s
epoch  914 | loss 9.2905 | lr 1.37e-03 | 0.6s
epoch  915 | loss 9.3886 | lr 1.37e-03 | 0.5s
epoch  916 | loss 9.3333 | lr 1.37e-03 | 0.6s
epoch  917 | loss 9.3462 | lr 1.37e-03 | 0.5s
epoch  918 | loss 9.3076 | lr 1.37e-03 | 0.5s
epoch  919 | loss 9.3000 | lr 1.37e-03 | 0.5s
epoch  920 | loss 9.2849 | lr 1.36e-03 | 0.5s
epoch  921 | loss 9.3196 | lr 1.36e-03 | 0.6s
epoch  922 | loss 9.2957 | lr 1.36e-03 | 0.6s
epoch  923 | loss 9.3726 | lr 1.36e-03 | 0.6s
epoch  924 | loss 9.3506 | lr 1.36e-03 | 0.6s
epoch  925 | loss 9.3496 | lr 1.36e-03 | 0.6s
epoch  926 | loss 9.2740 | lr 1.36e-03 | 0.6s
epoch  927 | loss 9.3515 | lr 1.36e-03 | 0.6s
epoch  928 | loss 9.3236 | lr 1.36e-03 | 0.6s
epoch  929 | loss 9.3045 | lr 1.36e-03 | 0.6s
epoch  930 | loss 9.3195 | lr 1.36e-03 | 0.6s
epoch  931 | loss 9.3671 | lr 1.36e-03 | 0.6s
epoch  932 | loss 9.3099 | lr 1.36e-03 | 0.6s
epoch  933 | loss 9.3248 | lr 1.36e-03 | 0.6s
epoch  934 | loss 9.3334 | lr 1.36e-03 | 0.6s
epoch  935 | loss 9.3199 | lr 1.36e-03 | 0.6s
epoch  936 | loss 9.3010 | lr 1.36e-03 | 0.5s
epoch  937 | loss 9.2589 | lr 1.36e-03 | 0.5s
epoch  938 | loss 9.2572 | lr 1.36e-03 | 0.5s
epoch  939 | loss 9.2887 | lr 1.36e-03 | 0.5s
epoch  940 | loss 9.3772 | lr 1.36e-03 | 0.5s
epoch  941 | loss 9.2943 | lr 1.36e-03 | 0.5s
epoch  942 | loss 9.3588 | lr 1.36e-03 | 0.5s
epoch  943 | loss 9.3896 | lr 1.36e-03 | 0.5s
epoch  944 | loss 9.2694 | lr 1.35e-03 | 0.6s
epoch  945 | loss 9.2941 | lr 1.35e-03 | 0.6s
epoch  946 | loss 9.2966 | lr 1.35e-03 | 0.6s
epoch  947 | loss 9.2786 | lr 1.35e-03 | 0.6s
epoch  948 | loss 9.2970 | lr 1.35e-03 | 0.6s
epoch  949 | loss 9.2636 | lr 1.35e-03 | 0.6s
epoch  950 | loss 9.3108 | lr 1.35e-03 | 0.6s
epoch  951 | loss 9.3311 | lr 1.35e-03 | 0.6s
epoch  952 | loss 9.3313 | lr 1.35e-03 | 0.6s
epoch  953 | loss 9.3212 | lr 1.35e-03 | 0.6s
epoch  954 | loss 9.3133 | lr 1.35e-03 | 0.6s
epoch  955 | loss 9.3130 | lr 1.35e-03 | 0.6s
epoch  956 | loss 9.2655 | lr 1.35e-03 | 0.6s
epoch  957 | loss 9.3127 | lr 1.35e-03 | 0.6s
epoch  958 | loss 9.2963 | lr 1.35e-03 | 0.6s
epoch  959 | loss 9.3046 | lr 1.35e-03 | 0.6s
epoch  960 | loss 9.3052 | lr 1.35e-03 | 0.6s
epoch  961 | loss 9.2795 | lr 1.35e-03 | 0.6s
epoch  962 | loss 9.3188 | lr 1.35e-03 | 0.6s
epoch  963 | loss 9.2549 | lr 1.35e-03 | 0.6s
epoch  964 | loss 9.3021 | lr 1.35e-03 | 0.6s
epoch  965 | loss 9.2730 | lr 1.35e-03 | 0.6s
epoch  966 | loss 9.2700 | lr 1.35e-03 | 0.6s
epoch  967 | loss 9.2744 | lr 1.35e-03 | 0.6s
epoch  968 | loss 9.2663 | lr 1.34e-03 | 0.6s
epoch  969 | loss 9.2977 | lr 1.34e-03 | 0.6s
epoch  970 | loss 9.2617 | lr 1.34e-03 | 0.6s
epoch  971 | loss 9.3372 | lr 1.34e-03 | 0.6s
epoch  972 | loss 9.2878 | lr 1.34e-03 | 0.6s
epoch  973 | loss 9.2752 | lr 1.34e-03 | 0.6s
epoch  974 | loss 9.3252 | lr 1.34e-03 | 0.6s
epoch  975 | loss 9.2863 | lr 1.34e-03 | 0.6s
epoch  976 | loss 9.2917 | lr 1.34e-03 | 0.6s
epoch  977 | loss 9.3414 | lr 1.34e-03 | 0.6s
epoch  978 | loss 9.3069 | lr 1.34e-03 | 0.6s
epoch  979 | loss 9.3012 | lr 1.34e-03 | 0.6s
epoch  980 | loss 9.2729 | lr 1.34e-03 | 0.6s
epoch  981 | loss 9.2701 | lr 1.34e-03 | 0.6s
epoch  982 | loss 9.3023 | lr 1.34e-03 | 0.6s
epoch  983 | loss 9.2970 | lr 1.34e-03 | 0.6s
epoch  984 | loss 9.3075 | lr 1.34e-03 | 0.6s
epoch  985 | loss 9.2455 | lr 1.34e-03 | 0.6s
epoch  986 | loss 9.3036 | lr 1.34e-03 | 0.6s
epoch  987 | loss 9.2744 | lr 1.34e-03 | 0.6s
epoch  988 | loss 9.2904 | lr 1.34e-03 | 0.6s
epoch  989 | loss 9.3105 | lr 1.34e-03 | 0.6s
epoch  990 | loss 9.2389 | lr 1.34e-03 | 0.6s
epoch  991 | loss 9.3173 | lr 1.33e-03 | 0.6s
epoch  992 | loss 9.2314 | lr 1.33e-03 | 0.6s
epoch  993 | loss 9.3019 | lr 1.33e-03 | 0.6s
epoch  994 | loss 9.2663 | lr 1.33e-03 | 0.6s
epoch  995 | loss 9.2707 | lr 1.33e-03 | 0.6s
epoch  996 | loss 9.3471 | lr 1.33e-03 | 0.6s
epoch  997 | loss 9.3215 | lr 1.33e-03 | 0.6s
epoch  998 | loss 9.2933 | lr 1.33e-03 | 0.6s
epoch  999 | loss 9.2525 | lr 1.33e-03 | 0.6s
epoch 1000 | loss 9.2545 | lr 1.33e-03 | 0.6s
epoch 1001 | loss 9.3434 | lr 1.33e-03 | 0.6s
epoch 1002 | loss 9.2566 | lr 1.33e-03 | 0.6s
epoch 1003 | loss 9.2630 | lr 1.33e-03 | 0.6s
epoch 1004 | loss 9.2851 | lr 1.33e-03 | 0.6s
epoch 1005 | loss 9.2747 | lr 1.33e-03 | 0.6s
epoch 1006 | loss 9.2483 | lr 1.33e-03 | 0.6s
epoch 1007 | loss 9.3200 | lr 1.33e-03 | 0.6s
epoch 1008 | loss 9.2552 | lr 1.33e-03 | 0.6s
epoch 1009 | loss 9.2133 | lr 1.33e-03 | 0.6s
epoch 1010 | loss 9.2379 | lr 1.33e-03 | 0.6s
epoch 1011 | loss 9.2696 | lr 1.33e-03 | 0.6s
epoch 1012 | loss 9.2973 | lr 1.33e-03 | 0.6s
epoch 1013 | loss 9.3093 | lr 1.33e-03 | 0.6s
epoch 1014 | loss 9.3095 | lr 1.33e-03 | 0.6s
epoch 1015 | loss 9.2568 | lr 1.32e-03 | 0.6s
epoch 1016 | loss 9.3096 | lr 1.32e-03 | 0.6s
epoch 1017 | loss 9.2722 | lr 1.32e-03 | 0.6s
epoch 1018 | loss 9.2710 | lr 1.32e-03 | 0.6s
epoch 1019 | loss 9.3177 | lr 1.32e-03 | 0.6s
epoch 1020 | loss 9.3353 | lr 1.32e-03 | 0.6s
epoch 1021 | loss 9.2588 | lr 1.32e-03 | 0.6s
epoch 1022 | loss 9.2536 | lr 1.32e-03 | 0.6s
epoch 1023 | loss 9.3315 | lr 1.32e-03 | 0.6s
epoch 1024 | loss 9.2794 | lr 1.32e-03 | 0.6s
epoch 1025 | loss 9.2228 | lr 1.32e-03 | 0.6s
epoch 1026 | loss 9.3052 | lr 1.32e-03 | 0.6s
epoch 1027 | loss 9.3099 | lr 1.32e-03 | 0.6s
epoch 1028 | loss 9.2828 | lr 1.32e-03 | 0.6s
epoch 1029 | loss 9.2549 | lr 1.32e-03 | 0.6s
epoch 1030 | loss 9.2845 | lr 1.32e-03 | 0.6s
epoch 1031 | loss 9.2848 | lr 1.32e-03 | 0.6s
epoch 1032 | loss 9.2718 | lr 1.32e-03 | 0.6s
epoch 1033 | loss 9.2697 | lr 1.32e-03 | 0.6s
epoch 1034 | loss 9.2596 | lr 1.32e-03 | 0.6s
epoch 1035 | loss 9.2699 | lr 1.32e-03 | 0.6s
epoch 1036 | loss 9.2578 | lr 1.32e-03 | 0.6s
epoch 1037 | loss 9.2818 | lr 1.31e-03 | 0.6s
epoch 1038 | loss 9.2840 | lr 1.31e-03 | 0.6s
epoch 1039 | loss 9.2880 | lr 1.31e-03 | 0.6s
epoch 1040 | loss 9.2459 | lr 1.31e-03 | 0.6s
epoch 1041 | loss 9.2420 | lr 1.31e-03 | 0.6s
epoch 1042 | loss 9.2386 | lr 1.31e-03 | 0.6s
epoch 1043 | loss 9.2269 | lr 1.31e-03 | 0.6s
epoch 1044 | loss 9.2496 | lr 1.31e-03 | 0.6s
epoch 1045 | loss 9.3297 | lr 1.31e-03 | 0.6s
epoch 1046 | loss 9.2824 | lr 1.31e-03 | 0.6s
epoch 1047 | loss 9.2670 | lr 1.31e-03 | 0.6s
epoch 1048 | loss 9.2017 | lr 1.31e-03 | 0.6s
epoch 1049 | loss 9.2643 | lr 1.31e-03 | 0.6s
epoch 1050 | loss 9.3045 | lr 1.31e-03 | 0.6s
epoch 1051 | loss 9.2454 | lr 1.31e-03 | 0.6s
epoch 1052 | loss 9.2511 | lr 1.31e-03 | 0.6s
epoch 1053 | loss 9.2619 | lr 1.31e-03 | 0.6s
epoch 1054 | loss 9.3027 | lr 1.31e-03 | 0.6s
epoch 1055 | loss 9.2397 | lr 1.31e-03 | 0.6s
epoch 1056 | loss 9.2547 | lr 1.31e-03 | 0.6s
epoch 1057 | loss 9.2440 | lr 1.31e-03 | 0.6s
epoch 1058 | loss 9.2422 | lr 1.31e-03 | 0.6s
epoch 1059 | loss 9.3213 | lr 1.30e-03 | 0.6s
epoch 1060 | loss 9.2688 | lr 1.30e-03 | 0.6s
epoch 1061 | loss 9.2930 | lr 1.30e-03 | 0.6s
epoch 1062 | loss 9.3049 | lr 1.30e-03 | 0.6s
epoch 1063 | loss 9.2753 | lr 1.30e-03 | 0.6s
epoch 1064 | loss 9.2805 | lr 1.30e-03 | 0.6s
epoch 1065 | loss 9.2866 | lr 1.30e-03 | 0.6s
epoch 1066 | loss 9.2707 | lr 1.30e-03 | 0.6s
epoch 1067 | loss 9.2867 | lr 1.30e-03 | 0.6s
epoch 1068 | loss 9.2866 | lr 1.30e-03 | 0.6s
epoch 1069 | loss 9.2123 | lr 1.30e-03 | 0.6s
epoch 1070 | loss 9.3018 | lr 1.30e-03 | 0.6s
epoch 1071 | loss 9.2535 | lr 1.30e-03 | 0.6s
epoch 1072 | loss 9.2322 | lr 1.30e-03 | 0.6s
epoch 1073 | loss 9.2737 | lr 1.30e-03 | 0.6s
epoch 1074 | loss 9.2117 | lr 1.30e-03 | 0.6s
epoch 1075 | loss 9.2722 | lr 1.30e-03 | 0.6s
epoch 1076 | loss 9.2200 | lr 1.30e-03 | 0.6s
epoch 1077 | loss 9.3807 | lr 1.30e-03 | 0.6s
epoch 1078 | loss 9.3023 | lr 1.30e-03 | 0.6s
epoch 1079 | loss 9.2829 | lr 1.30e-03 | 0.6s
epoch 1080 | loss 9.2209 | lr 1.30e-03 | 0.6s
epoch 1081 | loss 9.2038 | lr 1.29e-03 | 0.6s
epoch 1082 | loss 9.3063 | lr 1.29e-03 | 0.6s
epoch 1083 | loss 9.2162 | lr 1.29e-03 | 0.6s
epoch 1084 | loss 9.2480 | lr 1.29e-03 | 0.6s
epoch 1085 | loss 9.2827 | lr 1.29e-03 | 0.6s
epoch 1086 | loss 9.2404 | lr 1.29e-03 | 0.6s
epoch 1087 | loss 9.2704 | lr 1.29e-03 | 0.6s
epoch 1088 | loss 9.2351 | lr 1.29e-03 | 0.6s
epoch 1089 | loss 9.3052 | lr 1.29e-03 | 0.6s
epoch 1090 | loss 9.2138 | lr 1.29e-03 | 0.6s
epoch 1091 | loss 9.3240 | lr 1.29e-03 | 0.6s
epoch 1092 | loss 9.2833 | lr 1.29e-03 | 0.6s
epoch 1093 | loss 9.2481 | lr 1.29e-03 | 0.6s
epoch 1094 | loss 9.1682 | lr 1.29e-03 | 0.6s
epoch 1095 | loss 9.2264 | lr 1.29e-03 | 0.6s
epoch 1096 | loss 9.2369 | lr 1.29e-03 | 0.6s
epoch 1097 | loss 9.2641 | lr 1.29e-03 | 0.6s
epoch 1098 | loss 9.2728 | lr 1.29e-03 | 0.6s
epoch 1099 | loss 9.2568 | lr 1.29e-03 | 0.6s
epoch 1100 | loss 9.2361 | lr 1.29e-03 | 0.6s
epoch 1101 | loss 9.2550 | lr 1.29e-03 | 0.6s
epoch 1102 | loss 9.2977 | lr 1.29e-03 | 0.6s
epoch 1103 | loss 9.2676 | lr 1.28e-03 | 0.6s
epoch 1104 | loss 9.2115 | lr 1.28e-03 | 0.6s
epoch 1105 | loss 9.2606 | lr 1.28e-03 | 0.6s
epoch 1106 | loss 9.2596 | lr 1.28e-03 | 0.5s
epoch 1107 | loss 9.2830 | lr 1.28e-03 | 0.6s
epoch 1108 | loss 9.2824 | lr 1.28e-03 | 0.6s
epoch 1109 | loss 9.2722 | lr 1.28e-03 | 0.6s
epoch 1110 | loss 9.2274 | lr 1.28e-03 | 0.6s
epoch 1111 | loss 9.2350 | lr 1.28e-03 | 0.6s
epoch 1112 | loss 9.2550 | lr 1.28e-03 | 0.6s
epoch 1113 | loss 9.2253 | lr 1.28e-03 | 0.6s
epoch 1114 | loss 9.2158 | lr 1.28e-03 | 0.6s
epoch 1115 | loss 9.2263 | lr 1.28e-03 | 0.5s
epoch 1116 | loss 9.2329 | lr 1.28e-03 | 0.5s
epoch 1117 | loss 9.2238 | lr 1.28e-03 | 0.5s
epoch 1118 | loss 9.2548 | lr 1.28e-03 | 0.5s
epoch 1119 | loss 9.2506 | lr 1.28e-03 | 0.5s
epoch 1120 | loss 9.2595 | lr 1.28e-03 | 0.5s
epoch 1121 | loss 9.2175 | lr 1.28e-03 | 0.5s
epoch 1122 | loss 9.1956 | lr 1.28e-03 | 0.5s
epoch 1123 | loss 9.2280 | lr 1.28e-03 | 0.5s
epoch 1124 | loss 9.2357 | lr 1.27e-03 | 0.6s
epoch 1125 | loss 9.2806 | lr 1.27e-03 | 0.5s
epoch 1126 | loss 9.2637 | lr 1.27e-03 | 0.6s
epoch 1127 | loss 9.2568 | lr 1.27e-03 | 0.5s
epoch 1128 | loss 9.2563 | lr 1.27e-03 | 0.5s
epoch 1129 | loss 9.2468 | lr 1.27e-03 | 0.5s
epoch 1130 | loss 9.2484 | lr 1.27e-03 | 0.5s
epoch 1131 | loss 9.2960 | lr 1.27e-03 | 0.5s
epoch 1132 | loss 9.2371 | lr 1.27e-03 | 0.5s
epoch 1133 | loss 9.2597 | lr 1.27e-03 | 0.5s
epoch 1134 | loss 9.2873 | lr 1.27e-03 | 0.5s
epoch 1135 | loss 9.2711 | lr 1.27e-03 | 0.6s
epoch 1136 | loss 9.2553 | lr 1.27e-03 | 0.6s
epoch 1137 | loss 9.2390 | lr 1.27e-03 | 0.6s
epoch 1138 | loss 9.2536 | lr 1.27e-03 | 0.6s
epoch 1139 | loss 9.2649 | lr 1.27e-03 | 0.6s
epoch 1140 | loss 9.2308 | lr 1.27e-03 | 0.6s
epoch 1141 | loss 9.2587 | lr 1.27e-03 | 0.6s
epoch 1142 | loss 9.2425 | lr 1.27e-03 | 0.6s
epoch 1143 | loss 9.2341 | lr 1.27e-03 | 0.6s
epoch 1144 | loss 9.2559 | lr 1.27e-03 | 0.6s
epoch 1145 | loss 9.2243 | lr 1.26e-03 | 0.6s
epoch 1146 | loss 9.2639 | lr 1.26e-03 | 0.6s
epoch 1147 | loss 9.2749 | lr 1.26e-03 | 0.6s
epoch 1148 | loss 9.2351 | lr 1.26e-03 | 0.6s
epoch 1149 | loss 9.2689 | lr 1.26e-03 | 0.6s
epoch 1150 | loss 9.1915 | lr 1.26e-03 | 0.6s
epoch 1151 | loss 9.2399 | lr 1.26e-03 | 0.6s
epoch 1152 | loss 9.2117 | lr 1.26e-03 | 0.6s
epoch 1153 | loss 9.2593 | lr 1.26e-03 | 0.6s
epoch 1154 | loss 9.1916 | lr 1.26e-03 | 0.6s
epoch 1155 | loss 9.3073 | lr 1.26e-03 | 0.6s
epoch 1156 | loss 9.2558 | lr 1.26e-03 | 0.5s
epoch 1157 | loss 9.1962 | lr 1.26e-03 | 0.6s
epoch 1158 | loss 9.2352 | lr 1.26e-03 | 0.5s
epoch 1159 | loss 9.2300 | lr 1.26e-03 | 0.6s
epoch 1160 | loss 9.2398 | lr 1.26e-03 | 0.6s
epoch 1161 | loss 9.2490 | lr 1.26e-03 | 0.6s
epoch 1162 | loss 9.2687 | lr 1.26e-03 | 0.6s
epoch 1163 | loss 9.2791 | lr 1.26e-03 | 0.6s
epoch 1164 | loss 9.2105 | lr 1.26e-03 | 0.6s
epoch 1165 | loss 9.2448 | lr 1.26e-03 | 0.6s
epoch 1166 | loss 9.2144 | lr 1.25e-03 | 0.6s
epoch 1167 | loss 9.2168 | lr 1.25e-03 | 0.6s
epoch 1168 | loss 9.2318 | lr 1.25e-03 | 0.6s
epoch 1169 | loss 9.2154 | lr 1.25e-03 | 0.6s
epoch 1170 | loss 9.2166 | lr 1.25e-03 | 0.6s
epoch 1171 | loss 9.2774 | lr 1.25e-03 | 0.6s
epoch 1172 | loss 9.2788 | lr 1.25e-03 | 0.6s
epoch 1173 | loss 9.2260 | lr 1.25e-03 | 0.6s
epoch 1174 | loss 9.2414 | lr 1.25e-03 | 0.6s
epoch 1175 | loss 9.2604 | lr 1.25e-03 | 0.6s
epoch 1176 | loss 9.2394 | lr 1.25e-03 | 0.6s
epoch 1177 | loss 9.1991 | lr 1.25e-03 | 0.6s
epoch 1178 | loss 9.2294 | lr 1.25e-03 | 0.6s
epoch 1179 | loss 9.2143 | lr 1.25e-03 | 0.6s
epoch 1180 | loss 9.2629 | lr 1.25e-03 | 0.6s
epoch 1181 | loss 9.2147 | lr 1.25e-03 | 0.6s
epoch 1182 | loss 9.1530 | lr 1.25e-03 | 0.6s
epoch 1183 | loss 9.1806 | lr 1.25e-03 | 0.6s
epoch 1184 | loss 9.2236 | lr 1.25e-03 | 0.6s
epoch 1185 | loss 9.2674 | lr 1.25e-03 | 0.6s
epoch 1186 | loss 9.2659 | lr 1.24e-03 | 0.6s
epoch 1187 | loss 9.2216 | lr 1.24e-03 | 0.6s
epoch 1188 | loss 9.2221 | lr 1.24e-03 | 0.6s
epoch 1189 | loss 9.2386 | lr 1.24e-03 | 0.6s
epoch 1190 | loss 9.2445 | lr 1.24e-03 | 0.6s
epoch 1191 | loss 9.2066 | lr 1.24e-03 | 0.6s
epoch 1192 | loss 9.2288 | lr 1.24e-03 | 0.6s
epoch 1193 | loss 9.2086 | lr 1.24e-03 | 0.6s
epoch 1194 | loss 9.2236 | lr 1.24e-03 | 0.6s
epoch 1195 | loss 9.2325 | lr 1.24e-03 | 0.6s
epoch 1196 | loss 9.2308 | lr 1.24e-03 | 0.6s
epoch 1197 | loss 9.2562 | lr 1.24e-03 | 0.6s
epoch 1198 | loss 9.2292 | lr 1.24e-03 | 0.6s
epoch 1199 | loss 9.2163 | lr 1.24e-03 | 0.6s
epoch 1200 | loss 9.2417 | lr 1.24e-03 | 0.6s
epoch 1201 | loss 9.2273 | lr 1.24e-03 | 0.6s
epoch 1202 | loss 9.2120 | lr 1.24e-03 | 0.6s
epoch 1203 | loss 9.2472 | lr 1.24e-03 | 0.6s
epoch 1204 | loss 9.2480 | lr 1.24e-03 | 0.6s
epoch 1205 | loss 9.2414 | lr 1.24e-03 | 0.6s
epoch 1206 | loss 9.2222 | lr 1.23e-03 | 0.6s
epoch 1207 | loss 9.2392 | lr 1.23e-03 | 0.6s
epoch 1208 | loss 9.1869 | lr 1.23e-03 | 0.6s
epoch 1209 | loss 9.2311 | lr 1.23e-03 | 0.6s
epoch 1210 | loss 9.2650 | lr 1.23e-03 | 0.6s
epoch 1211 | loss 9.2538 | lr 1.23e-03 | 0.6s
epoch 1212 | loss 9.2478 | lr 1.23e-03 | 0.6s
epoch 1213 | loss 9.2201 | lr 1.23e-03 | 0.6s
epoch 1214 | loss 9.2493 | lr 1.23e-03 | 0.6s
epoch 1215 | loss 9.2156 | lr 1.23e-03 | 0.6s
epoch 1216 | loss 9.1697 | lr 1.23e-03 | 0.6s
epoch 1217 | loss 9.2201 | lr 1.23e-03 | 0.6s
epoch 1218 | loss 9.2498 | lr 1.23e-03 | 0.6s
epoch 1219 | loss 9.2261 | lr 1.23e-03 | 0.6s
epoch 1220 | loss 9.2352 | lr 1.23e-03 | 0.6s
epoch 1221 | loss 9.2922 | lr 1.23e-03 | 0.6s
epoch 1222 | loss 9.2551 | lr 1.23e-03 | 0.6s
epoch 1223 | loss 9.1938 | lr 1.23e-03 | 0.6s
epoch 1224 | loss 9.1763 | lr 1.23e-03 | 0.6s
epoch 1225 | loss 9.2302 | lr 1.23e-03 | 0.6s
epoch 1226 | loss 9.2508 | lr 1.22e-03 | 0.6s
epoch 1227 | loss 9.2069 | lr 1.22e-03 | 0.6s
epoch 1228 | loss 9.1951 | lr 1.22e-03 | 0.6s
epoch 1229 | loss 9.2333 | lr 1.22e-03 | 0.6s
epoch 1230 | loss 9.1659 | lr 1.22e-03 | 0.6s
epoch 1231 | loss 9.1977 | lr 1.22e-03 | 0.6s
epoch 1232 | loss 9.2411 | lr 1.22e-03 | 0.6s
epoch 1233 | loss 9.2424 | lr 1.22e-03 | 0.6s
epoch 1234 | loss 9.2591 | lr 1.22e-03 | 0.6s
epoch 1235 | loss 9.1941 | lr 1.22e-03 | 0.6s
epoch 1236 | loss 9.1863 | lr 1.22e-03 | 0.6s
epoch 1237 | loss 9.2465 | lr 1.22e-03 | 0.6s
epoch 1238 | loss 9.1573 | lr 1.22e-03 | 0.6s
epoch 1239 | loss 9.2487 | lr 1.22e-03 | 0.6s
epoch 1240 | loss 9.2604 | lr 1.22e-03 | 0.6s
epoch 1241 | loss 9.2451 | lr 1.22e-03 | 0.6s
epoch 1242 | loss 9.2208 | lr 1.22e-03 | 0.6s
epoch 1243 | loss 9.1748 | lr 1.22e-03 | 0.6s
epoch 1244 | loss 9.2002 | lr 1.22e-03 | 0.6s
epoch 1245 | loss 9.2461 | lr 1.22e-03 | 0.6s
epoch 1246 | loss 9.1828 | lr 1.21e-03 | 0.6s
epoch 1247 | loss 9.1735 | lr 1.21e-03 | 0.6s
epoch 1248 | loss 9.2866 | lr 1.21e-03 | 0.6s
epoch 1249 | loss 9.2464 | lr 1.21e-03 | 0.6s
epoch 1250 | loss 9.2038 | lr 1.21e-03 | 0.6s
epoch 1251 | loss 9.2108 | lr 1.21e-03 | 0.6s
epoch 1252 | loss 9.2201 | lr 1.21e-03 | 0.6s
epoch 1253 | loss 9.2428 | lr 1.21e-03 | 0.6s
epoch 1254 | loss 9.2031 | lr 1.21e-03 | 0.6s
epoch 1255 | loss 9.1787 | lr 1.21e-03 | 0.6s
epoch 1256 | loss 9.2126 | lr 1.21e-03 | 0.6s
epoch 1257 | loss 9.1914 | lr 1.21e-03 | 0.6s
epoch 1258 | loss 9.2071 | lr 1.21e-03 | 0.6s
epoch 1259 | loss 9.2569 | lr 1.21e-03 | 0.6s
epoch 1260 | loss 9.1920 | lr 1.21e-03 | 0.6s
epoch 1261 | loss 9.2193 | lr 1.21e-03 | 0.6s
epoch 1262 | loss 9.1859 | lr 1.21e-03 | 0.6s
epoch 1263 | loss 9.2373 | lr 1.21e-03 | 0.6s
epoch 1264 | loss 9.2424 | lr 1.21e-03 | 0.6s
epoch 1265 | loss 9.1834 | lr 1.21e-03 | 0.6s
epoch 1266 | loss 9.1996 | lr 1.20e-03 | 0.6s
epoch 1267 | loss 9.2315 | lr 1.20e-03 | 0.6s
epoch 1268 | loss 9.2172 | lr 1.20e-03 | 0.6s
epoch 1269 | loss 9.2279 | lr 1.20e-03 | 0.6s
epoch 1270 | loss 9.2447 | lr 1.20e-03 | 0.6s
epoch 1271 | loss 9.2253 | lr 1.20e-03 | 0.6s
epoch 1272 | loss 9.2122 | lr 1.20e-03 | 0.6s
epoch 1273 | loss 9.1913 | lr 1.20e-03 | 0.6s
epoch 1274 | loss 9.2338 | lr 1.20e-03 | 0.6s
epoch 1275 | loss 9.1829 | lr 1.20e-03 | 0.6s
epoch 1276 | loss 9.2501 | lr 1.20e-03 | 0.6s
epoch 1277 | loss 9.1985 | lr 1.20e-03 | 0.6s
epoch 1278 | loss 9.2450 | lr 1.20e-03 | 0.6s
epoch 1279 | loss 9.2048 | lr 1.20e-03 | 0.6s
epoch 1280 | loss 9.2251 | lr 1.20e-03 | 0.6s
epoch 1281 | loss 9.2333 | lr 1.20e-03 | 0.6s
epoch 1282 | loss 9.1993 | lr 1.20e-03 | 0.6s
epoch 1283 | loss 9.2062 | lr 1.20e-03 | 0.6s
epoch 1284 | loss 9.1759 | lr 1.20e-03 | 0.6s
epoch 1285 | loss 9.1925 | lr 1.19e-03 | 0.6s
epoch 1286 | loss 9.1850 | lr 1.19e-03 | 0.6s
epoch 1287 | loss 9.2332 | lr 1.19e-03 | 0.6s
epoch 1288 | loss 9.1525 | lr 1.19e-03 | 0.6s
epoch 1289 | loss 9.2455 | lr 1.19e-03 | 0.6s
epoch 1290 | loss 9.2180 | lr 1.19e-03 | 0.6s
epoch 1291 | loss 9.2341 | lr 1.19e-03 | 0.6s
epoch 1292 | loss 9.1812 | lr 1.19e-03 | 0.6s
epoch 1293 | loss 9.2068 | lr 1.19e-03 | 0.6s
epoch 1294 | loss 9.2471 | lr 1.19e-03 | 0.6s
epoch 1295 | loss 9.1880 | lr 1.19e-03 | 0.6s
epoch 1296 | loss 9.1758 | lr 1.19e-03 | 0.6s
epoch 1297 | loss 9.2260 | lr 1.19e-03 | 0.6s
epoch 1298 | loss 9.1885 | lr 1.19e-03 | 0.6s
epoch 1299 | loss 9.2443 | lr 1.19e-03 | 0.6s
epoch 1300 | loss 9.1999 | lr 1.19e-03 | 0.6s
epoch 1301 | loss 9.2053 | lr 1.19e-03 | 0.6s
epoch 1302 | loss 9.1971 | lr 1.19e-03 | 0.6s
epoch 1303 | loss 9.2222 | lr 1.19e-03 | 0.6s
epoch 1304 | loss 9.2002 | lr 1.18e-03 | 0.6s
epoch 1305 | loss 9.1758 | lr 1.18e-03 | 0.6s
epoch 1306 | loss 9.1290 | lr 1.18e-03 | 0.6s
epoch 1307 | loss 9.1859 | lr 1.18e-03 | 0.6s
epoch 1308 | loss 9.1827 | lr 1.18e-03 | 0.6s
epoch 1309 | loss 9.1901 | lr 1.18e-03 | 0.6s
epoch 1310 | loss 9.2115 | lr 1.18e-03 | 0.6s
epoch 1311 | loss 9.1950 | lr 1.18e-03 | 0.6s
epoch 1312 | loss 9.2197 | lr 1.18e-03 | 0.6s
epoch 1313 | loss 9.1877 | lr 1.18e-03 | 0.6s
epoch 1314 | loss 9.2119 | lr 1.18e-03 | 0.6s
epoch 1315 | loss 9.2015 | lr 1.18e-03 | 0.6s
epoch 1316 | loss 9.1783 | lr 1.18e-03 | 0.5s
epoch 1317 | loss 9.1711 | lr 1.18e-03 | 0.6s
epoch 1318 | loss 9.1841 | lr 1.18e-03 | 0.5s
epoch 1319 | loss 9.2108 | lr 1.18e-03 | 0.5s
epoch 1320 | loss 9.1807 | lr 1.18e-03 | 0.5s
epoch 1321 | loss 9.1899 | lr 1.18e-03 | 0.5s
epoch 1322 | loss 9.1635 | lr 1.18e-03 | 0.6s
epoch 1323 | loss 9.1683 | lr 1.17e-03 | 0.6s
epoch 1324 | loss 9.1983 | lr 1.17e-03 | 0.5s
epoch 1325 | loss 9.1856 | lr 1.17e-03 | 0.5s
epoch 1326 | loss 9.1648 | lr 1.17e-03 | 0.5s
epoch 1327 | loss 9.2176 | lr 1.17e-03 | 0.5s
epoch 1328 | loss 9.1783 | lr 1.17e-03 | 0.5s
epoch 1329 | loss 9.1664 | lr 1.17e-03 | 0.5s
epoch 1330 | loss 9.1627 | lr 1.17e-03 | 0.5s
epoch 1331 | loss 9.2097 | lr 1.17e-03 | 0.6s
epoch 1332 | loss 9.1475 | lr 1.17e-03 | 0.5s
epoch 1333 | loss 9.2040 | lr 1.17e-03 | 0.5s
epoch 1334 | loss 9.1737 | lr 1.17e-03 | 0.5s
epoch 1335 | loss 9.2097 | lr 1.17e-03 | 0.5s
epoch 1336 | loss 9.2091 | lr 1.17e-03 | 0.6s
epoch 1337 | loss 9.2353 | lr 1.17e-03 | 0.6s
epoch 1338 | loss 9.1732 | lr 1.17e-03 | 0.5s
epoch 1339 | loss 9.1558 | lr 1.17e-03 | 0.6s
epoch 1340 | loss 9.1958 | lr 1.17e-03 | 0.5s
epoch 1341 | loss 9.1593 | lr 1.17e-03 | 0.6s
epoch 1342 | loss 9.2069 | lr 1.16e-03 | 0.6s
epoch 1343 | loss 9.1737 | lr 1.16e-03 | 0.6s
epoch 1344 | loss 9.2184 | lr 1.16e-03 | 0.5s
epoch 1345 | loss 9.1981 | lr 1.16e-03 | 0.5s
epoch 1346 | loss 9.1643 | lr 1.16e-03 | 0.5s
epoch 1347 | loss 9.1698 | lr 1.16e-03 | 0.6s
epoch 1348 | loss 9.1709 | lr 1.16e-03 | 0.6s
epoch 1349 | loss 9.2073 | lr 1.16e-03 | 0.6s
epoch 1350 | loss 9.2101 | lr 1.16e-03 | 0.6s
epoch 1351 | loss 9.2385 | lr 1.16e-03 | 0.6s
epoch 1352 | loss 9.2139 | lr 1.16e-03 | 0.6s
epoch 1353 | loss 9.2332 | lr 1.16e-03 | 0.5s
epoch 1354 | loss 9.1926 | lr 1.16e-03 | 0.6s
epoch 1355 | loss 9.1975 | lr 1.16e-03 | 0.6s
epoch 1356 | loss 9.1590 | lr 1.16e-03 | 0.6s
epoch 1357 | loss 9.2128 | lr 1.16e-03 | 0.6s
epoch 1358 | loss 9.1918 | lr 1.16e-03 | 0.6s
epoch 1359 | loss 9.2039 | lr 1.16e-03 | 0.6s
epoch 1360 | loss 9.1829 | lr 1.16e-03 | 0.6s
epoch 1361 | loss 9.1395 | lr 1.15e-03 | 0.6s
epoch 1362 | loss 9.1553 | lr 1.15e-03 | 0.6s
epoch 1363 | loss 9.2229 | lr 1.15e-03 | 0.6s
epoch 1364 | loss 9.1602 | lr 1.15e-03 | 0.6s
epoch 1365 | loss 9.2016 | lr 1.15e-03 | 0.6s
epoch 1366 | loss 9.1672 | lr 1.15e-03 | 0.6s
epoch 1367 | loss 9.2325 | lr 1.15e-03 | 0.6s
epoch 1368 | loss 9.2349 | lr 1.15e-03 | 0.6s
epoch 1369 | loss 9.1582 | lr 1.15e-03 | 0.6s
epoch 1370 | loss 9.1506 | lr 1.15e-03 | 0.6s
epoch 1371 | loss 9.1931 | lr 1.15e-03 | 0.6s
epoch 1372 | loss 9.1969 | lr 1.15e-03 | 0.6s
epoch 1373 | loss 9.1816 | lr 1.15e-03 | 0.6s
epoch 1374 | loss 9.1890 | lr 1.15e-03 | 0.6s
epoch 1375 | loss 9.1829 | lr 1.15e-03 | 0.6s
epoch 1376 | loss 9.1888 | lr 1.15e-03 | 0.6s
epoch 1377 | loss 9.1488 | lr 1.15e-03 | 0.6s
epoch 1378 | loss 9.1425 | lr 1.15e-03 | 0.6s
epoch 1379 | loss 9.1721 | lr 1.14e-03 | 0.6s
epoch 1380 | loss 9.1967 | lr 1.14e-03 | 0.6s
epoch 1381 | loss 9.1840 | lr 1.14e-03 | 0.6s
epoch 1382 | loss 9.2138 | lr 1.14e-03 | 0.6s
epoch 1383 | loss 9.1859 | lr 1.14e-03 | 0.6s
epoch 1384 | loss 9.1973 | lr 1.14e-03 | 0.6s
epoch 1385 | loss 9.2261 | lr 1.14e-03 | 0.6s
epoch 1386 | loss 9.2145 | lr 1.14e-03 | 0.6s
epoch 1387 | loss 9.2092 | lr 1.14e-03 | 0.6s
epoch 1388 | loss 9.1788 | lr 1.14e-03 | 0.6s
epoch 1389 | loss 9.2033 | lr 1.14e-03 | 0.6s
epoch 1390 | loss 9.1679 | lr 1.14e-03 | 0.6s
epoch 1391 | loss 9.1718 | lr 1.14e-03 | 0.6s
epoch 1392 | loss 9.1037 | lr 1.14e-03 | 0.6s
epoch 1393 | loss 9.1404 | lr 1.14e-03 | 0.6s
epoch 1394 | loss 9.1476 | lr 1.14e-03 | 0.6s
epoch 1395 | loss 9.1894 | lr 1.14e-03 | 0.6s
epoch 1396 | loss 9.2003 | lr 1.14e-03 | 0.6s
epoch 1397 | loss 9.2116 | lr 1.14e-03 | 0.6s
epoch 1398 | loss 9.1572 | lr 1.13e-03 | 0.6s
epoch 1399 | loss 9.1566 | lr 1.13e-03 | 0.6s
epoch 1400 | loss 9.1646 | lr 1.13e-03 | 0.6s
epoch 1401 | loss 9.1731 | lr 1.13e-03 | 0.6s
epoch 1402 | loss 9.1857 | lr 1.13e-03 | 0.6s
epoch 1403 | loss 9.1821 | lr 1.13e-03 | 0.6s
epoch 1404 | loss 9.2210 | lr 1.13e-03 | 0.6s
epoch 1405 | loss 9.1391 | lr 1.13e-03 | 0.6s
epoch 1406 | loss 9.1681 | lr 1.13e-03 | 0.6s
epoch 1407 | loss 9.1368 | lr 1.13e-03 | 0.6s
epoch 1408 | loss 9.1724 | lr 1.13e-03 | 0.6s
epoch 1409 | loss 9.1658 | lr 1.13e-03 | 0.6s
epoch 1410 | loss 9.2225 | lr 1.13e-03 | 0.6s
epoch 1411 | loss 9.1960 | lr 1.13e-03 | 0.6s
epoch 1412 | loss 9.1305 | lr 1.13e-03 | 0.6s
epoch 1413 | loss 9.1852 | lr 1.13e-03 | 0.6s
epoch 1414 | loss 9.1854 | lr 1.13e-03 | 0.6s
epoch 1415 | loss 9.1926 | lr 1.13e-03 | 0.6s
epoch 1416 | loss 9.2059 | lr 1.12e-03 | 0.6s
epoch 1417 | loss 9.1896 | lr 1.12e-03 | 0.6s
epoch 1418 | loss 9.1040 | lr 1.12e-03 | 0.6s
epoch 1419 | loss 9.1895 | lr 1.12e-03 | 0.6s
epoch 1420 | loss 9.1628 | lr 1.12e-03 | 0.6s
epoch 1421 | loss 9.2104 | lr 1.12e-03 | 0.6s
epoch 1422 | loss 9.1549 | lr 1.12e-03 | 0.6s
epoch 1423 | loss 9.1778 | lr 1.12e-03 | 0.6s
epoch 1424 | loss 9.1653 | lr 1.12e-03 | 0.6s
epoch 1425 | loss 9.1801 | lr 1.12e-03 | 0.6s
epoch 1426 | loss 9.2114 | lr 1.12e-03 | 0.6s
epoch 1427 | loss 9.1854 | lr 1.12e-03 | 0.6s
epoch 1428 | loss 9.1850 | lr 1.12e-03 | 0.6s
epoch 1429 | loss 9.1232 | lr 1.12e-03 | 0.6s
epoch 1430 | loss 9.1564 | lr 1.12e-03 | 0.6s
epoch 1431 | loss 9.1669 | lr 1.12e-03 | 0.6s
epoch 1432 | loss 9.1981 | lr 1.12e-03 | 0.6s
epoch 1433 | loss 9.1694 | lr 1.12e-03 | 0.6s
epoch 1434 | loss 9.1116 | lr 1.11e-03 | 0.6s
epoch 1435 | loss 9.1235 | lr 1.11e-03 | 0.6s
epoch 1436 | loss 9.1851 | lr 1.11e-03 | 0.6s
epoch 1437 | loss 9.1580 | lr 1.11e-03 | 0.6s
epoch 1438 | loss 9.1302 | lr 1.11e-03 | 0.6s
epoch 1439 | loss 9.1764 | lr 1.11e-03 | 0.6s
epoch 1440 | loss 9.1555 | lr 1.11e-03 | 0.6s
epoch 1441 | loss 9.1253 | lr 1.11e-03 | 0.6s
epoch 1442 | loss 9.0853 | lr 1.11e-03 | 0.6s
epoch 1443 | loss 9.1678 | lr 1.11e-03 | 0.6s
epoch 1444 | loss 9.1839 | lr 1.11e-03 | 0.6s
epoch 1445 | loss 9.1835 | lr 1.11e-03 | 0.6s
epoch 1446 | loss 9.2024 | lr 1.11e-03 | 0.6s
epoch 1447 | loss 9.1828 | lr 1.11e-03 | 0.6s
epoch 1448 | loss 9.1691 | lr 1.11e-03 | 0.6s
epoch 1449 | loss 9.2024 | lr 1.11e-03 | 0.6s
epoch 1450 | loss 9.1712 | lr 1.11e-03 | 0.6s
epoch 1451 | loss 9.2364 | lr 1.11e-03 | 0.6s
epoch 1452 | loss 9.1645 | lr 1.10e-03 | 0.6s
epoch 1453 | loss 9.1633 | lr 1.10e-03 | 0.6s
epoch 1454 | loss 9.1835 | lr 1.10e-03 | 0.6s
epoch 1455 | loss 9.1314 | lr 1.10e-03 | 0.6s
epoch 1456 | loss 9.1798 | lr 1.10e-03 | 0.6s
epoch 1457 | loss 9.1908 | lr 1.10e-03 | 0.6s
epoch 1458 | loss 9.1885 | lr 1.10e-03 | 0.6s
epoch 1459 | loss 9.1971 | lr 1.10e-03 | 0.6s
epoch 1460 | loss 9.1351 | lr 1.10e-03 | 0.6s
epoch 1461 | loss 9.1616 | lr 1.10e-03 | 0.6s
epoch 1462 | loss 9.1870 | lr 1.10e-03 | 0.6s
epoch 1463 | loss 9.2005 | lr 1.10e-03 | 0.6s
epoch 1464 | loss 9.1137 | lr 1.10e-03 | 0.6s
epoch 1465 | loss 9.1672 | lr 1.10e-03 | 0.6s
epoch 1466 | loss 9.1615 | lr 1.10e-03 | 0.6s
epoch 1467 | loss 9.1481 | lr 1.10e-03 | 0.6s
epoch 1468 | loss 9.1713 | lr 1.10e-03 | 0.6s
epoch 1469 | loss 9.1129 | lr 1.10e-03 | 0.6s
epoch 1470 | loss 9.1279 | lr 1.09e-03 | 0.6s
epoch 1471 | loss 9.1312 | lr 1.09e-03 | 0.6s
epoch 1472 | loss 9.1851 | lr 1.09e-03 | 0.6s
epoch 1473 | loss 9.1430 | lr 1.09e-03 | 0.6s
epoch 1474 | loss 9.1458 | lr 1.09e-03 | 0.6s
epoch 1475 | loss 9.1233 | lr 1.09e-03 | 0.6s
epoch 1476 | loss 9.1806 | lr 1.09e-03 | 0.6s
epoch 1477 | loss 9.1705 | lr 1.09e-03 | 0.6s
epoch 1478 | loss 9.1056 | lr 1.09e-03 | 0.6s
epoch 1479 | loss 9.1148 | lr 1.09e-03 | 0.6s
epoch 1480 | loss 9.1068 | lr 1.09e-03 | 0.6s
epoch 1481 | loss 9.1250 | lr 1.09e-03 | 0.6s
epoch 1482 | loss 9.1946 | lr 1.09e-03 | 0.6s
epoch 1483 | loss 9.1569 | lr 1.09e-03 | 0.6s
epoch 1484 | loss 9.1726 | lr 1.09e-03 | 0.6s
epoch 1485 | loss 9.1563 | lr 1.09e-03 | 0.6s
epoch 1486 | loss 9.1710 | lr 1.09e-03 | 0.6s
epoch 1487 | loss 9.1870 | lr 1.09e-03 | 0.6s
epoch 1488 | loss 9.1787 | lr 1.08e-03 | 0.6s
epoch 1489 | loss 9.1512 | lr 1.08e-03 | 0.6s
epoch 1490 | loss 9.1745 | lr 1.08e-03 | 0.6s
epoch 1491 | loss 9.2025 | lr 1.08e-03 | 0.6s
epoch 1492 | loss 9.1828 | lr 1.08e-03 | 0.6s
epoch 1493 | loss 9.1402 | lr 1.08e-03 | 0.6s
epoch 1494 | loss 9.1642 | lr 1.08e-03 | 0.6s
epoch 1495 | loss 9.1517 | lr 1.08e-03 | 0.6s
epoch 1496 | loss 9.2022 | lr 1.08e-03 | 0.6s
epoch 1497 | loss 9.0821 | lr 1.08e-03 | 0.6s
epoch 1498 | loss 9.1417 | lr 1.08e-03 | 0.6s
epoch 1499 | loss 9.1676 | lr 1.08e-03 | 0.6s
epoch 1500 | loss 9.1542 | lr 1.08e-03 | 0.6s
epoch 1501 | loss 9.1484 | lr 1.08e-03 | 0.6s
epoch 1502 | loss 9.1624 | lr 1.08e-03 | 0.6s
epoch 1503 | loss 9.2083 | lr 1.08e-03 | 0.6s
epoch 1504 | loss 9.1484 | lr 1.08e-03 | 0.6s
epoch 1505 | loss 9.0742 | lr 1.08e-03 | 0.6s
epoch 1506 | loss 9.1395 | lr 1.07e-03 | 0.6s
epoch 1507 | loss 9.1285 | lr 1.07e-03 | 0.6s
epoch 1508 | loss 9.1628 | lr 1.07e-03 | 0.6s
epoch 1509 | loss 9.1268 | lr 1.07e-03 | 0.6s
epoch 1510 | loss 9.2037 | lr 1.07e-03 | 0.6s
epoch 1511 | loss 9.1306 | lr 1.07e-03 | 0.6s
epoch 1512 | loss 9.1538 | lr 1.07e-03 | 0.6s
epoch 1513 | loss 9.1737 | lr 1.07e-03 | 0.6s
epoch 1514 | loss 9.2074 | lr 1.07e-03 | 0.6s
epoch 1515 | loss 9.1310 | lr 1.07e-03 | 0.6s
epoch 1516 | loss 9.1063 | lr 1.07e-03 | 0.6s
epoch 1517 | loss 9.1501 | lr 1.07e-03 | 0.6s
epoch 1518 | loss 9.2020 | lr 1.07e-03 | 0.6s
epoch 1519 | loss 9.1592 | lr 1.07e-03 | 0.6s
epoch 1520 | loss 9.1229 | lr 1.07e-03 | 0.6s
epoch 1521 | loss 9.2033 | lr 1.07e-03 | 0.6s
epoch 1522 | loss 9.1828 | lr 1.07e-03 | 0.6s
epoch 1523 | loss 9.1835 | lr 1.06e-03 | 0.6s
epoch 1524 | loss 9.1407 | lr 1.06e-03 | 0.6s
epoch 1525 | loss 9.1758 | lr 1.06e-03 | 0.5s
epoch 1526 | loss 9.1650 | lr 1.06e-03 | 0.5s
epoch 1527 | loss 9.1934 | lr 1.06e-03 | 0.5s
epoch 1528 | loss 9.1375 | lr 1.06e-03 | 0.5s
epoch 1529 | loss 9.1547 | lr 1.06e-03 | 0.5s
epoch 1530 | loss 9.1458 | lr 1.06e-03 | 0.5s
epoch 1531 | loss 9.1654 | lr 1.06e-03 | 0.5s
epoch 1532 | loss 9.1750 | lr 1.06e-03 | 0.6s
epoch 1533 | loss 9.1494 | lr 1.06e-03 | 0.6s
epoch 1534 | loss 9.1155 | lr 1.06e-03 | 0.5s
epoch 1535 | loss 9.1073 | lr 1.06e-03 | 0.5s
epoch 1536 | loss 9.1398 | lr 1.06e-03 | 0.5s
epoch 1537 | loss 9.1751 | lr 1.06e-03 | 0.5s
epoch 1538 | loss 9.1133 | lr 1.06e-03 | 0.5s
epoch 1539 | loss 9.1123 | lr 1.06e-03 | 0.6s
epoch 1540 | loss 9.1042 | lr 1.06e-03 | 0.5s
epoch 1541 | loss 9.1717 | lr 1.05e-03 | 0.5s
epoch 1542 | loss 9.1496 | lr 1.05e-03 | 0.5s
epoch 1543 | loss 9.1142 | lr 1.05e-03 | 0.5s
epoch 1544 | loss 9.1644 | lr 1.05e-03 | 0.5s
epoch 1545 | loss 9.1683 | lr 1.05e-03 | 0.5s
epoch 1546 | loss 9.1838 | lr 1.05e-03 | 0.5s
epoch 1547 | loss 9.1787 | lr 1.05e-03 | 0.5s
epoch 1548 | loss 9.1570 | lr 1.05e-03 | 0.6s
epoch 1549 | loss 9.1052 | lr 1.05e-03 | 0.5s
epoch 1550 | loss 9.1806 | lr 1.05e-03 | 0.6s
epoch 1551 | loss 9.1592 | lr 1.05e-03 | 0.6s
epoch 1552 | loss 9.1131 | lr 1.05e-03 | 0.5s
epoch 1553 | loss 9.1533 | lr 1.05e-03 | 0.5s
epoch 1554 | loss 9.1627 | lr 1.05e-03 | 0.5s
epoch 1555 | loss 9.1720 | lr 1.05e-03 | 0.5s
epoch 1556 | loss 9.1526 | lr 1.05e-03 | 0.6s
epoch 1557 | loss 9.1510 | lr 1.05e-03 | 0.6s
epoch 1558 | loss 9.1326 | lr 1.04e-03 | 0.6s
epoch 1559 | loss 9.1561 | lr 1.04e-03 | 0.6s
epoch 1560 | loss 9.1462 | lr 1.04e-03 | 0.5s
epoch 1561 | loss 9.1760 | lr 1.04e-03 | 0.5s
epoch 1562 | loss 9.1451 | lr 1.04e-03 | 0.5s
epoch 1563 | loss 9.2250 | lr 1.04e-03 | 0.5s
epoch 1564 | loss 9.1936 | lr 1.04e-03 | 0.5s
epoch 1565 | loss 9.1631 | lr 1.04e-03 | 0.5s
epoch 1566 | loss 9.1285 | lr 1.04e-03 | 0.5s
epoch 1567 | loss 9.1839 | lr 1.04e-03 | 0.5s
epoch 1568 | loss 9.1833 | lr 1.04e-03 | 0.6s
epoch 1569 | loss 9.2018 | lr 1.04e-03 | 0.6s
epoch 1570 | loss 9.1785 | lr 1.04e-03 | 0.6s
epoch 1571 | loss 9.1093 | lr 1.04e-03 | 0.6s
epoch 1572 | loss 9.1346 | lr 1.04e-03 | 0.6s
epoch 1573 | loss 9.1353 | lr 1.04e-03 | 0.5s
epoch 1574 | loss 9.1193 | lr 1.04e-03 | 0.5s
epoch 1575 | loss 9.1205 | lr 1.03e-03 | 0.5s
epoch 1576 | loss 9.1136 | lr 1.03e-03 | 0.6s
epoch 1577 | loss 9.1461 | lr 1.03e-03 | 0.5s
epoch 1578 | loss 9.1656 | lr 1.03e-03 | 0.6s
epoch 1579 | loss 9.1030 | lr 1.03e-03 | 0.6s
epoch 1580 | loss 9.1774 | lr 1.03e-03 | 0.6s
epoch 1581 | loss 9.1469 | lr 1.03e-03 | 0.6s
epoch 1582 | loss 9.1198 | lr 1.03e-03 | 0.6s
epoch 1583 | loss 9.1496 | lr 1.03e-03 | 0.6s
epoch 1584 | loss 9.1294 | lr 1.03e-03 | 0.6s
epoch 1585 | loss 9.1839 | lr 1.03e-03 | 0.6s
epoch 1586 | loss 9.0923 | lr 1.03e-03 | 0.6s
epoch 1587 | loss 9.1424 | lr 1.03e-03 | 0.6s
epoch 1588 | loss 9.0927 | lr 1.03e-03 | 0.6s
epoch 1589 | loss 9.1685 | lr 1.03e-03 | 0.6s
epoch 1590 | loss 9.1435 | lr 1.03e-03 | 0.6s
epoch 1591 | loss 9.1351 | lr 1.03e-03 | 0.6s
epoch 1592 | loss 9.1430 | lr 1.03e-03 | 0.6s
epoch 1593 | loss 9.1250 | lr 1.02e-03 | 0.6s
epoch 1594 | loss 9.1619 | lr 1.02e-03 | 0.6s
epoch 1595 | loss 9.0968 | lr 1.02e-03 | 0.6s
epoch 1596 | loss 9.1773 | lr 1.02e-03 | 0.6s
epoch 1597 | loss 9.1851 | lr 1.02e-03 | 0.6s
epoch 1598 | loss 9.1673 | lr 1.02e-03 | 0.6s
epoch 1599 | loss 9.1465 | lr 1.02e-03 | 0.6s
epoch 1600 | loss 9.1232 | lr 1.02e-03 | 0.6s
epoch 1601 | loss 9.1294 | lr 1.02e-03 | 0.6s
epoch 1602 | loss 9.1777 | lr 1.02e-03 | 0.6s
epoch 1603 | loss 9.1194 | lr 1.02e-03 | 0.6s
epoch 1604 | loss 9.1588 | lr 1.02e-03 | 0.6s
epoch 1605 | loss 9.1552 | lr 1.02e-03 | 0.6s
epoch 1606 | loss 9.1080 | lr 1.02e-03 | 0.6s
epoch 1607 | loss 9.2101 | lr 1.02e-03 | 0.6s
epoch 1608 | loss 9.1853 | lr 1.02e-03 | 0.6s
epoch 1609 | loss 9.1030 | lr 1.02e-03 | 0.6s
epoch 1610 | loss 9.1477 | lr 1.01e-03 | 0.6s
epoch 1611 | loss 9.1655 | lr 1.01e-03 | 0.6s
epoch 1612 | loss 9.1537 | lr 1.01e-03 | 0.6s
epoch 1613 | loss 9.1493 | lr 1.01e-03 | 0.6s
epoch 1614 | loss 9.1308 | lr 1.01e-03 | 0.6s
epoch 1615 | loss 9.1178 | lr 1.01e-03 | 0.6s
epoch 1616 | loss 9.0944 | lr 1.01e-03 | 0.6s
epoch 1617 | loss 9.0551 | lr 1.01e-03 | 0.6s
epoch 1618 | loss 9.1709 | lr 1.01e-03 | 0.6s
epoch 1619 | loss 9.1571 | lr 1.01e-03 | 0.6s
epoch 1620 | loss 9.1194 | lr 1.01e-03 | 0.6s
epoch 1621 | loss 9.1421 | lr 1.01e-03 | 0.6s
epoch 1622 | loss 9.1478 | lr 1.01e-03 | 0.6s
epoch 1623 | loss 9.1298 | lr 1.01e-03 | 0.6s
epoch 1624 | loss 9.1556 | lr 1.01e-03 | 0.6s
epoch 1625 | loss 9.0482 | lr 1.01e-03 | 0.6s
epoch 1626 | loss 9.0648 | lr 1.01e-03 | 0.6s
epoch 1627 | loss 9.1458 | lr 1.00e-03 | 0.6s
epoch 1628 | loss 9.1570 | lr 1.00e-03 | 0.6s
epoch 1629 | loss 9.1436 | lr 1.00e-03 | 0.6s
epoch 1630 | loss 9.1592 | lr 1.00e-03 | 0.6s
epoch 1631 | loss 9.1502 | lr 1.00e-03 | 0.6s
epoch 1632 | loss 9.1391 | lr 1.00e-03 | 0.6s
epoch 1633 | loss 9.1383 | lr 1.00e-03 | 0.6s
epoch 1634 | loss 9.1476 | lr 1.00e-03 | 0.6s
epoch 1635 | loss 9.1162 | lr 1.00e-03 | 0.6s
epoch 1636 | loss 9.0850 | lr 9.99e-04 | 0.6s
epoch 1637 | loss 9.1462 | lr 9.99e-04 | 0.6s
epoch 1638 | loss 9.1161 | lr 9.98e-04 | 0.6s
epoch 1639 | loss 9.1539 | lr 9.98e-04 | 0.6s
epoch 1640 | loss 9.1226 | lr 9.97e-04 | 0.6s
epoch 1641 | loss 9.1254 | lr 9.96e-04 | 0.6s
epoch 1642 | loss 9.1222 | lr 9.96e-04 | 0.6s
epoch 1643 | loss 9.1256 | lr 9.95e-04 | 0.6s
epoch 1644 | loss 9.1344 | lr 9.95e-04 | 0.6s
epoch 1645 | loss 9.1175 | lr 9.94e-04 | 0.6s
epoch 1646 | loss 9.1896 | lr 9.93e-04 | 0.6s
epoch 1647 | loss 9.1671 | lr 9.93e-04 | 0.6s
epoch 1648 | loss 9.1463 | lr 9.92e-04 | 0.6s
epoch 1649 | loss 9.1672 | lr 9.92e-04 | 0.6s
epoch 1650 | loss 9.1788 | lr 9.91e-04 | 0.6s
epoch 1651 | loss 9.0787 | lr 9.91e-04 | 0.6s
epoch 1652 | loss 9.0996 | lr 9.90e-04 | 0.6s
epoch 1653 | loss 9.0834 | lr 9.89e-04 | 0.6s
epoch 1654 | loss 9.1073 | lr 9.89e-04 | 0.6s
epoch 1655 | loss 9.1018 | lr 9.88e-04 | 0.6s
epoch 1656 | loss 9.1203 | lr 9.88e-04 | 0.6s
epoch 1657 | loss 9.0739 | lr 9.87e-04 | 0.6s
epoch 1658 | loss 9.0921 | lr 9.86e-04 | 0.6s
epoch 1659 | loss 9.1510 | lr 9.86e-04 | 0.6s
epoch 1660 | loss 9.1079 | lr 9.85e-04 | 0.6s
epoch 1661 | loss 9.0963 | lr 9.85e-04 | 0.6s
epoch 1662 | loss 9.1437 | lr 9.84e-04 | 0.6s
epoch 1663 | loss 9.1436 | lr 9.83e-04 | 0.6s
epoch 1664 | loss 9.1278 | lr 9.83e-04 | 0.6s
epoch 1665 | loss 9.1941 | lr 9.82e-04 | 0.6s
epoch 1666 | loss 9.0678 | lr 9.82e-04 | 0.6s
epoch 1667 | loss 9.0978 | lr 9.81e-04 | 0.6s
epoch 1668 | loss 9.1312 | lr 9.80e-04 | 0.6s
epoch 1669 | loss 9.0762 | lr 9.80e-04 | 0.6s
epoch 1670 | loss 9.1612 | lr 9.79e-04 | 0.6s
epoch 1671 | loss 9.1651 | lr 9.79e-04 | 0.6s
epoch 1672 | loss 9.1197 | lr 9.78e-04 | 0.6s
epoch 1673 | loss 9.1605 | lr 9.78e-04 | 0.6s
epoch 1674 | loss 9.1283 | lr 9.77e-04 | 0.6s
epoch 1675 | loss 9.1585 | lr 9.76e-04 | 0.6s
epoch 1676 | loss 9.0696 | lr 9.76e-04 | 0.6s
epoch 1677 | loss 9.0906 | lr 9.75e-04 | 0.6s
epoch 1678 | loss 9.1689 | lr 9.75e-04 | 0.6s
epoch 1679 | loss 9.1762 | lr 9.74e-04 | 0.6s
epoch 1680 | loss 9.1189 | lr 9.73e-04 | 0.6s
epoch 1681 | loss 9.1114 | lr 9.73e-04 | 0.6s
epoch 1682 | loss 9.1252 | lr 9.72e-04 | 0.6s
epoch 1683 | loss 9.1159 | lr 9.72e-04 | 0.6s
epoch 1684 | loss 9.0968 | lr 9.71e-04 | 0.6s
epoch 1685 | loss 9.0712 | lr 9.70e-04 | 0.6s
epoch 1686 | loss 9.1292 | lr 9.70e-04 | 0.6s
epoch 1687 | loss 9.1240 | lr 9.69e-04 | 0.6s
epoch 1688 | loss 9.1380 | lr 9.69e-04 | 0.6s
epoch 1689 | loss 9.1006 | lr 9.68e-04 | 0.6s
epoch 1690 | loss 9.1350 | lr 9.67e-04 | 0.6s
epoch 1691 | loss 9.1187 | lr 9.67e-04 | 0.6s
epoch 1692 | loss 9.1105 | lr 9.66e-04 | 0.6s
epoch 1693 | loss 9.1448 | lr 9.66e-04 | 0.6s
epoch 1694 | loss 9.0940 | lr 9.65e-04 | 0.6s
epoch 1695 | loss 9.1448 | lr 9.64e-04 | 0.6s
epoch 1696 | loss 9.0792 | lr 9.64e-04 | 0.6s
epoch 1697 | loss 9.1175 | lr 9.63e-04 | 0.6s
epoch 1698 | loss 9.1746 | lr 9.63e-04 | 0.6s
epoch 1699 | loss 9.1390 | lr 9.62e-04 | 0.6s
epoch 1700 | loss 9.0953 | lr 9.61e-04 | 0.6s
epoch 1701 | loss 9.1488 | lr 9.61e-04 | 0.6s
epoch 1702 | loss 9.0666 | lr 9.60e-04 | 0.6s
epoch 1703 | loss 9.1214 | lr 9.60e-04 | 0.6s
epoch 1704 | loss 9.0651 | lr 9.59e-04 | 0.6s
epoch 1705 | loss 9.0842 | lr 9.59e-04 | 0.6s
epoch 1706 | loss 9.1124 | lr 9.58e-04 | 0.6s
epoch 1707 | loss 9.1265 | lr 9.57e-04 | 0.6s
epoch 1708 | loss 9.1844 | lr 9.57e-04 | 0.6s
epoch 1709 | loss 9.1146 | lr 9.56e-04 | 0.6s
epoch 1710 | loss 9.1342 | lr 9.56e-04 | 0.6s
epoch 1711 | loss 9.1276 | lr 9.55e-04 | 0.6s
epoch 1712 | loss 9.0989 | lr 9.54e-04 | 0.6s
epoch 1713 | loss 9.1142 | lr 9.54e-04 | 0.6s
epoch 1714 | loss 9.0802 | lr 9.53e-04 | 0.6s
epoch 1715 | loss 9.0920 | lr 9.53e-04 | 0.6s
epoch 1716 | loss 9.1191 | lr 9.52e-04 | 0.6s
epoch 1717 | loss 9.0768 | lr 9.51e-04 | 0.6s
epoch 1718 | loss 9.1255 | lr 9.51e-04 | 0.6s
epoch 1719 | loss 9.1128 | lr 9.50e-04 | 0.6s
epoch 1720 | loss 9.1350 | lr 9.50e-04 | 0.6s
epoch 1721 | loss 9.1600 | lr 9.49e-04 | 0.6s
epoch 1722 | loss 9.1354 | lr 9.48e-04 | 0.6s
epoch 1723 | loss 9.1053 | lr 9.48e-04 | 0.6s
epoch 1724 | loss 9.1185 | lr 9.47e-04 | 0.6s
epoch 1725 | loss 9.1390 | lr 9.47e-04 | 0.6s
epoch 1726 | loss 9.1028 | lr 9.46e-04 | 0.6s
epoch 1727 | loss 9.1299 | lr 9.45e-04 | 0.6s
epoch 1728 | loss 9.0790 | lr 9.45e-04 | 0.6s
epoch 1729 | loss 9.0678 | lr 9.44e-04 | 0.6s
epoch 1730 | loss 9.1091 | lr 9.44e-04 | 0.6s
epoch 1731 | loss 9.1111 | lr 9.43e-04 | 0.6s
epoch 1732 | loss 9.0816 | lr 9.42e-04 | 0.6s
epoch 1733 | loss 9.0872 | lr 9.42e-04 | 0.6s
epoch 1734 | loss 9.1184 | lr 9.41e-04 | 0.6s
epoch 1735 | loss 9.0951 | lr 9.41e-04 | 0.5s
epoch 1736 | loss 9.0773 | lr 9.40e-04 | 0.5s
epoch 1737 | loss 9.0991 | lr 9.39e-04 | 0.5s
epoch 1738 | loss 9.1303 | lr 9.39e-04 | 0.5s
epoch 1739 | loss 9.1601 | lr 9.38e-04 | 0.5s
epoch 1740 | loss 9.1109 | lr 9.38e-04 | 0.5s
epoch 1741 | loss 9.0636 | lr 9.37e-04 | 0.5s
epoch 1742 | loss 9.1345 | lr 9.36e-04 | 0.5s
epoch 1743 | loss 9.0648 | lr 9.36e-04 | 0.5s
epoch 1744 | loss 9.1249 | lr 9.35e-04 | 0.5s
epoch 1745 | loss 9.1051 | lr 9.35e-04 | 0.5s
epoch 1746 | loss 9.1164 | lr 9.34e-04 | 0.5s
epoch 1747 | loss 9.1412 | lr 9.33e-04 | 0.5s
epoch 1748 | loss 9.1094 | lr 9.33e-04 | 0.5s
epoch 1749 | loss 9.0723 | lr 9.32e-04 | 0.5s
epoch 1750 | loss 9.0927 | lr 9.32e-04 | 0.5s
epoch 1751 | loss 9.0967 | lr 9.31e-04 | 0.5s
epoch 1752 | loss 9.1336 | lr 9.30e-04 | 0.5s
epoch 1753 | loss 9.1322 | lr 9.30e-04 | 0.5s
epoch 1754 | loss 9.1017 | lr 9.29e-04 | 0.5s
epoch 1755 | loss 9.1277 | lr 9.29e-04 | 0.5s
epoch 1756 | loss 9.1280 | lr 9.28e-04 | 0.5s
epoch 1757 | loss 9.1520 | lr 9.27e-04 | 0.5s
epoch 1758 | loss 9.1027 | lr 9.27e-04 | 0.5s
epoch 1759 | loss 9.1359 | lr 9.26e-04 | 0.5s
epoch 1760 | loss 9.1233 | lr 9.26e-04 | 0.5s
epoch 1761 | loss 9.1225 | lr 9.25e-04 | 0.5s
epoch 1762 | loss 9.1534 | lr 9.24e-04 | 0.5s
epoch 1763 | loss 9.1106 | lr 9.24e-04 | 0.5s
epoch 1764 | loss 9.1288 | lr 9.23e-04 | 0.5s
epoch 1765 | loss 9.0393 | lr 9.23e-04 | 0.5s
epoch 1766 | loss 9.1060 | lr 9.22e-04 | 0.5s
epoch 1767 | loss 9.1306 | lr 9.21e-04 | 0.5s
epoch 1768 | loss 9.0835 | lr 9.21e-04 | 0.5s
epoch 1769 | loss 9.1168 | lr 9.20e-04 | 0.5s
epoch 1770 | loss 9.0842 | lr 9.20e-04 | 0.5s
epoch 1771 | loss 9.1080 | lr 9.19e-04 | 0.5s
epoch 1772 | loss 9.0655 | lr 9.18e-04 | 0.5s
epoch 1773 | loss 9.0870 | lr 9.18e-04 | 0.5s
epoch 1774 | loss 9.0862 | lr 9.17e-04 | 0.5s
epoch 1775 | loss 9.0927 | lr 9.17e-04 | 0.5s
epoch 1776 | loss 9.1379 | lr 9.16e-04 | 0.5s
epoch 1777 | loss 9.1431 | lr 9.15e-04 | 0.5s
epoch 1778 | loss 9.1122 | lr 9.15e-04 | 0.5s
epoch 1779 | loss 9.1706 | lr 9.14e-04 | 0.5s
epoch 1780 | loss 9.0896 | lr 9.14e-04 | 0.5s
epoch 1781 | loss 9.1104 | lr 9.13e-04 | 0.5s
epoch 1782 | loss 9.0663 | lr 9.12e-04 | 0.5s
epoch 1783 | loss 9.1045 | lr 9.12e-04 | 0.5s
epoch 1784 | loss 9.1723 | lr 9.11e-04 | 0.5s
epoch 1785 | loss 9.0989 | lr 9.10e-04 | 0.5s
epoch 1786 | loss 9.1211 | lr 9.10e-04 | 0.5s
epoch 1787 | loss 9.1103 | lr 9.09e-04 | 0.5s
epoch 1788 | loss 9.0939 | lr 9.09e-04 | 0.5s
epoch 1789 | loss 9.0754 | lr 9.08e-04 | 0.5s
epoch 1790 | loss 9.1306 | lr 9.07e-04 | 0.5s
epoch 1791 | loss 9.1293 | lr 9.07e-04 | 0.6s
epoch 1792 | loss 9.1350 | lr 9.06e-04 | 0.5s
epoch 1793 | loss 9.0561 | lr 9.06e-04 | 0.6s
epoch 1794 | loss 9.0901 | lr 9.05e-04 | 0.6s
epoch 1795 | loss 9.0749 | lr 9.04e-04 | 0.6s
epoch 1796 | loss 9.1125 | lr 9.04e-04 | 0.6s
epoch 1797 | loss 9.0988 | lr 9.03e-04 | 0.6s
epoch 1798 | loss 9.0748 | lr 9.03e-04 | 0.6s
epoch 1799 | loss 9.0757 | lr 9.02e-04 | 0.6s
epoch 1800 | loss 9.0680 | lr 9.01e-04 | 0.6s
epoch 1801 | loss 9.1198 | lr 9.01e-04 | 0.5s
epoch 1802 | loss 9.1429 | lr 9.00e-04 | 0.6s
epoch 1803 | loss 9.1275 | lr 9.00e-04 | 0.6s
epoch 1804 | loss 9.0761 | lr 8.99e-04 | 0.6s
epoch 1805 | loss 9.0865 | lr 8.98e-04 | 0.6s
epoch 1806 | loss 9.1141 | lr 8.98e-04 | 0.5s
epoch 1807 | loss 9.0738 | lr 8.97e-04 | 0.6s
epoch 1808 | loss 9.1459 | lr 8.97e-04 | 0.6s
epoch 1809 | loss 9.1103 | lr 8.96e-04 | 0.6s
epoch 1810 | loss 9.0867 | lr 8.95e-04 | 0.6s
epoch 1811 | loss 9.1055 | lr 8.95e-04 | 0.6s
epoch 1812 | loss 9.1406 | lr 8.94e-04 | 0.6s
epoch 1813 | loss 9.1559 | lr 8.94e-04 | 0.5s
epoch 1814 | loss 9.1610 | lr 8.93e-04 | 0.6s
epoch 1815 | loss 9.0855 | lr 8.92e-04 | 0.6s
epoch 1816 | loss 9.1261 | lr 8.92e-04 | 0.6s
epoch 1817 | loss 9.1314 | lr 8.91e-04 | 0.6s
epoch 1818 | loss 9.1244 | lr 8.91e-04 | 0.6s
epoch 1819 | loss 9.1266 | lr 8.90e-04 | 0.6s
epoch 1820 | loss 9.0989 | lr 8.89e-04 | 0.6s
epoch 1821 | loss 9.0556 | lr 8.89e-04 | 0.6s
epoch 1822 | loss 9.0960 | lr 8.88e-04 | 0.6s
epoch 1823 | loss 9.1014 | lr 8.87e-04 | 0.6s
epoch 1824 | loss 9.1065 | lr 8.87e-04 | 0.6s
epoch 1825 | loss 9.1588 | lr 8.86e-04 | 0.6s
epoch 1826 | loss 9.1180 | lr 8.86e-04 | 0.6s
epoch 1827 | loss 9.0983 | lr 8.85e-04 | 0.6s
epoch 1828 | loss 9.0410 | lr 8.84e-04 | 0.6s
epoch 1829 | loss 9.1577 | lr 8.84e-04 | 0.5s
epoch 1830 | loss 9.1366 | lr 8.83e-04 | 0.6s
epoch 1831 | loss 9.0924 | lr 8.83e-04 | 0.6s
epoch 1832 | loss 9.0770 | lr 8.82e-04 | 0.6s
epoch 1833 | loss 9.1526 | lr 8.81e-04 | 0.6s
epoch 1834 | loss 9.0622 | lr 8.81e-04 | 0.6s
epoch 1835 | loss 9.0945 | lr 8.80e-04 | 0.6s
epoch 1836 | loss 9.0860 | lr 8.80e-04 | 0.6s
epoch 1837 | loss 9.1108 | lr 8.79e-04 | 0.5s
epoch 1838 | loss 9.0949 | lr 8.78e-04 | 0.6s
epoch 1839 | loss 9.0263 | lr 8.78e-04 | 0.6s
epoch 1840 | loss 9.0812 | lr 8.77e-04 | 0.6s
epoch 1841 | loss 9.1249 | lr 8.77e-04 | 0.6s
epoch 1842 | loss 9.1079 | lr 8.76e-04 | 0.6s
epoch 1843 | loss 9.1018 | lr 8.75e-04 | 0.6s
epoch 1844 | loss 9.0809 | lr 8.75e-04 | 0.6s
epoch 1845 | loss 9.1186 | lr 8.74e-04 | 0.6s
epoch 1846 | loss 9.1365 | lr 8.74e-04 | 0.6s
epoch 1847 | loss 9.0789 | lr 8.73e-04 | 0.6s
epoch 1848 | loss 9.0764 | lr 8.72e-04 | 0.6s
epoch 1849 | loss 9.1176 | lr 8.72e-04 | 0.6s
epoch 1850 | loss 9.1634 | lr 8.71e-04 | 0.6s
epoch 1851 | loss 9.0726 | lr 8.70e-04 | 0.6s
epoch 1852 | loss 9.1013 | lr 8.70e-04 | 0.6s
epoch 1853 | loss 9.1194 | lr 8.69e-04 | 0.6s
epoch 1854 | loss 9.1279 | lr 8.69e-04 | 0.6s
epoch 1855 | loss 9.0351 | lr 8.68e-04 | 0.6s
epoch 1856 | loss 9.1085 | lr 8.67e-04 | 0.6s
epoch 1857 | loss 9.0722 | lr 8.67e-04 | 0.6s
epoch 1858 | loss 9.1331 | lr 8.66e-04 | 0.5s
epoch 1859 | loss 9.0886 | lr 8.66e-04 | 0.6s
epoch 1860 | loss 9.1137 | lr 8.65e-04 | 0.6s
epoch 1861 | loss 9.0731 | lr 8.64e-04 | 0.6s
epoch 1862 | loss 9.0904 | lr 8.64e-04 | 0.6s
epoch 1863 | loss 9.0537 | lr 8.63e-04 | 0.6s
epoch 1864 | loss 9.1136 | lr 8.63e-04 | 0.5s
epoch 1865 | loss 9.0737 | lr 8.62e-04 | 0.6s
epoch 1866 | loss 9.1023 | lr 8.61e-04 | 0.6s
epoch 1867 | loss 9.0755 | lr 8.61e-04 | 0.6s
epoch 1868 | loss 9.0996 | lr 8.60e-04 | 0.6s
epoch 1869 | loss 9.1430 | lr 8.60e-04 | 0.6s
epoch 1870 | loss 9.0894 | lr 8.59e-04 | 0.6s
epoch 1871 | loss 9.0488 | lr 8.58e-04 | 0.6s
epoch 1872 | loss 9.0879 | lr 8.58e-04 | 0.6s
epoch 1873 | loss 9.0429 | lr 8.57e-04 | 0.6s
epoch 1874 | loss 9.0581 | lr 8.56e-04 | 0.6s
epoch 1875 | loss 9.1222 | lr 8.56e-04 | 0.6s
epoch 1876 | loss 9.1327 | lr 8.55e-04 | 0.6s
epoch 1877 | loss 9.0743 | lr 8.55e-04 | 0.6s
epoch 1878 | loss 9.0931 | lr 8.54e-04 | 0.6s
epoch 1879 | loss 9.0694 | lr 8.53e-04 | 0.6s
epoch 1880 | loss 9.0763 | lr 8.53e-04 | 0.6s
epoch 1881 | loss 9.1189 | lr 8.52e-04 | 0.6s
epoch 1882 | loss 9.0777 | lr 8.52e-04 | 0.6s
epoch 1883 | loss 9.0306 | lr 8.51e-04 | 0.6s
epoch 1884 | loss 9.0949 | lr 8.50e-04 | 0.6s
epoch 1885 | loss 9.0720 | lr 8.50e-04 | 0.6s
epoch 1886 | loss 9.0514 | lr 8.49e-04 | 0.6s
epoch 1887 | loss 9.1001 | lr 8.49e-04 | 0.6s
epoch 1888 | loss 9.0849 | lr 8.48e-04 | 0.6s
epoch 1889 | loss 9.0680 | lr 8.47e-04 | 0.6s
epoch 1890 | loss 9.1343 | lr 8.47e-04 | 0.5s
epoch 1891 | loss 9.0921 | lr 8.46e-04 | 0.6s
epoch 1892 | loss 9.0494 | lr 8.45e-04 | 0.6s
epoch 1893 | loss 9.0987 | lr 8.45e-04 | 0.6s
epoch 1894 | loss 9.1253 | lr 8.44e-04 | 0.6s
epoch 1895 | loss 9.1185 | lr 8.44e-04 | 0.6s
epoch 1896 | loss 9.0947 | lr 8.43e-04 | 0.6s
epoch 1897 | loss 9.0534 | lr 8.42e-04 | 0.6s
epoch 1898 | loss 9.1160 | lr 8.42e-04 | 0.6s
epoch 1899 | loss 9.0751 | lr 8.41e-04 | 0.6s
epoch 1900 | loss 9.0689 | lr 8.41e-04 | 0.6s
epoch 1901 | loss 9.0991 | lr 8.40e-04 | 0.6s
epoch 1902 | loss 9.0582 | lr 8.39e-04 | 0.6s
epoch 1903 | loss 9.0597 | lr 8.39e-04 | 0.6s
epoch 1904 | loss 9.1033 | lr 8.38e-04 | 0.6s
epoch 1905 | loss 9.1202 | lr 8.38e-04 | 0.6s
epoch 1906 | loss 9.0870 | lr 8.37e-04 | 0.6s
epoch 1907 | loss 9.1376 | lr 8.36e-04 | 0.6s
epoch 1908 | loss 9.0711 | lr 8.36e-04 | 0.6s
epoch 1909 | loss 9.1031 | lr 8.35e-04 | 0.6s
epoch 1910 | loss 9.0905 | lr 8.34e-04 | 0.6s
epoch 1911 | loss 9.0712 | lr 8.34e-04 | 0.6s
epoch 1912 | loss 9.1158 | lr 8.33e-04 | 0.6s
epoch 1913 | loss 9.1344 | lr 8.33e-04 | 0.6s
epoch 1914 | loss 9.1160 | lr 8.32e-04 | 0.6s
epoch 1915 | loss 9.0747 | lr 8.31e-04 | 0.6s
epoch 1916 | loss 9.0958 | lr 8.31e-04 | 0.6s
epoch 1917 | loss 9.0904 | lr 8.30e-04 | 0.6s
epoch 1918 | loss 9.0050 | lr 8.30e-04 | 0.6s
epoch 1919 | loss 9.1352 | lr 8.29e-04 | 0.6s
epoch 1920 | loss 9.0703 | lr 8.28e-04 | 0.6s
epoch 1921 | loss 9.0878 | lr 8.28e-04 | 0.6s
epoch 1922 | loss 9.0839 | lr 8.27e-04 | 0.6s
epoch 1923 | loss 9.0809 | lr 8.27e-04 | 0.6s
epoch 1924 | loss 9.0483 | lr 8.26e-04 | 0.6s
epoch 1925 | loss 9.0927 | lr 8.25e-04 | 0.6s
epoch 1926 | loss 9.0973 | lr 8.25e-04 | 0.6s
epoch 1927 | loss 9.0830 | lr 8.24e-04 | 0.6s
epoch 1928 | loss 9.0770 | lr 8.23e-04 | 0.6s
epoch 1929 | loss 9.0969 | lr 8.23e-04 | 0.6s
epoch 1930 | loss 9.0800 | lr 8.22e-04 | 0.6s
epoch 1931 | loss 9.0689 | lr 8.22e-04 | 0.6s
epoch 1932 | loss 9.1222 | lr 8.21e-04 | 0.6s
epoch 1933 | loss 9.0704 | lr 8.20e-04 | 0.6s
epoch 1934 | loss 9.0944 | lr 8.20e-04 | 0.6s
epoch 1935 | loss 9.0941 | lr 8.19e-04 | 0.6s
epoch 1936 | loss 9.1104 | lr 8.19e-04 | 0.6s
epoch 1937 | loss 9.0700 | lr 8.18e-04 | 0.6s
epoch 1938 | loss 9.1018 | lr 8.17e-04 | 0.6s
epoch 1939 | loss 9.1432 | lr 8.17e-04 | 0.6s
epoch 1940 | loss 9.0684 | lr 8.16e-04 | 0.6s
epoch 1941 | loss 9.0792 | lr 8.16e-04 | 0.6s
epoch 1942 | loss 9.1257 | lr 8.15e-04 | 0.6s
epoch 1943 | loss 9.0235 | lr 8.14e-04 | 0.6s
epoch 1944 | loss 9.0887 | lr 8.14e-04 | 0.6s
epoch 1945 | loss 9.0784 | lr 8.13e-04 | 0.6s
epoch 1946 | loss 9.1118 | lr 8.12e-04 | 0.6s
epoch 1947 | loss 9.0924 | lr 8.12e-04 | 0.6s
epoch 1948 | loss 9.0960 | lr 8.11e-04 | 0.6s
epoch 1949 | loss 9.0931 | lr 8.11e-04 | 0.6s
epoch 1950 | loss 9.1126 | lr 8.10e-04 | 0.6s
epoch 1951 | loss 9.1003 | lr 8.09e-04 | 0.6s
epoch 1952 | loss 9.1172 | lr 8.09e-04 | 0.5s
epoch 1953 | loss 9.0476 | lr 8.08e-04 | 0.5s
epoch 1954 | loss 9.0267 | lr 8.08e-04 | 0.5s
epoch 1955 | loss 9.1109 | lr 8.07e-04 | 0.5s
epoch 1956 | loss 9.1093 | lr 8.06e-04 | 0.5s
epoch 1957 | loss 9.0913 | lr 8.06e-04 | 0.6s
epoch 1958 | loss 9.1440 | lr 8.05e-04 | 0.5s
epoch 1959 | loss 9.0915 | lr 8.05e-04 | 0.5s
epoch 1960 | loss 9.0887 | lr 8.04e-04 | 0.5s
epoch 1961 | loss 9.1210 | lr 8.03e-04 | 0.5s
epoch 1962 | loss 9.0699 | lr 8.03e-04 | 0.5s
epoch 1963 | loss 9.0831 | lr 8.02e-04 | 0.5s
epoch 1964 | loss 9.0864 | lr 8.01e-04 | 0.5s
epoch 1965 | loss 9.0629 | lr 8.01e-04 | 0.5s
epoch 1966 | loss 9.1106 | lr 8.00e-04 | 0.5s
epoch 1967 | loss 9.0661 | lr 8.00e-04 | 0.5s
epoch 1968 | loss 9.0485 | lr 7.99e-04 | 0.5s
epoch 1969 | loss 9.1090 | lr 7.98e-04 | 0.5s
epoch 1970 | loss 9.0693 | lr 7.98e-04 | 0.5s
epoch 1971 | loss 9.0554 | lr 7.97e-04 | 0.5s
epoch 1972 | loss 9.0551 | lr 7.97e-04 | 0.5s
epoch 1973 | loss 9.0528 | lr 7.96e-04 | 0.5s
epoch 1974 | loss 9.0704 | lr 7.95e-04 | 0.5s
epoch 1975 | loss 9.0542 | lr 7.95e-04 | 0.5s
epoch 1976 | loss 9.1163 | lr 7.94e-04 | 0.5s
epoch 1977 | loss 9.1182 | lr 7.93e-04 | 0.5s
epoch 1978 | loss 9.0826 | lr 7.93e-04 | 0.5s
epoch 1979 | loss 9.1243 | lr 7.92e-04 | 0.5s
epoch 1980 | loss 9.0759 | lr 7.92e-04 | 0.5s
epoch 1981 | loss 9.0394 | lr 7.91e-04 | 0.5s
epoch 1982 | loss 9.0844 | lr 7.90e-04 | 0.5s
epoch 1983 | loss 9.0334 | lr 7.90e-04 | 0.5s
epoch 1984 | loss 9.0935 | lr 7.89e-04 | 0.5s
epoch 1985 | loss 9.0644 | lr 7.89e-04 | 0.5s
epoch 1986 | loss 9.0899 | lr 7.88e-04 | 0.5s
epoch 1987 | loss 9.1066 | lr 7.87e-04 | 0.5s
epoch 1988 | loss 9.0644 | lr 7.87e-04 | 0.5s
epoch 1989 | loss 9.0988 | lr 7.86e-04 | 0.5s
epoch 1990 | loss 9.0659 | lr 7.86e-04 | 0.5s
epoch 1991 | loss 9.1072 | lr 7.85e-04 | 0.5s
epoch 1992 | loss 9.0351 | lr 7.84e-04 | 0.6s
epoch 1993 | loss 9.0692 | lr 7.84e-04 | 0.6s
epoch 1994 | loss 9.0935 | lr 7.83e-04 | 0.6s
epoch 1995 | loss 9.0339 | lr 7.82e-04 | 0.5s
epoch 1996 | loss 9.0739 | lr 7.82e-04 | 0.6s
epoch 1997 | loss 9.0419 | lr 7.81e-04 | 0.6s
epoch 1998 | loss 9.0601 | lr 7.81e-04 | 0.6s
epoch 1999 | loss 9.0444 | lr 7.80e-04 | 0.6s
epoch 2000 | loss 9.0456 | lr 7.79e-04 | 0.5s
epoch 2001 | loss 9.0802 | lr 7.79e-04 | 0.5s
epoch 2002 | loss 9.0857 | lr 7.78e-04 | 0.5s
epoch 2003 | loss 9.0962 | lr 7.78e-04 | 0.5s
epoch 2004 | loss 9.1108 | lr 7.77e-04 | 0.5s
epoch 2005 | loss 9.0998 | lr 7.76e-04 | 0.5s
epoch 2006 | loss 9.0676 | lr 7.76e-04 | 0.5s
epoch 2007 | loss 9.1074 | lr 7.75e-04 | 0.5s
epoch 2008 | loss 9.0737 | lr 7.74e-04 | 0.6s
epoch 2009 | loss 9.0961 | lr 7.74e-04 | 0.6s
epoch 2010 | loss 9.0452 | lr 7.73e-04 | 0.6s
epoch 2011 | loss 9.0956 | lr 7.73e-04 | 0.6s
epoch 2012 | loss 9.0426 | lr 7.72e-04 | 0.6s
epoch 2013 | loss 9.0143 | lr 7.71e-04 | 0.6s
epoch 2014 | loss 9.1076 | lr 7.71e-04 | 0.6s
epoch 2015 | loss 9.1367 | lr 7.70e-04 | 0.6s
epoch 2016 | loss 9.0707 | lr 7.70e-04 | 0.6s
epoch 2017 | loss 9.0744 | lr 7.69e-04 | 0.6s
epoch 2018 | loss 9.0962 | lr 7.68e-04 | 0.5s
epoch 2019 | loss 9.0653 | lr 7.68e-04 | 0.6s
epoch 2020 | loss 9.0688 | lr 7.67e-04 | 0.6s
epoch 2021 | loss 9.0534 | lr 7.67e-04 | 0.6s
epoch 2022 | loss 9.0932 | lr 7.66e-04 | 0.6s
epoch 2023 | loss 9.0913 | lr 7.65e-04 | 0.6s
epoch 2024 | loss 9.0802 | lr 7.65e-04 | 0.6s
epoch 2025 | loss 9.0646 | lr 7.64e-04 | 0.6s
epoch 2026 | loss 9.0834 | lr 7.63e-04 | 0.6s
epoch 2027 | loss 9.0976 | lr 7.63e-04 | 0.6s
epoch 2028 | loss 9.0429 | lr 7.62e-04 | 0.5s
epoch 2029 | loss 9.0810 | lr 7.62e-04 | 0.6s
epoch 2030 | loss 9.0954 | lr 7.61e-04 | 0.6s
epoch 2031 | loss 9.0661 | lr 7.60e-04 | 0.6s
epoch 2032 | loss 9.1051 | lr 7.60e-04 | 0.6s
epoch 2033 | loss 9.0916 | lr 7.59e-04 | 0.6s
epoch 2034 | loss 9.0587 | lr 7.59e-04 | 0.6s
epoch 2035 | loss 9.0500 | lr 7.58e-04 | 0.6s
epoch 2036 | loss 9.1347 | lr 7.57e-04 | 0.6s
epoch 2037 | loss 9.0638 | lr 7.57e-04 | 0.6s
epoch 2038 | loss 9.0463 | lr 7.56e-04 | 0.6s
epoch 2039 | loss 9.0743 | lr 7.55e-04 | 0.6s
epoch 2040 | loss 9.0687 | lr 7.55e-04 | 0.6s
epoch 2041 | loss 9.0728 | lr 7.54e-04 | 0.6s
epoch 2042 | loss 9.1014 | lr 7.54e-04 | 0.6s
epoch 2043 | loss 9.0509 | lr 7.53e-04 | 0.6s
epoch 2044 | loss 9.0656 | lr 7.52e-04 | 0.6s
epoch 2045 | loss 9.0678 | lr 7.52e-04 | 0.6s
epoch 2046 | loss 9.0302 | lr 7.51e-04 | 0.6s
epoch 2047 | loss 9.0838 | lr 7.51e-04 | 0.6s
epoch 2048 | loss 9.1069 | lr 7.50e-04 | 0.6s
epoch 2049 | loss 9.1035 | lr 7.49e-04 | 0.6s
epoch 2050 | loss 9.0774 | lr 7.49e-04 | 0.6s
epoch 2051 | loss 9.0285 | lr 7.48e-04 | 0.6s
epoch 2052 | loss 9.0417 | lr 7.48e-04 | 0.6s
epoch 2053 | loss 9.0566 | lr 7.47e-04 | 0.6s
epoch 2054 | loss 9.0886 | lr 7.46e-04 | 0.6s
epoch 2055 | loss 9.0878 | lr 7.46e-04 | 0.6s
epoch 2056 | loss 8.9934 | lr 7.45e-04 | 0.6s
epoch 2057 | loss 9.0497 | lr 7.44e-04 | 0.6s
epoch 2058 | loss 9.0442 | lr 7.44e-04 | 0.6s
epoch 2059 | loss 9.0210 | lr 7.43e-04 | 0.6s
epoch 2060 | loss 9.0725 | lr 7.43e-04 | 0.6s
epoch 2061 | loss 9.0356 | lr 7.42e-04 | 0.6s
epoch 2062 | loss 9.0945 | lr 7.41e-04 | 0.6s
epoch 2063 | loss 9.0605 | lr 7.41e-04 | 0.6s
epoch 2064 | loss 9.0800 | lr 7.40e-04 | 0.5s
epoch 2065 | loss 9.0578 | lr 7.40e-04 | 0.6s
epoch 2066 | loss 9.0429 | lr 7.39e-04 | 0.6s
epoch 2067 | loss 9.0897 | lr 7.38e-04 | 0.6s
epoch 2068 | loss 9.0232 | lr 7.38e-04 | 0.6s
epoch 2069 | loss 9.0542 | lr 7.37e-04 | 0.6s
epoch 2070 | loss 9.0525 | lr 7.37e-04 | 0.6s
epoch 2071 | loss 9.1153 | lr 7.36e-04 | 0.6s
epoch 2072 | loss 9.1075 | lr 7.35e-04 | 0.6s
epoch 2073 | loss 9.1019 | lr 7.35e-04 | 0.6s
epoch 2074 | loss 9.0501 | lr 7.34e-04 | 0.6s
epoch 2075 | loss 9.0502 | lr 7.33e-04 | 0.6s
epoch 2076 | loss 9.0659 | lr 7.33e-04 | 0.6s
epoch 2077 | loss 9.0364 | lr 7.32e-04 | 0.6s
epoch 2078 | loss 9.0936 | lr 7.32e-04 | 0.6s
epoch 2079 | loss 9.0738 | lr 7.31e-04 | 0.6s
epoch 2080 | loss 9.1100 | lr 7.30e-04 | 0.6s
epoch 2081 | loss 9.0911 | lr 7.30e-04 | 0.6s
epoch 2082 | loss 9.0795 | lr 7.29e-04 | 0.5s
epoch 2083 | loss 8.9774 | lr 7.29e-04 | 0.6s
epoch 2084 | loss 9.0773 | lr 7.28e-04 | 0.6s
epoch 2085 | loss 9.0388 | lr 7.27e-04 | 0.6s
epoch 2086 | loss 9.0616 | lr 7.27e-04 | 0.5s
epoch 2087 | loss 9.1076 | lr 7.26e-04 | 0.6s
epoch 2088 | loss 9.0489 | lr 7.26e-04 | 0.6s
epoch 2089 | loss 9.1126 | lr 7.25e-04 | 0.6s
epoch 2090 | loss 9.0402 | lr 7.24e-04 | 0.6s
epoch 2091 | loss 9.0550 | lr 7.24e-04 | 0.6s
epoch 2092 | loss 9.0622 | lr 7.23e-04 | 0.6s
epoch 2093 | loss 9.1008 | lr 7.22e-04 | 0.6s
epoch 2094 | loss 9.0877 | lr 7.22e-04 | 0.6s
epoch 2095 | loss 9.0621 | lr 7.21e-04 | 0.6s
epoch 2096 | loss 9.0838 | lr 7.21e-04 | 0.5s
epoch 2097 | loss 9.0869 | lr 7.20e-04 | 0.6s
epoch 2098 | loss 9.0178 | lr 7.19e-04 | 0.6s
epoch 2099 | loss 9.0697 | lr 7.19e-04 | 0.5s
epoch 2100 | loss 9.0650 | lr 7.18e-04 | 0.6s
epoch 2101 | loss 9.0700 | lr 7.18e-04 | 0.6s
epoch 2102 | loss 9.0627 | lr 7.17e-04 | 0.6s
epoch 2103 | loss 9.0209 | lr 7.16e-04 | 0.6s
epoch 2104 | loss 9.0746 | lr 7.16e-04 | 0.6s
epoch 2105 | loss 9.0754 | lr 7.15e-04 | 0.6s
epoch 2106 | loss 9.0822 | lr 7.15e-04 | 0.6s
epoch 2107 | loss 9.1220 | lr 7.14e-04 | 0.6s
epoch 2108 | loss 9.0985 | lr 7.13e-04 | 0.6s
epoch 2109 | loss 9.0249 | lr 7.13e-04 | 0.5s
epoch 2110 | loss 9.0928 | lr 7.12e-04 | 0.6s
epoch 2111 | loss 9.0636 | lr 7.11e-04 | 0.6s
epoch 2112 | loss 9.1079 | lr 7.11e-04 | 0.6s
epoch 2113 | loss 9.0711 | lr 7.10e-04 | 0.6s
epoch 2114 | loss 9.1000 | lr 7.10e-04 | 0.5s
epoch 2115 | loss 9.0871 | lr 7.09e-04 | 0.6s
epoch 2116 | loss 9.0579 | lr 7.08e-04 | 0.6s
epoch 2117 | loss 9.0489 | lr 7.08e-04 | 0.6s
epoch 2118 | loss 9.0646 | lr 7.07e-04 | 0.6s
epoch 2119 | loss 9.1013 | lr 7.07e-04 | 0.6s
epoch 2120 | loss 9.0451 | lr 7.06e-04 | 0.6s
epoch 2121 | loss 9.0810 | lr 7.05e-04 | 0.6s
epoch 2122 | loss 9.0671 | lr 7.05e-04 | 0.6s
epoch 2123 | loss 9.0998 | lr 7.04e-04 | 0.6s
epoch 2124 | loss 9.0652 | lr 7.04e-04 | 0.6s
epoch 2125 | loss 9.0360 | lr 7.03e-04 | 0.6s
epoch 2126 | loss 9.0412 | lr 7.02e-04 | 0.6s
epoch 2127 | loss 9.0823 | lr 7.02e-04 | 0.6s
epoch 2128 | loss 8.9944 | lr 7.01e-04 | 0.6s
epoch 2129 | loss 9.0564 | lr 7.00e-04 | 0.6s
epoch 2130 | loss 9.0671 | lr 7.00e-04 | 0.6s
epoch 2131 | loss 9.0495 | lr 6.99e-04 | 0.5s
epoch 2132 | loss 9.0909 | lr 6.99e-04 | 0.6s
epoch 2133 | loss 9.0572 | lr 6.98e-04 | 0.6s
epoch 2134 | loss 9.0344 | lr 6.97e-04 | 0.6s
epoch 2135 | loss 8.9849 | lr 6.97e-04 | 0.6s
epoch 2136 | loss 9.0170 | lr 6.96e-04 | 0.6s
epoch 2137 | loss 9.0485 | lr 6.96e-04 | 0.6s
epoch 2138 | loss 9.0581 | lr 6.95e-04 | 0.6s
epoch 2139 | loss 9.0963 | lr 6.94e-04 | 0.6s
epoch 2140 | loss 9.0332 | lr 6.94e-04 | 0.6s
epoch 2141 | loss 9.0092 | lr 6.93e-04 | 0.6s
epoch 2142 | loss 9.0773 | lr 6.93e-04 | 0.6s
epoch 2143 | loss 9.0202 | lr 6.92e-04 | 0.6s
epoch 2144 | loss 9.0428 | lr 6.91e-04 | 0.6s
epoch 2145 | loss 9.0178 | lr 6.91e-04 | 0.6s
epoch 2146 | loss 9.0726 | lr 6.90e-04 | 0.6s
epoch 2147 | loss 9.1026 | lr 6.90e-04 | 0.6s
epoch 2148 | loss 9.0774 | lr 6.89e-04 | 0.6s
epoch 2149 | loss 9.0271 | lr 6.88e-04 | 0.6s
epoch 2150 | loss 9.0754 | lr 6.88e-04 | 0.6s
epoch 2151 | loss 9.0286 | lr 6.87e-04 | 0.6s
epoch 2152 | loss 9.0306 | lr 6.86e-04 | 0.6s
epoch 2153 | loss 8.9925 | lr 6.86e-04 | 0.6s
epoch 2154 | loss 9.0487 | lr 6.85e-04 | 0.6s
epoch 2155 | loss 9.1035 | lr 6.85e-04 | 0.6s
epoch 2156 | loss 9.0116 | lr 6.84e-04 | 0.6s
epoch 2157 | loss 9.0552 | lr 6.83e-04 | 0.6s
epoch 2158 | loss 9.0603 | lr 6.83e-04 | 0.6s
epoch 2159 | loss 9.0313 | lr 6.82e-04 | 0.6s
epoch 2160 | loss 9.0709 | lr 6.82e-04 | 0.6s
epoch 2161 | loss 9.1135 | lr 6.81e-04 | 0.6s
epoch 2162 | loss 9.0620 | lr 6.80e-04 | 0.6s
epoch 2163 | loss 9.0958 | lr 6.80e-04 | 0.6s
epoch 2164 | loss 9.0401 | lr 6.79e-04 | 0.6s
epoch 2165 | loss 9.0509 | lr 6.79e-04 | 0.6s
epoch 2166 | loss 9.1011 | lr 6.78e-04 | 0.5s
epoch 2167 | loss 9.0919 | lr 6.77e-04 | 0.6s
epoch 2168 | loss 9.0597 | lr 6.77e-04 | 0.5s
epoch 2169 | loss 9.1184 | lr 6.76e-04 | 0.5s
epoch 2170 | loss 9.0649 | lr 6.76e-04 | 0.5s
epoch 2171 | loss 9.0351 | lr 6.75e-04 | 0.5s
epoch 2172 | loss 9.0711 | lr 6.74e-04 | 0.5s
epoch 2173 | loss 9.0259 | lr 6.74e-04 | 0.5s
epoch 2174 | loss 9.0505 | lr 6.73e-04 | 0.5s
epoch 2175 | loss 9.0323 | lr 6.73e-04 | 0.6s
epoch 2176 | loss 9.1049 | lr 6.72e-04 | 0.6s
epoch 2177 | loss 9.0244 | lr 6.71e-04 | 0.6s
epoch 2178 | loss 9.0443 | lr 6.71e-04 | 0.6s
epoch 2179 | loss 9.0459 | lr 6.70e-04 | 0.6s
epoch 2180 | loss 9.0644 | lr 6.69e-04 | 0.5s
epoch 2181 | loss 9.0645 | lr 6.69e-04 | 0.6s
epoch 2182 | loss 9.0809 | lr 6.68e-04 | 0.6s
epoch 2183 | loss 9.0844 | lr 6.68e-04 | 0.5s
epoch 2184 | loss 9.0482 | lr 6.67e-04 | 0.5s
epoch 2185 | loss 9.0867 | lr 6.66e-04 | 0.5s
epoch 2186 | loss 9.0558 | lr 6.66e-04 | 0.6s
epoch 2187 | loss 9.0476 | lr 6.65e-04 | 0.6s
epoch 2188 | loss 9.0516 | lr 6.65e-04 | 0.6s
epoch 2189 | loss 9.0050 | lr 6.64e-04 | 0.6s
epoch 2190 | loss 9.0834 | lr 6.63e-04 | 0.6s
epoch 2191 | loss 9.0366 | lr 6.63e-04 | 0.5s
epoch 2192 | loss 9.0782 | lr 6.62e-04 | 0.5s
epoch 2193 | loss 9.0497 | lr 6.62e-04 | 0.5s
epoch 2194 | loss 9.0241 | lr 6.61e-04 | 0.5s
epoch 2195 | loss 9.0112 | lr 6.60e-04 | 0.6s
epoch 2196 | loss 9.0546 | lr 6.60e-04 | 0.6s
epoch 2197 | loss 9.0648 | lr 6.59e-04 | 0.6s
epoch 2198 | loss 9.0461 | lr 6.59e-04 | 0.6s
epoch 2199 | loss 9.0349 | lr 6.58e-04 | 0.6s
epoch 2200 | loss 9.0314 | lr 6.57e-04 | 0.6s
epoch 2201 | loss 9.0715 | lr 6.57e-04 | 0.5s
epoch 2202 | loss 9.0543 | lr 6.56e-04 | 0.6s
epoch 2203 | loss 9.0530 | lr 6.56e-04 | 0.5s
epoch 2204 | loss 9.0799 | lr 6.55e-04 | 0.5s
epoch 2205 | loss 9.0658 | lr 6.54e-04 | 0.5s
epoch 2206 | loss 9.0276 | lr 6.54e-04 | 0.6s
epoch 2207 | loss 9.0421 | lr 6.53e-04 | 0.6s
epoch 2208 | loss 9.0311 | lr 6.53e-04 | 0.5s
epoch 2209 | loss 9.0669 | lr 6.52e-04 | 0.6s
epoch 2210 | loss 9.0404 | lr 6.51e-04 | 0.5s
epoch 2211 | loss 9.0430 | lr 6.51e-04 | 0.6s
epoch 2212 | loss 9.0384 | lr 6.50e-04 | 0.6s
epoch 2213 | loss 9.0700 | lr 6.50e-04 | 0.6s
epoch 2214 | loss 9.0659 | lr 6.49e-04 | 0.6s
epoch 2215 | loss 9.0534 | lr 6.48e-04 | 0.6s
epoch 2216 | loss 9.0744 | lr 6.48e-04 | 0.6s
epoch 2217 | loss 9.0362 | lr 6.47e-04 | 0.6s
epoch 2218 | loss 9.0288 | lr 6.46e-04 | 0.6s
epoch 2219 | loss 8.9982 | lr 6.46e-04 | 0.6s
epoch 2220 | loss 9.0300 | lr 6.45e-04 | 0.6s
epoch 2221 | loss 9.0470 | lr 6.45e-04 | 0.6s
epoch 2222 | loss 9.0181 | lr 6.44e-04 | 0.6s
epoch 2223 | loss 9.0536 | lr 6.43e-04 | 0.6s
epoch 2224 | loss 9.0320 | lr 6.43e-04 | 0.6s
epoch 2225 | loss 9.0781 | lr 6.42e-04 | 0.6s
epoch 2226 | loss 9.0260 | lr 6.42e-04 | 0.6s
epoch 2227 | loss 9.0073 | lr 6.41e-04 | 0.6s
epoch 2228 | loss 9.0501 | lr 6.40e-04 | 0.6s
epoch 2229 | loss 9.0485 | lr 6.40e-04 | 0.6s
epoch 2230 | loss 9.0551 | lr 6.39e-04 | 0.6s
epoch 2231 | loss 9.0691 | lr 6.39e-04 | 0.6s
epoch 2232 | loss 9.0458 | lr 6.38e-04 | 0.6s
epoch 2233 | loss 9.0023 | lr 6.37e-04 | 0.6s
epoch 2234 | loss 9.0578 | lr 6.37e-04 | 0.6s
epoch 2235 | loss 9.0354 | lr 6.36e-04 | 0.6s
epoch 2236 | loss 9.0546 | lr 6.36e-04 | 0.5s
epoch 2237 | loss 9.0834 | lr 6.35e-04 | 0.6s
epoch 2238 | loss 9.0814 | lr 6.34e-04 | 0.5s
epoch 2239 | loss 9.0231 | lr 6.34e-04 | 0.6s
epoch 2240 | loss 9.0893 | lr 6.33e-04 | 0.6s
epoch 2241 | loss 9.0320 | lr 6.33e-04 | 0.6s
epoch 2242 | loss 9.0337 | lr 6.32e-04 | 0.6s
epoch 2243 | loss 9.0178 | lr 6.31e-04 | 0.6s
epoch 2244 | loss 9.0715 | lr 6.31e-04 | 0.6s
epoch 2245 | loss 9.0966 | lr 6.30e-04 | 0.5s
epoch 2246 | loss 9.0665 | lr 6.30e-04 | 0.6s
epoch 2247 | loss 9.0379 | lr 6.29e-04 | 0.6s
epoch 2248 | loss 9.0425 | lr 6.28e-04 | 0.6s
epoch 2249 | loss 9.0495 | lr 6.28e-04 | 0.6s
epoch 2250 | loss 9.0193 | lr 6.27e-04 | 0.6s
epoch 2251 | loss 9.0044 | lr 6.27e-04 | 0.6s
epoch 2252 | loss 9.0255 | lr 6.26e-04 | 0.6s
epoch 2253 | loss 9.0257 | lr 6.25e-04 | 0.6s
epoch 2254 | loss 9.0338 | lr 6.25e-04 | 0.6s
epoch 2255 | loss 9.0622 | lr 6.24e-04 | 0.6s
epoch 2256 | loss 9.0079 | lr 6.24e-04 | 0.6s
epoch 2257 | loss 9.0735 | lr 6.23e-04 | 0.6s
epoch 2258 | loss 9.0501 | lr 6.22e-04 | 0.6s
epoch 2259 | loss 9.0501 | lr 6.22e-04 | 0.6s
epoch 2260 | loss 9.0573 | lr 6.21e-04 | 0.6s
epoch 2261 | loss 9.0141 | lr 6.21e-04 | 0.6s
epoch 2262 | loss 9.0353 | lr 6.20e-04 | 0.6s
epoch 2263 | loss 9.0794 | lr 6.19e-04 | 0.6s
epoch 2264 | loss 9.0965 | lr 6.19e-04 | 0.6s
epoch 2265 | loss 9.0373 | lr 6.18e-04 | 0.6s
epoch 2266 | loss 9.0886 | lr 6.18e-04 | 0.6s
epoch 2267 | loss 9.0663 | lr 6.17e-04 | 0.6s
epoch 2268 | loss 9.0445 | lr 6.16e-04 | 0.6s
epoch 2269 | loss 9.0639 | lr 6.16e-04 | 0.6s
epoch 2270 | loss 9.0535 | lr 6.15e-04 | 0.6s
epoch 2271 | loss 9.0451 | lr 6.15e-04 | 0.6s
epoch 2272 | loss 9.0053 | lr 6.14e-04 | 0.6s
epoch 2273 | loss 9.0480 | lr 6.13e-04 | 0.6s
epoch 2274 | loss 9.0868 | lr 6.13e-04 | 0.6s
epoch 2275 | loss 9.0513 | lr 6.12e-04 | 0.6s
epoch 2276 | loss 9.0344 | lr 6.12e-04 | 0.6s
epoch 2277 | loss 9.0087 | lr 6.11e-04 | 0.6s
epoch 2278 | loss 9.0155 | lr 6.10e-04 | 0.6s
epoch 2279 | loss 9.0243 | lr 6.10e-04 | 0.6s
epoch 2280 | loss 9.0064 | lr 6.09e-04 | 0.6s
epoch 2281 | loss 9.0235 | lr 6.09e-04 | 0.6s
epoch 2282 | loss 9.0216 | lr 6.08e-04 | 0.6s
epoch 2283 | loss 8.9947 | lr 6.07e-04 | 0.6s
epoch 2284 | loss 9.0197 | lr 6.07e-04 | 0.6s
epoch 2285 | loss 9.0976 | lr 6.06e-04 | 0.6s
epoch 2286 | loss 9.0615 | lr 6.06e-04 | 0.6s
epoch 2287 | loss 9.0092 | lr 6.05e-04 | 0.6s
epoch 2288 | loss 9.0465 | lr 6.04e-04 | 0.6s
epoch 2289 | loss 9.0730 | lr 6.04e-04 | 0.6s
epoch 2290 | loss 9.0472 | lr 6.03e-04 | 0.5s
epoch 2291 | loss 9.1012 | lr 6.03e-04 | 0.6s
epoch 2292 | loss 9.0413 | lr 6.02e-04 | 0.6s
epoch 2293 | loss 9.0462 | lr 6.01e-04 | 0.6s
epoch 2294 | loss 9.0495 | lr 6.01e-04 | 0.6s
epoch 2295 | loss 9.0127 | lr 6.00e-04 | 0.6s
epoch 2296 | loss 9.0859 | lr 6.00e-04 | 0.6s
epoch 2297 | loss 9.0823 | lr 5.99e-04 | 0.6s
epoch 2298 | loss 8.9928 | lr 5.99e-04 | 0.6s
epoch 2299 | loss 9.0334 | lr 5.98e-04 | 0.6s
epoch 2300 | loss 9.0041 | lr 5.97e-04 | 0.6s
epoch 2301 | loss 9.0387 | lr 5.97e-04 | 0.5s
epoch 2302 | loss 9.0542 | lr 5.96e-04 | 0.6s
epoch 2303 | loss 9.0281 | lr 5.96e-04 | 0.6s
epoch 2304 | loss 9.0340 | lr 5.95e-04 | 0.6s
epoch 2305 | loss 9.1143 | lr 5.94e-04 | 0.6s
epoch 2306 | loss 9.0135 | lr 5.94e-04 | 0.5s
epoch 2307 | loss 9.0300 | lr 5.93e-04 | 0.6s
epoch 2308 | loss 9.0453 | lr 5.93e-04 | 0.6s
epoch 2309 | loss 8.9829 | lr 5.92e-04 | 0.6s
epoch 2310 | loss 9.0148 | lr 5.91e-04 | 0.5s
epoch 2311 | loss 8.9807 | lr 5.91e-04 | 0.6s
epoch 2312 | loss 9.0618 | lr 5.90e-04 | 0.5s
epoch 2313 | loss 9.0436 | lr 5.90e-04 | 0.6s
epoch 2314 | loss 9.0216 | lr 5.89e-04 | 0.6s
epoch 2315 | loss 9.0868 | lr 5.88e-04 | 0.6s
epoch 2316 | loss 9.0253 | lr 5.88e-04 | 0.6s
epoch 2317 | loss 9.0242 | lr 5.87e-04 | 0.6s
epoch 2318 | loss 9.0670 | lr 5.87e-04 | 0.6s
epoch 2319 | loss 9.0532 | lr 5.86e-04 | 0.6s
epoch 2320 | loss 9.0628 | lr 5.85e-04 | 0.5s
epoch 2321 | loss 9.0663 | lr 5.85e-04 | 0.6s
epoch 2322 | loss 9.0453 | lr 5.84e-04 | 0.6s
epoch 2323 | loss 9.0520 | lr 5.84e-04 | 0.6s
epoch 2324 | loss 9.0537 | lr 5.83e-04 | 0.6s
epoch 2325 | loss 9.0431 | lr 5.82e-04 | 0.6s
epoch 2326 | loss 9.0890 | lr 5.82e-04 | 0.6s
epoch 2327 | loss 9.0515 | lr 5.81e-04 | 0.6s
epoch 2328 | loss 9.0681 | lr 5.81e-04 | 0.6s
epoch 2329 | loss 9.0058 | lr 5.80e-04 | 0.6s
epoch 2330 | loss 9.0185 | lr 5.80e-04 | 0.6s
epoch 2331 | loss 9.0917 | lr 5.79e-04 | 0.6s
epoch 2332 | loss 9.0072 | lr 5.78e-04 | 0.6s
epoch 2333 | loss 9.0723 | lr 5.78e-04 | 0.6s
epoch 2334 | loss 9.0485 | lr 5.77e-04 | 0.6s
epoch 2335 | loss 9.0698 | lr 5.77e-04 | 0.6s
epoch 2336 | loss 9.0774 | lr 5.76e-04 | 0.6s
epoch 2337 | loss 9.0471 | lr 5.75e-04 | 0.6s
epoch 2338 | loss 9.0843 | lr 5.75e-04 | 0.6s
epoch 2339 | loss 8.9987 | lr 5.74e-04 | 0.6s
epoch 2340 | loss 9.0624 | lr 5.74e-04 | 0.6s
epoch 2341 | loss 9.0027 | lr 5.73e-04 | 0.6s
epoch 2342 | loss 8.9734 | lr 5.72e-04 | 0.6s
epoch 2343 | loss 9.0704 | lr 5.72e-04 | 0.6s
epoch 2344 | loss 9.0504 | lr 5.71e-04 | 0.5s
epoch 2345 | loss 9.0387 | lr 5.71e-04 | 0.6s
epoch 2346 | loss 9.0012 | lr 5.70e-04 | 0.6s
epoch 2347 | loss 9.0528 | lr 5.69e-04 | 0.6s
epoch 2348 | loss 9.0117 | lr 5.69e-04 | 0.6s
epoch 2349 | loss 8.9988 | lr 5.68e-04 | 0.6s
epoch 2350 | loss 9.0341 | lr 5.68e-04 | 0.6s
epoch 2351 | loss 9.0307 | lr 5.67e-04 | 0.6s
epoch 2352 | loss 9.0847 | lr 5.67e-04 | 0.6s
epoch 2353 | loss 9.0079 | lr 5.66e-04 | 0.6s
epoch 2354 | loss 9.0008 | lr 5.65e-04 | 0.6s
epoch 2355 | loss 9.0415 | lr 5.65e-04 | 0.6s
epoch 2356 | loss 9.0180 | lr 5.64e-04 | 0.6s
epoch 2357 | loss 8.9986 | lr 5.64e-04 | 0.6s
epoch 2358 | loss 8.9788 | lr 5.63e-04 | 0.6s
epoch 2359 | loss 9.0393 | lr 5.62e-04 | 0.6s
epoch 2360 | loss 9.0334 | lr 5.62e-04 | 0.6s
epoch 2361 | loss 9.0362 | lr 5.61e-04 | 0.6s
epoch 2362 | loss 9.0452 | lr 5.61e-04 | 0.6s
epoch 2363 | loss 9.0532 | lr 5.60e-04 | 0.6s
epoch 2364 | loss 9.0500 | lr 5.59e-04 | 0.6s
epoch 2365 | loss 9.0681 | lr 5.59e-04 | 0.6s
epoch 2366 | loss 9.0297 | lr 5.58e-04 | 0.6s
epoch 2367 | loss 9.0077 | lr 5.58e-04 | 0.6s
epoch 2368 | loss 9.0309 | lr 5.57e-04 | 0.6s
epoch 2369 | loss 9.0490 | lr 5.57e-04 | 0.6s
epoch 2370 | loss 9.0385 | lr 5.56e-04 | 0.6s
epoch 2371 | loss 9.0339 | lr 5.55e-04 | 0.6s
epoch 2372 | loss 9.0505 | lr 5.55e-04 | 0.6s
epoch 2373 | loss 9.0282 | lr 5.54e-04 | 0.6s
epoch 2374 | loss 9.0737 | lr 5.54e-04 | 0.6s
epoch 2375 | loss 9.0555 | lr 5.53e-04 | 0.6s
epoch 2376 | loss 9.0736 | lr 5.52e-04 | 0.6s
epoch 2377 | loss 8.9864 | lr 5.52e-04 | 0.6s
epoch 2378 | loss 9.0348 | lr 5.51e-04 | 0.6s
epoch 2379 | loss 9.0360 | lr 5.51e-04 | 0.6s
epoch 2380 | loss 9.0014 | lr 5.50e-04 | 0.6s
epoch 2381 | loss 8.9723 | lr 5.49e-04 | 0.6s
epoch 2382 | loss 9.0096 | lr 5.49e-04 | 0.6s
epoch 2383 | loss 9.0396 | lr 5.48e-04 | 0.6s
epoch 2384 | loss 9.0327 | lr 5.48e-04 | 0.5s
epoch 2385 | loss 9.0219 | lr 5.47e-04 | 0.5s
epoch 2386 | loss 9.0219 | lr 5.47e-04 | 0.5s
epoch 2387 | loss 8.9884 | lr 5.46e-04 | 0.5s
epoch 2388 | loss 9.0118 | lr 5.45e-04 | 0.5s
epoch 2389 | loss 9.0387 | lr 5.45e-04 | 0.5s
epoch 2390 | loss 9.0681 | lr 5.44e-04 | 0.5s
epoch 2391 | loss 9.0089 | lr 5.44e-04 | 0.6s
epoch 2392 | loss 8.9960 | lr 5.43e-04 | 0.6s
epoch 2393 | loss 9.0152 | lr 5.42e-04 | 0.6s
epoch 2394 | loss 8.9912 | lr 5.42e-04 | 0.6s
epoch 2395 | loss 9.0343 | lr 5.41e-04 | 0.6s
epoch 2396 | loss 9.0809 | lr 5.41e-04 | 0.6s
epoch 2397 | loss 9.0266 | lr 5.40e-04 | 0.6s
epoch 2398 | loss 9.0073 | lr 5.40e-04 | 0.6s
epoch 2399 | loss 9.0622 | lr 5.39e-04 | 0.5s
epoch 2400 | loss 8.9881 | lr 5.38e-04 | 0.6s
epoch 2401 | loss 9.0144 | lr 5.38e-04 | 0.6s
epoch 2402 | loss 8.9902 | lr 5.37e-04 | 0.6s
epoch 2403 | loss 9.0778 | lr 5.37e-04 | 0.6s
epoch 2404 | loss 9.0796 | lr 5.36e-04 | 0.6s
epoch 2405 | loss 9.0311 | lr 5.35e-04 | 0.6s
epoch 2406 | loss 9.0210 | lr 5.35e-04 | 0.5s
epoch 2407 | loss 9.0217 | lr 5.34e-04 | 0.5s
epoch 2408 | loss 9.0023 | lr 5.34e-04 | 0.6s
epoch 2409 | loss 9.0154 | lr 5.33e-04 | 0.6s
epoch 2410 | loss 9.0136 | lr 5.33e-04 | 0.6s
epoch 2411 | loss 9.0178 | lr 5.32e-04 | 0.6s
epoch 2412 | loss 9.0122 | lr 5.31e-04 | 0.6s
epoch 2413 | loss 9.0028 | lr 5.31e-04 | 0.5s
epoch 2414 | loss 8.9735 | lr 5.30e-04 | 0.6s
epoch 2415 | loss 9.0260 | lr 5.30e-04 | 0.6s
epoch 2416 | loss 9.0148 | lr 5.29e-04 | 0.6s
epoch 2417 | loss 9.0403 | lr 5.29e-04 | 0.6s
epoch 2418 | loss 9.0276 | lr 5.28e-04 | 0.6s
epoch 2419 | loss 9.0419 | lr 5.27e-04 | 0.6s
epoch 2420 | loss 8.9736 | lr 5.27e-04 | 0.6s
epoch 2421 | loss 9.0546 | lr 5.26e-04 | 0.6s
epoch 2422 | loss 8.9894 | lr 5.26e-04 | 0.6s
epoch 2423 | loss 9.0040 | lr 5.25e-04 | 0.6s
epoch 2424 | loss 9.0408 | lr 5.24e-04 | 0.6s
epoch 2425 | loss 8.9870 | lr 5.24e-04 | 0.6s
epoch 2426 | loss 9.0316 | lr 5.23e-04 | 0.6s
epoch 2427 | loss 9.0016 | lr 5.23e-04 | 0.6s
epoch 2428 | loss 9.0062 | lr 5.22e-04 | 0.6s
epoch 2429 | loss 9.0267 | lr 5.22e-04 | 0.6s
epoch 2430 | loss 9.0375 | lr 5.21e-04 | 0.6s
epoch 2431 | loss 9.0254 | lr 5.20e-04 | 0.6s
epoch 2432 | loss 9.0646 | lr 5.20e-04 | 0.6s
epoch 2433 | loss 8.9931 | lr 5.19e-04 | 0.6s
epoch 2434 | loss 9.0232 | lr 5.19e-04 | 0.6s
epoch 2435 | loss 8.9684 | lr 5.18e-04 | 0.6s
epoch 2436 | loss 8.9869 | lr 5.18e-04 | 0.6s
epoch 2437 | loss 9.0259 | lr 5.17e-04 | 0.6s
epoch 2438 | loss 8.9971 | lr 5.16e-04 | 0.6s
epoch 2439 | loss 9.0242 | lr 5.16e-04 | 0.6s
epoch 2440 | loss 8.9894 | lr 5.15e-04 | 0.6s
epoch 2441 | loss 9.0319 | lr 5.15e-04 | 0.6s
epoch 2442 | loss 9.0552 | lr 5.14e-04 | 0.6s
epoch 2443 | loss 9.0634 | lr 5.13e-04 | 0.6s
epoch 2444 | loss 9.0297 | lr 5.13e-04 | 0.6s
epoch 2445 | loss 8.9856 | lr 5.12e-04 | 0.6s
epoch 2446 | loss 9.0107 | lr 5.12e-04 | 0.6s
epoch 2447 | loss 9.0938 | lr 5.11e-04 | 0.6s
epoch 2448 | loss 9.0689 | lr 5.11e-04 | 0.6s
epoch 2449 | loss 9.0472 | lr 5.10e-04 | 0.6s
epoch 2450 | loss 9.0056 | lr 5.09e-04 | 0.6s
epoch 2451 | loss 9.0656 | lr 5.09e-04 | 0.6s
epoch 2452 | loss 8.9976 | lr 5.08e-04 | 0.6s
epoch 2453 | loss 9.0075 | lr 5.08e-04 | 0.6s
epoch 2454 | loss 9.0546 | lr 5.07e-04 | 0.6s
epoch 2455 | loss 9.0084 | lr 5.07e-04 | 0.6s
epoch 2456 | loss 9.0581 | lr 5.06e-04 | 0.6s
epoch 2457 | loss 8.9916 | lr 5.05e-04 | 0.6s
epoch 2458 | loss 8.9922 | lr 5.05e-04 | 0.6s
epoch 2459 | loss 8.9981 | lr 5.04e-04 | 0.6s
epoch 2460 | loss 9.0003 | lr 5.04e-04 | 0.6s
epoch 2461 | loss 9.0083 | lr 5.03e-04 | 0.6s
epoch 2462 | loss 9.0247 | lr 5.03e-04 | 0.6s
epoch 2463 | loss 9.0617 | lr 5.02e-04 | 0.6s
epoch 2464 | loss 9.0421 | lr 5.01e-04 | 0.6s
epoch 2465 | loss 8.9842 | lr 5.01e-04 | 0.6s
epoch 2466 | loss 9.0431 | lr 5.00e-04 | 0.6s
epoch 2467 | loss 9.0114 | lr 5.00e-04 | 0.6s
epoch 2468 | loss 9.0409 | lr 4.99e-04 | 0.6s
epoch 2469 | loss 9.0463 | lr 4.99e-04 | 0.6s
epoch 2470 | loss 8.9919 | lr 4.98e-04 | 0.6s
epoch 2471 | loss 9.0147 | lr 4.97e-04 | 0.5s
epoch 2472 | loss 9.0277 | lr 4.97e-04 | 0.6s
epoch 2473 | loss 8.9998 | lr 4.96e-04 | 0.5s
epoch 2474 | loss 8.9754 | lr 4.96e-04 | 0.6s
epoch 2475 | loss 9.0325 | lr 4.95e-04 | 0.6s
epoch 2476 | loss 8.9927 | lr 4.95e-04 | 0.6s
epoch 2477 | loss 9.0077 | lr 4.94e-04 | 0.6s
epoch 2478 | loss 9.0540 | lr 4.93e-04 | 0.6s
epoch 2479 | loss 9.0282 | lr 4.93e-04 | 0.6s
epoch 2480 | loss 9.0549 | lr 4.92e-04 | 0.6s
epoch 2481 | loss 9.0581 | lr 4.92e-04 | 0.6s
epoch 2482 | loss 9.0294 | lr 4.91e-04 | 0.6s
epoch 2483 | loss 9.0070 | lr 4.91e-04 | 0.6s
epoch 2484 | loss 9.0216 | lr 4.90e-04 | 0.6s
epoch 2485 | loss 8.9956 | lr 4.89e-04 | 0.6s
epoch 2486 | loss 8.9940 | lr 4.89e-04 | 0.6s
epoch 2487 | loss 8.9826 | lr 4.88e-04 | 0.6s
epoch 2488 | loss 9.0829 | lr 4.88e-04 | 0.6s
epoch 2489 | loss 9.0013 | lr 4.87e-04 | 0.6s
epoch 2490 | loss 9.0100 | lr 4.87e-04 | 0.6s
epoch 2491 | loss 9.0501 | lr 4.86e-04 | 0.6s
epoch 2492 | loss 9.0449 | lr 4.85e-04 | 0.6s
epoch 2493 | loss 8.9326 | lr 4.85e-04 | 0.6s
epoch 2494 | loss 9.0315 | lr 4.84e-04 | 0.6s
epoch 2495 | loss 9.0461 | lr 4.84e-04 | 0.6s
epoch 2496 | loss 9.0378 | lr 4.83e-04 | 0.6s
epoch 2497 | loss 9.0722 | lr 4.83e-04 | 0.6s
epoch 2498 | loss 8.9968 | lr 4.82e-04 | 0.6s
epoch 2499 | loss 9.0118 | lr 4.82e-04 | 0.6s
epoch 2500 | loss 9.0102 | lr 4.81e-04 | 0.6s
epoch 2501 | loss 9.0223 | lr 4.80e-04 | 0.6s
epoch 2502 | loss 8.9964 | lr 4.80e-04 | 0.6s
epoch 2503 | loss 9.0570 | lr 4.79e-04 | 0.6s
epoch 2504 | loss 8.9786 | lr 4.79e-04 | 0.6s
epoch 2505 | loss 8.9710 | lr 4.78e-04 | 0.6s
epoch 2506 | loss 8.9712 | lr 4.78e-04 | 0.6s
epoch 2507 | loss 9.0441 | lr 4.77e-04 | 0.6s
epoch 2508 | loss 9.0076 | lr 4.76e-04 | 0.6s
epoch 2509 | loss 9.0393 | lr 4.76e-04 | 0.5s
epoch 2510 | loss 8.9963 | lr 4.75e-04 | 0.6s
epoch 2511 | loss 8.9749 | lr 4.75e-04 | 0.6s
epoch 2512 | loss 8.9931 | lr 4.74e-04 | 0.7s
epoch 2513 | loss 8.9865 | lr 4.74e-04 | 0.8s
epoch 2514 | loss 9.0267 | lr 4.73e-04 | 0.8s
epoch 2515 | loss 9.0615 | lr 4.72e-04 | 0.8s
epoch 2516 | loss 9.0097 | lr 4.72e-04 | 0.7s
epoch 2517 | loss 9.0423 | lr 4.71e-04 | 0.7s
epoch 2518 | loss 8.9876 | lr 4.71e-04 | 0.8s
epoch 2519 | loss 9.0702 | lr 4.70e-04 | 0.8s
epoch 2520 | loss 9.0106 | lr 4.70e-04 | 0.7s
epoch 2521 | loss 9.0971 | lr 4.69e-04 | 0.8s
epoch 2522 | loss 8.9955 | lr 4.69e-04 | 0.7s
epoch 2523 | loss 8.9689 | lr 4.68e-04 | 0.8s
epoch 2524 | loss 9.0317 | lr 4.67e-04 | 0.8s
epoch 2525 | loss 9.0389 | lr 4.67e-04 | 0.8s
epoch 2526 | loss 8.9889 | lr 4.66e-04 | 0.7s
epoch 2527 | loss 9.0357 | lr 4.66e-04 | 0.8s
epoch 2528 | loss 9.0252 | lr 4.65e-04 | 0.8s
epoch 2529 | loss 9.0121 | lr 4.65e-04 | 0.8s
epoch 2530 | loss 9.0486 | lr 4.64e-04 | 0.7s
epoch 2531 | loss 9.0250 | lr 4.63e-04 | 0.7s
epoch 2532 | loss 9.0507 | lr 4.63e-04 | 0.8s
epoch 2533 | loss 9.0013 | lr 4.62e-04 | 0.8s
epoch 2534 | loss 9.0576 | lr 4.62e-04 | 0.8s
epoch 2535 | loss 9.0150 | lr 4.61e-04 | 0.8s
epoch 2536 | loss 9.0150 | lr 4.61e-04 | 0.8s
epoch 2537 | loss 8.9851 | lr 4.60e-04 | 1.0s
epoch 2538 | loss 9.0272 | lr 4.60e-04 | 0.8s
epoch 2539 | loss 9.0203 | lr 4.59e-04 | 0.8s
epoch 2540 | loss 8.9844 | lr 4.58e-04 | 0.8s
epoch 2541 | loss 8.9711 | lr 4.58e-04 | 0.9s
epoch 2542 | loss 8.9831 | lr 4.57e-04 | 0.8s
epoch 2543 | loss 9.0368 | lr 4.57e-04 | 0.8s
epoch 2544 | loss 9.0296 | lr 4.56e-04 | 0.9s
epoch 2545 | loss 8.9573 | lr 4.56e-04 | 0.8s
epoch 2546 | loss 9.0196 | lr 4.55e-04 | 1.0s
epoch 2547 | loss 8.9980 | lr 4.55e-04 | 0.8s
epoch 2548 | loss 8.9931 | lr 4.54e-04 | 0.7s
epoch 2549 | loss 8.9832 | lr 4.53e-04 | 0.9s
epoch 2550 | loss 8.9959 | lr 4.53e-04 | 0.8s
epoch 2551 | loss 8.9874 | lr 4.52e-04 | 0.7s
epoch 2552 | loss 8.9898 | lr 4.52e-04 | 0.8s
epoch 2553 | loss 9.0542 | lr 4.51e-04 | 0.9s
epoch 2554 | loss 9.0024 | lr 4.51e-04 | 0.7s
epoch 2555 | loss 9.0076 | lr 4.50e-04 | 0.9s
epoch 2556 | loss 9.0219 | lr 4.50e-04 | 0.8s
epoch 2557 | loss 8.9921 | lr 4.49e-04 | 0.8s
epoch 2558 | loss 8.9639 | lr 4.48e-04 | 0.9s
epoch 2559 | loss 9.0060 | lr 4.48e-04 | 0.8s
epoch 2560 | loss 9.0271 | lr 4.47e-04 | 0.7s
epoch 2561 | loss 8.9758 | lr 4.47e-04 | 0.8s
epoch 2562 | loss 9.0196 | lr 4.46e-04 | 0.8s
epoch 2563 | loss 9.0287 | lr 4.46e-04 | 0.8s
epoch 2564 | loss 9.0548 | lr 4.45e-04 | 0.9s
epoch 2565 | loss 9.0124 | lr 4.45e-04 | 0.8s
epoch 2566 | loss 8.9403 | lr 4.44e-04 | 0.9s
epoch 2567 | loss 9.0113 | lr 4.43e-04 | 1.0s
epoch 2568 | loss 8.9646 | lr 4.43e-04 | 0.8s
epoch 2569 | loss 8.9570 | lr 4.42e-04 | 0.7s
epoch 2570 | loss 9.0143 | lr 4.42e-04 | 0.8s
epoch 2571 | loss 8.9934 | lr 4.41e-04 | 0.8s
epoch 2572 | loss 9.0242 | lr 4.41e-04 | 0.7s
epoch 2573 | loss 8.9797 | lr 4.40e-04 | 0.8s
epoch 2574 | loss 9.0081 | lr 4.40e-04 | 0.8s
epoch 2575 | loss 9.0407 | lr 4.39e-04 | 0.8s
epoch 2576 | loss 8.9900 | lr 4.38e-04 | 1.0s
epoch 2577 | loss 8.9788 | lr 4.38e-04 | 1.0s
epoch 2578 | loss 8.9690 | lr 4.37e-04 | 0.8s
epoch 2579 | loss 8.9578 | lr 4.37e-04 | 0.8s
epoch 2580 | loss 9.0115 | lr 4.36e-04 | 0.9s
epoch 2581 | loss 9.0196 | lr 4.36e-04 | 0.8s
epoch 2582 | loss 8.9975 | lr 4.35e-04 | 0.9s
epoch 2583 | loss 8.9901 | lr 4.35e-04 | 0.9s
epoch 2584 | loss 8.9505 | lr 4.34e-04 | 0.7s
epoch 2585 | loss 8.9700 | lr 4.34e-04 | 0.7s
epoch 2586 | loss 9.0582 | lr 4.33e-04 | 0.8s
epoch 2587 | loss 9.0484 | lr 4.32e-04 | 0.8s
epoch 2588 | loss 8.9929 | lr 4.32e-04 | 0.7s
epoch 2589 | loss 9.0267 | lr 4.31e-04 | 0.8s
epoch 2590 | loss 8.9801 | lr 4.31e-04 | 0.8s
epoch 2591 | loss 9.0384 | lr 4.30e-04 | 0.8s
epoch 2592 | loss 8.9340 | lr 4.30e-04 | 0.7s
epoch 2593 | loss 9.0223 | lr 4.29e-04 | 0.8s
epoch 2594 | loss 9.0450 | lr 4.29e-04 | 0.9s
epoch 2595 | loss 8.9862 | lr 4.28e-04 | 0.9s
epoch 2596 | loss 9.0328 | lr 4.28e-04 | 0.8s
epoch 2597 | loss 9.0291 | lr 4.27e-04 | 0.9s
epoch 2598 | loss 9.0164 | lr 4.26e-04 | 0.8s
epoch 2599 | loss 9.0120 | lr 4.26e-04 | 0.9s
epoch 2600 | loss 8.9850 | lr 4.25e-04 | 0.8s
epoch 2601 | loss 8.9912 | lr 4.25e-04 | 0.9s
epoch 2602 | loss 9.0261 | lr 4.24e-04 | 0.8s
epoch 2603 | loss 8.9838 | lr 4.24e-04 | 0.7s
epoch 2604 | loss 9.0023 | lr 4.23e-04 | 0.9s
epoch 2605 | loss 8.9438 | lr 4.23e-04 | 0.8s
epoch 2606 | loss 8.9745 | lr 4.22e-04 | 0.8s
epoch 2607 | loss 8.9784 | lr 4.22e-04 | 0.7s
epoch 2608 | loss 9.0251 | lr 4.21e-04 | 0.9s
epoch 2609 | loss 8.9865 | lr 4.20e-04 | 0.8s
epoch 2610 | loss 9.0108 | lr 4.20e-04 | 0.8s
epoch 2611 | loss 8.9869 | lr 4.19e-04 | 0.7s
epoch 2612 | loss 9.0137 | lr 4.19e-04 | 0.8s
epoch 2613 | loss 9.0210 | lr 4.18e-04 | 0.8s
epoch 2614 | loss 9.0105 | lr 4.18e-04 | 0.8s
epoch 2615 | loss 9.0031 | lr 4.17e-04 | 0.7s
epoch 2616 | loss 8.9649 | lr 4.17e-04 | 0.9s
epoch 2617 | loss 8.9954 | lr 4.16e-04 | 0.8s
epoch 2618 | loss 9.0254 | lr 4.16e-04 | 0.8s
epoch 2619 | loss 9.0352 | lr 4.15e-04 | 0.7s
epoch 2620 | loss 9.0504 | lr 4.14e-04 | 0.7s
epoch 2621 | loss 9.0191 | lr 4.14e-04 | 0.8s
epoch 2622 | loss 9.0115 | lr 4.13e-04 | 0.8s
epoch 2623 | loss 8.9819 | lr 4.13e-04 | 0.8s
epoch 2624 | loss 8.9873 | lr 4.12e-04 | 0.8s
epoch 2625 | loss 8.9922 | lr 4.12e-04 | 0.8s
epoch 2626 | loss 9.0414 | lr 4.11e-04 | 0.7s
epoch 2627 | loss 8.9515 | lr 4.11e-04 | 0.8s
epoch 2628 | loss 8.9689 | lr 4.10e-04 | 0.8s
epoch 2629 | loss 9.0073 | lr 4.10e-04 | 0.8s
epoch 2630 | loss 8.9676 | lr 4.09e-04 | 0.8s
epoch 2631 | loss 9.0666 | lr 4.09e-04 | 0.9s
epoch 2632 | loss 9.0161 | lr 4.08e-04 | 0.8s
epoch 2633 | loss 9.0068 | lr 4.07e-04 | 0.9s
epoch 2634 | loss 9.0675 | lr 4.07e-04 | 0.8s
epoch 2635 | loss 8.9992 | lr 4.06e-04 | 0.8s
epoch 2636 | loss 9.0247 | lr 4.06e-04 | 0.8s
epoch 2637 | loss 9.0076 | lr 4.05e-04 | 0.8s
epoch 2638 | loss 8.9895 | lr 4.05e-04 | 0.8s
epoch 2639 | loss 9.0374 | lr 4.04e-04 | 0.7s
epoch 2640 | loss 9.0102 | lr 4.04e-04 | 0.7s
epoch 2641 | loss 9.0076 | lr 4.03e-04 | 0.8s
epoch 2642 | loss 9.0110 | lr 4.03e-04 | 0.8s
epoch 2643 | loss 9.0093 | lr 4.02e-04 | 0.8s
epoch 2644 | loss 9.0023 | lr 4.02e-04 | 0.7s
epoch 2645 | loss 9.0379 | lr 4.01e-04 | 0.9s
epoch 2646 | loss 8.9839 | lr 4.00e-04 | 0.9s
epoch 2647 | loss 8.9748 | lr 4.00e-04 | 0.8s
epoch 2648 | loss 9.0458 | lr 3.99e-04 | 0.8s
epoch 2649 | loss 8.9911 | lr 3.99e-04 | 0.7s
epoch 2650 | loss 9.0041 | lr 3.98e-04 | 0.8s
epoch 2651 | loss 9.0397 | lr 3.98e-04 | 0.8s
epoch 2652 | loss 9.0336 | lr 3.97e-04 | 0.7s
epoch 2653 | loss 9.0209 | lr 3.97e-04 | 0.8s
epoch 2654 | loss 9.0255 | lr 3.96e-04 | 0.8s
epoch 2655 | loss 8.9804 | lr 3.96e-04 | 0.9s
epoch 2656 | loss 9.0019 | lr 3.95e-04 | 0.8s
epoch 2657 | loss 9.0082 | lr 3.95e-04 | 0.8s
epoch 2658 | loss 9.0476 | lr 3.94e-04 | 0.8s
epoch 2659 | loss 8.9715 | lr 3.94e-04 | 0.8s
epoch 2660 | loss 8.9381 | lr 3.93e-04 | 0.8s
epoch 2661 | loss 9.0391 | lr 3.92e-04 | 0.8s
epoch 2662 | loss 8.9769 | lr 3.92e-04 | 0.8s
epoch 2663 | loss 9.0014 | lr 3.91e-04 | 0.7s
epoch 2664 | loss 9.0163 | lr 3.91e-04 | 0.8s
epoch 2665 | loss 9.0184 | lr 3.90e-04 | 0.8s
epoch 2666 | loss 8.9964 | lr 3.90e-04 | 0.7s
epoch 2667 | loss 8.9848 | lr 3.89e-04 | 0.8s
epoch 2668 | loss 9.0402 | lr 3.89e-04 | 0.7s
epoch 2669 | loss 8.9670 | lr 3.88e-04 | 0.7s
epoch 2670 | loss 9.0123 | lr 3.88e-04 | 0.7s
epoch 2671 | loss 8.9942 | lr 3.87e-04 | 0.8s
epoch 2672 | loss 8.9850 | lr 3.87e-04 | 0.8s
epoch 2673 | loss 9.0111 | lr 3.86e-04 | 0.9s
epoch 2674 | loss 9.0018 | lr 3.86e-04 | 0.8s
epoch 2675 | loss 9.0543 | lr 3.85e-04 | 0.8s
epoch 2676 | loss 9.0268 | lr 3.85e-04 | 0.8s
epoch 2677 | loss 9.0537 | lr 3.84e-04 | 0.7s
epoch 2678 | loss 9.0139 | lr 3.83e-04 | 0.8s
epoch 2679 | loss 9.0207 | lr 3.83e-04 | 0.8s
epoch 2680 | loss 9.0732 | lr 3.82e-04 | 0.8s
epoch 2681 | loss 8.9982 | lr 3.82e-04 | 0.8s
epoch 2682 | loss 8.9743 | lr 3.81e-04 | 0.8s
epoch 2683 | loss 9.0198 | lr 3.81e-04 | 0.9s
epoch 2684 | loss 8.9669 | lr 3.80e-04 | 0.7s
epoch 2685 | loss 8.9852 | lr 3.80e-04 | 0.8s
epoch 2686 | loss 9.0248 | lr 3.79e-04 | 0.9s
epoch 2687 | loss 9.0091 | lr 3.79e-04 | 0.9s
epoch 2688 | loss 8.9850 | lr 3.78e-04 | 0.7s
epoch 2689 | loss 8.9952 | lr 3.78e-04 | 0.7s
epoch 2690 | loss 8.9829 | lr 3.77e-04 | 0.7s
epoch 2691 | loss 8.9880 | lr 3.77e-04 | 0.8s
epoch 2692 | loss 9.0290 | lr 3.76e-04 | 0.8s
epoch 2693 | loss 9.0101 | lr 3.76e-04 | 0.9s
epoch 2694 | loss 9.0319 | lr 3.75e-04 | 0.8s
epoch 2695 | loss 9.0136 | lr 3.75e-04 | 0.8s
epoch 2696 | loss 8.9701 | lr 3.74e-04 | 0.7s
epoch 2697 | loss 9.0234 | lr 3.73e-04 | 0.8s
epoch 2698 | loss 8.9760 | lr 3.73e-04 | 0.8s
epoch 2699 | loss 9.0078 | lr 3.72e-04 | 0.8s
epoch 2700 | loss 8.9691 | lr 3.72e-04 | 0.9s
epoch 2701 | loss 9.0446 | lr 3.71e-04 | 0.8s
epoch 2702 | loss 9.0062 | lr 3.71e-04 | 0.8s
epoch 2703 | loss 9.0262 | lr 3.70e-04 | 0.8s
epoch 2704 | loss 8.9809 | lr 3.70e-04 | 0.8s
epoch 2705 | loss 9.0286 | lr 3.69e-04 | 0.7s
epoch 2706 | loss 8.9825 | lr 3.69e-04 | 0.8s
epoch 2707 | loss 8.9894 | lr 3.68e-04 | 0.8s
epoch 2708 | loss 8.9746 | lr 3.68e-04 | 0.8s
epoch 2709 | loss 8.9956 | lr 3.67e-04 | 0.8s
epoch 2710 | loss 8.9850 | lr 3.67e-04 | 0.8s
epoch 2711 | loss 8.9636 | lr 3.66e-04 | 0.9s
epoch 2712 | loss 8.9563 | lr 3.66e-04 | 0.7s
epoch 2713 | loss 8.9615 | lr 3.65e-04 | 0.9s
epoch 2714 | loss 9.0418 | lr 3.65e-04 | 0.9s
epoch 2715 | loss 9.0057 | lr 3.64e-04 | 0.8s
epoch 2716 | loss 9.0362 | lr 3.64e-04 | 0.8s
epoch 2717 | loss 9.0272 | lr 3.63e-04 | 0.8s
epoch 2718 | loss 8.9909 | lr 3.63e-04 | 0.9s
epoch 2719 | loss 9.0409 | lr 3.62e-04 | 0.8s
epoch 2720 | loss 9.0304 | lr 3.62e-04 | 0.8s
epoch 2721 | loss 9.0060 | lr 3.61e-04 | 0.9s
epoch 2722 | loss 8.9973 | lr 3.61e-04 | 0.8s
epoch 2723 | loss 9.0153 | lr 3.60e-04 | 0.7s
epoch 2724 | loss 8.9909 | lr 3.59e-04 | 0.9s
epoch 2725 | loss 9.0291 | lr 3.59e-04 | 0.8s
epoch 2726 | loss 8.9876 | lr 3.58e-04 | 0.9s
epoch 2727 | loss 9.0324 | lr 3.58e-04 | 0.8s
epoch 2728 | loss 8.9997 | lr 3.57e-04 | 0.8s
epoch 2729 | loss 8.9952 | lr 3.57e-04 | 0.8s
epoch 2730 | loss 8.9443 | lr 3.56e-04 | 0.7s
epoch 2731 | loss 8.9669 | lr 3.56e-04 | 0.8s
epoch 2732 | loss 8.9680 | lr 3.55e-04 | 0.8s
epoch 2733 | loss 9.0494 | lr 3.55e-04 | 0.9s
epoch 2734 | loss 9.0077 | lr 3.54e-04 | 0.8s
epoch 2735 | loss 9.0308 | lr 3.54e-04 | 0.8s
epoch 2736 | loss 9.0123 | lr 3.53e-04 | 0.8s
epoch 2737 | loss 8.9962 | lr 3.53e-04 | 0.9s
epoch 2738 | loss 8.9891 | lr 3.52e-04 | 0.8s
epoch 2739 | loss 8.9607 | lr 3.52e-04 | 0.8s
epoch 2740 | loss 8.9809 | lr 3.51e-04 | 0.7s
epoch 2741 | loss 8.9720 | lr 3.51e-04 | 0.8s
epoch 2742 | loss 8.9737 | lr 3.50e-04 | 0.8s
epoch 2743 | loss 8.9743 | lr 3.50e-04 | 0.7s
epoch 2744 | loss 9.0003 | lr 3.49e-04 | 0.8s
epoch 2745 | loss 9.0176 | lr 3.49e-04 | 0.8s
epoch 2746 | loss 8.9844 | lr 3.48e-04 | 0.8s
epoch 2747 | loss 9.0021 | lr 3.48e-04 | 0.8s
epoch 2748 | loss 9.0109 | lr 3.47e-04 | 0.8s
epoch 2749 | loss 8.9783 | lr 3.47e-04 | 0.8s
epoch 2750 | loss 8.9534 | lr 3.46e-04 | 0.9s
epoch 2751 | loss 8.9693 | lr 3.46e-04 | 0.8s
epoch 2752 | loss 9.0003 | lr 3.45e-04 | 0.8s
epoch 2753 | loss 8.9608 | lr 3.45e-04 | 0.8s
epoch 2754 | loss 9.0100 | lr 3.44e-04 | 0.7s
epoch 2755 | loss 8.9925 | lr 3.44e-04 | 0.8s
epoch 2756 | loss 9.0252 | lr 3.43e-04 | 0.9s
epoch 2757 | loss 9.0558 | lr 3.43e-04 | 0.8s
epoch 2758 | loss 8.9312 | lr 3.42e-04 | 0.9s
epoch 2759 | loss 9.0319 | lr 3.42e-04 | 0.9s
epoch 2760 | loss 9.0050 | lr 3.41e-04 | 0.8s
epoch 2761 | loss 8.9945 | lr 3.41e-04 | 0.8s
epoch 2762 | loss 9.0110 | lr 3.40e-04 | 0.8s
epoch 2763 | loss 9.0110 | lr 3.40e-04 | 0.6s
epoch 2764 | loss 8.9682 | lr 3.39e-04 | 0.5s
epoch 2765 | loss 8.9747 | lr 3.39e-04 | 0.6s
epoch 2766 | loss 8.9359 | lr 3.38e-04 | 0.6s
epoch 2767 | loss 9.0386 | lr 3.38e-04 | 0.5s
epoch 2768 | loss 9.0101 | lr 3.37e-04 | 0.6s
epoch 2769 | loss 9.0007 | lr 3.37e-04 | 0.6s
epoch 2770 | loss 8.9837 | lr 3.36e-04 | 0.6s
epoch 2771 | loss 9.0578 | lr 3.36e-04 | 0.6s
epoch 2772 | loss 9.0082 | lr 3.35e-04 | 0.6s
epoch 2773 | loss 9.0001 | lr 3.35e-04 | 0.6s
epoch 2774 | loss 8.9799 | lr 3.34e-04 | 0.6s
epoch 2775 | loss 9.0412 | lr 3.34e-04 | 0.6s
epoch 2776 | loss 8.9635 | lr 3.33e-04 | 0.6s
epoch 2777 | loss 8.9582 | lr 3.32e-04 | 0.6s
epoch 2778 | loss 8.9899 | lr 3.32e-04 | 0.6s
epoch 2779 | loss 9.0155 | lr 3.31e-04 | 0.6s
epoch 2780 | loss 9.0279 | lr 3.31e-04 | 0.6s
epoch 2781 | loss 9.0066 | lr 3.30e-04 | 0.6s
epoch 2782 | loss 9.0356 | lr 3.30e-04 | 0.6s
epoch 2783 | loss 8.9709 | lr 3.29e-04 | 0.6s
epoch 2784 | loss 9.0479 | lr 3.29e-04 | 0.6s
epoch 2785 | loss 9.0197 | lr 3.28e-04 | 0.6s
epoch 2786 | loss 8.9990 | lr 3.28e-04 | 0.6s
epoch 2787 | loss 9.0003 | lr 3.27e-04 | 0.6s
epoch 2788 | loss 8.9786 | lr 3.27e-04 | 0.6s
epoch 2789 | loss 8.9809 | lr 3.26e-04 | 0.6s
epoch 2790 | loss 9.0169 | lr 3.26e-04 | 0.6s
epoch 2791 | loss 8.9539 | lr 3.26e-04 | 0.6s
epoch 2792 | loss 8.9799 | lr 3.25e-04 | 0.6s
epoch 2793 | loss 9.0126 | lr 3.25e-04 | 0.6s
epoch 2794 | loss 8.9622 | lr 3.24e-04 | 0.6s
epoch 2795 | loss 8.9903 | lr 3.24e-04 | 0.6s
epoch 2796 | loss 8.9902 | lr 3.23e-04 | 0.6s
epoch 2797 | loss 8.9921 | lr 3.23e-04 | 0.6s
epoch 2798 | loss 8.9904 | lr 3.22e-04 | 0.6s
epoch 2799 | loss 9.0158 | lr 3.22e-04 | 0.6s
epoch 2800 | loss 8.9630 | lr 3.21e-04 | 0.6s
epoch 2801 | loss 8.9893 | lr 3.21e-04 | 0.6s
epoch 2802 | loss 8.9725 | lr 3.20e-04 | 0.6s
epoch 2803 | loss 9.0128 | lr 3.20e-04 | 0.6s
epoch 2804 | loss 9.0614 | lr 3.19e-04 | 0.6s
epoch 2805 | loss 8.9877 | lr 3.19e-04 | 0.6s
epoch 2806 | loss 8.9624 | lr 3.18e-04 | 0.6s
epoch 2807 | loss 8.9466 | lr 3.18e-04 | 0.6s
epoch 2808 | loss 8.9389 | lr 3.17e-04 | 0.6s
epoch 2809 | loss 8.9910 | lr 3.17e-04 | 0.6s
epoch 2810 | loss 9.0086 | lr 3.16e-04 | 0.6s
epoch 2811 | loss 9.0175 | lr 3.16e-04 | 0.6s
epoch 2812 | loss 8.9181 | lr 3.15e-04 | 0.6s
epoch 2813 | loss 8.9502 | lr 3.15e-04 | 0.5s
epoch 2814 | loss 8.9845 | lr 3.14e-04 | 0.6s
epoch 2815 | loss 8.9943 | lr 3.14e-04 | 0.6s
epoch 2816 | loss 8.9816 | lr 3.13e-04 | 0.6s
epoch 2817 | loss 9.0087 | lr 3.13e-04 | 0.6s
epoch 2818 | loss 8.9601 | lr 3.12e-04 | 0.6s
epoch 2819 | loss 9.0542 | lr 3.12e-04 | 0.6s
epoch 2820 | loss 8.9492 | lr 3.11e-04 | 0.6s
epoch 2821 | loss 8.9559 | lr 3.11e-04 | 0.6s
epoch 2822 | loss 9.0184 | lr 3.10e-04 | 0.6s
epoch 2823 | loss 8.9820 | lr 3.10e-04 | 0.6s
epoch 2824 | loss 8.9459 | lr 3.09e-04 | 0.6s
epoch 2825 | loss 8.9584 | lr 3.09e-04 | 0.6s
epoch 2826 | loss 9.0003 | lr 3.08e-04 | 0.6s
epoch 2827 | loss 8.9905 | lr 3.08e-04 | 0.6s
epoch 2828 | loss 9.0050 | lr 3.07e-04 | 0.6s
epoch 2829 | loss 8.9727 | lr 3.07e-04 | 0.6s
epoch 2830 | loss 9.0395 | lr 3.06e-04 | 0.6s
epoch 2831 | loss 8.9638 | lr 3.06e-04 | 0.6s
epoch 2832 | loss 9.0158 | lr 3.05e-04 | 0.6s
epoch 2833 | loss 9.0054 | lr 3.05e-04 | 0.6s
epoch 2834 | loss 8.9733 | lr 3.04e-04 | 0.6s
epoch 2835 | loss 8.9894 | lr 3.04e-04 | 0.6s
epoch 2836 | loss 9.0018 | lr 3.03e-04 | 0.6s
epoch 2837 | loss 9.0105 | lr 3.03e-04 | 0.6s
epoch 2838 | loss 9.0123 | lr 3.02e-04 | 0.6s
epoch 2839 | loss 9.0069 | lr 3.02e-04 | 0.6s
epoch 2840 | loss 8.9954 | lr 3.01e-04 | 0.6s
epoch 2841 | loss 8.9612 | lr 3.01e-04 | 0.6s
epoch 2842 | loss 8.9870 | lr 3.00e-04 | 0.6s
epoch 2843 | loss 9.0092 | lr 3.00e-04 | 0.6s
epoch 2844 | loss 9.0353 | lr 3.00e-04 | 0.6s
epoch 2845 | loss 9.0027 | lr 2.99e-04 | 0.6s
epoch 2846 | loss 8.9673 | lr 2.99e-04 | 0.6s
epoch 2847 | loss 9.0382 | lr 2.98e-04 | 0.6s
epoch 2848 | loss 8.9971 | lr 2.98e-04 | 0.6s
epoch 2849 | loss 8.9905 | lr 2.97e-04 | 0.6s
epoch 2850 | loss 8.9932 | lr 2.97e-04 | 0.6s
epoch 2851 | loss 8.9768 | lr 2.96e-04 | 0.6s
epoch 2852 | loss 8.9802 | lr 2.96e-04 | 0.6s
epoch 2853 | loss 8.9452 | lr 2.95e-04 | 0.6s
epoch 2854 | loss 8.9490 | lr 2.95e-04 | 0.6s
epoch 2855 | loss 8.9912 | lr 2.94e-04 | 0.6s
epoch 2856 | loss 9.0497 | lr 2.94e-04 | 0.6s
epoch 2857 | loss 9.0061 | lr 2.93e-04 | 0.6s
epoch 2858 | loss 8.9913 | lr 2.93e-04 | 0.6s
epoch 2859 | loss 8.9774 | lr 2.92e-04 | 0.6s
epoch 2860 | loss 8.9893 | lr 2.92e-04 | 0.6s
epoch 2861 | loss 8.9347 | lr 2.91e-04 | 0.6s
epoch 2862 | loss 9.0048 | lr 2.91e-04 | 0.6s
epoch 2863 | loss 8.9665 | lr 2.90e-04 | 0.6s
epoch 2864 | loss 8.9694 | lr 2.90e-04 | 0.6s
epoch 2865 | loss 8.9775 | lr 2.89e-04 | 0.6s
epoch 2866 | loss 8.9924 | lr 2.89e-04 | 0.6s
epoch 2867 | loss 8.9665 | lr 2.88e-04 | 0.6s
epoch 2868 | loss 9.0294 | lr 2.88e-04 | 0.5s
epoch 2869 | loss 9.0382 | lr 2.88e-04 | 0.6s
epoch 2870 | loss 8.9772 | lr 2.87e-04 | 0.6s
epoch 2871 | loss 9.0157 | lr 2.87e-04 | 0.6s
epoch 2872 | loss 8.9856 | lr 2.86e-04 | 0.6s
epoch 2873 | loss 8.9813 | lr 2.86e-04 | 0.6s
epoch 2874 | loss 9.0020 | lr 2.85e-04 | 0.6s
epoch 2875 | loss 8.9961 | lr 2.85e-04 | 0.6s
epoch 2876 | loss 8.9820 | lr 2.84e-04 | 0.6s
epoch 2877 | loss 8.9866 | lr 2.84e-04 | 0.6s
epoch 2878 | loss 8.9641 | lr 2.83e-04 | 0.6s
epoch 2879 | loss 8.9927 | lr 2.83e-04 | 0.6s
epoch 2880 | loss 8.9683 | lr 2.82e-04 | 0.6s
epoch 2881 | loss 8.9728 | lr 2.82e-04 | 0.6s
epoch 2882 | loss 8.9304 | lr 2.81e-04 | 0.6s
epoch 2883 | loss 8.9808 | lr 2.81e-04 | 0.6s
epoch 2884 | loss 8.9902 | lr 2.80e-04 | 0.6s
epoch 2885 | loss 9.0293 | lr 2.80e-04 | 0.6s
epoch 2886 | loss 8.9510 | lr 2.80e-04 | 0.5s
epoch 2887 | loss 8.9842 | lr 2.79e-04 | 0.6s
epoch 2888 | loss 9.0053 | lr 2.79e-04 | 0.6s
epoch 2889 | loss 8.9775 | lr 2.78e-04 | 0.6s
epoch 2890 | loss 8.9875 | lr 2.78e-04 | 0.6s
epoch 2891 | loss 8.9960 | lr 2.77e-04 | 0.5s
epoch 2892 | loss 8.9853 | lr 2.77e-04 | 0.6s
epoch 2893 | loss 8.9928 | lr 2.76e-04 | 0.6s
epoch 2894 | loss 9.0086 | lr 2.76e-04 | 0.5s
epoch 2895 | loss 8.9749 | lr 2.75e-04 | 0.6s
epoch 2896 | loss 8.9293 | lr 2.75e-04 | 0.5s
epoch 2897 | loss 9.0280 | lr 2.74e-04 | 0.6s
epoch 2898 | loss 8.9545 | lr 2.74e-04 | 0.6s
epoch 2899 | loss 8.9715 | lr 2.73e-04 | 0.6s
epoch 2900 | loss 8.9798 | lr 2.73e-04 | 0.6s
epoch 2901 | loss 8.9707 | lr 2.72e-04 | 0.6s
epoch 2902 | loss 9.0255 | lr 2.72e-04 | 0.6s
epoch 2903 | loss 8.9283 | lr 2.72e-04 | 0.6s
epoch 2904 | loss 8.9805 | lr 2.71e-04 | 0.6s
epoch 2905 | loss 9.0009 | lr 2.71e-04 | 0.6s
epoch 2906 | loss 9.0198 | lr 2.70e-04 | 0.6s
epoch 2907 | loss 8.9979 | lr 2.70e-04 | 0.6s
epoch 2908 | loss 8.9953 | lr 2.69e-04 | 0.6s
epoch 2909 | loss 8.9582 | lr 2.69e-04 | 0.6s
epoch 2910 | loss 9.0502 | lr 2.68e-04 | 0.6s
epoch 2911 | loss 9.0073 | lr 2.68e-04 | 0.6s
epoch 2912 | loss 9.0012 | lr 2.67e-04 | 0.6s
epoch 2913 | loss 8.9619 | lr 2.67e-04 | 0.6s
epoch 2914 | loss 9.0050 | lr 2.66e-04 | 0.6s
epoch 2915 | loss 8.9961 | lr 2.66e-04 | 0.6s
epoch 2916 | loss 8.9881 | lr 2.66e-04 | 0.6s
epoch 2917 | loss 9.0041 | lr 2.65e-04 | 0.6s
epoch 2918 | loss 8.9825 | lr 2.65e-04 | 0.5s
epoch 2919 | loss 9.0207 | lr 2.64e-04 | 0.5s
epoch 2920 | loss 8.9929 | lr 2.64e-04 | 0.5s
epoch 2921 | loss 8.9758 | lr 2.63e-04 | 0.5s
epoch 2922 | loss 9.0169 | lr 2.63e-04 | 0.6s
epoch 2923 | loss 8.9526 | lr 2.62e-04 | 0.6s
epoch 2924 | loss 9.0074 | lr 2.62e-04 | 0.6s
epoch 2925 | loss 9.0229 | lr 2.61e-04 | 0.6s
epoch 2926 | loss 8.9827 | lr 2.61e-04 | 0.6s
epoch 2927 | loss 9.0387 | lr 2.61e-04 | 0.6s
epoch 2928 | loss 8.9769 | lr 2.60e-04 | 0.5s
epoch 2929 | loss 8.9630 | lr 2.60e-04 | 0.5s
epoch 2930 | loss 9.0240 | lr 2.59e-04 | 0.6s
epoch 2931 | loss 8.9370 | lr 2.59e-04 | 0.6s
epoch 2932 | loss 8.9691 | lr 2.58e-04 | 0.6s
epoch 2933 | loss 8.9659 | lr 2.58e-04 | 0.6s
epoch 2934 | loss 8.9848 | lr 2.57e-04 | 0.6s
epoch 2935 | loss 9.0245 | lr 2.57e-04 | 0.6s
epoch 2936 | loss 8.9953 | lr 2.56e-04 | 0.6s
epoch 2937 | loss 9.0017 | lr 2.56e-04 | 0.6s
epoch 2938 | loss 8.9944 | lr 2.56e-04 | 0.6s
epoch 2939 | loss 8.9920 | lr 2.55e-04 | 0.6s
epoch 2940 | loss 9.0071 | lr 2.55e-04 | 0.6s
epoch 2941 | loss 8.9728 | lr 2.54e-04 | 0.6s
epoch 2942 | loss 8.9833 | lr 2.54e-04 | 0.6s
epoch 2943 | loss 9.0075 | lr 2.53e-04 | 0.6s
epoch 2944 | loss 8.9961 | lr 2.53e-04 | 0.6s
epoch 2945 | loss 8.9479 | lr 2.52e-04 | 0.6s
epoch 2946 | loss 8.9713 | lr 2.52e-04 | 0.6s
epoch 2947 | loss 9.0145 | lr 2.51e-04 | 0.6s
epoch 2948 | loss 8.9582 | lr 2.51e-04 | 0.6s
epoch 2949 | loss 8.9856 | lr 2.51e-04 | 0.5s
epoch 2950 | loss 9.0254 | lr 2.50e-04 | 0.5s
epoch 2951 | loss 8.9878 | lr 2.50e-04 | 0.6s
epoch 2952 | loss 8.9527 | lr 2.49e-04 | 0.6s
epoch 2953 | loss 9.0078 | lr 2.49e-04 | 0.6s
epoch 2954 | loss 8.9332 | lr 2.48e-04 | 0.6s
epoch 2955 | loss 8.9743 | lr 2.48e-04 | 0.6s
epoch 2956 | loss 9.0149 | lr 2.47e-04 | 0.6s
epoch 2957 | loss 8.9587 | lr 2.47e-04 | 0.6s
epoch 2958 | loss 8.9794 | lr 2.46e-04 | 0.6s
epoch 2959 | loss 8.9993 | lr 2.46e-04 | 0.6s
epoch 2960 | loss 8.9887 | lr 2.46e-04 | 0.6s
epoch 2961 | loss 8.9518 | lr 2.45e-04 | 0.6s
epoch 2962 | loss 9.0134 | lr 2.45e-04 | 0.6s
epoch 2963 | loss 8.9613 | lr 2.44e-04 | 0.6s
epoch 2964 | loss 8.9636 | lr 2.44e-04 | 0.6s
epoch 2965 | loss 8.9889 | lr 2.43e-04 | 0.6s
epoch 2966 | loss 9.0312 | lr 2.43e-04 | 0.6s
epoch 2967 | loss 8.9899 | lr 2.42e-04 | 0.6s
epoch 2968 | loss 8.9470 | lr 2.42e-04 | 0.6s
epoch 2969 | loss 8.9954 | lr 2.42e-04 | 0.6s
epoch 2970 | loss 8.9925 | lr 2.41e-04 | 0.6s
epoch 2971 | loss 8.9725 | lr 2.41e-04 | 0.6s
epoch 2972 | loss 9.0088 | lr 2.40e-04 | 0.6s
epoch 2973 | loss 8.9836 | lr 2.40e-04 | 0.6s
epoch 2974 | loss 9.0091 | lr 2.39e-04 | 0.6s
epoch 2975 | loss 9.0345 | lr 2.39e-04 | 0.6s
epoch 2976 | loss 9.0264 | lr 2.39e-04 | 0.6s
epoch 2977 | loss 8.9526 | lr 2.38e-04 | 0.6s
epoch 2978 | loss 8.9910 | lr 2.38e-04 | 0.6s
epoch 2979 | loss 8.9534 | lr 2.37e-04 | 0.6s
epoch 2980 | loss 8.9457 | lr 2.37e-04 | 0.6s
epoch 2981 | loss 9.0015 | lr 2.36e-04 | 0.6s
epoch 2982 | loss 8.9795 | lr 2.36e-04 | 0.6s
epoch 2983 | loss 8.9741 | lr 2.35e-04 | 0.6s
epoch 2984 | loss 8.9514 | lr 2.35e-04 | 0.6s
epoch 2985 | loss 8.9534 | lr 2.35e-04 | 0.6s
epoch 2986 | loss 8.9864 | lr 2.34e-04 | 0.6s
epoch 2987 | loss 8.9575 | lr 2.34e-04 | 0.6s
epoch 2988 | loss 9.0011 | lr 2.33e-04 | 0.6s
epoch 2989 | loss 9.0088 | lr 2.33e-04 | 0.6s
epoch 2990 | loss 8.9860 | lr 2.32e-04 | 0.6s
epoch 2991 | loss 8.9606 | lr 2.32e-04 | 0.6s
epoch 2992 | loss 8.9548 | lr 2.31e-04 | 0.6s
epoch 2993 | loss 8.9724 | lr 2.31e-04 | 0.6s
epoch 2994 | loss 8.9693 | lr 2.31e-04 | 0.6s
epoch 2995 | loss 8.9149 | lr 2.30e-04 | 0.6s
epoch 2996 | loss 9.0223 | lr 2.30e-04 | 0.6s
epoch 2997 | loss 8.9797 | lr 2.29e-04 | 0.6s
epoch 2998 | loss 8.9783 | lr 2.29e-04 | 0.6s
epoch 2999 | loss 8.9864 | lr 2.28e-04 | 0.6s
epoch 3000 | loss 8.9071 | lr 2.28e-04 | 0.6s
epoch 3001 | loss 9.0128 | lr 2.28e-04 | 0.6s
epoch 3002 | loss 8.9939 | lr 2.27e-04 | 0.6s
epoch 3003 | loss 9.0249 | lr 2.27e-04 | 0.6s
epoch 3004 | loss 8.9752 | lr 2.26e-04 | 0.6s
epoch 3005 | loss 8.9916 | lr 2.26e-04 | 0.6s
epoch 3006 | loss 8.9786 | lr 2.25e-04 | 0.5s
epoch 3007 | loss 8.9659 | lr 2.25e-04 | 0.6s
epoch 3008 | loss 8.9462 | lr 2.25e-04 | 0.6s
epoch 3009 | loss 9.0210 | lr 2.24e-04 | 0.6s
epoch 3010 | loss 8.9441 | lr 2.24e-04 | 0.6s
epoch 3011 | loss 8.9876 | lr 2.23e-04 | 0.6s
epoch 3012 | loss 8.9771 | lr 2.23e-04 | 0.6s
epoch 3013 | loss 8.9992 | lr 2.22e-04 | 0.6s
epoch 3014 | loss 9.0112 | lr 2.22e-04 | 0.6s
epoch 3015 | loss 8.9710 | lr 2.22e-04 | 0.6s
epoch 3016 | loss 9.0086 | lr 2.21e-04 | 0.6s
epoch 3017 | loss 9.0080 | lr 2.21e-04 | 0.6s
epoch 3018 | loss 8.9453 | lr 2.20e-04 | 0.6s
epoch 3019 | loss 8.9981 | lr 2.20e-04 | 0.6s
epoch 3020 | loss 8.9562 | lr 2.19e-04 | 0.5s
epoch 3021 | loss 8.9967 | lr 2.19e-04 | 0.6s
epoch 3022 | loss 8.9252 | lr 2.19e-04 | 0.6s
epoch 3023 | loss 8.9890 | lr 2.18e-04 | 0.6s
epoch 3024 | loss 8.9700 | lr 2.18e-04 | 0.6s
epoch 3025 | loss 8.9594 | lr 2.17e-04 | 0.6s
epoch 3026 | loss 8.9498 | lr 2.17e-04 | 0.6s
epoch 3027 | loss 8.9713 | lr 2.16e-04 | 0.6s
epoch 3028 | loss 9.0035 | lr 2.16e-04 | 0.6s
epoch 3029 | loss 8.9543 | lr 2.16e-04 | 0.6s
epoch 3030 | loss 8.9642 | lr 2.15e-04 | 0.6s
epoch 3031 | loss 8.9579 | lr 2.15e-04 | 0.6s
epoch 3032 | loss 9.0117 | lr 2.14e-04 | 0.6s
epoch 3033 | loss 8.9695 | lr 2.14e-04 | 0.6s
epoch 3034 | loss 8.9815 | lr 2.14e-04 | 0.6s
epoch 3035 | loss 8.9620 | lr 2.13e-04 | 0.6s
epoch 3036 | loss 8.9951 | lr 2.13e-04 | 0.6s
epoch 3037 | loss 8.9524 | lr 2.12e-04 | 0.6s
epoch 3038 | loss 8.9601 | lr 2.12e-04 | 0.6s
epoch 3039 | loss 8.9958 | lr 2.11e-04 | 0.6s
epoch 3040 | loss 8.9817 | lr 2.11e-04 | 0.6s
epoch 3041 | loss 8.9512 | lr 2.11e-04 | 0.6s
epoch 3042 | loss 9.0287 | lr 2.10e-04 | 0.6s
epoch 3043 | loss 8.9611 | lr 2.10e-04 | 0.6s
epoch 3044 | loss 8.9735 | lr 2.09e-04 | 0.6s
epoch 3045 | loss 9.0131 | lr 2.09e-04 | 0.6s
epoch 3046 | loss 8.9474 | lr 2.08e-04 | 0.6s
epoch 3047 | loss 8.9418 | lr 2.08e-04 | 0.6s
epoch 3048 | loss 8.9935 | lr 2.08e-04 | 0.6s
epoch 3049 | loss 8.9809 | lr 2.07e-04 | 0.6s
epoch 3050 | loss 8.9758 | lr 2.07e-04 | 0.6s
epoch 3051 | loss 8.9741 | lr 2.06e-04 | 0.6s
epoch 3052 | loss 8.9872 | lr 2.06e-04 | 0.6s
epoch 3053 | loss 8.9881 | lr 2.06e-04 | 0.6s
epoch 3054 | loss 8.9995 | lr 2.05e-04 | 0.6s
epoch 3055 | loss 8.9954 | lr 2.05e-04 | 0.6s
epoch 3056 | loss 8.9508 | lr 2.04e-04 | 0.6s
epoch 3057 | loss 8.9415 | lr 2.04e-04 | 0.6s
epoch 3058 | loss 8.9554 | lr 2.04e-04 | 0.6s
epoch 3059 | loss 8.9594 | lr 2.03e-04 | 0.6s
epoch 3060 | loss 8.9814 | lr 2.03e-04 | 0.6s
epoch 3061 | loss 8.9510 | lr 2.02e-04 | 0.6s
epoch 3062 | loss 8.9715 | lr 2.02e-04 | 0.6s
epoch 3063 | loss 8.9255 | lr 2.01e-04 | 0.6s
epoch 3064 | loss 9.0063 | lr 2.01e-04 | 0.6s
epoch 3065 | loss 8.9649 | lr 2.01e-04 | 0.6s
epoch 3066 | loss 9.0204 | lr 2.00e-04 | 0.6s
epoch 3067 | loss 8.9519 | lr 2.00e-04 | 0.6s
epoch 3068 | loss 9.0011 | lr 1.99e-04 | 0.6s
epoch 3069 | loss 9.0040 | lr 1.99e-04 | 0.5s
epoch 3070 | loss 9.0034 | lr 1.99e-04 | 0.6s
epoch 3071 | loss 9.0177 | lr 1.98e-04 | 0.6s
epoch 3072 | loss 8.9952 | lr 1.98e-04 | 0.6s
epoch 3073 | loss 8.9765 | lr 1.97e-04 | 0.6s
epoch 3074 | loss 9.0047 | lr 1.97e-04 | 0.6s
epoch 3075 | loss 8.9253 | lr 1.97e-04 | 0.6s
epoch 3076 | loss 8.9628 | lr 1.96e-04 | 0.6s
epoch 3077 | loss 9.0221 | lr 1.96e-04 | 0.6s
epoch 3078 | loss 8.9577 | lr 1.95e-04 | 0.6s
epoch 3079 | loss 8.9500 | lr 1.95e-04 | 0.6s
epoch 3080 | loss 8.8879 | lr 1.95e-04 | 0.6s
epoch 3081 | loss 9.0133 | lr 1.94e-04 | 0.6s
epoch 3082 | loss 8.9719 | lr 1.94e-04 | 0.6s
epoch 3083 | loss 8.9896 | lr 1.93e-04 | 0.6s
epoch 3084 | loss 8.9864 | lr 1.93e-04 | 0.6s
epoch 3085 | loss 8.9138 | lr 1.92e-04 | 0.6s
epoch 3086 | loss 8.9390 | lr 1.92e-04 | 0.6s
epoch 3087 | loss 8.9664 | lr 1.92e-04 | 0.6s
epoch 3088 | loss 8.9620 | lr 1.91e-04 | 0.6s
epoch 3089 | loss 8.9948 | lr 1.91e-04 | 0.6s
epoch 3090 | loss 8.9488 | lr 1.90e-04 | 0.6s
epoch 3091 | loss 9.0067 | lr 1.90e-04 | 0.6s
epoch 3092 | loss 8.9501 | lr 1.90e-04 | 0.6s
epoch 3093 | loss 8.9805 | lr 1.89e-04 | 0.6s
epoch 3094 | loss 8.9607 | lr 1.89e-04 | 0.6s
epoch 3095 | loss 9.0119 | lr 1.88e-04 | 0.6s
epoch 3096 | loss 9.0036 | lr 1.88e-04 | 0.6s
epoch 3097 | loss 8.8957 | lr 1.88e-04 | 0.6s
epoch 3098 | loss 8.9400 | lr 1.87e-04 | 0.6s
epoch 3099 | loss 8.9785 | lr 1.87e-04 | 0.6s
epoch 3100 | loss 8.9327 | lr 1.86e-04 | 0.6s
epoch 3101 | loss 9.0558 | lr 1.86e-04 | 0.6s
epoch 3102 | loss 8.9060 | lr 1.86e-04 | 0.6s
epoch 3103 | loss 8.9799 | lr 1.85e-04 | 0.6s
epoch 3104 | loss 8.9513 | lr 1.85e-04 | 0.6s
epoch 3105 | loss 9.0124 | lr 1.85e-04 | 0.6s
epoch 3106 | loss 8.9882 | lr 1.84e-04 | 0.6s
epoch 3107 | loss 8.9506 | lr 1.84e-04 | 0.6s
epoch 3108 | loss 8.9514 | lr 1.83e-04 | 0.6s
epoch 3109 | loss 8.9785 | lr 1.83e-04 | 0.6s
epoch 3110 | loss 8.9770 | lr 1.83e-04 | 0.6s
epoch 3111 | loss 9.0092 | lr 1.82e-04 | 0.6s
epoch 3112 | loss 9.0142 | lr 1.82e-04 | 0.6s
epoch 3113 | loss 8.9867 | lr 1.81e-04 | 0.6s
epoch 3114 | loss 9.0058 | lr 1.81e-04 | 0.5s
epoch 3115 | loss 8.9970 | lr 1.81e-04 | 0.6s
epoch 3116 | loss 8.9100 | lr 1.80e-04 | 0.6s
epoch 3117 | loss 8.9694 | lr 1.80e-04 | 0.6s
epoch 3118 | loss 8.9760 | lr 1.79e-04 | 0.6s
epoch 3119 | loss 9.0130 | lr 1.79e-04 | 0.6s
epoch 3120 | loss 8.9995 | lr 1.79e-04 | 0.6s
epoch 3121 | loss 8.9899 | lr 1.78e-04 | 0.5s
epoch 3122 | loss 8.9602 | lr 1.78e-04 | 0.6s
epoch 3123 | loss 9.0101 | lr 1.77e-04 | 0.6s
epoch 3124 | loss 8.9592 | lr 1.77e-04 | 0.6s
epoch 3125 | loss 8.9361 | lr 1.77e-04 | 0.6s
epoch 3126 | loss 9.0466 | lr 1.76e-04 | 0.6s
epoch 3127 | loss 8.9441 | lr 1.76e-04 | 0.6s
epoch 3128 | loss 8.9881 | lr 1.76e-04 | 0.6s
epoch 3129 | loss 8.9871 | lr 1.75e-04 | 0.5s
epoch 3130 | loss 8.9918 | lr 1.75e-04 | 0.6s
epoch 3131 | loss 8.9736 | lr 1.74e-04 | 0.6s
epoch 3132 | loss 9.0003 | lr 1.74e-04 | 0.5s
epoch 3133 | loss 8.9455 | lr 1.74e-04 | 0.5s
epoch 3134 | loss 8.9816 | lr 1.73e-04 | 0.5s
epoch 3135 | loss 8.9358 | lr 1.73e-04 | 0.5s
epoch 3136 | loss 8.9474 | lr 1.72e-04 | 0.5s
epoch 3137 | loss 8.8905 | lr 1.72e-04 | 0.5s
epoch 3138 | loss 8.9580 | lr 1.72e-04 | 0.5s
epoch 3139 | loss 8.8973 | lr 1.71e-04 | 0.5s
epoch 3140 | loss 8.9955 | lr 1.71e-04 | 0.5s
epoch 3141 | loss 9.0069 | lr 1.70e-04 | 0.5s
epoch 3142 | loss 8.9296 | lr 1.70e-04 | 0.5s
epoch 3143 | loss 8.9766 | lr 1.70e-04 | 0.5s
epoch 3144 | loss 8.9564 | lr 1.69e-04 | 0.5s
epoch 3145 | loss 8.9655 | lr 1.69e-04 | 0.5s
epoch 3146 | loss 8.9829 | lr 1.69e-04 | 0.5s
epoch 3147 | loss 8.9792 | lr 1.68e-04 | 0.6s
epoch 3148 | loss 8.9549 | lr 1.68e-04 | 0.6s
epoch 3149 | loss 8.9557 | lr 1.67e-04 | 0.6s
epoch 3150 | loss 9.0096 | lr 1.67e-04 | 0.6s
epoch 3151 | loss 8.9544 | lr 1.67e-04 | 0.6s
epoch 3152 | loss 8.9899 | lr 1.66e-04 | 0.6s
epoch 3153 | loss 8.9634 | lr 1.66e-04 | 0.6s
epoch 3154 | loss 8.9636 | lr 1.66e-04 | 0.6s
epoch 3155 | loss 8.9757 | lr 1.65e-04 | 0.6s
epoch 3156 | loss 8.9519 | lr 1.65e-04 | 0.6s
epoch 3157 | loss 9.0166 | lr 1.64e-04 | 0.6s
epoch 3158 | loss 8.9117 | lr 1.64e-04 | 0.6s
epoch 3159 | loss 9.0307 | lr 1.64e-04 | 0.6s
epoch 3160 | loss 8.9803 | lr 1.63e-04 | 0.6s
epoch 3161 | loss 8.9941 | lr 1.63e-04 | 0.6s
epoch 3162 | loss 8.9749 | lr 1.63e-04 | 0.6s
epoch 3163 | loss 8.9591 | lr 1.62e-04 | 0.6s
epoch 3164 | loss 9.0481 | lr 1.62e-04 | 0.5s
epoch 3165 | loss 9.0404 | lr 1.61e-04 | 0.6s
epoch 3166 | loss 8.9593 | lr 1.61e-04 | 0.6s
epoch 3167 | loss 8.9781 | lr 1.61e-04 | 0.5s
epoch 3168 | loss 8.9845 | lr 1.60e-04 | 0.6s
epoch 3169 | loss 8.9535 | lr 1.60e-04 | 0.6s
epoch 3170 | loss 8.9717 | lr 1.60e-04 | 0.6s
epoch 3171 | loss 8.9583 | lr 1.59e-04 | 0.6s
epoch 3172 | loss 8.9731 | lr 1.59e-04 | 0.6s
epoch 3173 | loss 8.9036 | lr 1.58e-04 | 0.6s
epoch 3174 | loss 8.9548 | lr 1.58e-04 | 0.6s
epoch 3175 | loss 8.9763 | lr 1.58e-04 | 0.6s
epoch 3176 | loss 8.9436 | lr 1.57e-04 | 0.6s
epoch 3177 | loss 8.9985 | lr 1.57e-04 | 0.6s
epoch 3178 | loss 8.9591 | lr 1.57e-04 | 0.6s
epoch 3179 | loss 8.9841 | lr 1.56e-04 | 0.6s
epoch 3180 | loss 8.9624 | lr 1.56e-04 | 0.6s
epoch 3181 | loss 8.9585 | lr 1.56e-04 | 0.6s
epoch 3182 | loss 8.9775 | lr 1.55e-04 | 0.6s
epoch 3183 | loss 8.9414 | lr 1.55e-04 | 0.6s
epoch 3184 | loss 8.9639 | lr 1.54e-04 | 0.6s
epoch 3185 | loss 8.9902 | lr 1.54e-04 | 0.6s
epoch 3186 | loss 8.9792 | lr 1.54e-04 | 0.6s
epoch 3187 | loss 8.9605 | lr 1.53e-04 | 0.6s
epoch 3188 | loss 8.9905 | lr 1.53e-04 | 0.6s
epoch 3189 | loss 9.0057 | lr 1.53e-04 | 0.6s
epoch 3190 | loss 8.9435 | lr 1.52e-04 | 0.6s
epoch 3191 | loss 8.8902 | lr 1.52e-04 | 0.6s
epoch 3192 | loss 9.0712 | lr 1.51e-04 | 0.6s
epoch 3193 | loss 8.9923 | lr 1.51e-04 | 0.6s
epoch 3194 | loss 8.9570 | lr 1.51e-04 | 0.6s
epoch 3195 | loss 8.9600 | lr 1.50e-04 | 0.6s
epoch 3196 | loss 8.9978 | lr 1.50e-04 | 0.6s
epoch 3197 | loss 8.9507 | lr 1.50e-04 | 0.6s
epoch 3198 | loss 8.9724 | lr 1.49e-04 | 0.6s
epoch 3199 | loss 8.9938 | lr 1.49e-04 | 0.6s
epoch 3200 | loss 8.9370 | lr 1.49e-04 | 0.6s
epoch 3201 | loss 8.9488 | lr 1.48e-04 | 0.6s
epoch 3202 | loss 9.0092 | lr 1.48e-04 | 0.6s
epoch 3203 | loss 8.9509 | lr 1.48e-04 | 0.6s
epoch 3204 | loss 8.9441 | lr 1.47e-04 | 0.6s
epoch 3205 | loss 8.9433 | lr 1.47e-04 | 0.6s
epoch 3206 | loss 8.9905 | lr 1.46e-04 | 0.6s
epoch 3207 | loss 8.9944 | lr 1.46e-04 | 0.6s
epoch 3208 | loss 8.9964 | lr 1.46e-04 | 0.6s
epoch 3209 | loss 8.9776 | lr 1.45e-04 | 0.5s
epoch 3210 | loss 8.9566 | lr 1.45e-04 | 0.6s
epoch 3211 | loss 8.9910 | lr 1.45e-04 | 0.6s
epoch 3212 | loss 8.9603 | lr 1.44e-04 | 0.6s
epoch 3213 | loss 9.0247 | lr 1.44e-04 | 0.6s
epoch 3214 | loss 8.9437 | lr 1.44e-04 | 0.6s
epoch 3215 | loss 8.9609 | lr 1.43e-04 | 0.6s
epoch 3216 | loss 8.9804 | lr 1.43e-04 | 0.6s
epoch 3217 | loss 8.9708 | lr 1.43e-04 | 0.6s
epoch 3218 | loss 8.9222 | lr 1.42e-04 | 0.6s
epoch 3219 | loss 8.9835 | lr 1.42e-04 | 0.6s
epoch 3220 | loss 8.9698 | lr 1.41e-04 | 0.6s
epoch 3221 | loss 9.0159 | lr 1.41e-04 | 0.6s
epoch 3222 | loss 8.9615 | lr 1.41e-04 | 0.6s
epoch 3223 | loss 8.9992 | lr 1.40e-04 | 0.5s
epoch 3224 | loss 8.9758 | lr 1.40e-04 | 0.6s
epoch 3225 | loss 8.9514 | lr 1.40e-04 | 0.6s
epoch 3226 | loss 9.0161 | lr 1.39e-04 | 0.6s
epoch 3227 | loss 8.9365 | lr 1.39e-04 | 0.6s
epoch 3228 | loss 8.9641 | lr 1.39e-04 | 0.6s
epoch 3229 | loss 8.9606 | lr 1.38e-04 | 0.6s
epoch 3230 | loss 8.9936 | lr 1.38e-04 | 0.6s
epoch 3231 | loss 8.9393 | lr 1.38e-04 | 0.6s
epoch 3232 | loss 8.9890 | lr 1.37e-04 | 0.6s
epoch 3233 | loss 8.9267 | lr 1.37e-04 | 0.6s
epoch 3234 | loss 8.9331 | lr 1.37e-04 | 0.6s
epoch 3235 | loss 8.9648 | lr 1.36e-04 | 0.6s
epoch 3236 | loss 8.9515 | lr 1.36e-04 | 0.6s
epoch 3237 | loss 8.9765 | lr 1.36e-04 | 0.6s
epoch 3238 | loss 8.9864 | lr 1.35e-04 | 0.6s
epoch 3239 | loss 8.9724 | lr 1.35e-04 | 0.6s
epoch 3240 | loss 8.8738 | lr 1.35e-04 | 0.6s
epoch 3241 | loss 8.9621 | lr 1.34e-04 | 0.6s
epoch 3242 | loss 8.9707 | lr 1.34e-04 | 0.6s
epoch 3243 | loss 8.9651 | lr 1.34e-04 | 0.6s
epoch 3244 | loss 8.9806 | lr 1.33e-04 | 0.6s
epoch 3245 | loss 8.9746 | lr 1.33e-04 | 0.6s
epoch 3246 | loss 9.0347 | lr 1.32e-04 | 0.6s
epoch 3247 | loss 9.0401 | lr 1.32e-04 | 0.6s
epoch 3248 | loss 8.9489 | lr 1.32e-04 | 0.6s
epoch 3249 | loss 9.0359 | lr 1.31e-04 | 0.6s
epoch 3250 | loss 8.9807 | lr 1.31e-04 | 0.6s
epoch 3251 | loss 8.9852 | lr 1.31e-04 | 0.6s
epoch 3252 | loss 8.9233 | lr 1.30e-04 | 0.6s
epoch 3253 | loss 8.9296 | lr 1.30e-04 | 0.6s
epoch 3254 | loss 8.9828 | lr 1.30e-04 | 0.6s
epoch 3255 | loss 8.9585 | lr 1.29e-04 | 0.6s
epoch 3256 | loss 9.0001 | lr 1.29e-04 | 0.6s
epoch 3257 | loss 9.0287 | lr 1.29e-04 | 0.6s
epoch 3258 | loss 8.9895 | lr 1.28e-04 | 0.6s
epoch 3259 | loss 8.9229 | lr 1.28e-04 | 0.6s
epoch 3260 | loss 8.9373 | lr 1.28e-04 | 0.6s
epoch 3261 | loss 8.9563 | lr 1.27e-04 | 0.6s
epoch 3262 | loss 8.9376 | lr 1.27e-04 | 0.6s
epoch 3263 | loss 8.9622 | lr 1.27e-04 | 0.6s
epoch 3264 | loss 9.0015 | lr 1.26e-04 | 0.6s
epoch 3265 | loss 8.9757 | lr 1.26e-04 | 0.6s
epoch 3266 | loss 8.9166 | lr 1.26e-04 | 0.6s
epoch 3267 | loss 8.9665 | lr 1.25e-04 | 0.6s
epoch 3268 | loss 8.9864 | lr 1.25e-04 | 0.6s
epoch 3269 | loss 8.9563 | lr 1.25e-04 | 0.6s
epoch 3270 | loss 9.0147 | lr 1.24e-04 | 0.6s
epoch 3271 | loss 8.9590 | lr 1.24e-04 | 0.6s
epoch 3272 | loss 8.9449 | lr 1.24e-04 | 0.6s
epoch 3273 | loss 9.0072 | lr 1.23e-04 | 0.6s
epoch 3274 | loss 8.9546 | lr 1.23e-04 | 0.5s
epoch 3275 | loss 8.9930 | lr 1.23e-04 | 0.5s
epoch 3276 | loss 8.9610 | lr 1.22e-04 | 0.6s
epoch 3277 | loss 8.9858 | lr 1.22e-04 | 0.6s
epoch 3278 | loss 8.9881 | lr 1.22e-04 | 0.6s
epoch 3279 | loss 8.9824 | lr 1.21e-04 | 0.6s
epoch 3280 | loss 8.9622 | lr 1.21e-04 | 0.6s
epoch 3281 | loss 8.9764 | lr 1.21e-04 | 0.6s
epoch 3282 | loss 8.9730 | lr 1.20e-04 | 0.6s
epoch 3283 | loss 8.9451 | lr 1.20e-04 | 0.6s
epoch 3284 | loss 8.9915 | lr 1.20e-04 | 0.6s
epoch 3285 | loss 8.9618 | lr 1.19e-04 | 0.6s
epoch 3286 | loss 8.9680 | lr 1.19e-04 | 0.6s
epoch 3287 | loss 8.9816 | lr 1.19e-04 | 0.6s
epoch 3288 | loss 9.0206 | lr 1.18e-04 | 0.6s
epoch 3289 | loss 8.9194 | lr 1.18e-04 | 0.6s
epoch 3290 | loss 8.9912 | lr 1.18e-04 | 0.6s
epoch 3291 | loss 8.9647 | lr 1.18e-04 | 0.6s
epoch 3292 | loss 8.9802 | lr 1.17e-04 | 0.6s
epoch 3293 | loss 8.9903 | lr 1.17e-04 | 0.5s
epoch 3294 | loss 8.9976 | lr 1.17e-04 | 0.6s
epoch 3295 | loss 8.9432 | lr 1.16e-04 | 0.6s
epoch 3296 | loss 8.9778 | lr 1.16e-04 | 0.6s
epoch 3297 | loss 8.9623 | lr 1.16e-04 | 0.6s
epoch 3298 | loss 8.9509 | lr 1.15e-04 | 0.6s
epoch 3299 | loss 8.9383 | lr 1.15e-04 | 0.6s
epoch 3300 | loss 8.9892 | lr 1.15e-04 | 0.6s
epoch 3301 | loss 8.9935 | lr 1.14e-04 | 0.6s
epoch 3302 | loss 9.0079 | lr 1.14e-04 | 0.6s
epoch 3303 | loss 8.9652 | lr 1.14e-04 | 0.6s
epoch 3304 | loss 8.9741 | lr 1.13e-04 | 0.6s
epoch 3305 | loss 8.9606 | lr 1.13e-04 | 0.6s
epoch 3306 | loss 8.9555 | lr 1.13e-04 | 0.6s
epoch 3307 | loss 8.9566 | lr 1.12e-04 | 0.6s
epoch 3308 | loss 8.9559 | lr 1.12e-04 | 0.6s
epoch 3309 | loss 8.9385 | lr 1.12e-04 | 0.6s
epoch 3310 | loss 8.9530 | lr 1.11e-04 | 0.6s
epoch 3311 | loss 8.9894 | lr 1.11e-04 | 0.6s
epoch 3312 | loss 8.9461 | lr 1.11e-04 | 0.6s
epoch 3313 | loss 9.0118 | lr 1.10e-04 | 0.6s
epoch 3314 | loss 8.9437 | lr 1.10e-04 | 0.5s
epoch 3315 | loss 8.9891 | lr 1.10e-04 | 0.6s
epoch 3316 | loss 8.9442 | lr 1.10e-04 | 0.6s
epoch 3317 | loss 8.9445 | lr 1.09e-04 | 0.6s
epoch 3318 | loss 8.9671 | lr 1.09e-04 | 0.6s
epoch 3319 | loss 8.9575 | lr 1.09e-04 | 0.6s
epoch 3320 | loss 8.9560 | lr 1.08e-04 | 0.6s
epoch 3321 | loss 8.9979 | lr 1.08e-04 | 0.6s
epoch 3322 | loss 8.9724 | lr 1.08e-04 | 0.6s
epoch 3323 | loss 8.9478 | lr 1.07e-04 | 0.6s
epoch 3324 | loss 9.0281 | lr 1.07e-04 | 0.6s
epoch 3325 | loss 8.9422 | lr 1.07e-04 | 0.6s
epoch 3326 | loss 8.9501 | lr 1.06e-04 | 0.6s
epoch 3327 | loss 8.9422 | lr 1.06e-04 | 0.6s
epoch 3328 | loss 9.0153 | lr 1.06e-04 | 0.5s
epoch 3329 | loss 8.9547 | lr 1.06e-04 | 0.6s
epoch 3330 | loss 8.9642 | lr 1.05e-04 | 0.6s
epoch 3331 | loss 8.9398 | lr 1.05e-04 | 0.6s
epoch 3332 | loss 8.9417 | lr 1.05e-04 | 0.6s
epoch 3333 | loss 8.9999 | lr 1.04e-04 | 0.6s
epoch 3334 | loss 8.9374 | lr 1.04e-04 | 0.6s
epoch 3335 | loss 9.0391 | lr 1.04e-04 | 0.6s
epoch 3336 | loss 8.9737 | lr 1.03e-04 | 0.6s
epoch 3337 | loss 8.9432 | lr 1.03e-04 | 0.6s
epoch 3338 | loss 8.9582 | lr 1.03e-04 | 0.6s
epoch 3339 | loss 8.9961 | lr 1.02e-04 | 0.6s
epoch 3340 | loss 8.9565 | lr 1.02e-04 | 0.6s
epoch 3341 | loss 8.9779 | lr 1.02e-04 | 0.6s
epoch 3342 | loss 8.9217 | lr 1.02e-04 | 0.5s
epoch 3343 | loss 8.9251 | lr 1.01e-04 | 0.6s
epoch 3344 | loss 9.0168 | lr 1.01e-04 | 0.6s
epoch 3345 | loss 8.9936 | lr 1.01e-04 | 0.6s
epoch 3346 | loss 8.9795 | lr 1.00e-04 | 0.6s
epoch 3347 | loss 8.9750 | lr 1.00e-04 | 0.6s
epoch 3348 | loss 8.9679 | lr 9.98e-05 | 0.5s
epoch 3349 | loss 8.9429 | lr 9.95e-05 | 0.5s
epoch 3350 | loss 8.9885 | lr 9.92e-05 | 0.5s
epoch 3351 | loss 8.9740 | lr 9.89e-05 | 0.5s
epoch 3352 | loss 8.9404 | lr 9.86e-05 | 0.6s
epoch 3353 | loss 8.9765 | lr 9.83e-05 | 0.6s
epoch 3354 | loss 8.9483 | lr 9.80e-05 | 0.6s
epoch 3355 | loss 8.9849 | lr 9.77e-05 | 0.6s
epoch 3356 | loss 8.9902 | lr 9.74e-05 | 0.6s
epoch 3357 | loss 8.9794 | lr 9.71e-05 | 0.6s
epoch 3358 | loss 8.9873 | lr 9.68e-05 | 0.6s
epoch 3359 | loss 8.9554 | lr 9.65e-05 | 0.6s
epoch 3360 | loss 8.9736 | lr 9.62e-05 | 0.6s
epoch 3361 | loss 8.9935 | lr 9.59e-05 | 0.6s
epoch 3362 | loss 8.9400 | lr 9.56e-05 | 0.6s
epoch 3363 | loss 8.9754 | lr 9.53e-05 | 0.6s
epoch 3364 | loss 8.9262 | lr 9.50e-05 | 0.6s
epoch 3365 | loss 8.9634 | lr 9.47e-05 | 0.6s
epoch 3366 | loss 8.9439 | lr 9.44e-05 | 0.6s
epoch 3367 | loss 8.9295 | lr 9.41e-05 | 0.6s
epoch 3368 | loss 8.9632 | lr 9.38e-05 | 0.6s
epoch 3369 | loss 8.9771 | lr 9.36e-05 | 0.6s
epoch 3370 | loss 8.9640 | lr 9.33e-05 | 0.6s
epoch 3371 | loss 9.0075 | lr 9.30e-05 | 0.6s
epoch 3372 | loss 8.9612 | lr 9.27e-05 | 0.6s
epoch 3373 | loss 8.9234 | lr 9.24e-05 | 0.6s
epoch 3374 | loss 8.9453 | lr 9.21e-05 | 0.6s
epoch 3375 | loss 8.9799 | lr 9.18e-05 | 0.6s
epoch 3376 | loss 8.9202 | lr 9.15e-05 | 0.6s
epoch 3377 | loss 8.9721 | lr 9.12e-05 | 0.6s
epoch 3378 | loss 8.9600 | lr 9.09e-05 | 0.6s
epoch 3379 | loss 8.9784 | lr 9.07e-05 | 0.6s
epoch 3380 | loss 8.9871 | lr 9.04e-05 | 0.6s
epoch 3381 | loss 8.9179 | lr 9.01e-05 | 0.6s
epoch 3382 | loss 8.9594 | lr 8.98e-05 | 0.6s
epoch 3383 | loss 8.9538 | lr 8.95e-05 | 0.6s
epoch 3384 | loss 9.0008 | lr 8.92e-05 | 0.6s
epoch 3385 | loss 8.9587 | lr 8.90e-05 | 0.6s
epoch 3386 | loss 9.0048 | lr 8.87e-05 | 0.6s
epoch 3387 | loss 9.0142 | lr 8.84e-05 | 0.6s
epoch 3388 | loss 8.9963 | lr 8.81e-05 | 0.6s
epoch 3389 | loss 8.9397 | lr 8.78e-05 | 0.6s
epoch 3390 | loss 8.9004 | lr 8.75e-05 | 0.6s
epoch 3391 | loss 8.9721 | lr 8.73e-05 | 0.6s
epoch 3392 | loss 8.9650 | lr 8.70e-05 | 0.6s
epoch 3393 | loss 8.9874 | lr 8.67e-05 | 0.6s
epoch 3394 | loss 8.9312 | lr 8.64e-05 | 0.6s
epoch 3395 | loss 8.9726 | lr 8.61e-05 | 0.6s
epoch 3396 | loss 8.9519 | lr 8.59e-05 | 0.6s
epoch 3397 | loss 8.9237 | lr 8.56e-05 | 0.6s
epoch 3398 | loss 8.9688 | lr 8.53e-05 | 0.6s
epoch 3399 | loss 8.9831 | lr 8.50e-05 | 0.6s
epoch 3400 | loss 8.9706 | lr 8.47e-05 | 0.6s
epoch 3401 | loss 8.9956 | lr 8.45e-05 | 0.6s
epoch 3402 | loss 8.9601 | lr 8.42e-05 | 0.6s
epoch 3403 | loss 9.0122 | lr 8.39e-05 | 0.6s
epoch 3404 | loss 8.9553 | lr 8.36e-05 | 0.6s
epoch 3405 | loss 8.9637 | lr 8.34e-05 | 0.6s
epoch 3406 | loss 8.9495 | lr 8.31e-05 | 0.6s
epoch 3407 | loss 8.9448 | lr 8.28e-05 | 0.6s
epoch 3408 | loss 8.9230 | lr 8.25e-05 | 0.6s
epoch 3409 | loss 8.9957 | lr 8.23e-05 | 0.6s
epoch 3410 | loss 8.9292 | lr 8.20e-05 | 0.6s
epoch 3411 | loss 9.0139 | lr 8.17e-05 | 0.6s
epoch 3412 | loss 8.9465 | lr 8.14e-05 | 0.6s
epoch 3413 | loss 8.9937 | lr 8.12e-05 | 0.6s
epoch 3414 | loss 8.9310 | lr 8.09e-05 | 0.6s
epoch 3415 | loss 8.9546 | lr 8.06e-05 | 0.6s
epoch 3416 | loss 9.0088 | lr 8.03e-05 | 0.6s
epoch 3417 | loss 8.9732 | lr 8.01e-05 | 0.6s
epoch 3418 | loss 9.0369 | lr 7.98e-05 | 0.6s
epoch 3419 | loss 8.9752 | lr 7.95e-05 | 0.5s
epoch 3420 | loss 8.9618 | lr 7.93e-05 | 0.6s
epoch 3421 | loss 8.9319 | lr 7.90e-05 | 0.6s
epoch 3422 | loss 8.9355 | lr 7.87e-05 | 0.6s
epoch 3423 | loss 8.9459 | lr 7.85e-05 | 0.6s
epoch 3424 | loss 8.9908 | lr 7.82e-05 | 0.6s
epoch 3425 | loss 8.9193 | lr 7.79e-05 | 0.6s
epoch 3426 | loss 8.9477 | lr 7.77e-05 | 0.5s
epoch 3427 | loss 8.9714 | lr 7.74e-05 | 0.6s
epoch 3428 | loss 8.9477 | lr 7.71e-05 | 0.6s
epoch 3429 | loss 8.9906 | lr 7.69e-05 | 0.6s
epoch 3430 | loss 8.9944 | lr 7.66e-05 | 0.6s
epoch 3431 | loss 8.9905 | lr 7.63e-05 | 0.6s
epoch 3432 | loss 8.9567 | lr 7.61e-05 | 0.6s
epoch 3433 | loss 8.9870 | lr 7.58e-05 | 0.6s
epoch 3434 | loss 8.9385 | lr 7.55e-05 | 0.6s
epoch 3435 | loss 9.0138 | lr 7.53e-05 | 0.6s
epoch 3436 | loss 8.9594 | lr 7.50e-05 | 0.5s
epoch 3437 | loss 8.9590 | lr 7.48e-05 | 0.6s
epoch 3438 | loss 8.9485 | lr 7.45e-05 | 0.6s
epoch 3439 | loss 8.9655 | lr 7.42e-05 | 0.6s
epoch 3440 | loss 8.9452 | lr 7.40e-05 | 0.6s
epoch 3441 | loss 9.0129 | lr 7.37e-05 | 0.6s
epoch 3442 | loss 8.9645 | lr 7.35e-05 | 0.6s
epoch 3443 | loss 8.9651 | lr 7.32e-05 | 0.6s
epoch 3444 | loss 8.9024 | lr 7.29e-05 | 0.6s
epoch 3445 | loss 8.9442 | lr 7.27e-05 | 0.6s
epoch 3446 | loss 8.9606 | lr 7.24e-05 | 0.6s
epoch 3447 | loss 8.9217 | lr 7.22e-05 | 0.5s
epoch 3448 | loss 8.9376 | lr 7.19e-05 | 0.6s
epoch 3449 | loss 9.0345 | lr 7.16e-05 | 0.6s
epoch 3450 | loss 8.9779 | lr 7.14e-05 | 0.6s
epoch 3451 | loss 8.9719 | lr 7.11e-05 | 0.6s
epoch 3452 | loss 8.9029 | lr 7.09e-05 | 0.6s
epoch 3453 | loss 8.9694 | lr 7.06e-05 | 0.6s
epoch 3454 | loss 9.0364 | lr 7.04e-05 | 0.6s
epoch 3455 | loss 9.0189 | lr 7.01e-05 | 0.6s
epoch 3456 | loss 8.9993 | lr 6.99e-05 | 0.6s
epoch 3457 | loss 8.8761 | lr 6.96e-05 | 0.5s
epoch 3458 | loss 8.9348 | lr 6.94e-05 | 0.6s
epoch 3459 | loss 8.9561 | lr 6.91e-05 | 0.6s
epoch 3460 | loss 8.9632 | lr 6.89e-05 | 0.6s
epoch 3461 | loss 8.9420 | lr 6.86e-05 | 0.6s
epoch 3462 | loss 9.0008 | lr 6.84e-05 | 0.6s
epoch 3463 | loss 8.8977 | lr 6.81e-05 | 0.6s
epoch 3464 | loss 8.9851 | lr 6.79e-05 | 0.6s
epoch 3465 | loss 8.9611 | lr 6.76e-05 | 0.6s
epoch 3466 | loss 8.9642 | lr 6.74e-05 | 0.6s
epoch 3467 | loss 8.9248 | lr 6.71e-05 | 0.6s
epoch 3468 | loss 8.9791 | lr 6.69e-05 | 0.6s
epoch 3469 | loss 8.9347 | lr 6.66e-05 | 0.6s
epoch 3470 | loss 8.9878 | lr 6.64e-05 | 0.6s
epoch 3471 | loss 8.9869 | lr 6.61e-05 | 0.6s
epoch 3472 | loss 8.9108 | lr 6.59e-05 | 0.6s
epoch 3473 | loss 8.9573 | lr 6.56e-05 | 0.6s
epoch 3474 | loss 8.9487 | lr 6.54e-05 | 0.6s
epoch 3475 | loss 8.9668 | lr 6.51e-05 | 0.6s
epoch 3476 | loss 8.9512 | lr 6.49e-05 | 0.6s
epoch 3477 | loss 8.9574 | lr 6.46e-05 | 0.6s
epoch 3478 | loss 8.9145 | lr 6.44e-05 | 0.6s
epoch 3479 | loss 8.9725 | lr 6.42e-05 | 0.6s
epoch 3480 | loss 8.9890 | lr 6.39e-05 | 0.6s
epoch 3481 | loss 9.0118 | lr 6.37e-05 | 0.6s
epoch 3482 | loss 8.9943 | lr 6.34e-05 | 0.6s
epoch 3483 | loss 8.9824 | lr 6.32e-05 | 0.6s
epoch 3484 | loss 8.9383 | lr 6.29e-05 | 0.6s
epoch 3485 | loss 8.9665 | lr 6.27e-05 | 0.6s
epoch 3486 | loss 8.9645 | lr 6.25e-05 | 0.6s
epoch 3487 | loss 8.9589 | lr 6.22e-05 | 0.6s
epoch 3488 | loss 8.9872 | lr 6.20e-05 | 0.6s
epoch 3489 | loss 9.0149 | lr 6.17e-05 | 0.5s
epoch 3490 | loss 8.9933 | lr 6.15e-05 | 0.6s
epoch 3491 | loss 8.9801 | lr 6.13e-05 | 0.6s
epoch 3492 | loss 9.0099 | lr 6.10e-05 | 0.6s
epoch 3493 | loss 9.0076 | lr 6.08e-05 | 0.6s
epoch 3494 | loss 8.9724 | lr 6.06e-05 | 0.6s
epoch 3495 | loss 8.9694 | lr 6.03e-05 | 0.6s
epoch 3496 | loss 8.9289 | lr 6.01e-05 | 0.6s
epoch 3497 | loss 8.9689 | lr 5.98e-05 | 0.6s
epoch 3498 | loss 8.9096 | lr 5.96e-05 | 0.6s
epoch 3499 | loss 8.9009 | lr 5.94e-05 | 0.6s
epoch 3500 | loss 8.9574 | lr 5.91e-05 | 0.6s
epoch 3501 | loss 8.9186 | lr 5.89e-05 | 0.6s
epoch 3502 | loss 8.9966 | lr 5.87e-05 | 0.6s
epoch 3503 | loss 8.9378 | lr 5.84e-05 | 0.6s
epoch 3504 | loss 8.9950 | lr 5.82e-05 | 0.6s
epoch 3505 | loss 9.0135 | lr 5.80e-05 | 0.5s
epoch 3506 | loss 8.9558 | lr 5.77e-05 | 0.6s
epoch 3507 | loss 8.9097 | lr 5.75e-05 | 0.6s
epoch 3508 | loss 8.9651 | lr 5.73e-05 | 0.6s
epoch 3509 | loss 8.9590 | lr 5.71e-05 | 0.6s
epoch 3510 | loss 8.9752 | lr 5.68e-05 | 0.6s
epoch 3511 | loss 9.0338 | lr 5.66e-05 | 0.6s
epoch 3512 | loss 8.9516 | lr 5.64e-05 | 0.6s
epoch 3513 | loss 8.9421 | lr 5.61e-05 | 0.6s
epoch 3514 | loss 8.9464 | lr 5.59e-05 | 0.6s
epoch 3515 | loss 8.9617 | lr 5.57e-05 | 0.6s
epoch 3516 | loss 8.9440 | lr 5.55e-05 | 0.6s
epoch 3517 | loss 8.9920 | lr 5.52e-05 | 0.6s
epoch 3518 | loss 8.9523 | lr 5.50e-05 | 0.6s
epoch 3519 | loss 8.9724 | lr 5.48e-05 | 0.6s
epoch 3520 | loss 8.9554 | lr 5.45e-05 | 0.6s
epoch 3521 | loss 9.0063 | lr 5.43e-05 | 0.6s
epoch 3522 | loss 8.9964 | lr 5.41e-05 | 0.6s
epoch 3523 | loss 8.9867 | lr 5.39e-05 | 0.6s
epoch 3524 | loss 8.9726 | lr 5.37e-05 | 0.6s
epoch 3525 | loss 8.9607 | lr 5.34e-05 | 0.6s
epoch 3526 | loss 8.9624 | lr 5.32e-05 | 0.6s
epoch 3527 | loss 8.9831 | lr 5.30e-05 | 0.6s
epoch 3528 | loss 8.9501 | lr 5.28e-05 | 0.6s
epoch 3529 | loss 8.9112 | lr 5.25e-05 | 0.6s
epoch 3530 | loss 8.9995 | lr 5.23e-05 | 0.6s
epoch 3531 | loss 8.9296 | lr 5.21e-05 | 0.5s
epoch 3532 | loss 9.0206 | lr 5.19e-05 | 0.6s
epoch 3533 | loss 8.9807 | lr 5.17e-05 | 0.6s
epoch 3534 | loss 8.9533 | lr 5.14e-05 | 0.6s
epoch 3535 | loss 8.9487 | lr 5.12e-05 | 0.5s
epoch 3536 | loss 8.9707 | lr 5.10e-05 | 0.6s
epoch 3537 | loss 8.9028 | lr 5.08e-05 | 0.5s
epoch 3538 | loss 8.9088 | lr 5.06e-05 | 0.5s
epoch 3539 | loss 8.9902 | lr 5.04e-05 | 0.6s
epoch 3540 | loss 8.9216 | lr 5.01e-05 | 0.6s
epoch 3541 | loss 8.9900 | lr 4.99e-05 | 0.6s
epoch 3542 | loss 8.9184 | lr 4.97e-05 | 0.6s
epoch 3543 | loss 8.9311 | lr 4.95e-05 | 0.6s
epoch 3544 | loss 8.9668 | lr 4.93e-05 | 0.6s
epoch 3545 | loss 8.9914 | lr 4.91e-05 | 0.6s
epoch 3546 | loss 8.9736 | lr 4.88e-05 | 0.6s
epoch 3547 | loss 8.9324 | lr 4.86e-05 | 0.6s
epoch 3548 | loss 8.9768 | lr 4.84e-05 | 0.6s
epoch 3549 | loss 8.9765 | lr 4.82e-05 | 0.6s
epoch 3550 | loss 8.9769 | lr 4.80e-05 | 0.6s
epoch 3551 | loss 8.9767 | lr 4.78e-05 | 0.6s
epoch 3552 | loss 9.0087 | lr 4.76e-05 | 0.5s
epoch 3553 | loss 8.9373 | lr 4.74e-05 | 0.6s
epoch 3554 | loss 8.9532 | lr 4.72e-05 | 0.6s
epoch 3555 | loss 8.9721 | lr 4.69e-05 | 0.6s
epoch 3556 | loss 8.9578 | lr 4.67e-05 | 0.6s
epoch 3557 | loss 8.9711 | lr 4.65e-05 | 0.6s
epoch 3558 | loss 8.9603 | lr 4.63e-05 | 0.6s
epoch 3559 | loss 8.9510 | lr 4.61e-05 | 0.6s
epoch 3560 | loss 8.9471 | lr 4.59e-05 | 0.6s
epoch 3561 | loss 8.9695 | lr 4.57e-05 | 0.5s
epoch 3562 | loss 8.9667 | lr 4.55e-05 | 0.6s
epoch 3563 | loss 8.9388 | lr 4.53e-05 | 0.5s
epoch 3564 | loss 8.9445 | lr 4.51e-05 | 0.5s
epoch 3565 | loss 8.9352 | lr 4.49e-05 | 0.5s
epoch 3566 | loss 8.9809 | lr 4.47e-05 | 0.5s
epoch 3567 | loss 8.9456 | lr 4.45e-05 | 0.6s
epoch 3568 | loss 8.9887 | lr 4.43e-05 | 0.5s
epoch 3569 | loss 8.9436 | lr 4.41e-05 | 0.5s
epoch 3570 | loss 8.9747 | lr 4.39e-05 | 0.5s
epoch 3571 | loss 8.9886 | lr 4.37e-05 | 0.5s
epoch 3572 | loss 9.0013 | lr 4.35e-05 | 0.5s
epoch 3573 | loss 8.9655 | lr 4.33e-05 | 0.5s
epoch 3574 | loss 8.9596 | lr 4.31e-05 | 0.5s
epoch 3575 | loss 8.9406 | lr 4.29e-05 | 0.5s
epoch 3576 | loss 8.9432 | lr 4.27e-05 | 0.6s
epoch 3577 | loss 8.9780 | lr 4.25e-05 | 0.6s
epoch 3578 | loss 8.9705 | lr 4.23e-05 | 0.6s
epoch 3579 | loss 8.9559 | lr 4.21e-05 | 0.6s
epoch 3580 | loss 9.0052 | lr 4.19e-05 | 0.5s
epoch 3581 | loss 8.9413 | lr 4.17e-05 | 0.6s
epoch 3582 | loss 8.9550 | lr 4.15e-05 | 0.6s
epoch 3583 | loss 8.9567 | lr 4.13e-05 | 0.6s
epoch 3584 | loss 8.9287 | lr 4.11e-05 | 0.6s
epoch 3585 | loss 8.9750 | lr 4.09e-05 | 0.6s
epoch 3586 | loss 8.9619 | lr 4.07e-05 | 0.6s
epoch 3587 | loss 8.9527 | lr 4.05e-05 | 0.6s
epoch 3588 | loss 8.9319 | lr 4.03e-05 | 0.6s
epoch 3589 | loss 8.8874 | lr 4.01e-05 | 0.6s
epoch 3590 | loss 8.9395 | lr 3.99e-05 | 0.6s
epoch 3591 | loss 8.9390 | lr 3.97e-05 | 0.6s
epoch 3592 | loss 8.9361 | lr 3.95e-05 | 0.6s
epoch 3593 | loss 8.9327 | lr 3.93e-05 | 0.6s
epoch 3594 | loss 8.9939 | lr 3.91e-05 | 0.5s
epoch 3595 | loss 8.9615 | lr 3.89e-05 | 0.6s
epoch 3596 | loss 8.9755 | lr 3.87e-05 | 0.6s
epoch 3597 | loss 8.9387 | lr 3.86e-05 | 0.6s
epoch 3598 | loss 8.9661 | lr 3.84e-05 | 0.6s
epoch 3599 | loss 8.9886 | lr 3.82e-05 | 0.6s
epoch 3600 | loss 8.9612 | lr 3.80e-05 | 0.5s
epoch 3601 | loss 8.9416 | lr 3.78e-05 | 0.5s
epoch 3602 | loss 8.9498 | lr 3.76e-05 | 0.6s
epoch 3603 | loss 8.9594 | lr 3.74e-05 | 0.6s
epoch 3604 | loss 8.9457 | lr 3.72e-05 | 0.6s
epoch 3605 | loss 8.9924 | lr 3.70e-05 | 0.6s
epoch 3606 | loss 8.9555 | lr 3.69e-05 | 0.6s
epoch 3607 | loss 8.9488 | lr 3.67e-05 | 0.6s
epoch 3608 | loss 8.9797 | lr 3.65e-05 | 0.6s
epoch 3609 | loss 9.0019 | lr 3.63e-05 | 0.6s
epoch 3610 | loss 8.9281 | lr 3.61e-05 | 0.6s
epoch 3611 | loss 8.9428 | lr 3.59e-05 | 0.6s
epoch 3612 | loss 8.9427 | lr 3.58e-05 | 0.6s
epoch 3613 | loss 8.9891 | lr 3.56e-05 | 0.6s
epoch 3614 | loss 8.8887 | lr 3.54e-05 | 0.6s
epoch 3615 | loss 8.9025 | lr 3.52e-05 | 0.5s
epoch 3616 | loss 8.9822 | lr 3.50e-05 | 0.6s
epoch 3617 | loss 8.9210 | lr 3.48e-05 | 0.6s
epoch 3618 | loss 9.0167 | lr 3.47e-05 | 0.6s
epoch 3619 | loss 8.9836 | lr 3.45e-05 | 0.5s
epoch 3620 | loss 8.9613 | lr 3.43e-05 | 0.6s
epoch 3621 | loss 8.9532 | lr 3.41e-05 | 0.6s
epoch 3622 | loss 8.9635 | lr 3.39e-05 | 0.5s
epoch 3623 | loss 9.0190 | lr 3.38e-05 | 0.6s
epoch 3624 | loss 8.9652 | lr 3.36e-05 | 0.6s
epoch 3625 | loss 8.9603 | lr 3.34e-05 | 0.6s
epoch 3626 | loss 8.9950 | lr 3.32e-05 | 0.6s
epoch 3627 | loss 8.8957 | lr 3.31e-05 | 0.6s
epoch 3628 | loss 8.9490 | lr 3.29e-05 | 0.5s
epoch 3629 | loss 8.9580 | lr 3.27e-05 | 0.5s
epoch 3630 | loss 8.9934 | lr 3.25e-05 | 0.6s
epoch 3631 | loss 8.9674 | lr 3.24e-05 | 0.6s
epoch 3632 | loss 8.9367 | lr 3.22e-05 | 0.6s
epoch 3633 | loss 8.9648 | lr 3.20e-05 | 0.6s
epoch 3634 | loss 8.9375 | lr 3.18e-05 | 0.6s
epoch 3635 | loss 8.9509 | lr 3.17e-05 | 0.6s
epoch 3636 | loss 8.9881 | lr 3.15e-05 | 0.5s
epoch 3637 | loss 8.9755 | lr 3.13e-05 | 0.6s
epoch 3638 | loss 8.9563 | lr 3.11e-05 | 0.6s
epoch 3639 | loss 8.9411 | lr 3.10e-05 | 0.6s
epoch 3640 | loss 8.9790 | lr 3.08e-05 | 0.6s
epoch 3641 | loss 8.9960 | lr 3.06e-05 | 0.6s
epoch 3642 | loss 8.9657 | lr 3.05e-05 | 0.6s
epoch 3643 | loss 8.9707 | lr 3.03e-05 | 0.6s
epoch 3644 | loss 8.9889 | lr 3.01e-05 | 0.6s
epoch 3645 | loss 8.9768 | lr 3.00e-05 | 0.6s
epoch 3646 | loss 8.9742 | lr 2.98e-05 | 0.6s
epoch 3647 | loss 8.9445 | lr 2.96e-05 | 0.6s
epoch 3648 | loss 8.9560 | lr 2.95e-05 | 0.6s
epoch 3649 | loss 8.9804 | lr 2.93e-05 | 0.6s
epoch 3650 | loss 8.9940 | lr 2.91e-05 | 0.6s
epoch 3651 | loss 8.9430 | lr 2.90e-05 | 0.6s
epoch 3652 | loss 9.0032 | lr 2.88e-05 | 0.6s
epoch 3653 | loss 8.9847 | lr 2.86e-05 | 0.6s
epoch 3654 | loss 8.9137 | lr 2.85e-05 | 0.6s
epoch 3655 | loss 8.9744 | lr 2.83e-05 | 0.6s
epoch 3656 | loss 8.9069 | lr 2.81e-05 | 0.6s
epoch 3657 | loss 9.0106 | lr 2.80e-05 | 0.6s
epoch 3658 | loss 8.9890 | lr 2.78e-05 | 0.6s
epoch 3659 | loss 8.9220 | lr 2.76e-05 | 0.6s
epoch 3660 | loss 8.9841 | lr 2.75e-05 | 0.6s
epoch 3661 | loss 8.9616 | lr 2.73e-05 | 0.6s
epoch 3662 | loss 8.9838 | lr 2.72e-05 | 0.6s
epoch 3663 | loss 8.9347 | lr 2.70e-05 | 0.6s
epoch 3664 | loss 8.9734 | lr 2.68e-05 | 0.6s
epoch 3665 | loss 8.9156 | lr 2.67e-05 | 0.6s
epoch 3666 | loss 8.9535 | lr 2.65e-05 | 0.6s
epoch 3667 | loss 8.9754 | lr 2.64e-05 | 0.6s
epoch 3668 | loss 8.9372 | lr 2.62e-05 | 0.6s
epoch 3669 | loss 8.9621 | lr 2.61e-05 | 0.6s
epoch 3670 | loss 8.9271 | lr 2.59e-05 | 0.6s
epoch 3671 | loss 8.9488 | lr 2.57e-05 | 0.6s
epoch 3672 | loss 8.9379 | lr 2.56e-05 | 0.6s
epoch 3673 | loss 8.9356 | lr 2.54e-05 | 0.6s
epoch 3674 | loss 8.9960 | lr 2.53e-05 | 0.6s
epoch 3675 | loss 8.9346 | lr 2.51e-05 | 0.6s
epoch 3676 | loss 8.9912 | lr 2.50e-05 | 0.6s
epoch 3677 | loss 8.9518 | lr 2.48e-05 | 0.6s
epoch 3678 | loss 8.9179 | lr 2.47e-05 | 0.6s
epoch 3679 | loss 8.9908 | lr 2.45e-05 | 0.6s
epoch 3680 | loss 8.9149 | lr 2.44e-05 | 0.6s
epoch 3681 | loss 8.9321 | lr 2.42e-05 | 0.6s
epoch 3682 | loss 9.0267 | lr 2.41e-05 | 0.6s
epoch 3683 | loss 8.9892 | lr 2.39e-05 | 0.6s
epoch 3684 | loss 8.9612 | lr 2.37e-05 | 0.6s
epoch 3685 | loss 8.9084 | lr 2.36e-05 | 0.5s
epoch 3686 | loss 8.9564 | lr 2.35e-05 | 0.6s
epoch 3687 | loss 8.9476 | lr 2.33e-05 | 0.6s
epoch 3688 | loss 8.9519 | lr 2.32e-05 | 0.6s
epoch 3689 | loss 8.9839 | lr 2.30e-05 | 0.6s
epoch 3690 | loss 8.9419 | lr 2.29e-05 | 0.6s
epoch 3691 | loss 8.9037 | lr 2.27e-05 | 0.6s
epoch 3692 | loss 8.9886 | lr 2.26e-05 | 0.6s
epoch 3693 | loss 8.9798 | lr 2.24e-05 | 0.6s
epoch 3694 | loss 9.0066 | lr 2.23e-05 | 0.6s
epoch 3695 | loss 8.9876 | lr 2.21e-05 | 0.6s
epoch 3696 | loss 8.9820 | lr 2.20e-05 | 0.6s
epoch 3697 | loss 8.9462 | lr 2.18e-05 | 0.6s
epoch 3698 | loss 8.9930 | lr 2.17e-05 | 0.6s
epoch 3699 | loss 8.9222 | lr 2.16e-05 | 0.6s
epoch 3700 | loss 8.9447 | lr 2.14e-05 | 0.6s
epoch 3701 | loss 8.9361 | lr 2.13e-05 | 0.6s
epoch 3702 | loss 8.9414 | lr 2.11e-05 | 0.6s
epoch 3703 | loss 8.9753 | lr 2.10e-05 | 0.6s
epoch 3704 | loss 8.9467 | lr 2.08e-05 | 0.6s
epoch 3705 | loss 9.0302 | lr 2.07e-05 | 0.6s
epoch 3706 | loss 8.9477 | lr 2.06e-05 | 0.6s
epoch 3707 | loss 8.9884 | lr 2.04e-05 | 0.6s
epoch 3708 | loss 8.9301 | lr 2.03e-05 | 0.6s
epoch 3709 | loss 8.9698 | lr 2.01e-05 | 0.6s
epoch 3710 | loss 8.9414 | lr 2.00e-05 | 0.6s
epoch 3711 | loss 8.9759 | lr 1.99e-05 | 0.6s
epoch 3712 | loss 8.9662 | lr 1.97e-05 | 0.6s
epoch 3713 | loss 8.9648 | lr 1.96e-05 | 0.6s
epoch 3714 | loss 8.9660 | lr 1.95e-05 | 0.6s
epoch 3715 | loss 8.9575 | lr 1.93e-05 | 0.6s
epoch 3716 | loss 8.9468 | lr 1.92e-05 | 0.6s
epoch 3717 | loss 8.9654 | lr 1.91e-05 | 0.6s
epoch 3718 | loss 8.9281 | lr 1.89e-05 | 0.6s
epoch 3719 | loss 8.9559 | lr 1.88e-05 | 0.6s
epoch 3720 | loss 8.9473 | lr 1.87e-05 | 0.6s
epoch 3721 | loss 8.9186 | lr 1.85e-05 | 0.6s
epoch 3722 | loss 8.9881 | lr 1.84e-05 | 0.6s
epoch 3723 | loss 8.9680 | lr 1.83e-05 | 0.6s
epoch 3724 | loss 8.9079 | lr 1.81e-05 | 0.6s
epoch 3725 | loss 8.9900 | lr 1.80e-05 | 0.6s
epoch 3726 | loss 8.9329 | lr 1.79e-05 | 0.6s
epoch 3727 | loss 8.9481 | lr 1.77e-05 | 0.6s
epoch 3728 | loss 8.9087 | lr 1.76e-05 | 0.6s
epoch 3729 | loss 8.9948 | lr 1.75e-05 | 0.6s
epoch 3730 | loss 8.9816 | lr 1.73e-05 | 0.5s
epoch 3731 | loss 8.9890 | lr 1.72e-05 | 0.6s
epoch 3732 | loss 8.9861 | lr 1.71e-05 | 0.6s
epoch 3733 | loss 8.9124 | lr 1.70e-05 | 0.6s
epoch 3734 | loss 8.9953 | lr 1.68e-05 | 0.6s
epoch 3735 | loss 8.9450 | lr 1.67e-05 | 0.6s
epoch 3736 | loss 8.9526 | lr 1.66e-05 | 0.6s
epoch 3737 | loss 8.9963 | lr 1.65e-05 | 0.6s
epoch 3738 | loss 8.9819 | lr 1.63e-05 | 0.6s
epoch 3739 | loss 8.9670 | lr 1.62e-05 | 0.6s
epoch 3740 | loss 8.9578 | lr 1.61e-05 | 0.5s
epoch 3741 | loss 8.9881 | lr 1.60e-05 | 0.6s
epoch 3742 | loss 8.9528 | lr 1.58e-05 | 0.6s
epoch 3743 | loss 9.0111 | lr 1.57e-05 | 0.6s
epoch 3744 | loss 8.9451 | lr 1.56e-05 | 0.6s
epoch 3745 | loss 9.0335 | lr 1.55e-05 | 0.6s
epoch 3746 | loss 8.9219 | lr 1.53e-05 | 0.6s
epoch 3747 | loss 8.9308 | lr 1.52e-05 | 0.6s
epoch 3748 | loss 9.0136 | lr 1.51e-05 | 0.6s
epoch 3749 | loss 8.9413 | lr 1.50e-05 | 0.6s
epoch 3750 | loss 8.9487 | lr 1.49e-05 | 0.6s
epoch 3751 | loss 8.9591 | lr 1.47e-05 | 0.6s
epoch 3752 | loss 8.9936 | lr 1.46e-05 | 0.6s
epoch 3753 | loss 8.9298 | lr 1.45e-05 | 0.6s
epoch 3754 | loss 8.9715 | lr 1.44e-05 | 0.6s
epoch 3755 | loss 8.9083 | lr 1.43e-05 | 0.6s
epoch 3756 | loss 9.0096 | lr 1.42e-05 | 0.6s
epoch 3757 | loss 8.9272 | lr 1.40e-05 | 0.6s
epoch 3758 | loss 8.9570 | lr 1.39e-05 | 0.6s
epoch 3759 | loss 8.9187 | lr 1.38e-05 | 0.6s
epoch 3760 | loss 8.9496 | lr 1.37e-05 | 0.6s
epoch 3761 | loss 8.9971 | lr 1.36e-05 | 0.6s
epoch 3762 | loss 8.9345 | lr 1.35e-05 | 0.5s
epoch 3763 | loss 8.9190 | lr 1.34e-05 | 0.6s
epoch 3764 | loss 8.9597 | lr 1.32e-05 | 0.6s
epoch 3765 | loss 8.9958 | lr 1.31e-05 | 0.6s
epoch 3766 | loss 8.9467 | lr 1.30e-05 | 0.6s
epoch 3767 | loss 8.9748 | lr 1.29e-05 | 0.6s
epoch 3768 | loss 8.9994 | lr 1.28e-05 | 0.5s
epoch 3769 | loss 8.9584 | lr 1.27e-05 | 0.5s
epoch 3770 | loss 8.9538 | lr 1.26e-05 | 0.6s
epoch 3771 | loss 8.9375 | lr 1.25e-05 | 0.6s
epoch 3772 | loss 8.9200 | lr 1.24e-05 | 0.6s
epoch 3773 | loss 8.9312 | lr 1.23e-05 | 0.6s
epoch 3774 | loss 9.0412 | lr 1.21e-05 | 0.6s
epoch 3775 | loss 8.9592 | lr 1.20e-05 | 0.6s
epoch 3776 | loss 8.9687 | lr 1.19e-05 | 0.6s
epoch 3777 | loss 8.9770 | lr 1.18e-05 | 0.6s
epoch 3778 | loss 8.9789 | lr 1.17e-05 | 0.5s
epoch 3779 | loss 8.9633 | lr 1.16e-05 | 0.5s
epoch 3780 | loss 8.9911 | lr 1.15e-05 | 0.5s
epoch 3781 | loss 8.9174 | lr 1.14e-05 | 0.5s
epoch 3782 | loss 8.9101 | lr 1.13e-05 | 0.5s
epoch 3783 | loss 8.9345 | lr 1.12e-05 | 0.5s
epoch 3784 | loss 8.9591 | lr 1.11e-05 | 0.5s
epoch 3785 | loss 8.9858 | lr 1.10e-05 | 0.5s
epoch 3786 | loss 8.9811 | lr 1.09e-05 | 0.5s
epoch 3787 | loss 9.0167 | lr 1.08e-05 | 0.5s
epoch 3788 | loss 8.9573 | lr 1.07e-05 | 0.5s
epoch 3789 | loss 8.9502 | lr 1.06e-05 | 0.5s
epoch 3790 | loss 8.9971 | lr 1.05e-05 | 0.5s
epoch 3791 | loss 8.9327 | lr 1.04e-05 | 0.5s
epoch 3792 | loss 8.9585 | lr 1.03e-05 | 0.5s
epoch 3793 | loss 8.9264 | lr 1.02e-05 | 0.5s
epoch 3794 | loss 8.9386 | lr 1.01e-05 | 0.5s
epoch 3795 | loss 8.9115 | lr 9.99e-06 | 0.5s
epoch 3796 | loss 8.9605 | lr 9.89e-06 | 0.5s
epoch 3797 | loss 8.9909 | lr 9.80e-06 | 0.5s
epoch 3798 | loss 8.9518 | lr 9.70e-06 | 0.5s
epoch 3799 | loss 9.0044 | lr 9.60e-06 | 0.5s
epoch 3800 | loss 8.9652 | lr 9.51e-06 | 0.5s
epoch 3801 | loss 8.9550 | lr 9.41e-06 | 0.5s
epoch 3802 | loss 8.9529 | lr 9.32e-06 | 0.5s
epoch 3803 | loss 8.9580 | lr 9.22e-06 | 0.5s
epoch 3804 | loss 8.9169 | lr 9.13e-06 | 0.5s
epoch 3805 | loss 8.9346 | lr 9.04e-06 | 0.5s
epoch 3806 | loss 8.9409 | lr 8.94e-06 | 0.5s
epoch 3807 | loss 8.9575 | lr 8.85e-06 | 0.5s
epoch 3808 | loss 8.9370 | lr 8.76e-06 | 0.5s
epoch 3809 | loss 8.9578 | lr 8.67e-06 | 0.5s
epoch 3810 | loss 8.9720 | lr 8.58e-06 | 0.5s
epoch 3811 | loss 9.0123 | lr 8.49e-06 | 0.5s
epoch 3812 | loss 8.9441 | lr 8.40e-06 | 0.6s
epoch 3813 | loss 8.9006 | lr 8.31e-06 | 0.6s
epoch 3814 | loss 8.9258 | lr 8.22e-06 | 0.6s
epoch 3815 | loss 8.9811 | lr 8.13e-06 | 0.6s
epoch 3816 | loss 9.0035 | lr 8.04e-06 | 0.6s
epoch 3817 | loss 8.9162 | lr 7.96e-06 | 0.6s
epoch 3818 | loss 8.9438 | lr 7.87e-06 | 0.5s
epoch 3819 | loss 8.9770 | lr 7.78e-06 | 0.6s
epoch 3820 | loss 8.9266 | lr 7.70e-06 | 0.6s
epoch 3821 | loss 8.9660 | lr 7.61e-06 | 0.6s
epoch 3822 | loss 8.9353 | lr 7.52e-06 | 0.6s
epoch 3823 | loss 8.9742 | lr 7.44e-06 | 0.6s
epoch 3824 | loss 8.9653 | lr 7.36e-06 | 0.6s
epoch 3825 | loss 9.0265 | lr 7.27e-06 | 0.5s
epoch 3826 | loss 8.9928 | lr 7.19e-06 | 0.6s
epoch 3827 | loss 8.9929 | lr 7.11e-06 | 0.6s
epoch 3828 | loss 8.9554 | lr 7.02e-06 | 0.6s
epoch 3829 | loss 8.9315 | lr 6.94e-06 | 0.6s
epoch 3830 | loss 8.9725 | lr 6.86e-06 | 0.6s
epoch 3831 | loss 8.9353 | lr 6.78e-06 | 0.6s
epoch 3832 | loss 8.9993 | lr 6.70e-06 | 0.6s
epoch 3833 | loss 8.9140 | lr 6.62e-06 | 0.6s
epoch 3834 | loss 8.9190 | lr 6.54e-06 | 0.6s
epoch 3835 | loss 8.9866 | lr 6.46e-06 | 0.6s
epoch 3836 | loss 9.0010 | lr 6.38e-06 | 0.6s
epoch 3837 | loss 8.9774 | lr 6.31e-06 | 0.6s
epoch 3838 | loss 9.0007 | lr 6.23e-06 | 0.6s
epoch 3839 | loss 8.9332 | lr 6.15e-06 | 0.6s
epoch 3840 | loss 8.9813 | lr 6.07e-06 | 0.6s
epoch 3841 | loss 8.9547 | lr 6.00e-06 | 0.6s
epoch 3842 | loss 8.9817 | lr 5.92e-06 | 0.6s
epoch 3843 | loss 8.9743 | lr 5.85e-06 | 0.6s
epoch 3844 | loss 8.9654 | lr 5.77e-06 | 0.6s
epoch 3845 | loss 8.9506 | lr 5.70e-06 | 0.6s
epoch 3846 | loss 8.9403 | lr 5.62e-06 | 0.6s
epoch 3847 | loss 8.9105 | lr 5.55e-06 | 0.6s
epoch 3848 | loss 8.9560 | lr 5.48e-06 | 0.6s
epoch 3849 | loss 8.9938 | lr 5.41e-06 | 0.6s
epoch 3850 | loss 8.9580 | lr 5.33e-06 | 0.6s
epoch 3851 | loss 8.9746 | lr 5.26e-06 | 0.6s
epoch 3852 | loss 9.0027 | lr 5.19e-06 | 0.6s
epoch 3853 | loss 9.0147 | lr 5.12e-06 | 0.6s
epoch 3854 | loss 8.9335 | lr 5.05e-06 | 0.6s
epoch 3855 | loss 8.9541 | lr 4.98e-06 | 0.6s
epoch 3856 | loss 8.9382 | lr 4.91e-06 | 0.6s
epoch 3857 | loss 8.9200 | lr 4.85e-06 | 0.6s
epoch 3858 | loss 8.9577 | lr 4.78e-06 | 0.6s
epoch 3859 | loss 8.9143 | lr 4.71e-06 | 0.6s
epoch 3860 | loss 8.9846 | lr 4.64e-06 | 0.6s
epoch 3861 | loss 8.9919 | lr 4.58e-06 | 0.6s
epoch 3862 | loss 8.9502 | lr 4.51e-06 | 0.5s
epoch 3863 | loss 8.9935 | lr 4.45e-06 | 0.6s
epoch 3864 | loss 8.9397 | lr 4.38e-06 | 0.6s
epoch 3865 | loss 8.9449 | lr 4.32e-06 | 0.6s
epoch 3866 | loss 9.0000 | lr 4.25e-06 | 0.5s
epoch 3867 | loss 8.9411 | lr 4.19e-06 | 0.5s
epoch 3868 | loss 8.9990 | lr 4.12e-06 | 0.6s
epoch 3869 | loss 8.9419 | lr 4.06e-06 | 0.6s
epoch 3870 | loss 8.9691 | lr 4.00e-06 | 0.6s
epoch 3871 | loss 8.9517 | lr 3.94e-06 | 0.6s
epoch 3872 | loss 8.9617 | lr 3.88e-06 | 0.6s
epoch 3873 | loss 8.9819 | lr 3.82e-06 | 0.6s
epoch 3874 | loss 8.9431 | lr 3.76e-06 | 0.5s
epoch 3875 | loss 8.9852 | lr 3.70e-06 | 0.6s
epoch 3876 | loss 9.0220 | lr 3.64e-06 | 0.6s
epoch 3877 | loss 8.9732 | lr 3.58e-06 | 0.6s
epoch 3878 | loss 8.9488 | lr 3.52e-06 | 0.6s
epoch 3879 | loss 8.9647 | lr 3.46e-06 | 0.6s
epoch 3880 | loss 9.0013 | lr 3.40e-06 | 0.6s
epoch 3881 | loss 8.9493 | lr 3.35e-06 | 0.6s
epoch 3882 | loss 8.9659 | lr 3.29e-06 | 0.6s
epoch 3883 | loss 8.9620 | lr 3.23e-06 | 0.6s
epoch 3884 | loss 8.9603 | lr 3.18e-06 | 0.6s
epoch 3885 | loss 8.9506 | lr 3.12e-06 | 0.6s
epoch 3886 | loss 9.0079 | lr 3.07e-06 | 0.6s
epoch 3887 | loss 8.9587 | lr 3.02e-06 | 0.6s
epoch 3888 | loss 8.9364 | lr 2.96e-06 | 0.5s
epoch 3889 | loss 8.9526 | lr 2.91e-06 | 0.6s
epoch 3890 | loss 8.9719 | lr 2.86e-06 | 0.6s
epoch 3891 | loss 8.9673 | lr 2.80e-06 | 0.6s
epoch 3892 | loss 8.9662 | lr 2.75e-06 | 0.6s
epoch 3893 | loss 8.9733 | lr 2.70e-06 | 0.6s
epoch 3894 | loss 8.9657 | lr 2.65e-06 | 0.5s
epoch 3895 | loss 8.9688 | lr 2.60e-06 | 0.5s
epoch 3896 | loss 8.9375 | lr 2.55e-06 | 0.6s
epoch 3897 | loss 8.9622 | lr 2.50e-06 | 0.6s
epoch 3898 | loss 8.9915 | lr 2.45e-06 | 0.6s
epoch 3899 | loss 8.9647 | lr 2.40e-06 | 0.6s
epoch 3900 | loss 8.9992 | lr 2.36e-06 | 0.6s
epoch 3901 | loss 8.9593 | lr 2.31e-06 | 0.6s
epoch 3902 | loss 8.9342 | lr 2.26e-06 | 0.5s
epoch 3903 | loss 8.9650 | lr 2.22e-06 | 0.6s
epoch 3904 | loss 8.9937 | lr 2.17e-06 | 0.6s
epoch 3905 | loss 9.0197 | lr 2.12e-06 | 0.6s
epoch 3906 | loss 8.9184 | lr 2.08e-06 | 0.6s
epoch 3907 | loss 8.9408 | lr 2.04e-06 | 0.6s
epoch 3908 | loss 8.9391 | lr 1.99e-06 | 0.6s
epoch 3909 | loss 8.9904 | lr 1.95e-06 | 0.6s
epoch 3910 | loss 8.9570 | lr 1.90e-06 | 0.6s
epoch 3911 | loss 8.9702 | lr 1.86e-06 | 0.6s
epoch 3912 | loss 8.9281 | lr 1.82e-06 | 0.6s
epoch 3913 | loss 8.9837 | lr 1.78e-06 | 0.6s
epoch 3914 | loss 8.9803 | lr 1.74e-06 | 0.6s
epoch 3915 | loss 8.9542 | lr 1.70e-06 | 0.6s
epoch 3916 | loss 8.9615 | lr 1.66e-06 | 0.6s
epoch 3917 | loss 8.9501 | lr 1.62e-06 | 0.6s
epoch 3918 | loss 8.9609 | lr 1.58e-06 | 0.6s
epoch 3919 | loss 8.9647 | lr 1.54e-06 | 0.6s
epoch 3920 | loss 9.0369 | lr 1.50e-06 | 0.6s
epoch 3921 | loss 8.9882 | lr 1.46e-06 | 0.6s
epoch 3922 | loss 8.9736 | lr 1.43e-06 | 0.6s
epoch 3923 | loss 8.9578 | lr 1.39e-06 | 0.6s
epoch 3924 | loss 8.9476 | lr 1.35e-06 | 0.6s
epoch 3925 | loss 8.9978 | lr 1.32e-06 | 0.6s
epoch 3926 | loss 8.9923 | lr 1.28e-06 | 0.6s
epoch 3927 | loss 8.9526 | lr 1.25e-06 | 0.6s
epoch 3928 | loss 8.9887 | lr 1.21e-06 | 0.6s
epoch 3929 | loss 8.9484 | lr 1.18e-06 | 0.6s
epoch 3930 | loss 8.9671 | lr 1.15e-06 | 0.6s
epoch 3931 | loss 8.9638 | lr 1.11e-06 | 0.6s
epoch 3932 | loss 8.9340 | lr 1.08e-06 | 0.6s
epoch 3933 | loss 9.0043 | lr 1.05e-06 | 0.6s
epoch 3934 | loss 8.9698 | lr 1.02e-06 | 0.6s
epoch 3935 | loss 8.9760 | lr 9.85e-07 | 0.6s
epoch 3936 | loss 8.9690 | lr 9.55e-07 | 0.5s
epoch 3937 | loss 8.9389 | lr 9.25e-07 | 0.6s
epoch 3938 | loss 8.9612 | lr 8.95e-07 | 0.6s
epoch 3939 | loss 8.9479 | lr 8.66e-07 | 0.6s
epoch 3940 | loss 9.0054 | lr 8.37e-07 | 0.6s
epoch 3941 | loss 8.9686 | lr 8.09e-07 | 0.6s
epoch 3942 | loss 9.0183 | lr 7.81e-07 | 0.6s
epoch 3943 | loss 8.9667 | lr 7.54e-07 | 0.6s
epoch 3944 | loss 9.0155 | lr 7.28e-07 | 0.6s
epoch 3945 | loss 8.9259 | lr 7.01e-07 | 0.6s
epoch 3946 | loss 9.0089 | lr 6.76e-07 | 0.6s
epoch 3947 | loss 8.9466 | lr 6.50e-07 | 0.6s
epoch 3948 | loss 8.9881 | lr 6.26e-07 | 0.6s
epoch 3949 | loss 8.9917 | lr 6.01e-07 | 0.6s
epoch 3950 | loss 8.9954 | lr 5.78e-07 | 0.6s
epoch 3951 | loss 8.9862 | lr 5.54e-07 | 0.6s
epoch 3952 | loss 8.9777 | lr 5.31e-07 | 0.6s
epoch 3953 | loss 8.9629 | lr 5.09e-07 | 0.6s
epoch 3954 | loss 9.0256 | lr 4.87e-07 | 0.6s
epoch 3955 | loss 9.0144 | lr 4.66e-07 | 0.6s
epoch 3956 | loss 8.9259 | lr 4.45e-07 | 0.6s
epoch 3957 | loss 9.0311 | lr 4.24e-07 | 0.5s
epoch 3958 | loss 8.9596 | lr 4.04e-07 | 0.6s
epoch 3959 | loss 8.9857 | lr 3.85e-07 | 0.6s
epoch 3960 | loss 8.9847 | lr 3.66e-07 | 0.6s
epoch 3961 | loss 8.9272 | lr 3.47e-07 | 0.6s
epoch 3962 | loss 8.9626 | lr 3.29e-07 | 0.6s
epoch 3963 | loss 8.9720 | lr 3.12e-07 | 0.6s
epoch 3964 | loss 8.8958 | lr 2.95e-07 | 0.6s
epoch 3965 | loss 8.9554 | lr 2.78e-07 | 0.6s
epoch 3966 | loss 8.9195 | lr 2.62e-07 | 0.6s
epoch 3967 | loss 8.9320 | lr 2.46e-07 | 0.6s
epoch 3968 | loss 8.9540 | lr 2.31e-07 | 0.6s
epoch 3969 | loss 9.0136 | lr 2.17e-07 | 0.6s
epoch 3970 | loss 8.9625 | lr 2.02e-07 | 0.6s
epoch 3971 | loss 8.9920 | lr 1.89e-07 | 0.6s
epoch 3972 | loss 9.0273 | lr 1.75e-07 | 0.6s
epoch 3973 | loss 8.9299 | lr 1.63e-07 | 0.6s
epoch 3974 | loss 8.9846 | lr 1.50e-07 | 0.6s
epoch 3975 | loss 8.9402 | lr 1.39e-07 | 0.6s
epoch 3976 | loss 9.0013 | lr 1.27e-07 | 0.5s
epoch 3977 | loss 8.9955 | lr 1.16e-07 | 0.6s
epoch 3978 | loss 8.9652 | lr 1.06e-07 | 0.6s
epoch 3979 | loss 8.9587 | lr 9.62e-08 | 0.6s
epoch 3980 | loss 8.9617 | lr 8.68e-08 | 0.6s
epoch 3981 | loss 8.9499 | lr 7.79e-08 | 0.6s
epoch 3982 | loss 8.8998 | lr 6.95e-08 | 0.5s
epoch 3983 | loss 8.9603 | lr 6.16e-08 | 0.6s
epoch 3984 | loss 8.9282 | lr 5.41e-08 | 0.6s
epoch 3985 | loss 9.0016 | lr 4.72e-08 | 0.6s
epoch 3986 | loss 8.9017 | lr 4.07e-08 | 0.6s
epoch 3987 | loss 8.9765 | lr 3.46e-08 | 0.6s
epoch 3988 | loss 8.9259 | lr 2.91e-08 | 0.6s
epoch 3989 | loss 8.9184 | lr 2.41e-08 | 0.6s
epoch 3990 | loss 8.9927 | lr 1.95e-08 | 0.6s
epoch 3991 | loss 8.9673 | lr 1.54e-08 | 0.6s
epoch 3992 | loss 8.9614 | lr 1.18e-08 | 0.6s
epoch 3993 | loss 8.9325 | lr 8.66e-09 | 0.5s
epoch 3994 | loss 8.9337 | lr 6.01e-09 | 0.5s
epoch 3995 | loss 9.0167 | lr 3.85e-09 | 0.5s
epoch 3996 | loss 9.0633 | lr 2.17e-09 | 0.5s
epoch 3997 | loss 9.0058 | lr 9.62e-10 | 0.6s
epoch 3998 | loss 8.9236 | lr 2.41e-10 | 0.6s
epoch 3999 | loss 8.9214 | lr 0.00e+00 | 0.6s
final loss: 8.9214
