model params: 1,579,649
device: cuda
training: {'n_epochs': 4000, 'samples_per_epoch': 1000000, 'batch_size': 10000, 'k_max': 26, 'lr': 0.00156, 'weight_decay': 0.0, 'checkpoint_every_epochs': 250, 'n_back': 1, 'loss': 'mse', 'amp': True, 'compile_model': True, 'fused_optimizer': True, 'augment_symmetry': True, 'device': 'cuda', 'seed': 9}
epoch    0 | loss 38.3734 | lr 1.56e-03 | 1.4s
epoch    1 | loss 18.3310 | lr 1.56e-03 | 0.4s
epoch    2 | loss 13.0074 | lr 1.56e-03 | 0.4s
epoch    3 | loss 12.0064 | lr 1.56e-03 | 0.4s
epoch    4 | loss 11.5507 | lr 1.56e-03 | 0.4s
epoch    5 | loss 11.2458 | lr 1.56e-03 | 0.4s
epoch    6 | loss 11.0879 | lr 1.56e-03 | 0.4s
epoch    7 | loss 10.9217 | lr 1.56e-03 | 0.4s
epoch    8 | loss 10.8672 | lr 1.56e-03 | 0.4s
epoch    9 | loss 10.8516 | lr 1.56e-03 | 0.4s
epoch   10 | loss 10.6953 | lr 1.56e-03 | 0.4s
epoch   11 | loss 10.6197 | lr 1.56e-03 | 0.4s
epoch   12 | loss 10.5632 | lr 1.56e-03 | 0.4s
epoch   13 | loss 10.5498 | lr 1.56e-03 | 0.4s
epoch   14 | loss 10.4983 | lr 1.56e-03 | 0.4s
epoch   15 | loss 10.5130 | lr 1.56e-03 | 0.4s
epoch   16 | loss 10.5105 | lr 1.56e-03 | 0.4s
epoch   17 | loss 10.3274 | lr 1.56e-03 | 0.4s
epoch   18 | loss 10.4324 | lr 1.56e-03 | 0.4s
epoch   19 | loss 10.3587 | lr 1.56e-03 | 0.4s
epoch   20 | loss 10.3180 | lr 1.56e-03 | 0.4s
epoch   21 | loss 10.3069 | lr 1.56e-03 | 0.4s
epoch   22 | loss 10.3458 | lr 1.56e-03 | 0.4s
epoch   23 | loss 10.3083 | lr 1.56e-03 | 0.4s
epoch   24 | loss 10.2532 | lr 1.56e-03 | 0.4s
epoch   25 | loss 10.2787 | lr 1.56e-03 | 0.4s
epoch   26 | loss 10.2953 | lr 1.56e-03 | 0.4s
epoch   27 | loss 10.2468 | lr 1.56e-03 | 0.4s
epoch   28 | loss 10.2691 | lr 1.56e-03 | 0.4s
epoch   29 | loss 10.1871 | lr 1.56e-03 | 0.4s
epoch   30 | loss 10.1949 | lr 1.56e-03 | 0.4s
epoch   31 | loss 10.1935 | lr 1.56e-03 | 0.4s
epoch   32 | loss 10.1060 | lr 1.56e-03 | 0.4s
epoch   33 | loss 10.1605 | lr 1.56e-03 | 0.4s
epoch   34 | loss 10.2136 | lr 1.56e-03 | 0.4s
epoch   35 | loss 10.2065 | lr 1.56e-03 | 0.4s
epoch   36 | loss 10.0996 | lr 1.56e-03 | 0.4s
epoch   37 | loss 10.1650 | lr 1.56e-03 | 0.4s
epoch   38 | loss 10.1619 | lr 1.56e-03 | 0.4s
epoch   39 | loss 10.1511 | lr 1.56e-03 | 0.4s
epoch   40 | loss 10.1248 | lr 1.56e-03 | 0.4s
epoch   41 | loss 10.0988 | lr 1.56e-03 | 0.4s
epoch   42 | loss 10.1560 | lr 1.56e-03 | 0.4s
epoch   43 | loss 10.0830 | lr 1.56e-03 | 0.4s
epoch   44 | loss 10.0961 | lr 1.56e-03 | 0.4s
epoch   45 | loss 10.0438 | lr 1.56e-03 | 0.4s
epoch   46 | loss 10.0809 | lr 1.56e-03 | 0.4s
epoch   47 | loss 10.0524 | lr 1.56e-03 | 0.4s
epoch   48 | loss 9.9880 | lr 1.56e-03 | 0.4s
epoch   49 | loss 10.0322 | lr 1.56e-03 | 0.4s
epoch   50 | loss 9.9934 | lr 1.56e-03 | 0.4s
epoch   51 | loss 10.0192 | lr 1.56e-03 | 0.4s
epoch   52 | loss 10.0093 | lr 1.56e-03 | 0.4s
epoch   53 | loss 10.0271 | lr 1.56e-03 | 0.4s
epoch   54 | loss 9.9790 | lr 1.56e-03 | 0.4s
epoch   55 | loss 9.9756 | lr 1.56e-03 | 0.4s
epoch   56 | loss 10.0921 | lr 1.56e-03 | 0.4s
epoch   57 | loss 9.9838 | lr 1.56e-03 | 0.4s
epoch   58 | loss 10.0289 | lr 1.56e-03 | 0.4s
epoch   59 | loss 9.9850 | lr 1.56e-03 | 0.4s
epoch   60 | loss 10.0219 | lr 1.56e-03 | 0.4s
epoch   61 | loss 10.0131 | lr 1.56e-03 | 0.4s
epoch   62 | loss 9.9372 | lr 1.56e-03 | 0.4s
epoch   63 | loss 9.9348 | lr 1.56e-03 | 0.4s
epoch   64 | loss 9.9265 | lr 1.56e-03 | 0.4s
epoch   65 | loss 9.9142 | lr 1.56e-03 | 0.4s
epoch   66 | loss 9.8977 | lr 1.56e-03 | 0.4s
epoch   67 | loss 9.9595 | lr 1.56e-03 | 0.4s
epoch   68 | loss 9.9080 | lr 1.56e-03 | 0.4s
epoch   69 | loss 9.9225 | lr 1.56e-03 | 0.4s
epoch   70 | loss 9.9215 | lr 1.56e-03 | 0.4s
epoch   71 | loss 9.9403 | lr 1.56e-03 | 0.4s
epoch   72 | loss 9.9195 | lr 1.56e-03 | 0.4s
epoch   73 | loss 9.9163 | lr 1.56e-03 | 0.4s
epoch   74 | loss 9.9063 | lr 1.56e-03 | 0.4s
epoch   75 | loss 9.8272 | lr 1.56e-03 | 0.4s
epoch   76 | loss 9.8694 | lr 1.56e-03 | 0.4s
epoch   77 | loss 9.8738 | lr 1.56e-03 | 0.4s
epoch   78 | loss 9.8609 | lr 1.56e-03 | 0.4s
epoch   79 | loss 9.8597 | lr 1.56e-03 | 0.4s
epoch   80 | loss 9.8547 | lr 1.56e-03 | 0.4s
epoch   81 | loss 9.7854 | lr 1.56e-03 | 0.4s
epoch   82 | loss 9.7967 | lr 1.56e-03 | 0.4s
epoch   83 | loss 9.8463 | lr 1.56e-03 | 0.4s
epoch   84 | loss 9.8477 | lr 1.56e-03 | 0.4s
epoch   85 | loss 9.8471 | lr 1.56e-03 | 0.4s
epoch   86 | loss 9.8886 | lr 1.56e-03 | 0.4s
epoch   87 | loss 9.8095 | lr 1.56e-03 | 0.4s
epoch   88 | loss 9.8461 | lr 1.56e-03 | 0.4s
epoch   89 | loss 9.7735 | lr 1.56e-03 | 0.4s
epoch   90 | loss 9.8292 | lr 1.56e-03 | 0.4s
epoch   91 | loss 9.8198 | lr 1.56e-03 | 0.4s
epoch   92 | loss 9.7945 | lr 1.56e-03 | 0.4s
epoch   93 | loss 9.8118 | lr 1.56e-03 | 0.4s
epoch   94 | loss 9.7539 | lr 1.56e-03 | 0.4s
epoch   95 | loss 9.8480 | lr 1.56e-03 | 0.5s
epoch   96 | loss 9.7166 | lr 1.56e-03 | 0.4s
epoch   97 | loss 9.7556 | lr 1.56e-03 | 0.4s
epoch   98 | loss 9.7587 | lr 1.56e-03 | 0.4s
epoch   99 | loss 9.7676 | lr 1.56e-03 | 0.4s
epoch  100 | loss 9.7721 | lr 1.56e-03 | 0.4s
epoch  101 | loss 9.8118 | lr 1.56e-03 | 0.4s
epoch  102 | loss 9.8038 | lr 1.56e-03 | 0.4s
epoch  103 | loss 9.7168 | lr 1.56e-03 | 0.4s
epoch  104 | loss 9.7699 | lr 1.56e-03 | 0.4s
epoch  105 | loss 9.7554 | lr 1.56e-03 | 0.4s
epoch  106 | loss 9.7809 | lr 1.56e-03 | 0.5s
epoch  107 | loss 9.7482 | lr 1.56e-03 | 0.4s
epoch  108 | loss 9.7199 | lr 1.56e-03 | 0.4s
epoch  109 | loss 9.7937 | lr 1.56e-03 | 0.4s
epoch  110 | loss 9.7214 | lr 1.56e-03 | 0.4s
epoch  111 | loss 9.7502 | lr 1.56e-03 | 0.4s
epoch  112 | loss 9.6829 | lr 1.56e-03 | 0.4s
epoch  113 | loss 9.7552 | lr 1.56e-03 | 0.4s
epoch  114 | loss 9.6974 | lr 1.56e-03 | 0.4s
epoch  115 | loss 9.6755 | lr 1.56e-03 | 0.4s
epoch  116 | loss 9.6784 | lr 1.56e-03 | 0.4s
epoch  117 | loss 9.7042 | lr 1.56e-03 | 0.4s
epoch  118 | loss 9.7060 | lr 1.56e-03 | 0.4s
epoch  119 | loss 9.7020 | lr 1.56e-03 | 0.4s
epoch  120 | loss 9.7154 | lr 1.56e-03 | 0.4s
epoch  121 | loss 9.7141 | lr 1.56e-03 | 0.4s
epoch  122 | loss 9.7378 | lr 1.56e-03 | 0.4s
epoch  123 | loss 9.6979 | lr 1.56e-03 | 0.4s
epoch  124 | loss 9.6703 | lr 1.56e-03 | 0.4s
epoch  125 | loss 9.7009 | lr 1.56e-03 | 0.4s
epoch  126 | loss 9.6189 | lr 1.56e-03 | 0.4s
epoch  127 | loss 9.7022 | lr 1.56e-03 | 0.4s
epoch  128 | loss 9.7022 | lr 1.56e-03 | 0.4s
epoch  129 | loss 9.6523 | lr 1.56e-03 | 0.4s
epoch  130 | loss 9.6946 | lr 1.56e-03 | 0.4s
epoch  131 | loss 9.6427 | lr 1.56e-03 | 0.4s
epoch  132 | loss 9.6780 | lr 1.56e-03 | 0.4s
epoch  133 | loss 9.6683 | lr 1.56e-03 | 0.4s
epoch  134 | loss 9.6473 | lr 1.56e-03 | 0.4s
epoch  135 | loss 9.7883 | lr 1.56e-03 | 0.4s
epoch  136 | loss 9.6485 | lr 1.56e-03 | 0.4s
epoch  137 | loss 9.5817 | lr 1.56e-03 | 0.4s
epoch  138 | loss 9.6233 | lr 1.56e-03 | 0.4s
epoch  139 | loss 9.6553 | lr 1.56e-03 | 0.4s
epoch  140 | loss 9.6973 | lr 1.56e-03 | 0.4s
epoch  141 | loss 9.6769 | lr 1.56e-03 | 0.4s
epoch  142 | loss 9.6121 | lr 1.56e-03 | 0.4s
epoch  143 | loss 9.6130 | lr 1.56e-03 | 0.4s
epoch  144 | loss 9.6313 | lr 1.55e-03 | 0.4s
epoch  145 | loss 9.5500 | lr 1.55e-03 | 0.4s
epoch  146 | loss 9.6449 | lr 1.55e-03 | 0.4s
epoch  147 | loss 9.5617 | lr 1.55e-03 | 0.4s
epoch  148 | loss 9.5954 | lr 1.55e-03 | 0.4s
epoch  149 | loss 9.6145 | lr 1.55e-03 | 0.4s
epoch  150 | loss 9.6179 | lr 1.55e-03 | 0.5s
epoch  151 | loss 9.6165 | lr 1.55e-03 | 0.4s
epoch  152 | loss 9.5600 | lr 1.55e-03 | 0.4s
epoch  153 | loss 9.5707 | lr 1.55e-03 | 0.4s
epoch  154 | loss 9.6362 | lr 1.55e-03 | 0.4s
epoch  155 | loss 9.6403 | lr 1.55e-03 | 0.4s
epoch  156 | loss 9.6452 | lr 1.55e-03 | 0.4s
epoch  157 | loss 9.6311 | lr 1.55e-03 | 0.4s
epoch  158 | loss 9.6192 | lr 1.55e-03 | 0.4s
epoch  159 | loss 9.5284 | lr 1.55e-03 | 0.4s
epoch  160 | loss 9.6380 | lr 1.55e-03 | 0.4s
epoch  161 | loss 9.5530 | lr 1.55e-03 | 0.4s
epoch  162 | loss 9.5183 | lr 1.55e-03 | 0.4s
epoch  163 | loss 9.5423 | lr 1.55e-03 | 0.4s
epoch  164 | loss 9.5696 | lr 1.55e-03 | 0.4s
epoch  165 | loss 9.5957 | lr 1.55e-03 | 0.4s
epoch  166 | loss 9.4961 | lr 1.55e-03 | 0.4s
epoch  167 | loss 9.5919 | lr 1.55e-03 | 0.4s
epoch  168 | loss 9.6020 | lr 1.55e-03 | 0.4s
epoch  169 | loss 9.4969 | lr 1.55e-03 | 0.4s
epoch  170 | loss 9.5652 | lr 1.55e-03 | 0.4s
epoch  171 | loss 9.5301 | lr 1.55e-03 | 0.4s
epoch  172 | loss 9.5097 | lr 1.55e-03 | 0.4s
epoch  173 | loss 9.4830 | lr 1.55e-03 | 0.4s
epoch  174 | loss 9.5567 | lr 1.55e-03 | 0.4s
epoch  175 | loss 9.5454 | lr 1.55e-03 | 0.4s
epoch  176 | loss 9.5483 | lr 1.55e-03 | 0.4s
epoch  177 | loss 9.5598 | lr 1.55e-03 | 0.4s
epoch  178 | loss 9.5064 | lr 1.55e-03 | 0.4s
epoch  179 | loss 9.4845 | lr 1.55e-03 | 0.4s
epoch  180 | loss 9.5126 | lr 1.55e-03 | 0.4s
epoch  181 | loss 9.5012 | lr 1.55e-03 | 0.4s
epoch  182 | loss 9.5280 | lr 1.55e-03 | 0.4s
epoch  183 | loss 9.4802 | lr 1.55e-03 | 0.4s
epoch  184 | loss 9.5530 | lr 1.55e-03 | 0.4s
epoch  185 | loss 9.5115 | lr 1.55e-03 | 0.4s
epoch  186 | loss 9.5387 | lr 1.55e-03 | 0.4s
epoch  187 | loss 9.5007 | lr 1.55e-03 | 0.4s
epoch  188 | loss 9.4579 | lr 1.55e-03 | 0.4s
epoch  189 | loss 9.4257 | lr 1.55e-03 | 0.4s
epoch  190 | loss 9.4679 | lr 1.55e-03 | 0.4s
epoch  191 | loss 9.5015 | lr 1.55e-03 | 0.4s
epoch  192 | loss 9.5038 | lr 1.55e-03 | 0.4s
epoch  193 | loss 9.5067 | lr 1.55e-03 | 0.4s
epoch  194 | loss 9.4514 | lr 1.55e-03 | 0.4s
epoch  195 | loss 9.4937 | lr 1.55e-03 | 0.4s
epoch  196 | loss 9.5509 | lr 1.55e-03 | 0.4s
epoch  197 | loss 9.5398 | lr 1.55e-03 | 0.4s
epoch  198 | loss 9.5611 | lr 1.55e-03 | 0.4s
epoch  199 | loss 9.5001 | lr 1.55e-03 | 0.4s
epoch  200 | loss 9.4714 | lr 1.55e-03 | 0.4s
epoch  201 | loss 9.4774 | lr 1.55e-03 | 0.4s
epoch  202 | loss 9.4862 | lr 1.55e-03 | 0.4s
epoch  203 | loss 9.4961 | lr 1.55e-03 | 0.4s
epoch  204 | loss 9.4476 | lr 1.55e-03 | 0.4s
epoch  205 | loss 9.4546 | lr 1.55e-03 | 0.4s
epoch  206 | loss 9.4678 | lr 1.55e-03 | 0.4s
epoch  207 | loss 9.4158 | lr 1.55e-03 | 0.4s
epoch  208 | loss 9.5076 | lr 1.55e-03 | 0.4s
epoch  209 | loss 9.4866 | lr 1.55e-03 | 0.4s
epoch  210 | loss 9.4468 | lr 1.55e-03 | 0.4s
epoch  211 | loss 9.4799 | lr 1.55e-03 | 0.4s
epoch  212 | loss 9.4221 | lr 1.55e-03 | 0.4s
epoch  213 | loss 9.3919 | lr 1.55e-03 | 0.4s
epoch  214 | loss 9.4472 | lr 1.55e-03 | 0.4s
epoch  215 | loss 9.4742 | lr 1.55e-03 | 0.4s
epoch  216 | loss 9.4336 | lr 1.55e-03 | 0.4s
epoch  217 | loss 9.4268 | lr 1.55e-03 | 0.4s
epoch  218 | loss 9.4381 | lr 1.55e-03 | 0.5s
epoch  219 | loss 9.4441 | lr 1.55e-03 | 0.4s
epoch  220 | loss 9.4067 | lr 1.55e-03 | 0.4s
epoch  221 | loss 9.4092 | lr 1.55e-03 | 0.4s
epoch  222 | loss 9.4364 | lr 1.55e-03 | 0.4s
epoch  223 | loss 9.3989 | lr 1.55e-03 | 0.4s
epoch  224 | loss 9.4325 | lr 1.55e-03 | 0.4s
epoch  225 | loss 9.4100 | lr 1.55e-03 | 0.4s
epoch  226 | loss 9.4104 | lr 1.55e-03 | 0.4s
epoch  227 | loss 9.4283 | lr 1.55e-03 | 0.4s
epoch  228 | loss 9.4216 | lr 1.55e-03 | 0.4s
epoch  229 | loss 9.4337 | lr 1.55e-03 | 0.4s
epoch  230 | loss 9.3959 | lr 1.55e-03 | 0.4s
epoch  231 | loss 9.4285 | lr 1.55e-03 | 0.4s
epoch  232 | loss 9.4110 | lr 1.55e-03 | 0.4s
epoch  233 | loss 9.4447 | lr 1.55e-03 | 0.4s
epoch  234 | loss 9.4576 | lr 1.55e-03 | 0.4s
epoch  235 | loss 9.3889 | lr 1.55e-03 | 0.4s
epoch  236 | loss 9.4144 | lr 1.55e-03 | 0.4s
epoch  237 | loss 9.3612 | lr 1.55e-03 | 0.4s
epoch  238 | loss 9.4069 | lr 1.55e-03 | 0.4s
epoch  239 | loss 9.4324 | lr 1.55e-03 | 0.4s
epoch  240 | loss 9.4267 | lr 1.55e-03 | 0.4s
epoch  241 | loss 9.3823 | lr 1.55e-03 | 0.4s
epoch  242 | loss 9.3207 | lr 1.55e-03 | 0.4s
epoch  243 | loss 9.3744 | lr 1.55e-03 | 0.4s
epoch  244 | loss 9.3964 | lr 1.55e-03 | 0.4s
epoch  245 | loss 9.3815 | lr 1.55e-03 | 0.4s
epoch  246 | loss 9.4150 | lr 1.55e-03 | 0.4s
epoch  247 | loss 9.4337 | lr 1.55e-03 | 0.4s
epoch  248 | loss 9.3739 | lr 1.55e-03 | 0.4s
epoch  249 | loss 9.3334 | lr 1.55e-03 | 0.4s
epoch  250 | loss 9.4043 | lr 1.54e-03 | 0.4s
epoch  251 | loss 9.3686 | lr 1.54e-03 | 0.5s
epoch  252 | loss 9.3404 | lr 1.54e-03 | 0.4s
epoch  253 | loss 9.4096 | lr 1.54e-03 | 0.4s
epoch  254 | loss 9.3910 | lr 1.54e-03 | 0.4s
epoch  255 | loss 9.4192 | lr 1.54e-03 | 0.4s
epoch  256 | loss 9.3823 | lr 1.54e-03 | 0.5s
epoch  257 | loss 9.3642 | lr 1.54e-03 | 0.4s
epoch  258 | loss 9.3377 | lr 1.54e-03 | 0.4s
epoch  259 | loss 9.3296 | lr 1.54e-03 | 0.4s
epoch  260 | loss 9.3636 | lr 1.54e-03 | 0.4s
epoch  261 | loss 9.3773 | lr 1.54e-03 | 0.5s
epoch  262 | loss 9.3875 | lr 1.54e-03 | 0.5s
epoch  263 | loss 9.3635 | lr 1.54e-03 | 0.5s
epoch  264 | loss 9.3457 | lr 1.54e-03 | 0.4s
epoch  265 | loss 9.3368 | lr 1.54e-03 | 0.4s
epoch  266 | loss 9.3234 | lr 1.54e-03 | 0.4s
epoch  267 | loss 9.3766 | lr 1.54e-03 | 0.4s
epoch  268 | loss 9.3219 | lr 1.54e-03 | 0.4s
epoch  269 | loss 9.3703 | lr 1.54e-03 | 0.5s
epoch  270 | loss 9.3842 | lr 1.54e-03 | 0.5s
epoch  271 | loss 9.3561 | lr 1.54e-03 | 0.4s
epoch  272 | loss 9.3083 | lr 1.54e-03 | 0.4s
epoch  273 | loss 9.3551 | lr 1.54e-03 | 0.4s
epoch  274 | loss 9.3526 | lr 1.54e-03 | 0.4s
epoch  275 | loss 9.3413 | lr 1.54e-03 | 0.4s
epoch  276 | loss 9.3803 | lr 1.54e-03 | 0.4s
epoch  277 | loss 9.3119 | lr 1.54e-03 | 0.4s
epoch  278 | loss 9.3597 | lr 1.54e-03 | 0.4s
epoch  279 | loss 9.3509 | lr 1.54e-03 | 0.4s
epoch  280 | loss 9.3443 | lr 1.54e-03 | 0.4s
epoch  281 | loss 9.2890 | lr 1.54e-03 | 0.4s
epoch  282 | loss 9.3416 | lr 1.54e-03 | 0.4s
epoch  283 | loss 9.3315 | lr 1.54e-03 | 0.4s
epoch  284 | loss 9.3105 | lr 1.54e-03 | 0.4s
epoch  285 | loss 9.3590 | lr 1.54e-03 | 0.4s
epoch  286 | loss 9.3302 | lr 1.54e-03 | 0.4s
epoch  287 | loss 9.3713 | lr 1.54e-03 | 0.4s
epoch  288 | loss 9.3182 | lr 1.54e-03 | 0.4s
epoch  289 | loss 9.3144 | lr 1.54e-03 | 0.4s
epoch  290 | loss 9.2788 | lr 1.54e-03 | 0.4s
epoch  291 | loss 9.3919 | lr 1.54e-03 | 0.4s
epoch  292 | loss 9.3410 | lr 1.54e-03 | 0.4s
epoch  293 | loss 9.3481 | lr 1.54e-03 | 0.4s
epoch  294 | loss 9.3322 | lr 1.54e-03 | 0.4s
epoch  295 | loss 9.3455 | lr 1.54e-03 | 0.4s
epoch  296 | loss 9.3232 | lr 1.54e-03 | 0.4s
epoch  297 | loss 9.3719 | lr 1.54e-03 | 0.4s
epoch  298 | loss 9.2805 | lr 1.54e-03 | 0.4s
epoch  299 | loss 9.2641 | lr 1.54e-03 | 0.4s
epoch  300 | loss 9.2759 | lr 1.54e-03 | 0.4s
epoch  301 | loss 9.2670 | lr 1.54e-03 | 0.4s
epoch  302 | loss 9.2961 | lr 1.54e-03 | 0.4s
epoch  303 | loss 9.3049 | lr 1.54e-03 | 0.4s
epoch  304 | loss 9.3149 | lr 1.54e-03 | 0.4s
epoch  305 | loss 9.3225 | lr 1.54e-03 | 0.4s
epoch  306 | loss 9.3525 | lr 1.54e-03 | 0.4s
epoch  307 | loss 9.2556 | lr 1.54e-03 | 0.4s
epoch  308 | loss 9.2866 | lr 1.54e-03 | 0.4s
epoch  309 | loss 9.3048 | lr 1.54e-03 | 0.4s
epoch  310 | loss 9.3143 | lr 1.54e-03 | 0.4s
epoch  311 | loss 9.3093 | lr 1.54e-03 | 0.4s
epoch  312 | loss 9.2859 | lr 1.54e-03 | 0.4s
epoch  313 | loss 9.2972 | lr 1.54e-03 | 0.4s
epoch  314 | loss 9.3063 | lr 1.54e-03 | 0.4s
epoch  315 | loss 9.2783 | lr 1.54e-03 | 0.4s
epoch  316 | loss 9.3381 | lr 1.54e-03 | 0.4s
epoch  317 | loss 9.2640 | lr 1.54e-03 | 0.4s
epoch  318 | loss 9.2569 | lr 1.54e-03 | 0.4s
epoch  319 | loss 9.2768 | lr 1.54e-03 | 0.4s
epoch  320 | loss 9.2300 | lr 1.54e-03 | 0.5s
epoch  321 | loss 9.2394 | lr 1.54e-03 | 0.5s
epoch  322 | loss 9.3038 | lr 1.54e-03 | 0.5s
epoch  323 | loss 9.3089 | lr 1.53e-03 | 0.4s
epoch  324 | loss 9.2665 | lr 1.53e-03 | 0.4s
epoch  325 | loss 9.2924 | lr 1.53e-03 | 0.4s
epoch  326 | loss 9.3031 | lr 1.53e-03 | 0.4s
epoch  327 | loss 9.2502 | lr 1.53e-03 | 0.4s
epoch  328 | loss 9.2527 | lr 1.53e-03 | 0.4s
epoch  329 | loss 9.2967 | lr 1.53e-03 | 0.4s
epoch  330 | loss 9.3128 | lr 1.53e-03 | 0.4s
epoch  331 | loss 9.2532 | lr 1.53e-03 | 0.4s
epoch  332 | loss 9.2608 | lr 1.53e-03 | 0.4s
epoch  333 | loss 9.2669 | lr 1.53e-03 | 0.4s
epoch  334 | loss 9.2906 | lr 1.53e-03 | 0.4s
epoch  335 | loss 9.2260 | lr 1.53e-03 | 0.4s
epoch  336 | loss 9.2959 | lr 1.53e-03 | 0.4s
epoch  337 | loss 9.2556 | lr 1.53e-03 | 0.4s
epoch  338 | loss 9.2758 | lr 1.53e-03 | 0.4s
epoch  339 | loss 9.2093 | lr 1.53e-03 | 0.4s
epoch  340 | loss 9.2854 | lr 1.53e-03 | 0.4s
epoch  341 | loss 9.2512 | lr 1.53e-03 | 0.4s
epoch  342 | loss 9.2901 | lr 1.53e-03 | 0.4s
epoch  343 | loss 9.3100 | lr 1.53e-03 | 0.4s
epoch  344 | loss 9.3350 | lr 1.53e-03 | 0.5s
epoch  345 | loss 9.2249 | lr 1.53e-03 | 0.4s
epoch  346 | loss 9.2173 | lr 1.53e-03 | 0.5s
epoch  347 | loss 9.1882 | lr 1.53e-03 | 0.4s
epoch  348 | loss 9.2839 | lr 1.53e-03 | 0.4s
epoch  349 | loss 9.2305 | lr 1.53e-03 | 0.4s
epoch  350 | loss 9.2799 | lr 1.53e-03 | 0.4s
epoch  351 | loss 9.2653 | lr 1.53e-03 | 0.4s
epoch  352 | loss 9.2696 | lr 1.53e-03 | 0.4s
epoch  353 | loss 9.2671 | lr 1.53e-03 | 0.4s
epoch  354 | loss 9.2198 | lr 1.53e-03 | 0.4s
epoch  355 | loss 9.2890 | lr 1.53e-03 | 0.4s
epoch  356 | loss 9.1583 | lr 1.53e-03 | 0.4s
epoch  357 | loss 9.2713 | lr 1.53e-03 | 0.5s
epoch  358 | loss 9.2332 | lr 1.53e-03 | 0.4s
epoch  359 | loss 9.2038 | lr 1.53e-03 | 0.4s
epoch  360 | loss 9.2257 | lr 1.53e-03 | 0.5s
epoch  361 | loss 9.3225 | lr 1.53e-03 | 0.4s
epoch  362 | loss 9.2507 | lr 1.53e-03 | 0.4s
epoch  363 | loss 9.2563 | lr 1.53e-03 | 0.4s
epoch  364 | loss 9.2464 | lr 1.53e-03 | 0.5s
epoch  365 | loss 9.1801 | lr 1.53e-03 | 0.4s
epoch  366 | loss 9.1891 | lr 1.53e-03 | 0.5s
epoch  367 | loss 9.2488 | lr 1.53e-03 | 0.4s
epoch  368 | loss 9.2212 | lr 1.53e-03 | 0.4s
epoch  369 | loss 9.2078 | lr 1.53e-03 | 0.4s
epoch  370 | loss 9.2255 | lr 1.53e-03 | 0.4s
epoch  371 | loss 9.1897 | lr 1.53e-03 | 0.4s
epoch  372 | loss 9.2146 | lr 1.53e-03 | 0.4s
epoch  373 | loss 9.1869 | lr 1.53e-03 | 0.4s
epoch  374 | loss 9.1985 | lr 1.53e-03 | 0.4s
epoch  375 | loss 9.1855 | lr 1.53e-03 | 0.4s
epoch  376 | loss 9.2177 | lr 1.53e-03 | 0.5s
epoch  377 | loss 9.2065 | lr 1.53e-03 | 0.4s
epoch  378 | loss 9.2185 | lr 1.53e-03 | 0.4s
epoch  379 | loss 9.2642 | lr 1.53e-03 | 0.4s
epoch  380 | loss 9.1643 | lr 1.53e-03 | 0.4s
epoch  381 | loss 9.2067 | lr 1.53e-03 | 0.4s
epoch  382 | loss 9.2312 | lr 1.52e-03 | 0.4s
epoch  383 | loss 9.1910 | lr 1.52e-03 | 0.4s
epoch  384 | loss 9.2231 | lr 1.52e-03 | 0.4s
epoch  385 | loss 9.2038 | lr 1.52e-03 | 0.4s
epoch  386 | loss 9.2022 | lr 1.52e-03 | 0.4s
epoch  387 | loss 9.1567 | lr 1.52e-03 | 0.4s
epoch  388 | loss 9.1923 | lr 1.52e-03 | 0.4s
epoch  389 | loss 9.1648 | lr 1.52e-03 | 0.4s
epoch  390 | loss 9.2021 | lr 1.52e-03 | 0.4s
epoch  391 | loss 9.2386 | lr 1.52e-03 | 0.4s
epoch  392 | loss 9.1691 | lr 1.52e-03 | 0.4s
epoch  393 | loss 9.1858 | lr 1.52e-03 | 0.4s
epoch  394 | loss 9.2128 | lr 1.52e-03 | 0.5s
epoch  395 | loss 9.1631 | lr 1.52e-03 | 0.4s
epoch  396 | loss 9.1883 | lr 1.52e-03 | 0.4s
epoch  397 | loss 9.1478 | lr 1.52e-03 | 0.5s
epoch  398 | loss 9.2686 | lr 1.52e-03 | 0.4s
epoch  399 | loss 9.1313 | lr 1.52e-03 | 0.4s
epoch  400 | loss 9.1762 | lr 1.52e-03 | 0.4s
epoch  401 | loss 9.1706 | lr 1.52e-03 | 0.4s
epoch  402 | loss 9.1699 | lr 1.52e-03 | 0.4s
epoch  403 | loss 9.1458 | lr 1.52e-03 | 0.5s
epoch  404 | loss 9.1633 | lr 1.52e-03 | 0.4s
epoch  405 | loss 9.1886 | lr 1.52e-03 | 0.4s
epoch  406 | loss 9.1889 | lr 1.52e-03 | 0.4s
epoch  407 | loss 9.1792 | lr 1.52e-03 | 0.4s
epoch  408 | loss 9.2101 | lr 1.52e-03 | 0.4s
epoch  409 | loss 9.1399 | lr 1.52e-03 | 0.4s
epoch  410 | loss 9.1831 | lr 1.52e-03 | 0.4s
epoch  411 | loss 9.1659 | lr 1.52e-03 | 0.5s
epoch  412 | loss 9.1853 | lr 1.52e-03 | 0.4s
epoch  413 | loss 9.1803 | lr 1.52e-03 | 0.4s
epoch  414 | loss 9.2118 | lr 1.52e-03 | 0.4s
epoch  415 | loss 9.1621 | lr 1.52e-03 | 0.4s
epoch  416 | loss 9.1226 | lr 1.52e-03 | 0.4s
epoch  417 | loss 9.1843 | lr 1.52e-03 | 0.5s
epoch  418 | loss 9.1584 | lr 1.52e-03 | 0.4s
epoch  419 | loss 9.2005 | lr 1.52e-03 | 0.4s
epoch  420 | loss 9.1624 | lr 1.52e-03 | 0.4s
epoch  421 | loss 9.1941 | lr 1.52e-03 | 0.5s
epoch  422 | loss 9.1636 | lr 1.52e-03 | 0.4s
epoch  423 | loss 9.1820 | lr 1.52e-03 | 0.4s
epoch  424 | loss 9.1725 | lr 1.52e-03 | 0.4s
epoch  425 | loss 9.1920 | lr 1.52e-03 | 0.5s
epoch  426 | loss 9.1241 | lr 1.52e-03 | 0.4s
epoch  427 | loss 9.1328 | lr 1.52e-03 | 0.4s
epoch  428 | loss 9.1554 | lr 1.52e-03 | 0.4s
epoch  429 | loss 9.1663 | lr 1.52e-03 | 0.4s
epoch  430 | loss 9.1746 | lr 1.52e-03 | 0.4s
epoch  431 | loss 9.1361 | lr 1.52e-03 | 0.4s
epoch  432 | loss 9.0709 | lr 1.52e-03 | 0.4s
epoch  433 | loss 9.1303 | lr 1.52e-03 | 0.4s
epoch  434 | loss 9.1571 | lr 1.51e-03 | 0.4s
epoch  435 | loss 9.1122 | lr 1.51e-03 | 0.4s
epoch  436 | loss 9.1639 | lr 1.51e-03 | 0.5s
epoch  437 | loss 9.1418 | lr 1.51e-03 | 0.4s
epoch  438 | loss 9.1281 | lr 1.51e-03 | 0.4s
epoch  439 | loss 9.1585 | lr 1.51e-03 | 0.4s
epoch  440 | loss 9.1519 | lr 1.51e-03 | 0.5s
epoch  441 | loss 9.1198 | lr 1.51e-03 | 0.5s
epoch  442 | loss 9.1611 | lr 1.51e-03 | 0.5s
epoch  443 | loss 9.1514 | lr 1.51e-03 | 0.4s
epoch  444 | loss 9.1432 | lr 1.51e-03 | 0.4s
epoch  445 | loss 9.1171 | lr 1.51e-03 | 0.5s
epoch  446 | loss 9.1619 | lr 1.51e-03 | 0.5s
epoch  447 | loss 9.1240 | lr 1.51e-03 | 0.4s
epoch  448 | loss 9.1178 | lr 1.51e-03 | 0.5s
epoch  449 | loss 9.0750 | lr 1.51e-03 | 0.4s
epoch  450 | loss 9.1111 | lr 1.51e-03 | 0.4s
epoch  451 | loss 9.1367 | lr 1.51e-03 | 0.4s
epoch  452 | loss 9.1341 | lr 1.51e-03 | 0.4s
epoch  453 | loss 9.0972 | lr 1.51e-03 | 0.4s
epoch  454 | loss 9.1455 | lr 1.51e-03 | 0.4s
epoch  455 | loss 9.1043 | lr 1.51e-03 | 0.4s
epoch  456 | loss 9.1142 | lr 1.51e-03 | 0.4s
epoch  457 | loss 9.1802 | lr 1.51e-03 | 0.4s
epoch  458 | loss 9.1077 | lr 1.51e-03 | 0.4s
epoch  459 | loss 9.1188 | lr 1.51e-03 | 0.4s
epoch  460 | loss 9.1723 | lr 1.51e-03 | 0.4s
epoch  461 | loss 9.1085 | lr 1.51e-03 | 0.4s
epoch  462 | loss 9.1499 | lr 1.51e-03 | 0.4s
epoch  463 | loss 9.0884 | lr 1.51e-03 | 0.4s
epoch  464 | loss 9.1391 | lr 1.51e-03 | 0.4s
epoch  465 | loss 9.1412 | lr 1.51e-03 | 0.4s
epoch  466 | loss 9.1547 | lr 1.51e-03 | 0.4s
epoch  467 | loss 9.0699 | lr 1.51e-03 | 0.4s
epoch  468 | loss 9.0990 | lr 1.51e-03 | 0.4s
epoch  469 | loss 9.1597 | lr 1.51e-03 | 0.4s
epoch  470 | loss 9.1288 | lr 1.51e-03 | 0.4s
epoch  471 | loss 9.1265 | lr 1.51e-03 | 0.4s
epoch  472 | loss 9.1309 | lr 1.51e-03 | 0.4s
epoch  473 | loss 9.1057 | lr 1.51e-03 | 0.5s
epoch  474 | loss 9.0919 | lr 1.51e-03 | 0.5s
epoch  475 | loss 9.1382 | lr 1.51e-03 | 0.4s
epoch  476 | loss 9.0860 | lr 1.51e-03 | 0.4s
epoch  477 | loss 9.1104 | lr 1.51e-03 | 0.5s
epoch  478 | loss 9.1122 | lr 1.51e-03 | 0.4s
epoch  479 | loss 9.1091 | lr 1.51e-03 | 0.4s
epoch  480 | loss 9.1202 | lr 1.50e-03 | 0.4s
epoch  481 | loss 9.1051 | lr 1.50e-03 | 0.4s
epoch  482 | loss 9.0824 | lr 1.50e-03 | 0.4s
epoch  483 | loss 9.0930 | lr 1.50e-03 | 0.5s
epoch  484 | loss 9.1085 | lr 1.50e-03 | 0.5s
epoch  485 | loss 9.1047 | lr 1.50e-03 | 0.5s
epoch  486 | loss 9.1102 | lr 1.50e-03 | 0.4s
epoch  487 | loss 9.0966 | lr 1.50e-03 | 0.4s
epoch  488 | loss 9.0808 | lr 1.50e-03 | 0.4s
epoch  489 | loss 9.1005 | lr 1.50e-03 | 0.4s
epoch  490 | loss 9.0807 | lr 1.50e-03 | 0.4s
epoch  491 | loss 9.1606 | lr 1.50e-03 | 0.4s
epoch  492 | loss 9.1223 | lr 1.50e-03 | 0.4s
epoch  493 | loss 9.1295 | lr 1.50e-03 | 0.4s
epoch  494 | loss 9.0561 | lr 1.50e-03 | 0.5s
epoch  495 | loss 9.0959 | lr 1.50e-03 | 0.4s
epoch  496 | loss 9.0933 | lr 1.50e-03 | 0.4s
epoch  497 | loss 9.0766 | lr 1.50e-03 | 0.5s
epoch  498 | loss 9.0901 | lr 1.50e-03 | 0.4s
epoch  499 | loss 9.0479 | lr 1.50e-03 | 0.4s
epoch  500 | loss 9.0060 | lr 1.50e-03 | 0.4s
epoch  501 | loss 9.1304 | lr 1.50e-03 | 0.4s
epoch  502 | loss 9.0930 | lr 1.50e-03 | 0.4s
epoch  503 | loss 9.0729 | lr 1.50e-03 | 0.4s
epoch  504 | loss 9.0774 | lr 1.50e-03 | 0.4s
epoch  505 | loss 9.0941 | lr 1.50e-03 | 0.5s
epoch  506 | loss 9.1254 | lr 1.50e-03 | 0.4s
epoch  507 | loss 9.0997 | lr 1.50e-03 | 0.5s
epoch  508 | loss 9.0891 | lr 1.50e-03 | 0.4s
epoch  509 | loss 9.0620 | lr 1.50e-03 | 0.4s
epoch  510 | loss 9.1109 | lr 1.50e-03 | 0.4s
epoch  511 | loss 9.0677 | lr 1.50e-03 | 0.4s
epoch  512 | loss 9.0741 | lr 1.50e-03 | 0.4s
epoch  513 | loss 9.1332 | lr 1.50e-03 | 0.5s
epoch  514 | loss 9.0960 | lr 1.50e-03 | 0.5s
epoch  515 | loss 9.0689 | lr 1.50e-03 | 0.4s
epoch  516 | loss 9.1101 | lr 1.50e-03 | 0.4s
epoch  517 | loss 9.0671 | lr 1.50e-03 | 0.4s
epoch  518 | loss 9.0777 | lr 1.50e-03 | 0.4s
epoch  519 | loss 9.0857 | lr 1.50e-03 | 0.4s
epoch  520 | loss 9.0683 | lr 1.50e-03 | 0.4s
epoch  521 | loss 9.0603 | lr 1.50e-03 | 0.4s
epoch  522 | loss 9.1136 | lr 1.50e-03 | 0.5s
epoch  523 | loss 9.0397 | lr 1.49e-03 | 0.4s
epoch  524 | loss 9.1469 | lr 1.49e-03 | 0.4s
epoch  525 | loss 9.0816 | lr 1.49e-03 | 0.5s
epoch  526 | loss 9.0500 | lr 1.49e-03 | 0.5s
epoch  527 | loss 9.1124 | lr 1.49e-03 | 0.4s
epoch  528 | loss 9.0581 | lr 1.49e-03 | 0.5s
epoch  529 | loss 9.1452 | lr 1.49e-03 | 0.4s
epoch  530 | loss 9.0542 | lr 1.49e-03 | 0.4s
epoch  531 | loss 9.0911 | lr 1.49e-03 | 0.4s
epoch  532 | loss 9.0763 | lr 1.49e-03 | 0.4s
epoch  533 | loss 9.0283 | lr 1.49e-03 | 0.4s
epoch  534 | loss 9.0445 | lr 1.49e-03 | 0.4s
epoch  535 | loss 9.0706 | lr 1.49e-03 | 0.5s
epoch  536 | loss 9.0224 | lr 1.49e-03 | 0.5s
epoch  537 | loss 9.0639 | lr 1.49e-03 | 0.4s
epoch  538 | loss 9.0021 | lr 1.49e-03 | 0.4s
epoch  539 | loss 9.0996 | lr 1.49e-03 | 0.5s
epoch  540 | loss 9.0679 | lr 1.49e-03 | 0.4s
epoch  541 | loss 9.0459 | lr 1.49e-03 | 0.4s
epoch  542 | loss 9.0634 | lr 1.49e-03 | 0.5s
epoch  543 | loss 9.0085 | lr 1.49e-03 | 0.5s
epoch  544 | loss 9.0306 | lr 1.49e-03 | 0.4s
epoch  545 | loss 9.0527 | lr 1.49e-03 | 0.4s
epoch  546 | loss 9.0342 | lr 1.49e-03 | 0.4s
epoch  547 | loss 9.0440 | lr 1.49e-03 | 0.4s
epoch  548 | loss 8.9795 | lr 1.49e-03 | 0.4s
epoch  549 | loss 9.0913 | lr 1.49e-03 | 0.5s
epoch  550 | loss 9.0571 | lr 1.49e-03 | 0.5s
epoch  551 | loss 9.0751 | lr 1.49e-03 | 0.4s
epoch  552 | loss 9.0508 | lr 1.49e-03 | 0.4s
epoch  553 | loss 9.1038 | lr 1.49e-03 | 0.4s
epoch  554 | loss 9.0876 | lr 1.49e-03 | 0.4s
epoch  555 | loss 9.0209 | lr 1.49e-03 | 0.4s
epoch  556 | loss 9.1198 | lr 1.49e-03 | 0.5s
epoch  557 | loss 9.0129 | lr 1.49e-03 | 0.5s
epoch  558 | loss 9.1058 | lr 1.49e-03 | 0.5s
epoch  559 | loss 9.0620 | lr 1.49e-03 | 0.4s
epoch  560 | loss 8.9930 | lr 1.49e-03 | 0.4s
epoch  561 | loss 9.0431 | lr 1.49e-03 | 0.4s
epoch  562 | loss 9.0387 | lr 1.48e-03 | 0.5s
epoch  563 | loss 8.9938 | lr 1.48e-03 | 0.5s
epoch  564 | loss 9.0871 | lr 1.48e-03 | 0.4s
epoch  565 | loss 9.0755 | lr 1.48e-03 | 0.4s
epoch  566 | loss 9.0008 | lr 1.48e-03 | 0.4s
epoch  567 | loss 9.0396 | lr 1.48e-03 | 0.4s
epoch  568 | loss 9.0586 | lr 1.48e-03 | 0.4s
epoch  569 | loss 9.0664 | lr 1.48e-03 | 0.4s
epoch  570 | loss 9.0558 | lr 1.48e-03 | 0.5s
epoch  571 | loss 9.0722 | lr 1.48e-03 | 0.5s
epoch  572 | loss 9.0361 | lr 1.48e-03 | 0.4s
epoch  573 | loss 9.0685 | lr 1.48e-03 | 0.4s
epoch  574 | loss 9.0300 | lr 1.48e-03 | 0.4s
epoch  575 | loss 9.0487 | lr 1.48e-03 | 0.4s
epoch  576 | loss 9.0482 | lr 1.48e-03 | 0.4s
epoch  577 | loss 9.0787 | lr 1.48e-03 | 0.4s
epoch  578 | loss 9.0283 | lr 1.48e-03 | 0.4s
epoch  579 | loss 9.0399 | lr 1.48e-03 | 0.5s
epoch  580 | loss 9.0375 | lr 1.48e-03 | 0.4s
epoch  581 | loss 8.9848 | lr 1.48e-03 | 0.4s
epoch  582 | loss 9.0265 | lr 1.48e-03 | 0.4s
epoch  583 | loss 9.0600 | lr 1.48e-03 | 0.4s
epoch  584 | loss 9.0530 | lr 1.48e-03 | 0.4s
epoch  585 | loss 9.0096 | lr 1.48e-03 | 0.4s
epoch  586 | loss 8.9957 | lr 1.48e-03 | 0.4s
epoch  587 | loss 9.0682 | lr 1.48e-03 | 0.4s
epoch  588 | loss 9.1001 | lr 1.48e-03 | 0.5s
epoch  589 | loss 9.0244 | lr 1.48e-03 | 0.4s
epoch  590 | loss 9.0099 | lr 1.48e-03 | 0.4s
epoch  591 | loss 9.0408 | lr 1.48e-03 | 0.4s
epoch  592 | loss 9.0396 | lr 1.48e-03 | 0.4s
epoch  593 | loss 9.0156 | lr 1.48e-03 | 0.4s
epoch  594 | loss 9.0231 | lr 1.48e-03 | 0.4s
epoch  595 | loss 9.0512 | lr 1.48e-03 | 0.4s
epoch  596 | loss 9.0075 | lr 1.48e-03 | 0.4s
epoch  597 | loss 9.0039 | lr 1.48e-03 | 0.4s
epoch  598 | loss 9.0295 | lr 1.48e-03 | 0.4s
epoch  599 | loss 9.0064 | lr 1.47e-03 | 0.4s
epoch  600 | loss 8.9895 | lr 1.47e-03 | 0.4s
epoch  601 | loss 9.0179 | lr 1.47e-03 | 0.4s
epoch  602 | loss 9.0350 | lr 1.47e-03 | 0.4s
epoch  603 | loss 9.0493 | lr 1.47e-03 | 0.4s
epoch  604 | loss 8.9967 | lr 1.47e-03 | 0.4s
epoch  605 | loss 9.0341 | lr 1.47e-03 | 0.4s
epoch  606 | loss 9.0362 | lr 1.47e-03 | 0.4s
epoch  607 | loss 8.9839 | lr 1.47e-03 | 0.4s
epoch  608 | loss 9.0283 | lr 1.47e-03 | 0.4s
epoch  609 | loss 8.9963 | lr 1.47e-03 | 0.4s
epoch  610 | loss 9.0176 | lr 1.47e-03 | 0.4s
epoch  611 | loss 8.9521 | lr 1.47e-03 | 0.4s
epoch  612 | loss 9.0538 | lr 1.47e-03 | 0.4s
epoch  613 | loss 9.0370 | lr 1.47e-03 | 0.4s
epoch  614 | loss 8.9870 | lr 1.47e-03 | 0.5s
epoch  615 | loss 8.9933 | lr 1.47e-03 | 0.5s
epoch  616 | loss 9.0054 | lr 1.47e-03 | 0.4s
epoch  617 | loss 8.9791 | lr 1.47e-03 | 0.4s
epoch  618 | loss 8.9923 | lr 1.47e-03 | 0.4s
epoch  619 | loss 8.9981 | lr 1.47e-03 | 0.4s
epoch  620 | loss 9.0863 | lr 1.47e-03 | 0.4s
epoch  621 | loss 9.0263 | lr 1.47e-03 | 0.4s
epoch  622 | loss 8.9708 | lr 1.47e-03 | 0.4s
epoch  623 | loss 9.0081 | lr 1.47e-03 | 0.5s
epoch  624 | loss 8.9554 | lr 1.47e-03 | 0.4s
epoch  625 | loss 8.9989 | lr 1.47e-03 | 0.5s
epoch  626 | loss 9.0813 | lr 1.47e-03 | 0.4s
epoch  627 | loss 8.9534 | lr 1.47e-03 | 0.4s
epoch  628 | loss 8.9646 | lr 1.47e-03 | 0.4s
epoch  629 | loss 9.0150 | lr 1.47e-03 | 0.4s
epoch  630 | loss 9.0011 | lr 1.47e-03 | 0.4s
epoch  631 | loss 8.9794 | lr 1.47e-03 | 0.4s
epoch  632 | loss 8.9860 | lr 1.47e-03 | 0.4s
epoch  633 | loss 8.9990 | lr 1.47e-03 | 0.4s
epoch  634 | loss 9.0168 | lr 1.46e-03 | 0.4s
epoch  635 | loss 8.9899 | lr 1.46e-03 | 0.4s
epoch  636 | loss 9.0588 | lr 1.46e-03 | 0.4s
epoch  637 | loss 9.0070 | lr 1.46e-03 | 0.4s
epoch  638 | loss 9.0124 | lr 1.46e-03 | 0.4s
epoch  639 | loss 8.9965 | lr 1.46e-03 | 0.4s
epoch  640 | loss 8.9904 | lr 1.46e-03 | 0.4s
epoch  641 | loss 9.0601 | lr 1.46e-03 | 0.4s
epoch  642 | loss 9.0380 | lr 1.46e-03 | 0.4s
epoch  643 | loss 9.0042 | lr 1.46e-03 | 0.4s
epoch  644 | loss 9.0323 | lr 1.46e-03 | 0.4s
epoch  645 | loss 8.9949 | lr 1.46e-03 | 0.4s
epoch  646 | loss 9.0167 | lr 1.46e-03 | 0.4s
epoch  647 | loss 9.0400 | lr 1.46e-03 | 0.4s
epoch  648 | loss 8.9833 | lr 1.46e-03 | 0.4s
epoch  649 | loss 8.9861 | lr 1.46e-03 | 0.4s
epoch  650 | loss 8.9733 | lr 1.46e-03 | 0.4s
epoch  651 | loss 8.9751 | lr 1.46e-03 | 0.4s
epoch  652 | loss 9.0008 | lr 1.46e-03 | 0.4s
epoch  653 | loss 8.9637 | lr 1.46e-03 | 0.5s
epoch  654 | loss 8.9935 | lr 1.46e-03 | 0.4s
epoch  655 | loss 9.0084 | lr 1.46e-03 | 0.4s
epoch  656 | loss 8.9602 | lr 1.46e-03 | 0.4s
epoch  657 | loss 8.9819 | lr 1.46e-03 | 0.4s
epoch  658 | loss 9.0243 | lr 1.46e-03 | 0.5s
epoch  659 | loss 9.0138 | lr 1.46e-03 | 0.4s
epoch  660 | loss 8.9734 | lr 1.46e-03 | 0.4s
epoch  661 | loss 9.0145 | lr 1.46e-03 | 0.4s
epoch  662 | loss 8.9310 | lr 1.46e-03 | 0.4s
epoch  663 | loss 8.9641 | lr 1.46e-03 | 0.4s
epoch  664 | loss 8.9533 | lr 1.46e-03 | 0.4s
epoch  665 | loss 8.9884 | lr 1.46e-03 | 0.4s
epoch  666 | loss 8.9792 | lr 1.46e-03 | 0.4s
epoch  667 | loss 9.0248 | lr 1.46e-03 | 0.4s
epoch  668 | loss 8.9869 | lr 1.45e-03 | 0.4s
epoch  669 | loss 8.9439 | lr 1.45e-03 | 0.4s
epoch  670 | loss 9.0218 | lr 1.45e-03 | 0.4s
epoch  671 | loss 8.9677 | lr 1.45e-03 | 0.4s
epoch  672 | loss 8.9977 | lr 1.45e-03 | 0.4s
epoch  673 | loss 9.0296 | lr 1.45e-03 | 0.4s
epoch  674 | loss 9.0444 | lr 1.45e-03 | 0.4s
epoch  675 | loss 8.9350 | lr 1.45e-03 | 0.4s
epoch  676 | loss 9.0110 | lr 1.45e-03 | 0.4s
epoch  677 | loss 9.0438 | lr 1.45e-03 | 0.4s
epoch  678 | loss 8.9820 | lr 1.45e-03 | 0.4s
epoch  679 | loss 8.9606 | lr 1.45e-03 | 0.4s
epoch  680 | loss 8.9773 | lr 1.45e-03 | 0.4s
epoch  681 | loss 8.9643 | lr 1.45e-03 | 0.4s
epoch  682 | loss 8.9733 | lr 1.45e-03 | 0.4s
epoch  683 | loss 8.9289 | lr 1.45e-03 | 0.4s
epoch  684 | loss 9.0092 | lr 1.45e-03 | 0.4s
epoch  685 | loss 8.9833 | lr 1.45e-03 | 0.4s
epoch  686 | loss 8.9593 | lr 1.45e-03 | 0.4s
epoch  687 | loss 8.9533 | lr 1.45e-03 | 0.4s
epoch  688 | loss 8.9666 | lr 1.45e-03 | 0.4s
epoch  689 | loss 8.9390 | lr 1.45e-03 | 0.5s
epoch  690 | loss 8.9626 | lr 1.45e-03 | 0.4s
epoch  691 | loss 8.9662 | lr 1.45e-03 | 0.4s
epoch  692 | loss 8.9362 | lr 1.45e-03 | 0.4s
epoch  693 | loss 8.9708 | lr 1.45e-03 | 0.4s
epoch  694 | loss 8.9926 | lr 1.45e-03 | 0.4s
epoch  695 | loss 8.9722 | lr 1.45e-03 | 0.4s
epoch  696 | loss 8.9681 | lr 1.45e-03 | 0.4s
epoch  697 | loss 9.0155 | lr 1.45e-03 | 0.4s
epoch  698 | loss 8.9679 | lr 1.45e-03 | 0.4s
epoch  699 | loss 8.9280 | lr 1.45e-03 | 0.4s
epoch  700 | loss 8.9442 | lr 1.44e-03 | 0.4s
epoch  701 | loss 8.9240 | lr 1.44e-03 | 0.4s
epoch  702 | loss 8.9680 | lr 1.44e-03 | 0.5s
epoch  703 | loss 8.9399 | lr 1.44e-03 | 0.4s
epoch  704 | loss 8.9811 | lr 1.44e-03 | 0.4s
epoch  705 | loss 8.9423 | lr 1.44e-03 | 0.4s
epoch  706 | loss 8.9045 | lr 1.44e-03 | 0.4s
epoch  707 | loss 8.9208 | lr 1.44e-03 | 0.5s
epoch  708 | loss 8.9456 | lr 1.44e-03 | 0.4s
epoch  709 | loss 8.9810 | lr 1.44e-03 | 0.4s
epoch  710 | loss 8.9765 | lr 1.44e-03 | 0.4s
epoch  711 | loss 8.9699 | lr 1.44e-03 | 0.4s
epoch  712 | loss 9.0001 | lr 1.44e-03 | 0.4s
epoch  713 | loss 8.9240 | lr 1.44e-03 | 0.4s
epoch  714 | loss 8.9663 | lr 1.44e-03 | 0.4s
epoch  715 | loss 8.9756 | lr 1.44e-03 | 0.4s
epoch  716 | loss 8.8964 | lr 1.44e-03 | 0.4s
epoch  717 | loss 8.9609 | lr 1.44e-03 | 0.4s
epoch  718 | loss 8.9359 | lr 1.44e-03 | 0.4s
epoch  719 | loss 8.9586 | lr 1.44e-03 | 0.5s
epoch  720 | loss 8.9291 | lr 1.44e-03 | 0.4s
epoch  721 | loss 8.9378 | lr 1.44e-03 | 0.4s
epoch  722 | loss 8.9188 | lr 1.44e-03 | 0.4s
epoch  723 | loss 8.9509 | lr 1.44e-03 | 0.4s
epoch  724 | loss 8.9780 | lr 1.44e-03 | 0.4s
epoch  725 | loss 8.9686 | lr 1.44e-03 | 0.4s
epoch  726 | loss 8.9525 | lr 1.44e-03 | 0.4s
epoch  727 | loss 8.9398 | lr 1.44e-03 | 0.4s
epoch  728 | loss 8.9299 | lr 1.44e-03 | 0.4s
epoch  729 | loss 8.9449 | lr 1.44e-03 | 0.4s
epoch  730 | loss 8.9321 | lr 1.43e-03 | 0.4s
epoch  731 | loss 8.9378 | lr 1.43e-03 | 0.4s
epoch  732 | loss 8.9444 | lr 1.43e-03 | 0.4s
epoch  733 | loss 8.9134 | lr 1.43e-03 | 0.4s
epoch  734 | loss 8.9448 | lr 1.43e-03 | 0.4s
epoch  735 | loss 8.9289 | lr 1.43e-03 | 0.4s
epoch  736 | loss 8.9476 | lr 1.43e-03 | 0.4s
epoch  737 | loss 8.9405 | lr 1.43e-03 | 0.4s
epoch  738 | loss 8.9510 | lr 1.43e-03 | 0.4s
epoch  739 | loss 8.9671 | lr 1.43e-03 | 0.4s
epoch  740 | loss 8.9474 | lr 1.43e-03 | 0.5s
epoch  741 | loss 8.9675 | lr 1.43e-03 | 0.4s
epoch  742 | loss 8.9425 | lr 1.43e-03 | 0.4s
epoch  743 | loss 8.9279 | lr 1.43e-03 | 0.4s
epoch  744 | loss 8.9546 | lr 1.43e-03 | 0.5s
epoch  745 | loss 9.0082 | lr 1.43e-03 | 0.4s
epoch  746 | loss 8.9704 | lr 1.43e-03 | 0.4s
epoch  747 | loss 8.9250 | lr 1.43e-03 | 0.4s
epoch  748 | loss 8.9151 | lr 1.43e-03 | 0.4s
epoch  749 | loss 8.9343 | lr 1.43e-03 | 0.4s
epoch  750 | loss 8.9199 | lr 1.43e-03 | 0.5s
epoch  751 | loss 8.9860 | lr 1.43e-03 | 0.4s
epoch  752 | loss 8.9481 | lr 1.43e-03 | 0.4s
epoch  753 | loss 8.9120 | lr 1.43e-03 | 0.4s
epoch  754 | loss 8.9172 | lr 1.43e-03 | 0.4s
epoch  755 | loss 8.9492 | lr 1.43e-03 | 0.5s
epoch  756 | loss 8.9336 | lr 1.43e-03 | 0.4s
epoch  757 | loss 8.9230 | lr 1.43e-03 | 0.4s
epoch  758 | loss 8.9612 | lr 1.43e-03 | 0.4s
epoch  759 | loss 8.9494 | lr 1.43e-03 | 0.4s
epoch  760 | loss 8.9297 | lr 1.42e-03 | 0.4s
epoch  761 | loss 8.8875 | lr 1.42e-03 | 0.4s
epoch  762 | loss 8.9933 | lr 1.42e-03 | 0.4s
epoch  763 | loss 8.9372 | lr 1.42e-03 | 0.4s
epoch  764 | loss 8.9396 | lr 1.42e-03 | 0.4s
epoch  765 | loss 8.9732 | lr 1.42e-03 | 0.4s
epoch  766 | loss 8.9725 | lr 1.42e-03 | 0.4s
epoch  767 | loss 8.9246 | lr 1.42e-03 | 0.5s
epoch  768 | loss 8.8772 | lr 1.42e-03 | 0.4s
epoch  769 | loss 8.9719 | lr 1.42e-03 | 0.4s
epoch  770 | loss 8.9686 | lr 1.42e-03 | 0.4s
epoch  771 | loss 8.9210 | lr 1.42e-03 | 0.4s
epoch  772 | loss 8.9411 | lr 1.42e-03 | 0.4s
epoch  773 | loss 8.9713 | lr 1.42e-03 | 0.4s
epoch  774 | loss 8.9221 | lr 1.42e-03 | 0.5s
epoch  775 | loss 8.9732 | lr 1.42e-03 | 0.5s
epoch  776 | loss 8.9493 | lr 1.42e-03 | 0.4s
epoch  777 | loss 8.9322 | lr 1.42e-03 | 0.4s
epoch  778 | loss 8.9174 | lr 1.42e-03 | 0.4s
epoch  779 | loss 8.9187 | lr 1.42e-03 | 0.4s
epoch  780 | loss 8.9337 | lr 1.42e-03 | 0.4s
epoch  781 | loss 8.8871 | lr 1.42e-03 | 0.4s
epoch  782 | loss 8.8848 | lr 1.42e-03 | 0.4s
epoch  783 | loss 8.9108 | lr 1.42e-03 | 0.4s
epoch  784 | loss 8.9240 | lr 1.42e-03 | 0.4s
epoch  785 | loss 8.9030 | lr 1.42e-03 | 0.4s
epoch  786 | loss 8.8936 | lr 1.42e-03 | 0.4s
epoch  787 | loss 8.9446 | lr 1.42e-03 | 0.4s
epoch  788 | loss 8.8886 | lr 1.41e-03 | 0.4s
epoch  789 | loss 8.9334 | lr 1.41e-03 | 0.4s
epoch  790 | loss 8.9402 | lr 1.41e-03 | 0.4s
epoch  791 | loss 8.9356 | lr 1.41e-03 | 0.4s
epoch  792 | loss 8.8647 | lr 1.41e-03 | 0.4s
epoch  793 | loss 8.9316 | lr 1.41e-03 | 0.4s
epoch  794 | loss 8.9009 | lr 1.41e-03 | 0.4s
epoch  795 | loss 8.9455 | lr 1.41e-03 | 0.4s
epoch  796 | loss 8.8850 | lr 1.41e-03 | 0.4s
epoch  797 | loss 8.9170 | lr 1.41e-03 | 0.4s
epoch  798 | loss 8.9327 | lr 1.41e-03 | 0.4s
epoch  799 | loss 8.8863 | lr 1.41e-03 | 0.4s
epoch  800 | loss 8.8851 | lr 1.41e-03 | 0.4s
epoch  801 | loss 8.8864 | lr 1.41e-03 | 0.4s
epoch  802 | loss 8.9140 | lr 1.41e-03 | 0.4s
epoch  803 | loss 8.9357 | lr 1.41e-03 | 0.4s
epoch  804 | loss 8.9010 | lr 1.41e-03 | 0.4s
epoch  805 | loss 8.9222 | lr 1.41e-03 | 0.4s
epoch  806 | loss 8.8648 | lr 1.41e-03 | 0.4s
epoch  807 | loss 8.8852 | lr 1.41e-03 | 0.4s
epoch  808 | loss 8.8829 | lr 1.41e-03 | 0.4s
epoch  809 | loss 8.9226 | lr 1.41e-03 | 0.4s
epoch  810 | loss 8.9918 | lr 1.41e-03 | 0.4s
epoch  811 | loss 8.9164 | lr 1.41e-03 | 0.4s
epoch  812 | loss 8.9285 | lr 1.41e-03 | 0.4s
epoch  813 | loss 8.8900 | lr 1.41e-03 | 0.4s
epoch  814 | loss 8.8896 | lr 1.41e-03 | 0.4s
epoch  815 | loss 8.8993 | lr 1.41e-03 | 0.4s
epoch  816 | loss 8.9126 | lr 1.40e-03 | 0.4s
epoch  817 | loss 8.8602 | lr 1.40e-03 | 0.4s
epoch  818 | loss 8.9519 | lr 1.40e-03 | 0.4s
epoch  819 | loss 8.9086 | lr 1.40e-03 | 0.4s
epoch  820 | loss 8.9015 | lr 1.40e-03 | 0.4s
epoch  821 | loss 8.8861 | lr 1.40e-03 | 0.4s
epoch  822 | loss 8.9207 | lr 1.40e-03 | 0.4s
epoch  823 | loss 8.9047 | lr 1.40e-03 | 0.4s
epoch  824 | loss 8.9197 | lr 1.40e-03 | 0.4s
epoch  825 | loss 8.9425 | lr 1.40e-03 | 0.4s
epoch  826 | loss 8.8782 | lr 1.40e-03 | 0.4s
epoch  827 | loss 8.8620 | lr 1.40e-03 | 0.4s
epoch  828 | loss 8.8642 | lr 1.40e-03 | 0.4s
epoch  829 | loss 8.9262 | lr 1.40e-03 | 0.4s
epoch  830 | loss 8.9020 | lr 1.40e-03 | 0.4s
epoch  831 | loss 8.8551 | lr 1.40e-03 | 0.4s
epoch  832 | loss 8.8911 | lr 1.40e-03 | 0.4s
epoch  833 | loss 8.8848 | lr 1.40e-03 | 0.4s
epoch  834 | loss 8.9011 | lr 1.40e-03 | 0.4s
epoch  835 | loss 8.9269 | lr 1.40e-03 | 0.4s
epoch  836 | loss 8.8465 | lr 1.40e-03 | 0.4s
epoch  837 | loss 8.9051 | lr 1.40e-03 | 0.4s
epoch  838 | loss 8.9097 | lr 1.40e-03 | 0.4s
epoch  839 | loss 8.8924 | lr 1.40e-03 | 0.4s
epoch  840 | loss 8.8872 | lr 1.40e-03 | 0.4s
epoch  841 | loss 8.8583 | lr 1.40e-03 | 0.4s
epoch  842 | loss 8.9027 | lr 1.40e-03 | 0.4s
epoch  843 | loss 8.9293 | lr 1.39e-03 | 0.4s
epoch  844 | loss 8.8547 | lr 1.39e-03 | 0.4s
epoch  845 | loss 8.8693 | lr 1.39e-03 | 0.4s
epoch  846 | loss 8.8925 | lr 1.39e-03 | 0.4s
epoch  847 | loss 8.9022 | lr 1.39e-03 | 0.4s
epoch  848 | loss 8.9760 | lr 1.39e-03 | 0.4s
epoch  849 | loss 8.8895 | lr 1.39e-03 | 0.4s
epoch  850 | loss 8.8802 | lr 1.39e-03 | 0.4s
epoch  851 | loss 8.9261 | lr 1.39e-03 | 0.4s
epoch  852 | loss 8.8767 | lr 1.39e-03 | 0.4s
epoch  853 | loss 8.8843 | lr 1.39e-03 | 0.4s
epoch  854 | loss 8.8717 | lr 1.39e-03 | 0.4s
epoch  855 | loss 8.8692 | lr 1.39e-03 | 0.4s
epoch  856 | loss 8.8951 | lr 1.39e-03 | 0.4s
epoch  857 | loss 8.9398 | lr 1.39e-03 | 0.4s
epoch  858 | loss 8.8591 | lr 1.39e-03 | 0.4s
epoch  859 | loss 8.8780 | lr 1.39e-03 | 0.4s
epoch  860 | loss 8.8723 | lr 1.39e-03 | 0.4s
epoch  861 | loss 8.9157 | lr 1.39e-03 | 0.4s
epoch  862 | loss 8.8905 | lr 1.39e-03 | 0.4s
epoch  863 | loss 8.8994 | lr 1.39e-03 | 0.4s
epoch  864 | loss 8.8970 | lr 1.39e-03 | 0.4s
epoch  865 | loss 8.8851 | lr 1.39e-03 | 0.4s
epoch  866 | loss 8.8884 | lr 1.39e-03 | 0.4s
epoch  867 | loss 8.8806 | lr 1.39e-03 | 0.4s
epoch  868 | loss 8.8757 | lr 1.39e-03 | 0.4s
epoch  869 | loss 8.9340 | lr 1.38e-03 | 0.4s
epoch  870 | loss 8.8873 | lr 1.38e-03 | 0.5s
epoch  871 | loss 8.9025 | lr 1.38e-03 | 0.4s
epoch  872 | loss 8.8969 | lr 1.38e-03 | 0.4s
epoch  873 | loss 8.8892 | lr 1.38e-03 | 0.4s
epoch  874 | loss 8.8509 | lr 1.38e-03 | 0.4s
epoch  875 | loss 8.8826 | lr 1.38e-03 | 0.4s
epoch  876 | loss 8.9135 | lr 1.38e-03 | 0.4s
epoch  877 | loss 8.9381 | lr 1.38e-03 | 0.4s
epoch  878 | loss 8.9063 | lr 1.38e-03 | 0.4s
epoch  879 | loss 8.8859 | lr 1.38e-03 | 0.4s
epoch  880 | loss 8.8319 | lr 1.38e-03 | 0.5s
epoch  881 | loss 8.8919 | lr 1.38e-03 | 0.4s
epoch  882 | loss 8.8749 | lr 1.38e-03 | 0.4s
epoch  883 | loss 8.8765 | lr 1.38e-03 | 0.4s
epoch  884 | loss 8.9357 | lr 1.38e-03 | 0.4s
epoch  885 | loss 8.8778 | lr 1.38e-03 | 0.4s
epoch  886 | loss 8.8663 | lr 1.38e-03 | 0.4s
epoch  887 | loss 8.8876 | lr 1.38e-03 | 0.4s
epoch  888 | loss 8.9240 | lr 1.38e-03 | 0.4s
epoch  889 | loss 8.8249 | lr 1.38e-03 | 0.4s
epoch  890 | loss 8.7946 | lr 1.38e-03 | 0.4s
epoch  891 | loss 8.8460 | lr 1.38e-03 | 0.4s
epoch  892 | loss 8.8448 | lr 1.38e-03 | 0.4s
epoch  893 | loss 8.8281 | lr 1.38e-03 | 0.4s
epoch  894 | loss 8.8699 | lr 1.38e-03 | 0.4s
epoch  895 | loss 8.9059 | lr 1.37e-03 | 0.4s
epoch  896 | loss 8.8549 | lr 1.37e-03 | 0.4s
epoch  897 | loss 8.8855 | lr 1.37e-03 | 0.4s
epoch  898 | loss 8.9168 | lr 1.37e-03 | 0.4s
epoch  899 | loss 8.8454 | lr 1.37e-03 | 0.4s
epoch  900 | loss 8.8656 | lr 1.37e-03 | 0.4s
epoch  901 | loss 8.9110 | lr 1.37e-03 | 0.5s
epoch  902 | loss 8.8316 | lr 1.37e-03 | 0.4s
epoch  903 | loss 8.8757 | lr 1.37e-03 | 0.4s
epoch  904 | loss 8.8844 | lr 1.37e-03 | 0.4s
epoch  905 | loss 8.8471 | lr 1.37e-03 | 0.4s
epoch  906 | loss 8.8404 | lr 1.37e-03 | 0.4s
epoch  907 | loss 8.8453 | lr 1.37e-03 | 0.4s
epoch  908 | loss 8.8629 | lr 1.37e-03 | 0.4s
epoch  909 | loss 8.8375 | lr 1.37e-03 | 0.4s
epoch  910 | loss 8.7987 | lr 1.37e-03 | 0.4s
epoch  911 | loss 8.8405 | lr 1.37e-03 | 0.4s
epoch  912 | loss 8.8218 | lr 1.37e-03 | 0.4s
epoch  913 | loss 8.8447 | lr 1.37e-03 | 0.5s
epoch  914 | loss 8.9203 | lr 1.37e-03 | 0.5s
epoch  915 | loss 8.8809 | lr 1.37e-03 | 0.5s
epoch  916 | loss 8.8809 | lr 1.37e-03 | 0.5s
epoch  917 | loss 8.8647 | lr 1.37e-03 | 0.4s
epoch  918 | loss 8.8368 | lr 1.37e-03 | 0.4s
epoch  919 | loss 8.8525 | lr 1.37e-03 | 0.4s
epoch  920 | loss 8.8661 | lr 1.36e-03 | 0.4s
epoch  921 | loss 8.8453 | lr 1.36e-03 | 0.4s
epoch  922 | loss 8.8974 | lr 1.36e-03 | 0.4s
epoch  923 | loss 8.8935 | lr 1.36e-03 | 0.4s
epoch  924 | loss 8.8871 | lr 1.36e-03 | 0.4s
epoch  925 | loss 8.8289 | lr 1.36e-03 | 0.4s
epoch  926 | loss 8.8765 | lr 1.36e-03 | 0.4s
epoch  927 | loss 8.8735 | lr 1.36e-03 | 0.4s
epoch  928 | loss 8.8557 | lr 1.36e-03 | 0.4s
epoch  929 | loss 8.8627 | lr 1.36e-03 | 0.4s
epoch  930 | loss 8.9031 | lr 1.36e-03 | 0.4s
epoch  931 | loss 8.8439 | lr 1.36e-03 | 0.5s
epoch  932 | loss 8.8709 | lr 1.36e-03 | 0.4s
epoch  933 | loss 8.8696 | lr 1.36e-03 | 0.4s
epoch  934 | loss 8.8778 | lr 1.36e-03 | 0.5s
epoch  935 | loss 8.8539 | lr 1.36e-03 | 0.4s
epoch  936 | loss 8.8228 | lr 1.36e-03 | 0.4s
epoch  937 | loss 8.8078 | lr 1.36e-03 | 0.4s
epoch  938 | loss 8.8413 | lr 1.36e-03 | 0.4s
epoch  939 | loss 8.8862 | lr 1.36e-03 | 0.4s
epoch  940 | loss 8.8532 | lr 1.36e-03 | 0.5s
epoch  941 | loss 8.8961 | lr 1.36e-03 | 0.4s
epoch  942 | loss 8.9178 | lr 1.36e-03 | 0.4s
epoch  943 | loss 8.8181 | lr 1.36e-03 | 0.4s
epoch  944 | loss 8.8323 | lr 1.35e-03 | 0.4s
epoch  945 | loss 8.8214 | lr 1.35e-03 | 0.4s
epoch  946 | loss 8.8218 | lr 1.35e-03 | 0.4s
epoch  947 | loss 8.8402 | lr 1.35e-03 | 0.4s
epoch  948 | loss 8.8199 | lr 1.35e-03 | 0.4s
epoch  949 | loss 8.8489 | lr 1.35e-03 | 0.4s
epoch  950 | loss 8.8858 | lr 1.35e-03 | 0.4s
epoch  951 | loss 8.8788 | lr 1.35e-03 | 0.4s
epoch  952 | loss 8.8578 | lr 1.35e-03 | 0.4s
epoch  953 | loss 8.8351 | lr 1.35e-03 | 0.4s
epoch  954 | loss 8.8629 | lr 1.35e-03 | 0.4s
epoch  955 | loss 8.8140 | lr 1.35e-03 | 0.4s
epoch  956 | loss 8.8606 | lr 1.35e-03 | 0.4s
epoch  957 | loss 8.8500 | lr 1.35e-03 | 0.4s
epoch  958 | loss 8.8431 | lr 1.35e-03 | 0.4s
epoch  959 | loss 8.8566 | lr 1.35e-03 | 0.5s
epoch  960 | loss 8.8378 | lr 1.35e-03 | 0.4s
epoch  961 | loss 8.8646 | lr 1.35e-03 | 0.4s
epoch  962 | loss 8.8153 | lr 1.35e-03 | 0.4s
epoch  963 | loss 8.8327 | lr 1.35e-03 | 0.4s
epoch  964 | loss 8.7957 | lr 1.35e-03 | 0.5s
epoch  965 | loss 8.8068 | lr 1.35e-03 | 0.5s
epoch  966 | loss 8.8354 | lr 1.35e-03 | 0.5s
epoch  967 | loss 8.8339 | lr 1.35e-03 | 0.4s
epoch  968 | loss 8.8533 | lr 1.34e-03 | 0.4s
epoch  969 | loss 8.8273 | lr 1.34e-03 | 0.4s
epoch  970 | loss 8.8776 | lr 1.34e-03 | 0.4s
epoch  971 | loss 8.8438 | lr 1.34e-03 | 0.4s
epoch  972 | loss 8.8239 | lr 1.34e-03 | 0.4s
epoch  973 | loss 8.8731 | lr 1.34e-03 | 0.4s
epoch  974 | loss 8.8238 | lr 1.34e-03 | 0.4s
epoch  975 | loss 8.8323 | lr 1.34e-03 | 0.5s
epoch  976 | loss 8.8869 | lr 1.34e-03 | 0.4s
epoch  977 | loss 8.8406 | lr 1.34e-03 | 0.4s
epoch  978 | loss 8.8766 | lr 1.34e-03 | 0.4s
epoch  979 | loss 8.8354 | lr 1.34e-03 | 0.4s
epoch  980 | loss 8.8258 | lr 1.34e-03 | 0.4s
epoch  981 | loss 8.8477 | lr 1.34e-03 | 0.4s
epoch  982 | loss 8.8393 | lr 1.34e-03 | 0.4s
epoch  983 | loss 8.8572 | lr 1.34e-03 | 0.4s
epoch  984 | loss 8.7902 | lr 1.34e-03 | 0.4s
epoch  985 | loss 8.8664 | lr 1.34e-03 | 0.4s
epoch  986 | loss 8.8298 | lr 1.34e-03 | 0.4s
epoch  987 | loss 8.8059 | lr 1.34e-03 | 0.4s
epoch  988 | loss 8.8651 | lr 1.34e-03 | 0.4s
epoch  989 | loss 8.7908 | lr 1.34e-03 | 0.4s
epoch  990 | loss 8.8356 | lr 1.34e-03 | 0.4s
epoch  991 | loss 8.7986 | lr 1.33e-03 | 0.4s
epoch  992 | loss 8.8371 | lr 1.33e-03 | 0.5s
epoch  993 | loss 8.8119 | lr 1.33e-03 | 0.4s
epoch  994 | loss 8.8044 | lr 1.33e-03 | 0.4s
epoch  995 | loss 8.8748 | lr 1.33e-03 | 0.4s
epoch  996 | loss 8.8775 | lr 1.33e-03 | 0.4s
epoch  997 | loss 8.8319 | lr 1.33e-03 | 0.4s
epoch  998 | loss 8.7936 | lr 1.33e-03 | 0.4s
epoch  999 | loss 8.8074 | lr 1.33e-03 | 0.4s
epoch 1000 | loss 8.8782 | lr 1.33e-03 | 0.4s
epoch 1001 | loss 8.8111 | lr 1.33e-03 | 0.4s
epoch 1002 | loss 8.8193 | lr 1.33e-03 | 0.4s
epoch 1003 | loss 8.8431 | lr 1.33e-03 | 0.4s
epoch 1004 | loss 8.8255 | lr 1.33e-03 | 0.4s
epoch 1005 | loss 8.8028 | lr 1.33e-03 | 0.4s
epoch 1006 | loss 8.8600 | lr 1.33e-03 | 0.4s
epoch 1007 | loss 8.8113 | lr 1.33e-03 | 0.4s
epoch 1008 | loss 8.7639 | lr 1.33e-03 | 0.4s
epoch 1009 | loss 8.7899 | lr 1.33e-03 | 0.4s
epoch 1010 | loss 8.8199 | lr 1.33e-03 | 0.4s
epoch 1011 | loss 8.8268 | lr 1.33e-03 | 0.4s
epoch 1012 | loss 8.8597 | lr 1.33e-03 | 0.4s
epoch 1013 | loss 8.8600 | lr 1.33e-03 | 0.4s
epoch 1014 | loss 8.8098 | lr 1.33e-03 | 0.4s
epoch 1015 | loss 8.8366 | lr 1.32e-03 | 0.4s
epoch 1016 | loss 8.8104 | lr 1.32e-03 | 0.4s
epoch 1017 | loss 8.8209 | lr 1.32e-03 | 0.4s
epoch 1018 | loss 8.8717 | lr 1.32e-03 | 0.5s
epoch 1019 | loss 8.8750 | lr 1.32e-03 | 0.5s
epoch 1020 | loss 8.7992 | lr 1.32e-03 | 0.5s
epoch 1021 | loss 8.7840 | lr 1.32e-03 | 0.4s
epoch 1022 | loss 8.8775 | lr 1.32e-03 | 0.5s
epoch 1023 | loss 8.8295 | lr 1.32e-03 | 0.5s
epoch 1024 | loss 8.7439 | lr 1.32e-03 | 0.4s
epoch 1025 | loss 8.8537 | lr 1.32e-03 | 0.4s
epoch 1026 | loss 8.8471 | lr 1.32e-03 | 0.5s
epoch 1027 | loss 8.8290 | lr 1.32e-03 | 0.5s
epoch 1028 | loss 8.8180 | lr 1.32e-03 | 0.4s
epoch 1029 | loss 8.8177 | lr 1.32e-03 | 0.5s
epoch 1030 | loss 8.8183 | lr 1.32e-03 | 0.5s
epoch 1031 | loss 8.8273 | lr 1.32e-03 | 0.4s
epoch 1032 | loss 8.8174 | lr 1.32e-03 | 0.4s
epoch 1033 | loss 8.7917 | lr 1.32e-03 | 0.4s
epoch 1034 | loss 8.8129 | lr 1.32e-03 | 0.5s
epoch 1035 | loss 8.8006 | lr 1.32e-03 | 0.4s
epoch 1036 | loss 8.8556 | lr 1.32e-03 | 0.5s
epoch 1037 | loss 8.8172 | lr 1.31e-03 | 0.5s
epoch 1038 | loss 8.8375 | lr 1.31e-03 | 0.5s
epoch 1039 | loss 8.7960 | lr 1.31e-03 | 0.4s
epoch 1040 | loss 8.7972 | lr 1.31e-03 | 0.4s
epoch 1041 | loss 8.7727 | lr 1.31e-03 | 0.4s
epoch 1042 | loss 8.7568 | lr 1.31e-03 | 0.4s
epoch 1043 | loss 8.8201 | lr 1.31e-03 | 0.5s
epoch 1044 | loss 8.8616 | lr 1.31e-03 | 0.4s
epoch 1045 | loss 8.8245 | lr 1.31e-03 | 0.5s
epoch 1046 | loss 8.7948 | lr 1.31e-03 | 0.4s
epoch 1047 | loss 8.7492 | lr 1.31e-03 | 0.4s
epoch 1048 | loss 8.8216 | lr 1.31e-03 | 0.5s
epoch 1049 | loss 8.8589 | lr 1.31e-03 | 0.4s
epoch 1050 | loss 8.7806 | lr 1.31e-03 | 0.4s
epoch 1051 | loss 8.7824 | lr 1.31e-03 | 0.4s
epoch 1052 | loss 8.8186 | lr 1.31e-03 | 0.4s
epoch 1053 | loss 8.8295 | lr 1.31e-03 | 0.4s
epoch 1054 | loss 8.7813 | lr 1.31e-03 | 0.4s
epoch 1055 | loss 8.7896 | lr 1.31e-03 | 0.5s
epoch 1056 | loss 8.7585 | lr 1.31e-03 | 0.5s
epoch 1057 | loss 8.7897 | lr 1.31e-03 | 0.5s
epoch 1058 | loss 8.8628 | lr 1.31e-03 | 0.5s
epoch 1059 | loss 8.8121 | lr 1.30e-03 | 0.4s
epoch 1060 | loss 8.8284 | lr 1.30e-03 | 0.5s
epoch 1061 | loss 8.8586 | lr 1.30e-03 | 0.4s
epoch 1062 | loss 8.8243 | lr 1.30e-03 | 0.4s
epoch 1063 | loss 8.8238 | lr 1.30e-03 | 0.5s
epoch 1064 | loss 8.8405 | lr 1.30e-03 | 0.5s
epoch 1065 | loss 8.8157 | lr 1.30e-03 | 0.4s
epoch 1066 | loss 8.8136 | lr 1.30e-03 | 0.4s
epoch 1067 | loss 8.8436 | lr 1.30e-03 | 0.4s
epoch 1068 | loss 8.7461 | lr 1.30e-03 | 0.5s
epoch 1069 | loss 8.8478 | lr 1.30e-03 | 0.5s
epoch 1070 | loss 8.7984 | lr 1.30e-03 | 0.5s
epoch 1071 | loss 8.7830 | lr 1.30e-03 | 0.5s
epoch 1072 | loss 8.8276 | lr 1.30e-03 | 0.5s
epoch 1073 | loss 8.7571 | lr 1.30e-03 | 0.5s
epoch 1074 | loss 8.8100 | lr 1.30e-03 | 0.5s
epoch 1075 | loss 8.7596 | lr 1.30e-03 | 0.5s
epoch 1076 | loss 8.9229 | lr 1.30e-03 | 0.5s
epoch 1077 | loss 8.8391 | lr 1.30e-03 | 0.5s
epoch 1078 | loss 8.8243 | lr 1.30e-03 | 0.5s
epoch 1079 | loss 8.7568 | lr 1.30e-03 | 0.5s
epoch 1080 | loss 8.7305 | lr 1.30e-03 | 0.5s
epoch 1081 | loss 8.8498 | lr 1.29e-03 | 0.5s
epoch 1082 | loss 8.7516 | lr 1.29e-03 | 0.5s
epoch 1083 | loss 8.7942 | lr 1.29e-03 | 0.5s
epoch 1084 | loss 8.8305 | lr 1.29e-03 | 0.4s
epoch 1085 | loss 8.7918 | lr 1.29e-03 | 0.4s
epoch 1086 | loss 8.8273 | lr 1.29e-03 | 0.5s
epoch 1087 | loss 8.7778 | lr 1.29e-03 | 0.5s
epoch 1088 | loss 8.8530 | lr 1.29e-03 | 0.5s
epoch 1089 | loss 8.7509 | lr 1.29e-03 | 0.5s
epoch 1090 | loss 8.8594 | lr 1.29e-03 | 0.5s
epoch 1091 | loss 8.8299 | lr 1.29e-03 | 0.5s
epoch 1092 | loss 8.7911 | lr 1.29e-03 | 0.4s
epoch 1093 | loss 8.7227 | lr 1.29e-03 | 0.5s
epoch 1094 | loss 8.7869 | lr 1.29e-03 | 0.5s
epoch 1095 | loss 8.7831 | lr 1.29e-03 | 0.4s
epoch 1096 | loss 8.7997 | lr 1.29e-03 | 0.4s
epoch 1097 | loss 8.8135 | lr 1.29e-03 | 0.4s
epoch 1098 | loss 8.8028 | lr 1.29e-03 | 0.4s
epoch 1099 | loss 8.7958 | lr 1.29e-03 | 0.4s
epoch 1100 | loss 8.8164 | lr 1.29e-03 | 0.4s
epoch 1101 | loss 8.8378 | lr 1.29e-03 | 0.4s
epoch 1102 | loss 8.8229 | lr 1.29e-03 | 0.4s
epoch 1103 | loss 8.7649 | lr 1.28e-03 | 0.4s
epoch 1104 | loss 8.7975 | lr 1.28e-03 | 0.4s
epoch 1105 | loss 8.8161 | lr 1.28e-03 | 0.4s
epoch 1106 | loss 8.8093 | lr 1.28e-03 | 0.4s
epoch 1107 | loss 8.8102 | lr 1.28e-03 | 0.4s
epoch 1108 | loss 8.8176 | lr 1.28e-03 | 0.5s
epoch 1109 | loss 8.7632 | lr 1.28e-03 | 0.4s
epoch 1110 | loss 8.7961 | lr 1.28e-03 | 0.4s
epoch 1111 | loss 8.7924 | lr 1.28e-03 | 0.5s
epoch 1112 | loss 8.7570 | lr 1.28e-03 | 0.4s
epoch 1113 | loss 8.7657 | lr 1.28e-03 | 0.4s
epoch 1114 | loss 8.7938 | lr 1.28e-03 | 0.4s
epoch 1115 | loss 8.7708 | lr 1.28e-03 | 0.4s
epoch 1116 | loss 8.7799 | lr 1.28e-03 | 0.5s
epoch 1117 | loss 8.7890 | lr 1.28e-03 | 0.5s
epoch 1118 | loss 8.7797 | lr 1.28e-03 | 0.5s
epoch 1119 | loss 8.8016 | lr 1.28e-03 | 0.5s
epoch 1120 | loss 8.7391 | lr 1.28e-03 | 0.5s
epoch 1121 | loss 8.7371 | lr 1.28e-03 | 0.4s
epoch 1122 | loss 8.7824 | lr 1.28e-03 | 0.5s
epoch 1123 | loss 8.7902 | lr 1.28e-03 | 0.4s
epoch 1124 | loss 8.8240 | lr 1.27e-03 | 0.4s
epoch 1125 | loss 8.8075 | lr 1.27e-03 | 0.4s
epoch 1126 | loss 8.8050 | lr 1.27e-03 | 0.5s
epoch 1127 | loss 8.7836 | lr 1.27e-03 | 0.4s
epoch 1128 | loss 8.7797 | lr 1.27e-03 | 0.4s
epoch 1129 | loss 8.7873 | lr 1.27e-03 | 0.4s
epoch 1130 | loss 8.8248 | lr 1.27e-03 | 0.4s
epoch 1131 | loss 8.7976 | lr 1.27e-03 | 0.5s
epoch 1132 | loss 8.8245 | lr 1.27e-03 | 0.5s
epoch 1133 | loss 8.8135 | lr 1.27e-03 | 0.5s
epoch 1134 | loss 8.8201 | lr 1.27e-03 | 0.4s
epoch 1135 | loss 8.8011 | lr 1.27e-03 | 0.4s
epoch 1136 | loss 8.7790 | lr 1.27e-03 | 0.4s
epoch 1137 | loss 8.8043 | lr 1.27e-03 | 0.4s
epoch 1138 | loss 8.7945 | lr 1.27e-03 | 0.5s
epoch 1139 | loss 8.7820 | lr 1.27e-03 | 0.4s
epoch 1140 | loss 8.8012 | lr 1.27e-03 | 0.5s
epoch 1141 | loss 8.7972 | lr 1.27e-03 | 0.4s
epoch 1142 | loss 8.7787 | lr 1.27e-03 | 0.4s
epoch 1143 | loss 8.8185 | lr 1.27e-03 | 0.4s
epoch 1144 | loss 8.7673 | lr 1.27e-03 | 0.4s
epoch 1145 | loss 8.8170 | lr 1.26e-03 | 0.4s
epoch 1146 | loss 8.8173 | lr 1.26e-03 | 0.4s
epoch 1147 | loss 8.7819 | lr 1.26e-03 | 0.4s
epoch 1148 | loss 8.8000 | lr 1.26e-03 | 0.4s
epoch 1149 | loss 8.7422 | lr 1.26e-03 | 0.4s
epoch 1150 | loss 8.7732 | lr 1.26e-03 | 0.4s
epoch 1151 | loss 8.7552 | lr 1.26e-03 | 0.4s
epoch 1152 | loss 8.7981 | lr 1.26e-03 | 0.4s
epoch 1153 | loss 8.7372 | lr 1.26e-03 | 0.4s
epoch 1154 | loss 8.8243 | lr 1.26e-03 | 0.4s
epoch 1155 | loss 8.7868 | lr 1.26e-03 | 0.4s
epoch 1156 | loss 8.7390 | lr 1.26e-03 | 0.5s
epoch 1157 | loss 8.7631 | lr 1.26e-03 | 0.4s
epoch 1158 | loss 8.7976 | lr 1.26e-03 | 0.4s
epoch 1159 | loss 8.8020 | lr 1.26e-03 | 0.5s
epoch 1160 | loss 8.8047 | lr 1.26e-03 | 0.4s
epoch 1161 | loss 8.8020 | lr 1.26e-03 | 0.4s
epoch 1162 | loss 8.8076 | lr 1.26e-03 | 0.4s
epoch 1163 | loss 8.7388 | lr 1.26e-03 | 0.4s
epoch 1164 | loss 8.7895 | lr 1.26e-03 | 0.4s
epoch 1165 | loss 8.7574 | lr 1.26e-03 | 0.4s
epoch 1166 | loss 8.7651 | lr 1.25e-03 | 0.4s
epoch 1167 | loss 8.7630 | lr 1.25e-03 | 0.4s
epoch 1168 | loss 8.7623 | lr 1.25e-03 | 0.4s
epoch 1169 | loss 8.7614 | lr 1.25e-03 | 0.4s
epoch 1170 | loss 8.8137 | lr 1.25e-03 | 0.4s
epoch 1171 | loss 8.8192 | lr 1.25e-03 | 0.4s
epoch 1172 | loss 8.7665 | lr 1.25e-03 | 0.4s
epoch 1173 | loss 8.7769 | lr 1.25e-03 | 0.4s
epoch 1174 | loss 8.8107 | lr 1.25e-03 | 0.4s
epoch 1175 | loss 8.7765 | lr 1.25e-03 | 0.4s
epoch 1176 | loss 8.7574 | lr 1.25e-03 | 0.5s
epoch 1177 | loss 8.7597 | lr 1.25e-03 | 0.5s
epoch 1178 | loss 8.7635 | lr 1.25e-03 | 0.4s
epoch 1179 | loss 8.7971 | lr 1.25e-03 | 0.4s
epoch 1180 | loss 8.7598 | lr 1.25e-03 | 0.4s
epoch 1181 | loss 8.7013 | lr 1.25e-03 | 0.4s
epoch 1182 | loss 8.7318 | lr 1.25e-03 | 0.4s
epoch 1183 | loss 8.7508 | lr 1.25e-03 | 0.4s
epoch 1184 | loss 8.8000 | lr 1.25e-03 | 0.4s
epoch 1185 | loss 8.8018 | lr 1.25e-03 | 0.4s
epoch 1186 | loss 8.7428 | lr 1.24e-03 | 0.4s
epoch 1187 | loss 8.7672 | lr 1.24e-03 | 0.4s
epoch 1188 | loss 8.7872 | lr 1.24e-03 | 0.4s
epoch 1189 | loss 8.7897 | lr 1.24e-03 | 0.4s
epoch 1190 | loss 8.7315 | lr 1.24e-03 | 0.4s
epoch 1191 | loss 8.7697 | lr 1.24e-03 | 0.4s
epoch 1192 | loss 8.7557 | lr 1.24e-03 | 0.4s
epoch 1193 | loss 8.7694 | lr 1.24e-03 | 0.4s
epoch 1194 | loss 8.7806 | lr 1.24e-03 | 0.4s
epoch 1195 | loss 8.7493 | lr 1.24e-03 | 0.4s
epoch 1196 | loss 8.7834 | lr 1.24e-03 | 0.4s
epoch 1197 | loss 8.7692 | lr 1.24e-03 | 0.4s
epoch 1198 | loss 8.7581 | lr 1.24e-03 | 0.4s
epoch 1199 | loss 8.7834 | lr 1.24e-03 | 0.4s
epoch 1200 | loss 8.7697 | lr 1.24e-03 | 0.4s
epoch 1201 | loss 8.7560 | lr 1.24e-03 | 0.4s
epoch 1202 | loss 8.7785 | lr 1.24e-03 | 0.4s
epoch 1203 | loss 8.7824 | lr 1.24e-03 | 0.4s
epoch 1204 | loss 8.7815 | lr 1.24e-03 | 0.4s
epoch 1205 | loss 8.7767 | lr 1.24e-03 | 0.4s
epoch 1206 | loss 8.7974 | lr 1.23e-03 | 0.4s
epoch 1207 | loss 8.7437 | lr 1.23e-03 | 0.4s
epoch 1208 | loss 8.7634 | lr 1.23e-03 | 0.5s
epoch 1209 | loss 8.7912 | lr 1.23e-03 | 0.5s
epoch 1210 | loss 8.7792 | lr 1.23e-03 | 0.6s
epoch 1211 | loss 8.7719 | lr 1.23e-03 | 0.6s
epoch 1212 | loss 8.7580 | lr 1.23e-03 | 0.7s
epoch 1213 | loss 8.7922 | lr 1.23e-03 | 0.7s
epoch 1214 | loss 8.7567 | lr 1.23e-03 | 0.7s
epoch 1215 | loss 8.7282 | lr 1.23e-03 | 0.8s
epoch 1216 | loss 8.7510 | lr 1.23e-03 | 1.0s
epoch 1217 | loss 8.7826 | lr 1.23e-03 | 0.6s
epoch 1218 | loss 8.7623 | lr 1.23e-03 | 0.6s
epoch 1219 | loss 8.7529 | lr 1.23e-03 | 0.6s
epoch 1220 | loss 8.8421 | lr 1.23e-03 | 0.6s
epoch 1221 | loss 8.7935 | lr 1.23e-03 | 0.6s
epoch 1222 | loss 8.7372 | lr 1.23e-03 | 0.6s
epoch 1223 | loss 8.7381 | lr 1.23e-03 | 0.6s
epoch 1224 | loss 8.7475 | lr 1.23e-03 | 0.6s
epoch 1225 | loss 8.7681 | lr 1.23e-03 | 0.6s
epoch 1226 | loss 8.7451 | lr 1.22e-03 | 0.8s
epoch 1227 | loss 8.7432 | lr 1.22e-03 | 0.6s
epoch 1228 | loss 8.7744 | lr 1.22e-03 | 0.6s
epoch 1229 | loss 8.7168 | lr 1.22e-03 | 0.6s
epoch 1230 | loss 8.7256 | lr 1.22e-03 | 0.6s
epoch 1231 | loss 8.7842 | lr 1.22e-03 | 0.7s
epoch 1232 | loss 8.7905 | lr 1.22e-03 | 0.7s
epoch 1233 | loss 8.8026 | lr 1.22e-03 | 0.6s
epoch 1234 | loss 8.7186 | lr 1.22e-03 | 0.7s
epoch 1235 | loss 8.7322 | lr 1.22e-03 | 0.6s
epoch 1236 | loss 8.7716 | lr 1.22e-03 | 0.7s
epoch 1237 | loss 8.7013 | lr 1.22e-03 | 0.6s
epoch 1238 | loss 8.7963 | lr 1.22e-03 | 0.6s
epoch 1239 | loss 8.7822 | lr 1.22e-03 | 0.6s
epoch 1240 | loss 8.7715 | lr 1.22e-03 | 0.6s
epoch 1241 | loss 8.7555 | lr 1.22e-03 | 0.6s
epoch 1242 | loss 8.7251 | lr 1.22e-03 | 0.6s
epoch 1243 | loss 8.7301 | lr 1.22e-03 | 0.6s
epoch 1244 | loss 8.7838 | lr 1.22e-03 | 0.6s
epoch 1245 | loss 8.7118 | lr 1.22e-03 | 0.6s
epoch 1246 | loss 8.7192 | lr 1.21e-03 | 0.5s
epoch 1247 | loss 8.8256 | lr 1.21e-03 | 0.6s
epoch 1248 | loss 8.7813 | lr 1.21e-03 | 0.6s
epoch 1249 | loss 8.7335 | lr 1.21e-03 | 0.7s
epoch 1250 | loss 8.7484 | lr 1.21e-03 | 0.6s
epoch 1251 | loss 8.7740 | lr 1.21e-03 | 0.6s
epoch 1252 | loss 8.7637 | lr 1.21e-03 | 0.6s
epoch 1253 | loss 8.7357 | lr 1.21e-03 | 0.6s
epoch 1254 | loss 8.7355 | lr 1.21e-03 | 0.6s
epoch 1255 | loss 8.7527 | lr 1.21e-03 | 0.7s
epoch 1256 | loss 8.7389 | lr 1.21e-03 | 0.6s
epoch 1257 | loss 8.7389 | lr 1.21e-03 | 0.6s
epoch 1258 | loss 8.8013 | lr 1.21e-03 | 0.7s
epoch 1259 | loss 8.7446 | lr 1.21e-03 | 0.6s
epoch 1260 | loss 8.7580 | lr 1.21e-03 | 0.7s
epoch 1261 | loss 8.7439 | lr 1.21e-03 | 0.7s
epoch 1262 | loss 8.7475 | lr 1.21e-03 | 0.6s
epoch 1263 | loss 8.7838 | lr 1.21e-03 | 0.6s
epoch 1264 | loss 8.7254 | lr 1.21e-03 | 0.6s
epoch 1265 | loss 8.7466 | lr 1.21e-03 | 0.6s
epoch 1266 | loss 8.7840 | lr 1.20e-03 | 0.6s
epoch 1267 | loss 8.7679 | lr 1.20e-03 | 0.6s
epoch 1268 | loss 8.7609 | lr 1.20e-03 | 0.6s
epoch 1269 | loss 8.7884 | lr 1.20e-03 | 0.6s
epoch 1270 | loss 8.7760 | lr 1.20e-03 | 0.6s
epoch 1271 | loss 8.7457 | lr 1.20e-03 | 0.6s
epoch 1272 | loss 8.7229 | lr 1.20e-03 | 0.6s
epoch 1273 | loss 8.7535 | lr 1.20e-03 | 0.6s
epoch 1274 | loss 8.7495 | lr 1.20e-03 | 0.6s
epoch 1275 | loss 8.7931 | lr 1.20e-03 | 0.6s
epoch 1276 | loss 8.7313 | lr 1.20e-03 | 0.6s
epoch 1277 | loss 8.7737 | lr 1.20e-03 | 0.6s
epoch 1278 | loss 8.7492 | lr 1.20e-03 | 0.6s
epoch 1279 | loss 8.7492 | lr 1.20e-03 | 0.6s
epoch 1280 | loss 8.7697 | lr 1.20e-03 | 0.6s
epoch 1281 | loss 8.7574 | lr 1.20e-03 | 0.6s
epoch 1282 | loss 8.7485 | lr 1.20e-03 | 0.6s
epoch 1283 | loss 8.7243 | lr 1.20e-03 | 0.6s
epoch 1284 | loss 8.7328 | lr 1.20e-03 | 0.6s
epoch 1285 | loss 8.7439 | lr 1.19e-03 | 0.7s
epoch 1286 | loss 8.7545 | lr 1.19e-03 | 0.6s
epoch 1287 | loss 8.6869 | lr 1.19e-03 | 0.6s
epoch 1288 | loss 8.7898 | lr 1.19e-03 | 0.6s
epoch 1289 | loss 8.7467 | lr 1.19e-03 | 0.6s
epoch 1290 | loss 8.7591 | lr 1.19e-03 | 0.7s
epoch 1291 | loss 8.7082 | lr 1.19e-03 | 0.6s
epoch 1292 | loss 8.7434 | lr 1.19e-03 | 0.6s
epoch 1293 | loss 8.7725 | lr 1.19e-03 | 0.6s
epoch 1294 | loss 8.7200 | lr 1.19e-03 | 0.6s
epoch 1295 | loss 8.7163 | lr 1.19e-03 | 0.6s
epoch 1296 | loss 8.7519 | lr 1.19e-03 | 0.6s
epoch 1297 | loss 8.7446 | lr 1.19e-03 | 0.6s
epoch 1298 | loss 8.7936 | lr 1.19e-03 | 0.6s
epoch 1299 | loss 8.7275 | lr 1.19e-03 | 0.6s
epoch 1300 | loss 8.7256 | lr 1.19e-03 | 0.6s
epoch 1301 | loss 8.7313 | lr 1.19e-03 | 0.6s
epoch 1302 | loss 8.7515 | lr 1.19e-03 | 0.6s
epoch 1303 | loss 8.7381 | lr 1.19e-03 | 0.6s
epoch 1304 | loss 8.7355 | lr 1.18e-03 | 0.6s
epoch 1305 | loss 8.6591 | lr 1.18e-03 | 0.6s
epoch 1306 | loss 8.7175 | lr 1.18e-03 | 0.6s
epoch 1307 | loss 8.7163 | lr 1.18e-03 | 0.7s
epoch 1308 | loss 8.7146 | lr 1.18e-03 | 0.6s
epoch 1309 | loss 8.7447 | lr 1.18e-03 | 0.6s
epoch 1310 | loss 8.7406 | lr 1.18e-03 | 0.6s
epoch 1311 | loss 8.7546 | lr 1.18e-03 | 0.6s
epoch 1312 | loss 8.7132 | lr 1.18e-03 | 0.6s
epoch 1313 | loss 8.7502 | lr 1.18e-03 | 0.6s
epoch 1314 | loss 8.7307 | lr 1.18e-03 | 0.6s
epoch 1315 | loss 8.7030 | lr 1.18e-03 | 0.6s
epoch 1316 | loss 8.7269 | lr 1.18e-03 | 0.6s
epoch 1317 | loss 8.7234 | lr 1.18e-03 | 0.6s
epoch 1318 | loss 8.7500 | lr 1.18e-03 | 0.5s
epoch 1319 | loss 8.7030 | lr 1.18e-03 | 0.5s
epoch 1320 | loss 8.7118 | lr 1.18e-03 | 0.4s
epoch 1321 | loss 8.6899 | lr 1.18e-03 | 0.4s
epoch 1322 | loss 8.7280 | lr 1.18e-03 | 0.4s
epoch 1323 | loss 8.7423 | lr 1.17e-03 | 0.4s
epoch 1324 | loss 8.7426 | lr 1.17e-03 | 0.5s
epoch 1325 | loss 8.7040 | lr 1.17e-03 | 0.4s
epoch 1326 | loss 8.7396 | lr 1.17e-03 | 0.4s
epoch 1327 | loss 8.7128 | lr 1.17e-03 | 0.4s
epoch 1328 | loss 8.7084 | lr 1.17e-03 | 0.4s
epoch 1329 | loss 8.6982 | lr 1.17e-03 | 0.4s
epoch 1330 | loss 8.7406 | lr 1.17e-03 | 0.4s
epoch 1331 | loss 8.6757 | lr 1.17e-03 | 0.4s
epoch 1332 | loss 8.7276 | lr 1.17e-03 | 0.4s
epoch 1333 | loss 8.7074 | lr 1.17e-03 | 0.4s
epoch 1334 | loss 8.7399 | lr 1.17e-03 | 0.4s
epoch 1335 | loss 8.7454 | lr 1.17e-03 | 0.5s
epoch 1336 | loss 8.7828 | lr 1.17e-03 | 0.4s
epoch 1337 | loss 8.7161 | lr 1.17e-03 | 0.5s
epoch 1338 | loss 8.6857 | lr 1.17e-03 | 0.4s
epoch 1339 | loss 8.7307 | lr 1.17e-03 | 0.5s
epoch 1340 | loss 8.6928 | lr 1.17e-03 | 0.4s
epoch 1341 | loss 8.7439 | lr 1.17e-03 | 0.4s
epoch 1342 | loss 8.7051 | lr 1.16e-03 | 0.4s
epoch 1343 | loss 8.7338 | lr 1.16e-03 | 0.4s
epoch 1344 | loss 8.7260 | lr 1.16e-03 | 0.5s
epoch 1345 | loss 8.6978 | lr 1.16e-03 | 0.4s
epoch 1346 | loss 8.7058 | lr 1.16e-03 | 0.4s
epoch 1347 | loss 8.7061 | lr 1.16e-03 | 0.5s
epoch 1348 | loss 8.7486 | lr 1.16e-03 | 0.4s
epoch 1349 | loss 8.7250 | lr 1.16e-03 | 0.5s
epoch 1350 | loss 8.7601 | lr 1.16e-03 | 0.4s
epoch 1351 | loss 8.7517 | lr 1.16e-03 | 0.4s
epoch 1352 | loss 8.7685 | lr 1.16e-03 | 0.4s
epoch 1353 | loss 8.7259 | lr 1.16e-03 | 0.4s
epoch 1354 | loss 8.7222 | lr 1.16e-03 | 0.4s
epoch 1355 | loss 8.6918 | lr 1.16e-03 | 0.5s
epoch 1356 | loss 8.7382 | lr 1.16e-03 | 0.4s
epoch 1357 | loss 8.7271 | lr 1.16e-03 | 0.5s
epoch 1358 | loss 8.7532 | lr 1.16e-03 | 0.4s
epoch 1359 | loss 8.7024 | lr 1.16e-03 | 0.4s
epoch 1360 | loss 8.6782 | lr 1.16e-03 | 0.5s
epoch 1361 | loss 8.6912 | lr 1.15e-03 | 0.4s
epoch 1362 | loss 8.7658 | lr 1.15e-03 | 0.5s
epoch 1363 | loss 8.7151 | lr 1.15e-03 | 0.5s
epoch 1364 | loss 8.7238 | lr 1.15e-03 | 0.5s
epoch 1365 | loss 8.6990 | lr 1.15e-03 | 0.4s
epoch 1366 | loss 8.7542 | lr 1.15e-03 | 0.4s
epoch 1367 | loss 8.7613 | lr 1.15e-03 | 0.5s
epoch 1368 | loss 8.6935 | lr 1.15e-03 | 0.4s
epoch 1369 | loss 8.6825 | lr 1.15e-03 | 0.4s
epoch 1370 | loss 8.7056 | lr 1.15e-03 | 0.5s
epoch 1371 | loss 8.7294 | lr 1.15e-03 | 0.4s
epoch 1372 | loss 8.7378 | lr 1.15e-03 | 0.4s
epoch 1373 | loss 8.7150 | lr 1.15e-03 | 0.5s
epoch 1374 | loss 8.7227 | lr 1.15e-03 | 0.4s
epoch 1375 | loss 8.7174 | lr 1.15e-03 | 0.4s
epoch 1376 | loss 8.6753 | lr 1.15e-03 | 0.5s
epoch 1377 | loss 8.6843 | lr 1.15e-03 | 0.4s
epoch 1378 | loss 8.7261 | lr 1.15e-03 | 0.4s
epoch 1379 | loss 8.7319 | lr 1.14e-03 | 0.4s
epoch 1380 | loss 8.7169 | lr 1.14e-03 | 0.4s
epoch 1381 | loss 8.7380 | lr 1.14e-03 | 0.4s
epoch 1382 | loss 8.7277 | lr 1.14e-03 | 0.4s
epoch 1383 | loss 8.7249 | lr 1.14e-03 | 0.4s
epoch 1384 | loss 8.7697 | lr 1.14e-03 | 0.4s
epoch 1385 | loss 8.7495 | lr 1.14e-03 | 0.4s
epoch 1386 | loss 8.7374 | lr 1.14e-03 | 0.4s
epoch 1387 | loss 8.6970 | lr 1.14e-03 | 0.5s
epoch 1388 | loss 8.7141 | lr 1.14e-03 | 0.4s
epoch 1389 | loss 8.6891 | lr 1.14e-03 | 0.4s
epoch 1390 | loss 8.7048 | lr 1.14e-03 | 0.4s
epoch 1391 | loss 8.6486 | lr 1.14e-03 | 0.4s
epoch 1392 | loss 8.6760 | lr 1.14e-03 | 0.4s
epoch 1393 | loss 8.6904 | lr 1.14e-03 | 0.4s
epoch 1394 | loss 8.7262 | lr 1.14e-03 | 0.4s
epoch 1395 | loss 8.7123 | lr 1.14e-03 | 0.4s
epoch 1396 | loss 8.7455 | lr 1.14e-03 | 0.5s
epoch 1397 | loss 8.7097 | lr 1.14e-03 | 0.4s
epoch 1398 | loss 8.7057 | lr 1.13e-03 | 0.4s
epoch 1399 | loss 8.6980 | lr 1.13e-03 | 0.4s
epoch 1400 | loss 8.7076 | lr 1.13e-03 | 0.4s
epoch 1401 | loss 8.7218 | lr 1.13e-03 | 0.4s
epoch 1402 | loss 8.6976 | lr 1.13e-03 | 0.4s
epoch 1403 | loss 8.7495 | lr 1.13e-03 | 0.4s
epoch 1404 | loss 8.6735 | lr 1.13e-03 | 0.4s
epoch 1405 | loss 8.6781 | lr 1.13e-03 | 0.4s
epoch 1406 | loss 8.6758 | lr 1.13e-03 | 0.4s
epoch 1407 | loss 8.7076 | lr 1.13e-03 | 0.4s
epoch 1408 | loss 8.7197 | lr 1.13e-03 | 0.4s
epoch 1409 | loss 8.7608 | lr 1.13e-03 | 0.4s
epoch 1410 | loss 8.7143 | lr 1.13e-03 | 0.4s
epoch 1411 | loss 8.6613 | lr 1.13e-03 | 0.4s
epoch 1412 | loss 8.7194 | lr 1.13e-03 | 0.4s
epoch 1413 | loss 8.7050 | lr 1.13e-03 | 0.4s
epoch 1414 | loss 8.7088 | lr 1.13e-03 | 0.4s
epoch 1415 | loss 8.7461 | lr 1.13e-03 | 0.4s
epoch 1416 | loss 8.7064 | lr 1.12e-03 | 0.4s
epoch 1417 | loss 8.6363 | lr 1.12e-03 | 0.4s
epoch 1418 | loss 8.7366 | lr 1.12e-03 | 0.4s
epoch 1419 | loss 8.7004 | lr 1.12e-03 | 0.4s
epoch 1420 | loss 8.7337 | lr 1.12e-03 | 0.4s
epoch 1421 | loss 8.6808 | lr 1.12e-03 | 0.4s
epoch 1422 | loss 8.6920 | lr 1.12e-03 | 0.4s
epoch 1423 | loss 8.6884 | lr 1.12e-03 | 0.4s
epoch 1424 | loss 8.7252 | lr 1.12e-03 | 0.4s
epoch 1425 | loss 8.7166 | lr 1.12e-03 | 0.4s
epoch 1426 | loss 8.7164 | lr 1.12e-03 | 0.4s
epoch 1427 | loss 8.7142 | lr 1.12e-03 | 0.4s
epoch 1428 | loss 8.6649 | lr 1.12e-03 | 0.4s
epoch 1429 | loss 8.6899 | lr 1.12e-03 | 0.4s
epoch 1430 | loss 8.6931 | lr 1.12e-03 | 0.4s
epoch 1431 | loss 8.7277 | lr 1.12e-03 | 0.4s
epoch 1432 | loss 8.7020 | lr 1.12e-03 | 0.4s
epoch 1433 | loss 8.6568 | lr 1.12e-03 | 0.4s
epoch 1434 | loss 8.6582 | lr 1.11e-03 | 0.4s
epoch 1435 | loss 8.7177 | lr 1.11e-03 | 0.4s
epoch 1436 | loss 8.7102 | lr 1.11e-03 | 0.4s
epoch 1437 | loss 8.6779 | lr 1.11e-03 | 0.4s
epoch 1438 | loss 8.7148 | lr 1.11e-03 | 0.4s
epoch 1439 | loss 8.6825 | lr 1.11e-03 | 0.4s
epoch 1440 | loss 8.6572 | lr 1.11e-03 | 0.4s
epoch 1441 | loss 8.6284 | lr 1.11e-03 | 0.4s
epoch 1442 | loss 8.7035 | lr 1.11e-03 | 0.4s
epoch 1443 | loss 8.7141 | lr 1.11e-03 | 0.4s
epoch 1444 | loss 8.7377 | lr 1.11e-03 | 0.4s
epoch 1445 | loss 8.7264 | lr 1.11e-03 | 0.4s
epoch 1446 | loss 8.7068 | lr 1.11e-03 | 0.4s
epoch 1447 | loss 8.7049 | lr 1.11e-03 | 0.4s
epoch 1448 | loss 8.7218 | lr 1.11e-03 | 0.4s
epoch 1449 | loss 8.7115 | lr 1.11e-03 | 0.4s
epoch 1450 | loss 8.7746 | lr 1.11e-03 | 0.4s
epoch 1451 | loss 8.7059 | lr 1.11e-03 | 0.4s
epoch 1452 | loss 8.6930 | lr 1.10e-03 | 0.4s
epoch 1453 | loss 8.7092 | lr 1.10e-03 | 0.4s
epoch 1454 | loss 8.6618 | lr 1.10e-03 | 0.4s
epoch 1455 | loss 8.7261 | lr 1.10e-03 | 0.4s
epoch 1456 | loss 8.7030 | lr 1.10e-03 | 0.4s
epoch 1457 | loss 8.7082 | lr 1.10e-03 | 0.4s
epoch 1458 | loss 8.7347 | lr 1.10e-03 | 0.4s
epoch 1459 | loss 8.6563 | lr 1.10e-03 | 0.4s
epoch 1460 | loss 8.7052 | lr 1.10e-03 | 0.4s
epoch 1461 | loss 8.7245 | lr 1.10e-03 | 0.4s
epoch 1462 | loss 8.7345 | lr 1.10e-03 | 0.4s
epoch 1463 | loss 8.6375 | lr 1.10e-03 | 0.4s
epoch 1464 | loss 8.7028 | lr 1.10e-03 | 0.4s
epoch 1465 | loss 8.7013 | lr 1.10e-03 | 0.4s
epoch 1466 | loss 8.6855 | lr 1.10e-03 | 0.4s
epoch 1467 | loss 8.6880 | lr 1.10e-03 | 0.4s
epoch 1468 | loss 8.6440 | lr 1.10e-03 | 0.4s
epoch 1469 | loss 8.6749 | lr 1.10e-03 | 0.4s
epoch 1470 | loss 8.6596 | lr 1.09e-03 | 0.4s
epoch 1471 | loss 8.7141 | lr 1.09e-03 | 0.4s
epoch 1472 | loss 8.6771 | lr 1.09e-03 | 0.4s
epoch 1473 | loss 8.6713 | lr 1.09e-03 | 0.4s
epoch 1474 | loss 8.6640 | lr 1.09e-03 | 0.4s
epoch 1475 | loss 8.7159 | lr 1.09e-03 | 0.4s
epoch 1476 | loss 8.7079 | lr 1.09e-03 | 0.4s
epoch 1477 | loss 8.6490 | lr 1.09e-03 | 0.4s
epoch 1478 | loss 8.6468 | lr 1.09e-03 | 0.4s
epoch 1479 | loss 8.6578 | lr 1.09e-03 | 0.4s
epoch 1480 | loss 8.6667 | lr 1.09e-03 | 0.5s
epoch 1481 | loss 8.7289 | lr 1.09e-03 | 0.5s
epoch 1482 | loss 8.6980 | lr 1.09e-03 | 0.4s
epoch 1483 | loss 8.6985 | lr 1.09e-03 | 0.4s
epoch 1484 | loss 8.7106 | lr 1.09e-03 | 0.5s
epoch 1485 | loss 8.7047 | lr 1.09e-03 | 0.4s
epoch 1486 | loss 8.7219 | lr 1.09e-03 | 0.5s
epoch 1487 | loss 8.6956 | lr 1.09e-03 | 0.4s
epoch 1488 | loss 8.6781 | lr 1.08e-03 | 0.4s
epoch 1489 | loss 8.7139 | lr 1.08e-03 | 0.4s
epoch 1490 | loss 8.7302 | lr 1.08e-03 | 0.4s
epoch 1491 | loss 8.6998 | lr 1.08e-03 | 0.4s
epoch 1492 | loss 8.6674 | lr 1.08e-03 | 0.4s
epoch 1493 | loss 8.6874 | lr 1.08e-03 | 0.4s
epoch 1494 | loss 8.7021 | lr 1.08e-03 | 0.5s
epoch 1495 | loss 8.7262 | lr 1.08e-03 | 0.4s
epoch 1496 | loss 8.6362 | lr 1.08e-03 | 0.4s
epoch 1497 | loss 8.6777 | lr 1.08e-03 | 0.5s
epoch 1498 | loss 8.6805 | lr 1.08e-03 | 0.5s
epoch 1499 | loss 8.6897 | lr 1.08e-03 | 0.4s
epoch 1500 | loss 8.6653 | lr 1.08e-03 | 0.5s
epoch 1501 | loss 8.6863 | lr 1.08e-03 | 0.4s
epoch 1502 | loss 8.7467 | lr 1.08e-03 | 0.4s
epoch 1503 | loss 8.7045 | lr 1.08e-03 | 0.4s
epoch 1504 | loss 8.6100 | lr 1.08e-03 | 0.4s
epoch 1505 | loss 8.6792 | lr 1.08e-03 | 0.5s
epoch 1506 | loss 8.6900 | lr 1.07e-03 | 0.5s
epoch 1507 | loss 8.6613 | lr 1.07e-03 | 0.4s
epoch 1508 | loss 8.6896 | lr 1.07e-03 | 0.4s
epoch 1509 | loss 8.7186 | lr 1.07e-03 | 0.4s
epoch 1510 | loss 8.6560 | lr 1.07e-03 | 0.4s
epoch 1511 | loss 8.6743 | lr 1.07e-03 | 0.4s
epoch 1512 | loss 8.7054 | lr 1.07e-03 | 0.4s
epoch 1513 | loss 8.7352 | lr 1.07e-03 | 0.4s
epoch 1514 | loss 8.6539 | lr 1.07e-03 | 0.4s
epoch 1515 | loss 8.6559 | lr 1.07e-03 | 0.4s
epoch 1516 | loss 8.6921 | lr 1.07e-03 | 0.4s
epoch 1517 | loss 8.7393 | lr 1.07e-03 | 0.4s
epoch 1518 | loss 8.6940 | lr 1.07e-03 | 0.4s
epoch 1519 | loss 8.6621 | lr 1.07e-03 | 0.5s
epoch 1520 | loss 8.7446 | lr 1.07e-03 | 0.4s
epoch 1521 | loss 8.7125 | lr 1.07e-03 | 0.4s
epoch 1522 | loss 8.6967 | lr 1.07e-03 | 0.4s
epoch 1523 | loss 8.6744 | lr 1.06e-03 | 0.4s
epoch 1524 | loss 8.7245 | lr 1.06e-03 | 0.4s
epoch 1525 | loss 8.6897 | lr 1.06e-03 | 0.4s
epoch 1526 | loss 8.7351 | lr 1.06e-03 | 0.4s
epoch 1527 | loss 8.6615 | lr 1.06e-03 | 0.4s
epoch 1528 | loss 8.6826 | lr 1.06e-03 | 0.5s
epoch 1529 | loss 8.6922 | lr 1.06e-03 | 0.4s
epoch 1530 | loss 8.6882 | lr 1.06e-03 | 0.4s
epoch 1531 | loss 8.7092 | lr 1.06e-03 | 0.4s
epoch 1532 | loss 8.6974 | lr 1.06e-03 | 0.4s
epoch 1533 | loss 8.6688 | lr 1.06e-03 | 0.4s
epoch 1534 | loss 8.6314 | lr 1.06e-03 | 0.4s
epoch 1535 | loss 8.6718 | lr 1.06e-03 | 0.4s
epoch 1536 | loss 8.7069 | lr 1.06e-03 | 0.4s
epoch 1537 | loss 8.6519 | lr 1.06e-03 | 0.5s
epoch 1538 | loss 8.6486 | lr 1.06e-03 | 0.4s
epoch 1539 | loss 8.6409 | lr 1.06e-03 | 0.4s
epoch 1540 | loss 8.6985 | lr 1.06e-03 | 0.4s
epoch 1541 | loss 8.6908 | lr 1.05e-03 | 0.4s
epoch 1542 | loss 8.6581 | lr 1.05e-03 | 0.4s
epoch 1543 | loss 8.7155 | lr 1.05e-03 | 0.5s
epoch 1544 | loss 8.7012 | lr 1.05e-03 | 0.5s
epoch 1545 | loss 8.7184 | lr 1.05e-03 | 0.5s
epoch 1546 | loss 8.6945 | lr 1.05e-03 | 0.5s
epoch 1547 | loss 8.6705 | lr 1.05e-03 | 0.4s
epoch 1548 | loss 8.6491 | lr 1.05e-03 | 0.5s
epoch 1549 | loss 8.7052 | lr 1.05e-03 | 0.5s
epoch 1550 | loss 8.6942 | lr 1.05e-03 | 0.4s
epoch 1551 | loss 8.6400 | lr 1.05e-03 | 0.5s
epoch 1552 | loss 8.6678 | lr 1.05e-03 | 0.4s
epoch 1553 | loss 8.7008 | lr 1.05e-03 | 0.4s
epoch 1554 | loss 8.6946 | lr 1.05e-03 | 0.4s
epoch 1555 | loss 8.6811 | lr 1.05e-03 | 0.5s
epoch 1556 | loss 8.6999 | lr 1.05e-03 | 0.5s
epoch 1557 | loss 8.6652 | lr 1.05e-03 | 0.5s
epoch 1558 | loss 8.6759 | lr 1.04e-03 | 0.4s
epoch 1559 | loss 8.6699 | lr 1.04e-03 | 0.4s
epoch 1560 | loss 8.6931 | lr 1.04e-03 | 0.5s
epoch 1561 | loss 8.6933 | lr 1.04e-03 | 0.5s
epoch 1562 | loss 8.7439 | lr 1.04e-03 | 0.4s
epoch 1563 | loss 8.7147 | lr 1.04e-03 | 0.4s
epoch 1564 | loss 8.6971 | lr 1.04e-03 | 0.4s
epoch 1565 | loss 8.6505 | lr 1.04e-03 | 0.4s
epoch 1566 | loss 8.7121 | lr 1.04e-03 | 0.4s
epoch 1567 | loss 8.7048 | lr 1.04e-03 | 0.5s
epoch 1568 | loss 8.7149 | lr 1.04e-03 | 0.4s
epoch 1569 | loss 8.7030 | lr 1.04e-03 | 0.5s
epoch 1570 | loss 8.6486 | lr 1.04e-03 | 0.4s
epoch 1571 | loss 8.6700 | lr 1.04e-03 | 0.4s
epoch 1572 | loss 8.6697 | lr 1.04e-03 | 0.4s
epoch 1573 | loss 8.6646 | lr 1.04e-03 | 0.4s
epoch 1574 | loss 8.6508 | lr 1.04e-03 | 0.5s
epoch 1575 | loss 8.6556 | lr 1.03e-03 | 0.4s
epoch 1576 | loss 8.6892 | lr 1.03e-03 | 0.5s
epoch 1577 | loss 8.6987 | lr 1.03e-03 | 0.5s
epoch 1578 | loss 8.6314 | lr 1.03e-03 | 0.5s
epoch 1579 | loss 8.7137 | lr 1.03e-03 | 0.4s
epoch 1580 | loss 8.6947 | lr 1.03e-03 | 0.4s
epoch 1581 | loss 8.6613 | lr 1.03e-03 | 0.4s
epoch 1582 | loss 8.6825 | lr 1.03e-03 | 0.4s
epoch 1583 | loss 8.6548 | lr 1.03e-03 | 0.5s
epoch 1584 | loss 8.7254 | lr 1.03e-03 | 0.4s
epoch 1585 | loss 8.6091 | lr 1.03e-03 | 0.4s
epoch 1586 | loss 8.6516 | lr 1.03e-03 | 0.5s
epoch 1587 | loss 8.6331 | lr 1.03e-03 | 0.5s
epoch 1588 | loss 8.7170 | lr 1.03e-03 | 0.4s
epoch 1589 | loss 8.6595 | lr 1.03e-03 | 0.4s
epoch 1590 | loss 8.6684 | lr 1.03e-03 | 0.4s
epoch 1591 | loss 8.6769 | lr 1.03e-03 | 0.4s
epoch 1592 | loss 8.6529 | lr 1.03e-03 | 0.5s
epoch 1593 | loss 8.6917 | lr 1.02e-03 | 0.5s
epoch 1594 | loss 8.6283 | lr 1.02e-03 | 0.5s
epoch 1595 | loss 8.7186 | lr 1.02e-03 | 0.4s
epoch 1596 | loss 8.7216 | lr 1.02e-03 | 0.4s
epoch 1597 | loss 8.7142 | lr 1.02e-03 | 0.5s
epoch 1598 | loss 8.6819 | lr 1.02e-03 | 0.5s
epoch 1599 | loss 8.6584 | lr 1.02e-03 | 0.5s
epoch 1600 | loss 8.6566 | lr 1.02e-03 | 0.4s
epoch 1601 | loss 8.6939 | lr 1.02e-03 | 0.4s
epoch 1602 | loss 8.6429 | lr 1.02e-03 | 0.4s
epoch 1603 | loss 8.6887 | lr 1.02e-03 | 0.5s
epoch 1604 | loss 8.6816 | lr 1.02e-03 | 0.5s
epoch 1605 | loss 8.6551 | lr 1.02e-03 | 0.5s
epoch 1606 | loss 8.7405 | lr 1.02e-03 | 0.4s
epoch 1607 | loss 8.7067 | lr 1.02e-03 | 0.4s
epoch 1608 | loss 8.6423 | lr 1.02e-03 | 0.5s
epoch 1609 | loss 8.7061 | lr 1.02e-03 | 0.5s
epoch 1610 | loss 8.6900 | lr 1.01e-03 | 0.4s
epoch 1611 | loss 8.6616 | lr 1.01e-03 | 0.5s
epoch 1612 | loss 8.6986 | lr 1.01e-03 | 0.5s
epoch 1613 | loss 8.6750 | lr 1.01e-03 | 0.5s
epoch 1614 | loss 8.6432 | lr 1.01e-03 | 0.5s
epoch 1615 | loss 8.6316 | lr 1.01e-03 | 0.4s
epoch 1616 | loss 8.5936 | lr 1.01e-03 | 0.5s
epoch 1617 | loss 8.6832 | lr 1.01e-03 | 0.4s
epoch 1618 | loss 8.6632 | lr 1.01e-03 | 0.4s
epoch 1619 | loss 8.6501 | lr 1.01e-03 | 0.5s
epoch 1620 | loss 8.6700 | lr 1.01e-03 | 0.5s
epoch 1621 | loss 8.6800 | lr 1.01e-03 | 0.4s
epoch 1622 | loss 8.6368 | lr 1.01e-03 | 0.4s
epoch 1623 | loss 8.6716 | lr 1.01e-03 | 0.4s
epoch 1624 | loss 8.5757 | lr 1.01e-03 | 0.4s
epoch 1625 | loss 8.6046 | lr 1.01e-03 | 0.4s
epoch 1626 | loss 8.6774 | lr 1.01e-03 | 0.5s
epoch 1627 | loss 8.6922 | lr 1.00e-03 | 0.5s
epoch 1628 | loss 8.6724 | lr 1.00e-03 | 0.5s
epoch 1629 | loss 8.6929 | lr 1.00e-03 | 0.5s
epoch 1630 | loss 8.6960 | lr 1.00e-03 | 0.5s
epoch 1631 | loss 8.6848 | lr 1.00e-03 | 0.5s
epoch 1632 | loss 8.6558 | lr 1.00e-03 | 0.4s
epoch 1633 | loss 8.6423 | lr 1.00e-03 | 0.4s
epoch 1634 | loss 8.6390 | lr 1.00e-03 | 0.5s
epoch 1635 | loss 8.6289 | lr 1.00e-03 | 0.4s
epoch 1636 | loss 8.6785 | lr 9.99e-04 | 0.4s
epoch 1637 | loss 8.6426 | lr 9.99e-04 | 0.5s
epoch 1638 | loss 8.6821 | lr 9.98e-04 | 0.4s
epoch 1639 | loss 8.6609 | lr 9.98e-04 | 0.5s
epoch 1640 | loss 8.6429 | lr 9.97e-04 | 0.5s
epoch 1641 | loss 8.6545 | lr 9.96e-04 | 0.4s
epoch 1642 | loss 8.6614 | lr 9.96e-04 | 0.4s
epoch 1643 | loss 8.6761 | lr 9.95e-04 | 0.4s
epoch 1644 | loss 8.6455 | lr 9.95e-04 | 0.4s
epoch 1645 | loss 8.7290 | lr 9.94e-04 | 0.4s
epoch 1646 | loss 8.6930 | lr 9.93e-04 | 0.4s
epoch 1647 | loss 8.6434 | lr 9.93e-04 | 0.4s
epoch 1648 | loss 8.7026 | lr 9.92e-04 | 0.5s
epoch 1649 | loss 8.7009 | lr 9.92e-04 | 0.5s
epoch 1650 | loss 8.6270 | lr 9.91e-04 | 0.4s
epoch 1651 | loss 8.6325 | lr 9.91e-04 | 0.4s
epoch 1652 | loss 8.6055 | lr 9.90e-04 | 0.5s
epoch 1653 | loss 8.6431 | lr 9.89e-04 | 0.4s
epoch 1654 | loss 8.6386 | lr 9.89e-04 | 0.5s
epoch 1655 | loss 8.6510 | lr 9.88e-04 | 0.5s
epoch 1656 | loss 8.6128 | lr 9.88e-04 | 0.5s
epoch 1657 | loss 8.6092 | lr 9.87e-04 | 0.5s
epoch 1658 | loss 8.6940 | lr 9.86e-04 | 0.4s
epoch 1659 | loss 8.6422 | lr 9.86e-04 | 0.4s
epoch 1660 | loss 8.6351 | lr 9.85e-04 | 0.4s
epoch 1661 | loss 8.6610 | lr 9.85e-04 | 0.4s
epoch 1662 | loss 8.6828 | lr 9.84e-04 | 0.5s
epoch 1663 | loss 8.6582 | lr 9.83e-04 | 0.4s
epoch 1664 | loss 8.7256 | lr 9.83e-04 | 0.5s
epoch 1665 | loss 8.6253 | lr 9.82e-04 | 0.5s
epoch 1666 | loss 8.6407 | lr 9.82e-04 | 0.4s
epoch 1667 | loss 8.6384 | lr 9.81e-04 | 0.4s
epoch 1668 | loss 8.6040 | lr 9.80e-04 | 0.4s
epoch 1669 | loss 8.6860 | lr 9.80e-04 | 0.4s
epoch 1670 | loss 8.6593 | lr 9.79e-04 | 0.4s
epoch 1671 | loss 8.6462 | lr 9.79e-04 | 0.4s
epoch 1672 | loss 8.6886 | lr 9.78e-04 | 0.4s
epoch 1673 | loss 8.6487 | lr 9.78e-04 | 0.4s
epoch 1674 | loss 8.6998 | lr 9.77e-04 | 0.4s
epoch 1675 | loss 8.6091 | lr 9.76e-04 | 0.4s
epoch 1676 | loss 8.6229 | lr 9.76e-04 | 0.4s
epoch 1677 | loss 8.6961 | lr 9.75e-04 | 0.4s
epoch 1678 | loss 8.7089 | lr 9.75e-04 | 0.4s
epoch 1679 | loss 8.6440 | lr 9.74e-04 | 0.4s
epoch 1680 | loss 8.6573 | lr 9.73e-04 | 0.4s
epoch 1681 | loss 8.6609 | lr 9.73e-04 | 0.4s
epoch 1682 | loss 8.6520 | lr 9.72e-04 | 0.4s
epoch 1683 | loss 8.6242 | lr 9.72e-04 | 0.4s
epoch 1684 | loss 8.5941 | lr 9.71e-04 | 0.4s
epoch 1685 | loss 8.6582 | lr 9.70e-04 | 0.4s
epoch 1686 | loss 8.6395 | lr 9.70e-04 | 0.4s
epoch 1687 | loss 8.6625 | lr 9.69e-04 | 0.4s
epoch 1688 | loss 8.6229 | lr 9.69e-04 | 0.4s
epoch 1689 | loss 8.6591 | lr 9.68e-04 | 0.4s
epoch 1690 | loss 8.6518 | lr 9.67e-04 | 0.4s
epoch 1691 | loss 8.6298 | lr 9.67e-04 | 0.4s
epoch 1692 | loss 8.6978 | lr 9.66e-04 | 0.4s
epoch 1693 | loss 8.6268 | lr 9.66e-04 | 0.4s
epoch 1694 | loss 8.6414 | lr 9.65e-04 | 0.4s
epoch 1695 | loss 8.6069 | lr 9.64e-04 | 0.4s
epoch 1696 | loss 8.6381 | lr 9.64e-04 | 0.4s
epoch 1697 | loss 8.7342 | lr 9.63e-04 | 0.4s
epoch 1698 | loss 8.6776 | lr 9.63e-04 | 0.4s
epoch 1699 | loss 8.6357 | lr 9.62e-04 | 0.4s
epoch 1700 | loss 8.6663 | lr 9.61e-04 | 0.4s
epoch 1701 | loss 8.5944 | lr 9.61e-04 | 0.5s
epoch 1702 | loss 8.6620 | lr 9.60e-04 | 0.4s
epoch 1703 | loss 8.6194 | lr 9.60e-04 | 0.5s
epoch 1704 | loss 8.6203 | lr 9.59e-04 | 0.5s
epoch 1705 | loss 8.6455 | lr 9.59e-04 | 0.5s
epoch 1706 | loss 8.6813 | lr 9.58e-04 | 0.5s
epoch 1707 | loss 8.7015 | lr 9.57e-04 | 0.5s
epoch 1708 | loss 8.6267 | lr 9.57e-04 | 0.4s
epoch 1709 | loss 8.6631 | lr 9.56e-04 | 0.4s
epoch 1710 | loss 8.6544 | lr 9.56e-04 | 0.4s
epoch 1711 | loss 8.6243 | lr 9.55e-04 | 0.4s
epoch 1712 | loss 8.6184 | lr 9.54e-04 | 0.4s
epoch 1713 | loss 8.6142 | lr 9.54e-04 | 0.4s
epoch 1714 | loss 8.6159 | lr 9.53e-04 | 0.4s
epoch 1715 | loss 8.6425 | lr 9.53e-04 | 0.4s
epoch 1716 | loss 8.6183 | lr 9.52e-04 | 0.4s
epoch 1717 | loss 8.6650 | lr 9.51e-04 | 0.4s
epoch 1718 | loss 8.6207 | lr 9.51e-04 | 0.4s
epoch 1719 | loss 8.6553 | lr 9.50e-04 | 0.4s
epoch 1720 | loss 8.6755 | lr 9.50e-04 | 0.4s
epoch 1721 | loss 8.6522 | lr 9.49e-04 | 0.4s
epoch 1722 | loss 8.6317 | lr 9.48e-04 | 0.4s
epoch 1723 | loss 8.6376 | lr 9.48e-04 | 0.4s
epoch 1724 | loss 8.6814 | lr 9.47e-04 | 0.4s
epoch 1725 | loss 8.6502 | lr 9.47e-04 | 0.4s
epoch 1726 | loss 8.6458 | lr 9.46e-04 | 0.4s
epoch 1727 | loss 8.6134 | lr 9.45e-04 | 0.4s
epoch 1728 | loss 8.6126 | lr 9.45e-04 | 0.4s
epoch 1729 | loss 8.6409 | lr 9.44e-04 | 0.4s
epoch 1730 | loss 8.6351 | lr 9.44e-04 | 0.4s
epoch 1731 | loss 8.6234 | lr 9.43e-04 | 0.4s
epoch 1732 | loss 8.6332 | lr 9.42e-04 | 0.4s
epoch 1733 | loss 8.6454 | lr 9.42e-04 | 0.4s
epoch 1734 | loss 8.6233 | lr 9.41e-04 | 0.4s
epoch 1735 | loss 8.6000 | lr 9.41e-04 | 0.4s
epoch 1736 | loss 8.6300 | lr 9.40e-04 | 0.4s
epoch 1737 | loss 8.6448 | lr 9.39e-04 | 0.4s
epoch 1738 | loss 8.6846 | lr 9.39e-04 | 0.4s
epoch 1739 | loss 8.6500 | lr 9.38e-04 | 0.4s
epoch 1740 | loss 8.6042 | lr 9.38e-04 | 0.5s
epoch 1741 | loss 8.6615 | lr 9.37e-04 | 0.4s
epoch 1742 | loss 8.5992 | lr 9.36e-04 | 0.4s
epoch 1743 | loss 8.6544 | lr 9.36e-04 | 0.4s
epoch 1744 | loss 8.6312 | lr 9.35e-04 | 0.4s
epoch 1745 | loss 8.6483 | lr 9.35e-04 | 0.4s
epoch 1746 | loss 8.6904 | lr 9.34e-04 | 0.4s
epoch 1747 | loss 8.6462 | lr 9.33e-04 | 0.4s
epoch 1748 | loss 8.6028 | lr 9.33e-04 | 0.4s
epoch 1749 | loss 8.6103 | lr 9.32e-04 | 0.4s
epoch 1750 | loss 8.6242 | lr 9.32e-04 | 0.4s
epoch 1751 | loss 8.6700 | lr 9.31e-04 | 0.5s
epoch 1752 | loss 8.6519 | lr 9.30e-04 | 0.5s
epoch 1753 | loss 8.6551 | lr 9.30e-04 | 0.5s
epoch 1754 | loss 8.6482 | lr 9.29e-04 | 0.4s
epoch 1755 | loss 8.6659 | lr 9.29e-04 | 0.4s
epoch 1756 | loss 8.6721 | lr 9.28e-04 | 0.4s
epoch 1757 | loss 8.6298 | lr 9.27e-04 | 0.5s
epoch 1758 | loss 8.6500 | lr 9.27e-04 | 0.4s
epoch 1759 | loss 8.6354 | lr 9.26e-04 | 0.4s
epoch 1760 | loss 8.6457 | lr 9.26e-04 | 0.4s
epoch 1761 | loss 8.6874 | lr 9.25e-04 | 0.4s
epoch 1762 | loss 8.6525 | lr 9.24e-04 | 0.4s
epoch 1763 | loss 8.6663 | lr 9.24e-04 | 0.4s
epoch 1764 | loss 8.5591 | lr 9.23e-04 | 0.5s
epoch 1765 | loss 8.6376 | lr 9.23e-04 | 0.5s
epoch 1766 | loss 8.6349 | lr 9.22e-04 | 0.4s
epoch 1767 | loss 8.5895 | lr 9.21e-04 | 0.4s
epoch 1768 | loss 8.6377 | lr 9.21e-04 | 0.4s
epoch 1769 | loss 8.6156 | lr 9.20e-04 | 0.4s
epoch 1770 | loss 8.6579 | lr 9.20e-04 | 0.4s
epoch 1771 | loss 8.5963 | lr 9.19e-04 | 0.5s
epoch 1772 | loss 8.6252 | lr 9.18e-04 | 0.5s
epoch 1773 | loss 8.6108 | lr 9.18e-04 | 0.4s
epoch 1774 | loss 8.6170 | lr 9.17e-04 | 0.4s
epoch 1775 | loss 8.6629 | lr 9.17e-04 | 0.4s
epoch 1776 | loss 8.6623 | lr 9.16e-04 | 0.4s
epoch 1777 | loss 8.6399 | lr 9.15e-04 | 0.4s
epoch 1778 | loss 8.6856 | lr 9.15e-04 | 0.5s
epoch 1779 | loss 8.6198 | lr 9.14e-04 | 0.4s
epoch 1780 | loss 8.6413 | lr 9.14e-04 | 0.4s
epoch 1781 | loss 8.5889 | lr 9.13e-04 | 0.4s
epoch 1782 | loss 8.6237 | lr 9.12e-04 | 0.5s
epoch 1783 | loss 8.7069 | lr 9.12e-04 | 0.5s
epoch 1784 | loss 8.6280 | lr 9.11e-04 | 0.4s
epoch 1785 | loss 8.6501 | lr 9.10e-04 | 0.4s
epoch 1786 | loss 8.6442 | lr 9.10e-04 | 0.4s
epoch 1787 | loss 8.6142 | lr 9.09e-04 | 0.4s
epoch 1788 | loss 8.6112 | lr 9.09e-04 | 0.4s
epoch 1789 | loss 8.6573 | lr 9.08e-04 | 0.5s
epoch 1790 | loss 8.6428 | lr 9.07e-04 | 0.5s
epoch 1791 | loss 8.6455 | lr 9.07e-04 | 0.5s
epoch 1792 | loss 8.6033 | lr 9.06e-04 | 0.4s
epoch 1793 | loss 8.6081 | lr 9.06e-04 | 0.4s
epoch 1794 | loss 8.6141 | lr 9.05e-04 | 0.5s
epoch 1795 | loss 8.6389 | lr 9.04e-04 | 0.5s
epoch 1796 | loss 8.6295 | lr 9.04e-04 | 0.5s
epoch 1797 | loss 8.6062 | lr 9.03e-04 | 0.5s
epoch 1798 | loss 8.6017 | lr 9.03e-04 | 0.5s
epoch 1799 | loss 8.5997 | lr 9.02e-04 | 0.4s
epoch 1800 | loss 8.6650 | lr 9.01e-04 | 0.4s
epoch 1801 | loss 8.6670 | lr 9.01e-04 | 0.5s
epoch 1802 | loss 8.6585 | lr 9.00e-04 | 0.5s
epoch 1803 | loss 8.6018 | lr 9.00e-04 | 0.5s
epoch 1804 | loss 8.6164 | lr 8.99e-04 | 0.5s
epoch 1805 | loss 8.6164 | lr 8.98e-04 | 0.4s
epoch 1806 | loss 8.6255 | lr 8.98e-04 | 0.5s
epoch 1807 | loss 8.6724 | lr 8.97e-04 | 0.5s
epoch 1808 | loss 8.6397 | lr 8.97e-04 | 0.5s
epoch 1809 | loss 8.6144 | lr 8.96e-04 | 0.4s
epoch 1810 | loss 8.6267 | lr 8.95e-04 | 0.4s
epoch 1811 | loss 8.6543 | lr 8.95e-04 | 0.4s
epoch 1812 | loss 8.6755 | lr 8.94e-04 | 0.5s
epoch 1813 | loss 8.6627 | lr 8.94e-04 | 0.5s
epoch 1814 | loss 8.6282 | lr 8.93e-04 | 0.5s
epoch 1815 | loss 8.6428 | lr 8.92e-04 | 0.5s
epoch 1816 | loss 8.6510 | lr 8.92e-04 | 0.5s
epoch 1817 | loss 8.6394 | lr 8.91e-04 | 0.4s
epoch 1818 | loss 8.6582 | lr 8.91e-04 | 0.4s
epoch 1819 | loss 8.6277 | lr 8.90e-04 | 0.5s
epoch 1820 | loss 8.5889 | lr 8.89e-04 | 0.5s
epoch 1821 | loss 8.6398 | lr 8.89e-04 | 0.5s
epoch 1822 | loss 8.6353 | lr 8.88e-04 | 0.5s
epoch 1823 | loss 8.6377 | lr 8.87e-04 | 0.4s
epoch 1824 | loss 8.6684 | lr 8.87e-04 | 0.5s
epoch 1825 | loss 8.6204 | lr 8.86e-04 | 0.4s
epoch 1826 | loss 8.6332 | lr 8.86e-04 | 0.5s
epoch 1827 | loss 8.5814 | lr 8.85e-04 | 0.5s
epoch 1828 | loss 8.6722 | lr 8.84e-04 | 0.4s
epoch 1829 | loss 8.6672 | lr 8.84e-04 | 0.4s
epoch 1830 | loss 8.5993 | lr 8.83e-04 | 0.4s
epoch 1831 | loss 8.6036 | lr 8.83e-04 | 0.5s
epoch 1832 | loss 8.6723 | lr 8.82e-04 | 0.4s
epoch 1833 | loss 8.5910 | lr 8.81e-04 | 0.4s
epoch 1834 | loss 8.6211 | lr 8.81e-04 | 0.4s
epoch 1835 | loss 8.6075 | lr 8.80e-04 | 0.4s
epoch 1836 | loss 8.6195 | lr 8.80e-04 | 0.4s
epoch 1837 | loss 8.6417 | lr 8.79e-04 | 0.5s
epoch 1838 | loss 8.5639 | lr 8.78e-04 | 0.5s
epoch 1839 | loss 8.6052 | lr 8.78e-04 | 0.5s
epoch 1840 | loss 8.6477 | lr 8.77e-04 | 0.4s
epoch 1841 | loss 8.6301 | lr 8.77e-04 | 0.4s
epoch 1842 | loss 8.6308 | lr 8.76e-04 | 0.4s
epoch 1843 | loss 8.6247 | lr 8.75e-04 | 0.4s
epoch 1844 | loss 8.6327 | lr 8.75e-04 | 0.4s
epoch 1845 | loss 8.6870 | lr 8.74e-04 | 0.4s
epoch 1846 | loss 8.6061 | lr 8.74e-04 | 0.4s
epoch 1847 | loss 8.6211 | lr 8.73e-04 | 0.5s
epoch 1848 | loss 8.6629 | lr 8.72e-04 | 0.5s
epoch 1849 | loss 8.7096 | lr 8.72e-04 | 0.4s
epoch 1850 | loss 8.5943 | lr 8.71e-04 | 0.4s
epoch 1851 | loss 8.6148 | lr 8.70e-04 | 0.4s
epoch 1852 | loss 8.6296 | lr 8.70e-04 | 0.4s
epoch 1853 | loss 8.6445 | lr 8.69e-04 | 0.4s
epoch 1854 | loss 8.5767 | lr 8.69e-04 | 0.5s
epoch 1855 | loss 8.6402 | lr 8.68e-04 | 0.4s
epoch 1856 | loss 8.5918 | lr 8.67e-04 | 0.4s
epoch 1857 | loss 8.6541 | lr 8.67e-04 | 0.5s
epoch 1858 | loss 8.6107 | lr 8.66e-04 | 0.5s
epoch 1859 | loss 8.6394 | lr 8.66e-04 | 0.5s
epoch 1860 | loss 8.6133 | lr 8.65e-04 | 0.5s
epoch 1861 | loss 8.6240 | lr 8.64e-04 | 0.4s
epoch 1862 | loss 8.5907 | lr 8.64e-04 | 0.4s
epoch 1863 | loss 8.6389 | lr 8.63e-04 | 0.4s
epoch 1864 | loss 8.5895 | lr 8.63e-04 | 0.4s
epoch 1865 | loss 8.6417 | lr 8.62e-04 | 0.4s
epoch 1866 | loss 8.6063 | lr 8.61e-04 | 0.5s
epoch 1867 | loss 8.6120 | lr 8.61e-04 | 0.5s
epoch 1868 | loss 8.6648 | lr 8.60e-04 | 0.5s
epoch 1869 | loss 8.6162 | lr 8.60e-04 | 0.5s
epoch 1870 | loss 8.5728 | lr 8.59e-04 | 0.4s
epoch 1871 | loss 8.6234 | lr 8.58e-04 | 0.5s
epoch 1872 | loss 8.5788 | lr 8.58e-04 | 0.5s
epoch 1873 | loss 8.6017 | lr 8.57e-04 | 0.4s
epoch 1874 | loss 8.6613 | lr 8.56e-04 | 0.5s
epoch 1875 | loss 8.6646 | lr 8.56e-04 | 0.5s
epoch 1876 | loss 8.6216 | lr 8.55e-04 | 0.4s
epoch 1877 | loss 8.6176 | lr 8.55e-04 | 0.4s
epoch 1878 | loss 8.5778 | lr 8.54e-04 | 0.4s
epoch 1879 | loss 8.6010 | lr 8.53e-04 | 0.4s
epoch 1880 | loss 8.6381 | lr 8.53e-04 | 0.4s
epoch 1881 | loss 8.6106 | lr 8.52e-04 | 0.4s
epoch 1882 | loss 8.5666 | lr 8.52e-04 | 0.5s
epoch 1883 | loss 8.6012 | lr 8.51e-04 | 0.4s
epoch 1884 | loss 8.6082 | lr 8.50e-04 | 0.4s
epoch 1885 | loss 8.5749 | lr 8.50e-04 | 0.4s
epoch 1886 | loss 8.6133 | lr 8.49e-04 | 0.4s
epoch 1887 | loss 8.6059 | lr 8.49e-04 | 0.4s
epoch 1888 | loss 8.5960 | lr 8.48e-04 | 0.4s
epoch 1889 | loss 8.6820 | lr 8.47e-04 | 0.5s
epoch 1890 | loss 8.6041 | lr 8.47e-04 | 0.4s
epoch 1891 | loss 8.5898 | lr 8.46e-04 | 0.4s
epoch 1892 | loss 8.6312 | lr 8.45e-04 | 0.4s
epoch 1893 | loss 8.6583 | lr 8.45e-04 | 0.4s
epoch 1894 | loss 8.6696 | lr 8.44e-04 | 0.4s
epoch 1895 | loss 8.6216 | lr 8.44e-04 | 0.4s
epoch 1896 | loss 8.6003 | lr 8.43e-04 | 0.4s
epoch 1897 | loss 8.6265 | lr 8.42e-04 | 0.4s
epoch 1898 | loss 8.5947 | lr 8.42e-04 | 0.4s
epoch 1899 | loss 8.6051 | lr 8.41e-04 | 0.4s
epoch 1900 | loss 8.6189 | lr 8.41e-04 | 0.4s
epoch 1901 | loss 8.6029 | lr 8.40e-04 | 0.4s
epoch 1902 | loss 8.5944 | lr 8.39e-04 | 0.4s
epoch 1903 | loss 8.6223 | lr 8.39e-04 | 0.4s
epoch 1904 | loss 8.6434 | lr 8.38e-04 | 0.4s
epoch 1905 | loss 8.6157 | lr 8.38e-04 | 0.5s
epoch 1906 | loss 8.6469 | lr 8.37e-04 | 0.4s
epoch 1907 | loss 8.6152 | lr 8.36e-04 | 0.4s
epoch 1908 | loss 8.6390 | lr 8.36e-04 | 0.5s
epoch 1909 | loss 8.6115 | lr 8.35e-04 | 0.4s
epoch 1910 | loss 8.6057 | lr 8.34e-04 | 0.4s
epoch 1911 | loss 8.6374 | lr 8.34e-04 | 0.4s
epoch 1912 | loss 8.6491 | lr 8.33e-04 | 0.4s
epoch 1913 | loss 8.6327 | lr 8.33e-04 | 0.5s
epoch 1914 | loss 8.6121 | lr 8.32e-04 | 0.4s
epoch 1915 | loss 8.6220 | lr 8.31e-04 | 0.4s
epoch 1916 | loss 8.6213 | lr 8.31e-04 | 0.4s
epoch 1917 | loss 8.5237 | lr 8.30e-04 | 0.4s
epoch 1918 | loss 8.6483 | lr 8.30e-04 | 0.4s
epoch 1919 | loss 8.6099 | lr 8.29e-04 | 0.4s
epoch 1920 | loss 8.6047 | lr 8.28e-04 | 0.4s
epoch 1921 | loss 8.6049 | lr 8.28e-04 | 0.4s
epoch 1922 | loss 8.6089 | lr 8.27e-04 | 0.4s
epoch 1923 | loss 8.5955 | lr 8.27e-04 | 0.4s
epoch 1924 | loss 8.6100 | lr 8.26e-04 | 0.4s
epoch 1925 | loss 8.6270 | lr 8.25e-04 | 0.4s
epoch 1926 | loss 8.6216 | lr 8.25e-04 | 0.4s
epoch 1927 | loss 8.6008 | lr 8.24e-04 | 0.4s
epoch 1928 | loss 8.6272 | lr 8.23e-04 | 0.4s
epoch 1929 | loss 8.5913 | lr 8.23e-04 | 0.4s
epoch 1930 | loss 8.5883 | lr 8.22e-04 | 0.4s
epoch 1931 | loss 8.6517 | lr 8.22e-04 | 0.5s
epoch 1932 | loss 8.6136 | lr 8.21e-04 | 0.4s
epoch 1933 | loss 8.6278 | lr 8.20e-04 | 0.4s
epoch 1934 | loss 8.6238 | lr 8.20e-04 | 0.4s
epoch 1935 | loss 8.6264 | lr 8.19e-04 | 0.4s
epoch 1936 | loss 8.5861 | lr 8.19e-04 | 0.4s
epoch 1937 | loss 8.6413 | lr 8.18e-04 | 0.4s
epoch 1938 | loss 8.6501 | lr 8.17e-04 | 0.4s
epoch 1939 | loss 8.6001 | lr 8.17e-04 | 0.4s
epoch 1940 | loss 8.6314 | lr 8.16e-04 | 0.4s
epoch 1941 | loss 8.6490 | lr 8.16e-04 | 0.4s
epoch 1942 | loss 8.5591 | lr 8.15e-04 | 0.4s
epoch 1943 | loss 8.6147 | lr 8.14e-04 | 0.4s
epoch 1944 | loss 8.5876 | lr 8.14e-04 | 0.4s
epoch 1945 | loss 8.6051 | lr 8.13e-04 | 0.4s
epoch 1946 | loss 8.6281 | lr 8.12e-04 | 0.4s
epoch 1947 | loss 8.6038 | lr 8.12e-04 | 0.4s
epoch 1948 | loss 8.6177 | lr 8.11e-04 | 0.4s
epoch 1949 | loss 8.6361 | lr 8.11e-04 | 0.4s
epoch 1950 | loss 8.6309 | lr 8.10e-04 | 0.4s
epoch 1951 | loss 8.6231 | lr 8.09e-04 | 0.4s
epoch 1952 | loss 8.5775 | lr 8.09e-04 | 0.4s
epoch 1953 | loss 8.5419 | lr 8.08e-04 | 0.4s
epoch 1954 | loss 8.6385 | lr 8.08e-04 | 0.4s
epoch 1955 | loss 8.6283 | lr 8.07e-04 | 0.4s
epoch 1956 | loss 8.6298 | lr 8.06e-04 | 0.4s
epoch 1957 | loss 8.6659 | lr 8.06e-04 | 0.4s
epoch 1958 | loss 8.6141 | lr 8.05e-04 | 0.4s
epoch 1959 | loss 8.6265 | lr 8.05e-04 | 0.4s
epoch 1960 | loss 8.6351 | lr 8.04e-04 | 0.4s
epoch 1961 | loss 8.5879 | lr 8.03e-04 | 0.4s
epoch 1962 | loss 8.6078 | lr 8.03e-04 | 0.4s
epoch 1963 | loss 8.6204 | lr 8.02e-04 | 0.4s
epoch 1964 | loss 8.5768 | lr 8.01e-04 | 0.4s
epoch 1965 | loss 8.6305 | lr 8.01e-04 | 0.4s
epoch 1966 | loss 8.5799 | lr 8.00e-04 | 0.4s
epoch 1967 | loss 8.5664 | lr 8.00e-04 | 0.4s
epoch 1968 | loss 8.6266 | lr 7.99e-04 | 0.4s
epoch 1969 | loss 8.6010 | lr 7.98e-04 | 0.4s
epoch 1970 | loss 8.5855 | lr 7.98e-04 | 0.4s
epoch 1971 | loss 8.6020 | lr 7.97e-04 | 0.4s
epoch 1972 | loss 8.5932 | lr 7.97e-04 | 0.4s
epoch 1973 | loss 8.6064 | lr 7.96e-04 | 0.4s
epoch 1974 | loss 8.5712 | lr 7.95e-04 | 0.4s
epoch 1975 | loss 8.6488 | lr 7.95e-04 | 0.4s
epoch 1976 | loss 8.6483 | lr 7.94e-04 | 0.4s
epoch 1977 | loss 8.6124 | lr 7.93e-04 | 0.4s
epoch 1978 | loss 8.6699 | lr 7.93e-04 | 0.4s
epoch 1979 | loss 8.5946 | lr 7.92e-04 | 0.4s
epoch 1980 | loss 8.5670 | lr 7.92e-04 | 0.4s
epoch 1981 | loss 8.6326 | lr 7.91e-04 | 0.4s
epoch 1982 | loss 8.5618 | lr 7.90e-04 | 0.4s
epoch 1983 | loss 8.6126 | lr 7.90e-04 | 0.4s
epoch 1984 | loss 8.5817 | lr 7.89e-04 | 0.4s
epoch 1985 | loss 8.6234 | lr 7.89e-04 | 0.4s
epoch 1986 | loss 8.6335 | lr 7.88e-04 | 0.4s
epoch 1987 | loss 8.5954 | lr 7.87e-04 | 0.4s
epoch 1988 | loss 8.6067 | lr 7.87e-04 | 0.4s
epoch 1989 | loss 8.5801 | lr 7.86e-04 | 0.4s
epoch 1990 | loss 8.6455 | lr 7.86e-04 | 0.4s
epoch 1991 | loss 8.5562 | lr 7.85e-04 | 0.4s
epoch 1992 | loss 8.6016 | lr 7.84e-04 | 0.4s
epoch 1993 | loss 8.6198 | lr 7.84e-04 | 0.4s
epoch 1994 | loss 8.5619 | lr 7.83e-04 | 0.4s
epoch 1995 | loss 8.5916 | lr 7.82e-04 | 0.4s
epoch 1996 | loss 8.5864 | lr 7.82e-04 | 0.5s
epoch 1997 | loss 8.5715 | lr 7.81e-04 | 0.4s
epoch 1998 | loss 8.5713 | lr 7.81e-04 | 0.4s
epoch 1999 | loss 8.5828 | lr 7.80e-04 | 0.4s
epoch 2000 | loss 8.6028 | lr 7.79e-04 | 0.4s
epoch 2001 | loss 8.6051 | lr 7.79e-04 | 0.4s
epoch 2002 | loss 8.6081 | lr 7.78e-04 | 0.5s
epoch 2003 | loss 8.6298 | lr 7.78e-04 | 0.4s
epoch 2004 | loss 8.6172 | lr 7.77e-04 | 0.5s
epoch 2005 | loss 8.5919 | lr 7.76e-04 | 0.4s
epoch 2006 | loss 8.6455 | lr 7.76e-04 | 0.4s
epoch 2007 | loss 8.5940 | lr 7.75e-04 | 0.5s
epoch 2008 | loss 8.6118 | lr 7.74e-04 | 0.5s
epoch 2009 | loss 8.5684 | lr 7.74e-04 | 0.5s
epoch 2010 | loss 8.5946 | lr 7.73e-04 | 0.5s
epoch 2011 | loss 8.5579 | lr 7.73e-04 | 0.4s
epoch 2012 | loss 8.5565 | lr 7.72e-04 | 0.4s
epoch 2013 | loss 8.6454 | lr 7.71e-04 | 0.4s
epoch 2014 | loss 8.6454 | lr 7.71e-04 | 0.5s
epoch 2015 | loss 8.6031 | lr 7.70e-04 | 0.5s
epoch 2016 | loss 8.6130 | lr 7.70e-04 | 0.4s
epoch 2017 | loss 8.6318 | lr 7.69e-04 | 0.4s
epoch 2018 | loss 8.5858 | lr 7.68e-04 | 0.4s
epoch 2019 | loss 8.6126 | lr 7.68e-04 | 0.4s
epoch 2020 | loss 8.5901 | lr 7.67e-04 | 0.4s
epoch 2021 | loss 8.6101 | lr 7.67e-04 | 0.4s
epoch 2022 | loss 8.6020 | lr 7.66e-04 | 0.4s
epoch 2023 | loss 8.5999 | lr 7.65e-04 | 0.4s
epoch 2024 | loss 8.6063 | lr 7.65e-04 | 0.4s
epoch 2025 | loss 8.6000 | lr 7.64e-04 | 0.4s
epoch 2026 | loss 8.6226 | lr 7.63e-04 | 0.4s
epoch 2027 | loss 8.5661 | lr 7.63e-04 | 0.4s
epoch 2028 | loss 8.6053 | lr 7.62e-04 | 0.5s
epoch 2029 | loss 8.6109 | lr 7.62e-04 | 0.4s
epoch 2030 | loss 8.5725 | lr 7.61e-04 | 0.5s
epoch 2031 | loss 8.6336 | lr 7.60e-04 | 0.5s
epoch 2032 | loss 8.6267 | lr 7.60e-04 | 0.4s
epoch 2033 | loss 8.5776 | lr 7.59e-04 | 0.4s
epoch 2034 | loss 8.5795 | lr 7.59e-04 | 0.5s
epoch 2035 | loss 8.6555 | lr 7.58e-04 | 0.4s
epoch 2036 | loss 8.5963 | lr 7.57e-04 | 0.5s
epoch 2037 | loss 8.5702 | lr 7.57e-04 | 0.4s
epoch 2038 | loss 8.5910 | lr 7.56e-04 | 0.5s
epoch 2039 | loss 8.6133 | lr 7.55e-04 | 0.5s
epoch 2040 | loss 8.6058 | lr 7.55e-04 | 0.4s
epoch 2041 | loss 8.6111 | lr 7.54e-04 | 0.4s
epoch 2042 | loss 8.5858 | lr 7.54e-04 | 0.4s
epoch 2043 | loss 8.5856 | lr 7.53e-04 | 0.4s
epoch 2044 | loss 8.5847 | lr 7.52e-04 | 0.4s
epoch 2045 | loss 8.5586 | lr 7.52e-04 | 0.4s
epoch 2046 | loss 8.6089 | lr 7.51e-04 | 0.4s
epoch 2047 | loss 8.6268 | lr 7.51e-04 | 0.4s
epoch 2048 | loss 8.6250 | lr 7.50e-04 | 0.4s
epoch 2049 | loss 8.5930 | lr 7.49e-04 | 0.4s
epoch 2050 | loss 8.5664 | lr 7.49e-04 | 0.4s
epoch 2051 | loss 8.5692 | lr 7.48e-04 | 0.5s
epoch 2052 | loss 8.5832 | lr 7.48e-04 | 0.4s
epoch 2053 | loss 8.5992 | lr 7.47e-04 | 0.5s
epoch 2054 | loss 8.6239 | lr 7.46e-04 | 0.4s
epoch 2055 | loss 8.5208 | lr 7.46e-04 | 0.4s
epoch 2056 | loss 8.5748 | lr 7.45e-04 | 0.4s
epoch 2057 | loss 8.5704 | lr 7.44e-04 | 0.4s
epoch 2058 | loss 8.5654 | lr 7.44e-04 | 0.4s
epoch 2059 | loss 8.6026 | lr 7.43e-04 | 0.4s
epoch 2060 | loss 8.5568 | lr 7.43e-04 | 0.5s
epoch 2061 | loss 8.6143 | lr 7.42e-04 | 0.4s
epoch 2062 | loss 8.5773 | lr 7.41e-04 | 0.4s
epoch 2063 | loss 8.6023 | lr 7.41e-04 | 0.4s
epoch 2064 | loss 8.5957 | lr 7.40e-04 | 0.5s
epoch 2065 | loss 8.5641 | lr 7.40e-04 | 0.4s
epoch 2066 | loss 8.6266 | lr 7.39e-04 | 0.4s
epoch 2067 | loss 8.5421 | lr 7.38e-04 | 0.5s
epoch 2068 | loss 8.5743 | lr 7.38e-04 | 0.5s
epoch 2069 | loss 8.5777 | lr 7.37e-04 | 0.4s
epoch 2070 | loss 8.6284 | lr 7.37e-04 | 0.4s
epoch 2071 | loss 8.6417 | lr 7.36e-04 | 0.4s
epoch 2072 | loss 8.6248 | lr 7.35e-04 | 0.5s
epoch 2073 | loss 8.5729 | lr 7.35e-04 | 0.4s
epoch 2074 | loss 8.5752 | lr 7.34e-04 | 0.4s
epoch 2075 | loss 8.5737 | lr 7.33e-04 | 0.5s
epoch 2076 | loss 8.5727 | lr 7.33e-04 | 0.4s
epoch 2077 | loss 8.6286 | lr 7.32e-04 | 0.5s
epoch 2078 | loss 8.6096 | lr 7.32e-04 | 0.5s
epoch 2079 | loss 8.6258 | lr 7.31e-04 | 0.4s
epoch 2080 | loss 8.6239 | lr 7.30e-04 | 0.5s
epoch 2081 | loss 8.6075 | lr 7.30e-04 | 0.4s
epoch 2082 | loss 8.5024 | lr 7.29e-04 | 0.4s
epoch 2083 | loss 8.5895 | lr 7.29e-04 | 0.4s
epoch 2084 | loss 8.5823 | lr 7.28e-04 | 0.4s
epoch 2085 | loss 8.5890 | lr 7.27e-04 | 0.4s
epoch 2086 | loss 8.6424 | lr 7.27e-04 | 0.5s
epoch 2087 | loss 8.5661 | lr 7.26e-04 | 0.5s
epoch 2088 | loss 8.6469 | lr 7.26e-04 | 0.4s
epoch 2089 | loss 8.5848 | lr 7.25e-04 | 0.5s
epoch 2090 | loss 8.5798 | lr 7.24e-04 | 0.5s
epoch 2091 | loss 8.5815 | lr 7.24e-04 | 0.5s
epoch 2092 | loss 8.6330 | lr 7.23e-04 | 0.5s
epoch 2093 | loss 8.6062 | lr 7.22e-04 | 0.5s
epoch 2094 | loss 8.5951 | lr 7.22e-04 | 0.5s
epoch 2095 | loss 8.6001 | lr 7.21e-04 | 0.4s
epoch 2096 | loss 8.6222 | lr 7.21e-04 | 0.4s
epoch 2097 | loss 8.5353 | lr 7.20e-04 | 0.5s
epoch 2098 | loss 8.6006 | lr 7.19e-04 | 0.4s
epoch 2099 | loss 8.5984 | lr 7.19e-04 | 0.5s
epoch 2100 | loss 8.5905 | lr 7.18e-04 | 0.4s
epoch 2101 | loss 8.5984 | lr 7.18e-04 | 0.5s
epoch 2102 | loss 8.5510 | lr 7.17e-04 | 0.5s
epoch 2103 | loss 8.6063 | lr 7.16e-04 | 0.4s
epoch 2104 | loss 8.6026 | lr 7.16e-04 | 0.5s
epoch 2105 | loss 8.5967 | lr 7.15e-04 | 0.4s
epoch 2106 | loss 8.6623 | lr 7.15e-04 | 0.4s
epoch 2107 | loss 8.6220 | lr 7.14e-04 | 0.4s
epoch 2108 | loss 8.5513 | lr 7.13e-04 | 0.4s
epoch 2109 | loss 8.6190 | lr 7.13e-04 | 0.5s
epoch 2110 | loss 8.5989 | lr 7.12e-04 | 0.4s
epoch 2111 | loss 8.6223 | lr 7.11e-04 | 0.4s
epoch 2112 | loss 8.6095 | lr 7.11e-04 | 0.5s
epoch 2113 | loss 8.6116 | lr 7.10e-04 | 0.5s
epoch 2114 | loss 8.5985 | lr 7.10e-04 | 0.5s
epoch 2115 | loss 8.5784 | lr 7.09e-04 | 0.4s
epoch 2116 | loss 8.5773 | lr 7.08e-04 | 0.4s
epoch 2117 | loss 8.5958 | lr 7.08e-04 | 0.4s
epoch 2118 | loss 8.6255 | lr 7.07e-04 | 0.5s
epoch 2119 | loss 8.5600 | lr 7.07e-04 | 0.4s
epoch 2120 | loss 8.6001 | lr 7.06e-04 | 0.4s
epoch 2121 | loss 8.5793 | lr 7.05e-04 | 0.4s
epoch 2122 | loss 8.6268 | lr 7.05e-04 | 0.4s
epoch 2123 | loss 8.6029 | lr 7.04e-04 | 0.4s
epoch 2124 | loss 8.5751 | lr 7.04e-04 | 0.5s
epoch 2125 | loss 8.5664 | lr 7.03e-04 | 0.4s
epoch 2126 | loss 8.5986 | lr 7.02e-04 | 0.4s
epoch 2127 | loss 8.5347 | lr 7.02e-04 | 0.5s
epoch 2128 | loss 8.5847 | lr 7.01e-04 | 0.4s
epoch 2129 | loss 8.6026 | lr 7.00e-04 | 0.5s
epoch 2130 | loss 8.5621 | lr 7.00e-04 | 0.5s
epoch 2131 | loss 8.6119 | lr 6.99e-04 | 0.4s
epoch 2132 | loss 8.5903 | lr 6.99e-04 | 0.4s
epoch 2133 | loss 8.5783 | lr 6.98e-04 | 0.5s
epoch 2134 | loss 8.5167 | lr 6.97e-04 | 0.4s
epoch 2135 | loss 8.5563 | lr 6.97e-04 | 0.4s
epoch 2136 | loss 8.5517 | lr 6.96e-04 | 0.4s
epoch 2137 | loss 8.5755 | lr 6.96e-04 | 0.5s
epoch 2138 | loss 8.6284 | lr 6.95e-04 | 0.4s
epoch 2139 | loss 8.5679 | lr 6.94e-04 | 0.4s
epoch 2140 | loss 8.5449 | lr 6.94e-04 | 0.5s
epoch 2141 | loss 8.5960 | lr 6.93e-04 | 0.4s
epoch 2142 | loss 8.5529 | lr 6.93e-04 | 0.5s
epoch 2143 | loss 8.5683 | lr 6.92e-04 | 0.4s
epoch 2144 | loss 8.5449 | lr 6.91e-04 | 0.4s
epoch 2145 | loss 8.5811 | lr 6.91e-04 | 0.4s
epoch 2146 | loss 8.6198 | lr 6.90e-04 | 0.5s
epoch 2147 | loss 8.6129 | lr 6.90e-04 | 0.5s
epoch 2148 | loss 8.5452 | lr 6.89e-04 | 0.4s
epoch 2149 | loss 8.6050 | lr 6.88e-04 | 0.5s
epoch 2150 | loss 8.5515 | lr 6.88e-04 | 0.4s
epoch 2151 | loss 8.5602 | lr 6.87e-04 | 0.4s
epoch 2152 | loss 8.5300 | lr 6.86e-04 | 0.4s
epoch 2153 | loss 8.5735 | lr 6.86e-04 | 0.5s
epoch 2154 | loss 8.6159 | lr 6.85e-04 | 0.4s
epoch 2155 | loss 8.5577 | lr 6.85e-04 | 0.4s
epoch 2156 | loss 8.5772 | lr 6.84e-04 | 0.4s
epoch 2157 | loss 8.5800 | lr 6.83e-04 | 0.4s
epoch 2158 | loss 8.5671 | lr 6.83e-04 | 0.5s
epoch 2159 | loss 8.6139 | lr 6.82e-04 | 0.5s
epoch 2160 | loss 8.6236 | lr 6.82e-04 | 0.4s
epoch 2161 | loss 8.5877 | lr 6.81e-04 | 0.4s
epoch 2162 | loss 8.6292 | lr 6.80e-04 | 0.5s
epoch 2163 | loss 8.5807 | lr 6.80e-04 | 0.4s
epoch 2164 | loss 8.5717 | lr 6.79e-04 | 0.4s
epoch 2165 | loss 8.6310 | lr 6.79e-04 | 0.5s
epoch 2166 | loss 8.6235 | lr 6.78e-04 | 0.5s
epoch 2167 | loss 8.5800 | lr 6.77e-04 | 0.5s
epoch 2168 | loss 8.6338 | lr 6.77e-04 | 0.4s
epoch 2169 | loss 8.5812 | lr 6.76e-04 | 0.4s
epoch 2170 | loss 8.5517 | lr 6.76e-04 | 0.4s
epoch 2171 | loss 8.5797 | lr 6.75e-04 | 0.5s
epoch 2172 | loss 8.5519 | lr 6.74e-04 | 0.4s
epoch 2173 | loss 8.5694 | lr 6.74e-04 | 0.4s
epoch 2174 | loss 8.5632 | lr 6.73e-04 | 0.4s
epoch 2175 | loss 8.6139 | lr 6.73e-04 | 0.5s
epoch 2176 | loss 8.5494 | lr 6.72e-04 | 0.4s
epoch 2177 | loss 8.5780 | lr 6.71e-04 | 0.4s
epoch 2178 | loss 8.5707 | lr 6.71e-04 | 0.4s
epoch 2179 | loss 8.5999 | lr 6.70e-04 | 0.4s
epoch 2180 | loss 8.5778 | lr 6.69e-04 | 0.4s
epoch 2181 | loss 8.6119 | lr 6.69e-04 | 0.4s
epoch 2182 | loss 8.6041 | lr 6.68e-04 | 0.5s
epoch 2183 | loss 8.5767 | lr 6.68e-04 | 0.4s
epoch 2184 | loss 8.5955 | lr 6.67e-04 | 0.5s
epoch 2185 | loss 8.5902 | lr 6.66e-04 | 0.5s
epoch 2186 | loss 8.5763 | lr 6.66e-04 | 0.4s
epoch 2187 | loss 8.5582 | lr 6.65e-04 | 0.4s
epoch 2188 | loss 8.5465 | lr 6.65e-04 | 0.4s
epoch 2189 | loss 8.6082 | lr 6.64e-04 | 0.4s
epoch 2190 | loss 8.5691 | lr 6.63e-04 | 0.5s
epoch 2191 | loss 8.5874 | lr 6.63e-04 | 0.5s
epoch 2192 | loss 8.5638 | lr 6.62e-04 | 0.4s
epoch 2193 | loss 8.5416 | lr 6.62e-04 | 0.4s
epoch 2194 | loss 8.5441 | lr 6.61e-04 | 0.4s
epoch 2195 | loss 8.6059 | lr 6.60e-04 | 0.4s
epoch 2196 | loss 8.5857 | lr 6.60e-04 | 0.4s
epoch 2197 | loss 8.5735 | lr 6.59e-04 | 0.4s
epoch 2198 | loss 8.5650 | lr 6.59e-04 | 0.4s
epoch 2199 | loss 8.5610 | lr 6.58e-04 | 0.4s
epoch 2200 | loss 8.5786 | lr 6.57e-04 | 0.4s
epoch 2201 | loss 8.5712 | lr 6.57e-04 | 0.4s
epoch 2202 | loss 8.5731 | lr 6.56e-04 | 0.4s
epoch 2203 | loss 8.6238 | lr 6.56e-04 | 0.5s
epoch 2204 | loss 8.5999 | lr 6.55e-04 | 0.5s
epoch 2205 | loss 8.5414 | lr 6.54e-04 | 0.5s
epoch 2206 | loss 8.5839 | lr 6.54e-04 | 0.4s
epoch 2207 | loss 8.5606 | lr 6.53e-04 | 0.4s
epoch 2208 | loss 8.6003 | lr 6.53e-04 | 0.4s
epoch 2209 | loss 8.5562 | lr 6.52e-04 | 0.4s
epoch 2210 | loss 8.5737 | lr 6.51e-04 | 0.4s
epoch 2211 | loss 8.5699 | lr 6.51e-04 | 0.4s
epoch 2212 | loss 8.5826 | lr 6.50e-04 | 0.5s
epoch 2213 | loss 8.5934 | lr 6.50e-04 | 0.4s
epoch 2214 | loss 8.5953 | lr 6.49e-04 | 0.4s
epoch 2215 | loss 8.5970 | lr 6.48e-04 | 0.5s
epoch 2216 | loss 8.5551 | lr 6.48e-04 | 0.5s
epoch 2217 | loss 8.5583 | lr 6.47e-04 | 0.4s
epoch 2218 | loss 8.5475 | lr 6.46e-04 | 0.4s
epoch 2219 | loss 8.5397 | lr 6.46e-04 | 0.5s
epoch 2220 | loss 8.5756 | lr 6.45e-04 | 0.5s
epoch 2221 | loss 8.5441 | lr 6.45e-04 | 0.4s
epoch 2222 | loss 8.5895 | lr 6.44e-04 | 0.4s
epoch 2223 | loss 8.5588 | lr 6.43e-04 | 0.5s
epoch 2224 | loss 8.5998 | lr 6.43e-04 | 0.5s
epoch 2225 | loss 8.5535 | lr 6.42e-04 | 0.4s
epoch 2226 | loss 8.5392 | lr 6.42e-04 | 0.4s
epoch 2227 | loss 8.5836 | lr 6.41e-04 | 0.4s
epoch 2228 | loss 8.5750 | lr 6.40e-04 | 0.4s
epoch 2229 | loss 8.5892 | lr 6.40e-04 | 0.4s
epoch 2230 | loss 8.6037 | lr 6.39e-04 | 0.5s
epoch 2231 | loss 8.5705 | lr 6.39e-04 | 0.5s
epoch 2232 | loss 8.5295 | lr 6.38e-04 | 0.4s
epoch 2233 | loss 8.5807 | lr 6.37e-04 | 0.5s
epoch 2234 | loss 8.5648 | lr 6.37e-04 | 0.4s
epoch 2235 | loss 8.5640 | lr 6.36e-04 | 0.5s
epoch 2236 | loss 8.6002 | lr 6.36e-04 | 0.4s
epoch 2237 | loss 8.5841 | lr 6.35e-04 | 0.5s
epoch 2238 | loss 8.5648 | lr 6.34e-04 | 0.5s
epoch 2239 | loss 8.5974 | lr 6.34e-04 | 0.4s
epoch 2240 | loss 8.5556 | lr 6.33e-04 | 0.4s
epoch 2241 | loss 8.5747 | lr 6.33e-04 | 0.4s
epoch 2242 | loss 8.5455 | lr 6.32e-04 | 0.4s
epoch 2243 | loss 8.6002 | lr 6.31e-04 | 0.5s
epoch 2244 | loss 8.6131 | lr 6.31e-04 | 0.4s
epoch 2245 | loss 8.5714 | lr 6.30e-04 | 0.5s
epoch 2246 | loss 8.5698 | lr 6.30e-04 | 0.4s
epoch 2247 | loss 8.5744 | lr 6.29e-04 | 0.4s
epoch 2248 | loss 8.5651 | lr 6.28e-04 | 0.4s
epoch 2249 | loss 8.5513 | lr 6.28e-04 | 0.4s
epoch 2250 | loss 8.5223 | lr 6.27e-04 | 0.4s
epoch 2251 | loss 8.5355 | lr 6.27e-04 | 0.5s
epoch 2252 | loss 8.5278 | lr 6.26e-04 | 0.4s
epoch 2253 | loss 8.5504 | lr 6.25e-04 | 0.4s
epoch 2254 | loss 8.5976 | lr 6.25e-04 | 0.4s
epoch 2255 | loss 8.5413 | lr 6.24e-04 | 0.5s
epoch 2256 | loss 8.5866 | lr 6.24e-04 | 0.4s
epoch 2257 | loss 8.5741 | lr 6.23e-04 | 0.5s
epoch 2258 | loss 8.5765 | lr 6.22e-04 | 0.5s
epoch 2259 | loss 8.5903 | lr 6.22e-04 | 0.5s
epoch 2260 | loss 8.5422 | lr 6.21e-04 | 0.4s
epoch 2261 | loss 8.5575 | lr 6.21e-04 | 0.5s
epoch 2262 | loss 8.6003 | lr 6.20e-04 | 0.4s
epoch 2263 | loss 8.6365 | lr 6.19e-04 | 0.4s
epoch 2264 | loss 8.5656 | lr 6.19e-04 | 0.4s
epoch 2265 | loss 8.6156 | lr 6.18e-04 | 0.5s
epoch 2266 | loss 8.5857 | lr 6.18e-04 | 0.5s
epoch 2267 | loss 8.5763 | lr 6.17e-04 | 0.5s
epoch 2268 | loss 8.5839 | lr 6.16e-04 | 0.5s
epoch 2269 | loss 8.5701 | lr 6.16e-04 | 0.5s
epoch 2270 | loss 8.5799 | lr 6.15e-04 | 0.4s
epoch 2271 | loss 8.5252 | lr 6.15e-04 | 0.4s
epoch 2272 | loss 8.5660 | lr 6.14e-04 | 0.5s
epoch 2273 | loss 8.6054 | lr 6.13e-04 | 0.4s
epoch 2274 | loss 8.5793 | lr 6.13e-04 | 0.5s
epoch 2275 | loss 8.5385 | lr 6.12e-04 | 0.4s
epoch 2276 | loss 8.5293 | lr 6.12e-04 | 0.4s
epoch 2277 | loss 8.5442 | lr 6.11e-04 | 0.4s
epoch 2278 | loss 8.5516 | lr 6.10e-04 | 0.4s
epoch 2279 | loss 8.5396 | lr 6.10e-04 | 0.4s
epoch 2280 | loss 8.5445 | lr 6.09e-04 | 0.5s
epoch 2281 | loss 8.5517 | lr 6.09e-04 | 0.5s
epoch 2282 | loss 8.5155 | lr 6.08e-04 | 0.5s
epoch 2283 | loss 8.5588 | lr 6.07e-04 | 0.4s
epoch 2284 | loss 8.6182 | lr 6.07e-04 | 0.4s
epoch 2285 | loss 8.5741 | lr 6.06e-04 | 0.5s
epoch 2286 | loss 8.5534 | lr 6.06e-04 | 0.4s
epoch 2287 | loss 8.5831 | lr 6.05e-04 | 0.4s
epoch 2288 | loss 8.5830 | lr 6.04e-04 | 0.4s
epoch 2289 | loss 8.5768 | lr 6.04e-04 | 0.5s
epoch 2290 | loss 8.6182 | lr 6.03e-04 | 0.4s
epoch 2291 | loss 8.5564 | lr 6.03e-04 | 0.4s
epoch 2292 | loss 8.5751 | lr 6.02e-04 | 0.4s
epoch 2293 | loss 8.5732 | lr 6.01e-04 | 0.4s
epoch 2294 | loss 8.5484 | lr 6.01e-04 | 0.5s
epoch 2295 | loss 8.5950 | lr 6.00e-04 | 0.5s
epoch 2296 | loss 8.6050 | lr 6.00e-04 | 0.4s
epoch 2297 | loss 8.5071 | lr 5.99e-04 | 0.5s
epoch 2298 | loss 8.5635 | lr 5.99e-04 | 0.5s
epoch 2299 | loss 8.5337 | lr 5.98e-04 | 0.4s
epoch 2300 | loss 8.5681 | lr 5.97e-04 | 0.4s
epoch 2301 | loss 8.5775 | lr 5.97e-04 | 0.4s
epoch 2302 | loss 8.5595 | lr 5.96e-04 | 0.5s
epoch 2303 | loss 8.5580 | lr 5.96e-04 | 0.4s
epoch 2304 | loss 8.6311 | lr 5.95e-04 | 0.5s
epoch 2305 | loss 8.5594 | lr 5.94e-04 | 0.4s
epoch 2306 | loss 8.5513 | lr 5.94e-04 | 0.4s
epoch 2307 | loss 8.5631 | lr 5.93e-04 | 0.4s
epoch 2308 | loss 8.5190 | lr 5.93e-04 | 0.5s
epoch 2309 | loss 8.5380 | lr 5.92e-04 | 0.5s
epoch 2310 | loss 8.5202 | lr 5.91e-04 | 0.4s
epoch 2311 | loss 8.5754 | lr 5.91e-04 | 0.4s
epoch 2312 | loss 8.5694 | lr 5.90e-04 | 0.5s
epoch 2313 | loss 8.5513 | lr 5.90e-04 | 0.5s
epoch 2314 | loss 8.6223 | lr 5.89e-04 | 0.4s
epoch 2315 | loss 8.5596 | lr 5.88e-04 | 0.4s
epoch 2316 | loss 8.5510 | lr 5.88e-04 | 0.5s
epoch 2317 | loss 8.5974 | lr 5.87e-04 | 0.5s
epoch 2318 | loss 8.5705 | lr 5.87e-04 | 0.4s
epoch 2319 | loss 8.6003 | lr 5.86e-04 | 0.5s
epoch 2320 | loss 8.5864 | lr 5.85e-04 | 0.5s
epoch 2321 | loss 8.5610 | lr 5.85e-04 | 0.5s
epoch 2322 | loss 8.5803 | lr 5.84e-04 | 0.4s
epoch 2323 | loss 8.5687 | lr 5.84e-04 | 0.4s
epoch 2324 | loss 8.5581 | lr 5.83e-04 | 0.5s
epoch 2325 | loss 8.6171 | lr 5.82e-04 | 0.4s
epoch 2326 | loss 8.5668 | lr 5.82e-04 | 0.4s
epoch 2327 | loss 8.5977 | lr 5.81e-04 | 0.4s
epoch 2328 | loss 8.5512 | lr 5.81e-04 | 0.4s
epoch 2329 | loss 8.5280 | lr 5.80e-04 | 0.4s
epoch 2330 | loss 8.6061 | lr 5.80e-04 | 0.4s
epoch 2331 | loss 8.5361 | lr 5.79e-04 | 0.4s
epoch 2332 | loss 8.5853 | lr 5.78e-04 | 0.4s
epoch 2333 | loss 8.5772 | lr 5.78e-04 | 0.4s
epoch 2334 | loss 8.5813 | lr 5.77e-04 | 0.4s
epoch 2335 | loss 8.5956 | lr 5.77e-04 | 0.4s
epoch 2336 | loss 8.5545 | lr 5.76e-04 | 0.4s
epoch 2337 | loss 8.6101 | lr 5.75e-04 | 0.4s
epoch 2338 | loss 8.5338 | lr 5.75e-04 | 0.5s
epoch 2339 | loss 8.5958 | lr 5.74e-04 | 0.5s
epoch 2340 | loss 8.5240 | lr 5.74e-04 | 0.5s
epoch 2341 | loss 8.5040 | lr 5.73e-04 | 0.4s
epoch 2342 | loss 8.5801 | lr 5.72e-04 | 0.4s
epoch 2343 | loss 8.5649 | lr 5.72e-04 | 0.5s
epoch 2344 | loss 8.5602 | lr 5.71e-04 | 0.4s
epoch 2345 | loss 8.5303 | lr 5.71e-04 | 0.4s
epoch 2346 | loss 8.5604 | lr 5.70e-04 | 0.4s
epoch 2347 | loss 8.5190 | lr 5.69e-04 | 0.5s
epoch 2348 | loss 8.5304 | lr 5.69e-04 | 0.5s
epoch 2349 | loss 8.5692 | lr 5.68e-04 | 0.4s
epoch 2350 | loss 8.5571 | lr 5.68e-04 | 0.4s
epoch 2351 | loss 8.6086 | lr 5.67e-04 | 0.4s
epoch 2352 | loss 8.5521 | lr 5.67e-04 | 0.4s
epoch 2353 | loss 8.5314 | lr 5.66e-04 | 0.4s
epoch 2354 | loss 8.5594 | lr 5.65e-04 | 0.4s
epoch 2355 | loss 8.5557 | lr 5.65e-04 | 0.4s
epoch 2356 | loss 8.5319 | lr 5.64e-04 | 0.5s
epoch 2357 | loss 8.5006 | lr 5.64e-04 | 0.5s
epoch 2358 | loss 8.5649 | lr 5.63e-04 | 0.5s
epoch 2359 | loss 8.5589 | lr 5.62e-04 | 0.4s
epoch 2360 | loss 8.5646 | lr 5.62e-04 | 0.4s
epoch 2361 | loss 8.5584 | lr 5.61e-04 | 0.5s
epoch 2362 | loss 8.5622 | lr 5.61e-04 | 0.4s
epoch 2363 | loss 8.5857 | lr 5.60e-04 | 0.4s
epoch 2364 | loss 8.5791 | lr 5.59e-04 | 0.5s
epoch 2365 | loss 8.5795 | lr 5.59e-04 | 0.5s
epoch 2366 | loss 8.5426 | lr 5.58e-04 | 0.5s
epoch 2367 | loss 8.5556 | lr 5.58e-04 | 0.4s
epoch 2368 | loss 8.5793 | lr 5.57e-04 | 0.4s
epoch 2369 | loss 8.5574 | lr 5.57e-04 | 0.4s
epoch 2370 | loss 8.5451 | lr 5.56e-04 | 0.5s
epoch 2371 | loss 8.5948 | lr 5.55e-04 | 0.4s
epoch 2372 | loss 8.5447 | lr 5.55e-04 | 0.4s
epoch 2373 | loss 8.5899 | lr 5.54e-04 | 0.5s
epoch 2374 | loss 8.5916 | lr 5.54e-04 | 0.4s
epoch 2375 | loss 8.5894 | lr 5.53e-04 | 0.4s
epoch 2376 | loss 8.5141 | lr 5.52e-04 | 0.5s
epoch 2377 | loss 8.5426 | lr 5.52e-04 | 0.4s
epoch 2378 | loss 8.5609 | lr 5.51e-04 | 0.5s
epoch 2379 | loss 8.5165 | lr 5.51e-04 | 0.5s
epoch 2380 | loss 8.4956 | lr 5.50e-04 | 0.5s
epoch 2381 | loss 8.5335 | lr 5.49e-04 | 0.4s
epoch 2382 | loss 8.5526 | lr 5.49e-04 | 0.4s
epoch 2383 | loss 8.5525 | lr 5.48e-04 | 0.5s
epoch 2384 | loss 8.5368 | lr 5.48e-04 | 0.4s
epoch 2385 | loss 8.5563 | lr 5.47e-04 | 0.4s
epoch 2386 | loss 8.5191 | lr 5.47e-04 | 0.5s
epoch 2387 | loss 8.5203 | lr 5.46e-04 | 0.4s
epoch 2388 | loss 8.5416 | lr 5.45e-04 | 0.4s
epoch 2389 | loss 8.5954 | lr 5.45e-04 | 0.4s
epoch 2390 | loss 8.5331 | lr 5.44e-04 | 0.5s
epoch 2391 | loss 8.5265 | lr 5.44e-04 | 0.4s
epoch 2392 | loss 8.5500 | lr 5.43e-04 | 0.4s
epoch 2393 | loss 8.5155 | lr 5.42e-04 | 0.5s
epoch 2394 | loss 8.5517 | lr 5.42e-04 | 0.5s
epoch 2395 | loss 8.6188 | lr 5.41e-04 | 0.4s
epoch 2396 | loss 8.5555 | lr 5.41e-04 | 0.4s
epoch 2397 | loss 8.5313 | lr 5.40e-04 | 0.4s
epoch 2398 | loss 8.5921 | lr 5.40e-04 | 0.4s
epoch 2399 | loss 8.5231 | lr 5.39e-04 | 0.5s
epoch 2400 | loss 8.5524 | lr 5.38e-04 | 0.5s
epoch 2401 | loss 8.5176 | lr 5.38e-04 | 0.4s
epoch 2402 | loss 8.5826 | lr 5.37e-04 | 0.5s
epoch 2403 | loss 8.5884 | lr 5.37e-04 | 0.4s
epoch 2404 | loss 8.5516 | lr 5.36e-04 | 0.5s
epoch 2405 | loss 8.5425 | lr 5.35e-04 | 0.5s
epoch 2406 | loss 8.5326 | lr 5.35e-04 | 0.5s
epoch 2407 | loss 8.5224 | lr 5.34e-04 | 0.4s
epoch 2408 | loss 8.5499 | lr 5.34e-04 | 0.5s
epoch 2409 | loss 8.5356 | lr 5.33e-04 | 0.4s
epoch 2410 | loss 8.5470 | lr 5.33e-04 | 0.4s
epoch 2411 | loss 8.5212 | lr 5.32e-04 | 0.5s
epoch 2412 | loss 8.5372 | lr 5.31e-04 | 0.4s
epoch 2413 | loss 8.5033 | lr 5.31e-04 | 0.4s
epoch 2414 | loss 8.5570 | lr 5.30e-04 | 0.4s
epoch 2415 | loss 8.5454 | lr 5.30e-04 | 0.4s
epoch 2416 | loss 8.5622 | lr 5.29e-04 | 0.4s
epoch 2417 | loss 8.5305 | lr 5.29e-04 | 0.4s
epoch 2418 | loss 8.5641 | lr 5.28e-04 | 0.4s
epoch 2419 | loss 8.4956 | lr 5.27e-04 | 0.5s
epoch 2420 | loss 8.5654 | lr 5.27e-04 | 0.4s
epoch 2421 | loss 8.5101 | lr 5.26e-04 | 0.5s
epoch 2422 | loss 8.5283 | lr 5.26e-04 | 0.5s
epoch 2423 | loss 8.5645 | lr 5.25e-04 | 0.5s
epoch 2424 | loss 8.4943 | lr 5.24e-04 | 0.4s
epoch 2425 | loss 8.5421 | lr 5.24e-04 | 0.4s
epoch 2426 | loss 8.5403 | lr 5.23e-04 | 0.5s
epoch 2427 | loss 8.5243 | lr 5.23e-04 | 0.4s
epoch 2428 | loss 8.5663 | lr 5.22e-04 | 0.4s
epoch 2429 | loss 8.5675 | lr 5.22e-04 | 0.5s
epoch 2430 | loss 8.5500 | lr 5.21e-04 | 0.5s
epoch 2431 | loss 8.5854 | lr 5.20e-04 | 0.4s
epoch 2432 | loss 8.5163 | lr 5.20e-04 | 0.4s
epoch 2433 | loss 8.5449 | lr 5.19e-04 | 0.4s
epoch 2434 | loss 8.5096 | lr 5.19e-04 | 0.5s
epoch 2435 | loss 8.5337 | lr 5.18e-04 | 0.4s
epoch 2436 | loss 8.5508 | lr 5.18e-04 | 0.4s
epoch 2437 | loss 8.5260 | lr 5.17e-04 | 0.4s
epoch 2438 | loss 8.5427 | lr 5.16e-04 | 0.5s
epoch 2439 | loss 8.5205 | lr 5.16e-04 | 0.4s
epoch 2440 | loss 8.5357 | lr 5.15e-04 | 0.4s
epoch 2441 | loss 8.5713 | lr 5.15e-04 | 0.5s
epoch 2442 | loss 8.5848 | lr 5.14e-04 | 0.4s
epoch 2443 | loss 8.5580 | lr 5.13e-04 | 0.4s
epoch 2444 | loss 8.4922 | lr 5.13e-04 | 0.4s
epoch 2445 | loss 8.5318 | lr 5.12e-04 | 0.4s
epoch 2446 | loss 8.6065 | lr 5.12e-04 | 0.4s
epoch 2447 | loss 8.5874 | lr 5.11e-04 | 0.4s
epoch 2448 | loss 8.5722 | lr 5.11e-04 | 0.5s
epoch 2449 | loss 8.5340 | lr 5.10e-04 | 0.5s
epoch 2450 | loss 8.5951 | lr 5.09e-04 | 0.5s
epoch 2451 | loss 8.5341 | lr 5.09e-04 | 0.4s
epoch 2452 | loss 8.5466 | lr 5.08e-04 | 0.4s
epoch 2453 | loss 8.5743 | lr 5.08e-04 | 0.4s
epoch 2454 | loss 8.5340 | lr 5.07e-04 | 0.4s
epoch 2455 | loss 8.5857 | lr 5.07e-04 | 0.4s
epoch 2456 | loss 8.5178 | lr 5.06e-04 | 0.5s
epoch 2457 | loss 8.5086 | lr 5.05e-04 | 0.5s
epoch 2458 | loss 8.5139 | lr 5.05e-04 | 0.4s
epoch 2459 | loss 8.5173 | lr 5.04e-04 | 0.4s
epoch 2460 | loss 8.5345 | lr 5.04e-04 | 0.4s
epoch 2461 | loss 8.5475 | lr 5.03e-04 | 0.5s
epoch 2462 | loss 8.5817 | lr 5.03e-04 | 0.5s
epoch 2463 | loss 8.5586 | lr 5.02e-04 | 0.4s
epoch 2464 | loss 8.4987 | lr 5.01e-04 | 0.4s
epoch 2465 | loss 8.5729 | lr 5.01e-04 | 0.4s
epoch 2466 | loss 8.5349 | lr 5.00e-04 | 0.4s
epoch 2467 | loss 8.5580 | lr 5.00e-04 | 0.4s
epoch 2468 | loss 8.5695 | lr 4.99e-04 | 0.4s
epoch 2469 | loss 8.5165 | lr 4.99e-04 | 0.4s
epoch 2470 | loss 8.5478 | lr 4.98e-04 | 0.5s
epoch 2471 | loss 8.5441 | lr 4.97e-04 | 0.5s
epoch 2472 | loss 8.5319 | lr 4.97e-04 | 0.5s
epoch 2473 | loss 8.4844 | lr 4.96e-04 | 0.4s
epoch 2474 | loss 8.5599 | lr 4.96e-04 | 0.5s
epoch 2475 | loss 8.5025 | lr 4.95e-04 | 0.5s
epoch 2476 | loss 8.5266 | lr 4.95e-04 | 0.5s
epoch 2477 | loss 8.5653 | lr 4.94e-04 | 0.5s
epoch 2478 | loss 8.5470 | lr 4.93e-04 | 0.5s
epoch 2479 | loss 8.5634 | lr 4.93e-04 | 0.4s
epoch 2480 | loss 8.5727 | lr 4.92e-04 | 0.4s
epoch 2481 | loss 8.5424 | lr 4.92e-04 | 0.4s
epoch 2482 | loss 8.5230 | lr 4.91e-04 | 0.5s
epoch 2483 | loss 8.5513 | lr 4.91e-04 | 0.5s
epoch 2484 | loss 8.5196 | lr 4.90e-04 | 0.4s
epoch 2485 | loss 8.5269 | lr 4.89e-04 | 0.4s
epoch 2486 | loss 8.4927 | lr 4.89e-04 | 0.5s
epoch 2487 | loss 8.5872 | lr 4.88e-04 | 0.5s
epoch 2488 | loss 8.5295 | lr 4.88e-04 | 0.5s
epoch 2489 | loss 8.5506 | lr 4.87e-04 | 0.5s
epoch 2490 | loss 8.5740 | lr 4.87e-04 | 0.5s
epoch 2491 | loss 8.5755 | lr 4.86e-04 | 0.4s
epoch 2492 | loss 8.4703 | lr 4.85e-04 | 0.5s
epoch 2493 | loss 8.5528 | lr 4.85e-04 | 0.4s
epoch 2494 | loss 8.5593 | lr 4.84e-04 | 0.5s
epoch 2495 | loss 8.5532 | lr 4.84e-04 | 0.5s
epoch 2496 | loss 8.5964 | lr 4.83e-04 | 0.5s
epoch 2497 | loss 8.5160 | lr 4.83e-04 | 0.5s
epoch 2498 | loss 8.5309 | lr 4.82e-04 | 0.5s
epoch 2499 | loss 8.5330 | lr 4.82e-04 | 0.5s
epoch 2500 | loss 8.5401 | lr 4.81e-04 | 0.5s
epoch 2501 | loss 8.5190 | lr 4.80e-04 | 0.5s
epoch 2502 | loss 8.5817 | lr 4.80e-04 | 0.5s
epoch 2503 | loss 8.4915 | lr 4.79e-04 | 0.5s
epoch 2504 | loss 8.4952 | lr 4.79e-04 | 0.5s
epoch 2505 | loss 8.5239 | lr 4.78e-04 | 0.5s
epoch 2506 | loss 8.5662 | lr 4.78e-04 | 0.5s
epoch 2507 | loss 8.5286 | lr 4.77e-04 | 0.5s
epoch 2508 | loss 8.5575 | lr 4.76e-04 | 0.4s
epoch 2509 | loss 8.5135 | lr 4.76e-04 | 0.5s
epoch 2510 | loss 8.5019 | lr 4.75e-04 | 0.5s
epoch 2511 | loss 8.5257 | lr 4.75e-04 | 0.5s
epoch 2512 | loss 8.5076 | lr 4.74e-04 | 0.5s
epoch 2513 | loss 8.5651 | lr 4.74e-04 | 0.4s
epoch 2514 | loss 8.5733 | lr 4.73e-04 | 0.5s
epoch 2515 | loss 8.5212 | lr 4.72e-04 | 0.5s
epoch 2516 | loss 8.5545 | lr 4.72e-04 | 0.5s
epoch 2517 | loss 8.5253 | lr 4.71e-04 | 0.5s
epoch 2518 | loss 8.5846 | lr 4.71e-04 | 0.5s
epoch 2519 | loss 8.5617 | lr 4.70e-04 | 0.5s
epoch 2520 | loss 8.6044 | lr 4.70e-04 | 0.5s
epoch 2521 | loss 8.5250 | lr 4.69e-04 | 0.4s
epoch 2522 | loss 8.4961 | lr 4.69e-04 | 0.5s
epoch 2523 | loss 8.5523 | lr 4.68e-04 | 0.5s
epoch 2524 | loss 8.5553 | lr 4.67e-04 | 0.5s
epoch 2525 | loss 8.5016 | lr 4.67e-04 | 0.4s
epoch 2526 | loss 8.5632 | lr 4.66e-04 | 0.5s
epoch 2527 | loss 8.5535 | lr 4.66e-04 | 0.5s
epoch 2528 | loss 8.5171 | lr 4.65e-04 | 0.5s
epoch 2529 | loss 8.5769 | lr 4.65e-04 | 0.5s
epoch 2530 | loss 8.5474 | lr 4.64e-04 | 0.5s
epoch 2531 | loss 8.5637 | lr 4.63e-04 | 0.5s
epoch 2532 | loss 8.5276 | lr 4.63e-04 | 0.5s
epoch 2533 | loss 8.5822 | lr 4.62e-04 | 0.5s
epoch 2534 | loss 8.5520 | lr 4.62e-04 | 0.5s
epoch 2535 | loss 8.5485 | lr 4.61e-04 | 0.5s
epoch 2536 | loss 8.5083 | lr 4.61e-04 | 0.5s
epoch 2537 | loss 8.5598 | lr 4.60e-04 | 0.5s
epoch 2538 | loss 8.5394 | lr 4.60e-04 | 0.5s
epoch 2539 | loss 8.5162 | lr 4.59e-04 | 0.5s
epoch 2540 | loss 8.4999 | lr 4.58e-04 | 0.5s
epoch 2541 | loss 8.5014 | lr 4.58e-04 | 0.4s
epoch 2542 | loss 8.5549 | lr 4.57e-04 | 0.4s
epoch 2543 | loss 8.5516 | lr 4.57e-04 | 0.4s
epoch 2544 | loss 8.4937 | lr 4.56e-04 | 0.4s
epoch 2545 | loss 8.5423 | lr 4.56e-04 | 0.4s
epoch 2546 | loss 8.5150 | lr 4.55e-04 | 0.4s
epoch 2547 | loss 8.5141 | lr 4.55e-04 | 0.5s
epoch 2548 | loss 8.5018 | lr 4.54e-04 | 0.4s
epoch 2549 | loss 8.5054 | lr 4.53e-04 | 0.5s
epoch 2550 | loss 8.5023 | lr 4.53e-04 | 0.4s
epoch 2551 | loss 8.5213 | lr 4.52e-04 | 0.4s
epoch 2552 | loss 8.5528 | lr 4.52e-04 | 0.5s
epoch 2553 | loss 8.5449 | lr 4.51e-04 | 0.5s
epoch 2554 | loss 8.5212 | lr 4.51e-04 | 0.5s
epoch 2555 | loss 8.5507 | lr 4.50e-04 | 0.5s
epoch 2556 | loss 8.5102 | lr 4.50e-04 | 0.4s
epoch 2557 | loss 8.4903 | lr 4.49e-04 | 0.4s
epoch 2558 | loss 8.5358 | lr 4.48e-04 | 0.4s
epoch 2559 | loss 8.5483 | lr 4.48e-04 | 0.5s
epoch 2560 | loss 8.5079 | lr 4.47e-04 | 0.4s
epoch 2561 | loss 8.5385 | lr 4.47e-04 | 0.4s
epoch 2562 | loss 8.5460 | lr 4.46e-04 | 0.5s
epoch 2563 | loss 8.5747 | lr 4.46e-04 | 0.4s
epoch 2564 | loss 8.5300 | lr 4.45e-04 | 0.4s
epoch 2565 | loss 8.4741 | lr 4.45e-04 | 0.5s
epoch 2566 | loss 8.5274 | lr 4.44e-04 | 0.4s
epoch 2567 | loss 8.4976 | lr 4.43e-04 | 0.5s
epoch 2568 | loss 8.4911 | lr 4.43e-04 | 0.4s
epoch 2569 | loss 8.5541 | lr 4.42e-04 | 0.4s
epoch 2570 | loss 8.5314 | lr 4.42e-04 | 0.5s
epoch 2571 | loss 8.5499 | lr 4.41e-04 | 0.5s
epoch 2572 | loss 8.5236 | lr 4.41e-04 | 0.4s
epoch 2573 | loss 8.5383 | lr 4.40e-04 | 0.5s
epoch 2574 | loss 8.5747 | lr 4.40e-04 | 0.5s
epoch 2575 | loss 8.5115 | lr 4.39e-04 | 0.4s
epoch 2576 | loss 8.4885 | lr 4.38e-04 | 0.4s
epoch 2577 | loss 8.4992 | lr 4.38e-04 | 0.4s
epoch 2578 | loss 8.4970 | lr 4.37e-04 | 0.5s
epoch 2579 | loss 8.5460 | lr 4.37e-04 | 0.5s
epoch 2580 | loss 8.5327 | lr 4.36e-04 | 0.5s
epoch 2581 | loss 8.4964 | lr 4.36e-04 | 0.5s
epoch 2582 | loss 8.5113 | lr 4.35e-04 | 0.5s
epoch 2583 | loss 8.4906 | lr 4.35e-04 | 0.5s
epoch 2584 | loss 8.5058 | lr 4.34e-04 | 0.4s
epoch 2585 | loss 8.5758 | lr 4.34e-04 | 0.4s
epoch 2586 | loss 8.5729 | lr 4.33e-04 | 0.4s
epoch 2587 | loss 8.5417 | lr 4.32e-04 | 0.5s
epoch 2588 | loss 8.5510 | lr 4.32e-04 | 0.4s
epoch 2589 | loss 8.4881 | lr 4.31e-04 | 0.4s
epoch 2590 | loss 8.5692 | lr 4.31e-04 | 0.4s
epoch 2591 | loss 8.4845 | lr 4.30e-04 | 0.4s
epoch 2592 | loss 8.5434 | lr 4.30e-04 | 0.5s
epoch 2593 | loss 8.5535 | lr 4.29e-04 | 0.5s
epoch 2594 | loss 8.5180 | lr 4.29e-04 | 0.4s
epoch 2595 | loss 8.5458 | lr 4.28e-04 | 0.4s
epoch 2596 | loss 8.5530 | lr 4.28e-04 | 0.4s
epoch 2597 | loss 8.5224 | lr 4.27e-04 | 0.5s
epoch 2598 | loss 8.5318 | lr 4.26e-04 | 0.4s
epoch 2599 | loss 8.5018 | lr 4.26e-04 | 0.4s
epoch 2600 | loss 8.5098 | lr 4.25e-04 | 0.4s
epoch 2601 | loss 8.5612 | lr 4.25e-04 | 0.5s
epoch 2602 | loss 8.5262 | lr 4.24e-04 | 0.4s
epoch 2603 | loss 8.5265 | lr 4.24e-04 | 0.5s
epoch 2604 | loss 8.4562 | lr 4.23e-04 | 0.4s
epoch 2605 | loss 8.4974 | lr 4.23e-04 | 0.4s
epoch 2606 | loss 8.5132 | lr 4.22e-04 | 0.5s
epoch 2607 | loss 8.5350 | lr 4.22e-04 | 0.5s
epoch 2608 | loss 8.5260 | lr 4.21e-04 | 0.5s
epoch 2609 | loss 8.5443 | lr 4.20e-04 | 0.5s
epoch 2610 | loss 8.5047 | lr 4.20e-04 | 0.4s
epoch 2611 | loss 8.5432 | lr 4.19e-04 | 0.4s
epoch 2612 | loss 8.5404 | lr 4.19e-04 | 0.5s
epoch 2613 | loss 8.5471 | lr 4.18e-04 | 0.4s
epoch 2614 | loss 8.5156 | lr 4.18e-04 | 0.4s
epoch 2615 | loss 8.4994 | lr 4.17e-04 | 0.5s
epoch 2616 | loss 8.5064 | lr 4.17e-04 | 0.4s
epoch 2617 | loss 8.5284 | lr 4.16e-04 | 0.4s
epoch 2618 | loss 8.5456 | lr 4.16e-04 | 0.4s
epoch 2619 | loss 8.5690 | lr 4.15e-04 | 0.5s
epoch 2620 | loss 8.5509 | lr 4.14e-04 | 0.4s
epoch 2621 | loss 8.5272 | lr 4.14e-04 | 0.5s
epoch 2622 | loss 8.4926 | lr 4.13e-04 | 0.4s
epoch 2623 | loss 8.5094 | lr 4.13e-04 | 0.5s
epoch 2624 | loss 8.5083 | lr 4.12e-04 | 0.4s
epoch 2625 | loss 8.5516 | lr 4.12e-04 | 0.4s
epoch 2626 | loss 8.4845 | lr 4.11e-04 | 0.5s
epoch 2627 | loss 8.4853 | lr 4.11e-04 | 0.5s
epoch 2628 | loss 8.5398 | lr 4.10e-04 | 0.5s
epoch 2629 | loss 8.4905 | lr 4.10e-04 | 0.4s
epoch 2630 | loss 8.5942 | lr 4.09e-04 | 0.5s
epoch 2631 | loss 8.5359 | lr 4.09e-04 | 0.4s
epoch 2632 | loss 8.5319 | lr 4.08e-04 | 0.5s
epoch 2633 | loss 8.5782 | lr 4.07e-04 | 0.5s
epoch 2634 | loss 8.5221 | lr 4.07e-04 | 0.4s
epoch 2635 | loss 8.5466 | lr 4.06e-04 | 0.5s
epoch 2636 | loss 8.5094 | lr 4.06e-04 | 0.5s
epoch 2637 | loss 8.5040 | lr 4.05e-04 | 0.5s
epoch 2638 | loss 8.5597 | lr 4.05e-04 | 0.4s
epoch 2639 | loss 8.5380 | lr 4.04e-04 | 0.4s
epoch 2640 | loss 8.5402 | lr 4.04e-04 | 0.5s
epoch 2641 | loss 8.5260 | lr 4.03e-04 | 0.5s
epoch 2642 | loss 8.5381 | lr 4.03e-04 | 0.4s
epoch 2643 | loss 8.5254 | lr 4.02e-04 | 0.5s
epoch 2644 | loss 8.5531 | lr 4.02e-04 | 0.4s
epoch 2645 | loss 8.5098 | lr 4.01e-04 | 0.4s
epoch 2646 | loss 8.5064 | lr 4.00e-04 | 0.4s
epoch 2647 | loss 8.5569 | lr 4.00e-04 | 0.4s
epoch 2648 | loss 8.5040 | lr 3.99e-04 | 0.4s
epoch 2649 | loss 8.5122 | lr 3.99e-04 | 0.4s
epoch 2650 | loss 8.5617 | lr 3.98e-04 | 0.5s
epoch 2651 | loss 8.5594 | lr 3.98e-04 | 0.5s
epoch 2652 | loss 8.5454 | lr 3.97e-04 | 0.4s
epoch 2653 | loss 8.5422 | lr 3.97e-04 | 0.4s
epoch 2654 | loss 8.5141 | lr 3.96e-04 | 0.5s
epoch 2655 | loss 8.5237 | lr 3.96e-04 | 0.5s
epoch 2656 | loss 8.5220 | lr 3.95e-04 | 0.4s
epoch 2657 | loss 8.5711 | lr 3.95e-04 | 0.4s
epoch 2658 | loss 8.4993 | lr 3.94e-04 | 0.5s
epoch 2659 | loss 8.4616 | lr 3.94e-04 | 0.5s
epoch 2660 | loss 8.5399 | lr 3.93e-04 | 0.4s
epoch 2661 | loss 8.4975 | lr 3.92e-04 | 0.5s
epoch 2662 | loss 8.5156 | lr 3.92e-04 | 0.5s
epoch 2663 | loss 8.5447 | lr 3.91e-04 | 0.4s
epoch 2664 | loss 8.5359 | lr 3.91e-04 | 0.4s
epoch 2665 | loss 8.5165 | lr 3.90e-04 | 0.4s
epoch 2666 | loss 8.5153 | lr 3.90e-04 | 0.5s
epoch 2667 | loss 8.5624 | lr 3.89e-04 | 0.4s
epoch 2668 | loss 8.4824 | lr 3.89e-04 | 0.5s
epoch 2669 | loss 8.5343 | lr 3.88e-04 | 0.4s
epoch 2670 | loss 8.5168 | lr 3.88e-04 | 0.4s
epoch 2671 | loss 8.5178 | lr 3.87e-04 | 0.5s
epoch 2672 | loss 8.5450 | lr 3.87e-04 | 0.4s
epoch 2673 | loss 8.5208 | lr 3.86e-04 | 0.4s
epoch 2674 | loss 8.5738 | lr 3.86e-04 | 0.4s
epoch 2675 | loss 8.5356 | lr 3.85e-04 | 0.4s
epoch 2676 | loss 8.5932 | lr 3.85e-04 | 0.4s
epoch 2677 | loss 8.5339 | lr 3.84e-04 | 0.5s
epoch 2678 | loss 8.5488 | lr 3.83e-04 | 0.5s
epoch 2679 | loss 8.5876 | lr 3.83e-04 | 0.4s
epoch 2680 | loss 8.5223 | lr 3.82e-04 | 0.4s
epoch 2681 | loss 8.4871 | lr 3.82e-04 | 0.4s
epoch 2682 | loss 8.5389 | lr 3.81e-04 | 0.4s
epoch 2683 | loss 8.5006 | lr 3.81e-04 | 0.4s
epoch 2684 | loss 8.5004 | lr 3.80e-04 | 0.4s
epoch 2685 | loss 8.5326 | lr 3.80e-04 | 0.4s
epoch 2686 | loss 8.5251 | lr 3.79e-04 | 0.4s
epoch 2687 | loss 8.5168 | lr 3.79e-04 | 0.5s
epoch 2688 | loss 8.5240 | lr 3.78e-04 | 0.4s
epoch 2689 | loss 8.5323 | lr 3.78e-04 | 0.4s
epoch 2690 | loss 8.5039 | lr 3.77e-04 | 0.4s
epoch 2691 | loss 8.5469 | lr 3.77e-04 | 0.4s
epoch 2692 | loss 8.5282 | lr 3.76e-04 | 0.4s
epoch 2693 | loss 8.5468 | lr 3.76e-04 | 0.5s
epoch 2694 | loss 8.5135 | lr 3.75e-04 | 0.4s
epoch 2695 | loss 8.4941 | lr 3.75e-04 | 0.4s
epoch 2696 | loss 8.5201 | lr 3.74e-04 | 0.5s
epoch 2697 | loss 8.4789 | lr 3.73e-04 | 0.5s
epoch 2698 | loss 8.5257 | lr 3.73e-04 | 0.5s
epoch 2699 | loss 8.4969 | lr 3.72e-04 | 0.4s
epoch 2700 | loss 8.5715 | lr 3.72e-04 | 0.4s
epoch 2701 | loss 8.5083 | lr 3.71e-04 | 0.4s
epoch 2702 | loss 8.5535 | lr 3.71e-04 | 0.4s
epoch 2703 | loss 8.5081 | lr 3.70e-04 | 0.5s
epoch 2704 | loss 8.5458 | lr 3.70e-04 | 0.5s
epoch 2705 | loss 8.4989 | lr 3.69e-04 | 0.4s
epoch 2706 | loss 8.5136 | lr 3.69e-04 | 0.4s
epoch 2707 | loss 8.4874 | lr 3.68e-04 | 0.5s
epoch 2708 | loss 8.5372 | lr 3.68e-04 | 0.4s
epoch 2709 | loss 8.5185 | lr 3.67e-04 | 0.4s
epoch 2710 | loss 8.4724 | lr 3.67e-04 | 0.5s
epoch 2711 | loss 8.4764 | lr 3.66e-04 | 0.4s
epoch 2712 | loss 8.4937 | lr 3.66e-04 | 0.4s
epoch 2713 | loss 8.5650 | lr 3.65e-04 | 0.5s
epoch 2714 | loss 8.5210 | lr 3.65e-04 | 0.5s
epoch 2715 | loss 8.5673 | lr 3.64e-04 | 0.5s
epoch 2716 | loss 8.5558 | lr 3.64e-04 | 0.4s
epoch 2717 | loss 8.4911 | lr 3.63e-04 | 0.4s
epoch 2718 | loss 8.5657 | lr 3.63e-04 | 0.4s
epoch 2719 | loss 8.5351 | lr 3.62e-04 | 0.5s
epoch 2720 | loss 8.5186 | lr 3.62e-04 | 0.4s
epoch 2721 | loss 8.5185 | lr 3.61e-04 | 0.4s
epoch 2722 | loss 8.5378 | lr 3.61e-04 | 0.4s
epoch 2723 | loss 8.5196 | lr 3.60e-04 | 0.5s
epoch 2724 | loss 8.5375 | lr 3.59e-04 | 0.5s
epoch 2725 | loss 8.5190 | lr 3.59e-04 | 0.5s
epoch 2726 | loss 8.5589 | lr 3.58e-04 | 0.4s
epoch 2727 | loss 8.5157 | lr 3.58e-04 | 0.4s
epoch 2728 | loss 8.5200 | lr 3.57e-04 | 0.5s
epoch 2729 | loss 8.4751 | lr 3.57e-04 | 0.4s
epoch 2730 | loss 8.5055 | lr 3.56e-04 | 0.4s
epoch 2731 | loss 8.4960 | lr 3.56e-04 | 0.5s
epoch 2732 | loss 8.5616 | lr 3.55e-04 | 0.5s
epoch 2733 | loss 8.5228 | lr 3.55e-04 | 0.5s
epoch 2734 | loss 8.5446 | lr 3.54e-04 | 0.4s
epoch 2735 | loss 8.5500 | lr 3.54e-04 | 0.5s
epoch 2736 | loss 8.5462 | lr 3.53e-04 | 0.5s
epoch 2737 | loss 8.5145 | lr 3.53e-04 | 0.4s
epoch 2738 | loss 8.4732 | lr 3.52e-04 | 0.4s
epoch 2739 | loss 8.5046 | lr 3.52e-04 | 0.4s
epoch 2740 | loss 8.4974 | lr 3.51e-04 | 0.4s
epoch 2741 | loss 8.5011 | lr 3.51e-04 | 0.5s
epoch 2742 | loss 8.4984 | lr 3.50e-04 | 0.5s
epoch 2743 | loss 8.5078 | lr 3.50e-04 | 0.4s
epoch 2744 | loss 8.5318 | lr 3.49e-04 | 0.4s
epoch 2745 | loss 8.4902 | lr 3.49e-04 | 0.4s
epoch 2746 | loss 8.5062 | lr 3.48e-04 | 0.5s
epoch 2747 | loss 8.5372 | lr 3.48e-04 | 0.4s
epoch 2748 | loss 8.4896 | lr 3.47e-04 | 0.4s
epoch 2749 | loss 8.4930 | lr 3.47e-04 | 0.4s
epoch 2750 | loss 8.4927 | lr 3.46e-04 | 0.4s
epoch 2751 | loss 8.5177 | lr 3.46e-04 | 0.4s
epoch 2752 | loss 8.4896 | lr 3.45e-04 | 0.4s
epoch 2753 | loss 8.5247 | lr 3.45e-04 | 0.4s
epoch 2754 | loss 8.5183 | lr 3.44e-04 | 0.4s
epoch 2755 | loss 8.5329 | lr 3.44e-04 | 0.4s
epoch 2756 | loss 8.5575 | lr 3.43e-04 | 0.4s
epoch 2757 | loss 8.4719 | lr 3.43e-04 | 0.4s
epoch 2758 | loss 8.5424 | lr 3.42e-04 | 0.4s
epoch 2759 | loss 8.5154 | lr 3.42e-04 | 0.4s
epoch 2760 | loss 8.5211 | lr 3.41e-04 | 0.4s
epoch 2761 | loss 8.5230 | lr 3.41e-04 | 0.4s
epoch 2762 | loss 8.5384 | lr 3.40e-04 | 0.4s
epoch 2763 | loss 8.4785 | lr 3.40e-04 | 0.4s
epoch 2764 | loss 8.5077 | lr 3.39e-04 | 0.4s
epoch 2765 | loss 8.4721 | lr 3.39e-04 | 0.4s
epoch 2766 | loss 8.5552 | lr 3.38e-04 | 0.4s
epoch 2767 | loss 8.5401 | lr 3.38e-04 | 0.4s
epoch 2768 | loss 8.5274 | lr 3.37e-04 | 0.4s
epoch 2769 | loss 8.5018 | lr 3.37e-04 | 0.4s
epoch 2770 | loss 8.5821 | lr 3.36e-04 | 0.4s
epoch 2771 | loss 8.5345 | lr 3.36e-04 | 0.4s
epoch 2772 | loss 8.5136 | lr 3.35e-04 | 0.4s
epoch 2773 | loss 8.5024 | lr 3.35e-04 | 0.4s
epoch 2774 | loss 8.5483 | lr 3.34e-04 | 0.4s
epoch 2775 | loss 8.4701 | lr 3.34e-04 | 0.4s
epoch 2776 | loss 8.4924 | lr 3.33e-04 | 0.4s
epoch 2777 | loss 8.5184 | lr 3.32e-04 | 0.4s
epoch 2778 | loss 8.5299 | lr 3.32e-04 | 0.4s
epoch 2779 | loss 8.5527 | lr 3.31e-04 | 0.4s
epoch 2780 | loss 8.5175 | lr 3.31e-04 | 0.5s
epoch 2781 | loss 8.5445 | lr 3.30e-04 | 0.4s
epoch 2782 | loss 8.5028 | lr 3.30e-04 | 0.4s
epoch 2783 | loss 8.5699 | lr 3.29e-04 | 0.4s
epoch 2784 | loss 8.5456 | lr 3.29e-04 | 0.4s
epoch 2785 | loss 8.5187 | lr 3.28e-04 | 0.4s
epoch 2786 | loss 8.5321 | lr 3.28e-04 | 0.4s
epoch 2787 | loss 8.4959 | lr 3.27e-04 | 0.4s
epoch 2788 | loss 8.4999 | lr 3.27e-04 | 0.4s
epoch 2789 | loss 8.5321 | lr 3.26e-04 | 0.4s
epoch 2790 | loss 8.4746 | lr 3.26e-04 | 0.4s
epoch 2791 | loss 8.4826 | lr 3.26e-04 | 0.4s
epoch 2792 | loss 8.5290 | lr 3.25e-04 | 0.4s
epoch 2793 | loss 8.4797 | lr 3.25e-04 | 0.4s
epoch 2794 | loss 8.4964 | lr 3.24e-04 | 0.4s
epoch 2795 | loss 8.5162 | lr 3.24e-04 | 0.4s
epoch 2796 | loss 8.5181 | lr 3.23e-04 | 0.4s
epoch 2797 | loss 8.5124 | lr 3.23e-04 | 0.4s
epoch 2798 | loss 8.5289 | lr 3.22e-04 | 0.4s
epoch 2799 | loss 8.4982 | lr 3.22e-04 | 0.4s
epoch 2800 | loss 8.5115 | lr 3.21e-04 | 0.4s
epoch 2801 | loss 8.4899 | lr 3.21e-04 | 0.4s
epoch 2802 | loss 8.5219 | lr 3.20e-04 | 0.4s
epoch 2803 | loss 8.5531 | lr 3.20e-04 | 0.4s
epoch 2804 | loss 8.5103 | lr 3.19e-04 | 0.4s
epoch 2805 | loss 8.4967 | lr 3.19e-04 | 0.4s
epoch 2806 | loss 8.4779 | lr 3.18e-04 | 0.4s
epoch 2807 | loss 8.4452 | lr 3.18e-04 | 0.4s
epoch 2808 | loss 8.5118 | lr 3.17e-04 | 0.4s
epoch 2809 | loss 8.5303 | lr 3.17e-04 | 0.5s
epoch 2810 | loss 8.5382 | lr 3.16e-04 | 0.5s
epoch 2811 | loss 8.4520 | lr 3.16e-04 | 0.4s
epoch 2812 | loss 8.4592 | lr 3.15e-04 | 0.4s
epoch 2813 | loss 8.5026 | lr 3.15e-04 | 0.4s
epoch 2814 | loss 8.5055 | lr 3.14e-04 | 0.4s
epoch 2815 | loss 8.4974 | lr 3.14e-04 | 0.4s
epoch 2816 | loss 8.5334 | lr 3.13e-04 | 0.4s
epoch 2817 | loss 8.4823 | lr 3.13e-04 | 0.4s
epoch 2818 | loss 8.5654 | lr 3.12e-04 | 0.4s
epoch 2819 | loss 8.4748 | lr 3.12e-04 | 0.4s
epoch 2820 | loss 8.4887 | lr 3.11e-04 | 0.5s
epoch 2821 | loss 8.5449 | lr 3.11e-04 | 0.5s
epoch 2822 | loss 8.5067 | lr 3.10e-04 | 0.4s
epoch 2823 | loss 8.4759 | lr 3.10e-04 | 0.4s
epoch 2824 | loss 8.4801 | lr 3.09e-04 | 0.5s
epoch 2825 | loss 8.5175 | lr 3.09e-04 | 0.4s
epoch 2826 | loss 8.5207 | lr 3.08e-04 | 0.5s
epoch 2827 | loss 8.5186 | lr 3.08e-04 | 0.4s
epoch 2828 | loss 8.4997 | lr 3.07e-04 | 0.4s
epoch 2829 | loss 8.5760 | lr 3.07e-04 | 0.4s
epoch 2830 | loss 8.4892 | lr 3.06e-04 | 0.4s
epoch 2831 | loss 8.5249 | lr 3.06e-04 | 0.4s
epoch 2832 | loss 8.5227 | lr 3.05e-04 | 0.4s
epoch 2833 | loss 8.4907 | lr 3.05e-04 | 0.4s
epoch 2834 | loss 8.5033 | lr 3.04e-04 | 0.4s
epoch 2835 | loss 8.5187 | lr 3.04e-04 | 0.4s
epoch 2836 | loss 8.5238 | lr 3.03e-04 | 0.4s
epoch 2837 | loss 8.5247 | lr 3.03e-04 | 0.4s
epoch 2838 | loss 8.5347 | lr 3.02e-04 | 0.4s
epoch 2839 | loss 8.5195 | lr 3.02e-04 | 0.5s
epoch 2840 | loss 8.5026 | lr 3.01e-04 | 0.4s
epoch 2841 | loss 8.4931 | lr 3.01e-04 | 0.4s
epoch 2842 | loss 8.5358 | lr 3.00e-04 | 0.4s
epoch 2843 | loss 8.5427 | lr 3.00e-04 | 0.4s
epoch 2844 | loss 8.5238 | lr 3.00e-04 | 0.4s
epoch 2845 | loss 8.4801 | lr 2.99e-04 | 0.4s
epoch 2846 | loss 8.5534 | lr 2.99e-04 | 0.4s
epoch 2847 | loss 8.5143 | lr 2.98e-04 | 0.4s
epoch 2848 | loss 8.5056 | lr 2.98e-04 | 0.4s
epoch 2849 | loss 8.5201 | lr 2.97e-04 | 0.4s
epoch 2850 | loss 8.4949 | lr 2.97e-04 | 0.4s
epoch 2851 | loss 8.4951 | lr 2.96e-04 | 0.4s
epoch 2852 | loss 8.4642 | lr 2.96e-04 | 0.5s
epoch 2853 | loss 8.4735 | lr 2.95e-04 | 0.4s
epoch 2854 | loss 8.5224 | lr 2.95e-04 | 0.4s
epoch 2855 | loss 8.5629 | lr 2.94e-04 | 0.4s
epoch 2856 | loss 8.5297 | lr 2.94e-04 | 0.4s
epoch 2857 | loss 8.4945 | lr 2.93e-04 | 0.4s
epoch 2858 | loss 8.5086 | lr 2.93e-04 | 0.4s
epoch 2859 | loss 8.5219 | lr 2.92e-04 | 0.4s
epoch 2860 | loss 8.4530 | lr 2.92e-04 | 0.4s
epoch 2861 | loss 8.5200 | lr 2.91e-04 | 0.4s
epoch 2862 | loss 8.4815 | lr 2.91e-04 | 0.4s
epoch 2863 | loss 8.4993 | lr 2.90e-04 | 0.4s
epoch 2864 | loss 8.4981 | lr 2.90e-04 | 0.4s
epoch 2865 | loss 8.5053 | lr 2.89e-04 | 0.4s
epoch 2866 | loss 8.4957 | lr 2.89e-04 | 0.5s
epoch 2867 | loss 8.5539 | lr 2.88e-04 | 0.4s
epoch 2868 | loss 8.5495 | lr 2.88e-04 | 0.4s
epoch 2869 | loss 8.4903 | lr 2.88e-04 | 0.4s
epoch 2870 | loss 8.5145 | lr 2.87e-04 | 0.4s
epoch 2871 | loss 8.5011 | lr 2.87e-04 | 0.4s
epoch 2872 | loss 8.4968 | lr 2.86e-04 | 0.4s
epoch 2873 | loss 8.5225 | lr 2.86e-04 | 0.4s
epoch 2874 | loss 8.5141 | lr 2.85e-04 | 0.4s
epoch 2875 | loss 8.5131 | lr 2.85e-04 | 0.4s
epoch 2876 | loss 8.5062 | lr 2.84e-04 | 0.5s
epoch 2877 | loss 8.4986 | lr 2.84e-04 | 0.5s
epoch 2878 | loss 8.5040 | lr 2.83e-04 | 0.4s
epoch 2879 | loss 8.4910 | lr 2.83e-04 | 0.4s
epoch 2880 | loss 8.5000 | lr 2.82e-04 | 0.4s
epoch 2881 | loss 8.4432 | lr 2.82e-04 | 0.4s
epoch 2882 | loss 8.5010 | lr 2.81e-04 | 0.4s
epoch 2883 | loss 8.4904 | lr 2.81e-04 | 0.4s
epoch 2884 | loss 8.5305 | lr 2.80e-04 | 0.4s
epoch 2885 | loss 8.4831 | lr 2.80e-04 | 0.4s
epoch 2886 | loss 8.5019 | lr 2.80e-04 | 0.4s
epoch 2887 | loss 8.5215 | lr 2.79e-04 | 0.4s
epoch 2888 | loss 8.4895 | lr 2.79e-04 | 0.4s
epoch 2889 | loss 8.5002 | lr 2.78e-04 | 0.4s
epoch 2890 | loss 8.5188 | lr 2.78e-04 | 0.4s
epoch 2891 | loss 8.5058 | lr 2.77e-04 | 0.4s
epoch 2892 | loss 8.4999 | lr 2.77e-04 | 0.4s
epoch 2893 | loss 8.5266 | lr 2.76e-04 | 0.4s
epoch 2894 | loss 8.4939 | lr 2.76e-04 | 0.4s
epoch 2895 | loss 8.4592 | lr 2.75e-04 | 0.4s
epoch 2896 | loss 8.5615 | lr 2.75e-04 | 0.4s
epoch 2897 | loss 8.4771 | lr 2.74e-04 | 0.4s
epoch 2898 | loss 8.4781 | lr 2.74e-04 | 0.5s
epoch 2899 | loss 8.5000 | lr 2.73e-04 | 0.5s
epoch 2900 | loss 8.4764 | lr 2.73e-04 | 0.4s
epoch 2901 | loss 8.5449 | lr 2.72e-04 | 0.4s
epoch 2902 | loss 8.4550 | lr 2.72e-04 | 0.4s
epoch 2903 | loss 8.4970 | lr 2.72e-04 | 0.4s
epoch 2904 | loss 8.4994 | lr 2.71e-04 | 0.4s
epoch 2905 | loss 8.5292 | lr 2.71e-04 | 0.5s
epoch 2906 | loss 8.5090 | lr 2.70e-04 | 0.4s
epoch 2907 | loss 8.5174 | lr 2.70e-04 | 0.4s
epoch 2908 | loss 8.4830 | lr 2.69e-04 | 0.4s
epoch 2909 | loss 8.5552 | lr 2.69e-04 | 0.4s
epoch 2910 | loss 8.5320 | lr 2.68e-04 | 0.4s
epoch 2911 | loss 8.5200 | lr 2.68e-04 | 0.4s
epoch 2912 | loss 8.4786 | lr 2.67e-04 | 0.5s
epoch 2913 | loss 8.5214 | lr 2.67e-04 | 0.4s
epoch 2914 | loss 8.4993 | lr 2.66e-04 | 0.4s
epoch 2915 | loss 8.5108 | lr 2.66e-04 | 0.4s
epoch 2916 | loss 8.5239 | lr 2.66e-04 | 0.4s
epoch 2917 | loss 8.5045 | lr 2.65e-04 | 0.4s
epoch 2918 | loss 8.5152 | lr 2.65e-04 | 0.5s
epoch 2919 | loss 8.5253 | lr 2.64e-04 | 0.4s
epoch 2920 | loss 8.5233 | lr 2.64e-04 | 0.5s
epoch 2921 | loss 8.5389 | lr 2.63e-04 | 0.4s
epoch 2922 | loss 8.4591 | lr 2.63e-04 | 0.4s
epoch 2923 | loss 8.5167 | lr 2.62e-04 | 0.4s
epoch 2924 | loss 8.5253 | lr 2.62e-04 | 0.4s
epoch 2925 | loss 8.4811 | lr 2.61e-04 | 0.4s
epoch 2926 | loss 8.5490 | lr 2.61e-04 | 0.4s
epoch 2927 | loss 8.4971 | lr 2.61e-04 | 0.4s
epoch 2928 | loss 8.4842 | lr 2.60e-04 | 0.4s
epoch 2929 | loss 8.5384 | lr 2.60e-04 | 0.4s
epoch 2930 | loss 8.4524 | lr 2.59e-04 | 0.4s
epoch 2931 | loss 8.4787 | lr 2.59e-04 | 0.4s
epoch 2932 | loss 8.4770 | lr 2.58e-04 | 0.4s
epoch 2933 | loss 8.5081 | lr 2.58e-04 | 0.4s
epoch 2934 | loss 8.5573 | lr 2.57e-04 | 0.4s
epoch 2935 | loss 8.5142 | lr 2.57e-04 | 0.4s
epoch 2936 | loss 8.5348 | lr 2.56e-04 | 0.4s
epoch 2937 | loss 8.5029 | lr 2.56e-04 | 0.4s
epoch 2938 | loss 8.4994 | lr 2.56e-04 | 0.4s
epoch 2939 | loss 8.5130 | lr 2.55e-04 | 0.4s
epoch 2940 | loss 8.4932 | lr 2.55e-04 | 0.4s
epoch 2941 | loss 8.5020 | lr 2.54e-04 | 0.4s
epoch 2942 | loss 8.5209 | lr 2.54e-04 | 0.4s
epoch 2943 | loss 8.5134 | lr 2.53e-04 | 0.4s
epoch 2944 | loss 8.4596 | lr 2.53e-04 | 0.4s
epoch 2945 | loss 8.4960 | lr 2.52e-04 | 0.4s
epoch 2946 | loss 8.5349 | lr 2.52e-04 | 0.5s
epoch 2947 | loss 8.4832 | lr 2.51e-04 | 0.4s
epoch 2948 | loss 8.4981 | lr 2.51e-04 | 0.4s
epoch 2949 | loss 8.5447 | lr 2.51e-04 | 0.4s
epoch 2950 | loss 8.5011 | lr 2.50e-04 | 0.4s
epoch 2951 | loss 8.4892 | lr 2.50e-04 | 0.4s
epoch 2952 | loss 8.5307 | lr 2.49e-04 | 0.4s
epoch 2953 | loss 8.4568 | lr 2.49e-04 | 0.4s
epoch 2954 | loss 8.5074 | lr 2.48e-04 | 0.4s
epoch 2955 | loss 8.5258 | lr 2.48e-04 | 0.4s
epoch 2956 | loss 8.4813 | lr 2.47e-04 | 0.4s
epoch 2957 | loss 8.4919 | lr 2.47e-04 | 0.4s
epoch 2958 | loss 8.5110 | lr 2.46e-04 | 0.4s
epoch 2959 | loss 8.5169 | lr 2.46e-04 | 0.4s
epoch 2960 | loss 8.4806 | lr 2.46e-04 | 0.4s
epoch 2961 | loss 8.5298 | lr 2.45e-04 | 0.4s
epoch 2962 | loss 8.4950 | lr 2.45e-04 | 0.5s
epoch 2963 | loss 8.4749 | lr 2.44e-04 | 0.4s
epoch 2964 | loss 8.5098 | lr 2.44e-04 | 0.4s
epoch 2965 | loss 8.5360 | lr 2.43e-04 | 0.4s
epoch 2966 | loss 8.4923 | lr 2.43e-04 | 0.4s
epoch 2967 | loss 8.4713 | lr 2.42e-04 | 0.4s
epoch 2968 | loss 8.5212 | lr 2.42e-04 | 0.4s
epoch 2969 | loss 8.5119 | lr 2.42e-04 | 0.4s
epoch 2970 | loss 8.4842 | lr 2.41e-04 | 0.4s
epoch 2971 | loss 8.5273 | lr 2.41e-04 | 0.4s
epoch 2972 | loss 8.5041 | lr 2.40e-04 | 0.4s
epoch 2973 | loss 8.5314 | lr 2.40e-04 | 0.4s
epoch 2974 | loss 8.5471 | lr 2.39e-04 | 0.4s
epoch 2975 | loss 8.5382 | lr 2.39e-04 | 0.4s
epoch 2976 | loss 8.4840 | lr 2.39e-04 | 0.4s
epoch 2977 | loss 8.4942 | lr 2.38e-04 | 0.4s
epoch 2978 | loss 8.4741 | lr 2.38e-04 | 0.4s
epoch 2979 | loss 8.4675 | lr 2.37e-04 | 0.4s
epoch 2980 | loss 8.5346 | lr 2.37e-04 | 0.4s
epoch 2981 | loss 8.4954 | lr 2.36e-04 | 0.4s
epoch 2982 | loss 8.4984 | lr 2.36e-04 | 0.4s
epoch 2983 | loss 8.4666 | lr 2.35e-04 | 0.4s
epoch 2984 | loss 8.4850 | lr 2.35e-04 | 0.4s
epoch 2985 | loss 8.4905 | lr 2.35e-04 | 0.4s
epoch 2986 | loss 8.4809 | lr 2.34e-04 | 0.4s
epoch 2987 | loss 8.5197 | lr 2.34e-04 | 0.4s
epoch 2988 | loss 8.5076 | lr 2.33e-04 | 0.4s
epoch 2989 | loss 8.4990 | lr 2.33e-04 | 0.4s
epoch 2990 | loss 8.4762 | lr 2.32e-04 | 0.4s
epoch 2991 | loss 8.4828 | lr 2.32e-04 | 0.4s
epoch 2992 | loss 8.4857 | lr 2.31e-04 | 0.4s
epoch 2993 | loss 8.5108 | lr 2.31e-04 | 0.4s
epoch 2994 | loss 8.4296 | lr 2.31e-04 | 0.4s
epoch 2995 | loss 8.5246 | lr 2.30e-04 | 0.4s
epoch 2996 | loss 8.4967 | lr 2.30e-04 | 0.4s
epoch 2997 | loss 8.5109 | lr 2.29e-04 | 0.4s
epoch 2998 | loss 8.5061 | lr 2.29e-04 | 0.4s
epoch 2999 | loss 8.4254 | lr 2.28e-04 | 0.4s
epoch 3000 | loss 8.5176 | lr 2.28e-04 | 0.4s
epoch 3001 | loss 8.5132 | lr 2.28e-04 | 0.4s
epoch 3002 | loss 8.5623 | lr 2.27e-04 | 0.4s
epoch 3003 | loss 8.4997 | lr 2.27e-04 | 0.4s
epoch 3004 | loss 8.5130 | lr 2.26e-04 | 0.4s
epoch 3005 | loss 8.5041 | lr 2.26e-04 | 0.4s
epoch 3006 | loss 8.4689 | lr 2.25e-04 | 0.4s
epoch 3007 | loss 8.4599 | lr 2.25e-04 | 0.4s
epoch 3008 | loss 8.5425 | lr 2.25e-04 | 0.5s
epoch 3009 | loss 8.4580 | lr 2.24e-04 | 0.4s
epoch 3010 | loss 8.4982 | lr 2.24e-04 | 0.4s
epoch 3011 | loss 8.4769 | lr 2.23e-04 | 0.4s
epoch 3012 | loss 8.5113 | lr 2.23e-04 | 0.4s
epoch 3013 | loss 8.5134 | lr 2.22e-04 | 0.4s
epoch 3014 | loss 8.4866 | lr 2.22e-04 | 0.4s
epoch 3015 | loss 8.5167 | lr 2.22e-04 | 0.4s
epoch 3016 | loss 8.5278 | lr 2.21e-04 | 0.4s
epoch 3017 | loss 8.4584 | lr 2.21e-04 | 0.4s
epoch 3018 | loss 8.5136 | lr 2.20e-04 | 0.4s
epoch 3019 | loss 8.4636 | lr 2.20e-04 | 0.4s
epoch 3020 | loss 8.5267 | lr 2.19e-04 | 0.4s
epoch 3021 | loss 8.4482 | lr 2.19e-04 | 0.4s
epoch 3022 | loss 8.5075 | lr 2.19e-04 | 0.4s
epoch 3023 | loss 8.4933 | lr 2.18e-04 | 0.4s
epoch 3024 | loss 8.4842 | lr 2.18e-04 | 0.4s
epoch 3025 | loss 8.4623 | lr 2.17e-04 | 0.4s
epoch 3026 | loss 8.4834 | lr 2.17e-04 | 0.4s
epoch 3027 | loss 8.5009 | lr 2.16e-04 | 0.4s
epoch 3028 | loss 8.4768 | lr 2.16e-04 | 0.4s
epoch 3029 | loss 8.4757 | lr 2.16e-04 | 0.4s
epoch 3030 | loss 8.4738 | lr 2.15e-04 | 0.4s
epoch 3031 | loss 8.5298 | lr 2.15e-04 | 0.4s
epoch 3032 | loss 8.4790 | lr 2.14e-04 | 0.4s
epoch 3033 | loss 8.4820 | lr 2.14e-04 | 0.4s
epoch 3034 | loss 8.4836 | lr 2.14e-04 | 0.4s
epoch 3035 | loss 8.4942 | lr 2.13e-04 | 0.4s
epoch 3036 | loss 8.4614 | lr 2.13e-04 | 0.4s
epoch 3037 | loss 8.4942 | lr 2.12e-04 | 0.4s
epoch 3038 | loss 8.5234 | lr 2.12e-04 | 0.4s
epoch 3039 | loss 8.5101 | lr 2.11e-04 | 0.4s
epoch 3040 | loss 8.4643 | lr 2.11e-04 | 0.4s
epoch 3041 | loss 8.5402 | lr 2.11e-04 | 0.4s
epoch 3042 | loss 8.4710 | lr 2.10e-04 | 0.4s
epoch 3043 | loss 8.4810 | lr 2.10e-04 | 0.4s
epoch 3044 | loss 8.5416 | lr 2.09e-04 | 0.4s
epoch 3045 | loss 8.4745 | lr 2.09e-04 | 0.4s
epoch 3046 | loss 8.4597 | lr 2.08e-04 | 0.4s
epoch 3047 | loss 8.5046 | lr 2.08e-04 | 0.4s
epoch 3048 | loss 8.4919 | lr 2.08e-04 | 0.4s
epoch 3049 | loss 8.4993 | lr 2.07e-04 | 0.4s
epoch 3050 | loss 8.4892 | lr 2.07e-04 | 0.4s
epoch 3051 | loss 8.5023 | lr 2.06e-04 | 0.4s
epoch 3052 | loss 8.5038 | lr 2.06e-04 | 0.4s
epoch 3053 | loss 8.5169 | lr 2.06e-04 | 0.4s
epoch 3054 | loss 8.5057 | lr 2.05e-04 | 0.4s
epoch 3055 | loss 8.4678 | lr 2.05e-04 | 0.4s
epoch 3056 | loss 8.4571 | lr 2.04e-04 | 0.4s
epoch 3057 | loss 8.4781 | lr 2.04e-04 | 0.4s
epoch 3058 | loss 8.5089 | lr 2.04e-04 | 0.4s
epoch 3059 | loss 8.4939 | lr 2.03e-04 | 0.4s
epoch 3060 | loss 8.4786 | lr 2.03e-04 | 0.4s
epoch 3061 | loss 8.4811 | lr 2.02e-04 | 0.4s
epoch 3062 | loss 8.4455 | lr 2.02e-04 | 0.4s
epoch 3063 | loss 8.5214 | lr 2.01e-04 | 0.4s
epoch 3064 | loss 8.4753 | lr 2.01e-04 | 0.4s
epoch 3065 | loss 8.5417 | lr 2.01e-04 | 0.4s
epoch 3066 | loss 8.4797 | lr 2.00e-04 | 0.4s
epoch 3067 | loss 8.5051 | lr 2.00e-04 | 0.4s
epoch 3068 | loss 8.4983 | lr 1.99e-04 | 0.4s
epoch 3069 | loss 8.5250 | lr 1.99e-04 | 0.4s
epoch 3070 | loss 8.5264 | lr 1.99e-04 | 0.4s
epoch 3071 | loss 8.5052 | lr 1.98e-04 | 0.4s
epoch 3072 | loss 8.4960 | lr 1.98e-04 | 0.4s
epoch 3073 | loss 8.5194 | lr 1.97e-04 | 0.4s
epoch 3074 | loss 8.4693 | lr 1.97e-04 | 0.4s
epoch 3075 | loss 8.4805 | lr 1.97e-04 | 0.4s
epoch 3076 | loss 8.5476 | lr 1.96e-04 | 0.4s
epoch 3077 | loss 8.4852 | lr 1.96e-04 | 0.4s
epoch 3078 | loss 8.4823 | lr 1.95e-04 | 0.4s
epoch 3079 | loss 8.4133 | lr 1.95e-04 | 0.4s
epoch 3080 | loss 8.5139 | lr 1.95e-04 | 0.4s
epoch 3081 | loss 8.5139 | lr 1.94e-04 | 0.4s
epoch 3082 | loss 8.4985 | lr 1.94e-04 | 0.5s
epoch 3083 | loss 8.5095 | lr 1.93e-04 | 0.4s
epoch 3084 | loss 8.4388 | lr 1.93e-04 | 0.4s
epoch 3085 | loss 8.4596 | lr 1.92e-04 | 0.4s
epoch 3086 | loss 8.4968 | lr 1.92e-04 | 0.4s
epoch 3087 | loss 8.4800 | lr 1.92e-04 | 0.5s
epoch 3088 | loss 8.4916 | lr 1.91e-04 | 0.4s
epoch 3089 | loss 8.4949 | lr 1.91e-04 | 0.4s
epoch 3090 | loss 8.5108 | lr 1.90e-04 | 0.4s
epoch 3091 | loss 8.4675 | lr 1.90e-04 | 0.4s
epoch 3092 | loss 8.5156 | lr 1.90e-04 | 0.4s
epoch 3093 | loss 8.4874 | lr 1.89e-04 | 0.4s
epoch 3094 | loss 8.5134 | lr 1.89e-04 | 0.4s
epoch 3095 | loss 8.5149 | lr 1.88e-04 | 0.5s
epoch 3096 | loss 8.4143 | lr 1.88e-04 | 0.4s
epoch 3097 | loss 8.4521 | lr 1.88e-04 | 0.4s
epoch 3098 | loss 8.4973 | lr 1.87e-04 | 0.4s
epoch 3099 | loss 8.4507 | lr 1.87e-04 | 0.4s
epoch 3100 | loss 8.5729 | lr 1.86e-04 | 0.5s
epoch 3101 | loss 8.4411 | lr 1.86e-04 | 0.4s
epoch 3102 | loss 8.5007 | lr 1.86e-04 | 0.4s
epoch 3103 | loss 8.4868 | lr 1.85e-04 | 0.4s
epoch 3104 | loss 8.5262 | lr 1.85e-04 | 0.4s
epoch 3105 | loss 8.5025 | lr 1.85e-04 | 0.4s
epoch 3106 | loss 8.4771 | lr 1.84e-04 | 0.4s
epoch 3107 | loss 8.4669 | lr 1.84e-04 | 0.4s
epoch 3108 | loss 8.4934 | lr 1.83e-04 | 0.4s
epoch 3109 | loss 8.4852 | lr 1.83e-04 | 0.4s
epoch 3110 | loss 8.5300 | lr 1.83e-04 | 0.4s
epoch 3111 | loss 8.5303 | lr 1.82e-04 | 0.4s
epoch 3112 | loss 8.5060 | lr 1.82e-04 | 0.4s
epoch 3113 | loss 8.5204 | lr 1.81e-04 | 0.4s
epoch 3114 | loss 8.5215 | lr 1.81e-04 | 0.4s
epoch 3115 | loss 8.4407 | lr 1.81e-04 | 0.4s
epoch 3116 | loss 8.4762 | lr 1.80e-04 | 0.4s
epoch 3117 | loss 8.4911 | lr 1.80e-04 | 0.4s
epoch 3118 | loss 8.5328 | lr 1.79e-04 | 0.4s
epoch 3119 | loss 8.5113 | lr 1.79e-04 | 0.4s
epoch 3120 | loss 8.4890 | lr 1.79e-04 | 0.4s
epoch 3121 | loss 8.4695 | lr 1.78e-04 | 0.4s
epoch 3122 | loss 8.5352 | lr 1.78e-04 | 0.5s
epoch 3123 | loss 8.4794 | lr 1.77e-04 | 0.4s
epoch 3124 | loss 8.4692 | lr 1.77e-04 | 0.4s
epoch 3125 | loss 8.5697 | lr 1.77e-04 | 0.4s
epoch 3126 | loss 8.4743 | lr 1.76e-04 | 0.4s
epoch 3127 | loss 8.4997 | lr 1.76e-04 | 0.5s
epoch 3128 | loss 8.5103 | lr 1.76e-04 | 0.4s
epoch 3129 | loss 8.5107 | lr 1.75e-04 | 0.4s
epoch 3130 | loss 8.4920 | lr 1.75e-04 | 0.4s
epoch 3131 | loss 8.5173 | lr 1.74e-04 | 0.4s
epoch 3132 | loss 8.4617 | lr 1.74e-04 | 0.4s
epoch 3133 | loss 8.4831 | lr 1.74e-04 | 0.4s
epoch 3134 | loss 8.4724 | lr 1.73e-04 | 0.4s
epoch 3135 | loss 8.4798 | lr 1.73e-04 | 0.4s
epoch 3136 | loss 8.4288 | lr 1.72e-04 | 0.5s
epoch 3137 | loss 8.4844 | lr 1.72e-04 | 0.4s
epoch 3138 | loss 8.4225 | lr 1.72e-04 | 0.4s
epoch 3139 | loss 8.5173 | lr 1.71e-04 | 0.4s
epoch 3140 | loss 8.5219 | lr 1.71e-04 | 0.4s
epoch 3141 | loss 8.4554 | lr 1.70e-04 | 0.4s
epoch 3142 | loss 8.4947 | lr 1.70e-04 | 0.4s
epoch 3143 | loss 8.4829 | lr 1.70e-04 | 0.4s
epoch 3144 | loss 8.4873 | lr 1.69e-04 | 0.4s
epoch 3145 | loss 8.4916 | lr 1.69e-04 | 0.4s
epoch 3146 | loss 8.4992 | lr 1.69e-04 | 0.4s
epoch 3147 | loss 8.4644 | lr 1.68e-04 | 0.4s
epoch 3148 | loss 8.4584 | lr 1.68e-04 | 0.4s
epoch 3149 | loss 8.5095 | lr 1.67e-04 | 0.4s
epoch 3150 | loss 8.4746 | lr 1.67e-04 | 0.4s
epoch 3151 | loss 8.4926 | lr 1.67e-04 | 0.5s
epoch 3152 | loss 8.4743 | lr 1.66e-04 | 0.4s
epoch 3153 | loss 8.4842 | lr 1.66e-04 | 0.4s
epoch 3154 | loss 8.4923 | lr 1.66e-04 | 0.4s
epoch 3155 | loss 8.4681 | lr 1.65e-04 | 0.4s
epoch 3156 | loss 8.5299 | lr 1.65e-04 | 0.4s
epoch 3157 | loss 8.4390 | lr 1.64e-04 | 0.4s
epoch 3158 | loss 8.5536 | lr 1.64e-04 | 0.4s
epoch 3159 | loss 8.5078 | lr 1.64e-04 | 0.5s
epoch 3160 | loss 8.5008 | lr 1.63e-04 | 0.4s
epoch 3161 | loss 8.4739 | lr 1.63e-04 | 0.4s
epoch 3162 | loss 8.4776 | lr 1.63e-04 | 0.4s
epoch 3163 | loss 8.5575 | lr 1.62e-04 | 0.4s
epoch 3164 | loss 8.5476 | lr 1.62e-04 | 0.4s
epoch 3165 | loss 8.4699 | lr 1.61e-04 | 0.4s
epoch 3166 | loss 8.4820 | lr 1.61e-04 | 0.4s
epoch 3167 | loss 8.4949 | lr 1.61e-04 | 0.4s
epoch 3168 | loss 8.4778 | lr 1.60e-04 | 0.4s
epoch 3169 | loss 8.4884 | lr 1.60e-04 | 0.4s
epoch 3170 | loss 8.4795 | lr 1.60e-04 | 0.4s
epoch 3171 | loss 8.4956 | lr 1.59e-04 | 0.4s
epoch 3172 | loss 8.4275 | lr 1.59e-04 | 0.4s
epoch 3173 | loss 8.4755 | lr 1.58e-04 | 0.4s
epoch 3174 | loss 8.4981 | lr 1.58e-04 | 0.4s
epoch 3175 | loss 8.4681 | lr 1.58e-04 | 0.4s
epoch 3176 | loss 8.5049 | lr 1.57e-04 | 0.4s
epoch 3177 | loss 8.4784 | lr 1.57e-04 | 0.4s
epoch 3178 | loss 8.5099 | lr 1.57e-04 | 0.4s
epoch 3179 | loss 8.4789 | lr 1.56e-04 | 0.4s
epoch 3180 | loss 8.4875 | lr 1.56e-04 | 0.4s
epoch 3181 | loss 8.4976 | lr 1.56e-04 | 0.4s
epoch 3182 | loss 8.4492 | lr 1.55e-04 | 0.4s
epoch 3183 | loss 8.4979 | lr 1.55e-04 | 0.4s
epoch 3184 | loss 8.4965 | lr 1.54e-04 | 0.4s
epoch 3185 | loss 8.4760 | lr 1.54e-04 | 0.4s
epoch 3186 | loss 8.4859 | lr 1.54e-04 | 0.5s
epoch 3187 | loss 8.5068 | lr 1.53e-04 | 0.4s
epoch 3188 | loss 8.5231 | lr 1.53e-04 | 0.4s
epoch 3189 | loss 8.4804 | lr 1.53e-04 | 0.4s
epoch 3190 | loss 8.4252 | lr 1.52e-04 | 0.4s
epoch 3191 | loss 8.5823 | lr 1.52e-04 | 0.4s
epoch 3192 | loss 8.5116 | lr 1.51e-04 | 0.5s
epoch 3193 | loss 8.4675 | lr 1.51e-04 | 0.5s
epoch 3194 | loss 8.4882 | lr 1.51e-04 | 0.4s
epoch 3195 | loss 8.5326 | lr 1.50e-04 | 0.4s
epoch 3196 | loss 8.4727 | lr 1.50e-04 | 0.4s
epoch 3197 | loss 8.4832 | lr 1.50e-04 | 0.4s
epoch 3198 | loss 8.4992 | lr 1.49e-04 | 0.4s
epoch 3199 | loss 8.4650 | lr 1.49e-04 | 0.4s
epoch 3200 | loss 8.4707 | lr 1.49e-04 | 0.4s
epoch 3201 | loss 8.5376 | lr 1.48e-04 | 0.4s
epoch 3202 | loss 8.4634 | lr 1.48e-04 | 0.4s
epoch 3203 | loss 8.4638 | lr 1.48e-04 | 0.4s
epoch 3204 | loss 8.4605 | lr 1.47e-04 | 0.4s
epoch 3205 | loss 8.5164 | lr 1.47e-04 | 0.4s
epoch 3206 | loss 8.5232 | lr 1.46e-04 | 0.4s
epoch 3207 | loss 8.5131 | lr 1.46e-04 | 0.5s
epoch 3208 | loss 8.5205 | lr 1.46e-04 | 0.4s
epoch 3209 | loss 8.4704 | lr 1.45e-04 | 0.4s
epoch 3210 | loss 8.5122 | lr 1.45e-04 | 0.4s
epoch 3211 | loss 8.4817 | lr 1.45e-04 | 0.4s
epoch 3212 | loss 8.5337 | lr 1.44e-04 | 0.4s
epoch 3213 | loss 8.4413 | lr 1.44e-04 | 0.5s
epoch 3214 | loss 8.4817 | lr 1.44e-04 | 0.4s
epoch 3215 | loss 8.4932 | lr 1.43e-04 | 0.4s
epoch 3216 | loss 8.4948 | lr 1.43e-04 | 0.4s
epoch 3217 | loss 8.4488 | lr 1.43e-04 | 0.5s
epoch 3218 | loss 8.5157 | lr 1.42e-04 | 0.5s
epoch 3219 | loss 8.4789 | lr 1.42e-04 | 0.4s
epoch 3220 | loss 8.5495 | lr 1.41e-04 | 0.4s
epoch 3221 | loss 8.4837 | lr 1.41e-04 | 0.5s
epoch 3222 | loss 8.5133 | lr 1.41e-04 | 0.5s
epoch 3223 | loss 8.4797 | lr 1.40e-04 | 0.4s
epoch 3224 | loss 8.4602 | lr 1.40e-04 | 0.5s
epoch 3225 | loss 8.5153 | lr 1.40e-04 | 0.5s
epoch 3226 | loss 8.4673 | lr 1.39e-04 | 0.4s
epoch 3227 | loss 8.4964 | lr 1.39e-04 | 0.4s
epoch 3228 | loss 8.4869 | lr 1.39e-04 | 0.5s
epoch 3229 | loss 8.5123 | lr 1.38e-04 | 0.6s
epoch 3230 | loss 8.4659 | lr 1.38e-04 | 2.1s
epoch 3231 | loss 8.4985 | lr 1.38e-04 | 0.8s
epoch 3232 | loss 8.4562 | lr 1.37e-04 | 1.2s
epoch 3233 | loss 8.4367 | lr 1.37e-04 | 0.9s
epoch 3234 | loss 8.4897 | lr 1.37e-04 | 0.8s
epoch 3235 | loss 8.4717 | lr 1.36e-04 | 1.0s
epoch 3236 | loss 8.4849 | lr 1.36e-04 | 1.0s
epoch 3237 | loss 8.5108 | lr 1.36e-04 | 0.8s
epoch 3238 | loss 8.4946 | lr 1.35e-04 | 1.1s
epoch 3239 | loss 8.3939 | lr 1.35e-04 | 1.1s
epoch 3240 | loss 8.4589 | lr 1.35e-04 | 1.0s
epoch 3241 | loss 8.4936 | lr 1.34e-04 | 1.1s
epoch 3242 | loss 8.4725 | lr 1.34e-04 | 1.3s
epoch 3243 | loss 8.4884 | lr 1.34e-04 | 1.3s
epoch 3244 | loss 8.4947 | lr 1.33e-04 | 1.1s
epoch 3245 | loss 8.5443 | lr 1.33e-04 | 1.1s
epoch 3246 | loss 8.5615 | lr 1.32e-04 | 1.0s
epoch 3247 | loss 8.4692 | lr 1.32e-04 | 0.9s
epoch 3248 | loss 8.5539 | lr 1.32e-04 | 1.0s
epoch 3249 | loss 8.5054 | lr 1.31e-04 | 1.2s
epoch 3250 | loss 8.5080 | lr 1.31e-04 | 0.9s
epoch 3251 | loss 8.4437 | lr 1.31e-04 | 1.0s
epoch 3252 | loss 8.4455 | lr 1.30e-04 | 1.2s
epoch 3253 | loss 8.5067 | lr 1.30e-04 | 1.3s
epoch 3254 | loss 8.4785 | lr 1.30e-04 | 0.9s
epoch 3255 | loss 8.5239 | lr 1.29e-04 | 0.7s
epoch 3256 | loss 8.5335 | lr 1.29e-04 | 0.6s
epoch 3257 | loss 8.5013 | lr 1.29e-04 | 0.7s
epoch 3258 | loss 8.4497 | lr 1.28e-04 | 0.7s
epoch 3259 | loss 8.4706 | lr 1.28e-04 | 0.9s
epoch 3260 | loss 8.4736 | lr 1.28e-04 | 0.9s
epoch 3261 | loss 8.4692 | lr 1.27e-04 | 1.0s
epoch 3262 | loss 8.4861 | lr 1.27e-04 | 0.9s
epoch 3263 | loss 8.5281 | lr 1.27e-04 | 1.0s
epoch 3264 | loss 8.4920 | lr 1.26e-04 | 0.8s
epoch 3265 | loss 8.4297 | lr 1.26e-04 | 0.8s
epoch 3266 | loss 8.4680 | lr 1.26e-04 | 0.9s
epoch 3267 | loss 8.5035 | lr 1.25e-04 | 1.1s
epoch 3268 | loss 8.4544 | lr 1.25e-04 | 1.2s
epoch 3269 | loss 8.5388 | lr 1.25e-04 | 1.0s
epoch 3270 | loss 8.4661 | lr 1.24e-04 | 0.9s
epoch 3271 | loss 8.4779 | lr 1.24e-04 | 0.9s
epoch 3272 | loss 8.5310 | lr 1.24e-04 | 1.1s
epoch 3273 | loss 8.4618 | lr 1.23e-04 | 0.9s
epoch 3274 | loss 8.5081 | lr 1.23e-04 | 0.6s
epoch 3275 | loss 8.4895 | lr 1.23e-04 | 0.6s
epoch 3276 | loss 8.4976 | lr 1.22e-04 | 0.6s
epoch 3277 | loss 8.5113 | lr 1.22e-04 | 0.5s
epoch 3278 | loss 8.4932 | lr 1.22e-04 | 0.5s
epoch 3279 | loss 8.4701 | lr 1.21e-04 | 0.6s
epoch 3280 | loss 8.5016 | lr 1.21e-04 | 0.6s
epoch 3281 | loss 8.4919 | lr 1.21e-04 | 0.6s
epoch 3282 | loss 8.4584 | lr 1.20e-04 | 0.9s
epoch 3283 | loss 8.5054 | lr 1.20e-04 | 0.5s
epoch 3284 | loss 8.4933 | lr 1.20e-04 | 0.7s
epoch 3285 | loss 8.4895 | lr 1.19e-04 | 1.2s
epoch 3286 | loss 8.5039 | lr 1.19e-04 | 1.1s
epoch 3287 | loss 8.5480 | lr 1.19e-04 | 1.1s
epoch 3288 | loss 8.4277 | lr 1.18e-04 | 1.1s
epoch 3289 | loss 8.5126 | lr 1.18e-04 | 1.1s
epoch 3290 | loss 8.4892 | lr 1.18e-04 | 0.6s
epoch 3291 | loss 8.4956 | lr 1.18e-04 | 0.6s
epoch 3292 | loss 8.5026 | lr 1.17e-04 | 0.6s
epoch 3293 | loss 8.5148 | lr 1.17e-04 | 0.5s
epoch 3294 | loss 8.4491 | lr 1.17e-04 | 0.5s
epoch 3295 | loss 8.4926 | lr 1.16e-04 | 0.6s
epoch 3296 | loss 8.4767 | lr 1.16e-04 | 0.5s
epoch 3297 | loss 8.4477 | lr 1.16e-04 | 0.5s
epoch 3298 | loss 8.4422 | lr 1.15e-04 | 0.6s
epoch 3299 | loss 8.4932 | lr 1.15e-04 | 0.5s
epoch 3300 | loss 8.5107 | lr 1.15e-04 | 0.5s
epoch 3301 | loss 8.5232 | lr 1.14e-04 | 0.6s
epoch 3302 | loss 8.4754 | lr 1.14e-04 | 0.6s
epoch 3303 | loss 8.4810 | lr 1.14e-04 | 0.5s
epoch 3304 | loss 8.4660 | lr 1.13e-04 | 0.5s
epoch 3305 | loss 8.4700 | lr 1.13e-04 | 0.6s
epoch 3306 | loss 8.4740 | lr 1.13e-04 | 0.5s
epoch 3307 | loss 8.4709 | lr 1.12e-04 | 0.5s
epoch 3308 | loss 8.4501 | lr 1.12e-04 | 0.6s
epoch 3309 | loss 8.4642 | lr 1.12e-04 | 0.6s
epoch 3310 | loss 8.4936 | lr 1.11e-04 | 0.6s
epoch 3311 | loss 8.4566 | lr 1.11e-04 | 0.5s
epoch 3312 | loss 8.5088 | lr 1.11e-04 | 0.5s
epoch 3313 | loss 8.4709 | lr 1.10e-04 | 0.6s
epoch 3314 | loss 8.4996 | lr 1.10e-04 | 0.5s
epoch 3315 | loss 8.4801 | lr 1.10e-04 | 0.5s
epoch 3316 | loss 8.4614 | lr 1.10e-04 | 0.6s
epoch 3317 | loss 8.4798 | lr 1.09e-04 | 0.6s
epoch 3318 | loss 8.4715 | lr 1.09e-04 | 0.5s
epoch 3319 | loss 8.4866 | lr 1.09e-04 | 0.6s
epoch 3320 | loss 8.4969 | lr 1.08e-04 | 0.6s
epoch 3321 | loss 8.5054 | lr 1.08e-04 | 0.6s
epoch 3322 | loss 8.4592 | lr 1.08e-04 | 0.6s
epoch 3323 | loss 8.5451 | lr 1.07e-04 | 0.6s
epoch 3324 | loss 8.4745 | lr 1.07e-04 | 0.5s
epoch 3325 | loss 8.4678 | lr 1.07e-04 | 0.5s
epoch 3326 | loss 8.4698 | lr 1.06e-04 | 0.6s
epoch 3327 | loss 8.5278 | lr 1.06e-04 | 0.6s
epoch 3328 | loss 8.4622 | lr 1.06e-04 | 0.6s
epoch 3329 | loss 8.4807 | lr 1.06e-04 | 0.6s
epoch 3330 | loss 8.4625 | lr 1.05e-04 | 0.5s
epoch 3331 | loss 8.4457 | lr 1.05e-04 | 0.5s
epoch 3332 | loss 8.5238 | lr 1.05e-04 | 0.6s
epoch 3333 | loss 8.4587 | lr 1.04e-04 | 0.6s
epoch 3334 | loss 8.5422 | lr 1.04e-04 | 0.6s
epoch 3335 | loss 8.4933 | lr 1.04e-04 | 1.1s
epoch 3336 | loss 8.4543 | lr 1.03e-04 | 1.1s
epoch 3337 | loss 8.4830 | lr 1.03e-04 | 1.1s
epoch 3338 | loss 8.5105 | lr 1.03e-04 | 1.1s
epoch 3339 | loss 8.4716 | lr 1.02e-04 | 1.1s
epoch 3340 | loss 8.5051 | lr 1.02e-04 | 1.1s
epoch 3341 | loss 8.4302 | lr 1.02e-04 | 1.1s
epoch 3342 | loss 8.4549 | lr 1.02e-04 | 0.5s
epoch 3343 | loss 8.5270 | lr 1.01e-04 | 0.5s
epoch 3344 | loss 8.5044 | lr 1.01e-04 | 0.5s
epoch 3345 | loss 8.4968 | lr 1.01e-04 | 0.5s
epoch 3346 | loss 8.5004 | lr 1.00e-04 | 0.5s
epoch 3347 | loss 8.4893 | lr 1.00e-04 | 0.6s
epoch 3348 | loss 8.4608 | lr 9.98e-05 | 0.5s
epoch 3349 | loss 8.5110 | lr 9.95e-05 | 0.6s
epoch 3350 | loss 8.4959 | lr 9.92e-05 | 0.5s
epoch 3351 | loss 8.4531 | lr 9.89e-05 | 0.6s
epoch 3352 | loss 8.4800 | lr 9.86e-05 | 0.5s
epoch 3353 | loss 8.4499 | lr 9.83e-05 | 0.6s
epoch 3354 | loss 8.5033 | lr 9.80e-05 | 0.6s
epoch 3355 | loss 8.5062 | lr 9.77e-05 | 0.6s
epoch 3356 | loss 8.4780 | lr 9.74e-05 | 0.6s
epoch 3357 | loss 8.5106 | lr 9.71e-05 | 0.6s
epoch 3358 | loss 8.4647 | lr 9.68e-05 | 0.6s
epoch 3359 | loss 8.4845 | lr 9.65e-05 | 0.5s
epoch 3360 | loss 8.5044 | lr 9.62e-05 | 0.5s
epoch 3361 | loss 8.4410 | lr 9.59e-05 | 0.6s
epoch 3362 | loss 8.4929 | lr 9.56e-05 | 0.6s
epoch 3363 | loss 8.4503 | lr 9.53e-05 | 0.6s
epoch 3364 | loss 8.4698 | lr 9.50e-05 | 0.6s
epoch 3365 | loss 8.4651 | lr 9.47e-05 | 0.5s
epoch 3366 | loss 8.4433 | lr 9.44e-05 | 0.6s
epoch 3367 | loss 8.4825 | lr 9.41e-05 | 0.5s
epoch 3368 | loss 8.4692 | lr 9.38e-05 | 0.5s
epoch 3369 | loss 8.4786 | lr 9.36e-05 | 0.6s
epoch 3370 | loss 8.5133 | lr 9.33e-05 | 0.6s
epoch 3371 | loss 8.4714 | lr 9.30e-05 | 0.6s
epoch 3372 | loss 8.4567 | lr 9.27e-05 | 0.6s
epoch 3373 | loss 8.4659 | lr 9.24e-05 | 0.6s
epoch 3374 | loss 8.4894 | lr 9.21e-05 | 0.5s
epoch 3375 | loss 8.4397 | lr 9.18e-05 | 0.6s
epoch 3376 | loss 8.4909 | lr 9.15e-05 | 0.5s
epoch 3377 | loss 8.4650 | lr 9.12e-05 | 0.6s
epoch 3378 | loss 8.4971 | lr 9.09e-05 | 0.6s
epoch 3379 | loss 8.5017 | lr 9.07e-05 | 0.6s
epoch 3380 | loss 8.4487 | lr 9.04e-05 | 0.5s
epoch 3381 | loss 8.4684 | lr 9.01e-05 | 0.5s
epoch 3382 | loss 8.4662 | lr 8.98e-05 | 0.6s
epoch 3383 | loss 8.5150 | lr 8.95e-05 | 0.6s
epoch 3384 | loss 8.4665 | lr 8.92e-05 | 0.6s
epoch 3385 | loss 8.5128 | lr 8.90e-05 | 0.6s
epoch 3386 | loss 8.5156 | lr 8.87e-05 | 0.6s
epoch 3387 | loss 8.5062 | lr 8.84e-05 | 0.6s
epoch 3388 | loss 8.4602 | lr 8.81e-05 | 0.6s
epoch 3389 | loss 8.4175 | lr 8.78e-05 | 0.6s
epoch 3390 | loss 8.4722 | lr 8.75e-05 | 0.5s
epoch 3391 | loss 8.4838 | lr 8.73e-05 | 0.5s
epoch 3392 | loss 8.5282 | lr 8.70e-05 | 0.5s
epoch 3393 | loss 8.4546 | lr 8.67e-05 | 0.5s
epoch 3394 | loss 8.4860 | lr 8.64e-05 | 0.6s
epoch 3395 | loss 8.4636 | lr 8.61e-05 | 0.5s
epoch 3396 | loss 8.4353 | lr 8.59e-05 | 0.6s
epoch 3397 | loss 8.4892 | lr 8.56e-05 | 0.5s
epoch 3398 | loss 8.4939 | lr 8.53e-05 | 0.5s
epoch 3399 | loss 8.4959 | lr 8.50e-05 | 0.6s
epoch 3400 | loss 8.5137 | lr 8.47e-05 | 0.5s
epoch 3401 | loss 8.4791 | lr 8.45e-05 | 0.6s
epoch 3402 | loss 8.5224 | lr 8.42e-05 | 0.5s
epoch 3403 | loss 8.4801 | lr 8.39e-05 | 0.5s
epoch 3404 | loss 8.4890 | lr 8.36e-05 | 0.5s
epoch 3405 | loss 8.4771 | lr 8.34e-05 | 0.6s
epoch 3406 | loss 8.4690 | lr 8.31e-05 | 0.6s
epoch 3407 | loss 8.4693 | lr 8.28e-05 | 0.6s
epoch 3408 | loss 8.5019 | lr 8.25e-05 | 0.6s
epoch 3409 | loss 8.4579 | lr 8.23e-05 | 0.5s
epoch 3410 | loss 8.5336 | lr 8.20e-05 | 0.5s
epoch 3411 | loss 8.4705 | lr 8.17e-05 | 0.5s
epoch 3412 | loss 8.4985 | lr 8.14e-05 | 0.5s
epoch 3413 | loss 8.4531 | lr 8.12e-05 | 0.5s
epoch 3414 | loss 8.4704 | lr 8.09e-05 | 0.6s
epoch 3415 | loss 8.5164 | lr 8.06e-05 | 0.6s
epoch 3416 | loss 8.5027 | lr 8.03e-05 | 0.6s
epoch 3417 | loss 8.5496 | lr 8.01e-05 | 0.5s
epoch 3418 | loss 8.4994 | lr 7.98e-05 | 0.5s
epoch 3419 | loss 8.4653 | lr 7.95e-05 | 0.6s
epoch 3420 | loss 8.4414 | lr 7.93e-05 | 0.6s
epoch 3421 | loss 8.4606 | lr 7.90e-05 | 0.5s
epoch 3422 | loss 8.4559 | lr 7.87e-05 | 0.6s
epoch 3423 | loss 8.5051 | lr 7.85e-05 | 0.6s
epoch 3424 | loss 8.4578 | lr 7.82e-05 | 0.6s
epoch 3425 | loss 8.4500 | lr 7.79e-05 | 0.5s
epoch 3426 | loss 8.4847 | lr 7.77e-05 | 0.6s
epoch 3427 | loss 8.4692 | lr 7.74e-05 | 0.6s
epoch 3428 | loss 8.4979 | lr 7.71e-05 | 0.6s
epoch 3429 | loss 8.5096 | lr 7.69e-05 | 0.6s
epoch 3430 | loss 8.5019 | lr 7.66e-05 | 0.6s
epoch 3431 | loss 8.4816 | lr 7.63e-05 | 0.6s
epoch 3432 | loss 8.5005 | lr 7.61e-05 | 0.6s
epoch 3433 | loss 8.4347 | lr 7.58e-05 | 0.5s
epoch 3434 | loss 8.5249 | lr 7.55e-05 | 0.5s
epoch 3435 | loss 8.4790 | lr 7.53e-05 | 0.5s
epoch 3436 | loss 8.4909 | lr 7.50e-05 | 0.5s
epoch 3437 | loss 8.4707 | lr 7.48e-05 | 0.5s
epoch 3438 | loss 8.4956 | lr 7.45e-05 | 0.5s
epoch 3439 | loss 8.4734 | lr 7.42e-05 | 0.5s
epoch 3440 | loss 8.5245 | lr 7.40e-05 | 0.6s
epoch 3441 | loss 8.4766 | lr 7.37e-05 | 0.6s
epoch 3442 | loss 8.4899 | lr 7.35e-05 | 0.6s
epoch 3443 | loss 8.4106 | lr 7.32e-05 | 0.6s
epoch 3444 | loss 8.4694 | lr 7.29e-05 | 0.5s
epoch 3445 | loss 8.4781 | lr 7.27e-05 | 0.5s
epoch 3446 | loss 8.4566 | lr 7.24e-05 | 0.5s
epoch 3447 | loss 8.4531 | lr 7.22e-05 | 0.6s
epoch 3448 | loss 8.5307 | lr 7.19e-05 | 0.6s
epoch 3449 | loss 8.4977 | lr 7.16e-05 | 0.6s
epoch 3450 | loss 8.4890 | lr 7.14e-05 | 0.6s
epoch 3451 | loss 8.4250 | lr 7.11e-05 | 0.6s
epoch 3452 | loss 8.4908 | lr 7.09e-05 | 0.5s
epoch 3453 | loss 8.5343 | lr 7.06e-05 | 0.6s
epoch 3454 | loss 8.5431 | lr 7.04e-05 | 0.5s
epoch 3455 | loss 8.4893 | lr 7.01e-05 | 0.5s
epoch 3456 | loss 8.3937 | lr 6.99e-05 | 0.6s
epoch 3457 | loss 8.4550 | lr 6.96e-05 | 0.6s
epoch 3458 | loss 8.4758 | lr 6.94e-05 | 0.6s
epoch 3459 | loss 8.4796 | lr 6.91e-05 | 0.6s
epoch 3460 | loss 8.4520 | lr 6.89e-05 | 0.5s
epoch 3461 | loss 8.5114 | lr 6.86e-05 | 0.6s
epoch 3462 | loss 8.4128 | lr 6.84e-05 | 0.6s
epoch 3463 | loss 8.5005 | lr 6.81e-05 | 0.6s
epoch 3464 | loss 8.4706 | lr 6.79e-05 | 0.6s
epoch 3465 | loss 8.4673 | lr 6.76e-05 | 0.5s
epoch 3466 | loss 8.4475 | lr 6.74e-05 | 0.5s
epoch 3467 | loss 8.4820 | lr 6.71e-05 | 0.6s
epoch 3468 | loss 8.4642 | lr 6.69e-05 | 0.6s
epoch 3469 | loss 8.5153 | lr 6.66e-05 | 0.6s
epoch 3470 | loss 8.4959 | lr 6.64e-05 | 0.5s
epoch 3471 | loss 8.4275 | lr 6.61e-05 | 0.5s
epoch 3472 | loss 8.4760 | lr 6.59e-05 | 0.6s
epoch 3473 | loss 8.4682 | lr 6.56e-05 | 0.6s
epoch 3474 | loss 8.4969 | lr 6.54e-05 | 0.6s
epoch 3475 | loss 8.4797 | lr 6.51e-05 | 0.5s
epoch 3476 | loss 8.4832 | lr 6.49e-05 | 0.4s
epoch 3477 | loss 8.4331 | lr 6.46e-05 | 0.5s
epoch 3478 | loss 8.4894 | lr 6.44e-05 | 0.5s
epoch 3479 | loss 8.5125 | lr 6.42e-05 | 0.5s
epoch 3480 | loss 8.5226 | lr 6.39e-05 | 0.5s
epoch 3481 | loss 8.5101 | lr 6.37e-05 | 0.5s
epoch 3482 | loss 8.4992 | lr 6.34e-05 | 0.5s
epoch 3483 | loss 8.4550 | lr 6.32e-05 | 0.4s
epoch 3484 | loss 8.4876 | lr 6.29e-05 | 0.5s
epoch 3485 | loss 8.4650 | lr 6.27e-05 | 0.4s
epoch 3486 | loss 8.4686 | lr 6.25e-05 | 0.5s
epoch 3487 | loss 8.4896 | lr 6.22e-05 | 0.4s
epoch 3488 | loss 8.5272 | lr 6.20e-05 | 0.4s
epoch 3489 | loss 8.5012 | lr 6.17e-05 | 0.4s
epoch 3490 | loss 8.4960 | lr 6.15e-05 | 0.4s
epoch 3491 | loss 8.5087 | lr 6.13e-05 | 0.4s
epoch 3492 | loss 8.5284 | lr 6.10e-05 | 0.5s
epoch 3493 | loss 8.4756 | lr 6.08e-05 | 0.4s
epoch 3494 | loss 8.4797 | lr 6.06e-05 | 0.4s
epoch 3495 | loss 8.4723 | lr 6.03e-05 | 0.4s
epoch 3496 | loss 8.4922 | lr 6.01e-05 | 0.4s
epoch 3497 | loss 8.4319 | lr 5.98e-05 | 0.5s
epoch 3498 | loss 8.4136 | lr 5.96e-05 | 0.4s
epoch 3499 | loss 8.4713 | lr 5.94e-05 | 0.4s
epoch 3500 | loss 8.4520 | lr 5.91e-05 | 0.4s
epoch 3501 | loss 8.4822 | lr 5.89e-05 | 0.4s
epoch 3502 | loss 8.4355 | lr 5.87e-05 | 0.4s
epoch 3503 | loss 8.4924 | lr 5.84e-05 | 0.4s
epoch 3504 | loss 8.5127 | lr 5.82e-05 | 0.5s
epoch 3505 | loss 8.4792 | lr 5.80e-05 | 0.5s
epoch 3506 | loss 8.4375 | lr 5.77e-05 | 0.5s
epoch 3507 | loss 8.5004 | lr 5.75e-05 | 0.4s
epoch 3508 | loss 8.4721 | lr 5.73e-05 | 0.4s
epoch 3509 | loss 8.4837 | lr 5.71e-05 | 0.4s
epoch 3510 | loss 8.5522 | lr 5.68e-05 | 0.5s
epoch 3511 | loss 8.4594 | lr 5.66e-05 | 0.4s
epoch 3512 | loss 8.4757 | lr 5.64e-05 | 0.4s
epoch 3513 | loss 8.4712 | lr 5.61e-05 | 0.4s
epoch 3514 | loss 8.4580 | lr 5.59e-05 | 0.4s
epoch 3515 | loss 8.4868 | lr 5.57e-05 | 0.4s
epoch 3516 | loss 8.5062 | lr 5.55e-05 | 0.4s
epoch 3517 | loss 8.4642 | lr 5.52e-05 | 0.4s
epoch 3518 | loss 8.4788 | lr 5.50e-05 | 0.5s
epoch 3519 | loss 8.4587 | lr 5.48e-05 | 0.5s
epoch 3520 | loss 8.5033 | lr 5.45e-05 | 0.4s
epoch 3521 | loss 8.5074 | lr 5.43e-05 | 0.4s
epoch 3522 | loss 8.4985 | lr 5.41e-05 | 0.5s
epoch 3523 | loss 8.4686 | lr 5.39e-05 | 0.5s
epoch 3524 | loss 8.4738 | lr 5.37e-05 | 0.4s
epoch 3525 | loss 8.4749 | lr 5.34e-05 | 0.4s
epoch 3526 | loss 8.4999 | lr 5.32e-05 | 0.4s
epoch 3527 | loss 8.4629 | lr 5.30e-05 | 0.4s
epoch 3528 | loss 8.4444 | lr 5.28e-05 | 0.5s
epoch 3529 | loss 8.5014 | lr 5.25e-05 | 0.5s
epoch 3530 | loss 8.4344 | lr 5.23e-05 | 0.4s
epoch 3531 | loss 8.5192 | lr 5.21e-05 | 0.4s
epoch 3532 | loss 8.4840 | lr 5.19e-05 | 0.4s
epoch 3533 | loss 8.4615 | lr 5.17e-05 | 0.4s
epoch 3534 | loss 8.4721 | lr 5.14e-05 | 0.4s
epoch 3535 | loss 8.4858 | lr 5.12e-05 | 0.5s
epoch 3536 | loss 8.4311 | lr 5.10e-05 | 0.4s
epoch 3537 | loss 8.4351 | lr 5.08e-05 | 0.4s
epoch 3538 | loss 8.5005 | lr 5.06e-05 | 0.4s
epoch 3539 | loss 8.4262 | lr 5.04e-05 | 0.4s
epoch 3540 | loss 8.5171 | lr 5.01e-05 | 0.5s
epoch 3541 | loss 8.4458 | lr 4.99e-05 | 0.4s
epoch 3542 | loss 8.4458 | lr 4.97e-05 | 0.4s
epoch 3543 | loss 8.4791 | lr 4.95e-05 | 0.4s
epoch 3544 | loss 8.5082 | lr 4.93e-05 | 0.4s
epoch 3545 | loss 8.4818 | lr 4.91e-05 | 0.4s
epoch 3546 | loss 8.4373 | lr 4.88e-05 | 0.4s
epoch 3547 | loss 8.4852 | lr 4.86e-05 | 0.5s
epoch 3548 | loss 8.4923 | lr 4.84e-05 | 0.4s
epoch 3549 | loss 8.4877 | lr 4.82e-05 | 0.4s
epoch 3550 | loss 8.4980 | lr 4.80e-05 | 0.4s
epoch 3551 | loss 8.5207 | lr 4.78e-05 | 0.4s
epoch 3552 | loss 8.4535 | lr 4.76e-05 | 0.4s
epoch 3553 | loss 8.4755 | lr 4.74e-05 | 0.5s
epoch 3554 | loss 8.5014 | lr 4.72e-05 | 0.5s
epoch 3555 | loss 8.4669 | lr 4.69e-05 | 0.4s
epoch 3556 | loss 8.4804 | lr 4.67e-05 | 0.4s
epoch 3557 | loss 8.4665 | lr 4.65e-05 | 0.5s
epoch 3558 | loss 8.4648 | lr 4.63e-05 | 0.4s
epoch 3559 | loss 8.4645 | lr 4.61e-05 | 0.5s
epoch 3560 | loss 8.4865 | lr 4.59e-05 | 0.5s
epoch 3561 | loss 8.4700 | lr 4.57e-05 | 0.4s
epoch 3562 | loss 8.4573 | lr 4.55e-05 | 0.4s
epoch 3563 | loss 8.4700 | lr 4.53e-05 | 0.4s
epoch 3564 | loss 8.4533 | lr 4.51e-05 | 0.5s
epoch 3565 | loss 8.4918 | lr 4.49e-05 | 0.4s
epoch 3566 | loss 8.4600 | lr 4.47e-05 | 0.4s
epoch 3567 | loss 8.4962 | lr 4.45e-05 | 0.4s
epoch 3568 | loss 8.4537 | lr 4.43e-05 | 0.4s
epoch 3569 | loss 8.4848 | lr 4.41e-05 | 0.4s
epoch 3570 | loss 8.5033 | lr 4.39e-05 | 0.5s
epoch 3571 | loss 8.5054 | lr 4.37e-05 | 0.5s
epoch 3572 | loss 8.4795 | lr 4.35e-05 | 0.5s
epoch 3573 | loss 8.4621 | lr 4.33e-05 | 0.4s
epoch 3574 | loss 8.4500 | lr 4.31e-05 | 0.4s
epoch 3575 | loss 8.4552 | lr 4.29e-05 | 0.4s
epoch 3576 | loss 8.4880 | lr 4.27e-05 | 0.5s
epoch 3577 | loss 8.4747 | lr 4.25e-05 | 0.4s
epoch 3578 | loss 8.4683 | lr 4.23e-05 | 0.4s
epoch 3579 | loss 8.5121 | lr 4.21e-05 | 0.4s
epoch 3580 | loss 8.4488 | lr 4.19e-05 | 0.4s
epoch 3581 | loss 8.4801 | lr 4.17e-05 | 0.5s
epoch 3582 | loss 8.4638 | lr 4.15e-05 | 0.4s
epoch 3583 | loss 8.4445 | lr 4.13e-05 | 0.4s
epoch 3584 | loss 8.4801 | lr 4.11e-05 | 0.5s
epoch 3585 | loss 8.4793 | lr 4.09e-05 | 0.4s
epoch 3586 | loss 8.4727 | lr 4.07e-05 | 0.5s
epoch 3587 | loss 8.4490 | lr 4.05e-05 | 0.5s
epoch 3588 | loss 8.4151 | lr 4.03e-05 | 0.4s
epoch 3589 | loss 8.4593 | lr 4.01e-05 | 0.5s
epoch 3590 | loss 8.4741 | lr 3.99e-05 | 0.4s
epoch 3591 | loss 8.4484 | lr 3.97e-05 | 0.4s
epoch 3592 | loss 8.4450 | lr 3.95e-05 | 0.4s
epoch 3593 | loss 8.5031 | lr 3.93e-05 | 0.5s
epoch 3594 | loss 8.4793 | lr 3.91e-05 | 0.4s
epoch 3595 | loss 8.4860 | lr 3.89e-05 | 0.4s
epoch 3596 | loss 8.4515 | lr 3.87e-05 | 0.4s
epoch 3597 | loss 8.4843 | lr 3.86e-05 | 0.4s
epoch 3598 | loss 8.4748 | lr 3.84e-05 | 0.4s
epoch 3599 | loss 8.4763 | lr 3.82e-05 | 0.4s
epoch 3600 | loss 8.4460 | lr 3.80e-05 | 0.5s
epoch 3601 | loss 8.4754 | lr 3.78e-05 | 0.5s
epoch 3602 | loss 8.4768 | lr 3.76e-05 | 0.5s
epoch 3603 | loss 8.4537 | lr 3.74e-05 | 0.4s
epoch 3604 | loss 8.5046 | lr 3.72e-05 | 0.4s
epoch 3605 | loss 8.4687 | lr 3.70e-05 | 0.5s
epoch 3606 | loss 8.4714 | lr 3.69e-05 | 0.5s
epoch 3607 | loss 8.5046 | lr 3.67e-05 | 0.5s
epoch 3608 | loss 8.5190 | lr 3.65e-05 | 0.5s
epoch 3609 | loss 8.4383 | lr 3.63e-05 | 0.5s
epoch 3610 | loss 8.4556 | lr 3.61e-05 | 0.4s
epoch 3611 | loss 8.4513 | lr 3.59e-05 | 0.5s
epoch 3612 | loss 8.4992 | lr 3.58e-05 | 0.4s
epoch 3613 | loss 8.3990 | lr 3.56e-05 | 0.4s
epoch 3614 | loss 8.4185 | lr 3.54e-05 | 0.5s
epoch 3615 | loss 8.4963 | lr 3.52e-05 | 0.5s
epoch 3616 | loss 8.4313 | lr 3.50e-05 | 0.4s
epoch 3617 | loss 8.5327 | lr 3.48e-05 | 0.4s
epoch 3618 | loss 8.5066 | lr 3.47e-05 | 0.5s
epoch 3619 | loss 8.4766 | lr 3.45e-05 | 0.4s
epoch 3620 | loss 8.4693 | lr 3.43e-05 | 0.4s
epoch 3621 | loss 8.4786 | lr 3.41e-05 | 0.4s
epoch 3622 | loss 8.5220 | lr 3.39e-05 | 0.5s
epoch 3623 | loss 8.4812 | lr 3.38e-05 | 0.5s
epoch 3624 | loss 8.4731 | lr 3.36e-05 | 0.4s
epoch 3625 | loss 8.5025 | lr 3.34e-05 | 0.4s
epoch 3626 | loss 8.4230 | lr 3.32e-05 | 0.4s
epoch 3627 | loss 8.4723 | lr 3.31e-05 | 0.4s
epoch 3628 | loss 8.4663 | lr 3.29e-05 | 0.5s
epoch 3629 | loss 8.5040 | lr 3.27e-05 | 0.5s
epoch 3630 | loss 8.4729 | lr 3.25e-05 | 0.5s
epoch 3631 | loss 8.4707 | lr 3.24e-05 | 0.4s
epoch 3632 | loss 8.4927 | lr 3.22e-05 | 0.4s
epoch 3633 | loss 8.4531 | lr 3.20e-05 | 0.4s
epoch 3634 | loss 8.4712 | lr 3.18e-05 | 0.4s
epoch 3635 | loss 8.5019 | lr 3.17e-05 | 0.4s
epoch 3636 | loss 8.4786 | lr 3.15e-05 | 0.4s
epoch 3637 | loss 8.4722 | lr 3.13e-05 | 0.4s
epoch 3638 | loss 8.4614 | lr 3.11e-05 | 0.4s
epoch 3639 | loss 8.4856 | lr 3.10e-05 | 0.5s
epoch 3640 | loss 8.5013 | lr 3.08e-05 | 0.4s
epoch 3641 | loss 8.4748 | lr 3.06e-05 | 0.5s
epoch 3642 | loss 8.4727 | lr 3.05e-05 | 0.5s
epoch 3643 | loss 8.4924 | lr 3.03e-05 | 0.5s
epoch 3644 | loss 8.5057 | lr 3.01e-05 | 1.5s
epoch 3645 | loss 8.4754 | lr 3.00e-05 | 1.5s
epoch 3646 | loss 8.4676 | lr 2.98e-05 | 1.5s
epoch 3647 | loss 8.4793 | lr 2.96e-05 | 1.4s
epoch 3648 | loss 8.4643 | lr 2.95e-05 | 1.6s
epoch 3649 | loss 8.4905 | lr 2.93e-05 | 1.6s
epoch 3650 | loss 8.4432 | lr 2.91e-05 | 1.6s
epoch 3651 | loss 8.5102 | lr 2.90e-05 | 1.6s
epoch 3652 | loss 8.4836 | lr 2.88e-05 | 1.6s
epoch 3653 | loss 8.4317 | lr 2.86e-05 | 1.6s
epoch 3654 | loss 8.4878 | lr 2.85e-05 | 1.6s
epoch 3655 | loss 8.4279 | lr 2.83e-05 | 1.6s
epoch 3656 | loss 8.5021 | lr 2.81e-05 | 1.6s
epoch 3657 | loss 8.4851 | lr 2.80e-05 | 1.6s
epoch 3658 | loss 8.4438 | lr 2.78e-05 | 1.5s
epoch 3659 | loss 8.4764 | lr 2.76e-05 | 1.6s
epoch 3660 | loss 8.4697 | lr 2.75e-05 | 1.6s
epoch 3661 | loss 8.4942 | lr 2.73e-05 | 1.6s
epoch 3662 | loss 8.4405 | lr 2.72e-05 | 1.6s
epoch 3663 | loss 8.4755 | lr 2.70e-05 | 1.6s
epoch 3664 | loss 8.4181 | lr 2.68e-05 | 1.6s
epoch 3665 | loss 8.4587 | lr 2.67e-05 | 1.6s
epoch 3666 | loss 8.4825 | lr 2.65e-05 | 1.6s
epoch 3667 | loss 8.4626 | lr 2.64e-05 | 1.6s
epoch 3668 | loss 8.4627 | lr 2.62e-05 | 1.6s
epoch 3669 | loss 8.4469 | lr 2.61e-05 | 1.6s
epoch 3670 | loss 8.4816 | lr 2.59e-05 | 1.6s
epoch 3671 | loss 8.4551 | lr 2.57e-05 | 1.6s
epoch 3672 | loss 8.4658 | lr 2.56e-05 | 1.6s
epoch 3673 | loss 8.4949 | lr 2.54e-05 | 1.5s
epoch 3674 | loss 8.4591 | lr 2.53e-05 | 1.6s
epoch 3675 | loss 8.4827 | lr 2.51e-05 | 1.6s
epoch 3676 | loss 8.4559 | lr 2.50e-05 | 1.6s
epoch 3677 | loss 8.4481 | lr 2.48e-05 | 1.5s
epoch 3678 | loss 8.5128 | lr 2.47e-05 | 1.5s
epoch 3679 | loss 8.4225 | lr 2.45e-05 | 1.5s
epoch 3680 | loss 8.4381 | lr 2.44e-05 | 1.5s
epoch 3681 | loss 8.5148 | lr 2.42e-05 | 1.5s
epoch 3682 | loss 8.5160 | lr 2.41e-05 | 1.5s
epoch 3683 | loss 8.4635 | lr 2.39e-05 | 1.6s
epoch 3684 | loss 8.4215 | lr 2.37e-05 | 1.6s
epoch 3685 | loss 8.4651 | lr 2.36e-05 | 1.6s
epoch 3686 | loss 8.4648 | lr 2.35e-05 | 1.5s
epoch 3687 | loss 8.4547 | lr 2.33e-05 | 1.6s
epoch 3688 | loss 8.5062 | lr 2.32e-05 | 1.4s
epoch 3689 | loss 8.4540 | lr 2.30e-05 | 1.1s
epoch 3690 | loss 8.4234 | lr 2.29e-05 | 1.6s
epoch 3691 | loss 8.5031 | lr 2.27e-05 | 1.6s
epoch 3692 | loss 8.4979 | lr 2.26e-05 | 1.6s
epoch 3693 | loss 8.5155 | lr 2.24e-05 | 1.6s
epoch 3694 | loss 8.4849 | lr 2.23e-05 | 1.7s
epoch 3695 | loss 8.4946 | lr 2.21e-05 | 1.7s
epoch 3696 | loss 8.4667 | lr 2.20e-05 | 1.6s
epoch 3697 | loss 8.4871 | lr 2.18e-05 | 1.6s
epoch 3698 | loss 8.4364 | lr 2.17e-05 | 1.7s
epoch 3699 | loss 8.4587 | lr 2.16e-05 | 1.6s
epoch 3700 | loss 8.4531 | lr 2.14e-05 | 1.5s
epoch 3701 | loss 8.4596 | lr 2.13e-05 | 1.4s
epoch 3702 | loss 8.4836 | lr 2.11e-05 | 1.5s
epoch 3703 | loss 8.4438 | lr 2.10e-05 | 1.4s
epoch 3704 | loss 8.5187 | lr 2.08e-05 | 1.3s
epoch 3705 | loss 8.4669 | lr 2.07e-05 | 1.1s
epoch 3706 | loss 8.4993 | lr 2.06e-05 | 2.0s
epoch 3707 | loss 8.4389 | lr 2.04e-05 | 4.0s
epoch 3708 | loss 8.4796 | lr 2.03e-05 | 4.7s
epoch 3709 | loss 8.4583 | lr 2.01e-05 | 3.5s
epoch 3710 | loss 8.4867 | lr 2.00e-05 | 2.2s
epoch 3711 | loss 8.4836 | lr 1.99e-05 | 2.3s
epoch 3712 | loss 8.4804 | lr 1.97e-05 | 2.7s
epoch 3713 | loss 8.4813 | lr 1.96e-05 | 5.1s
epoch 3714 | loss 8.4699 | lr 1.95e-05 | 7.6s
epoch 3715 | loss 8.4560 | lr 1.93e-05 | 1.4s
epoch 3716 | loss 8.4741 | lr 1.92e-05 | 1.4s
epoch 3717 | loss 8.4540 | lr 1.91e-05 | 1.5s
epoch 3718 | loss 8.4966 | lr 1.89e-05 | 1.6s
epoch 3719 | loss 8.4442 | lr 1.88e-05 | 1.6s
epoch 3720 | loss 8.4105 | lr 1.87e-05 | 1.6s
epoch 3721 | loss 8.4896 | lr 1.85e-05 | 1.6s
epoch 3722 | loss 8.4933 | lr 1.84e-05 | 1.6s
epoch 3723 | loss 8.4261 | lr 1.83e-05 | 1.6s
epoch 3724 | loss 8.5055 | lr 1.81e-05 | 1.6s
epoch 3725 | loss 8.4595 | lr 1.80e-05 | 1.6s
epoch 3726 | loss 8.4662 | lr 1.79e-05 | 1.6s
epoch 3727 | loss 8.4237 | lr 1.77e-05 | 1.6s
epoch 3728 | loss 8.4946 | lr 1.76e-05 | 1.6s
epoch 3729 | loss 8.4970 | lr 1.75e-05 | 1.6s
epoch 3730 | loss 8.5005 | lr 1.73e-05 | 1.6s
epoch 3731 | loss 8.4898 | lr 1.72e-05 | 1.6s
epoch 3732 | loss 8.4275 | lr 1.71e-05 | 1.6s
epoch 3733 | loss 8.5091 | lr 1.70e-05 | 1.6s
epoch 3734 | loss 8.4566 | lr 1.68e-05 | 1.6s
epoch 3735 | loss 8.4709 | lr 1.67e-05 | 1.6s
epoch 3736 | loss 8.4970 | lr 1.66e-05 | 1.6s
epoch 3737 | loss 8.4923 | lr 1.65e-05 | 1.6s
epoch 3738 | loss 8.4665 | lr 1.63e-05 | 1.6s
epoch 3739 | loss 8.4781 | lr 1.62e-05 | 1.7s
epoch 3740 | loss 8.5095 | lr 1.61e-05 | 1.7s
epoch 3741 | loss 8.4604 | lr 1.60e-05 | 1.6s
epoch 3742 | loss 8.5242 | lr 1.58e-05 | 1.7s
epoch 3743 | loss 8.4593 | lr 1.57e-05 | 1.4s
epoch 3744 | loss 8.5503 | lr 1.56e-05 | 1.6s
epoch 3745 | loss 8.4571 | lr 1.55e-05 | 1.5s
epoch 3746 | loss 8.4303 | lr 1.53e-05 | 1.6s
epoch 3747 | loss 8.5052 | lr 1.52e-05 | 1.6s
epoch 3748 | loss 8.4518 | lr 1.51e-05 | 1.6s
epoch 3749 | loss 8.4498 | lr 1.50e-05 | 1.6s
epoch 3750 | loss 8.4829 | lr 1.49e-05 | 1.6s
epoch 3751 | loss 8.4868 | lr 1.47e-05 | 1.6s
epoch 3752 | loss 8.4520 | lr 1.46e-05 | 1.6s
epoch 3753 | loss 8.4838 | lr 1.45e-05 | 1.6s
epoch 3754 | loss 8.4313 | lr 1.44e-05 | 1.6s
epoch 3755 | loss 8.5251 | lr 1.43e-05 | 1.6s
epoch 3756 | loss 8.4279 | lr 1.42e-05 | 1.6s
epoch 3757 | loss 8.4718 | lr 1.40e-05 | 1.6s
epoch 3758 | loss 8.4334 | lr 1.39e-05 | 1.6s
epoch 3759 | loss 8.4528 | lr 1.38e-05 | 1.6s
epoch 3760 | loss 8.4936 | lr 1.37e-05 | 1.6s
epoch 3761 | loss 8.4604 | lr 1.36e-05 | 1.6s
epoch 3762 | loss 8.4439 | lr 1.35e-05 | 1.6s
epoch 3763 | loss 8.4640 | lr 1.34e-05 | 1.6s
epoch 3764 | loss 8.4932 | lr 1.32e-05 | 1.6s
epoch 3765 | loss 8.4432 | lr 1.31e-05 | 1.6s
epoch 3766 | loss 8.4970 | lr 1.30e-05 | 1.6s
epoch 3767 | loss 8.4960 | lr 1.29e-05 | 1.6s
epoch 3768 | loss 8.4634 | lr 1.28e-05 | 1.6s
epoch 3769 | loss 8.4670 | lr 1.27e-05 | 1.6s
epoch 3770 | loss 8.4543 | lr 1.26e-05 | 1.6s
epoch 3771 | loss 8.4366 | lr 1.25e-05 | 1.6s
epoch 3772 | loss 8.4338 | lr 1.24e-05 | 1.6s
epoch 3773 | loss 8.5332 | lr 1.23e-05 | 1.6s
epoch 3774 | loss 8.4654 | lr 1.21e-05 | 1.6s
epoch 3775 | loss 8.4824 | lr 1.20e-05 | 1.6s
epoch 3776 | loss 8.4871 | lr 1.19e-05 | 1.6s
epoch 3777 | loss 8.4888 | lr 1.18e-05 | 1.6s
epoch 3778 | loss 8.4723 | lr 1.17e-05 | 1.6s
epoch 3779 | loss 8.4884 | lr 1.16e-05 | 1.6s
epoch 3780 | loss 8.4472 | lr 1.15e-05 | 1.6s
epoch 3781 | loss 8.4284 | lr 1.14e-05 | 1.4s
epoch 3782 | loss 8.4425 | lr 1.13e-05 | 1.6s
epoch 3783 | loss 8.4689 | lr 1.12e-05 | 1.5s
epoch 3784 | loss 8.5024 | lr 1.11e-05 | 1.5s
epoch 3785 | loss 8.4990 | lr 1.10e-05 | 1.6s
epoch 3786 | loss 8.5083 | lr 1.09e-05 | 1.6s
epoch 3787 | loss 8.4738 | lr 1.08e-05 | 1.6s
epoch 3788 | loss 8.4730 | lr 1.07e-05 | 1.6s
epoch 3789 | loss 8.5007 | lr 1.06e-05 | 1.6s
epoch 3790 | loss 8.4340 | lr 1.05e-05 | 1.6s
epoch 3791 | loss 8.4771 | lr 1.04e-05 | 1.6s
epoch 3792 | loss 8.4366 | lr 1.03e-05 | 1.7s
epoch 3793 | loss 8.4469 | lr 1.02e-05 | 1.6s
epoch 3794 | loss 8.4361 | lr 1.01e-05 | 1.6s
epoch 3795 | loss 8.4862 | lr 9.99e-06 | 1.6s
epoch 3796 | loss 8.4826 | lr 9.89e-06 | 1.6s
epoch 3797 | loss 8.4775 | lr 9.80e-06 | 1.6s
epoch 3798 | loss 8.5197 | lr 9.70e-06 | 1.6s
epoch 3799 | loss 8.4633 | lr 9.60e-06 | 1.5s
epoch 3800 | loss 8.4699 | lr 9.51e-06 | 1.4s
epoch 3801 | loss 8.4532 | lr 9.41e-06 | 1.6s
epoch 3802 | loss 8.4721 | lr 9.32e-06 | 1.6s
epoch 3803 | loss 8.4162 | lr 9.22e-06 | 1.5s
epoch 3804 | loss 8.4414 | lr 9.13e-06 | 1.5s
epoch 3805 | loss 8.4536 | lr 9.04e-06 | 1.6s
epoch 3806 | loss 8.4607 | lr 8.94e-06 | 1.6s
epoch 3807 | loss 8.4490 | lr 8.85e-06 | 1.6s
epoch 3808 | loss 8.4821 | lr 8.76e-06 | 1.5s
epoch 3809 | loss 8.4707 | lr 8.67e-06 | 1.6s
epoch 3810 | loss 8.5237 | lr 8.58e-06 | 1.5s
epoch 3811 | loss 8.4468 | lr 8.49e-06 | 1.6s
epoch 3812 | loss 8.4106 | lr 8.40e-06 | 1.6s
epoch 3813 | loss 8.4482 | lr 8.31e-06 | 1.6s
epoch 3814 | loss 8.4829 | lr 8.22e-06 | 1.6s
epoch 3815 | loss 8.5136 | lr 8.13e-06 | 1.6s
epoch 3816 | loss 8.4292 | lr 8.04e-06 | 1.6s
epoch 3817 | loss 8.4573 | lr 7.96e-06 | 1.6s
epoch 3818 | loss 8.4745 | lr 7.87e-06 | 1.6s
epoch 3819 | loss 8.4436 | lr 7.78e-06 | 1.5s
epoch 3820 | loss 8.4709 | lr 7.70e-06 | 1.5s
epoch 3821 | loss 8.4401 | lr 7.61e-06 | 1.6s
epoch 3822 | loss 8.4788 | lr 7.52e-06 | 1.6s
epoch 3823 | loss 8.4779 | lr 7.44e-06 | 1.5s
epoch 3824 | loss 8.5349 | lr 7.36e-06 | 1.6s
epoch 3825 | loss 8.4965 | lr 7.27e-06 | 1.6s
epoch 3826 | loss 8.5074 | lr 7.19e-06 | 1.6s
epoch 3827 | loss 8.4488 | lr 7.11e-06 | 1.6s
epoch 3828 | loss 8.4422 | lr 7.02e-06 | 1.6s
epoch 3829 | loss 8.4887 | lr 6.94e-06 | 1.6s
epoch 3830 | loss 8.4618 | lr 6.86e-06 | 1.6s
epoch 3831 | loss 8.5153 | lr 6.78e-06 | 1.6s
epoch 3832 | loss 8.4427 | lr 6.70e-06 | 1.6s
epoch 3833 | loss 8.4362 | lr 6.62e-06 | 1.6s
epoch 3834 | loss 8.4957 | lr 6.54e-06 | 1.6s
epoch 3835 | loss 8.4907 | lr 6.46e-06 | 1.6s
epoch 3836 | loss 8.4826 | lr 6.38e-06 | 1.6s
epoch 3837 | loss 8.5157 | lr 6.31e-06 | 1.6s
epoch 3838 | loss 8.4364 | lr 6.23e-06 | 1.6s
epoch 3839 | loss 8.5073 | lr 6.15e-06 | 1.6s
epoch 3840 | loss 8.4715 | lr 6.07e-06 | 1.6s
epoch 3841 | loss 8.5062 | lr 6.00e-06 | 1.6s
epoch 3842 | loss 8.4657 | lr 5.92e-06 | 1.6s
epoch 3843 | loss 8.4632 | lr 5.85e-06 | 1.6s
epoch 3844 | loss 8.4743 | lr 5.77e-06 | 1.6s
epoch 3845 | loss 8.4409 | lr 5.70e-06 | 1.6s
epoch 3846 | loss 8.4098 | lr 5.62e-06 | 1.6s
epoch 3847 | loss 8.4846 | lr 5.55e-06 | 1.6s
epoch 3848 | loss 8.5015 | lr 5.48e-06 | 1.6s
epoch 3849 | loss 8.4643 | lr 5.41e-06 | 1.6s
epoch 3850 | loss 8.4868 | lr 5.33e-06 | 1.6s
epoch 3851 | loss 8.5088 | lr 5.26e-06 | 1.5s
epoch 3852 | loss 8.5175 | lr 5.19e-06 | 1.5s
epoch 3853 | loss 8.4669 | lr 5.12e-06 | 1.6s
epoch 3854 | loss 8.4783 | lr 5.05e-06 | 1.6s
epoch 3855 | loss 8.4600 | lr 4.98e-06 | 1.6s
epoch 3856 | loss 8.4247 | lr 4.91e-06 | 1.6s
epoch 3857 | loss 8.4761 | lr 4.85e-06 | 1.5s
epoch 3858 | loss 8.4202 | lr 4.78e-06 | 1.5s
epoch 3859 | loss 8.4967 | lr 4.71e-06 | 1.5s
epoch 3860 | loss 8.4864 | lr 4.64e-06 | 1.5s
epoch 3861 | loss 8.4529 | lr 4.58e-06 | 1.6s
epoch 3862 | loss 8.5018 | lr 4.51e-06 | 1.6s
epoch 3863 | loss 8.4500 | lr 4.45e-06 | 1.6s
epoch 3864 | loss 8.4545 | lr 4.38e-06 | 1.6s
epoch 3865 | loss 8.5162 | lr 4.32e-06 | 1.6s
epoch 3866 | loss 8.4563 | lr 4.25e-06 | 1.6s
epoch 3867 | loss 8.5128 | lr 4.19e-06 | 1.6s
epoch 3868 | loss 8.4239 | lr 4.12e-06 | 1.6s
epoch 3869 | loss 8.4628 | lr 4.06e-06 | 1.6s
epoch 3870 | loss 8.4578 | lr 4.00e-06 | 1.6s
epoch 3871 | loss 8.4756 | lr 3.94e-06 | 1.5s
epoch 3872 | loss 8.4840 | lr 3.88e-06 | 1.6s
epoch 3873 | loss 8.4570 | lr 3.82e-06 | 1.6s
epoch 3874 | loss 8.4967 | lr 3.76e-06 | 1.6s
epoch 3875 | loss 8.5123 | lr 3.70e-06 | 1.6s
epoch 3876 | loss 8.4791 | lr 3.64e-06 | 1.6s
epoch 3877 | loss 8.4562 | lr 3.58e-06 | 1.6s
epoch 3878 | loss 8.4732 | lr 3.52e-06 | 1.5s
epoch 3879 | loss 8.5015 | lr 3.46e-06 | 1.6s
epoch 3880 | loss 8.4585 | lr 3.40e-06 | 1.6s
epoch 3881 | loss 8.4571 | lr 3.35e-06 | 1.6s
epoch 3882 | loss 8.4724 | lr 3.29e-06 | 1.6s
epoch 3883 | loss 8.4469 | lr 3.23e-06 | 1.6s
epoch 3884 | loss 8.4606 | lr 3.18e-06 | 1.6s
epoch 3885 | loss 8.5177 | lr 3.12e-06 | 1.6s
epoch 3886 | loss 8.4668 | lr 3.07e-06 | 1.5s
epoch 3887 | loss 8.4482 | lr 3.02e-06 | 1.6s
epoch 3888 | loss 8.4629 | lr 2.96e-06 | 1.6s
epoch 3889 | loss 8.4878 | lr 2.91e-06 | 1.6s
epoch 3890 | loss 8.4779 | lr 2.86e-06 | 1.5s
epoch 3891 | loss 8.4877 | lr 2.80e-06 | 1.6s
epoch 3892 | loss 8.4792 | lr 2.75e-06 | 1.5s
epoch 3893 | loss 8.4575 | lr 2.70e-06 | 1.6s
epoch 3894 | loss 8.4814 | lr 2.65e-06 | 1.6s
epoch 3895 | loss 8.4429 | lr 2.60e-06 | 1.4s
epoch 3896 | loss 8.4814 | lr 2.55e-06 | 1.5s
epoch 3897 | loss 8.4960 | lr 2.50e-06 | 1.5s
epoch 3898 | loss 8.4693 | lr 2.45e-06 | 1.6s
epoch 3899 | loss 8.4974 | lr 2.40e-06 | 1.6s
epoch 3900 | loss 8.4558 | lr 2.36e-06 | 1.6s
epoch 3901 | loss 8.4510 | lr 2.31e-06 | 1.6s
epoch 3902 | loss 8.4589 | lr 2.26e-06 | 1.6s
epoch 3903 | loss 8.4942 | lr 2.22e-06 | 1.6s
epoch 3904 | loss 8.5298 | lr 2.17e-06 | 1.6s
epoch 3905 | loss 8.4192 | lr 2.12e-06 | 1.6s
epoch 3906 | loss 8.4652 | lr 2.08e-06 | 1.6s
epoch 3907 | loss 8.4407 | lr 2.04e-06 | 1.6s
epoch 3908 | loss 8.5017 | lr 1.99e-06 | 1.6s
epoch 3909 | loss 8.4688 | lr 1.95e-06 | 1.6s
epoch 3910 | loss 8.4692 | lr 1.90e-06 | 1.6s
epoch 3911 | loss 8.4433 | lr 1.86e-06 | 1.6s
epoch 3912 | loss 8.4882 | lr 1.82e-06 | 1.6s
epoch 3913 | loss 8.4885 | lr 1.78e-06 | 1.6s
epoch 3914 | loss 8.4505 | lr 1.74e-06 | 1.6s
epoch 3915 | loss 8.4737 | lr 1.70e-06 | 1.6s
epoch 3916 | loss 8.4635 | lr 1.66e-06 | 1.6s
epoch 3917 | loss 8.4617 | lr 1.62e-06 | 1.6s
epoch 3918 | loss 8.4897 | lr 1.58e-06 | 1.6s
epoch 3919 | loss 8.5451 | lr 1.54e-06 | 1.6s
epoch 3920 | loss 8.5015 | lr 1.50e-06 | 1.6s
epoch 3921 | loss 8.4697 | lr 1.46e-06 | 1.6s
epoch 3922 | loss 8.4621 | lr 1.43e-06 | 1.6s
epoch 3923 | loss 8.4543 | lr 1.39e-06 | 1.5s
epoch 3924 | loss 8.4970 | lr 1.35e-06 | 1.6s
epoch 3925 | loss 8.5093 | lr 1.32e-06 | 1.6s
epoch 3926 | loss 8.4729 | lr 1.28e-06 | 1.5s
epoch 3927 | loss 8.4927 | lr 1.25e-06 | 1.6s
epoch 3928 | loss 8.4510 | lr 1.21e-06 | 1.6s
epoch 3929 | loss 8.4773 | lr 1.18e-06 | 1.6s
epoch 3930 | loss 8.4822 | lr 1.15e-06 | 1.3s
epoch 3931 | loss 8.4471 | lr 1.11e-06 | 1.6s
epoch 3932 | loss 8.4992 | lr 1.08e-06 | 1.6s
epoch 3933 | loss 8.4848 | lr 1.05e-06 | 1.6s
epoch 3934 | loss 8.4861 | lr 1.02e-06 | 1.4s
epoch 3935 | loss 8.4743 | lr 9.85e-07 | 1.6s
epoch 3936 | loss 8.4529 | lr 9.55e-07 | 1.5s
epoch 3937 | loss 8.4745 | lr 9.25e-07 | 1.5s
epoch 3938 | loss 8.4525 | lr 8.95e-07 | 1.6s
epoch 3939 | loss 8.4988 | lr 8.66e-07 | 1.6s
epoch 3940 | loss 8.4869 | lr 8.37e-07 | 1.6s
epoch 3941 | loss 8.5281 | lr 8.09e-07 | 1.6s
epoch 3942 | loss 8.4809 | lr 7.81e-07 | 1.6s
epoch 3943 | loss 8.5217 | lr 7.54e-07 | 1.6s
epoch 3944 | loss 8.4330 | lr 7.28e-07 | 1.6s
epoch 3945 | loss 8.5125 | lr 7.01e-07 | 1.6s
epoch 3946 | loss 8.4616 | lr 6.76e-07 | 1.6s
epoch 3947 | loss 8.4893 | lr 6.50e-07 | 1.6s
epoch 3948 | loss 8.4996 | lr 6.26e-07 | 1.6s
epoch 3949 | loss 8.5111 | lr 6.01e-07 | 1.6s
epoch 3950 | loss 8.4879 | lr 5.78e-07 | 1.6s
epoch 3951 | loss 8.4829 | lr 5.54e-07 | 1.6s
epoch 3952 | loss 8.4705 | lr 5.31e-07 | 1.6s
epoch 3953 | loss 8.5308 | lr 5.09e-07 | 1.6s
epoch 3954 | loss 8.5150 | lr 4.87e-07 | 1.6s
epoch 3955 | loss 8.4458 | lr 4.66e-07 | 1.6s
epoch 3956 | loss 8.5374 | lr 4.45e-07 | 1.6s
epoch 3957 | loss 8.4525 | lr 4.24e-07 | 1.6s
epoch 3958 | loss 8.4855 | lr 4.04e-07 | 1.5s
epoch 3959 | loss 8.4998 | lr 3.85e-07 | 1.6s
epoch 3960 | loss 8.4396 | lr 3.66e-07 | 1.6s
epoch 3961 | loss 8.4867 | lr 3.47e-07 | 1.6s
epoch 3962 | loss 8.4833 | lr 3.29e-07 | 1.6s
epoch 3963 | loss 8.4189 | lr 3.12e-07 | 1.5s
epoch 3964 | loss 8.4645 | lr 2.95e-07 | 1.5s
epoch 3965 | loss 8.4317 | lr 2.78e-07 | 1.6s
epoch 3966 | loss 8.4476 | lr 2.62e-07 | 1.6s
epoch 3967 | loss 8.4646 | lr 2.46e-07 | 1.6s
epoch 3968 | loss 8.5225 | lr 2.31e-07 | 1.6s
epoch 3969 | loss 8.4655 | lr 2.17e-07 | 1.6s
epoch 3970 | loss 8.4981 | lr 2.02e-07 | 1.6s
epoch 3971 | loss 8.5395 | lr 1.89e-07 | 1.6s
epoch 3972 | loss 8.4408 | lr 1.75e-07 | 1.5s
epoch 3973 | loss 8.4998 | lr 1.63e-07 | 1.6s
epoch 3974 | loss 8.4621 | lr 1.50e-07 | 1.6s
epoch 3975 | loss 8.5079 | lr 1.39e-07 | 1.5s
epoch 3976 | loss 8.5043 | lr 1.27e-07 | 1.6s
epoch 3977 | loss 8.4553 | lr 1.16e-07 | 1.6s
epoch 3978 | loss 8.4791 | lr 1.06e-07 | 1.6s
epoch 3979 | loss 8.4741 | lr 9.62e-08 | 1.6s
epoch 3980 | loss 8.4797 | lr 8.68e-08 | 1.6s
epoch 3981 | loss 8.4134 | lr 7.79e-08 | 1.6s
epoch 3982 | loss 8.4598 | lr 6.95e-08 | 1.6s
epoch 3983 | loss 8.4372 | lr 6.16e-08 | 1.6s
epoch 3984 | loss 8.5134 | lr 5.41e-08 | 1.6s
epoch 3985 | loss 8.4182 | lr 4.72e-08 | 1.6s
epoch 3986 | loss 8.4867 | lr 4.07e-08 | 1.6s
epoch 3987 | loss 8.4386 | lr 3.46e-08 | 1.6s
epoch 3988 | loss 8.4413 | lr 2.91e-08 | 1.6s
epoch 3989 | loss 8.5083 | lr 2.41e-08 | 1.6s
epoch 3990 | loss 8.4704 | lr 1.95e-08 | 1.6s
epoch 3991 | loss 8.4782 | lr 1.54e-08 | 1.6s
epoch 3992 | loss 8.4474 | lr 1.18e-08 | 1.6s
epoch 3993 | loss 8.4327 | lr 8.66e-09 | 1.6s
epoch 3994 | loss 8.5177 | lr 6.01e-09 | 1.6s
epoch 3995 | loss 8.5724 | lr 3.85e-09 | 1.6s
epoch 3996 | loss 8.5248 | lr 2.17e-09 | 1.6s
epoch 3997 | loss 8.4506 | lr 9.62e-10 | 1.6s
epoch 3998 | loss 8.4515 | lr 2.41e-10 | 1.6s
epoch 3999 | loss 8.4759 | lr 0.00e+00 | 1.6s
final loss: 8.4759
