model params: 1,579,649
device: cuda
training: {'n_epochs': 8000, 'samples_per_epoch': 1000000, 'batch_size': 10000, 'k_max': 26, 'lr': 0.00156, 'weight_decay': 0.0, 'checkpoint_every_epochs': 500, 'n_back': 1, 'loss': 'mse', 'amp': True, 'compile_model': True, 'fused_optimizer': True, 'device': 'cuda', 'seed': 0}
epoch    0 | loss 39.8053 | lr 1.56e-03 | 47.5s
epoch    1 | loss 19.5056 | lr 1.56e-03 | 0.6s
epoch    2 | loss 12.8791 | lr 1.56e-03 | 0.6s
epoch    3 | loss 11.8793 | lr 1.56e-03 | 0.6s
epoch    4 | loss 11.3948 | lr 1.56e-03 | 0.6s
epoch    5 | loss 11.1042 | lr 1.56e-03 | 0.6s
epoch    6 | loss 10.9114 | lr 1.56e-03 | 0.7s
epoch    7 | loss 10.6951 | lr 1.56e-03 | 0.6s
epoch    8 | loss 10.6433 | lr 1.56e-03 | 0.7s
epoch    9 | loss 10.5691 | lr 1.56e-03 | 0.7s
epoch   10 | loss 10.5250 | lr 1.56e-03 | 0.7s
epoch   11 | loss 10.5483 | lr 1.56e-03 | 0.6s
epoch   12 | loss 10.3853 | lr 1.56e-03 | 0.5s
epoch   13 | loss 10.3581 | lr 1.56e-03 | 0.4s
epoch   14 | loss 10.3423 | lr 1.56e-03 | 0.4s
epoch   15 | loss 10.3539 | lr 1.56e-03 | 0.4s
epoch   16 | loss 10.2976 | lr 1.56e-03 | 0.4s
epoch   17 | loss 10.3151 | lr 1.56e-03 | 0.4s
epoch   18 | loss 10.3367 | lr 1.56e-03 | 0.4s
epoch   19 | loss 10.2545 | lr 1.56e-03 | 0.4s
epoch   20 | loss 10.2142 | lr 1.56e-03 | 0.4s
epoch   21 | loss 10.1880 | lr 1.56e-03 | 0.4s
epoch   22 | loss 10.1915 | lr 1.56e-03 | 0.4s
epoch   23 | loss 10.1671 | lr 1.56e-03 | 0.4s
epoch   24 | loss 10.1930 | lr 1.56e-03 | 0.4s
epoch   25 | loss 10.2020 | lr 1.56e-03 | 0.4s
epoch   26 | loss 10.0245 | lr 1.56e-03 | 0.4s
epoch   27 | loss 10.1235 | lr 1.56e-03 | 0.5s
epoch   28 | loss 10.0636 | lr 1.56e-03 | 0.4s
epoch   29 | loss 10.0536 | lr 1.56e-03 | 0.4s
epoch   30 | loss 10.0502 | lr 1.56e-03 | 0.4s
epoch   31 | loss 10.0639 | lr 1.56e-03 | 0.4s
epoch   32 | loss 10.0638 | lr 1.56e-03 | 0.4s
epoch   33 | loss 9.9954 | lr 1.56e-03 | 0.4s
epoch   34 | loss 10.0407 | lr 1.56e-03 | 0.4s
epoch   35 | loss 10.0619 | lr 1.56e-03 | 0.4s
epoch   36 | loss 9.9932 | lr 1.56e-03 | 0.4s
epoch   37 | loss 10.0425 | lr 1.56e-03 | 0.4s
epoch   38 | loss 9.9422 | lr 1.56e-03 | 0.4s
epoch   39 | loss 9.9750 | lr 1.56e-03 | 0.4s
epoch   40 | loss 9.9783 | lr 1.56e-03 | 0.4s
epoch   41 | loss 9.8709 | lr 1.56e-03 | 0.5s
epoch   42 | loss 9.9789 | lr 1.56e-03 | 0.4s
epoch   43 | loss 9.9855 | lr 1.56e-03 | 0.4s
epoch   44 | loss 9.9580 | lr 1.56e-03 | 0.4s
epoch   45 | loss 9.8764 | lr 1.56e-03 | 0.4s
epoch   46 | loss 9.9713 | lr 1.56e-03 | 0.4s
epoch   47 | loss 9.9551 | lr 1.56e-03 | 0.4s
epoch   48 | loss 9.9429 | lr 1.56e-03 | 0.5s
epoch   49 | loss 9.8979 | lr 1.56e-03 | 0.4s
epoch   50 | loss 9.8714 | lr 1.56e-03 | 0.4s
epoch   51 | loss 9.9319 | lr 1.56e-03 | 0.4s
epoch   52 | loss 9.9081 | lr 1.56e-03 | 0.4s
epoch   53 | loss 9.8813 | lr 1.56e-03 | 0.4s
epoch   54 | loss 9.8414 | lr 1.56e-03 | 0.4s
epoch   55 | loss 9.8677 | lr 1.56e-03 | 0.4s
epoch   56 | loss 9.8447 | lr 1.56e-03 | 0.4s
epoch   57 | loss 9.7842 | lr 1.56e-03 | 0.4s
epoch   58 | loss 9.8540 | lr 1.56e-03 | 0.4s
epoch   59 | loss 9.7943 | lr 1.56e-03 | 0.5s
epoch   60 | loss 9.8316 | lr 1.56e-03 | 0.4s
epoch   61 | loss 9.8238 | lr 1.56e-03 | 0.4s
epoch   62 | loss 9.8413 | lr 1.56e-03 | 0.4s
epoch   63 | loss 9.8036 | lr 1.56e-03 | 0.4s
epoch   64 | loss 9.7852 | lr 1.56e-03 | 0.4s
epoch   65 | loss 9.9081 | lr 1.56e-03 | 0.4s
epoch   66 | loss 9.8045 | lr 1.56e-03 | 0.4s
epoch   67 | loss 9.8553 | lr 1.56e-03 | 0.4s
epoch   68 | loss 9.7929 | lr 1.56e-03 | 0.5s
epoch   69 | loss 9.8277 | lr 1.56e-03 | 0.4s
epoch   70 | loss 9.8409 | lr 1.56e-03 | 0.4s
epoch   71 | loss 9.7549 | lr 1.56e-03 | 0.5s
epoch   72 | loss 9.7872 | lr 1.56e-03 | 0.4s
epoch   73 | loss 9.7451 | lr 1.56e-03 | 0.4s
epoch   74 | loss 9.7426 | lr 1.56e-03 | 0.4s
epoch   75 | loss 9.7342 | lr 1.56e-03 | 0.4s
epoch   76 | loss 9.7983 | lr 1.56e-03 | 0.5s
epoch   77 | loss 9.7325 | lr 1.56e-03 | 0.4s
epoch   78 | loss 9.7728 | lr 1.56e-03 | 0.5s
epoch   79 | loss 9.7283 | lr 1.56e-03 | 0.4s
epoch   80 | loss 9.7868 | lr 1.56e-03 | 0.5s
epoch   81 | loss 9.7597 | lr 1.56e-03 | 0.4s
epoch   82 | loss 9.7590 | lr 1.56e-03 | 0.4s
epoch   83 | loss 9.7341 | lr 1.56e-03 | 0.4s
epoch   84 | loss 9.6685 | lr 1.56e-03 | 0.4s
epoch   85 | loss 9.7280 | lr 1.56e-03 | 0.4s
epoch   86 | loss 9.7068 | lr 1.56e-03 | 0.4s
epoch   87 | loss 9.7043 | lr 1.56e-03 | 0.5s
epoch   88 | loss 9.7090 | lr 1.56e-03 | 0.4s
epoch   89 | loss 9.6870 | lr 1.56e-03 | 0.4s
epoch   90 | loss 9.6276 | lr 1.56e-03 | 0.4s
epoch   91 | loss 9.6564 | lr 1.56e-03 | 0.4s
epoch   92 | loss 9.6882 | lr 1.56e-03 | 0.4s
epoch   93 | loss 9.7134 | lr 1.56e-03 | 0.4s
epoch   94 | loss 9.7114 | lr 1.56e-03 | 0.4s
epoch   95 | loss 9.7305 | lr 1.56e-03 | 0.4s
epoch   96 | loss 9.6771 | lr 1.56e-03 | 0.4s
epoch   97 | loss 9.6909 | lr 1.56e-03 | 0.4s
epoch   98 | loss 9.6279 | lr 1.56e-03 | 0.4s
epoch   99 | loss 9.6792 | lr 1.56e-03 | 0.4s
epoch  100 | loss 9.6769 | lr 1.56e-03 | 0.4s
epoch  101 | loss 9.6364 | lr 1.56e-03 | 0.4s
epoch  102 | loss 9.6795 | lr 1.56e-03 | 0.4s
epoch  103 | loss 9.6122 | lr 1.56e-03 | 0.5s
epoch  104 | loss 9.6970 | lr 1.56e-03 | 0.4s
epoch  105 | loss 9.5831 | lr 1.56e-03 | 0.4s
epoch  106 | loss 9.6274 | lr 1.56e-03 | 0.4s
epoch  107 | loss 9.6262 | lr 1.56e-03 | 0.4s
epoch  108 | loss 9.6182 | lr 1.56e-03 | 0.4s
epoch  109 | loss 9.6411 | lr 1.56e-03 | 0.4s
epoch  110 | loss 9.6550 | lr 1.56e-03 | 0.4s
epoch  111 | loss 9.6572 | lr 1.56e-03 | 0.4s
epoch  112 | loss 9.5782 | lr 1.56e-03 | 0.4s
epoch  113 | loss 9.6506 | lr 1.56e-03 | 0.4s
epoch  114 | loss 9.6164 | lr 1.56e-03 | 0.4s
epoch  115 | loss 9.6344 | lr 1.56e-03 | 0.4s
epoch  116 | loss 9.6079 | lr 1.56e-03 | 0.4s
epoch  117 | loss 9.5886 | lr 1.56e-03 | 0.4s
epoch  118 | loss 9.6402 | lr 1.56e-03 | 0.4s
epoch  119 | loss 9.5959 | lr 1.56e-03 | 0.4s
epoch  120 | loss 9.6270 | lr 1.56e-03 | 0.4s
epoch  121 | loss 9.5548 | lr 1.56e-03 | 0.4s
epoch  122 | loss 9.6020 | lr 1.56e-03 | 0.4s
epoch  123 | loss 9.5590 | lr 1.56e-03 | 0.4s
epoch  124 | loss 9.5346 | lr 1.56e-03 | 0.4s
epoch  125 | loss 9.5538 | lr 1.56e-03 | 0.4s
epoch  126 | loss 9.5704 | lr 1.56e-03 | 0.4s
epoch  127 | loss 9.5757 | lr 1.56e-03 | 0.4s
epoch  128 | loss 9.5617 | lr 1.56e-03 | 0.4s
epoch  129 | loss 9.5762 | lr 1.56e-03 | 0.4s
epoch  130 | loss 9.5812 | lr 1.56e-03 | 0.4s
epoch  131 | loss 9.6237 | lr 1.56e-03 | 0.4s
epoch  132 | loss 9.5600 | lr 1.56e-03 | 0.4s
epoch  133 | loss 9.5371 | lr 1.56e-03 | 0.5s
epoch  134 | loss 9.5685 | lr 1.56e-03 | 0.4s
epoch  135 | loss 9.5088 | lr 1.56e-03 | 0.4s
epoch  136 | loss 9.5540 | lr 1.56e-03 | 0.4s
epoch  137 | loss 9.5708 | lr 1.56e-03 | 0.4s
epoch  138 | loss 9.5272 | lr 1.56e-03 | 0.4s
epoch  139 | loss 9.5663 | lr 1.56e-03 | 0.4s
epoch  140 | loss 9.5154 | lr 1.56e-03 | 0.4s
epoch  141 | loss 9.5230 | lr 1.56e-03 | 0.4s
epoch  142 | loss 9.5439 | lr 1.56e-03 | 0.4s
epoch  143 | loss 9.5196 | lr 1.56e-03 | 0.4s
epoch  144 | loss 9.6468 | lr 1.56e-03 | 0.4s
epoch  145 | loss 9.5223 | lr 1.56e-03 | 0.4s
epoch  146 | loss 9.4671 | lr 1.56e-03 | 0.4s
epoch  147 | loss 9.4983 | lr 1.56e-03 | 0.4s
epoch  148 | loss 9.5252 | lr 1.56e-03 | 0.4s
epoch  149 | loss 9.5887 | lr 1.56e-03 | 0.4s
epoch  150 | loss 9.5427 | lr 1.56e-03 | 0.4s
epoch  151 | loss 9.4984 | lr 1.56e-03 | 0.4s
epoch  152 | loss 9.4946 | lr 1.56e-03 | 0.4s
epoch  153 | loss 9.4842 | lr 1.56e-03 | 0.4s
epoch  154 | loss 9.4312 | lr 1.56e-03 | 0.4s
epoch  155 | loss 9.5274 | lr 1.56e-03 | 0.5s
epoch  156 | loss 9.4534 | lr 1.56e-03 | 0.4s
epoch  157 | loss 9.4726 | lr 1.56e-03 | 0.4s
epoch  158 | loss 9.4987 | lr 1.56e-03 | 0.4s
epoch  159 | loss 9.4984 | lr 1.56e-03 | 0.4s
epoch  160 | loss 9.4899 | lr 1.56e-03 | 0.4s
epoch  161 | loss 9.4413 | lr 1.56e-03 | 0.4s
epoch  162 | loss 9.4391 | lr 1.56e-03 | 0.4s
epoch  163 | loss 9.5098 | lr 1.56e-03 | 0.4s
epoch  164 | loss 9.5009 | lr 1.56e-03 | 0.4s
epoch  165 | loss 9.5019 | lr 1.56e-03 | 0.4s
epoch  166 | loss 9.5039 | lr 1.56e-03 | 0.4s
epoch  167 | loss 9.4994 | lr 1.56e-03 | 0.4s
epoch  168 | loss 9.4093 | lr 1.56e-03 | 0.4s
epoch  169 | loss 9.5073 | lr 1.56e-03 | 0.4s
epoch  170 | loss 9.4474 | lr 1.56e-03 | 0.4s
epoch  171 | loss 9.4193 | lr 1.56e-03 | 0.4s
epoch  172 | loss 9.4367 | lr 1.56e-03 | 0.4s
epoch  173 | loss 9.4445 | lr 1.56e-03 | 0.4s
epoch  174 | loss 9.4603 | lr 1.56e-03 | 0.4s
epoch  175 | loss 9.4061 | lr 1.56e-03 | 0.4s
epoch  176 | loss 9.4850 | lr 1.56e-03 | 0.4s
epoch  177 | loss 9.4813 | lr 1.56e-03 | 0.4s
epoch  178 | loss 9.3990 | lr 1.56e-03 | 0.4s
epoch  179 | loss 9.4523 | lr 1.56e-03 | 0.4s
epoch  180 | loss 9.4224 | lr 1.56e-03 | 0.4s
epoch  181 | loss 9.4031 | lr 1.56e-03 | 0.4s
epoch  182 | loss 9.3744 | lr 1.56e-03 | 0.4s
epoch  183 | loss 9.4469 | lr 1.56e-03 | 0.4s
epoch  184 | loss 9.4540 | lr 1.56e-03 | 0.4s
epoch  185 | loss 9.4273 | lr 1.56e-03 | 0.5s
epoch  186 | loss 9.4446 | lr 1.56e-03 | 0.4s
epoch  187 | loss 9.3797 | lr 1.56e-03 | 0.5s
epoch  188 | loss 9.3822 | lr 1.56e-03 | 0.5s
epoch  189 | loss 9.3971 | lr 1.56e-03 | 0.4s
epoch  190 | loss 9.3862 | lr 1.56e-03 | 0.4s
epoch  191 | loss 9.4095 | lr 1.56e-03 | 0.4s
epoch  192 | loss 9.3788 | lr 1.56e-03 | 0.4s
epoch  193 | loss 9.4433 | lr 1.56e-03 | 0.4s
epoch  194 | loss 9.4003 | lr 1.56e-03 | 0.4s
epoch  195 | loss 9.4266 | lr 1.56e-03 | 0.5s
epoch  196 | loss 9.3998 | lr 1.56e-03 | 0.4s
epoch  197 | loss 9.3520 | lr 1.56e-03 | 0.4s
epoch  198 | loss 9.3322 | lr 1.56e-03 | 0.4s
epoch  199 | loss 9.3789 | lr 1.56e-03 | 0.4s
epoch  200 | loss 9.3817 | lr 1.56e-03 | 0.4s
epoch  201 | loss 9.3985 | lr 1.56e-03 | 0.4s
epoch  202 | loss 9.4121 | lr 1.56e-03 | 0.5s
epoch  203 | loss 9.3424 | lr 1.56e-03 | 0.4s
epoch  204 | loss 9.3976 | lr 1.56e-03 | 0.4s
epoch  205 | loss 9.4453 | lr 1.56e-03 | 0.4s
epoch  206 | loss 9.4412 | lr 1.56e-03 | 0.4s
epoch  207 | loss 9.4800 | lr 1.56e-03 | 0.4s
epoch  208 | loss 9.3967 | lr 1.56e-03 | 0.4s
epoch  209 | loss 9.3697 | lr 1.56e-03 | 0.4s
epoch  210 | loss 9.3628 | lr 1.56e-03 | 0.4s
epoch  211 | loss 9.3804 | lr 1.56e-03 | 0.4s
epoch  212 | loss 9.3996 | lr 1.56e-03 | 0.5s
epoch  213 | loss 9.3546 | lr 1.56e-03 | 0.4s
epoch  214 | loss 9.3588 | lr 1.56e-03 | 0.4s
epoch  215 | loss 9.3642 | lr 1.56e-03 | 0.4s
epoch  216 | loss 9.3202 | lr 1.56e-03 | 0.5s
epoch  217 | loss 9.3904 | lr 1.56e-03 | 0.4s
epoch  218 | loss 9.3944 | lr 1.56e-03 | 0.4s
epoch  219 | loss 9.3282 | lr 1.56e-03 | 0.4s
epoch  220 | loss 9.3796 | lr 1.56e-03 | 0.4s
epoch  221 | loss 9.3177 | lr 1.56e-03 | 0.4s
epoch  222 | loss 9.2973 | lr 1.56e-03 | 0.4s
epoch  223 | loss 9.3384 | lr 1.56e-03 | 0.4s
epoch  224 | loss 9.3817 | lr 1.56e-03 | 0.4s
epoch  225 | loss 9.3341 | lr 1.56e-03 | 0.4s
epoch  226 | loss 9.3290 | lr 1.56e-03 | 0.4s
epoch  227 | loss 9.3516 | lr 1.56e-03 | 0.4s
epoch  228 | loss 9.3577 | lr 1.56e-03 | 0.4s
epoch  229 | loss 9.3160 | lr 1.56e-03 | 0.5s
epoch  230 | loss 9.3116 | lr 1.56e-03 | 0.5s
epoch  231 | loss 9.3311 | lr 1.56e-03 | 0.5s
epoch  232 | loss 9.2924 | lr 1.56e-03 | 0.4s
epoch  233 | loss 9.3213 | lr 1.56e-03 | 0.4s
epoch  234 | loss 9.3105 | lr 1.56e-03 | 0.5s
epoch  235 | loss 9.3137 | lr 1.56e-03 | 0.4s
epoch  236 | loss 9.3500 | lr 1.56e-03 | 0.4s
epoch  237 | loss 9.3259 | lr 1.56e-03 | 0.4s
epoch  238 | loss 9.3523 | lr 1.56e-03 | 0.4s
epoch  239 | loss 9.3140 | lr 1.56e-03 | 0.4s
epoch  240 | loss 9.3223 | lr 1.56e-03 | 0.4s
epoch  241 | loss 9.3162 | lr 1.56e-03 | 0.4s
epoch  242 | loss 9.3468 | lr 1.56e-03 | 0.4s
epoch  243 | loss 9.3639 | lr 1.56e-03 | 0.4s
epoch  244 | loss 9.2940 | lr 1.56e-03 | 0.4s
epoch  245 | loss 9.3237 | lr 1.56e-03 | 0.4s
epoch  246 | loss 9.2678 | lr 1.56e-03 | 0.4s
epoch  247 | loss 9.3351 | lr 1.56e-03 | 0.4s
epoch  248 | loss 9.3355 | lr 1.56e-03 | 0.4s
epoch  249 | loss 9.3332 | lr 1.56e-03 | 0.4s
epoch  250 | loss 9.2898 | lr 1.56e-03 | 0.4s
epoch  251 | loss 9.2378 | lr 1.56e-03 | 0.4s
epoch  252 | loss 9.2797 | lr 1.56e-03 | 0.4s
epoch  253 | loss 9.3186 | lr 1.56e-03 | 0.4s
epoch  254 | loss 9.2895 | lr 1.56e-03 | 0.4s
epoch  255 | loss 9.3258 | lr 1.56e-03 | 0.4s
epoch  256 | loss 9.3403 | lr 1.56e-03 | 0.4s
epoch  257 | loss 9.2607 | lr 1.56e-03 | 0.4s
epoch  258 | loss 9.2577 | lr 1.56e-03 | 0.4s
epoch  259 | loss 9.3240 | lr 1.56e-03 | 0.4s
epoch  260 | loss 9.2748 | lr 1.56e-03 | 0.4s
epoch  261 | loss 9.2482 | lr 1.56e-03 | 0.4s
epoch  262 | loss 9.3198 | lr 1.56e-03 | 0.4s
epoch  263 | loss 9.2921 | lr 1.56e-03 | 0.4s
epoch  264 | loss 9.3121 | lr 1.56e-03 | 0.4s
epoch  265 | loss 9.2965 | lr 1.56e-03 | 0.4s
epoch  266 | loss 9.2728 | lr 1.56e-03 | 0.4s
epoch  267 | loss 9.2497 | lr 1.56e-03 | 0.4s
epoch  268 | loss 9.2484 | lr 1.56e-03 | 0.5s
epoch  269 | loss 9.2785 | lr 1.56e-03 | 0.4s
epoch  270 | loss 9.2751 | lr 1.56e-03 | 0.5s
epoch  271 | loss 9.2826 | lr 1.56e-03 | 0.4s
epoch  272 | loss 9.2623 | lr 1.56e-03 | 0.4s
epoch  273 | loss 9.2497 | lr 1.56e-03 | 0.4s
epoch  274 | loss 9.2714 | lr 1.56e-03 | 0.4s
epoch  275 | loss 9.2367 | lr 1.56e-03 | 0.4s
epoch  276 | loss 9.2852 | lr 1.56e-03 | 0.4s
epoch  277 | loss 9.2389 | lr 1.56e-03 | 0.5s
epoch  278 | loss 9.2740 | lr 1.56e-03 | 0.4s
epoch  279 | loss 9.2889 | lr 1.56e-03 | 0.4s
epoch  280 | loss 9.2722 | lr 1.56e-03 | 0.4s
epoch  281 | loss 9.2236 | lr 1.56e-03 | 0.4s
epoch  282 | loss 9.2661 | lr 1.56e-03 | 0.4s
epoch  283 | loss 9.2739 | lr 1.56e-03 | 0.4s
epoch  284 | loss 9.2655 | lr 1.56e-03 | 0.4s
epoch  285 | loss 9.2682 | lr 1.56e-03 | 0.4s
epoch  286 | loss 9.2222 | lr 1.56e-03 | 0.4s
epoch  287 | loss 9.2710 | lr 1.56e-03 | 0.4s
epoch  288 | loss 9.2424 | lr 1.55e-03 | 0.4s
epoch  289 | loss 9.2559 | lr 1.55e-03 | 0.4s
epoch  290 | loss 9.2042 | lr 1.55e-03 | 0.4s
epoch  291 | loss 9.2618 | lr 1.55e-03 | 0.4s
epoch  292 | loss 9.2528 | lr 1.55e-03 | 0.5s
epoch  293 | loss 9.2489 | lr 1.55e-03 | 0.4s
epoch  294 | loss 9.2779 | lr 1.55e-03 | 0.4s
epoch  295 | loss 9.2489 | lr 1.55e-03 | 0.4s
epoch  296 | loss 9.2809 | lr 1.55e-03 | 0.4s
epoch  297 | loss 9.2492 | lr 1.55e-03 | 0.4s
epoch  298 | loss 9.2462 | lr 1.55e-03 | 0.5s
epoch  299 | loss 9.2009 | lr 1.55e-03 | 0.5s
epoch  300 | loss 9.2939 | lr 1.55e-03 | 0.4s
epoch  301 | loss 9.2444 | lr 1.55e-03 | 0.4s
epoch  302 | loss 9.2662 | lr 1.55e-03 | 0.4s
epoch  303 | loss 9.2481 | lr 1.55e-03 | 0.5s
epoch  304 | loss 9.2554 | lr 1.55e-03 | 0.4s
epoch  305 | loss 9.2427 | lr 1.55e-03 | 0.4s
epoch  306 | loss 9.2867 | lr 1.55e-03 | 0.4s
epoch  307 | loss 9.1831 | lr 1.55e-03 | 0.4s
epoch  308 | loss 9.1479 | lr 1.55e-03 | 0.4s
epoch  309 | loss 9.1863 | lr 1.55e-03 | 0.4s
epoch  310 | loss 9.2143 | lr 1.55e-03 | 0.4s
epoch  311 | loss 9.1960 | lr 1.55e-03 | 0.4s
epoch  312 | loss 9.2291 | lr 1.55e-03 | 0.4s
epoch  313 | loss 9.2282 | lr 1.55e-03 | 0.4s
epoch  314 | loss 9.2423 | lr 1.55e-03 | 0.4s
epoch  315 | loss 9.2756 | lr 1.55e-03 | 0.4s
epoch  316 | loss 9.1766 | lr 1.55e-03 | 0.5s
epoch  317 | loss 9.1988 | lr 1.55e-03 | 0.4s
epoch  318 | loss 9.2206 | lr 1.55e-03 | 0.5s
epoch  319 | loss 9.2282 | lr 1.55e-03 | 0.4s
epoch  320 | loss 9.2326 | lr 1.55e-03 | 0.4s
epoch  321 | loss 9.1818 | lr 1.55e-03 | 0.4s
epoch  322 | loss 9.2109 | lr 1.55e-03 | 0.5s
epoch  323 | loss 9.2184 | lr 1.55e-03 | 0.5s
epoch  324 | loss 9.1909 | lr 1.55e-03 | 0.5s
epoch  325 | loss 9.2447 | lr 1.55e-03 | 0.4s
epoch  326 | loss 9.1802 | lr 1.55e-03 | 0.4s
epoch  327 | loss 9.1720 | lr 1.55e-03 | 0.5s
epoch  328 | loss 9.2083 | lr 1.55e-03 | 0.4s
epoch  329 | loss 9.1524 | lr 1.55e-03 | 0.4s
epoch  330 | loss 9.1517 | lr 1.55e-03 | 0.4s
epoch  331 | loss 9.2195 | lr 1.55e-03 | 0.5s
epoch  332 | loss 9.2258 | lr 1.55e-03 | 0.4s
epoch  333 | loss 9.1903 | lr 1.55e-03 | 0.4s
epoch  334 | loss 9.2116 | lr 1.55e-03 | 0.4s
epoch  335 | loss 9.2063 | lr 1.55e-03 | 0.4s
epoch  336 | loss 9.1488 | lr 1.55e-03 | 0.4s
epoch  337 | loss 9.1665 | lr 1.55e-03 | 0.4s
epoch  338 | loss 9.2221 | lr 1.55e-03 | 0.4s
epoch  339 | loss 9.2226 | lr 1.55e-03 | 0.4s
epoch  340 | loss 9.1738 | lr 1.55e-03 | 0.4s
epoch  341 | loss 9.1730 | lr 1.55e-03 | 0.4s
epoch  342 | loss 9.1804 | lr 1.55e-03 | 0.5s
epoch  343 | loss 9.2063 | lr 1.55e-03 | 0.4s
epoch  344 | loss 9.1531 | lr 1.55e-03 | 0.4s
epoch  345 | loss 9.2018 | lr 1.55e-03 | 0.4s
epoch  346 | loss 9.1757 | lr 1.55e-03 | 0.4s
epoch  347 | loss 9.1992 | lr 1.55e-03 | 0.4s
epoch  348 | loss 9.1366 | lr 1.55e-03 | 0.5s
epoch  349 | loss 9.1839 | lr 1.55e-03 | 0.4s
epoch  350 | loss 9.1542 | lr 1.55e-03 | 0.4s
epoch  351 | loss 9.2128 | lr 1.55e-03 | 0.4s
epoch  352 | loss 9.2268 | lr 1.55e-03 | 0.4s
epoch  353 | loss 9.2466 | lr 1.55e-03 | 0.5s
epoch  354 | loss 9.1576 | lr 1.55e-03 | 0.4s
epoch  355 | loss 9.1341 | lr 1.55e-03 | 0.4s
epoch  356 | loss 9.1141 | lr 1.55e-03 | 0.4s
epoch  357 | loss 9.2016 | lr 1.55e-03 | 0.4s
epoch  358 | loss 9.1460 | lr 1.55e-03 | 0.4s
epoch  359 | loss 9.2089 | lr 1.55e-03 | 0.4s
epoch  360 | loss 9.1713 | lr 1.55e-03 | 0.4s
epoch  361 | loss 9.1954 | lr 1.55e-03 | 0.4s
epoch  362 | loss 9.1728 | lr 1.55e-03 | 0.5s
epoch  363 | loss 9.1499 | lr 1.55e-03 | 0.4s
epoch  364 | loss 9.1887 | lr 1.55e-03 | 0.4s
epoch  365 | loss 9.0676 | lr 1.55e-03 | 0.4s
epoch  366 | loss 9.1751 | lr 1.55e-03 | 0.4s
epoch  367 | loss 9.1544 | lr 1.55e-03 | 0.4s
epoch  368 | loss 9.1399 | lr 1.55e-03 | 0.4s
epoch  369 | loss 9.1473 | lr 1.55e-03 | 0.4s
epoch  370 | loss 9.2328 | lr 1.55e-03 | 0.4s
epoch  371 | loss 9.1725 | lr 1.55e-03 | 0.4s
epoch  372 | loss 9.1641 | lr 1.55e-03 | 0.4s
epoch  373 | loss 9.1717 | lr 1.55e-03 | 0.4s
epoch  374 | loss 9.1091 | lr 1.55e-03 | 0.4s
epoch  375 | loss 9.1022 | lr 1.55e-03 | 0.4s
epoch  376 | loss 9.1587 | lr 1.55e-03 | 0.4s
epoch  377 | loss 9.1314 | lr 1.55e-03 | 0.4s
epoch  378 | loss 9.1419 | lr 1.55e-03 | 0.4s
epoch  379 | loss 9.1476 | lr 1.55e-03 | 0.4s
epoch  380 | loss 9.1134 | lr 1.55e-03 | 0.4s
epoch  381 | loss 9.1293 | lr 1.55e-03 | 0.4s
epoch  382 | loss 9.1035 | lr 1.55e-03 | 0.4s
epoch  383 | loss 9.1180 | lr 1.55e-03 | 0.4s
epoch  384 | loss 9.1114 | lr 1.55e-03 | 0.4s
epoch  385 | loss 9.1384 | lr 1.55e-03 | 0.4s
epoch  386 | loss 9.1358 | lr 1.55e-03 | 0.4s
epoch  387 | loss 9.1257 | lr 1.55e-03 | 0.4s
epoch  388 | loss 9.1986 | lr 1.55e-03 | 0.4s
epoch  389 | loss 9.0904 | lr 1.55e-03 | 0.4s
epoch  390 | loss 9.1097 | lr 1.55e-03 | 0.4s
epoch  391 | loss 9.1345 | lr 1.55e-03 | 0.4s
epoch  392 | loss 9.1075 | lr 1.55e-03 | 0.4s
epoch  393 | loss 9.1483 | lr 1.55e-03 | 0.4s
epoch  394 | loss 9.1349 | lr 1.55e-03 | 0.5s
epoch  395 | loss 9.1227 | lr 1.55e-03 | 0.4s
epoch  396 | loss 9.0769 | lr 1.55e-03 | 0.4s
epoch  397 | loss 9.1036 | lr 1.55e-03 | 0.4s
epoch  398 | loss 9.0841 | lr 1.55e-03 | 0.4s
epoch  399 | loss 9.1138 | lr 1.55e-03 | 0.4s
epoch  400 | loss 9.1472 | lr 1.55e-03 | 0.4s
epoch  401 | loss 9.0829 | lr 1.55e-03 | 0.4s
epoch  402 | loss 9.0965 | lr 1.55e-03 | 0.4s
epoch  403 | loss 9.1368 | lr 1.55e-03 | 0.5s
epoch  404 | loss 9.0737 | lr 1.55e-03 | 0.5s
epoch  405 | loss 9.1061 | lr 1.55e-03 | 0.4s
epoch  406 | loss 9.0635 | lr 1.55e-03 | 0.4s
epoch  407 | loss 9.1852 | lr 1.55e-03 | 0.4s
epoch  408 | loss 9.0615 | lr 1.55e-03 | 0.4s
epoch  409 | loss 9.1060 | lr 1.55e-03 | 0.4s
epoch  410 | loss 9.0940 | lr 1.55e-03 | 0.4s
epoch  411 | loss 9.0769 | lr 1.55e-03 | 0.4s
epoch  412 | loss 9.0732 | lr 1.55e-03 | 0.4s
epoch  413 | loss 9.0797 | lr 1.55e-03 | 0.4s
epoch  414 | loss 9.1090 | lr 1.55e-03 | 0.4s
epoch  415 | loss 9.1177 | lr 1.55e-03 | 0.4s
epoch  416 | loss 9.1012 | lr 1.55e-03 | 0.4s
epoch  417 | loss 9.1384 | lr 1.55e-03 | 0.4s
epoch  418 | loss 9.0804 | lr 1.55e-03 | 0.4s
epoch  419 | loss 9.1107 | lr 1.55e-03 | 0.4s
epoch  420 | loss 9.0826 | lr 1.55e-03 | 0.4s
epoch  421 | loss 9.1181 | lr 1.55e-03 | 0.5s
epoch  422 | loss 9.1006 | lr 1.55e-03 | 0.4s
epoch  423 | loss 9.1327 | lr 1.55e-03 | 0.4s
epoch  424 | loss 9.0783 | lr 1.55e-03 | 0.4s
epoch  425 | loss 9.0457 | lr 1.55e-03 | 0.4s
epoch  426 | loss 9.0799 | lr 1.55e-03 | 0.4s
epoch  427 | loss 9.0668 | lr 1.55e-03 | 0.4s
epoch  428 | loss 9.1420 | lr 1.55e-03 | 0.4s
epoch  429 | loss 9.0870 | lr 1.55e-03 | 0.4s
epoch  430 | loss 9.1123 | lr 1.55e-03 | 0.4s
epoch  431 | loss 9.0668 | lr 1.55e-03 | 0.5s
epoch  432 | loss 9.0962 | lr 1.55e-03 | 0.4s
epoch  433 | loss 9.0960 | lr 1.55e-03 | 0.4s
epoch  434 | loss 9.1152 | lr 1.55e-03 | 0.4s
epoch  435 | loss 9.0528 | lr 1.55e-03 | 0.4s
epoch  436 | loss 9.0500 | lr 1.55e-03 | 0.5s
epoch  437 | loss 9.0696 | lr 1.55e-03 | 0.4s
epoch  438 | loss 9.0860 | lr 1.55e-03 | 0.5s
epoch  439 | loss 9.0776 | lr 1.55e-03 | 0.5s
epoch  440 | loss 9.0637 | lr 1.55e-03 | 0.4s
epoch  441 | loss 9.0003 | lr 1.55e-03 | 0.4s
epoch  442 | loss 9.0533 | lr 1.55e-03 | 0.4s
epoch  443 | loss 9.0741 | lr 1.55e-03 | 0.4s
epoch  444 | loss 9.0508 | lr 1.55e-03 | 0.4s
epoch  445 | loss 9.0844 | lr 1.55e-03 | 0.4s
epoch  446 | loss 9.0626 | lr 1.55e-03 | 0.4s
epoch  447 | loss 9.0354 | lr 1.55e-03 | 0.4s
epoch  448 | loss 9.0826 | lr 1.55e-03 | 0.4s
epoch  449 | loss 9.0783 | lr 1.55e-03 | 0.4s
epoch  450 | loss 9.0378 | lr 1.55e-03 | 0.4s
epoch  451 | loss 9.0798 | lr 1.55e-03 | 0.4s
epoch  452 | loss 9.0644 | lr 1.55e-03 | 0.4s
epoch  453 | loss 9.0768 | lr 1.55e-03 | 0.4s
epoch  454 | loss 9.0228 | lr 1.55e-03 | 0.4s
epoch  455 | loss 9.1002 | lr 1.55e-03 | 0.4s
epoch  456 | loss 9.0426 | lr 1.55e-03 | 0.5s
epoch  457 | loss 9.0228 | lr 1.55e-03 | 0.4s
epoch  458 | loss 8.9923 | lr 1.55e-03 | 0.4s
epoch  459 | loss 9.0374 | lr 1.55e-03 | 0.4s
epoch  460 | loss 9.0719 | lr 1.55e-03 | 0.5s
epoch  461 | loss 9.0676 | lr 1.55e-03 | 0.4s
epoch  462 | loss 9.0217 | lr 1.55e-03 | 0.5s
epoch  463 | loss 9.0607 | lr 1.55e-03 | 0.4s
epoch  464 | loss 9.0206 | lr 1.55e-03 | 0.4s
epoch  465 | loss 9.0420 | lr 1.55e-03 | 0.4s
epoch  466 | loss 9.1064 | lr 1.55e-03 | 0.4s
epoch  467 | loss 9.0189 | lr 1.55e-03 | 0.4s
epoch  468 | loss 9.0530 | lr 1.55e-03 | 0.4s
epoch  469 | loss 9.0924 | lr 1.55e-03 | 0.5s
epoch  470 | loss 9.0490 | lr 1.55e-03 | 0.4s
epoch  471 | loss 9.0676 | lr 1.55e-03 | 0.4s
epoch  472 | loss 9.0079 | lr 1.55e-03 | 0.4s
epoch  473 | loss 9.0625 | lr 1.55e-03 | 0.4s
epoch  474 | loss 9.0858 | lr 1.55e-03 | 0.4s
epoch  475 | loss 9.0796 | lr 1.55e-03 | 0.4s
epoch  476 | loss 8.9902 | lr 1.55e-03 | 0.4s
epoch  477 | loss 9.0160 | lr 1.55e-03 | 0.5s
epoch  478 | loss 9.0952 | lr 1.55e-03 | 0.4s
epoch  479 | loss 9.0605 | lr 1.55e-03 | 0.4s
epoch  480 | loss 9.0478 | lr 1.55e-03 | 0.4s
epoch  481 | loss 9.0701 | lr 1.55e-03 | 0.4s
epoch  482 | loss 9.0303 | lr 1.55e-03 | 0.4s
epoch  483 | loss 9.0067 | lr 1.55e-03 | 0.4s
epoch  484 | loss 9.0622 | lr 1.55e-03 | 0.4s
epoch  485 | loss 9.0067 | lr 1.55e-03 | 0.4s
epoch  486 | loss 9.0312 | lr 1.55e-03 | 0.4s
epoch  487 | loss 9.0502 | lr 1.55e-03 | 0.4s
epoch  488 | loss 9.0365 | lr 1.55e-03 | 0.4s
epoch  489 | loss 9.0482 | lr 1.55e-03 | 0.4s
epoch  490 | loss 9.0304 | lr 1.55e-03 | 0.4s
epoch  491 | loss 9.0062 | lr 1.55e-03 | 0.4s
epoch  492 | loss 9.0223 | lr 1.55e-03 | 0.4s
epoch  493 | loss 9.0283 | lr 1.55e-03 | 0.5s
epoch  494 | loss 9.0469 | lr 1.55e-03 | 0.4s
epoch  495 | loss 9.0199 | lr 1.55e-03 | 0.5s
epoch  496 | loss 9.0189 | lr 1.55e-03 | 0.4s
epoch  497 | loss 8.9862 | lr 1.55e-03 | 0.4s
epoch  498 | loss 9.0264 | lr 1.55e-03 | 0.4s
epoch  499 | loss 9.0050 | lr 1.55e-03 | 0.4s
epoch  500 | loss 9.0792 | lr 1.54e-03 | 0.4s
epoch  501 | loss 9.0364 | lr 1.54e-03 | 0.4s
epoch  502 | loss 9.0556 | lr 1.54e-03 | 0.4s
epoch  503 | loss 8.9876 | lr 1.54e-03 | 0.4s
epoch  504 | loss 9.0234 | lr 1.54e-03 | 0.4s
epoch  505 | loss 9.0226 | lr 1.54e-03 | 0.4s
epoch  506 | loss 8.9998 | lr 1.54e-03 | 0.4s
epoch  507 | loss 9.0059 | lr 1.54e-03 | 0.5s
epoch  508 | loss 8.9762 | lr 1.54e-03 | 0.4s
epoch  509 | loss 8.9366 | lr 1.54e-03 | 0.4s
epoch  510 | loss 9.0602 | lr 1.54e-03 | 0.4s
epoch  511 | loss 9.0237 | lr 1.54e-03 | 0.4s
epoch  512 | loss 9.0086 | lr 1.54e-03 | 0.4s
epoch  513 | loss 9.0048 | lr 1.54e-03 | 0.5s
epoch  514 | loss 9.0094 | lr 1.54e-03 | 0.4s
epoch  515 | loss 9.0448 | lr 1.54e-03 | 0.4s
epoch  516 | loss 9.0087 | lr 1.54e-03 | 0.5s
epoch  517 | loss 9.0132 | lr 1.54e-03 | 0.4s
epoch  518 | loss 8.9839 | lr 1.54e-03 | 0.4s
epoch  519 | loss 9.0454 | lr 1.54e-03 | 0.4s
epoch  520 | loss 9.0069 | lr 1.54e-03 | 0.4s
epoch  521 | loss 9.0027 | lr 1.54e-03 | 0.4s
epoch  522 | loss 9.0566 | lr 1.54e-03 | 0.4s
epoch  523 | loss 9.0276 | lr 1.54e-03 | 0.4s
epoch  524 | loss 9.0063 | lr 1.54e-03 | 0.4s
epoch  525 | loss 9.0357 | lr 1.54e-03 | 0.4s
epoch  526 | loss 8.9821 | lr 1.54e-03 | 0.4s
epoch  527 | loss 9.0130 | lr 1.54e-03 | 0.4s
epoch  528 | loss 8.9937 | lr 1.54e-03 | 0.4s
epoch  529 | loss 9.0022 | lr 1.54e-03 | 0.4s
epoch  530 | loss 8.9698 | lr 1.54e-03 | 0.5s
epoch  531 | loss 9.0521 | lr 1.54e-03 | 0.4s
epoch  532 | loss 8.9539 | lr 1.54e-03 | 0.5s
epoch  533 | loss 9.0751 | lr 1.54e-03 | 0.4s
epoch  534 | loss 9.0062 | lr 1.54e-03 | 0.4s
epoch  535 | loss 8.9742 | lr 1.54e-03 | 0.4s
epoch  536 | loss 9.0435 | lr 1.54e-03 | 0.4s
epoch  537 | loss 8.9900 | lr 1.54e-03 | 0.4s
epoch  538 | loss 9.0597 | lr 1.54e-03 | 0.4s
epoch  539 | loss 8.9857 | lr 1.54e-03 | 0.5s
epoch  540 | loss 9.0290 | lr 1.54e-03 | 0.4s
epoch  541 | loss 9.0046 | lr 1.54e-03 | 0.4s
epoch  542 | loss 8.9577 | lr 1.54e-03 | 0.4s
epoch  543 | loss 8.9598 | lr 1.54e-03 | 0.4s
epoch  544 | loss 9.0120 | lr 1.54e-03 | 0.5s
epoch  545 | loss 8.9599 | lr 1.54e-03 | 0.5s
epoch  546 | loss 8.9893 | lr 1.54e-03 | 0.5s
epoch  547 | loss 8.9080 | lr 1.54e-03 | 0.4s
epoch  548 | loss 9.0273 | lr 1.54e-03 | 0.4s
epoch  549 | loss 8.9914 | lr 1.54e-03 | 0.5s
epoch  550 | loss 8.9812 | lr 1.54e-03 | 0.5s
epoch  551 | loss 8.9767 | lr 1.54e-03 | 0.4s
epoch  552 | loss 8.9421 | lr 1.54e-03 | 0.4s
epoch  553 | loss 8.9619 | lr 1.54e-03 | 0.4s
epoch  554 | loss 8.9832 | lr 1.54e-03 | 0.4s
epoch  555 | loss 8.9524 | lr 1.54e-03 | 0.4s
epoch  556 | loss 8.9720 | lr 1.54e-03 | 0.4s
epoch  557 | loss 8.9135 | lr 1.54e-03 | 0.4s
epoch  558 | loss 9.0266 | lr 1.54e-03 | 0.4s
epoch  559 | loss 8.9834 | lr 1.54e-03 | 0.5s
epoch  560 | loss 8.9814 | lr 1.54e-03 | 0.5s
epoch  561 | loss 8.9671 | lr 1.54e-03 | 0.5s
epoch  562 | loss 9.0282 | lr 1.54e-03 | 0.4s
epoch  563 | loss 9.0081 | lr 1.54e-03 | 0.4s
epoch  564 | loss 8.9465 | lr 1.54e-03 | 0.5s
epoch  565 | loss 9.0207 | lr 1.54e-03 | 0.4s
epoch  566 | loss 8.9344 | lr 1.54e-03 | 0.4s
epoch  567 | loss 9.0339 | lr 1.54e-03 | 0.5s
epoch  568 | loss 8.9793 | lr 1.54e-03 | 0.4s
epoch  569 | loss 8.9140 | lr 1.54e-03 | 0.4s
epoch  570 | loss 8.9669 | lr 1.54e-03 | 0.5s
epoch  571 | loss 8.9695 | lr 1.54e-03 | 0.4s
epoch  572 | loss 8.9288 | lr 1.54e-03 | 0.4s
epoch  573 | loss 9.0106 | lr 1.54e-03 | 0.5s
epoch  574 | loss 9.0025 | lr 1.54e-03 | 0.4s
epoch  575 | loss 8.9121 | lr 1.54e-03 | 0.4s
epoch  576 | loss 8.9513 | lr 1.54e-03 | 0.4s
epoch  577 | loss 8.9827 | lr 1.54e-03 | 0.4s
epoch  578 | loss 8.9825 | lr 1.54e-03 | 0.4s
epoch  579 | loss 8.9714 | lr 1.54e-03 | 0.5s
epoch  580 | loss 8.9993 | lr 1.54e-03 | 0.4s
epoch  581 | loss 8.9610 | lr 1.54e-03 | 0.4s
epoch  582 | loss 8.9925 | lr 1.54e-03 | 0.4s
epoch  583 | loss 8.9584 | lr 1.54e-03 | 0.5s
epoch  584 | loss 8.9781 | lr 1.54e-03 | 0.4s
epoch  585 | loss 8.9914 | lr 1.54e-03 | 0.4s
epoch  586 | loss 9.0091 | lr 1.54e-03 | 0.5s
epoch  587 | loss 8.9361 | lr 1.54e-03 | 0.4s
epoch  588 | loss 8.9685 | lr 1.54e-03 | 0.4s
epoch  589 | loss 8.9702 | lr 1.54e-03 | 0.5s
epoch  590 | loss 8.9160 | lr 1.54e-03 | 0.4s
epoch  591 | loss 8.9480 | lr 1.54e-03 | 0.4s
epoch  592 | loss 8.9745 | lr 1.54e-03 | 0.5s
epoch  593 | loss 8.9617 | lr 1.54e-03 | 0.4s
epoch  594 | loss 8.9451 | lr 1.54e-03 | 0.4s
epoch  595 | loss 8.9170 | lr 1.54e-03 | 0.5s
epoch  596 | loss 8.9738 | lr 1.54e-03 | 0.4s
epoch  597 | loss 9.0220 | lr 1.54e-03 | 0.4s
epoch  598 | loss 8.9446 | lr 1.54e-03 | 0.4s
epoch  599 | loss 8.9260 | lr 1.54e-03 | 0.4s
epoch  600 | loss 8.9582 | lr 1.54e-03 | 0.4s
epoch  601 | loss 8.9650 | lr 1.54e-03 | 0.4s
epoch  602 | loss 8.9586 | lr 1.54e-03 | 0.4s
epoch  603 | loss 8.9508 | lr 1.54e-03 | 0.4s
epoch  604 | loss 8.9786 | lr 1.54e-03 | 0.4s
epoch  605 | loss 8.9252 | lr 1.54e-03 | 0.4s
epoch  606 | loss 8.9235 | lr 1.54e-03 | 0.5s
epoch  607 | loss 8.9663 | lr 1.54e-03 | 0.4s
epoch  608 | loss 8.9383 | lr 1.54e-03 | 0.4s
epoch  609 | loss 8.9219 | lr 1.54e-03 | 0.4s
epoch  610 | loss 8.9459 | lr 1.54e-03 | 0.4s
epoch  611 | loss 8.9675 | lr 1.54e-03 | 0.5s
epoch  612 | loss 8.9857 | lr 1.54e-03 | 0.4s
epoch  613 | loss 8.9108 | lr 1.54e-03 | 0.4s
epoch  614 | loss 8.9640 | lr 1.54e-03 | 0.4s
epoch  615 | loss 8.9639 | lr 1.54e-03 | 0.4s
epoch  616 | loss 8.9121 | lr 1.54e-03 | 0.4s
epoch  617 | loss 8.9470 | lr 1.54e-03 | 0.4s
epoch  618 | loss 8.9169 | lr 1.54e-03 | 0.4s
epoch  619 | loss 8.9497 | lr 1.54e-03 | 0.4s
epoch  620 | loss 8.8825 | lr 1.54e-03 | 0.4s
epoch  621 | loss 8.9774 | lr 1.54e-03 | 0.5s
epoch  622 | loss 8.9560 | lr 1.54e-03 | 0.4s
epoch  623 | loss 8.9188 | lr 1.54e-03 | 0.4s
epoch  624 | loss 8.9254 | lr 1.54e-03 | 0.4s
epoch  625 | loss 8.9277 | lr 1.54e-03 | 0.4s
epoch  626 | loss 8.9041 | lr 1.54e-03 | 0.4s
epoch  627 | loss 8.9238 | lr 1.54e-03 | 0.4s
epoch  628 | loss 8.9226 | lr 1.54e-03 | 0.4s
epoch  629 | loss 9.0103 | lr 1.54e-03 | 0.4s
epoch  630 | loss 8.9594 | lr 1.54e-03 | 0.4s
epoch  631 | loss 8.9008 | lr 1.54e-03 | 0.5s
epoch  632 | loss 8.9192 | lr 1.54e-03 | 0.4s
epoch  633 | loss 8.8814 | lr 1.54e-03 | 0.4s
epoch  634 | loss 8.9265 | lr 1.54e-03 | 0.4s
epoch  635 | loss 9.0056 | lr 1.54e-03 | 0.5s
epoch  636 | loss 8.8853 | lr 1.54e-03 | 0.4s
epoch  637 | loss 8.8931 | lr 1.54e-03 | 0.4s
epoch  638 | loss 8.9347 | lr 1.54e-03 | 0.4s
epoch  639 | loss 8.9350 | lr 1.54e-03 | 0.4s
epoch  640 | loss 8.9052 | lr 1.54e-03 | 0.5s
epoch  641 | loss 8.9205 | lr 1.54e-03 | 0.4s
epoch  642 | loss 8.9267 | lr 1.54e-03 | 0.4s
epoch  643 | loss 8.9385 | lr 1.54e-03 | 0.4s
epoch  644 | loss 8.9232 | lr 1.54e-03 | 0.4s
epoch  645 | loss 8.9646 | lr 1.54e-03 | 0.4s
epoch  646 | loss 8.9310 | lr 1.53e-03 | 0.4s
epoch  647 | loss 8.9389 | lr 1.53e-03 | 0.4s
epoch  648 | loss 8.9166 | lr 1.53e-03 | 0.4s
epoch  649 | loss 8.9142 | lr 1.53e-03 | 0.4s
epoch  650 | loss 8.9917 | lr 1.53e-03 | 0.4s
epoch  651 | loss 8.9507 | lr 1.53e-03 | 0.4s
epoch  652 | loss 8.9400 | lr 1.53e-03 | 0.4s
epoch  653 | loss 8.9577 | lr 1.53e-03 | 0.4s
epoch  654 | loss 8.9192 | lr 1.53e-03 | 0.4s
epoch  655 | loss 8.9516 | lr 1.53e-03 | 0.4s
epoch  656 | loss 8.9640 | lr 1.53e-03 | 0.4s
epoch  657 | loss 8.9133 | lr 1.53e-03 | 0.4s
epoch  658 | loss 8.9258 | lr 1.53e-03 | 0.4s
epoch  659 | loss 8.8930 | lr 1.53e-03 | 0.4s
epoch  660 | loss 8.9036 | lr 1.53e-03 | 0.4s
epoch  661 | loss 8.9200 | lr 1.53e-03 | 0.4s
epoch  662 | loss 8.9005 | lr 1.53e-03 | 0.4s
epoch  663 | loss 8.9020 | lr 1.53e-03 | 0.4s
epoch  664 | loss 8.9307 | lr 1.53e-03 | 0.4s
epoch  665 | loss 8.8825 | lr 1.53e-03 | 0.4s
epoch  666 | loss 8.9133 | lr 1.53e-03 | 0.4s
epoch  667 | loss 8.9527 | lr 1.53e-03 | 0.4s
epoch  668 | loss 8.9496 | lr 1.53e-03 | 0.4s
epoch  669 | loss 8.8923 | lr 1.53e-03 | 0.4s
epoch  670 | loss 8.9434 | lr 1.53e-03 | 0.4s
epoch  671 | loss 8.8579 | lr 1.53e-03 | 0.4s
epoch  672 | loss 8.8983 | lr 1.53e-03 | 0.4s
epoch  673 | loss 8.8957 | lr 1.53e-03 | 0.4s
epoch  674 | loss 8.9220 | lr 1.53e-03 | 0.4s
epoch  675 | loss 8.9168 | lr 1.53e-03 | 0.4s
epoch  676 | loss 8.9376 | lr 1.53e-03 | 0.4s
epoch  677 | loss 8.9131 | lr 1.53e-03 | 0.4s
epoch  678 | loss 8.8660 | lr 1.53e-03 | 0.4s
epoch  679 | loss 8.9538 | lr 1.53e-03 | 0.4s
epoch  680 | loss 8.9038 | lr 1.53e-03 | 0.4s
epoch  681 | loss 8.9224 | lr 1.53e-03 | 0.4s
epoch  682 | loss 8.9546 | lr 1.53e-03 | 0.4s
epoch  683 | loss 8.9694 | lr 1.53e-03 | 0.4s
epoch  684 | loss 8.8834 | lr 1.53e-03 | 0.4s
epoch  685 | loss 8.9270 | lr 1.53e-03 | 0.4s
epoch  686 | loss 8.9817 | lr 1.53e-03 | 0.5s
epoch  687 | loss 8.9100 | lr 1.53e-03 | 0.4s
epoch  688 | loss 8.8933 | lr 1.53e-03 | 0.5s
epoch  689 | loss 8.9011 | lr 1.53e-03 | 0.4s
epoch  690 | loss 8.8748 | lr 1.53e-03 | 0.4s
epoch  691 | loss 8.9141 | lr 1.53e-03 | 0.4s
epoch  692 | loss 8.8587 | lr 1.53e-03 | 0.4s
epoch  693 | loss 8.9247 | lr 1.53e-03 | 0.4s
epoch  694 | loss 8.9027 | lr 1.53e-03 | 0.4s
epoch  695 | loss 8.9033 | lr 1.53e-03 | 0.5s
epoch  696 | loss 8.8767 | lr 1.53e-03 | 0.4s
epoch  697 | loss 8.8794 | lr 1.53e-03 | 0.4s
epoch  698 | loss 8.8614 | lr 1.53e-03 | 0.4s
epoch  699 | loss 8.8824 | lr 1.53e-03 | 0.4s
epoch  700 | loss 8.9138 | lr 1.53e-03 | 0.4s
epoch  701 | loss 8.8754 | lr 1.53e-03 | 0.4s
epoch  702 | loss 8.9112 | lr 1.53e-03 | 0.4s
epoch  703 | loss 8.9210 | lr 1.53e-03 | 0.4s
epoch  704 | loss 8.8844 | lr 1.53e-03 | 0.4s
epoch  705 | loss 8.8869 | lr 1.53e-03 | 0.4s
epoch  706 | loss 8.9411 | lr 1.53e-03 | 0.4s
epoch  707 | loss 8.8863 | lr 1.53e-03 | 0.4s
epoch  708 | loss 8.8604 | lr 1.53e-03 | 0.4s
epoch  709 | loss 8.8697 | lr 1.53e-03 | 0.4s
epoch  710 | loss 8.8648 | lr 1.53e-03 | 0.4s
epoch  711 | loss 8.9078 | lr 1.53e-03 | 0.4s
epoch  712 | loss 8.8793 | lr 1.53e-03 | 0.4s
epoch  713 | loss 8.9080 | lr 1.53e-03 | 0.4s
epoch  714 | loss 8.8818 | lr 1.53e-03 | 0.4s
epoch  715 | loss 8.8336 | lr 1.53e-03 | 0.4s
epoch  716 | loss 8.8690 | lr 1.53e-03 | 0.4s
epoch  717 | loss 8.8741 | lr 1.53e-03 | 0.4s
epoch  718 | loss 8.8993 | lr 1.53e-03 | 0.4s
epoch  719 | loss 8.8939 | lr 1.53e-03 | 0.4s
epoch  720 | loss 8.8968 | lr 1.53e-03 | 0.4s
epoch  721 | loss 8.9238 | lr 1.53e-03 | 0.4s
epoch  722 | loss 8.8423 | lr 1.53e-03 | 0.4s
epoch  723 | loss 8.9036 | lr 1.53e-03 | 0.4s
epoch  724 | loss 8.9146 | lr 1.53e-03 | 0.4s
epoch  725 | loss 8.8313 | lr 1.53e-03 | 0.4s
epoch  726 | loss 8.8985 | lr 1.53e-03 | 0.4s
epoch  727 | loss 8.8614 | lr 1.53e-03 | 0.4s
epoch  728 | loss 8.9056 | lr 1.53e-03 | 0.5s
epoch  729 | loss 8.8503 | lr 1.53e-03 | 0.4s
epoch  730 | loss 8.8542 | lr 1.53e-03 | 0.4s
epoch  731 | loss 8.8468 | lr 1.53e-03 | 0.5s
epoch  732 | loss 8.8750 | lr 1.53e-03 | 0.4s
epoch  733 | loss 8.9064 | lr 1.53e-03 | 0.4s
epoch  734 | loss 8.8983 | lr 1.53e-03 | 0.4s
epoch  735 | loss 8.8892 | lr 1.53e-03 | 0.4s
epoch  736 | loss 8.8699 | lr 1.53e-03 | 0.5s
epoch  737 | loss 8.8765 | lr 1.53e-03 | 0.4s
epoch  738 | loss 8.8830 | lr 1.53e-03 | 0.4s
epoch  739 | loss 8.8573 | lr 1.53e-03 | 0.4s
epoch  740 | loss 8.8693 | lr 1.53e-03 | 0.4s
epoch  741 | loss 8.8613 | lr 1.53e-03 | 0.5s
epoch  742 | loss 8.8441 | lr 1.53e-03 | 0.4s
epoch  743 | loss 8.8918 | lr 1.53e-03 | 0.5s
epoch  744 | loss 8.8577 | lr 1.53e-03 | 0.4s
epoch  745 | loss 8.8729 | lr 1.53e-03 | 0.4s
epoch  746 | loss 8.8711 | lr 1.53e-03 | 0.4s
epoch  747 | loss 8.8773 | lr 1.53e-03 | 0.4s
epoch  748 | loss 8.9059 | lr 1.53e-03 | 0.4s
epoch  749 | loss 8.8707 | lr 1.53e-03 | 0.4s
epoch  750 | loss 8.8953 | lr 1.53e-03 | 0.5s
epoch  751 | loss 8.8781 | lr 1.53e-03 | 0.4s
epoch  752 | loss 8.8563 | lr 1.53e-03 | 0.5s
epoch  753 | loss 8.8850 | lr 1.53e-03 | 0.4s
epoch  754 | loss 8.9411 | lr 1.53e-03 | 0.4s
epoch  755 | loss 8.8692 | lr 1.53e-03 | 0.4s
epoch  756 | loss 8.8652 | lr 1.53e-03 | 0.4s
epoch  757 | loss 8.8580 | lr 1.53e-03 | 0.4s
epoch  758 | loss 8.8653 | lr 1.53e-03 | 0.4s
epoch  759 | loss 8.8625 | lr 1.53e-03 | 0.4s
epoch  760 | loss 8.9146 | lr 1.53e-03 | 0.4s
epoch  761 | loss 8.8762 | lr 1.53e-03 | 0.5s
epoch  762 | loss 8.8414 | lr 1.53e-03 | 0.4s
epoch  763 | loss 8.8422 | lr 1.53e-03 | 0.5s
epoch  764 | loss 8.8914 | lr 1.53e-03 | 0.4s
epoch  765 | loss 8.8638 | lr 1.52e-03 | 0.4s
epoch  766 | loss 8.8596 | lr 1.52e-03 | 0.5s
epoch  767 | loss 8.8994 | lr 1.52e-03 | 0.4s
epoch  768 | loss 8.8817 | lr 1.52e-03 | 0.4s
epoch  769 | loss 8.8645 | lr 1.52e-03 | 0.5s
epoch  770 | loss 8.8213 | lr 1.52e-03 | 0.5s
epoch  771 | loss 8.9183 | lr 1.52e-03 | 0.4s
epoch  772 | loss 8.8724 | lr 1.52e-03 | 0.4s
epoch  773 | loss 8.8634 | lr 1.52e-03 | 0.4s
epoch  774 | loss 8.9160 | lr 1.52e-03 | 0.4s
epoch  775 | loss 8.8937 | lr 1.52e-03 | 0.4s
epoch  776 | loss 8.8555 | lr 1.52e-03 | 0.4s
epoch  777 | loss 8.8150 | lr 1.52e-03 | 0.4s
epoch  778 | loss 8.9128 | lr 1.52e-03 | 0.4s
epoch  779 | loss 8.8971 | lr 1.52e-03 | 0.4s
epoch  780 | loss 8.8408 | lr 1.52e-03 | 0.4s
epoch  781 | loss 8.8789 | lr 1.52e-03 | 0.4s
epoch  782 | loss 8.8983 | lr 1.52e-03 | 0.4s
epoch  783 | loss 8.8605 | lr 1.52e-03 | 0.4s
epoch  784 | loss 8.9210 | lr 1.52e-03 | 0.4s
epoch  785 | loss 8.8685 | lr 1.52e-03 | 0.4s
epoch  786 | loss 8.8607 | lr 1.52e-03 | 0.4s
epoch  787 | loss 8.8583 | lr 1.52e-03 | 0.4s
epoch  788 | loss 8.8466 | lr 1.52e-03 | 0.4s
epoch  789 | loss 8.8650 | lr 1.52e-03 | 0.4s
epoch  790 | loss 8.8248 | lr 1.52e-03 | 0.4s
epoch  791 | loss 8.8092 | lr 1.52e-03 | 0.4s
epoch  792 | loss 8.8420 | lr 1.52e-03 | 0.4s
epoch  793 | loss 8.8433 | lr 1.52e-03 | 0.4s
epoch  794 | loss 8.8305 | lr 1.52e-03 | 0.4s
epoch  795 | loss 8.8208 | lr 1.52e-03 | 0.5s
epoch  796 | loss 8.8777 | lr 1.52e-03 | 0.4s
epoch  797 | loss 8.8208 | lr 1.52e-03 | 0.4s
epoch  798 | loss 8.8642 | lr 1.52e-03 | 0.4s
epoch  799 | loss 8.8786 | lr 1.52e-03 | 0.4s
epoch  800 | loss 8.8571 | lr 1.52e-03 | 0.4s
epoch  801 | loss 8.7924 | lr 1.52e-03 | 0.4s
epoch  802 | loss 8.8598 | lr 1.52e-03 | 0.5s
epoch  803 | loss 8.8299 | lr 1.52e-03 | 0.4s
epoch  804 | loss 8.8660 | lr 1.52e-03 | 0.5s
epoch  805 | loss 8.8183 | lr 1.52e-03 | 0.4s
epoch  806 | loss 8.8586 | lr 1.52e-03 | 0.4s
epoch  807 | loss 8.8620 | lr 1.52e-03 | 0.4s
epoch  808 | loss 8.8189 | lr 1.52e-03 | 0.4s
epoch  809 | loss 8.8227 | lr 1.52e-03 | 0.4s
epoch  810 | loss 8.8319 | lr 1.52e-03 | 0.4s
epoch  811 | loss 8.8536 | lr 1.52e-03 | 0.4s
epoch  812 | loss 8.8610 | lr 1.52e-03 | 0.4s
epoch  813 | loss 8.8564 | lr 1.52e-03 | 0.4s
epoch  814 | loss 8.8587 | lr 1.52e-03 | 0.4s
epoch  815 | loss 8.7862 | lr 1.52e-03 | 0.4s
epoch  816 | loss 8.8117 | lr 1.52e-03 | 0.4s
epoch  817 | loss 8.8131 | lr 1.52e-03 | 0.4s
epoch  818 | loss 8.8412 | lr 1.52e-03 | 0.5s
epoch  819 | loss 8.9170 | lr 1.52e-03 | 0.4s
epoch  820 | loss 8.8585 | lr 1.52e-03 | 0.4s
epoch  821 | loss 8.8492 | lr 1.52e-03 | 0.4s
epoch  822 | loss 8.8257 | lr 1.52e-03 | 0.4s
epoch  823 | loss 8.8299 | lr 1.52e-03 | 0.4s
epoch  824 | loss 8.8206 | lr 1.52e-03 | 0.5s
epoch  825 | loss 8.8493 | lr 1.52e-03 | 0.4s
epoch  826 | loss 8.7896 | lr 1.52e-03 | 0.5s
epoch  827 | loss 8.8982 | lr 1.52e-03 | 0.4s
epoch  828 | loss 8.8321 | lr 1.52e-03 | 0.5s
epoch  829 | loss 8.8441 | lr 1.52e-03 | 0.4s
epoch  830 | loss 8.8453 | lr 1.52e-03 | 0.4s
epoch  831 | loss 8.8447 | lr 1.52e-03 | 0.4s
epoch  832 | loss 8.8368 | lr 1.52e-03 | 0.4s
epoch  833 | loss 8.8518 | lr 1.52e-03 | 0.4s
epoch  834 | loss 8.8853 | lr 1.52e-03 | 0.4s
epoch  835 | loss 8.7993 | lr 1.52e-03 | 0.4s
epoch  836 | loss 8.7924 | lr 1.52e-03 | 0.4s
epoch  837 | loss 8.7685 | lr 1.52e-03 | 0.5s
epoch  838 | loss 8.8544 | lr 1.52e-03 | 0.4s
epoch  839 | loss 8.8452 | lr 1.52e-03 | 0.4s
epoch  840 | loss 8.7834 | lr 1.52e-03 | 0.4s
epoch  841 | loss 8.8323 | lr 1.52e-03 | 0.4s
epoch  842 | loss 8.8088 | lr 1.52e-03 | 0.5s
epoch  843 | loss 8.8355 | lr 1.52e-03 | 0.5s
epoch  844 | loss 8.8562 | lr 1.52e-03 | 0.4s
epoch  845 | loss 8.7889 | lr 1.52e-03 | 0.4s
epoch  846 | loss 8.8354 | lr 1.52e-03 | 0.4s
epoch  847 | loss 8.8576 | lr 1.52e-03 | 0.5s
epoch  848 | loss 8.8194 | lr 1.52e-03 | 0.4s
epoch  849 | loss 8.8264 | lr 1.52e-03 | 0.4s
epoch  850 | loss 8.8069 | lr 1.52e-03 | 0.4s
epoch  851 | loss 8.8440 | lr 1.52e-03 | 0.4s
epoch  852 | loss 8.8631 | lr 1.52e-03 | 0.4s
epoch  853 | loss 8.7800 | lr 1.52e-03 | 0.4s
epoch  854 | loss 8.8044 | lr 1.52e-03 | 0.4s
epoch  855 | loss 8.8304 | lr 1.52e-03 | 0.4s
epoch  856 | loss 8.8301 | lr 1.52e-03 | 0.4s
epoch  857 | loss 8.8949 | lr 1.52e-03 | 0.4s
epoch  858 | loss 8.8363 | lr 1.52e-03 | 0.5s
epoch  859 | loss 8.8169 | lr 1.52e-03 | 0.4s
epoch  860 | loss 8.8517 | lr 1.52e-03 | 0.4s
epoch  861 | loss 8.8252 | lr 1.52e-03 | 0.4s
epoch  862 | loss 8.8254 | lr 1.52e-03 | 0.4s
epoch  863 | loss 8.7952 | lr 1.52e-03 | 0.5s
epoch  864 | loss 8.8050 | lr 1.52e-03 | 0.4s
epoch  865 | loss 8.8340 | lr 1.52e-03 | 0.5s
epoch  866 | loss 8.8807 | lr 1.52e-03 | 0.5s
epoch  867 | loss 8.7768 | lr 1.52e-03 | 0.5s
epoch  868 | loss 8.8256 | lr 1.52e-03 | 0.4s
epoch  869 | loss 8.8119 | lr 1.51e-03 | 0.4s
epoch  870 | loss 8.8408 | lr 1.51e-03 | 0.5s
epoch  871 | loss 8.8208 | lr 1.51e-03 | 0.4s
epoch  872 | loss 8.8129 | lr 1.51e-03 | 0.4s
epoch  873 | loss 8.8296 | lr 1.51e-03 | 0.4s
epoch  874 | loss 8.8294 | lr 1.51e-03 | 0.4s
epoch  875 | loss 8.8254 | lr 1.51e-03 | 0.4s
epoch  876 | loss 8.8068 | lr 1.51e-03 | 0.4s
epoch  877 | loss 8.8028 | lr 1.51e-03 | 0.4s
epoch  878 | loss 8.8680 | lr 1.51e-03 | 0.4s
epoch  879 | loss 8.8175 | lr 1.51e-03 | 0.4s
epoch  880 | loss 8.8217 | lr 1.51e-03 | 0.4s
epoch  881 | loss 8.8302 | lr 1.51e-03 | 0.4s
epoch  882 | loss 8.8152 | lr 1.51e-03 | 0.5s
epoch  883 | loss 8.7697 | lr 1.51e-03 | 0.4s
epoch  884 | loss 8.8239 | lr 1.51e-03 | 0.4s
epoch  885 | loss 8.8508 | lr 1.51e-03 | 0.4s
epoch  886 | loss 8.8782 | lr 1.51e-03 | 0.4s
epoch  887 | loss 8.8251 | lr 1.51e-03 | 0.4s
epoch  888 | loss 8.8244 | lr 1.51e-03 | 0.5s
epoch  889 | loss 8.7593 | lr 1.51e-03 | 0.4s
epoch  890 | loss 8.8303 | lr 1.51e-03 | 0.4s
epoch  891 | loss 8.8027 | lr 1.51e-03 | 0.5s
epoch  892 | loss 8.7982 | lr 1.51e-03 | 0.4s
epoch  893 | loss 8.8631 | lr 1.51e-03 | 0.4s
epoch  894 | loss 8.8182 | lr 1.51e-03 | 0.4s
epoch  895 | loss 8.8115 | lr 1.51e-03 | 0.5s
epoch  896 | loss 8.8377 | lr 1.51e-03 | 0.4s
epoch  897 | loss 8.8507 | lr 1.51e-03 | 0.4s
epoch  898 | loss 8.7717 | lr 1.51e-03 | 0.4s
epoch  899 | loss 8.7354 | lr 1.51e-03 | 0.4s
epoch  900 | loss 8.7760 | lr 1.51e-03 | 0.4s
epoch  901 | loss 8.7739 | lr 1.51e-03 | 0.4s
epoch  902 | loss 8.7698 | lr 1.51e-03 | 0.4s
epoch  903 | loss 8.7900 | lr 1.51e-03 | 0.4s
epoch  904 | loss 8.8254 | lr 1.51e-03 | 0.4s
epoch  905 | loss 8.8012 | lr 1.51e-03 | 0.4s
epoch  906 | loss 8.8280 | lr 1.51e-03 | 0.4s
epoch  907 | loss 8.8465 | lr 1.51e-03 | 0.4s
epoch  908 | loss 8.7877 | lr 1.51e-03 | 0.5s
epoch  909 | loss 8.7973 | lr 1.51e-03 | 0.4s
epoch  910 | loss 8.8372 | lr 1.51e-03 | 0.4s
epoch  911 | loss 8.7662 | lr 1.51e-03 | 0.5s
epoch  912 | loss 8.8016 | lr 1.51e-03 | 0.4s
epoch  913 | loss 8.8124 | lr 1.51e-03 | 0.5s
epoch  914 | loss 8.7783 | lr 1.51e-03 | 0.4s
epoch  915 | loss 8.7678 | lr 1.51e-03 | 0.4s
epoch  916 | loss 8.7811 | lr 1.51e-03 | 0.5s
epoch  917 | loss 8.8068 | lr 1.51e-03 | 0.4s
epoch  918 | loss 8.7812 | lr 1.51e-03 | 0.5s
epoch  919 | loss 8.7394 | lr 1.51e-03 | 0.4s
epoch  920 | loss 8.7726 | lr 1.51e-03 | 0.4s
epoch  921 | loss 8.7555 | lr 1.51e-03 | 0.4s
epoch  922 | loss 8.7766 | lr 1.51e-03 | 0.4s
epoch  923 | loss 8.8584 | lr 1.51e-03 | 0.4s
epoch  924 | loss 8.8128 | lr 1.51e-03 | 0.4s
epoch  925 | loss 8.8246 | lr 1.51e-03 | 0.4s
epoch  926 | loss 8.7939 | lr 1.51e-03 | 0.4s
epoch  927 | loss 8.7769 | lr 1.51e-03 | 0.4s
epoch  928 | loss 8.7968 | lr 1.51e-03 | 0.4s
epoch  929 | loss 8.8041 | lr 1.51e-03 | 0.4s
epoch  930 | loss 8.7836 | lr 1.51e-03 | 0.4s
epoch  931 | loss 8.8418 | lr 1.51e-03 | 0.5s
epoch  932 | loss 8.8217 | lr 1.51e-03 | 0.5s
epoch  933 | loss 8.8088 | lr 1.51e-03 | 0.4s
epoch  934 | loss 8.7714 | lr 1.51e-03 | 0.4s
epoch  935 | loss 8.8215 | lr 1.51e-03 | 0.5s
epoch  936 | loss 8.8016 | lr 1.51e-03 | 0.5s
epoch  937 | loss 8.7812 | lr 1.51e-03 | 0.5s
epoch  938 | loss 8.8003 | lr 1.51e-03 | 0.5s
epoch  939 | loss 8.8313 | lr 1.51e-03 | 0.4s
epoch  940 | loss 8.7806 | lr 1.51e-03 | 0.5s
epoch  941 | loss 8.7970 | lr 1.51e-03 | 0.5s
epoch  942 | loss 8.7964 | lr 1.51e-03 | 0.4s
epoch  943 | loss 8.8043 | lr 1.51e-03 | 0.4s
epoch  944 | loss 8.7864 | lr 1.51e-03 | 0.5s
epoch  945 | loss 8.7600 | lr 1.51e-03 | 0.4s
epoch  946 | loss 8.7378 | lr 1.51e-03 | 0.4s
epoch  947 | loss 8.7606 | lr 1.51e-03 | 0.4s
epoch  948 | loss 8.8222 | lr 1.51e-03 | 0.4s
epoch  949 | loss 8.7689 | lr 1.51e-03 | 0.4s
epoch  950 | loss 8.8294 | lr 1.51e-03 | 0.4s
epoch  951 | loss 8.8652 | lr 1.51e-03 | 0.4s
epoch  952 | loss 8.7485 | lr 1.51e-03 | 0.4s
epoch  953 | loss 8.7826 | lr 1.51e-03 | 0.4s
epoch  954 | loss 8.7734 | lr 1.51e-03 | 0.4s
epoch  955 | loss 8.7607 | lr 1.51e-03 | 0.4s
epoch  956 | loss 8.7676 | lr 1.51e-03 | 0.4s
epoch  957 | loss 8.7527 | lr 1.51e-03 | 0.4s
epoch  958 | loss 8.7712 | lr 1.51e-03 | 0.4s
epoch  959 | loss 8.8164 | lr 1.51e-03 | 0.5s
epoch  960 | loss 8.8021 | lr 1.51e-03 | 0.4s
epoch  961 | loss 8.7881 | lr 1.50e-03 | 0.4s
epoch  962 | loss 8.7752 | lr 1.50e-03 | 0.5s
epoch  963 | loss 8.7866 | lr 1.50e-03 | 0.4s
epoch  964 | loss 8.7533 | lr 1.50e-03 | 0.4s
epoch  965 | loss 8.8015 | lr 1.50e-03 | 0.4s
epoch  966 | loss 8.7795 | lr 1.50e-03 | 0.5s
epoch  967 | loss 8.7856 | lr 1.50e-03 | 0.4s
epoch  968 | loss 8.8020 | lr 1.50e-03 | 0.4s
epoch  969 | loss 8.7701 | lr 1.50e-03 | 0.5s
epoch  970 | loss 8.7949 | lr 1.50e-03 | 0.4s
epoch  971 | loss 8.7359 | lr 1.50e-03 | 0.5s
epoch  972 | loss 8.7692 | lr 1.50e-03 | 0.4s
epoch  973 | loss 8.7403 | lr 1.50e-03 | 0.5s
epoch  974 | loss 8.7330 | lr 1.50e-03 | 0.4s
epoch  975 | loss 8.7734 | lr 1.50e-03 | 0.4s
epoch  976 | loss 8.7579 | lr 1.50e-03 | 0.4s
epoch  977 | loss 8.7961 | lr 1.50e-03 | 0.4s
epoch  978 | loss 8.7715 | lr 1.50e-03 | 0.5s
epoch  979 | loss 8.7972 | lr 1.50e-03 | 0.4s
epoch  980 | loss 8.7650 | lr 1.50e-03 | 0.4s
epoch  981 | loss 8.7620 | lr 1.50e-03 | 0.4s
epoch  982 | loss 8.8010 | lr 1.50e-03 | 0.5s
epoch  983 | loss 8.7595 | lr 1.50e-03 | 0.4s
epoch  984 | loss 8.7695 | lr 1.50e-03 | 0.4s
epoch  985 | loss 8.8177 | lr 1.50e-03 | 0.5s
epoch  986 | loss 8.7687 | lr 1.50e-03 | 0.5s
epoch  987 | loss 8.8041 | lr 1.50e-03 | 0.4s
epoch  988 | loss 8.7565 | lr 1.50e-03 | 0.4s
epoch  989 | loss 8.7518 | lr 1.50e-03 | 0.5s
epoch  990 | loss 8.7902 | lr 1.50e-03 | 0.4s
epoch  991 | loss 8.7860 | lr 1.50e-03 | 0.5s
epoch  992 | loss 8.7941 | lr 1.50e-03 | 0.5s
epoch  993 | loss 8.7337 | lr 1.50e-03 | 0.4s
epoch  994 | loss 8.7888 | lr 1.50e-03 | 0.4s
epoch  995 | loss 8.7638 | lr 1.50e-03 | 0.4s
epoch  996 | loss 8.7517 | lr 1.50e-03 | 0.5s
epoch  997 | loss 8.7933 | lr 1.50e-03 | 0.4s
epoch  998 | loss 8.7185 | lr 1.50e-03 | 0.4s
epoch  999 | loss 8.7909 | lr 1.50e-03 | 0.5s
epoch 1000 | loss 8.7344 | lr 1.50e-03 | 0.4s
epoch 1001 | loss 8.7819 | lr 1.50e-03 | 0.4s
epoch 1002 | loss 8.7478 | lr 1.50e-03 | 0.4s
epoch 1003 | loss 8.7312 | lr 1.50e-03 | 0.5s
epoch 1004 | loss 8.8091 | lr 1.50e-03 | 0.5s
epoch 1005 | loss 8.8099 | lr 1.50e-03 | 0.4s
epoch 1006 | loss 8.7678 | lr 1.50e-03 | 0.5s
epoch 1007 | loss 8.7201 | lr 1.50e-03 | 0.4s
epoch 1008 | loss 8.7471 | lr 1.50e-03 | 0.5s
epoch 1009 | loss 8.8138 | lr 1.50e-03 | 0.4s
epoch 1010 | loss 8.7549 | lr 1.50e-03 | 0.4s
epoch 1011 | loss 8.7563 | lr 1.50e-03 | 0.4s
epoch 1012 | loss 8.7752 | lr 1.50e-03 | 0.5s
epoch 1013 | loss 8.7713 | lr 1.50e-03 | 0.5s
epoch 1014 | loss 8.7377 | lr 1.50e-03 | 0.5s
epoch 1015 | loss 8.7817 | lr 1.50e-03 | 0.4s
epoch 1016 | loss 8.7519 | lr 1.50e-03 | 0.4s
epoch 1017 | loss 8.6865 | lr 1.50e-03 | 0.4s
epoch 1018 | loss 8.7292 | lr 1.50e-03 | 0.4s
epoch 1019 | loss 8.7602 | lr 1.50e-03 | 0.5s
epoch 1020 | loss 8.7806 | lr 1.50e-03 | 0.5s
epoch 1021 | loss 8.7985 | lr 1.50e-03 | 0.5s
epoch 1022 | loss 8.7881 | lr 1.50e-03 | 0.5s
epoch 1023 | loss 8.7308 | lr 1.50e-03 | 0.5s
epoch 1024 | loss 8.7843 | lr 1.50e-03 | 0.4s
epoch 1025 | loss 8.7482 | lr 1.50e-03 | 0.4s
epoch 1026 | loss 8.7530 | lr 1.50e-03 | 0.4s
epoch 1027 | loss 8.7983 | lr 1.50e-03 | 0.4s
epoch 1028 | loss 8.8180 | lr 1.50e-03 | 0.4s
epoch 1029 | loss 8.7269 | lr 1.50e-03 | 0.4s
epoch 1030 | loss 8.7199 | lr 1.50e-03 | 0.4s
epoch 1031 | loss 8.8260 | lr 1.50e-03 | 0.4s
epoch 1032 | loss 8.7657 | lr 1.50e-03 | 0.4s
epoch 1033 | loss 8.6867 | lr 1.50e-03 | 0.4s
epoch 1034 | loss 8.7805 | lr 1.50e-03 | 0.5s
epoch 1035 | loss 8.7816 | lr 1.50e-03 | 0.4s
epoch 1036 | loss 8.7625 | lr 1.50e-03 | 0.4s
epoch 1037 | loss 8.7594 | lr 1.50e-03 | 0.5s
epoch 1038 | loss 8.7436 | lr 1.50e-03 | 0.5s
epoch 1039 | loss 8.7473 | lr 1.50e-03 | 0.4s
epoch 1040 | loss 8.7540 | lr 1.50e-03 | 0.4s
epoch 1041 | loss 8.7350 | lr 1.50e-03 | 0.4s
epoch 1042 | loss 8.7320 | lr 1.50e-03 | 0.4s
epoch 1043 | loss 8.7427 | lr 1.50e-03 | 0.4s
epoch 1044 | loss 8.7459 | lr 1.50e-03 | 0.4s
epoch 1045 | loss 8.7974 | lr 1.50e-03 | 0.4s
epoch 1046 | loss 8.7534 | lr 1.49e-03 | 0.5s
epoch 1047 | loss 8.7730 | lr 1.49e-03 | 0.5s
epoch 1048 | loss 8.7332 | lr 1.49e-03 | 0.5s
epoch 1049 | loss 8.7439 | lr 1.49e-03 | 0.4s
epoch 1050 | loss 8.7171 | lr 1.49e-03 | 0.4s
epoch 1051 | loss 8.6894 | lr 1.49e-03 | 0.4s
epoch 1052 | loss 8.7264 | lr 1.49e-03 | 0.4s
epoch 1053 | loss 8.7985 | lr 1.49e-03 | 0.4s
epoch 1054 | loss 8.7515 | lr 1.49e-03 | 0.5s
epoch 1055 | loss 8.7453 | lr 1.49e-03 | 0.4s
epoch 1056 | loss 8.6865 | lr 1.49e-03 | 0.5s
epoch 1057 | loss 8.7552 | lr 1.49e-03 | 0.4s
epoch 1058 | loss 8.7902 | lr 1.49e-03 | 0.4s
epoch 1059 | loss 8.7106 | lr 1.49e-03 | 0.4s
epoch 1060 | loss 8.7173 | lr 1.49e-03 | 0.4s
epoch 1061 | loss 8.7522 | lr 1.49e-03 | 0.4s
epoch 1062 | loss 8.7614 | lr 1.49e-03 | 0.4s
epoch 1063 | loss 8.7200 | lr 1.49e-03 | 0.4s
epoch 1064 | loss 8.7316 | lr 1.49e-03 | 0.4s
epoch 1065 | loss 8.7057 | lr 1.49e-03 | 0.4s
epoch 1066 | loss 8.7142 | lr 1.49e-03 | 0.4s
epoch 1067 | loss 8.7919 | lr 1.49e-03 | 0.4s
epoch 1068 | loss 8.7664 | lr 1.49e-03 | 0.4s
epoch 1069 | loss 8.7781 | lr 1.49e-03 | 0.4s
epoch 1070 | loss 8.8032 | lr 1.49e-03 | 0.5s
epoch 1071 | loss 8.7526 | lr 1.49e-03 | 0.4s
epoch 1072 | loss 8.7644 | lr 1.49e-03 | 0.4s
epoch 1073 | loss 8.7877 | lr 1.49e-03 | 0.5s
epoch 1074 | loss 8.7502 | lr 1.49e-03 | 0.4s
epoch 1075 | loss 8.7410 | lr 1.49e-03 | 0.4s
epoch 1076 | loss 8.7715 | lr 1.49e-03 | 0.5s
epoch 1077 | loss 8.6736 | lr 1.49e-03 | 0.4s
epoch 1078 | loss 8.7906 | lr 1.49e-03 | 0.4s
epoch 1079 | loss 8.7234 | lr 1.49e-03 | 0.4s
epoch 1080 | loss 8.7183 | lr 1.49e-03 | 0.4s
epoch 1081 | loss 8.7599 | lr 1.49e-03 | 0.4s
epoch 1082 | loss 8.6931 | lr 1.49e-03 | 0.4s
epoch 1083 | loss 8.7396 | lr 1.49e-03 | 0.4s
epoch 1084 | loss 8.7157 | lr 1.49e-03 | 0.5s
epoch 1085 | loss 8.8730 | lr 1.49e-03 | 0.4s
epoch 1086 | loss 8.7771 | lr 1.49e-03 | 0.4s
epoch 1087 | loss 8.7482 | lr 1.49e-03 | 0.4s
epoch 1088 | loss 8.6701 | lr 1.49e-03 | 0.4s
epoch 1089 | loss 8.6824 | lr 1.49e-03 | 0.4s
epoch 1090 | loss 8.7906 | lr 1.49e-03 | 0.5s
epoch 1091 | loss 8.6950 | lr 1.49e-03 | 0.4s
epoch 1092 | loss 8.7389 | lr 1.49e-03 | 0.4s
epoch 1093 | loss 8.7798 | lr 1.49e-03 | 0.5s
epoch 1094 | loss 8.7350 | lr 1.49e-03 | 0.5s
epoch 1095 | loss 8.7730 | lr 1.49e-03 | 0.4s
epoch 1096 | loss 8.7097 | lr 1.49e-03 | 0.4s
epoch 1097 | loss 8.7986 | lr 1.49e-03 | 0.5s
epoch 1098 | loss 8.6831 | lr 1.49e-03 | 0.4s
epoch 1099 | loss 8.7885 | lr 1.49e-03 | 0.4s
epoch 1100 | loss 8.7546 | lr 1.49e-03 | 0.4s
epoch 1101 | loss 8.7242 | lr 1.49e-03 | 0.4s
epoch 1102 | loss 8.6562 | lr 1.49e-03 | 0.4s
epoch 1103 | loss 8.7301 | lr 1.49e-03 | 0.4s
epoch 1104 | loss 8.7217 | lr 1.49e-03 | 0.5s
epoch 1105 | loss 8.7361 | lr 1.49e-03 | 0.4s
epoch 1106 | loss 8.7470 | lr 1.49e-03 | 0.4s
epoch 1107 | loss 8.7449 | lr 1.49e-03 | 0.4s
epoch 1108 | loss 8.7302 | lr 1.49e-03 | 0.5s
epoch 1109 | loss 8.7335 | lr 1.49e-03 | 0.5s
epoch 1110 | loss 8.7734 | lr 1.49e-03 | 0.4s
epoch 1111 | loss 8.7667 | lr 1.49e-03 | 0.4s
epoch 1112 | loss 8.7089 | lr 1.49e-03 | 0.5s
epoch 1113 | loss 8.7346 | lr 1.49e-03 | 0.4s
epoch 1114 | loss 8.7717 | lr 1.49e-03 | 0.4s
epoch 1115 | loss 8.7680 | lr 1.49e-03 | 0.4s
epoch 1116 | loss 8.7478 | lr 1.49e-03 | 0.5s
epoch 1117 | loss 8.7504 | lr 1.49e-03 | 0.4s
epoch 1118 | loss 8.7134 | lr 1.49e-03 | 0.5s
epoch 1119 | loss 8.7367 | lr 1.49e-03 | 0.4s
epoch 1120 | loss 8.7352 | lr 1.49e-03 | 0.4s
epoch 1121 | loss 8.6992 | lr 1.49e-03 | 0.4s
epoch 1122 | loss 8.7065 | lr 1.49e-03 | 0.5s
epoch 1123 | loss 8.7144 | lr 1.49e-03 | 0.4s
epoch 1124 | loss 8.6939 | lr 1.49e-03 | 0.5s
epoch 1125 | loss 8.7198 | lr 1.48e-03 | 0.4s
epoch 1126 | loss 8.7289 | lr 1.48e-03 | 0.4s
epoch 1127 | loss 8.7291 | lr 1.48e-03 | 0.5s
epoch 1128 | loss 8.7413 | lr 1.48e-03 | 0.4s
epoch 1129 | loss 8.6762 | lr 1.48e-03 | 0.4s
epoch 1130 | loss 8.6643 | lr 1.48e-03 | 0.4s
epoch 1131 | loss 8.7172 | lr 1.48e-03 | 0.4s
epoch 1132 | loss 8.7329 | lr 1.48e-03 | 0.5s
epoch 1133 | loss 8.7693 | lr 1.48e-03 | 0.5s
epoch 1134 | loss 8.7483 | lr 1.48e-03 | 0.4s
epoch 1135 | loss 8.7207 | lr 1.48e-03 | 0.4s
epoch 1136 | loss 8.7227 | lr 1.48e-03 | 0.5s
epoch 1137 | loss 8.7225 | lr 1.48e-03 | 0.4s
epoch 1138 | loss 8.7276 | lr 1.48e-03 | 0.4s
epoch 1139 | loss 8.7637 | lr 1.48e-03 | 0.4s
epoch 1140 | loss 8.7206 | lr 1.48e-03 | 0.4s
epoch 1141 | loss 8.7536 | lr 1.48e-03 | 0.4s
epoch 1142 | loss 8.7525 | lr 1.48e-03 | 0.4s
epoch 1143 | loss 8.7536 | lr 1.48e-03 | 0.4s
epoch 1144 | loss 8.7398 | lr 1.48e-03 | 0.4s
epoch 1145 | loss 8.7256 | lr 1.48e-03 | 0.4s
epoch 1146 | loss 8.7311 | lr 1.48e-03 | 0.4s
epoch 1147 | loss 8.7393 | lr 1.48e-03 | 0.4s
epoch 1148 | loss 8.7051 | lr 1.48e-03 | 0.4s
epoch 1149 | loss 8.7410 | lr 1.48e-03 | 0.4s
epoch 1150 | loss 8.7382 | lr 1.48e-03 | 0.4s
epoch 1151 | loss 8.7195 | lr 1.48e-03 | 0.4s
epoch 1152 | loss 8.7431 | lr 1.48e-03 | 0.5s
epoch 1153 | loss 8.6999 | lr 1.48e-03 | 0.4s
epoch 1154 | loss 8.7550 | lr 1.48e-03 | 0.5s
epoch 1155 | loss 8.7679 | lr 1.48e-03 | 0.5s
epoch 1156 | loss 8.7260 | lr 1.48e-03 | 0.4s
epoch 1157 | loss 8.7214 | lr 1.48e-03 | 0.4s
epoch 1158 | loss 8.6971 | lr 1.48e-03 | 0.4s
epoch 1159 | loss 8.7006 | lr 1.48e-03 | 0.4s
epoch 1160 | loss 8.6967 | lr 1.48e-03 | 0.4s
epoch 1161 | loss 8.7379 | lr 1.48e-03 | 0.4s
epoch 1162 | loss 8.6725 | lr 1.48e-03 | 0.5s
epoch 1163 | loss 8.7549 | lr 1.48e-03 | 0.4s
epoch 1164 | loss 8.7391 | lr 1.48e-03 | 0.4s
epoch 1165 | loss 8.6802 | lr 1.48e-03 | 0.4s
epoch 1166 | loss 8.7174 | lr 1.48e-03 | 0.4s
epoch 1167 | loss 8.7256 | lr 1.48e-03 | 0.4s
epoch 1168 | loss 8.7480 | lr 1.48e-03 | 0.4s
epoch 1169 | loss 8.7527 | lr 1.48e-03 | 0.4s
epoch 1170 | loss 8.7358 | lr 1.48e-03 | 0.4s
epoch 1171 | loss 8.7539 | lr 1.48e-03 | 0.4s
epoch 1172 | loss 8.6761 | lr 1.48e-03 | 0.4s
epoch 1173 | loss 8.7211 | lr 1.48e-03 | 0.5s
epoch 1174 | loss 8.6880 | lr 1.48e-03 | 0.4s
epoch 1175 | loss 8.7121 | lr 1.48e-03 | 0.5s
epoch 1176 | loss 8.7079 | lr 1.48e-03 | 0.5s
epoch 1177 | loss 8.7008 | lr 1.48e-03 | 0.5s
epoch 1178 | loss 8.6968 | lr 1.48e-03 | 0.5s
epoch 1179 | loss 8.7527 | lr 1.48e-03 | 0.4s
epoch 1180 | loss 8.7625 | lr 1.48e-03 | 0.5s
epoch 1181 | loss 8.7180 | lr 1.48e-03 | 0.4s
epoch 1182 | loss 8.7377 | lr 1.48e-03 | 0.4s
epoch 1183 | loss 8.7529 | lr 1.48e-03 | 0.4s
epoch 1184 | loss 8.7093 | lr 1.48e-03 | 0.4s
epoch 1185 | loss 8.6892 | lr 1.48e-03 | 0.5s
epoch 1186 | loss 8.7051 | lr 1.48e-03 | 0.4s
epoch 1187 | loss 8.7000 | lr 1.48e-03 | 0.4s
epoch 1188 | loss 8.7422 | lr 1.48e-03 | 0.5s
epoch 1189 | loss 8.7037 | lr 1.48e-03 | 0.5s
epoch 1190 | loss 8.6448 | lr 1.48e-03 | 0.4s
epoch 1191 | loss 8.6806 | lr 1.48e-03 | 0.4s
epoch 1192 | loss 8.6897 | lr 1.48e-03 | 0.4s
epoch 1193 | loss 8.7340 | lr 1.48e-03 | 0.4s
epoch 1194 | loss 8.7445 | lr 1.48e-03 | 0.4s
epoch 1195 | loss 8.6821 | lr 1.48e-03 | 0.4s
epoch 1196 | loss 8.7207 | lr 1.48e-03 | 0.5s
epoch 1197 | loss 8.7249 | lr 1.48e-03 | 0.4s
epoch 1198 | loss 8.7212 | lr 1.48e-03 | 0.5s
epoch 1199 | loss 8.6633 | lr 1.47e-03 | 0.4s
epoch 1200 | loss 8.7067 | lr 1.47e-03 | 0.4s
epoch 1201 | loss 8.6952 | lr 1.47e-03 | 0.4s
epoch 1202 | loss 8.7249 | lr 1.47e-03 | 0.4s
epoch 1203 | loss 8.7443 | lr 1.47e-03 | 0.4s
epoch 1204 | loss 8.6936 | lr 1.47e-03 | 0.4s
epoch 1205 | loss 8.7153 | lr 1.47e-03 | 0.4s
epoch 1206 | loss 8.7013 | lr 1.47e-03 | 0.4s
epoch 1207 | loss 8.6875 | lr 1.47e-03 | 0.4s
epoch 1208 | loss 8.7215 | lr 1.47e-03 | 0.4s
epoch 1209 | loss 8.7071 | lr 1.47e-03 | 0.5s
epoch 1210 | loss 8.7057 | lr 1.47e-03 | 0.4s
epoch 1211 | loss 8.7248 | lr 1.47e-03 | 0.4s
epoch 1212 | loss 8.7282 | lr 1.47e-03 | 0.4s
epoch 1213 | loss 8.7259 | lr 1.47e-03 | 0.5s
epoch 1214 | loss 8.7100 | lr 1.47e-03 | 0.4s
epoch 1215 | loss 8.7239 | lr 1.47e-03 | 0.4s
epoch 1216 | loss 8.6697 | lr 1.47e-03 | 0.5s
epoch 1217 | loss 8.6996 | lr 1.47e-03 | 0.4s
epoch 1218 | loss 8.7278 | lr 1.47e-03 | 0.5s
epoch 1219 | loss 8.7185 | lr 1.47e-03 | 0.4s
epoch 1220 | loss 8.7101 | lr 1.47e-03 | 0.4s
epoch 1221 | loss 8.7131 | lr 1.47e-03 | 0.4s
epoch 1222 | loss 8.7297 | lr 1.47e-03 | 0.4s
epoch 1223 | loss 8.6825 | lr 1.47e-03 | 0.4s
epoch 1224 | loss 8.6629 | lr 1.47e-03 | 0.5s
epoch 1225 | loss 8.6887 | lr 1.47e-03 | 0.4s
epoch 1226 | loss 8.7379 | lr 1.47e-03 | 0.4s
epoch 1227 | loss 8.7041 | lr 1.47e-03 | 0.4s
epoch 1228 | loss 8.6971 | lr 1.47e-03 | 0.4s
epoch 1229 | loss 8.7585 | lr 1.47e-03 | 0.4s
epoch 1230 | loss 8.7429 | lr 1.47e-03 | 0.4s
epoch 1231 | loss 8.6830 | lr 1.47e-03 | 0.5s
epoch 1232 | loss 8.6739 | lr 1.47e-03 | 0.4s
epoch 1233 | loss 8.6890 | lr 1.47e-03 | 0.4s
epoch 1234 | loss 8.7078 | lr 1.47e-03 | 0.5s
epoch 1235 | loss 8.6800 | lr 1.47e-03 | 0.5s
epoch 1236 | loss 8.6838 | lr 1.47e-03 | 0.4s
epoch 1237 | loss 8.7010 | lr 1.47e-03 | 0.4s
epoch 1238 | loss 8.6669 | lr 1.47e-03 | 0.4s
epoch 1239 | loss 8.6817 | lr 1.47e-03 | 0.4s
epoch 1240 | loss 8.7205 | lr 1.47e-03 | 0.4s
epoch 1241 | loss 8.7141 | lr 1.47e-03 | 0.4s
epoch 1242 | loss 8.7391 | lr 1.47e-03 | 0.4s
epoch 1243 | loss 8.6601 | lr 1.47e-03 | 0.4s
epoch 1244 | loss 8.6757 | lr 1.47e-03 | 0.4s
epoch 1245 | loss 8.7176 | lr 1.47e-03 | 0.5s
epoch 1246 | loss 8.6404 | lr 1.47e-03 | 0.4s
epoch 1247 | loss 8.7315 | lr 1.47e-03 | 0.4s
epoch 1248 | loss 8.7459 | lr 1.47e-03 | 0.4s
epoch 1249 | loss 8.7283 | lr 1.47e-03 | 0.4s
epoch 1250 | loss 8.7005 | lr 1.47e-03 | 0.4s
epoch 1251 | loss 8.6931 | lr 1.47e-03 | 0.4s
epoch 1252 | loss 8.6793 | lr 1.47e-03 | 0.5s
epoch 1253 | loss 8.7190 | lr 1.47e-03 | 0.4s
epoch 1254 | loss 8.6456 | lr 1.47e-03 | 0.4s
epoch 1255 | loss 8.6513 | lr 1.47e-03 | 0.5s
epoch 1256 | loss 8.7752 | lr 1.47e-03 | 0.5s
epoch 1257 | loss 8.7176 | lr 1.47e-03 | 0.5s
epoch 1258 | loss 8.6776 | lr 1.47e-03 | 0.4s
epoch 1259 | loss 8.6913 | lr 1.47e-03 | 0.4s
epoch 1260 | loss 8.7175 | lr 1.47e-03 | 0.4s
epoch 1261 | loss 8.7153 | lr 1.47e-03 | 0.4s
epoch 1262 | loss 8.6781 | lr 1.47e-03 | 0.4s
epoch 1263 | loss 8.6944 | lr 1.47e-03 | 0.5s
epoch 1264 | loss 8.6925 | lr 1.47e-03 | 0.5s
epoch 1265 | loss 8.6869 | lr 1.47e-03 | 0.4s
epoch 1266 | loss 8.6759 | lr 1.47e-03 | 0.5s
epoch 1267 | loss 8.7439 | lr 1.47e-03 | 0.4s
epoch 1268 | loss 8.6829 | lr 1.47e-03 | 0.4s
epoch 1269 | loss 8.7072 | lr 1.46e-03 | 0.4s
epoch 1270 | loss 8.6873 | lr 1.46e-03 | 0.4s
epoch 1271 | loss 8.6971 | lr 1.46e-03 | 0.4s
epoch 1272 | loss 8.7204 | lr 1.46e-03 | 0.4s
epoch 1273 | loss 8.6811 | lr 1.46e-03 | 0.4s
epoch 1274 | loss 8.6873 | lr 1.46e-03 | 0.4s
epoch 1275 | loss 8.7168 | lr 1.46e-03 | 0.5s
epoch 1276 | loss 8.7122 | lr 1.46e-03 | 0.4s
epoch 1277 | loss 8.7140 | lr 1.46e-03 | 0.5s
epoch 1278 | loss 8.7225 | lr 1.46e-03 | 0.4s
epoch 1279 | loss 8.7096 | lr 1.46e-03 | 0.4s
epoch 1280 | loss 8.6836 | lr 1.46e-03 | 0.4s
epoch 1281 | loss 8.6643 | lr 1.46e-03 | 0.5s
epoch 1282 | loss 8.6999 | lr 1.46e-03 | 0.5s
epoch 1283 | loss 8.6916 | lr 1.46e-03 | 0.4s
epoch 1284 | loss 8.7379 | lr 1.46e-03 | 0.5s
epoch 1285 | loss 8.6639 | lr 1.46e-03 | 0.4s
epoch 1286 | loss 8.7164 | lr 1.46e-03 | 0.5s
epoch 1287 | loss 8.6888 | lr 1.46e-03 | 0.4s
epoch 1288 | loss 8.6904 | lr 1.46e-03 | 0.4s
epoch 1289 | loss 8.7097 | lr 1.46e-03 | 0.4s
epoch 1290 | loss 8.6838 | lr 1.46e-03 | 0.4s
epoch 1291 | loss 8.6887 | lr 1.46e-03 | 0.4s
epoch 1292 | loss 8.6735 | lr 1.46e-03 | 0.5s
epoch 1293 | loss 8.6736 | lr 1.46e-03 | 0.5s
epoch 1294 | loss 8.6832 | lr 1.46e-03 | 0.4s
epoch 1295 | loss 8.7035 | lr 1.46e-03 | 0.4s
epoch 1296 | loss 8.6362 | lr 1.46e-03 | 0.4s
epoch 1297 | loss 8.7226 | lr 1.46e-03 | 0.5s
epoch 1298 | loss 8.7053 | lr 1.46e-03 | 0.4s
epoch 1299 | loss 8.7013 | lr 1.46e-03 | 0.5s
epoch 1300 | loss 8.6517 | lr 1.46e-03 | 0.5s
epoch 1301 | loss 8.6873 | lr 1.46e-03 | 0.5s
epoch 1302 | loss 8.7086 | lr 1.46e-03 | 0.5s
epoch 1303 | loss 8.6507 | lr 1.46e-03 | 0.5s
epoch 1304 | loss 8.6653 | lr 1.46e-03 | 0.4s
epoch 1305 | loss 8.7099 | lr 1.46e-03 | 0.5s
epoch 1306 | loss 8.6839 | lr 1.46e-03 | 0.5s
epoch 1307 | loss 8.7294 | lr 1.46e-03 | 0.5s
epoch 1308 | loss 8.6663 | lr 1.46e-03 | 0.4s
epoch 1309 | loss 8.6782 | lr 1.46e-03 | 0.5s
epoch 1310 | loss 8.6831 | lr 1.46e-03 | 0.5s
epoch 1311 | loss 8.6964 | lr 1.46e-03 | 0.4s
epoch 1312 | loss 8.6709 | lr 1.46e-03 | 0.4s
epoch 1313 | loss 8.6806 | lr 1.46e-03 | 0.4s
epoch 1314 | loss 8.6111 | lr 1.46e-03 | 0.4s
epoch 1315 | loss 8.6620 | lr 1.46e-03 | 0.4s
epoch 1316 | loss 8.6685 | lr 1.46e-03 | 0.4s
epoch 1317 | loss 8.6574 | lr 1.46e-03 | 0.4s
epoch 1318 | loss 8.6824 | lr 1.46e-03 | 0.5s
epoch 1319 | loss 8.6709 | lr 1.46e-03 | 0.5s
epoch 1320 | loss 8.6994 | lr 1.46e-03 | 0.4s
epoch 1321 | loss 8.6603 | lr 1.46e-03 | 0.4s
epoch 1322 | loss 8.7058 | lr 1.46e-03 | 0.4s
epoch 1323 | loss 8.6819 | lr 1.46e-03 | 0.4s
epoch 1324 | loss 8.6434 | lr 1.46e-03 | 0.4s
epoch 1325 | loss 8.6750 | lr 1.46e-03 | 0.5s
epoch 1326 | loss 8.6721 | lr 1.46e-03 | 0.4s
epoch 1327 | loss 8.6869 | lr 1.46e-03 | 0.5s
epoch 1328 | loss 8.6529 | lr 1.46e-03 | 0.5s
epoch 1329 | loss 8.6548 | lr 1.46e-03 | 0.4s
epoch 1330 | loss 8.6396 | lr 1.46e-03 | 0.4s
epoch 1331 | loss 8.6696 | lr 1.46e-03 | 0.4s
epoch 1332 | loss 8.6813 | lr 1.46e-03 | 0.4s
epoch 1333 | loss 8.6727 | lr 1.46e-03 | 0.4s
epoch 1334 | loss 8.6583 | lr 1.46e-03 | 0.4s
epoch 1335 | loss 8.6872 | lr 1.46e-03 | 0.4s
epoch 1336 | loss 8.6585 | lr 1.45e-03 | 0.4s
epoch 1337 | loss 8.6567 | lr 1.45e-03 | 0.4s
epoch 1338 | loss 8.6499 | lr 1.45e-03 | 0.5s
epoch 1339 | loss 8.6850 | lr 1.45e-03 | 0.5s
epoch 1340 | loss 8.6256 | lr 1.45e-03 | 0.5s
epoch 1341 | loss 8.6964 | lr 1.45e-03 | 0.5s
epoch 1342 | loss 8.6407 | lr 1.45e-03 | 0.4s
epoch 1343 | loss 8.6798 | lr 1.45e-03 | 0.4s
epoch 1344 | loss 8.7022 | lr 1.45e-03 | 0.5s
epoch 1345 | loss 8.7173 | lr 1.45e-03 | 0.5s
epoch 1346 | loss 8.6745 | lr 1.45e-03 | 0.4s
epoch 1347 | loss 8.6368 | lr 1.45e-03 | 0.4s
epoch 1348 | loss 8.6739 | lr 1.45e-03 | 0.4s
epoch 1349 | loss 8.6434 | lr 1.45e-03 | 0.5s
epoch 1350 | loss 8.6851 | lr 1.45e-03 | 0.4s
epoch 1351 | loss 8.6566 | lr 1.45e-03 | 0.4s
epoch 1352 | loss 8.6802 | lr 1.45e-03 | 0.4s
epoch 1353 | loss 8.6691 | lr 1.45e-03 | 0.4s
epoch 1354 | loss 8.6385 | lr 1.45e-03 | 0.4s
epoch 1355 | loss 8.6490 | lr 1.45e-03 | 0.4s
epoch 1356 | loss 8.6401 | lr 1.45e-03 | 0.5s
epoch 1357 | loss 8.6902 | lr 1.45e-03 | 0.4s
epoch 1358 | loss 8.6738 | lr 1.45e-03 | 0.5s
epoch 1359 | loss 8.6998 | lr 1.45e-03 | 0.4s
epoch 1360 | loss 8.6895 | lr 1.45e-03 | 0.4s
epoch 1361 | loss 8.7139 | lr 1.45e-03 | 0.5s
epoch 1362 | loss 8.6669 | lr 1.45e-03 | 0.5s
epoch 1363 | loss 8.6889 | lr 1.45e-03 | 0.5s
epoch 1364 | loss 8.6478 | lr 1.45e-03 | 0.4s
epoch 1365 | loss 8.7027 | lr 1.45e-03 | 0.5s
epoch 1366 | loss 8.6842 | lr 1.45e-03 | 0.4s
epoch 1367 | loss 8.6915 | lr 1.45e-03 | 0.4s
epoch 1368 | loss 8.6470 | lr 1.45e-03 | 0.4s
epoch 1369 | loss 8.6106 | lr 1.45e-03 | 0.4s
epoch 1370 | loss 8.6393 | lr 1.45e-03 | 0.4s
epoch 1371 | loss 8.7043 | lr 1.45e-03 | 0.5s
epoch 1372 | loss 8.6548 | lr 1.45e-03 | 0.4s
epoch 1373 | loss 8.6695 | lr 1.45e-03 | 0.4s
epoch 1374 | loss 8.6408 | lr 1.45e-03 | 0.4s
epoch 1375 | loss 8.7083 | lr 1.45e-03 | 0.4s
epoch 1376 | loss 8.7075 | lr 1.45e-03 | 0.4s
epoch 1377 | loss 8.6359 | lr 1.45e-03 | 0.4s
epoch 1378 | loss 8.6399 | lr 1.45e-03 | 0.5s
epoch 1379 | loss 8.6537 | lr 1.45e-03 | 0.4s
epoch 1380 | loss 8.6824 | lr 1.45e-03 | 0.4s
epoch 1381 | loss 8.6820 | lr 1.45e-03 | 0.4s
epoch 1382 | loss 8.6551 | lr 1.45e-03 | 0.5s
epoch 1383 | loss 8.6580 | lr 1.45e-03 | 0.4s
epoch 1384 | loss 8.6564 | lr 1.45e-03 | 0.5s
epoch 1385 | loss 8.6400 | lr 1.45e-03 | 0.5s
epoch 1386 | loss 8.6396 | lr 1.45e-03 | 0.5s
epoch 1387 | loss 8.6731 | lr 1.45e-03 | 0.5s
epoch 1388 | loss 8.6800 | lr 1.45e-03 | 0.4s
epoch 1389 | loss 8.6667 | lr 1.45e-03 | 0.4s
epoch 1390 | loss 8.6871 | lr 1.45e-03 | 0.4s
epoch 1391 | loss 8.6620 | lr 1.45e-03 | 0.4s
epoch 1392 | loss 8.6706 | lr 1.45e-03 | 0.5s
epoch 1393 | loss 8.7142 | lr 1.45e-03 | 0.4s
epoch 1394 | loss 8.6968 | lr 1.45e-03 | 0.4s
epoch 1395 | loss 8.6835 | lr 1.45e-03 | 0.5s
epoch 1396 | loss 8.6504 | lr 1.45e-03 | 0.5s
epoch 1397 | loss 8.6555 | lr 1.45e-03 | 0.5s
epoch 1398 | loss 8.6389 | lr 1.45e-03 | 0.4s
epoch 1399 | loss 8.6711 | lr 1.45e-03 | 0.4s
epoch 1400 | loss 8.5937 | lr 1.44e-03 | 0.5s
epoch 1401 | loss 8.6182 | lr 1.44e-03 | 0.5s
epoch 1402 | loss 8.6374 | lr 1.44e-03 | 0.5s
epoch 1403 | loss 8.6738 | lr 1.44e-03 | 0.5s
epoch 1404 | loss 8.6630 | lr 1.44e-03 | 0.4s
epoch 1405 | loss 8.6908 | lr 1.44e-03 | 0.4s
epoch 1406 | loss 8.6513 | lr 1.44e-03 | 0.4s
epoch 1407 | loss 8.6534 | lr 1.44e-03 | 0.4s
epoch 1408 | loss 8.6414 | lr 1.44e-03 | 0.4s
epoch 1409 | loss 8.6520 | lr 1.44e-03 | 0.4s
epoch 1410 | loss 8.6823 | lr 1.44e-03 | 0.4s
epoch 1411 | loss 8.6501 | lr 1.44e-03 | 0.4s
epoch 1412 | loss 8.6991 | lr 1.44e-03 | 0.4s
epoch 1413 | loss 8.6321 | lr 1.44e-03 | 0.4s
epoch 1414 | loss 8.6401 | lr 1.44e-03 | 0.4s
epoch 1415 | loss 8.6347 | lr 1.44e-03 | 0.5s
epoch 1416 | loss 8.6669 | lr 1.44e-03 | 0.4s
epoch 1417 | loss 8.6630 | lr 1.44e-03 | 0.4s
epoch 1418 | loss 8.7155 | lr 1.44e-03 | 0.4s
epoch 1419 | loss 8.6701 | lr 1.44e-03 | 0.4s
epoch 1420 | loss 8.6108 | lr 1.44e-03 | 0.5s
epoch 1421 | loss 8.6807 | lr 1.44e-03 | 0.4s
epoch 1422 | loss 8.6517 | lr 1.44e-03 | 0.4s
epoch 1423 | loss 8.6492 | lr 1.44e-03 | 0.5s
epoch 1424 | loss 8.6887 | lr 1.44e-03 | 0.4s
epoch 1425 | loss 8.6686 | lr 1.44e-03 | 0.4s
epoch 1426 | loss 8.5899 | lr 1.44e-03 | 0.5s
epoch 1427 | loss 8.6847 | lr 1.44e-03 | 0.4s
epoch 1428 | loss 8.6467 | lr 1.44e-03 | 0.5s
epoch 1429 | loss 8.6779 | lr 1.44e-03 | 0.4s
epoch 1430 | loss 8.6276 | lr 1.44e-03 | 0.4s
epoch 1431 | loss 8.6379 | lr 1.44e-03 | 0.4s
epoch 1432 | loss 8.6272 | lr 1.44e-03 | 0.4s
epoch 1433 | loss 8.6684 | lr 1.44e-03 | 0.4s
epoch 1434 | loss 8.6705 | lr 1.44e-03 | 0.4s
epoch 1435 | loss 8.6610 | lr 1.44e-03 | 0.5s
epoch 1436 | loss 8.6739 | lr 1.44e-03 | 0.4s
epoch 1437 | loss 8.6166 | lr 1.44e-03 | 0.4s
epoch 1438 | loss 8.6322 | lr 1.44e-03 | 0.4s
epoch 1439 | loss 8.6561 | lr 1.44e-03 | 0.5s
epoch 1440 | loss 8.6778 | lr 1.44e-03 | 0.5s
epoch 1441 | loss 8.6400 | lr 1.44e-03 | 0.4s
epoch 1442 | loss 8.6087 | lr 1.44e-03 | 0.4s
epoch 1443 | loss 8.6107 | lr 1.44e-03 | 0.5s
epoch 1444 | loss 8.6669 | lr 1.44e-03 | 0.4s
epoch 1445 | loss 8.6577 | lr 1.44e-03 | 0.4s
epoch 1446 | loss 8.6266 | lr 1.44e-03 | 0.4s
epoch 1447 | loss 8.6703 | lr 1.44e-03 | 0.4s
epoch 1448 | loss 8.6237 | lr 1.44e-03 | 0.4s
epoch 1449 | loss 8.6089 | lr 1.44e-03 | 0.5s
epoch 1450 | loss 8.5717 | lr 1.44e-03 | 0.5s
epoch 1451 | loss 8.6558 | lr 1.44e-03 | 0.4s
epoch 1452 | loss 8.6573 | lr 1.44e-03 | 0.4s
epoch 1453 | loss 8.6706 | lr 1.44e-03 | 0.4s
epoch 1454 | loss 8.6765 | lr 1.44e-03 | 0.4s
epoch 1455 | loss 8.6568 | lr 1.44e-03 | 0.4s
epoch 1456 | loss 8.6523 | lr 1.44e-03 | 0.4s
epoch 1457 | loss 8.6719 | lr 1.44e-03 | 0.4s
epoch 1458 | loss 8.6495 | lr 1.44e-03 | 0.4s
epoch 1459 | loss 8.7306 | lr 1.44e-03 | 0.4s
epoch 1460 | loss 8.6521 | lr 1.44e-03 | 0.4s
epoch 1461 | loss 8.6559 | lr 1.43e-03 | 0.4s
epoch 1462 | loss 8.6581 | lr 1.43e-03 | 0.4s
epoch 1463 | loss 8.6197 | lr 1.43e-03 | 0.4s
epoch 1464 | loss 8.6750 | lr 1.43e-03 | 0.4s
epoch 1465 | loss 8.6510 | lr 1.43e-03 | 0.4s
epoch 1466 | loss 8.6604 | lr 1.43e-03 | 0.4s
epoch 1467 | loss 8.6905 | lr 1.43e-03 | 0.4s
epoch 1468 | loss 8.6093 | lr 1.43e-03 | 0.4s
epoch 1469 | loss 8.6469 | lr 1.43e-03 | 0.4s
epoch 1470 | loss 8.6657 | lr 1.43e-03 | 0.4s
epoch 1471 | loss 8.6772 | lr 1.43e-03 | 0.4s
epoch 1472 | loss 8.5992 | lr 1.43e-03 | 0.4s
epoch 1473 | loss 8.6483 | lr 1.43e-03 | 0.4s
epoch 1474 | loss 8.6457 | lr 1.43e-03 | 0.5s
epoch 1475 | loss 8.6298 | lr 1.43e-03 | 0.4s
epoch 1476 | loss 8.6435 | lr 1.43e-03 | 0.5s
epoch 1477 | loss 8.5965 | lr 1.43e-03 | 0.4s
epoch 1478 | loss 8.6165 | lr 1.43e-03 | 0.5s
epoch 1479 | loss 8.6112 | lr 1.43e-03 | 0.4s
epoch 1480 | loss 8.6707 | lr 1.43e-03 | 0.5s
epoch 1481 | loss 8.6195 | lr 1.43e-03 | 0.5s
epoch 1482 | loss 8.6310 | lr 1.43e-03 | 0.4s
epoch 1483 | loss 8.5944 | lr 1.43e-03 | 0.4s
epoch 1484 | loss 8.6582 | lr 1.43e-03 | 0.4s
epoch 1485 | loss 8.6599 | lr 1.43e-03 | 0.4s
epoch 1486 | loss 8.6074 | lr 1.43e-03 | 0.4s
epoch 1487 | loss 8.6148 | lr 1.43e-03 | 0.4s
epoch 1488 | loss 8.6066 | lr 1.43e-03 | 0.4s
epoch 1489 | loss 8.6215 | lr 1.43e-03 | 0.4s
epoch 1490 | loss 8.6784 | lr 1.43e-03 | 0.4s
epoch 1491 | loss 8.6482 | lr 1.43e-03 | 0.4s
epoch 1492 | loss 8.6622 | lr 1.43e-03 | 0.4s
epoch 1493 | loss 8.6565 | lr 1.43e-03 | 0.4s
epoch 1494 | loss 8.6492 | lr 1.43e-03 | 0.4s
epoch 1495 | loss 8.6857 | lr 1.43e-03 | 0.4s
epoch 1496 | loss 8.6460 | lr 1.43e-03 | 0.4s
epoch 1497 | loss 8.6292 | lr 1.43e-03 | 0.4s
epoch 1498 | loss 8.6494 | lr 1.43e-03 | 0.4s
epoch 1499 | loss 8.6921 | lr 1.43e-03 | 0.4s
epoch 1500 | loss 8.6512 | lr 1.43e-03 | 0.4s
epoch 1501 | loss 8.6153 | lr 1.43e-03 | 0.5s
epoch 1502 | loss 8.6485 | lr 1.43e-03 | 0.4s
epoch 1503 | loss 8.6442 | lr 1.43e-03 | 0.4s
epoch 1504 | loss 8.6737 | lr 1.43e-03 | 0.4s
epoch 1505 | loss 8.5976 | lr 1.43e-03 | 0.4s
epoch 1506 | loss 8.6222 | lr 1.43e-03 | 0.4s
epoch 1507 | loss 8.6517 | lr 1.43e-03 | 0.4s
epoch 1508 | loss 8.6382 | lr 1.43e-03 | 0.4s
epoch 1509 | loss 8.6175 | lr 1.43e-03 | 0.4s
epoch 1510 | loss 8.6435 | lr 1.43e-03 | 0.4s
epoch 1511 | loss 8.6789 | lr 1.43e-03 | 0.4s
epoch 1512 | loss 8.6551 | lr 1.43e-03 | 0.4s
epoch 1513 | loss 8.5522 | lr 1.43e-03 | 0.4s
epoch 1514 | loss 8.6355 | lr 1.43e-03 | 0.4s
epoch 1515 | loss 8.6359 | lr 1.43e-03 | 0.5s
epoch 1516 | loss 8.6122 | lr 1.43e-03 | 0.4s
epoch 1517 | loss 8.6331 | lr 1.43e-03 | 0.5s
epoch 1518 | loss 8.6736 | lr 1.43e-03 | 0.4s
epoch 1519 | loss 8.6101 | lr 1.43e-03 | 0.5s
epoch 1520 | loss 8.6373 | lr 1.42e-03 | 0.4s
epoch 1521 | loss 8.6475 | lr 1.42e-03 | 0.4s
epoch 1522 | loss 8.6962 | lr 1.42e-03 | 0.4s
epoch 1523 | loss 8.6042 | lr 1.42e-03 | 0.4s
epoch 1524 | loss 8.6078 | lr 1.42e-03 | 0.5s
epoch 1525 | loss 8.6382 | lr 1.42e-03 | 0.4s
epoch 1526 | loss 8.6878 | lr 1.42e-03 | 0.5s
epoch 1527 | loss 8.6433 | lr 1.42e-03 | 0.4s
epoch 1528 | loss 8.6251 | lr 1.42e-03 | 0.4s
epoch 1529 | loss 8.6874 | lr 1.42e-03 | 0.4s
epoch 1530 | loss 8.6646 | lr 1.42e-03 | 0.4s
epoch 1531 | loss 8.6553 | lr 1.42e-03 | 0.4s
epoch 1532 | loss 8.6222 | lr 1.42e-03 | 0.4s
epoch 1533 | loss 8.6624 | lr 1.42e-03 | 0.5s
epoch 1534 | loss 8.6386 | lr 1.42e-03 | 0.5s
epoch 1535 | loss 8.6720 | lr 1.42e-03 | 0.4s
epoch 1536 | loss 8.6171 | lr 1.42e-03 | 0.4s
epoch 1537 | loss 8.6413 | lr 1.42e-03 | 0.5s
epoch 1538 | loss 8.6358 | lr 1.42e-03 | 0.5s
epoch 1539 | loss 8.6375 | lr 1.42e-03 | 0.5s
epoch 1540 | loss 8.6625 | lr 1.42e-03 | 0.4s
epoch 1541 | loss 8.6381 | lr 1.42e-03 | 0.4s
epoch 1542 | loss 8.6173 | lr 1.42e-03 | 0.4s
epoch 1543 | loss 8.5921 | lr 1.42e-03 | 0.4s
epoch 1544 | loss 8.6244 | lr 1.42e-03 | 0.4s
epoch 1545 | loss 8.6641 | lr 1.42e-03 | 0.4s
epoch 1546 | loss 8.6006 | lr 1.42e-03 | 0.4s
epoch 1547 | loss 8.5978 | lr 1.42e-03 | 0.4s
epoch 1548 | loss 8.5887 | lr 1.42e-03 | 0.4s
epoch 1549 | loss 8.6595 | lr 1.42e-03 | 0.4s
epoch 1550 | loss 8.6513 | lr 1.42e-03 | 0.4s
epoch 1551 | loss 8.5995 | lr 1.42e-03 | 0.5s
epoch 1552 | loss 8.6577 | lr 1.42e-03 | 0.4s
epoch 1553 | loss 8.6590 | lr 1.42e-03 | 0.4s
epoch 1554 | loss 8.6631 | lr 1.42e-03 | 0.4s
epoch 1555 | loss 8.6510 | lr 1.42e-03 | 0.4s
epoch 1556 | loss 8.6324 | lr 1.42e-03 | 0.5s
epoch 1557 | loss 8.6024 | lr 1.42e-03 | 0.5s
epoch 1558 | loss 8.6727 | lr 1.42e-03 | 0.4s
epoch 1559 | loss 8.6472 | lr 1.42e-03 | 0.4s
epoch 1560 | loss 8.5932 | lr 1.42e-03 | 0.5s
epoch 1561 | loss 8.6170 | lr 1.42e-03 | 0.4s
epoch 1562 | loss 8.6351 | lr 1.42e-03 | 0.5s
epoch 1563 | loss 8.6337 | lr 1.42e-03 | 0.4s
epoch 1564 | loss 8.6392 | lr 1.42e-03 | 0.5s
epoch 1565 | loss 8.6415 | lr 1.42e-03 | 0.4s
epoch 1566 | loss 8.6184 | lr 1.42e-03 | 0.5s
epoch 1567 | loss 8.6295 | lr 1.42e-03 | 0.4s
epoch 1568 | loss 8.6274 | lr 1.42e-03 | 0.5s
epoch 1569 | loss 8.6538 | lr 1.42e-03 | 0.4s
epoch 1570 | loss 8.6532 | lr 1.42e-03 | 0.4s
epoch 1571 | loss 8.6998 | lr 1.42e-03 | 0.4s
epoch 1572 | loss 8.6600 | lr 1.42e-03 | 0.4s
epoch 1573 | loss 8.6379 | lr 1.42e-03 | 0.4s
epoch 1574 | loss 8.6083 | lr 1.42e-03 | 0.4s
epoch 1575 | loss 8.6553 | lr 1.42e-03 | 0.5s
epoch 1576 | loss 8.6472 | lr 1.42e-03 | 0.4s
epoch 1577 | loss 8.6718 | lr 1.41e-03 | 0.5s
epoch 1578 | loss 8.6650 | lr 1.41e-03 | 0.4s
epoch 1579 | loss 8.6101 | lr 1.41e-03 | 0.4s
epoch 1580 | loss 8.6349 | lr 1.41e-03 | 0.5s
epoch 1581 | loss 8.6215 | lr 1.41e-03 | 0.4s
epoch 1582 | loss 8.6136 | lr 1.41e-03 | 0.4s
epoch 1583 | loss 8.6265 | lr 1.41e-03 | 0.4s
epoch 1584 | loss 8.6050 | lr 1.41e-03 | 0.4s
epoch 1585 | loss 8.6236 | lr 1.41e-03 | 0.4s
epoch 1586 | loss 8.6441 | lr 1.41e-03 | 0.4s
epoch 1587 | loss 8.5988 | lr 1.41e-03 | 0.4s
epoch 1588 | loss 8.6613 | lr 1.41e-03 | 0.4s
epoch 1589 | loss 8.6364 | lr 1.41e-03 | 0.4s
epoch 1590 | loss 8.6105 | lr 1.41e-03 | 0.4s
epoch 1591 | loss 8.6485 | lr 1.41e-03 | 0.4s
epoch 1592 | loss 8.6055 | lr 1.41e-03 | 0.4s
epoch 1593 | loss 8.6792 | lr 1.41e-03 | 0.4s
epoch 1594 | loss 8.5625 | lr 1.41e-03 | 0.4s
epoch 1595 | loss 8.6036 | lr 1.41e-03 | 0.4s
epoch 1596 | loss 8.5820 | lr 1.41e-03 | 0.4s
epoch 1597 | loss 8.6717 | lr 1.41e-03 | 0.4s
epoch 1598 | loss 8.6212 | lr 1.41e-03 | 0.4s
epoch 1599 | loss 8.6127 | lr 1.41e-03 | 0.4s
epoch 1600 | loss 8.6358 | lr 1.41e-03 | 0.4s
epoch 1601 | loss 8.6066 | lr 1.41e-03 | 0.4s
epoch 1602 | loss 8.6464 | lr 1.41e-03 | 0.4s
epoch 1603 | loss 8.5745 | lr 1.41e-03 | 0.4s
epoch 1604 | loss 8.6541 | lr 1.41e-03 | 0.4s
epoch 1605 | loss 8.6572 | lr 1.41e-03 | 0.4s
epoch 1606 | loss 8.6594 | lr 1.41e-03 | 0.5s
epoch 1607 | loss 8.6243 | lr 1.41e-03 | 0.4s
epoch 1608 | loss 8.6165 | lr 1.41e-03 | 0.4s
epoch 1609 | loss 8.6125 | lr 1.41e-03 | 0.4s
epoch 1610 | loss 8.6570 | lr 1.41e-03 | 0.4s
epoch 1611 | loss 8.5828 | lr 1.41e-03 | 0.5s
epoch 1612 | loss 8.6432 | lr 1.41e-03 | 0.4s
epoch 1613 | loss 8.6300 | lr 1.41e-03 | 0.4s
epoch 1614 | loss 8.5854 | lr 1.41e-03 | 0.4s
epoch 1615 | loss 8.6787 | lr 1.41e-03 | 0.5s
epoch 1616 | loss 8.6783 | lr 1.41e-03 | 0.5s
epoch 1617 | loss 8.6111 | lr 1.41e-03 | 0.4s
epoch 1618 | loss 8.6593 | lr 1.41e-03 | 0.4s
epoch 1619 | loss 8.6419 | lr 1.41e-03 | 0.4s
epoch 1620 | loss 8.6096 | lr 1.41e-03 | 0.4s
epoch 1621 | loss 8.6488 | lr 1.41e-03 | 0.5s
epoch 1622 | loss 8.6376 | lr 1.41e-03 | 0.4s
epoch 1623 | loss 8.6111 | lr 1.41e-03 | 0.4s
epoch 1624 | loss 8.5851 | lr 1.41e-03 | 0.4s
epoch 1625 | loss 8.5503 | lr 1.41e-03 | 0.5s
epoch 1626 | loss 8.6525 | lr 1.41e-03 | 0.4s
epoch 1627 | loss 8.6169 | lr 1.41e-03 | 0.4s
epoch 1628 | loss 8.5953 | lr 1.41e-03 | 0.4s
epoch 1629 | loss 8.6169 | lr 1.41e-03 | 0.4s
epoch 1630 | loss 8.6324 | lr 1.41e-03 | 0.4s
epoch 1631 | loss 8.5854 | lr 1.41e-03 | 0.4s
epoch 1632 | loss 8.6408 | lr 1.41e-03 | 0.5s
epoch 1633 | loss 8.5450 | lr 1.40e-03 | 0.4s
epoch 1634 | loss 8.5643 | lr 1.40e-03 | 0.4s
epoch 1635 | loss 8.6382 | lr 1.40e-03 | 0.5s
epoch 1636 | loss 8.6479 | lr 1.40e-03 | 0.4s
epoch 1637 | loss 8.6250 | lr 1.40e-03 | 0.4s
epoch 1638 | loss 8.6598 | lr 1.40e-03 | 0.4s
epoch 1639 | loss 8.6461 | lr 1.40e-03 | 0.5s
epoch 1640 | loss 8.6355 | lr 1.40e-03 | 0.4s
epoch 1641 | loss 8.6114 | lr 1.40e-03 | 0.4s
epoch 1642 | loss 8.6089 | lr 1.40e-03 | 0.5s
epoch 1643 | loss 8.5891 | lr 1.40e-03 | 0.4s
epoch 1644 | loss 8.5826 | lr 1.40e-03 | 0.4s
epoch 1645 | loss 8.6286 | lr 1.40e-03 | 0.4s
epoch 1646 | loss 8.5955 | lr 1.40e-03 | 0.4s
epoch 1647 | loss 8.6296 | lr 1.40e-03 | 0.4s
epoch 1648 | loss 8.6030 | lr 1.40e-03 | 0.5s
epoch 1649 | loss 8.6120 | lr 1.40e-03 | 0.5s
epoch 1650 | loss 8.6140 | lr 1.40e-03 | 0.4s
epoch 1651 | loss 8.6174 | lr 1.40e-03 | 0.4s
epoch 1652 | loss 8.6399 | lr 1.40e-03 | 0.5s
epoch 1653 | loss 8.5981 | lr 1.40e-03 | 0.4s
epoch 1654 | loss 8.6798 | lr 1.40e-03 | 0.4s
epoch 1655 | loss 8.6584 | lr 1.40e-03 | 0.4s
epoch 1656 | loss 8.6175 | lr 1.40e-03 | 0.4s
epoch 1657 | loss 8.6524 | lr 1.40e-03 | 0.4s
epoch 1658 | loss 8.6604 | lr 1.40e-03 | 0.4s
epoch 1659 | loss 8.5778 | lr 1.40e-03 | 0.4s
epoch 1660 | loss 8.5953 | lr 1.40e-03 | 0.4s
epoch 1661 | loss 8.5693 | lr 1.40e-03 | 0.4s
epoch 1662 | loss 8.6051 | lr 1.40e-03 | 0.4s
epoch 1663 | loss 8.6026 | lr 1.40e-03 | 0.4s
epoch 1664 | loss 8.5971 | lr 1.40e-03 | 0.4s
epoch 1665 | loss 8.5597 | lr 1.40e-03 | 0.5s
epoch 1666 | loss 8.5820 | lr 1.40e-03 | 0.4s
epoch 1667 | loss 8.6395 | lr 1.40e-03 | 0.4s
epoch 1668 | loss 8.6034 | lr 1.40e-03 | 0.4s
epoch 1669 | loss 8.5839 | lr 1.40e-03 | 0.5s
epoch 1670 | loss 8.6301 | lr 1.40e-03 | 0.5s
epoch 1671 | loss 8.6520 | lr 1.40e-03 | 0.5s
epoch 1672 | loss 8.6224 | lr 1.40e-03 | 0.4s
epoch 1673 | loss 8.6758 | lr 1.40e-03 | 0.5s
epoch 1674 | loss 8.5684 | lr 1.40e-03 | 0.5s
epoch 1675 | loss 8.5965 | lr 1.40e-03 | 0.5s
epoch 1676 | loss 8.5941 | lr 1.40e-03 | 0.5s
epoch 1677 | loss 8.5697 | lr 1.40e-03 | 0.4s
epoch 1678 | loss 8.6421 | lr 1.40e-03 | 0.5s
epoch 1679 | loss 8.6300 | lr 1.40e-03 | 0.4s
epoch 1680 | loss 8.6017 | lr 1.40e-03 | 0.5s
epoch 1681 | loss 8.6500 | lr 1.40e-03 | 0.4s
epoch 1682 | loss 8.6082 | lr 1.40e-03 | 0.4s
epoch 1683 | loss 8.6394 | lr 1.40e-03 | 0.4s
epoch 1684 | loss 8.5703 | lr 1.40e-03 | 0.5s
epoch 1685 | loss 8.5678 | lr 1.40e-03 | 0.4s
epoch 1686 | loss 8.6559 | lr 1.40e-03 | 0.5s
epoch 1687 | loss 8.6740 | lr 1.39e-03 | 0.4s
epoch 1688 | loss 8.6040 | lr 1.39e-03 | 0.5s
epoch 1689 | loss 8.6060 | lr 1.39e-03 | 0.4s
epoch 1690 | loss 8.6100 | lr 1.39e-03 | 0.4s
epoch 1691 | loss 8.6066 | lr 1.39e-03 | 0.4s
epoch 1692 | loss 8.5811 | lr 1.39e-03 | 0.4s
epoch 1693 | loss 8.5618 | lr 1.39e-03 | 0.4s
epoch 1694 | loss 8.6123 | lr 1.39e-03 | 0.4s
epoch 1695 | loss 8.5985 | lr 1.39e-03 | 0.4s
epoch 1696 | loss 8.6119 | lr 1.39e-03 | 0.5s
epoch 1697 | loss 8.6019 | lr 1.39e-03 | 0.5s
epoch 1698 | loss 8.6230 | lr 1.39e-03 | 0.4s
epoch 1699 | loss 8.6136 | lr 1.39e-03 | 0.5s
epoch 1700 | loss 8.5948 | lr 1.39e-03 | 0.5s
epoch 1701 | loss 8.6386 | lr 1.39e-03 | 0.4s
epoch 1702 | loss 8.5804 | lr 1.39e-03 | 0.4s
epoch 1703 | loss 8.6097 | lr 1.39e-03 | 0.5s
epoch 1704 | loss 8.5656 | lr 1.39e-03 | 0.4s
epoch 1705 | loss 8.5982 | lr 1.39e-03 | 0.4s
epoch 1706 | loss 8.6796 | lr 1.39e-03 | 0.4s
epoch 1707 | loss 8.6293 | lr 1.39e-03 | 0.4s
epoch 1708 | loss 8.5890 | lr 1.39e-03 | 0.5s
epoch 1709 | loss 8.6415 | lr 1.39e-03 | 0.4s
epoch 1710 | loss 8.5441 | lr 1.39e-03 | 0.4s
epoch 1711 | loss 8.6132 | lr 1.39e-03 | 0.5s
epoch 1712 | loss 8.5817 | lr 1.39e-03 | 0.4s
epoch 1713 | loss 8.5670 | lr 1.39e-03 | 0.4s
epoch 1714 | loss 8.6045 | lr 1.39e-03 | 0.4s
epoch 1715 | loss 8.6430 | lr 1.39e-03 | 0.5s
epoch 1716 | loss 8.6573 | lr 1.39e-03 | 0.4s
epoch 1717 | loss 8.5885 | lr 1.39e-03 | 0.4s
epoch 1718 | loss 8.6299 | lr 1.39e-03 | 0.5s
epoch 1719 | loss 8.6170 | lr 1.39e-03 | 0.4s
epoch 1720 | loss 8.5855 | lr 1.39e-03 | 0.4s
epoch 1721 | loss 8.5860 | lr 1.39e-03 | 0.4s
epoch 1722 | loss 8.5715 | lr 1.39e-03 | 0.4s
epoch 1723 | loss 8.5685 | lr 1.39e-03 | 0.4s
epoch 1724 | loss 8.6135 | lr 1.39e-03 | 0.4s
epoch 1725 | loss 8.5681 | lr 1.39e-03 | 0.4s
epoch 1726 | loss 8.6231 | lr 1.39e-03 | 0.4s
epoch 1727 | loss 8.5739 | lr 1.39e-03 | 0.5s
epoch 1728 | loss 8.6021 | lr 1.39e-03 | 0.4s
epoch 1729 | loss 8.6257 | lr 1.39e-03 | 0.5s
epoch 1730 | loss 8.6198 | lr 1.39e-03 | 0.5s
epoch 1731 | loss 8.5903 | lr 1.39e-03 | 0.4s
epoch 1732 | loss 8.5997 | lr 1.39e-03 | 0.4s
epoch 1733 | loss 8.6369 | lr 1.39e-03 | 0.5s
epoch 1734 | loss 8.6141 | lr 1.39e-03 | 0.4s
epoch 1735 | loss 8.6005 | lr 1.39e-03 | 0.4s
epoch 1736 | loss 8.5638 | lr 1.39e-03 | 0.5s
epoch 1737 | loss 8.5678 | lr 1.39e-03 | 0.4s
epoch 1738 | loss 8.6023 | lr 1.39e-03 | 0.4s
epoch 1739 | loss 8.5769 | lr 1.38e-03 | 0.4s
epoch 1740 | loss 8.5826 | lr 1.38e-03 | 0.4s
epoch 1741 | loss 8.5936 | lr 1.38e-03 | 0.4s
epoch 1742 | loss 8.6147 | lr 1.38e-03 | 0.5s
epoch 1743 | loss 8.5795 | lr 1.38e-03 | 0.5s
epoch 1744 | loss 8.5508 | lr 1.38e-03 | 0.4s
epoch 1745 | loss 8.5694 | lr 1.38e-03 | 0.4s
epoch 1746 | loss 8.6212 | lr 1.38e-03 | 0.4s
epoch 1747 | loss 8.6596 | lr 1.38e-03 | 0.4s
epoch 1748 | loss 8.6048 | lr 1.38e-03 | 0.4s
epoch 1749 | loss 8.5585 | lr 1.38e-03 | 0.4s
epoch 1750 | loss 8.6361 | lr 1.38e-03 | 0.4s
epoch 1751 | loss 8.5667 | lr 1.38e-03 | 0.5s
epoch 1752 | loss 8.6135 | lr 1.38e-03 | 0.4s
epoch 1753 | loss 8.5963 | lr 1.38e-03 | 0.4s
epoch 1754 | loss 8.6000 | lr 1.38e-03 | 0.4s
epoch 1755 | loss 8.6389 | lr 1.38e-03 | 0.4s
epoch 1756 | loss 8.6169 | lr 1.38e-03 | 0.4s
epoch 1757 | loss 8.5643 | lr 1.38e-03 | 0.4s
epoch 1758 | loss 8.5614 | lr 1.38e-03 | 0.4s
epoch 1759 | loss 8.5829 | lr 1.38e-03 | 0.4s
epoch 1760 | loss 8.6340 | lr 1.38e-03 | 0.4s
epoch 1761 | loss 8.6164 | lr 1.38e-03 | 0.4s
epoch 1762 | loss 8.6163 | lr 1.38e-03 | 0.4s
epoch 1763 | loss 8.6258 | lr 1.38e-03 | 0.5s
epoch 1764 | loss 8.6344 | lr 1.38e-03 | 0.5s
epoch 1765 | loss 8.6401 | lr 1.38e-03 | 0.4s
epoch 1766 | loss 8.5848 | lr 1.38e-03 | 0.4s
epoch 1767 | loss 8.6260 | lr 1.38e-03 | 0.4s
epoch 1768 | loss 8.6129 | lr 1.38e-03 | 0.4s
epoch 1769 | loss 8.6086 | lr 1.38e-03 | 0.4s
epoch 1770 | loss 8.6454 | lr 1.38e-03 | 0.4s
epoch 1771 | loss 8.5973 | lr 1.38e-03 | 0.4s
epoch 1772 | loss 8.6144 | lr 1.38e-03 | 0.4s
epoch 1773 | loss 8.5193 | lr 1.38e-03 | 0.4s
epoch 1774 | loss 8.5966 | lr 1.38e-03 | 0.4s
epoch 1775 | loss 8.5903 | lr 1.38e-03 | 0.4s
epoch 1776 | loss 8.5539 | lr 1.38e-03 | 0.4s
epoch 1777 | loss 8.5983 | lr 1.38e-03 | 0.4s
epoch 1778 | loss 8.5776 | lr 1.38e-03 | 0.5s
epoch 1779 | loss 8.6111 | lr 1.38e-03 | 0.4s
epoch 1780 | loss 8.5600 | lr 1.38e-03 | 0.5s
epoch 1781 | loss 8.5779 | lr 1.38e-03 | 0.4s
epoch 1782 | loss 8.5699 | lr 1.38e-03 | 0.4s
epoch 1783 | loss 8.5764 | lr 1.38e-03 | 0.4s
epoch 1784 | loss 8.6220 | lr 1.38e-03 | 0.4s
epoch 1785 | loss 8.6211 | lr 1.38e-03 | 0.4s
epoch 1786 | loss 8.6001 | lr 1.38e-03 | 0.4s
epoch 1787 | loss 8.6560 | lr 1.38e-03 | 0.4s
epoch 1788 | loss 8.5755 | lr 1.38e-03 | 0.4s
epoch 1789 | loss 8.5960 | lr 1.38e-03 | 0.4s
epoch 1790 | loss 8.5434 | lr 1.37e-03 | 0.4s
epoch 1791 | loss 8.5842 | lr 1.37e-03 | 0.4s
epoch 1792 | loss 8.6663 | lr 1.37e-03 | 0.4s
epoch 1793 | loss 8.5876 | lr 1.37e-03 | 0.5s
epoch 1794 | loss 8.6110 | lr 1.37e-03 | 0.5s
epoch 1795 | loss 8.5969 | lr 1.37e-03 | 0.5s
epoch 1796 | loss 8.5735 | lr 1.37e-03 | 0.4s
epoch 1797 | loss 8.5630 | lr 1.37e-03 | 0.5s
epoch 1798 | loss 8.6097 | lr 1.37e-03 | 0.4s
epoch 1799 | loss 8.6046 | lr 1.37e-03 | 0.4s
epoch 1800 | loss 8.6002 | lr 1.37e-03 | 0.4s
epoch 1801 | loss 8.5491 | lr 1.37e-03 | 0.5s
epoch 1802 | loss 8.5813 | lr 1.37e-03 | 0.4s
epoch 1803 | loss 8.5665 | lr 1.37e-03 | 0.4s
epoch 1804 | loss 8.6126 | lr 1.37e-03 | 0.4s
epoch 1805 | loss 8.5965 | lr 1.37e-03 | 0.4s
epoch 1806 | loss 8.5674 | lr 1.37e-03 | 0.4s
epoch 1807 | loss 8.5576 | lr 1.37e-03 | 0.4s
epoch 1808 | loss 8.5647 | lr 1.37e-03 | 0.4s
epoch 1809 | loss 8.6209 | lr 1.37e-03 | 0.4s
epoch 1810 | loss 8.6216 | lr 1.37e-03 | 0.4s
epoch 1811 | loss 8.6189 | lr 1.37e-03 | 0.5s
epoch 1812 | loss 8.5616 | lr 1.37e-03 | 0.4s
epoch 1813 | loss 8.5726 | lr 1.37e-03 | 0.4s
epoch 1814 | loss 8.5706 | lr 1.37e-03 | 0.4s
epoch 1815 | loss 8.5867 | lr 1.37e-03 | 0.4s
epoch 1816 | loss 8.6442 | lr 1.37e-03 | 0.4s
epoch 1817 | loss 8.5933 | lr 1.37e-03 | 0.4s
epoch 1818 | loss 8.5834 | lr 1.37e-03 | 0.4s
epoch 1819 | loss 8.5889 | lr 1.37e-03 | 0.4s
epoch 1820 | loss 8.6124 | lr 1.37e-03 | 0.4s
epoch 1821 | loss 8.6348 | lr 1.37e-03 | 0.5s
epoch 1822 | loss 8.6280 | lr 1.37e-03 | 0.4s
epoch 1823 | loss 8.5926 | lr 1.37e-03 | 0.4s
epoch 1824 | loss 8.6115 | lr 1.37e-03 | 0.5s
epoch 1825 | loss 8.6069 | lr 1.37e-03 | 0.4s
epoch 1826 | loss 8.5949 | lr 1.37e-03 | 0.4s
epoch 1827 | loss 8.6223 | lr 1.37e-03 | 0.4s
epoch 1828 | loss 8.5844 | lr 1.37e-03 | 0.4s
epoch 1829 | loss 8.5673 | lr 1.37e-03 | 0.5s
epoch 1830 | loss 8.5952 | lr 1.37e-03 | 0.5s
epoch 1831 | loss 8.5836 | lr 1.37e-03 | 0.4s
epoch 1832 | loss 8.6100 | lr 1.37e-03 | 0.4s
epoch 1833 | loss 8.6360 | lr 1.37e-03 | 0.5s
epoch 1834 | loss 8.5760 | lr 1.37e-03 | 0.4s
epoch 1835 | loss 8.5998 | lr 1.37e-03 | 0.4s
epoch 1836 | loss 8.5410 | lr 1.37e-03 | 0.4s
epoch 1837 | loss 8.6387 | lr 1.37e-03 | 0.4s
epoch 1838 | loss 8.6222 | lr 1.37e-03 | 0.4s
epoch 1839 | loss 8.5688 | lr 1.37e-03 | 0.4s
epoch 1840 | loss 8.5727 | lr 1.36e-03 | 0.4s
epoch 1841 | loss 8.6419 | lr 1.36e-03 | 0.4s
epoch 1842 | loss 8.5546 | lr 1.36e-03 | 0.5s
epoch 1843 | loss 8.5794 | lr 1.36e-03 | 0.4s
epoch 1844 | loss 8.5760 | lr 1.36e-03 | 0.5s
epoch 1845 | loss 8.5965 | lr 1.36e-03 | 0.4s
epoch 1846 | loss 8.5959 | lr 1.36e-03 | 0.5s
epoch 1847 | loss 8.5158 | lr 1.36e-03 | 0.4s
epoch 1848 | loss 8.5716 | lr 1.36e-03 | 0.4s
epoch 1849 | loss 8.6182 | lr 1.36e-03 | 0.4s
epoch 1850 | loss 8.5830 | lr 1.36e-03 | 0.4s
epoch 1851 | loss 8.6100 | lr 1.36e-03 | 0.4s
epoch 1852 | loss 8.5828 | lr 1.36e-03 | 0.4s
epoch 1853 | loss 8.5925 | lr 1.36e-03 | 0.4s
epoch 1854 | loss 8.6376 | lr 1.36e-03 | 0.5s
epoch 1855 | loss 8.5754 | lr 1.36e-03 | 0.5s
epoch 1856 | loss 8.5776 | lr 1.36e-03 | 0.4s
epoch 1857 | loss 8.6189 | lr 1.36e-03 | 0.4s
epoch 1858 | loss 8.6632 | lr 1.36e-03 | 0.5s
epoch 1859 | loss 8.5508 | lr 1.36e-03 | 0.4s
epoch 1860 | loss 8.5730 | lr 1.36e-03 | 0.4s
epoch 1861 | loss 8.5871 | lr 1.36e-03 | 0.4s
epoch 1862 | loss 8.6084 | lr 1.36e-03 | 0.4s
epoch 1863 | loss 8.5405 | lr 1.36e-03 | 0.4s
epoch 1864 | loss 8.5997 | lr 1.36e-03 | 0.4s
epoch 1865 | loss 8.5549 | lr 1.36e-03 | 0.4s
epoch 1866 | loss 8.6075 | lr 1.36e-03 | 0.5s
epoch 1867 | loss 8.5877 | lr 1.36e-03 | 0.4s
epoch 1868 | loss 8.5990 | lr 1.36e-03 | 0.4s
epoch 1869 | loss 8.5629 | lr 1.36e-03 | 0.5s
epoch 1870 | loss 8.5956 | lr 1.36e-03 | 0.5s
epoch 1871 | loss 8.5609 | lr 1.36e-03 | 0.4s
epoch 1872 | loss 8.6038 | lr 1.36e-03 | 0.4s
epoch 1873 | loss 8.5570 | lr 1.36e-03 | 0.5s
epoch 1874 | loss 8.6005 | lr 1.36e-03 | 0.4s
epoch 1875 | loss 8.5648 | lr 1.36e-03 | 0.5s
epoch 1876 | loss 8.5920 | lr 1.36e-03 | 0.4s
epoch 1877 | loss 8.6329 | lr 1.36e-03 | 0.4s
epoch 1878 | loss 8.5804 | lr 1.36e-03 | 0.4s
epoch 1879 | loss 8.5534 | lr 1.36e-03 | 0.5s
epoch 1880 | loss 8.5864 | lr 1.36e-03 | 0.4s
epoch 1881 | loss 8.5308 | lr 1.36e-03 | 0.5s
epoch 1882 | loss 8.5732 | lr 1.36e-03 | 0.4s
epoch 1883 | loss 8.6256 | lr 1.36e-03 | 0.4s
epoch 1884 | loss 8.6256 | lr 1.36e-03 | 0.5s
epoch 1885 | loss 8.5794 | lr 1.36e-03 | 0.5s
epoch 1886 | loss 8.5901 | lr 1.36e-03 | 0.4s
epoch 1887 | loss 8.5442 | lr 1.36e-03 | 0.5s
epoch 1888 | loss 8.5770 | lr 1.36e-03 | 0.5s
epoch 1889 | loss 8.5872 | lr 1.35e-03 | 0.4s
epoch 1890 | loss 8.5733 | lr 1.35e-03 | 0.4s
epoch 1891 | loss 8.5219 | lr 1.35e-03 | 0.5s
epoch 1892 | loss 8.5732 | lr 1.35e-03 | 0.4s
epoch 1893 | loss 8.5595 | lr 1.35e-03 | 0.4s
epoch 1894 | loss 8.5408 | lr 1.35e-03 | 0.4s
epoch 1895 | loss 8.5761 | lr 1.35e-03 | 0.4s
epoch 1896 | loss 8.5630 | lr 1.35e-03 | 0.5s
epoch 1897 | loss 8.5662 | lr 1.35e-03 | 0.4s
epoch 1898 | loss 8.6366 | lr 1.35e-03 | 0.4s
epoch 1899 | loss 8.5735 | lr 1.35e-03 | 0.4s
epoch 1900 | loss 8.5588 | lr 1.35e-03 | 0.4s
epoch 1901 | loss 8.5963 | lr 1.35e-03 | 0.4s
epoch 1902 | loss 8.6219 | lr 1.35e-03 | 0.4s
epoch 1903 | loss 8.6323 | lr 1.35e-03 | 0.4s
epoch 1904 | loss 8.5923 | lr 1.35e-03 | 0.4s
epoch 1905 | loss 8.5535 | lr 1.35e-03 | 0.4s
epoch 1906 | loss 8.5946 | lr 1.35e-03 | 0.4s
epoch 1907 | loss 8.5659 | lr 1.35e-03 | 0.5s
epoch 1908 | loss 8.5665 | lr 1.35e-03 | 0.4s
epoch 1909 | loss 8.5842 | lr 1.35e-03 | 0.4s
epoch 1910 | loss 8.5590 | lr 1.35e-03 | 0.4s
epoch 1911 | loss 8.5508 | lr 1.35e-03 | 0.5s
epoch 1912 | loss 8.5795 | lr 1.35e-03 | 0.5s
epoch 1913 | loss 8.5973 | lr 1.35e-03 | 0.4s
epoch 1914 | loss 8.5911 | lr 1.35e-03 | 0.5s
epoch 1915 | loss 8.6040 | lr 1.35e-03 | 0.4s
epoch 1916 | loss 8.5793 | lr 1.35e-03 | 0.4s
epoch 1917 | loss 8.5946 | lr 1.35e-03 | 0.4s
epoch 1918 | loss 8.5814 | lr 1.35e-03 | 0.4s
epoch 1919 | loss 8.5636 | lr 1.35e-03 | 0.4s
epoch 1920 | loss 8.6106 | lr 1.35e-03 | 0.4s
epoch 1921 | loss 8.6046 | lr 1.35e-03 | 0.4s
epoch 1922 | loss 8.5979 | lr 1.35e-03 | 0.4s
epoch 1923 | loss 8.5827 | lr 1.35e-03 | 0.4s
epoch 1924 | loss 8.5854 | lr 1.35e-03 | 0.4s
epoch 1925 | loss 8.5691 | lr 1.35e-03 | 0.4s
epoch 1926 | loss 8.4917 | lr 1.35e-03 | 0.4s
epoch 1927 | loss 8.6203 | lr 1.35e-03 | 0.5s
epoch 1928 | loss 8.5775 | lr 1.35e-03 | 0.5s
epoch 1929 | loss 8.5826 | lr 1.35e-03 | 0.5s
epoch 1930 | loss 8.5583 | lr 1.35e-03 | 0.4s
epoch 1931 | loss 8.5803 | lr 1.35e-03 | 0.4s
epoch 1932 | loss 8.5639 | lr 1.35e-03 | 0.5s
epoch 1933 | loss 8.5757 | lr 1.35e-03 | 0.4s
epoch 1934 | loss 8.5949 | lr 1.35e-03 | 0.4s
epoch 1935 | loss 8.5871 | lr 1.35e-03 | 0.5s
epoch 1936 | loss 8.5653 | lr 1.35e-03 | 0.4s
epoch 1937 | loss 8.5900 | lr 1.34e-03 | 0.4s
epoch 1938 | loss 8.5569 | lr 1.34e-03 | 0.4s
epoch 1939 | loss 8.5600 | lr 1.34e-03 | 0.4s
epoch 1940 | loss 8.6277 | lr 1.34e-03 | 0.4s
epoch 1941 | loss 8.5842 | lr 1.34e-03 | 0.4s
epoch 1942 | loss 8.5969 | lr 1.34e-03 | 0.4s
epoch 1943 | loss 8.5900 | lr 1.34e-03 | 0.4s
epoch 1944 | loss 8.5858 | lr 1.34e-03 | 0.4s
epoch 1945 | loss 8.5455 | lr 1.34e-03 | 0.4s
epoch 1946 | loss 8.5951 | lr 1.34e-03 | 0.4s
epoch 1947 | loss 8.6101 | lr 1.34e-03 | 0.4s
epoch 1948 | loss 8.5625 | lr 1.34e-03 | 0.4s
epoch 1949 | loss 8.5854 | lr 1.34e-03 | 0.5s
epoch 1950 | loss 8.6157 | lr 1.34e-03 | 0.5s
epoch 1951 | loss 8.5316 | lr 1.34e-03 | 0.4s
epoch 1952 | loss 8.5811 | lr 1.34e-03 | 0.4s
epoch 1953 | loss 8.5621 | lr 1.34e-03 | 0.4s
epoch 1954 | loss 8.5808 | lr 1.34e-03 | 0.4s
epoch 1955 | loss 8.6036 | lr 1.34e-03 | 0.4s
epoch 1956 | loss 8.5764 | lr 1.34e-03 | 0.4s
epoch 1957 | loss 8.5869 | lr 1.34e-03 | 0.4s
epoch 1958 | loss 8.5986 | lr 1.34e-03 | 0.4s
epoch 1959 | loss 8.5938 | lr 1.34e-03 | 0.4s
epoch 1960 | loss 8.5892 | lr 1.34e-03 | 0.4s
epoch 1961 | loss 8.5370 | lr 1.34e-03 | 0.4s
epoch 1962 | loss 8.5142 | lr 1.34e-03 | 0.4s
epoch 1963 | loss 8.6073 | lr 1.34e-03 | 0.4s
epoch 1964 | loss 8.6013 | lr 1.34e-03 | 0.4s
epoch 1965 | loss 8.6035 | lr 1.34e-03 | 0.5s
epoch 1966 | loss 8.6158 | lr 1.34e-03 | 0.4s
epoch 1967 | loss 8.5811 | lr 1.34e-03 | 0.4s
epoch 1968 | loss 8.5860 | lr 1.34e-03 | 0.5s
epoch 1969 | loss 8.5973 | lr 1.34e-03 | 0.4s
epoch 1970 | loss 8.5463 | lr 1.34e-03 | 0.5s
epoch 1971 | loss 8.5662 | lr 1.34e-03 | 0.5s
epoch 1972 | loss 8.5922 | lr 1.34e-03 | 0.5s
epoch 1973 | loss 8.5395 | lr 1.34e-03 | 0.4s
epoch 1974 | loss 8.5967 | lr 1.34e-03 | 0.4s
epoch 1975 | loss 8.5369 | lr 1.34e-03 | 0.4s
epoch 1976 | loss 8.5203 | lr 1.34e-03 | 0.5s
epoch 1977 | loss 8.5874 | lr 1.34e-03 | 0.4s
epoch 1978 | loss 8.5874 | lr 1.34e-03 | 0.4s
epoch 1979 | loss 8.5571 | lr 1.34e-03 | 0.5s
epoch 1980 | loss 8.5705 | lr 1.34e-03 | 0.4s
epoch 1981 | loss 8.5510 | lr 1.34e-03 | 0.4s
epoch 1982 | loss 8.5760 | lr 1.34e-03 | 0.4s
epoch 1983 | loss 8.5424 | lr 1.33e-03 | 0.4s
epoch 1984 | loss 8.6082 | lr 1.33e-03 | 0.4s
epoch 1985 | loss 8.6113 | lr 1.33e-03 | 0.4s
epoch 1986 | loss 8.5728 | lr 1.33e-03 | 0.4s
epoch 1987 | loss 8.6304 | lr 1.33e-03 | 0.4s
epoch 1988 | loss 8.5638 | lr 1.33e-03 | 0.5s
epoch 1989 | loss 8.5286 | lr 1.33e-03 | 0.4s
epoch 1990 | loss 8.5922 | lr 1.33e-03 | 0.4s
epoch 1991 | loss 8.5200 | lr 1.33e-03 | 0.5s
epoch 1992 | loss 8.5797 | lr 1.33e-03 | 0.5s
epoch 1993 | loss 8.5521 | lr 1.33e-03 | 0.4s
epoch 1994 | loss 8.5981 | lr 1.33e-03 | 0.5s
epoch 1995 | loss 8.5927 | lr 1.33e-03 | 0.5s
epoch 1996 | loss 8.5803 | lr 1.33e-03 | 0.5s
epoch 1997 | loss 8.5939 | lr 1.33e-03 | 0.4s
epoch 1998 | loss 8.5455 | lr 1.33e-03 | 0.4s
epoch 1999 | loss 8.5999 | lr 1.33e-03 | 0.5s
epoch 2000 | loss 8.5209 | lr 1.33e-03 | 0.5s
epoch 2001 | loss 8.5698 | lr 1.33e-03 | 0.5s
epoch 2002 | loss 8.5866 | lr 1.33e-03 | 0.4s
epoch 2003 | loss 8.5234 | lr 1.33e-03 | 0.4s
epoch 2004 | loss 8.5688 | lr 1.33e-03 | 0.5s
epoch 2005 | loss 8.5367 | lr 1.33e-03 | 0.4s
epoch 2006 | loss 8.5331 | lr 1.33e-03 | 0.4s
epoch 2007 | loss 8.5401 | lr 1.33e-03 | 0.5s
epoch 2008 | loss 8.5493 | lr 1.33e-03 | 0.4s
epoch 2009 | loss 8.5729 | lr 1.33e-03 | 0.4s
epoch 2010 | loss 8.5626 | lr 1.33e-03 | 0.4s
epoch 2011 | loss 8.5824 | lr 1.33e-03 | 0.5s
epoch 2012 | loss 8.6049 | lr 1.33e-03 | 0.4s
epoch 2013 | loss 8.6005 | lr 1.33e-03 | 0.4s
epoch 2014 | loss 8.5553 | lr 1.33e-03 | 0.4s
epoch 2015 | loss 8.6021 | lr 1.33e-03 | 0.5s
epoch 2016 | loss 8.5637 | lr 1.33e-03 | 0.4s
epoch 2017 | loss 8.5766 | lr 1.33e-03 | 0.4s
epoch 2018 | loss 8.5360 | lr 1.33e-03 | 0.5s
epoch 2019 | loss 8.5576 | lr 1.33e-03 | 0.5s
epoch 2020 | loss 8.5277 | lr 1.33e-03 | 0.4s
epoch 2021 | loss 8.5199 | lr 1.33e-03 | 0.4s
epoch 2022 | loss 8.6035 | lr 1.33e-03 | 0.4s
epoch 2023 | loss 8.6184 | lr 1.33e-03 | 0.5s
epoch 2024 | loss 8.5624 | lr 1.33e-03 | 0.4s
epoch 2025 | loss 8.5821 | lr 1.33e-03 | 0.5s
epoch 2026 | loss 8.6127 | lr 1.33e-03 | 0.4s
epoch 2027 | loss 8.5485 | lr 1.33e-03 | 0.4s
epoch 2028 | loss 8.5748 | lr 1.33e-03 | 0.4s
epoch 2029 | loss 8.5555 | lr 1.33e-03 | 0.5s
epoch 2030 | loss 8.5854 | lr 1.32e-03 | 0.4s
epoch 2031 | loss 8.5681 | lr 1.32e-03 | 0.4s
epoch 2032 | loss 8.5629 | lr 1.32e-03 | 0.4s
epoch 2033 | loss 8.5788 | lr 1.32e-03 | 0.4s
epoch 2034 | loss 8.5757 | lr 1.32e-03 | 0.4s
epoch 2035 | loss 8.5902 | lr 1.32e-03 | 0.5s
epoch 2036 | loss 8.5358 | lr 1.32e-03 | 0.4s
epoch 2037 | loss 8.5668 | lr 1.32e-03 | 0.4s
epoch 2038 | loss 8.5733 | lr 1.32e-03 | 0.4s
epoch 2039 | loss 8.5424 | lr 1.32e-03 | 0.5s
epoch 2040 | loss 8.6127 | lr 1.32e-03 | 0.4s
epoch 2041 | loss 8.5979 | lr 1.32e-03 | 0.4s
epoch 2042 | loss 8.5476 | lr 1.32e-03 | 0.4s
epoch 2043 | loss 8.5581 | lr 1.32e-03 | 0.4s
epoch 2044 | loss 8.6198 | lr 1.32e-03 | 0.5s
epoch 2045 | loss 8.5645 | lr 1.32e-03 | 0.4s
epoch 2046 | loss 8.5445 | lr 1.32e-03 | 0.4s
epoch 2047 | loss 8.5564 | lr 1.32e-03 | 0.4s
epoch 2048 | loss 8.5830 | lr 1.32e-03 | 0.4s
epoch 2049 | loss 8.5771 | lr 1.32e-03 | 0.4s
epoch 2050 | loss 8.5724 | lr 1.32e-03 | 0.4s
epoch 2051 | loss 8.5622 | lr 1.32e-03 | 0.4s
epoch 2052 | loss 8.5666 | lr 1.32e-03 | 0.5s
epoch 2053 | loss 8.5466 | lr 1.32e-03 | 0.4s
epoch 2054 | loss 8.5389 | lr 1.32e-03 | 0.4s
epoch 2055 | loss 8.5809 | lr 1.32e-03 | 0.4s
epoch 2056 | loss 8.6029 | lr 1.32e-03 | 0.4s
epoch 2057 | loss 8.5964 | lr 1.32e-03 | 0.5s
epoch 2058 | loss 8.5584 | lr 1.32e-03 | 0.4s
epoch 2059 | loss 8.5200 | lr 1.32e-03 | 0.4s
epoch 2060 | loss 8.5555 | lr 1.32e-03 | 0.5s
epoch 2061 | loss 8.5563 | lr 1.32e-03 | 0.4s
epoch 2062 | loss 8.5687 | lr 1.32e-03 | 0.4s
epoch 2063 | loss 8.5906 | lr 1.32e-03 | 0.4s
epoch 2064 | loss 8.4933 | lr 1.32e-03 | 0.4s
epoch 2065 | loss 8.5402 | lr 1.32e-03 | 0.4s
epoch 2066 | loss 8.5342 | lr 1.32e-03 | 0.4s
epoch 2067 | loss 8.5324 | lr 1.32e-03 | 0.4s
epoch 2068 | loss 8.5708 | lr 1.32e-03 | 0.5s
epoch 2069 | loss 8.5233 | lr 1.32e-03 | 0.5s
epoch 2070 | loss 8.5677 | lr 1.32e-03 | 0.4s
epoch 2071 | loss 8.5479 | lr 1.32e-03 | 0.4s
epoch 2072 | loss 8.5691 | lr 1.32e-03 | 0.5s
epoch 2073 | loss 8.5621 | lr 1.32e-03 | 0.4s
epoch 2074 | loss 8.5368 | lr 1.32e-03 | 0.4s
epoch 2075 | loss 8.5892 | lr 1.31e-03 | 0.4s
epoch 2076 | loss 8.5146 | lr 1.31e-03 | 0.4s
epoch 2077 | loss 8.5400 | lr 1.31e-03 | 0.4s
epoch 2078 | loss 8.5550 | lr 1.31e-03 | 0.4s
epoch 2079 | loss 8.5788 | lr 1.31e-03 | 0.4s
epoch 2080 | loss 8.6170 | lr 1.31e-03 | 0.5s
epoch 2081 | loss 8.5974 | lr 1.31e-03 | 0.4s
epoch 2082 | loss 8.5313 | lr 1.31e-03 | 0.4s
epoch 2083 | loss 8.5363 | lr 1.31e-03 | 0.4s
epoch 2084 | loss 8.5540 | lr 1.31e-03 | 0.4s
epoch 2085 | loss 8.5385 | lr 1.31e-03 | 0.4s
epoch 2086 | loss 8.6014 | lr 1.31e-03 | 0.5s
epoch 2087 | loss 8.5899 | lr 1.31e-03 | 0.4s
epoch 2088 | loss 8.6007 | lr 1.31e-03 | 0.4s
epoch 2089 | loss 8.5962 | lr 1.31e-03 | 0.4s
epoch 2090 | loss 8.5843 | lr 1.31e-03 | 0.5s
epoch 2091 | loss 8.4847 | lr 1.31e-03 | 0.4s
epoch 2092 | loss 8.5648 | lr 1.31e-03 | 0.4s
epoch 2093 | loss 8.5323 | lr 1.31e-03 | 0.5s
epoch 2094 | loss 8.5647 | lr 1.31e-03 | 0.4s
epoch 2095 | loss 8.6218 | lr 1.31e-03 | 0.5s
epoch 2096 | loss 8.5556 | lr 1.31e-03 | 0.5s
epoch 2097 | loss 8.6134 | lr 1.31e-03 | 0.4s
epoch 2098 | loss 8.5457 | lr 1.31e-03 | 0.4s
epoch 2099 | loss 8.5535 | lr 1.31e-03 | 0.4s
epoch 2100 | loss 8.5540 | lr 1.31e-03 | 0.4s
epoch 2101 | loss 8.5985 | lr 1.31e-03 | 0.4s
epoch 2102 | loss 8.5757 | lr 1.31e-03 | 0.4s
epoch 2103 | loss 8.5726 | lr 1.31e-03 | 0.4s
epoch 2104 | loss 8.5774 | lr 1.31e-03 | 0.4s
epoch 2105 | loss 8.5925 | lr 1.31e-03 | 0.4s
epoch 2106 | loss 8.5241 | lr 1.31e-03 | 0.5s
epoch 2107 | loss 8.5791 | lr 1.31e-03 | 0.4s
epoch 2108 | loss 8.5679 | lr 1.31e-03 | 0.5s
epoch 2109 | loss 8.5540 | lr 1.31e-03 | 0.4s
epoch 2110 | loss 8.5681 | lr 1.31e-03 | 0.5s
epoch 2111 | loss 8.5150 | lr 1.31e-03 | 0.5s
epoch 2112 | loss 8.5740 | lr 1.31e-03 | 0.5s
epoch 2113 | loss 8.5810 | lr 1.31e-03 | 0.5s
epoch 2114 | loss 8.5688 | lr 1.31e-03 | 0.4s
epoch 2115 | loss 8.6236 | lr 1.31e-03 | 0.4s
epoch 2116 | loss 8.6039 | lr 1.31e-03 | 0.4s
epoch 2117 | loss 8.5226 | lr 1.31e-03 | 0.4s
epoch 2118 | loss 8.5922 | lr 1.31e-03 | 0.4s
epoch 2119 | loss 8.5492 | lr 1.30e-03 | 0.4s
epoch 2120 | loss 8.5800 | lr 1.30e-03 | 0.4s
epoch 2121 | loss 8.5739 | lr 1.30e-03 | 0.4s
epoch 2122 | loss 8.5799 | lr 1.30e-03 | 0.4s
epoch 2123 | loss 8.5813 | lr 1.30e-03 | 0.5s
epoch 2124 | loss 8.5535 | lr 1.30e-03 | 0.4s
epoch 2125 | loss 8.5484 | lr 1.30e-03 | 0.4s
epoch 2126 | loss 8.5616 | lr 1.30e-03 | 0.4s
epoch 2127 | loss 8.6066 | lr 1.30e-03 | 0.4s
epoch 2128 | loss 8.5230 | lr 1.30e-03 | 0.4s
epoch 2129 | loss 8.5731 | lr 1.30e-03 | 0.4s
epoch 2130 | loss 8.5607 | lr 1.30e-03 | 0.4s
epoch 2131 | loss 8.5838 | lr 1.30e-03 | 0.4s
epoch 2132 | loss 8.5676 | lr 1.30e-03 | 0.5s
epoch 2133 | loss 8.5433 | lr 1.30e-03 | 0.5s
epoch 2134 | loss 8.5362 | lr 1.30e-03 | 0.4s
epoch 2135 | loss 8.5624 | lr 1.30e-03 | 0.4s
epoch 2136 | loss 8.5015 | lr 1.30e-03 | 0.4s
epoch 2137 | loss 8.5556 | lr 1.30e-03 | 0.4s
epoch 2138 | loss 8.5718 | lr 1.30e-03 | 0.5s
epoch 2139 | loss 8.5358 | lr 1.30e-03 | 0.4s
epoch 2140 | loss 8.5812 | lr 1.30e-03 | 0.4s
epoch 2141 | loss 8.5485 | lr 1.30e-03 | 0.5s
epoch 2142 | loss 8.5510 | lr 1.30e-03 | 0.5s
epoch 2143 | loss 8.4822 | lr 1.30e-03 | 0.4s
epoch 2144 | loss 8.5206 | lr 1.30e-03 | 0.4s
epoch 2145 | loss 8.5198 | lr 1.30e-03 | 0.4s
epoch 2146 | loss 8.5467 | lr 1.30e-03 | 0.4s
epoch 2147 | loss 8.5967 | lr 1.30e-03 | 0.5s
epoch 2148 | loss 8.5394 | lr 1.30e-03 | 0.4s
epoch 2149 | loss 8.5183 | lr 1.30e-03 | 0.4s
epoch 2150 | loss 8.5674 | lr 1.30e-03 | 0.4s
epoch 2151 | loss 8.5187 | lr 1.30e-03 | 0.5s
epoch 2152 | loss 8.5373 | lr 1.30e-03 | 0.4s
epoch 2153 | loss 8.5145 | lr 1.30e-03 | 0.4s
epoch 2154 | loss 8.5513 | lr 1.30e-03 | 0.4s
epoch 2155 | loss 8.5807 | lr 1.30e-03 | 0.4s
epoch 2156 | loss 8.5919 | lr 1.30e-03 | 0.4s
epoch 2157 | loss 8.5160 | lr 1.30e-03 | 0.4s
epoch 2158 | loss 8.5663 | lr 1.30e-03 | 0.4s
epoch 2159 | loss 8.5285 | lr 1.30e-03 | 0.4s
epoch 2160 | loss 8.5465 | lr 1.30e-03 | 0.5s
epoch 2161 | loss 8.5003 | lr 1.30e-03 | 0.4s
epoch 2162 | loss 8.5503 | lr 1.30e-03 | 0.4s
epoch 2163 | loss 8.5860 | lr 1.29e-03 | 0.4s
epoch 2164 | loss 8.5422 | lr 1.29e-03 | 0.4s
epoch 2165 | loss 8.5303 | lr 1.29e-03 | 0.4s
epoch 2166 | loss 8.5408 | lr 1.29e-03 | 0.4s
epoch 2167 | loss 8.5399 | lr 1.29e-03 | 0.4s
epoch 2168 | loss 8.5779 | lr 1.29e-03 | 0.4s
epoch 2169 | loss 8.5885 | lr 1.29e-03 | 0.4s
epoch 2170 | loss 8.5483 | lr 1.29e-03 | 0.4s
epoch 2171 | loss 8.5939 | lr 1.29e-03 | 0.4s
epoch 2172 | loss 8.5536 | lr 1.29e-03 | 0.4s
epoch 2173 | loss 8.5286 | lr 1.29e-03 | 0.4s
epoch 2174 | loss 8.5962 | lr 1.29e-03 | 0.5s
epoch 2175 | loss 8.5859 | lr 1.29e-03 | 0.4s
epoch 2176 | loss 8.5358 | lr 1.29e-03 | 0.4s
epoch 2177 | loss 8.6060 | lr 1.29e-03 | 0.4s
epoch 2178 | loss 8.5508 | lr 1.29e-03 | 0.4s
epoch 2179 | loss 8.5247 | lr 1.29e-03 | 0.4s
epoch 2180 | loss 8.5474 | lr 1.29e-03 | 0.4s
epoch 2181 | loss 8.5272 | lr 1.29e-03 | 0.4s
epoch 2182 | loss 8.5416 | lr 1.29e-03 | 0.4s
epoch 2183 | loss 8.5400 | lr 1.29e-03 | 0.4s
epoch 2184 | loss 8.5911 | lr 1.29e-03 | 0.4s
epoch 2185 | loss 8.5287 | lr 1.29e-03 | 0.4s
epoch 2186 | loss 8.5508 | lr 1.29e-03 | 0.4s
epoch 2187 | loss 8.5511 | lr 1.29e-03 | 0.4s
epoch 2188 | loss 8.5803 | lr 1.29e-03 | 0.4s
epoch 2189 | loss 8.5556 | lr 1.29e-03 | 0.5s
epoch 2190 | loss 8.5918 | lr 1.29e-03 | 0.4s
epoch 2191 | loss 8.5625 | lr 1.29e-03 | 0.4s
epoch 2192 | loss 8.5680 | lr 1.29e-03 | 0.4s
epoch 2193 | loss 8.5585 | lr 1.29e-03 | 0.4s
epoch 2194 | loss 8.5501 | lr 1.29e-03 | 0.4s
epoch 2195 | loss 8.5537 | lr 1.29e-03 | 0.4s
epoch 2196 | loss 8.5394 | lr 1.29e-03 | 0.4s
epoch 2197 | loss 8.5110 | lr 1.29e-03 | 0.4s
epoch 2198 | loss 8.5603 | lr 1.29e-03 | 0.4s
epoch 2199 | loss 8.5457 | lr 1.29e-03 | 0.4s
epoch 2200 | loss 8.5540 | lr 1.29e-03 | 0.4s
epoch 2201 | loss 8.5506 | lr 1.29e-03 | 0.4s
epoch 2202 | loss 8.5096 | lr 1.29e-03 | 0.4s
epoch 2203 | loss 8.5194 | lr 1.29e-03 | 0.4s
epoch 2204 | loss 8.5669 | lr 1.29e-03 | 0.4s
epoch 2205 | loss 8.5527 | lr 1.29e-03 | 0.5s
epoch 2206 | loss 8.5455 | lr 1.28e-03 | 0.4s
epoch 2207 | loss 8.5351 | lr 1.28e-03 | 0.4s
epoch 2208 | loss 8.5200 | lr 1.28e-03 | 0.5s
epoch 2209 | loss 8.5639 | lr 1.28e-03 | 0.4s
epoch 2210 | loss 8.5484 | lr 1.28e-03 | 0.4s
epoch 2211 | loss 8.5338 | lr 1.28e-03 | 0.4s
epoch 2212 | loss 8.5816 | lr 1.28e-03 | 0.4s
epoch 2213 | loss 8.5685 | lr 1.28e-03 | 0.4s
epoch 2214 | loss 8.5145 | lr 1.28e-03 | 0.4s
epoch 2215 | loss 8.5501 | lr 1.28e-03 | 0.4s
epoch 2216 | loss 8.5150 | lr 1.28e-03 | 0.4s
epoch 2217 | loss 8.5630 | lr 1.28e-03 | 0.4s
epoch 2218 | loss 8.5292 | lr 1.28e-03 | 0.4s
epoch 2219 | loss 8.5449 | lr 1.28e-03 | 0.4s
epoch 2220 | loss 8.5195 | lr 1.28e-03 | 0.4s
epoch 2221 | loss 8.5534 | lr 1.28e-03 | 0.4s
epoch 2222 | loss 8.5651 | lr 1.28e-03 | 0.4s
epoch 2223 | loss 8.5657 | lr 1.28e-03 | 0.4s
epoch 2224 | loss 8.5742 | lr 1.28e-03 | 0.4s
epoch 2225 | loss 8.5189 | lr 1.28e-03 | 0.4s
epoch 2226 | loss 8.5301 | lr 1.28e-03 | 0.5s
epoch 2227 | loss 8.5141 | lr 1.28e-03 | 0.4s
epoch 2228 | loss 8.5139 | lr 1.28e-03 | 0.4s
epoch 2229 | loss 8.5464 | lr 1.28e-03 | 0.4s
epoch 2230 | loss 8.5184 | lr 1.28e-03 | 0.5s
epoch 2231 | loss 8.5675 | lr 1.28e-03 | 0.4s
epoch 2232 | loss 8.5361 | lr 1.28e-03 | 0.4s
epoch 2233 | loss 8.5861 | lr 1.28e-03 | 0.5s
epoch 2234 | loss 8.5224 | lr 1.28e-03 | 0.4s
epoch 2235 | loss 8.5196 | lr 1.28e-03 | 0.4s
epoch 2236 | loss 8.5577 | lr 1.28e-03 | 0.4s
epoch 2237 | loss 8.5418 | lr 1.28e-03 | 0.4s
epoch 2238 | loss 8.5491 | lr 1.28e-03 | 0.4s
epoch 2239 | loss 8.5644 | lr 1.28e-03 | 0.4s
epoch 2240 | loss 8.5451 | lr 1.28e-03 | 0.4s
epoch 2241 | loss 8.4912 | lr 1.28e-03 | 0.4s
epoch 2242 | loss 8.5455 | lr 1.28e-03 | 0.4s
epoch 2243 | loss 8.5282 | lr 1.28e-03 | 0.4s
epoch 2244 | loss 8.5216 | lr 1.28e-03 | 0.4s
epoch 2245 | loss 8.5688 | lr 1.28e-03 | 0.5s
epoch 2246 | loss 8.5605 | lr 1.28e-03 | 0.5s
epoch 2247 | loss 8.5342 | lr 1.28e-03 | 0.4s
epoch 2248 | loss 8.5720 | lr 1.28e-03 | 0.4s
epoch 2249 | loss 8.5396 | lr 1.27e-03 | 0.4s
epoch 2250 | loss 8.5384 | lr 1.27e-03 | 0.4s
epoch 2251 | loss 8.5068 | lr 1.27e-03 | 0.4s
epoch 2252 | loss 8.5659 | lr 1.27e-03 | 0.4s
epoch 2253 | loss 8.5935 | lr 1.27e-03 | 0.5s
epoch 2254 | loss 8.5451 | lr 1.27e-03 | 0.4s
epoch 2255 | loss 8.5380 | lr 1.27e-03 | 0.4s
epoch 2256 | loss 8.5308 | lr 1.27e-03 | 0.5s
epoch 2257 | loss 8.5366 | lr 1.27e-03 | 0.4s
epoch 2258 | loss 8.5162 | lr 1.27e-03 | 0.4s
epoch 2259 | loss 8.4958 | lr 1.27e-03 | 0.4s
epoch 2260 | loss 8.5058 | lr 1.27e-03 | 0.4s
epoch 2261 | loss 8.4914 | lr 1.27e-03 | 0.4s
epoch 2262 | loss 8.5175 | lr 1.27e-03 | 0.4s
epoch 2263 | loss 8.5699 | lr 1.27e-03 | 0.4s
epoch 2264 | loss 8.5107 | lr 1.27e-03 | 0.4s
epoch 2265 | loss 8.5677 | lr 1.27e-03 | 0.4s
epoch 2266 | loss 8.5431 | lr 1.27e-03 | 0.4s
epoch 2267 | loss 8.5541 | lr 1.27e-03 | 0.5s
epoch 2268 | loss 8.5620 | lr 1.27e-03 | 0.4s
epoch 2269 | loss 8.5086 | lr 1.27e-03 | 0.4s
epoch 2270 | loss 8.5331 | lr 1.27e-03 | 0.4s
epoch 2271 | loss 8.5735 | lr 1.27e-03 | 0.4s
epoch 2272 | loss 8.6143 | lr 1.27e-03 | 0.5s
epoch 2273 | loss 8.5399 | lr 1.27e-03 | 0.4s
epoch 2274 | loss 8.5839 | lr 1.27e-03 | 0.4s
epoch 2275 | loss 8.5663 | lr 1.27e-03 | 0.4s
epoch 2276 | loss 8.5434 | lr 1.27e-03 | 0.4s
epoch 2277 | loss 8.5699 | lr 1.27e-03 | 0.4s
epoch 2278 | loss 8.5391 | lr 1.27e-03 | 0.4s
epoch 2279 | loss 8.5573 | lr 1.27e-03 | 0.4s
epoch 2280 | loss 8.4922 | lr 1.27e-03 | 0.4s
epoch 2281 | loss 8.5428 | lr 1.27e-03 | 0.4s
epoch 2282 | loss 8.5812 | lr 1.27e-03 | 0.4s
epoch 2283 | loss 8.5554 | lr 1.27e-03 | 0.4s
epoch 2284 | loss 8.5053 | lr 1.27e-03 | 0.4s
epoch 2285 | loss 8.4955 | lr 1.27e-03 | 0.4s
epoch 2286 | loss 8.5157 | lr 1.27e-03 | 0.4s
epoch 2287 | loss 8.5300 | lr 1.27e-03 | 0.4s
epoch 2288 | loss 8.4974 | lr 1.27e-03 | 0.4s
epoch 2289 | loss 8.5152 | lr 1.27e-03 | 0.4s
epoch 2290 | loss 8.5335 | lr 1.27e-03 | 0.5s
epoch 2291 | loss 8.4773 | lr 1.26e-03 | 0.5s
epoch 2292 | loss 8.5155 | lr 1.26e-03 | 0.4s
epoch 2293 | loss 8.5921 | lr 1.26e-03 | 0.4s
epoch 2294 | loss 8.5455 | lr 1.26e-03 | 0.4s
epoch 2295 | loss 8.5228 | lr 1.26e-03 | 0.4s
epoch 2296 | loss 8.5558 | lr 1.26e-03 | 0.4s
epoch 2297 | loss 8.5552 | lr 1.26e-03 | 0.4s
epoch 2298 | loss 8.5554 | lr 1.26e-03 | 0.4s
epoch 2299 | loss 8.5872 | lr 1.26e-03 | 0.5s
epoch 2300 | loss 8.5274 | lr 1.26e-03 | 0.4s
epoch 2301 | loss 8.5601 | lr 1.26e-03 | 0.4s
epoch 2302 | loss 8.5359 | lr 1.26e-03 | 0.4s
epoch 2303 | loss 8.5291 | lr 1.26e-03 | 0.4s
epoch 2304 | loss 8.5700 | lr 1.26e-03 | 0.4s
epoch 2305 | loss 8.5840 | lr 1.26e-03 | 0.4s
epoch 2306 | loss 8.4928 | lr 1.26e-03 | 0.4s
epoch 2307 | loss 8.5405 | lr 1.26e-03 | 0.4s
epoch 2308 | loss 8.5241 | lr 1.26e-03 | 0.4s
epoch 2309 | loss 8.5472 | lr 1.26e-03 | 0.5s
epoch 2310 | loss 8.5481 | lr 1.26e-03 | 0.4s
epoch 2311 | loss 8.5362 | lr 1.26e-03 | 0.5s
epoch 2312 | loss 8.5294 | lr 1.26e-03 | 0.5s
epoch 2313 | loss 8.6078 | lr 1.26e-03 | 0.4s
epoch 2314 | loss 8.5228 | lr 1.26e-03 | 0.4s
epoch 2315 | loss 8.5118 | lr 1.26e-03 | 0.4s
epoch 2316 | loss 8.5285 | lr 1.26e-03 | 0.4s
epoch 2317 | loss 8.5041 | lr 1.26e-03 | 0.4s
epoch 2318 | loss 8.5165 | lr 1.26e-03 | 0.4s
epoch 2319 | loss 8.4879 | lr 1.26e-03 | 0.4s
epoch 2320 | loss 8.5538 | lr 1.26e-03 | 0.4s
epoch 2321 | loss 8.5400 | lr 1.26e-03 | 0.5s
epoch 2322 | loss 8.5315 | lr 1.26e-03 | 0.4s
epoch 2323 | loss 8.5919 | lr 1.26e-03 | 0.4s
epoch 2324 | loss 8.5363 | lr 1.26e-03 | 0.4s
epoch 2325 | loss 8.5189 | lr 1.26e-03 | 0.4s
epoch 2326 | loss 8.5621 | lr 1.26e-03 | 0.4s
epoch 2327 | loss 8.5555 | lr 1.26e-03 | 0.4s
epoch 2328 | loss 8.5655 | lr 1.26e-03 | 0.4s
epoch 2329 | loss 8.5617 | lr 1.26e-03 | 0.4s
epoch 2330 | loss 8.5226 | lr 1.26e-03 | 0.4s
epoch 2331 | loss 8.5440 | lr 1.26e-03 | 0.4s
epoch 2332 | loss 8.5490 | lr 1.25e-03 | 0.4s
epoch 2333 | loss 8.5286 | lr 1.25e-03 | 0.4s
epoch 2334 | loss 8.5928 | lr 1.25e-03 | 0.4s
epoch 2335 | loss 8.5334 | lr 1.25e-03 | 0.4s
epoch 2336 | loss 8.5757 | lr 1.25e-03 | 0.4s
epoch 2337 | loss 8.5179 | lr 1.25e-03 | 0.5s
epoch 2338 | loss 8.5161 | lr 1.25e-03 | 0.4s
epoch 2339 | loss 8.5731 | lr 1.25e-03 | 0.4s
epoch 2340 | loss 8.5148 | lr 1.25e-03 | 0.4s
epoch 2341 | loss 8.5558 | lr 1.25e-03 | 0.4s
epoch 2342 | loss 8.5639 | lr 1.25e-03 | 0.4s
epoch 2343 | loss 8.5482 | lr 1.25e-03 | 0.4s
epoch 2344 | loss 8.5767 | lr 1.25e-03 | 0.5s
epoch 2345 | loss 8.5341 | lr 1.25e-03 | 0.5s
epoch 2346 | loss 8.5916 | lr 1.25e-03 | 0.4s
epoch 2347 | loss 8.4924 | lr 1.25e-03 | 0.4s
epoch 2348 | loss 8.5707 | lr 1.25e-03 | 0.4s
epoch 2349 | loss 8.4855 | lr 1.25e-03 | 0.4s
epoch 2350 | loss 8.4799 | lr 1.25e-03 | 0.4s
epoch 2351 | loss 8.5754 | lr 1.25e-03 | 0.4s
epoch 2352 | loss 8.5438 | lr 1.25e-03 | 0.4s
epoch 2353 | loss 8.5230 | lr 1.25e-03 | 0.4s
epoch 2354 | loss 8.5055 | lr 1.25e-03 | 0.4s
epoch 2355 | loss 8.5365 | lr 1.25e-03 | 0.4s
epoch 2356 | loss 8.5077 | lr 1.25e-03 | 0.4s
epoch 2357 | loss 8.5085 | lr 1.25e-03 | 0.4s
epoch 2358 | loss 8.5418 | lr 1.25e-03 | 0.4s
epoch 2359 | loss 8.5364 | lr 1.25e-03 | 0.4s
epoch 2360 | loss 8.5743 | lr 1.25e-03 | 0.4s
epoch 2361 | loss 8.5236 | lr 1.25e-03 | 0.4s
epoch 2362 | loss 8.5111 | lr 1.25e-03 | 0.4s
epoch 2363 | loss 8.5150 | lr 1.25e-03 | 0.4s
epoch 2364 | loss 8.5278 | lr 1.25e-03 | 0.4s
epoch 2365 | loss 8.5112 | lr 1.25e-03 | 0.4s
epoch 2366 | loss 8.4757 | lr 1.25e-03 | 0.4s
epoch 2367 | loss 8.5321 | lr 1.25e-03 | 0.5s
epoch 2368 | loss 8.5356 | lr 1.25e-03 | 0.4s
epoch 2369 | loss 8.5382 | lr 1.25e-03 | 0.4s
epoch 2370 | loss 8.5341 | lr 1.25e-03 | 0.4s
epoch 2371 | loss 8.5448 | lr 1.25e-03 | 0.4s
epoch 2372 | loss 8.5512 | lr 1.25e-03 | 0.4s
epoch 2373 | loss 8.5605 | lr 1.24e-03 | 0.4s
epoch 2374 | loss 8.5582 | lr 1.24e-03 | 0.4s
epoch 2375 | loss 8.5184 | lr 1.24e-03 | 0.4s
epoch 2376 | loss 8.5251 | lr 1.24e-03 | 0.4s
epoch 2377 | loss 8.5465 | lr 1.24e-03 | 0.4s
epoch 2378 | loss 8.5278 | lr 1.24e-03 | 0.4s
epoch 2379 | loss 8.5221 | lr 1.24e-03 | 0.4s
epoch 2380 | loss 8.5593 | lr 1.24e-03 | 0.4s
epoch 2381 | loss 8.5277 | lr 1.24e-03 | 0.4s
epoch 2382 | loss 8.5649 | lr 1.24e-03 | 0.4s
epoch 2383 | loss 8.5647 | lr 1.24e-03 | 0.4s
epoch 2384 | loss 8.5691 | lr 1.24e-03 | 0.4s
epoch 2385 | loss 8.4901 | lr 1.24e-03 | 0.5s
epoch 2386 | loss 8.5260 | lr 1.24e-03 | 0.4s
epoch 2387 | loss 8.5308 | lr 1.24e-03 | 0.4s
epoch 2388 | loss 8.4890 | lr 1.24e-03 | 0.5s
epoch 2389 | loss 8.4657 | lr 1.24e-03 | 0.4s
epoch 2390 | loss 8.5078 | lr 1.24e-03 | 0.4s
epoch 2391 | loss 8.5387 | lr 1.24e-03 | 0.4s
epoch 2392 | loss 8.5252 | lr 1.24e-03 | 0.5s
epoch 2393 | loss 8.5110 | lr 1.24e-03 | 0.4s
epoch 2394 | loss 8.5279 | lr 1.24e-03 | 0.4s
epoch 2395 | loss 8.4927 | lr 1.24e-03 | 0.5s
epoch 2396 | loss 8.5045 | lr 1.24e-03 | 0.4s
epoch 2397 | loss 8.5189 | lr 1.24e-03 | 0.4s
epoch 2398 | loss 8.5744 | lr 1.24e-03 | 0.4s
epoch 2399 | loss 8.5142 | lr 1.24e-03 | 0.4s
epoch 2400 | loss 8.5073 | lr 1.24e-03 | 0.5s
epoch 2401 | loss 8.5191 | lr 1.24e-03 | 0.4s
epoch 2402 | loss 8.4926 | lr 1.24e-03 | 0.5s
epoch 2403 | loss 8.5329 | lr 1.24e-03 | 0.4s
epoch 2404 | loss 8.5928 | lr 1.24e-03 | 0.4s
epoch 2405 | loss 8.5289 | lr 1.24e-03 | 0.4s
epoch 2406 | loss 8.4989 | lr 1.24e-03 | 0.4s
epoch 2407 | loss 8.5784 | lr 1.24e-03 | 0.4s
epoch 2408 | loss 8.4995 | lr 1.24e-03 | 0.4s
epoch 2409 | loss 8.5380 | lr 1.24e-03 | 0.4s
epoch 2410 | loss 8.4860 | lr 1.24e-03 | 0.4s
epoch 2411 | loss 8.5641 | lr 1.24e-03 | 0.4s
epoch 2412 | loss 8.5615 | lr 1.24e-03 | 0.4s
epoch 2413 | loss 8.5255 | lr 1.23e-03 | 0.5s
epoch 2414 | loss 8.5133 | lr 1.23e-03 | 0.4s
epoch 2415 | loss 8.5117 | lr 1.23e-03 | 0.4s
epoch 2416 | loss 8.5112 | lr 1.23e-03 | 0.4s
epoch 2417 | loss 8.5348 | lr 1.23e-03 | 0.4s
epoch 2418 | loss 8.5143 | lr 1.23e-03 | 0.5s
epoch 2419 | loss 8.5226 | lr 1.23e-03 | 0.5s
epoch 2420 | loss 8.5169 | lr 1.23e-03 | 0.4s
epoch 2421 | loss 8.5135 | lr 1.23e-03 | 0.4s
epoch 2422 | loss 8.4802 | lr 1.23e-03 | 0.5s
epoch 2423 | loss 8.5301 | lr 1.23e-03 | 0.5s
epoch 2424 | loss 8.5197 | lr 1.23e-03 | 0.5s
epoch 2425 | loss 8.5351 | lr 1.23e-03 | 0.4s
epoch 2426 | loss 8.5071 | lr 1.23e-03 | 0.4s
epoch 2427 | loss 8.5468 | lr 1.23e-03 | 0.4s
epoch 2428 | loss 8.4840 | lr 1.23e-03 | 0.5s
epoch 2429 | loss 8.5313 | lr 1.23e-03 | 0.4s
epoch 2430 | loss 8.4891 | lr 1.23e-03 | 0.4s
epoch 2431 | loss 8.5016 | lr 1.23e-03 | 0.4s
epoch 2432 | loss 8.5465 | lr 1.23e-03 | 0.4s
epoch 2433 | loss 8.4645 | lr 1.23e-03 | 0.4s
epoch 2434 | loss 8.5170 | lr 1.23e-03 | 0.4s
epoch 2435 | loss 8.5185 | lr 1.23e-03 | 0.4s
epoch 2436 | loss 8.4892 | lr 1.23e-03 | 0.4s
epoch 2437 | loss 8.5466 | lr 1.23e-03 | 0.4s
epoch 2438 | loss 8.5419 | lr 1.23e-03 | 0.4s
epoch 2439 | loss 8.5275 | lr 1.23e-03 | 0.4s
epoch 2440 | loss 8.5595 | lr 1.23e-03 | 0.5s
epoch 2441 | loss 8.4736 | lr 1.23e-03 | 0.5s
epoch 2442 | loss 8.5178 | lr 1.23e-03 | 0.4s
epoch 2443 | loss 8.4817 | lr 1.23e-03 | 0.4s
epoch 2444 | loss 8.5068 | lr 1.23e-03 | 0.5s
epoch 2445 | loss 8.5244 | lr 1.23e-03 | 0.4s
epoch 2446 | loss 8.4954 | lr 1.23e-03 | 0.4s
epoch 2447 | loss 8.5201 | lr 1.23e-03 | 0.4s
epoch 2448 | loss 8.4882 | lr 1.23e-03 | 0.4s
epoch 2449 | loss 8.5205 | lr 1.23e-03 | 0.4s
epoch 2450 | loss 8.5391 | lr 1.23e-03 | 0.4s
epoch 2451 | loss 8.5638 | lr 1.23e-03 | 0.5s
epoch 2452 | loss 8.5273 | lr 1.23e-03 | 0.4s
epoch 2453 | loss 8.4659 | lr 1.22e-03 | 0.5s
epoch 2454 | loss 8.5156 | lr 1.22e-03 | 0.4s
epoch 2455 | loss 8.5840 | lr 1.22e-03 | 0.4s
epoch 2456 | loss 8.5641 | lr 1.22e-03 | 0.4s
epoch 2457 | loss 8.5469 | lr 1.22e-03 | 0.4s
epoch 2458 | loss 8.5141 | lr 1.22e-03 | 0.4s
epoch 2459 | loss 8.5618 | lr 1.22e-03 | 0.5s
epoch 2460 | loss 8.4984 | lr 1.22e-03 | 0.4s
epoch 2461 | loss 8.5114 | lr 1.22e-03 | 0.4s
epoch 2462 | loss 8.5558 | lr 1.22e-03 | 0.4s
epoch 2463 | loss 8.5077 | lr 1.22e-03 | 0.4s
epoch 2464 | loss 8.5486 | lr 1.22e-03 | 0.4s
epoch 2465 | loss 8.5031 | lr 1.22e-03 | 0.4s
epoch 2466 | loss 8.4898 | lr 1.22e-03 | 0.5s
epoch 2467 | loss 8.4853 | lr 1.22e-03 | 0.4s
epoch 2468 | loss 8.4955 | lr 1.22e-03 | 0.4s
epoch 2469 | loss 8.5035 | lr 1.22e-03 | 0.4s
epoch 2470 | loss 8.5292 | lr 1.22e-03 | 0.4s
epoch 2471 | loss 8.5604 | lr 1.22e-03 | 0.4s
epoch 2472 | loss 8.5376 | lr 1.22e-03 | 0.4s
epoch 2473 | loss 8.4735 | lr 1.22e-03 | 0.5s
epoch 2474 | loss 8.5436 | lr 1.22e-03 | 0.5s
epoch 2475 | loss 8.4988 | lr 1.22e-03 | 0.4s
epoch 2476 | loss 8.5383 | lr 1.22e-03 | 0.4s
epoch 2477 | loss 8.5316 | lr 1.22e-03 | 0.4s
epoch 2478 | loss 8.5043 | lr 1.22e-03 | 0.4s
epoch 2479 | loss 8.5260 | lr 1.22e-03 | 0.5s
epoch 2480 | loss 8.5134 | lr 1.22e-03 | 0.4s
epoch 2481 | loss 8.5041 | lr 1.22e-03 | 0.4s
epoch 2482 | loss 8.4592 | lr 1.22e-03 | 0.5s
epoch 2483 | loss 8.5340 | lr 1.22e-03 | 0.4s
epoch 2484 | loss 8.4769 | lr 1.22e-03 | 0.4s
epoch 2485 | loss 8.5171 | lr 1.22e-03 | 0.4s
epoch 2486 | loss 8.5395 | lr 1.22e-03 | 0.4s
epoch 2487 | loss 8.5255 | lr 1.22e-03 | 0.4s
epoch 2488 | loss 8.5436 | lr 1.22e-03 | 0.4s
epoch 2489 | loss 8.5342 | lr 1.22e-03 | 0.4s
epoch 2490 | loss 8.5207 | lr 1.22e-03 | 0.4s
epoch 2491 | loss 8.5046 | lr 1.22e-03 | 0.4s
epoch 2492 | loss 8.5278 | lr 1.22e-03 | 0.4s
epoch 2493 | loss 8.5002 | lr 1.21e-03 | 0.4s
epoch 2494 | loss 8.5055 | lr 1.21e-03 | 0.4s
epoch 2495 | loss 8.4700 | lr 1.21e-03 | 0.4s
epoch 2496 | loss 8.5642 | lr 1.21e-03 | 0.4s
epoch 2497 | loss 8.5103 | lr 1.21e-03 | 0.4s
epoch 2498 | loss 8.5089 | lr 1.21e-03 | 0.4s
epoch 2499 | loss 8.5637 | lr 1.21e-03 | 0.5s
epoch 2500 | loss 8.5501 | lr 1.21e-03 | 0.4s
epoch 2501 | loss 8.4405 | lr 1.21e-03 | 0.4s
epoch 2502 | loss 8.5248 | lr 1.21e-03 | 0.4s
epoch 2503 | loss 8.5395 | lr 1.21e-03 | 0.4s
epoch 2504 | loss 8.5244 | lr 1.21e-03 | 0.4s
epoch 2505 | loss 8.5693 | lr 1.21e-03 | 0.5s
epoch 2506 | loss 8.4911 | lr 1.21e-03 | 0.4s
epoch 2507 | loss 8.5095 | lr 1.21e-03 | 0.5s
epoch 2508 | loss 8.5045 | lr 1.21e-03 | 0.5s
epoch 2509 | loss 8.5194 | lr 1.21e-03 | 0.5s
epoch 2510 | loss 8.4912 | lr 1.21e-03 | 0.4s
epoch 2511 | loss 8.5529 | lr 1.21e-03 | 0.4s
epoch 2512 | loss 8.4833 | lr 1.21e-03 | 0.4s
epoch 2513 | loss 8.4726 | lr 1.21e-03 | 0.4s
epoch 2514 | loss 8.4895 | lr 1.21e-03 | 0.4s
epoch 2515 | loss 8.5568 | lr 1.21e-03 | 0.4s
epoch 2516 | loss 8.4909 | lr 1.21e-03 | 0.4s
epoch 2517 | loss 8.5373 | lr 1.21e-03 | 0.4s
epoch 2518 | loss 8.4910 | lr 1.21e-03 | 0.4s
epoch 2519 | loss 8.4792 | lr 1.21e-03 | 0.4s
epoch 2520 | loss 8.5064 | lr 1.21e-03 | 0.4s
epoch 2521 | loss 8.4990 | lr 1.21e-03 | 0.4s
epoch 2522 | loss 8.5358 | lr 1.21e-03 | 0.4s
epoch 2523 | loss 8.5585 | lr 1.21e-03 | 0.4s
epoch 2524 | loss 8.5101 | lr 1.21e-03 | 0.4s
epoch 2525 | loss 8.5436 | lr 1.21e-03 | 0.5s
epoch 2526 | loss 8.4937 | lr 1.21e-03 | 0.5s
epoch 2527 | loss 8.5650 | lr 1.21e-03 | 0.4s
epoch 2528 | loss 8.5321 | lr 1.21e-03 | 0.4s
epoch 2529 | loss 8.5780 | lr 1.21e-03 | 0.4s
epoch 2530 | loss 8.4903 | lr 1.21e-03 | 0.4s
epoch 2531 | loss 8.4664 | lr 1.21e-03 | 0.4s
epoch 2532 | loss 8.5283 | lr 1.20e-03 | 0.4s
epoch 2533 | loss 8.5283 | lr 1.20e-03 | 0.4s
epoch 2534 | loss 8.4756 | lr 1.20e-03 | 0.4s
epoch 2535 | loss 8.5316 | lr 1.20e-03 | 0.4s
epoch 2536 | loss 8.5248 | lr 1.20e-03 | 0.4s
epoch 2537 | loss 8.4910 | lr 1.20e-03 | 0.4s
epoch 2538 | loss 8.5526 | lr 1.20e-03 | 0.4s
epoch 2539 | loss 8.5266 | lr 1.20e-03 | 0.4s
epoch 2540 | loss 8.5293 | lr 1.20e-03 | 0.4s
epoch 2541 | loss 8.4952 | lr 1.20e-03 | 0.4s
epoch 2542 | loss 8.5569 | lr 1.20e-03 | 0.4s
epoch 2543 | loss 8.5214 | lr 1.20e-03 | 0.4s
epoch 2544 | loss 8.5347 | lr 1.20e-03 | 0.4s
epoch 2545 | loss 8.4840 | lr 1.20e-03 | 0.4s
epoch 2546 | loss 8.5298 | lr 1.20e-03 | 0.4s
epoch 2547 | loss 8.5025 | lr 1.20e-03 | 0.4s
epoch 2548 | loss 8.4827 | lr 1.20e-03 | 0.4s
epoch 2549 | loss 8.4931 | lr 1.20e-03 | 0.4s
epoch 2550 | loss 8.4849 | lr 1.20e-03 | 0.4s
epoch 2551 | loss 8.5236 | lr 1.20e-03 | 0.4s
epoch 2552 | loss 8.5289 | lr 1.20e-03 | 0.4s
epoch 2553 | loss 8.4656 | lr 1.20e-03 | 0.4s
epoch 2554 | loss 8.5173 | lr 1.20e-03 | 0.4s
epoch 2555 | loss 8.5010 | lr 1.20e-03 | 0.4s
epoch 2556 | loss 8.4963 | lr 1.20e-03 | 0.4s
epoch 2557 | loss 8.4722 | lr 1.20e-03 | 0.4s
epoch 2558 | loss 8.4749 | lr 1.20e-03 | 0.4s
epoch 2559 | loss 8.4833 | lr 1.20e-03 | 0.4s
epoch 2560 | loss 8.4983 | lr 1.20e-03 | 0.4s
epoch 2561 | loss 8.5456 | lr 1.20e-03 | 0.4s
epoch 2562 | loss 8.5095 | lr 1.20e-03 | 0.4s
epoch 2563 | loss 8.4949 | lr 1.20e-03 | 0.4s
epoch 2564 | loss 8.5215 | lr 1.20e-03 | 0.4s
epoch 2565 | loss 8.4807 | lr 1.20e-03 | 0.4s
epoch 2566 | loss 8.4737 | lr 1.20e-03 | 0.4s
epoch 2567 | loss 8.5127 | lr 1.20e-03 | 0.4s
epoch 2568 | loss 8.5320 | lr 1.20e-03 | 0.4s
epoch 2569 | loss 8.4944 | lr 1.20e-03 | 0.4s
epoch 2570 | loss 8.4997 | lr 1.20e-03 | 0.4s
epoch 2571 | loss 8.5216 | lr 1.19e-03 | 0.4s
epoch 2572 | loss 8.5620 | lr 1.19e-03 | 0.4s
epoch 2573 | loss 8.5076 | lr 1.19e-03 | 0.4s
epoch 2574 | loss 8.4451 | lr 1.19e-03 | 0.4s
epoch 2575 | loss 8.5013 | lr 1.19e-03 | 0.4s
epoch 2576 | loss 8.4764 | lr 1.19e-03 | 0.4s
epoch 2577 | loss 8.4759 | lr 1.19e-03 | 0.4s
epoch 2578 | loss 8.5281 | lr 1.19e-03 | 0.4s
epoch 2579 | loss 8.5111 | lr 1.19e-03 | 0.4s
epoch 2580 | loss 8.5345 | lr 1.19e-03 | 0.4s
epoch 2581 | loss 8.4980 | lr 1.19e-03 | 0.4s
epoch 2582 | loss 8.5129 | lr 1.19e-03 | 0.4s
epoch 2583 | loss 8.5428 | lr 1.19e-03 | 0.5s
epoch 2584 | loss 8.4781 | lr 1.19e-03 | 0.4s
epoch 2585 | loss 8.4655 | lr 1.19e-03 | 0.4s
epoch 2586 | loss 8.4826 | lr 1.19e-03 | 0.4s
epoch 2587 | loss 8.4601 | lr 1.19e-03 | 0.5s
epoch 2588 | loss 8.5254 | lr 1.19e-03 | 0.4s
epoch 2589 | loss 8.5114 | lr 1.19e-03 | 0.4s
epoch 2590 | loss 8.4767 | lr 1.19e-03 | 0.4s
epoch 2591 | loss 8.4899 | lr 1.19e-03 | 0.5s
epoch 2592 | loss 8.4674 | lr 1.19e-03 | 0.4s
epoch 2593 | loss 8.4785 | lr 1.19e-03 | 0.4s
epoch 2594 | loss 8.5478 | lr 1.19e-03 | 0.4s
epoch 2595 | loss 8.5436 | lr 1.19e-03 | 0.4s
epoch 2596 | loss 8.5372 | lr 1.19e-03 | 0.4s
epoch 2597 | loss 8.5305 | lr 1.19e-03 | 0.4s
epoch 2598 | loss 8.4640 | lr 1.19e-03 | 0.4s
epoch 2599 | loss 8.5593 | lr 1.19e-03 | 0.4s
epoch 2600 | loss 8.4559 | lr 1.19e-03 | 0.4s
epoch 2601 | loss 8.5169 | lr 1.19e-03 | 0.4s
epoch 2602 | loss 8.5307 | lr 1.19e-03 | 0.4s
epoch 2603 | loss 8.4891 | lr 1.19e-03 | 0.4s
epoch 2604 | loss 8.5302 | lr 1.19e-03 | 0.4s
epoch 2605 | loss 8.5196 | lr 1.19e-03 | 0.4s
epoch 2606 | loss 8.4953 | lr 1.19e-03 | 0.4s
epoch 2607 | loss 8.5069 | lr 1.19e-03 | 0.5s
epoch 2608 | loss 8.4880 | lr 1.19e-03 | 0.4s
epoch 2609 | loss 8.4882 | lr 1.18e-03 | 0.4s
epoch 2610 | loss 8.5241 | lr 1.18e-03 | 0.4s
epoch 2611 | loss 8.5066 | lr 1.18e-03 | 0.5s
epoch 2612 | loss 8.5008 | lr 1.18e-03 | 0.5s
epoch 2613 | loss 8.4302 | lr 1.18e-03 | 0.4s
epoch 2614 | loss 8.4779 | lr 1.18e-03 | 0.5s
epoch 2615 | loss 8.4966 | lr 1.18e-03 | 0.4s
epoch 2616 | loss 8.4946 | lr 1.18e-03 | 0.4s
epoch 2617 | loss 8.5025 | lr 1.18e-03 | 0.4s
epoch 2618 | loss 8.5177 | lr 1.18e-03 | 0.4s
epoch 2619 | loss 8.4796 | lr 1.18e-03 | 0.4s
epoch 2620 | loss 8.5139 | lr 1.18e-03 | 0.5s
epoch 2621 | loss 8.5202 | lr 1.18e-03 | 0.4s
epoch 2622 | loss 8.5143 | lr 1.18e-03 | 0.5s
epoch 2623 | loss 8.5140 | lr 1.18e-03 | 0.4s
epoch 2624 | loss 8.4799 | lr 1.18e-03 | 0.4s
epoch 2625 | loss 8.4988 | lr 1.18e-03 | 0.4s
epoch 2626 | loss 8.5122 | lr 1.18e-03 | 0.4s
epoch 2627 | loss 8.5312 | lr 1.18e-03 | 0.4s
epoch 2628 | loss 8.5520 | lr 1.18e-03 | 0.4s
epoch 2629 | loss 8.5373 | lr 1.18e-03 | 0.4s
epoch 2630 | loss 8.5148 | lr 1.18e-03 | 0.4s
epoch 2631 | loss 8.4674 | lr 1.18e-03 | 0.4s
epoch 2632 | loss 8.4921 | lr 1.18e-03 | 0.4s
epoch 2633 | loss 8.4943 | lr 1.18e-03 | 0.4s
epoch 2634 | loss 8.5176 | lr 1.18e-03 | 0.4s
epoch 2635 | loss 8.4707 | lr 1.18e-03 | 0.4s
epoch 2636 | loss 8.4684 | lr 1.18e-03 | 0.5s
epoch 2637 | loss 8.5196 | lr 1.18e-03 | 0.5s
epoch 2638 | loss 8.4620 | lr 1.18e-03 | 0.4s
epoch 2639 | loss 8.5779 | lr 1.18e-03 | 0.5s
epoch 2640 | loss 8.5226 | lr 1.18e-03 | 0.4s
epoch 2641 | loss 8.5045 | lr 1.18e-03 | 0.4s
epoch 2642 | loss 8.5471 | lr 1.18e-03 | 0.4s
epoch 2643 | loss 8.4897 | lr 1.18e-03 | 0.4s
epoch 2644 | loss 8.5150 | lr 1.18e-03 | 0.4s
epoch 2645 | loss 8.4975 | lr 1.18e-03 | 0.4s
epoch 2646 | loss 8.4933 | lr 1.18e-03 | 0.4s
epoch 2647 | loss 8.5375 | lr 1.17e-03 | 0.4s
epoch 2648 | loss 8.5149 | lr 1.17e-03 | 0.4s
epoch 2649 | loss 8.5157 | lr 1.17e-03 | 0.4s
epoch 2650 | loss 8.5176 | lr 1.17e-03 | 0.4s
epoch 2651 | loss 8.5136 | lr 1.17e-03 | 0.5s
epoch 2652 | loss 8.4994 | lr 1.17e-03 | 0.4s
epoch 2653 | loss 8.5274 | lr 1.17e-03 | 0.4s
epoch 2654 | loss 8.4824 | lr 1.17e-03 | 0.4s
epoch 2655 | loss 8.4823 | lr 1.17e-03 | 0.4s
epoch 2656 | loss 8.5435 | lr 1.17e-03 | 0.4s
epoch 2657 | loss 8.4883 | lr 1.17e-03 | 0.5s
epoch 2658 | loss 8.4810 | lr 1.17e-03 | 0.5s
epoch 2659 | loss 8.5385 | lr 1.17e-03 | 0.4s
epoch 2660 | loss 8.5285 | lr 1.17e-03 | 0.4s
epoch 2661 | loss 8.5289 | lr 1.17e-03 | 0.4s
epoch 2662 | loss 8.5250 | lr 1.17e-03 | 0.5s
epoch 2663 | loss 8.5010 | lr 1.17e-03 | 0.4s
epoch 2664 | loss 8.4955 | lr 1.17e-03 | 0.4s
epoch 2665 | loss 8.4916 | lr 1.17e-03 | 0.4s
epoch 2666 | loss 8.5553 | lr 1.17e-03 | 0.4s
epoch 2667 | loss 8.4911 | lr 1.17e-03 | 0.4s
epoch 2668 | loss 8.4428 | lr 1.17e-03 | 0.4s
epoch 2669 | loss 8.5133 | lr 1.17e-03 | 0.4s
epoch 2670 | loss 8.4867 | lr 1.17e-03 | 0.4s
epoch 2671 | loss 8.4831 | lr 1.17e-03 | 0.4s
epoch 2672 | loss 8.5039 | lr 1.17e-03 | 0.5s
epoch 2673 | loss 8.5121 | lr 1.17e-03 | 0.4s
epoch 2674 | loss 8.4942 | lr 1.17e-03 | 0.4s
epoch 2675 | loss 8.4952 | lr 1.17e-03 | 0.4s
epoch 2676 | loss 8.5358 | lr 1.17e-03 | 0.5s
epoch 2677 | loss 8.4630 | lr 1.17e-03 | 0.4s
epoch 2678 | loss 8.5142 | lr 1.17e-03 | 0.5s
epoch 2679 | loss 8.4946 | lr 1.17e-03 | 0.4s
epoch 2680 | loss 8.4899 | lr 1.17e-03 | 0.4s
epoch 2681 | loss 8.5241 | lr 1.17e-03 | 0.4s
epoch 2682 | loss 8.5021 | lr 1.17e-03 | 0.4s
epoch 2683 | loss 8.5376 | lr 1.17e-03 | 0.4s
epoch 2684 | loss 8.5254 | lr 1.17e-03 | 0.4s
epoch 2685 | loss 8.5698 | lr 1.16e-03 | 0.4s
epoch 2686 | loss 8.5058 | lr 1.16e-03 | 0.4s
epoch 2687 | loss 8.5335 | lr 1.16e-03 | 0.4s
epoch 2688 | loss 8.5666 | lr 1.16e-03 | 0.4s
epoch 2689 | loss 8.5047 | lr 1.16e-03 | 0.4s
epoch 2690 | loss 8.4544 | lr 1.16e-03 | 0.4s
epoch 2691 | loss 8.5174 | lr 1.16e-03 | 0.4s
epoch 2692 | loss 8.4805 | lr 1.16e-03 | 0.4s
epoch 2693 | loss 8.4892 | lr 1.16e-03 | 0.4s
epoch 2694 | loss 8.5149 | lr 1.16e-03 | 0.4s
epoch 2695 | loss 8.5059 | lr 1.16e-03 | 0.4s
epoch 2696 | loss 8.4979 | lr 1.16e-03 | 0.4s
epoch 2697 | loss 8.5006 | lr 1.16e-03 | 0.4s
epoch 2698 | loss 8.5088 | lr 1.16e-03 | 0.4s
epoch 2699 | loss 8.4905 | lr 1.16e-03 | 0.4s
epoch 2700 | loss 8.5362 | lr 1.16e-03 | 0.4s
epoch 2701 | loss 8.5089 | lr 1.16e-03 | 0.4s
epoch 2702 | loss 8.5194 | lr 1.16e-03 | 0.5s
epoch 2703 | loss 8.4985 | lr 1.16e-03 | 0.4s
epoch 2704 | loss 8.4834 | lr 1.16e-03 | 0.5s
epoch 2705 | loss 8.4955 | lr 1.16e-03 | 0.4s
epoch 2706 | loss 8.4537 | lr 1.16e-03 | 0.4s
epoch 2707 | loss 8.5018 | lr 1.16e-03 | 0.4s
epoch 2708 | loss 8.4805 | lr 1.16e-03 | 0.5s
epoch 2709 | loss 8.5483 | lr 1.16e-03 | 0.4s
epoch 2710 | loss 8.4925 | lr 1.16e-03 | 0.4s
epoch 2711 | loss 8.5405 | lr 1.16e-03 | 0.4s
epoch 2712 | loss 8.4793 | lr 1.16e-03 | 0.4s
epoch 2713 | loss 8.5247 | lr 1.16e-03 | 0.4s
epoch 2714 | loss 8.4828 | lr 1.16e-03 | 0.4s
epoch 2715 | loss 8.4995 | lr 1.16e-03 | 0.4s
epoch 2716 | loss 8.4635 | lr 1.16e-03 | 0.4s
epoch 2717 | loss 8.5068 | lr 1.16e-03 | 0.4s
epoch 2718 | loss 8.4983 | lr 1.16e-03 | 0.4s
epoch 2719 | loss 8.4574 | lr 1.16e-03 | 0.4s
epoch 2720 | loss 8.4518 | lr 1.16e-03 | 0.4s
epoch 2721 | loss 8.4638 | lr 1.16e-03 | 0.4s
epoch 2722 | loss 8.5313 | lr 1.15e-03 | 0.4s
epoch 2723 | loss 8.5031 | lr 1.15e-03 | 0.4s
epoch 2724 | loss 8.5355 | lr 1.15e-03 | 0.4s
epoch 2725 | loss 8.5362 | lr 1.15e-03 | 0.4s
epoch 2726 | loss 8.4796 | lr 1.15e-03 | 0.4s
epoch 2727 | loss 8.5345 | lr 1.15e-03 | 0.4s
epoch 2728 | loss 8.5301 | lr 1.15e-03 | 0.4s
epoch 2729 | loss 8.4912 | lr 1.15e-03 | 0.4s
epoch 2730 | loss 8.4941 | lr 1.15e-03 | 0.4s
epoch 2731 | loss 8.5036 | lr 1.15e-03 | 0.4s
epoch 2732 | loss 8.4981 | lr 1.15e-03 | 0.4s
epoch 2733 | loss 8.5186 | lr 1.15e-03 | 0.4s
epoch 2734 | loss 8.4937 | lr 1.15e-03 | 0.4s
epoch 2735 | loss 8.5355 | lr 1.15e-03 | 0.4s
epoch 2736 | loss 8.4962 | lr 1.15e-03 | 0.4s
epoch 2737 | loss 8.4982 | lr 1.15e-03 | 0.5s
epoch 2738 | loss 8.4563 | lr 1.15e-03 | 0.5s
epoch 2739 | loss 8.4855 | lr 1.15e-03 | 0.4s
epoch 2740 | loss 8.4752 | lr 1.15e-03 | 0.5s
epoch 2741 | loss 8.5497 | lr 1.15e-03 | 0.4s
epoch 2742 | loss 8.5030 | lr 1.15e-03 | 0.4s
epoch 2743 | loss 8.5377 | lr 1.15e-03 | 0.5s
epoch 2744 | loss 8.5206 | lr 1.15e-03 | 0.4s
epoch 2745 | loss 8.5129 | lr 1.15e-03 | 0.4s
epoch 2746 | loss 8.4964 | lr 1.15e-03 | 0.4s
epoch 2747 | loss 8.4519 | lr 1.15e-03 | 0.4s
epoch 2748 | loss 8.4758 | lr 1.15e-03 | 0.4s
epoch 2749 | loss 8.4812 | lr 1.15e-03 | 0.4s
epoch 2750 | loss 8.4695 | lr 1.15e-03 | 0.4s
epoch 2751 | loss 8.4698 | lr 1.15e-03 | 0.4s
epoch 2752 | loss 8.4980 | lr 1.15e-03 | 0.4s
epoch 2753 | loss 8.5171 | lr 1.15e-03 | 0.5s
epoch 2754 | loss 8.4756 | lr 1.15e-03 | 0.4s
epoch 2755 | loss 8.4916 | lr 1.15e-03 | 0.4s
epoch 2756 | loss 8.5166 | lr 1.15e-03 | 0.4s
epoch 2757 | loss 8.4818 | lr 1.15e-03 | 0.5s
epoch 2758 | loss 8.4598 | lr 1.15e-03 | 0.4s
epoch 2759 | loss 8.4761 | lr 1.14e-03 | 0.4s
epoch 2760 | loss 8.5043 | lr 1.14e-03 | 0.5s
epoch 2761 | loss 8.4653 | lr 1.14e-03 | 0.5s
epoch 2762 | loss 8.4974 | lr 1.14e-03 | 0.5s
epoch 2763 | loss 8.4889 | lr 1.14e-03 | 0.4s
epoch 2764 | loss 8.5165 | lr 1.14e-03 | 0.4s
epoch 2765 | loss 8.5398 | lr 1.14e-03 | 0.5s
epoch 2766 | loss 8.4555 | lr 1.14e-03 | 0.4s
epoch 2767 | loss 8.5258 | lr 1.14e-03 | 0.4s
epoch 2768 | loss 8.4984 | lr 1.14e-03 | 0.5s
epoch 2769 | loss 8.5032 | lr 1.14e-03 | 0.4s
epoch 2770 | loss 8.4960 | lr 1.14e-03 | 0.5s
epoch 2771 | loss 8.5112 | lr 1.14e-03 | 0.4s
epoch 2772 | loss 8.4598 | lr 1.14e-03 | 0.4s
epoch 2773 | loss 8.4831 | lr 1.14e-03 | 0.4s
epoch 2774 | loss 8.4509 | lr 1.14e-03 | 0.4s
epoch 2775 | loss 8.5309 | lr 1.14e-03 | 0.4s
epoch 2776 | loss 8.5238 | lr 1.14e-03 | 0.4s
epoch 2777 | loss 8.5103 | lr 1.14e-03 | 0.4s
epoch 2778 | loss 8.4789 | lr 1.14e-03 | 0.4s
epoch 2779 | loss 8.5673 | lr 1.14e-03 | 0.5s
epoch 2780 | loss 8.5215 | lr 1.14e-03 | 0.4s
epoch 2781 | loss 8.5014 | lr 1.14e-03 | 0.5s
epoch 2782 | loss 8.4812 | lr 1.14e-03 | 0.5s
epoch 2783 | loss 8.5205 | lr 1.14e-03 | 0.4s
epoch 2784 | loss 8.4566 | lr 1.14e-03 | 0.4s
epoch 2785 | loss 8.4725 | lr 1.14e-03 | 0.4s
epoch 2786 | loss 8.4933 | lr 1.14e-03 | 0.4s
epoch 2787 | loss 8.5168 | lr 1.14e-03 | 0.4s
epoch 2788 | loss 8.5381 | lr 1.14e-03 | 0.4s
epoch 2789 | loss 8.4954 | lr 1.14e-03 | 0.4s
epoch 2790 | loss 8.5307 | lr 1.14e-03 | 0.4s
epoch 2791 | loss 8.4780 | lr 1.14e-03 | 0.4s
epoch 2792 | loss 8.5433 | lr 1.14e-03 | 0.4s
epoch 2793 | loss 8.5258 | lr 1.14e-03 | 0.4s
epoch 2794 | loss 8.5029 | lr 1.14e-03 | 0.5s
epoch 2795 | loss 8.5044 | lr 1.14e-03 | 0.4s
epoch 2796 | loss 8.4757 | lr 1.13e-03 | 0.5s
epoch 2797 | loss 8.4770 | lr 1.13e-03 | 0.5s
epoch 2798 | loss 8.5117 | lr 1.13e-03 | 0.4s
epoch 2799 | loss 8.4534 | lr 1.13e-03 | 0.4s
epoch 2800 | loss 8.4659 | lr 1.13e-03 | 0.4s
epoch 2801 | loss 8.5206 | lr 1.13e-03 | 0.4s
epoch 2802 | loss 8.4595 | lr 1.13e-03 | 0.4s
epoch 2803 | loss 8.4734 | lr 1.13e-03 | 0.4s
epoch 2804 | loss 8.5017 | lr 1.13e-03 | 0.4s
epoch 2805 | loss 8.4955 | lr 1.13e-03 | 0.4s
epoch 2806 | loss 8.4974 | lr 1.13e-03 | 0.4s
epoch 2807 | loss 8.5183 | lr 1.13e-03 | 0.4s
epoch 2808 | loss 8.4669 | lr 1.13e-03 | 0.4s
epoch 2809 | loss 8.4887 | lr 1.13e-03 | 0.5s
epoch 2810 | loss 8.4704 | lr 1.13e-03 | 0.4s
epoch 2811 | loss 8.5027 | lr 1.13e-03 | 0.4s
epoch 2812 | loss 8.5352 | lr 1.13e-03 | 0.5s
epoch 2813 | loss 8.4818 | lr 1.13e-03 | 0.4s
epoch 2814 | loss 8.4737 | lr 1.13e-03 | 0.4s
epoch 2815 | loss 8.4583 | lr 1.13e-03 | 0.4s
epoch 2816 | loss 8.4349 | lr 1.13e-03 | 0.5s
epoch 2817 | loss 8.4865 | lr 1.13e-03 | 0.4s
epoch 2818 | loss 8.5115 | lr 1.13e-03 | 0.4s
epoch 2819 | loss 8.5180 | lr 1.13e-03 | 0.4s
epoch 2820 | loss 8.4297 | lr 1.13e-03 | 0.4s
epoch 2821 | loss 8.4462 | lr 1.13e-03 | 0.4s
epoch 2822 | loss 8.4734 | lr 1.13e-03 | 0.4s
epoch 2823 | loss 8.4759 | lr 1.13e-03 | 0.5s
epoch 2824 | loss 8.4837 | lr 1.13e-03 | 0.4s
epoch 2825 | loss 8.5073 | lr 1.13e-03 | 0.4s
epoch 2826 | loss 8.4596 | lr 1.13e-03 | 0.4s
epoch 2827 | loss 8.5510 | lr 1.13e-03 | 0.4s
epoch 2828 | loss 8.4496 | lr 1.13e-03 | 0.4s
epoch 2829 | loss 8.4724 | lr 1.13e-03 | 0.5s
epoch 2830 | loss 8.5144 | lr 1.13e-03 | 0.4s
epoch 2831 | loss 8.4826 | lr 1.13e-03 | 0.4s
epoch 2832 | loss 8.4525 | lr 1.13e-03 | 0.4s
epoch 2833 | loss 8.4570 | lr 1.12e-03 | 0.4s
epoch 2834 | loss 8.5073 | lr 1.12e-03 | 0.4s
epoch 2835 | loss 8.5026 | lr 1.12e-03 | 0.5s
epoch 2836 | loss 8.4946 | lr 1.12e-03 | 0.5s
epoch 2837 | loss 8.4822 | lr 1.12e-03 | 0.4s
epoch 2838 | loss 8.5584 | lr 1.12e-03 | 0.4s
epoch 2839 | loss 8.4660 | lr 1.12e-03 | 0.5s
epoch 2840 | loss 8.5056 | lr 1.12e-03 | 0.5s
epoch 2841 | loss 8.5125 | lr 1.12e-03 | 0.4s
epoch 2842 | loss 8.4699 | lr 1.12e-03 | 0.4s
epoch 2843 | loss 8.4897 | lr 1.12e-03 | 0.4s
epoch 2844 | loss 8.5054 | lr 1.12e-03 | 0.4s
epoch 2845 | loss 8.5069 | lr 1.12e-03 | 0.5s
epoch 2846 | loss 8.5063 | lr 1.12e-03 | 0.4s
epoch 2847 | loss 8.5143 | lr 1.12e-03 | 0.5s
epoch 2848 | loss 8.4946 | lr 1.12e-03 | 0.4s
epoch 2849 | loss 8.4853 | lr 1.12e-03 | 0.4s
epoch 2850 | loss 8.4768 | lr 1.12e-03 | 0.4s
epoch 2851 | loss 8.5362 | lr 1.12e-03 | 0.5s
epoch 2852 | loss 8.5196 | lr 1.12e-03 | 0.4s
epoch 2853 | loss 8.4978 | lr 1.12e-03 | 0.4s
epoch 2854 | loss 8.4634 | lr 1.12e-03 | 0.4s
epoch 2855 | loss 8.5457 | lr 1.12e-03 | 0.5s
epoch 2856 | loss 8.4992 | lr 1.12e-03 | 0.4s
epoch 2857 | loss 8.4890 | lr 1.12e-03 | 0.4s
epoch 2858 | loss 8.5029 | lr 1.12e-03 | 0.4s
epoch 2859 | loss 8.4726 | lr 1.12e-03 | 0.4s
epoch 2860 | loss 8.4720 | lr 1.12e-03 | 0.4s
epoch 2861 | loss 8.4376 | lr 1.12e-03 | 0.4s
epoch 2862 | loss 8.4527 | lr 1.12e-03 | 0.4s
epoch 2863 | loss 8.4839 | lr 1.12e-03 | 0.4s
epoch 2864 | loss 8.5480 | lr 1.12e-03 | 0.4s
epoch 2865 | loss 8.5068 | lr 1.12e-03 | 0.4s
epoch 2866 | loss 8.4723 | lr 1.12e-03 | 0.4s
epoch 2867 | loss 8.4886 | lr 1.12e-03 | 0.4s
epoch 2868 | loss 8.4923 | lr 1.12e-03 | 0.4s
epoch 2869 | loss 8.4349 | lr 1.11e-03 | 0.4s
epoch 2870 | loss 8.4887 | lr 1.11e-03 | 0.4s
epoch 2871 | loss 8.4619 | lr 1.11e-03 | 0.5s
epoch 2872 | loss 8.4652 | lr 1.11e-03 | 0.4s
epoch 2873 | loss 8.4801 | lr 1.11e-03 | 0.4s
epoch 2874 | loss 8.4837 | lr 1.11e-03 | 0.4s
epoch 2875 | loss 8.4655 | lr 1.11e-03 | 0.5s
epoch 2876 | loss 8.5353 | lr 1.11e-03 | 0.4s
epoch 2877 | loss 8.5232 | lr 1.11e-03 | 0.5s
epoch 2878 | loss 8.4655 | lr 1.11e-03 | 0.4s
epoch 2879 | loss 8.5008 | lr 1.11e-03 | 0.4s
epoch 2880 | loss 8.4782 | lr 1.11e-03 | 0.5s
epoch 2881 | loss 8.4727 | lr 1.11e-03 | 0.4s
epoch 2882 | loss 8.5002 | lr 1.11e-03 | 0.4s
epoch 2883 | loss 8.5083 | lr 1.11e-03 | 0.4s
epoch 2884 | loss 8.4880 | lr 1.11e-03 | 0.4s
epoch 2885 | loss 8.4748 | lr 1.11e-03 | 0.4s
epoch 2886 | loss 8.4599 | lr 1.11e-03 | 0.4s
epoch 2887 | loss 8.4766 | lr 1.11e-03 | 0.5s
epoch 2888 | loss 8.4825 | lr 1.11e-03 | 0.4s
epoch 2889 | loss 8.4924 | lr 1.11e-03 | 0.4s
epoch 2890 | loss 8.4239 | lr 1.11e-03 | 0.4s
epoch 2891 | loss 8.4766 | lr 1.11e-03 | 0.5s
epoch 2892 | loss 8.4757 | lr 1.11e-03 | 0.4s
epoch 2893 | loss 8.5142 | lr 1.11e-03 | 0.4s
epoch 2894 | loss 8.4669 | lr 1.11e-03 | 0.4s
epoch 2895 | loss 8.4929 | lr 1.11e-03 | 0.4s
epoch 2896 | loss 8.4968 | lr 1.11e-03 | 0.5s
epoch 2897 | loss 8.4736 | lr 1.11e-03 | 0.4s
epoch 2898 | loss 8.4891 | lr 1.11e-03 | 0.5s
epoch 2899 | loss 8.5001 | lr 1.11e-03 | 0.4s
epoch 2900 | loss 8.4703 | lr 1.11e-03 | 0.5s
epoch 2901 | loss 8.4796 | lr 1.11e-03 | 0.4s
epoch 2902 | loss 8.5126 | lr 1.11e-03 | 0.4s
epoch 2903 | loss 8.4733 | lr 1.11e-03 | 0.5s
epoch 2904 | loss 8.4368 | lr 1.11e-03 | 0.4s
epoch 2905 | loss 8.5370 | lr 1.10e-03 | 0.4s
epoch 2906 | loss 8.4565 | lr 1.10e-03 | 0.4s
epoch 2907 | loss 8.4621 | lr 1.10e-03 | 0.4s
epoch 2908 | loss 8.4720 | lr 1.10e-03 | 0.4s
epoch 2909 | loss 8.4686 | lr 1.10e-03 | 0.4s
epoch 2910 | loss 8.5298 | lr 1.10e-03 | 0.4s
epoch 2911 | loss 8.4303 | lr 1.10e-03 | 0.4s
epoch 2912 | loss 8.4884 | lr 1.10e-03 | 0.5s
epoch 2913 | loss 8.4903 | lr 1.10e-03 | 0.4s
epoch 2914 | loss 8.5113 | lr 1.10e-03 | 0.4s
epoch 2915 | loss 8.4931 | lr 1.10e-03 | 0.5s
epoch 2916 | loss 8.5068 | lr 1.10e-03 | 0.4s
epoch 2917 | loss 8.4567 | lr 1.10e-03 | 0.5s
epoch 2918 | loss 8.5364 | lr 1.10e-03 | 0.4s
epoch 2919 | loss 8.5234 | lr 1.10e-03 | 0.4s
epoch 2920 | loss 8.4944 | lr 1.10e-03 | 0.4s
epoch 2921 | loss 8.4579 | lr 1.10e-03 | 0.5s
epoch 2922 | loss 8.4938 | lr 1.10e-03 | 0.4s
epoch 2923 | loss 8.4810 | lr 1.10e-03 | 0.4s
epoch 2924 | loss 8.4856 | lr 1.10e-03 | 0.4s
epoch 2925 | loss 8.5073 | lr 1.10e-03 | 0.4s
epoch 2926 | loss 8.4815 | lr 1.10e-03 | 0.4s
epoch 2927 | loss 8.5076 | lr 1.10e-03 | 0.4s
epoch 2928 | loss 8.4997 | lr 1.10e-03 | 0.4s
epoch 2929 | loss 8.4946 | lr 1.10e-03 | 0.4s
epoch 2930 | loss 8.5157 | lr 1.10e-03 | 0.4s
epoch 2931 | loss 8.4489 | lr 1.10e-03 | 0.4s
epoch 2932 | loss 8.5050 | lr 1.10e-03 | 0.4s
epoch 2933 | loss 8.5010 | lr 1.10e-03 | 0.5s
epoch 2934 | loss 8.4632 | lr 1.10e-03 | 0.5s
epoch 2935 | loss 8.5434 | lr 1.10e-03 | 0.4s
epoch 2936 | loss 8.4665 | lr 1.10e-03 | 0.4s
epoch 2937 | loss 8.4649 | lr 1.10e-03 | 0.4s
epoch 2938 | loss 8.5189 | lr 1.10e-03 | 0.4s
epoch 2939 | loss 8.4408 | lr 1.10e-03 | 0.4s
epoch 2940 | loss 8.4627 | lr 1.10e-03 | 0.5s
epoch 2941 | loss 8.4528 | lr 1.09e-03 | 0.4s
epoch 2942 | loss 8.4782 | lr 1.09e-03 | 0.4s
epoch 2943 | loss 8.5331 | lr 1.09e-03 | 0.4s
epoch 2944 | loss 8.4971 | lr 1.09e-03 | 0.4s
epoch 2945 | loss 8.5206 | lr 1.09e-03 | 0.4s
epoch 2946 | loss 8.4780 | lr 1.09e-03 | 0.4s
epoch 2947 | loss 8.4684 | lr 1.09e-03 | 0.4s
epoch 2948 | loss 8.4948 | lr 1.09e-03 | 0.4s
epoch 2949 | loss 8.4748 | lr 1.09e-03 | 0.4s
epoch 2950 | loss 8.4897 | lr 1.09e-03 | 0.4s
epoch 2951 | loss 8.4891 | lr 1.09e-03 | 0.4s
epoch 2952 | loss 8.4866 | lr 1.09e-03 | 0.5s
epoch 2953 | loss 8.4423 | lr 1.09e-03 | 0.4s
epoch 2954 | loss 8.4721 | lr 1.09e-03 | 0.4s
epoch 2955 | loss 8.5056 | lr 1.09e-03 | 0.5s
epoch 2956 | loss 8.4652 | lr 1.09e-03 | 0.4s
epoch 2957 | loss 8.4881 | lr 1.09e-03 | 0.4s
epoch 2958 | loss 8.5231 | lr 1.09e-03 | 0.4s
epoch 2959 | loss 8.4728 | lr 1.09e-03 | 0.4s
epoch 2960 | loss 8.4729 | lr 1.09e-03 | 0.5s
epoch 2961 | loss 8.5124 | lr 1.09e-03 | 0.4s
epoch 2962 | loss 8.4332 | lr 1.09e-03 | 0.5s
epoch 2963 | loss 8.4775 | lr 1.09e-03 | 0.4s
epoch 2964 | loss 8.5061 | lr 1.09e-03 | 0.4s
epoch 2965 | loss 8.4564 | lr 1.09e-03 | 0.4s
epoch 2966 | loss 8.4670 | lr 1.09e-03 | 0.5s
epoch 2967 | loss 8.4956 | lr 1.09e-03 | 0.4s
epoch 2968 | loss 8.4893 | lr 1.09e-03 | 0.5s
epoch 2969 | loss 8.4623 | lr 1.09e-03 | 0.4s
epoch 2970 | loss 8.5186 | lr 1.09e-03 | 0.4s
epoch 2971 | loss 8.4688 | lr 1.09e-03 | 0.4s
epoch 2972 | loss 8.4704 | lr 1.09e-03 | 0.4s
epoch 2973 | loss 8.4910 | lr 1.09e-03 | 0.4s
epoch 2974 | loss 8.5125 | lr 1.09e-03 | 0.4s
epoch 2975 | loss 8.4723 | lr 1.09e-03 | 0.4s
epoch 2976 | loss 8.4452 | lr 1.08e-03 | 0.4s
epoch 2977 | loss 8.4991 | lr 1.08e-03 | 0.4s
epoch 2978 | loss 8.4968 | lr 1.08e-03 | 0.4s
epoch 2979 | loss 8.4780 | lr 1.08e-03 | 0.4s
epoch 2980 | loss 8.5151 | lr 1.08e-03 | 0.5s
epoch 2981 | loss 8.4831 | lr 1.08e-03 | 0.4s
epoch 2982 | loss 8.5200 | lr 1.08e-03 | 0.4s
epoch 2983 | loss 8.5179 | lr 1.08e-03 | 0.5s
epoch 2984 | loss 8.5262 | lr 1.08e-03 | 0.4s
epoch 2985 | loss 8.4703 | lr 1.08e-03 | 0.4s
epoch 2986 | loss 8.4876 | lr 1.08e-03 | 0.4s
epoch 2987 | loss 8.4596 | lr 1.08e-03 | 0.4s
epoch 2988 | loss 8.4525 | lr 1.08e-03 | 0.4s
epoch 2989 | loss 8.5120 | lr 1.08e-03 | 0.4s
epoch 2990 | loss 8.4696 | lr 1.08e-03 | 0.5s
epoch 2991 | loss 8.4782 | lr 1.08e-03 | 0.4s
epoch 2992 | loss 8.4381 | lr 1.08e-03 | 0.4s
epoch 2993 | loss 8.4587 | lr 1.08e-03 | 0.4s
epoch 2994 | loss 8.4789 | lr 1.08e-03 | 0.4s
epoch 2995 | loss 8.4545 | lr 1.08e-03 | 0.4s
epoch 2996 | loss 8.4945 | lr 1.08e-03 | 0.4s
epoch 2997 | loss 8.4872 | lr 1.08e-03 | 0.4s
epoch 2998 | loss 8.4820 | lr 1.08e-03 | 0.5s
epoch 2999 | loss 8.4593 | lr 1.08e-03 | 0.4s
epoch 3000 | loss 8.4737 | lr 1.08e-03 | 0.4s
epoch 3001 | loss 8.4685 | lr 1.08e-03 | 0.4s
epoch 3002 | loss 8.4885 | lr 1.08e-03 | 0.4s
epoch 3003 | loss 8.4042 | lr 1.08e-03 | 0.5s
epoch 3004 | loss 8.4952 | lr 1.08e-03 | 0.4s
epoch 3005 | loss 8.4764 | lr 1.08e-03 | 0.4s
epoch 3006 | loss 8.4869 | lr 1.08e-03 | 0.4s
epoch 3007 | loss 8.4998 | lr 1.08e-03 | 0.4s
epoch 3008 | loss 8.4081 | lr 1.08e-03 | 0.4s
epoch 3009 | loss 8.4974 | lr 1.08e-03 | 0.4s
epoch 3010 | loss 8.4812 | lr 1.08e-03 | 0.4s
epoch 3011 | loss 8.5534 | lr 1.08e-03 | 0.5s
epoch 3012 | loss 8.4690 | lr 1.07e-03 | 0.4s
epoch 3013 | loss 8.4853 | lr 1.07e-03 | 0.4s
epoch 3014 | loss 8.4780 | lr 1.07e-03 | 0.4s
epoch 3015 | loss 8.4548 | lr 1.07e-03 | 0.4s
epoch 3016 | loss 8.4365 | lr 1.07e-03 | 0.4s
epoch 3017 | loss 8.5170 | lr 1.07e-03 | 0.4s
epoch 3018 | loss 8.4435 | lr 1.07e-03 | 0.4s
epoch 3019 | loss 8.4809 | lr 1.07e-03 | 0.4s
epoch 3020 | loss 8.4595 | lr 1.07e-03 | 0.4s
epoch 3021 | loss 8.4947 | lr 1.07e-03 | 0.4s
epoch 3022 | loss 8.4970 | lr 1.07e-03 | 0.4s
epoch 3023 | loss 8.4689 | lr 1.07e-03 | 0.5s
epoch 3024 | loss 8.4911 | lr 1.07e-03 | 0.4s
epoch 3025 | loss 8.5067 | lr 1.07e-03 | 0.4s
epoch 3026 | loss 8.4459 | lr 1.07e-03 | 0.4s
epoch 3027 | loss 8.4819 | lr 1.07e-03 | 0.4s
epoch 3028 | loss 8.4468 | lr 1.07e-03 | 0.4s
epoch 3029 | loss 8.5105 | lr 1.07e-03 | 0.4s
epoch 3030 | loss 8.4365 | lr 1.07e-03 | 0.4s
epoch 3031 | loss 8.4825 | lr 1.07e-03 | 0.4s
epoch 3032 | loss 8.4822 | lr 1.07e-03 | 0.5s
epoch 3033 | loss 8.4576 | lr 1.07e-03 | 0.4s
epoch 3034 | loss 8.4365 | lr 1.07e-03 | 0.4s
epoch 3035 | loss 8.4757 | lr 1.07e-03 | 0.4s
epoch 3036 | loss 8.4896 | lr 1.07e-03 | 0.5s
epoch 3037 | loss 8.4489 | lr 1.07e-03 | 0.5s
epoch 3038 | loss 8.4556 | lr 1.07e-03 | 0.5s
epoch 3039 | loss 8.4589 | lr 1.07e-03 | 0.5s
epoch 3040 | loss 8.5142 | lr 1.07e-03 | 0.4s
epoch 3041 | loss 8.4598 | lr 1.07e-03 | 0.4s
epoch 3042 | loss 8.4645 | lr 1.07e-03 | 0.4s
epoch 3043 | loss 8.4604 | lr 1.07e-03 | 0.4s
epoch 3044 | loss 8.4805 | lr 1.07e-03 | 0.4s
epoch 3045 | loss 8.4526 | lr 1.07e-03 | 0.5s
epoch 3046 | loss 8.4683 | lr 1.07e-03 | 0.4s
epoch 3047 | loss 8.4964 | lr 1.06e-03 | 0.4s
epoch 3048 | loss 8.4799 | lr 1.06e-03 | 0.4s
epoch 3049 | loss 8.4465 | lr 1.06e-03 | 0.4s
epoch 3050 | loss 8.5201 | lr 1.06e-03 | 0.4s
epoch 3051 | loss 8.4539 | lr 1.06e-03 | 0.4s
epoch 3052 | loss 8.4646 | lr 1.06e-03 | 0.4s
epoch 3053 | loss 8.5250 | lr 1.06e-03 | 0.4s
epoch 3054 | loss 8.4435 | lr 1.06e-03 | 0.4s
epoch 3055 | loss 8.4408 | lr 1.06e-03 | 0.5s
epoch 3056 | loss 8.4879 | lr 1.06e-03 | 0.5s
epoch 3057 | loss 8.4628 | lr 1.06e-03 | 0.4s
epoch 3058 | loss 8.4855 | lr 1.06e-03 | 0.4s
epoch 3059 | loss 8.4734 | lr 1.06e-03 | 0.5s
epoch 3060 | loss 8.4853 | lr 1.06e-03 | 0.4s
epoch 3061 | loss 8.4863 | lr 1.06e-03 | 0.4s
epoch 3062 | loss 8.4948 | lr 1.06e-03 | 0.5s
epoch 3063 | loss 8.4796 | lr 1.06e-03 | 0.4s
epoch 3064 | loss 8.4436 | lr 1.06e-03 | 0.4s
epoch 3065 | loss 8.4416 | lr 1.06e-03 | 0.4s
epoch 3066 | loss 8.4485 | lr 1.06e-03 | 0.4s
epoch 3067 | loss 8.4821 | lr 1.06e-03 | 0.4s
epoch 3068 | loss 8.4801 | lr 1.06e-03 | 0.4s
epoch 3069 | loss 8.4532 | lr 1.06e-03 | 0.4s
epoch 3070 | loss 8.4639 | lr 1.06e-03 | 0.5s
epoch 3071 | loss 8.4438 | lr 1.06e-03 | 0.4s
epoch 3072 | loss 8.5018 | lr 1.06e-03 | 0.4s
epoch 3073 | loss 8.4435 | lr 1.06e-03 | 0.4s
epoch 3074 | loss 8.5211 | lr 1.06e-03 | 0.4s
epoch 3075 | loss 8.4509 | lr 1.06e-03 | 0.4s
epoch 3076 | loss 8.4834 | lr 1.06e-03 | 0.4s
epoch 3077 | loss 8.4781 | lr 1.06e-03 | 0.4s
epoch 3078 | loss 8.4984 | lr 1.06e-03 | 0.4s
epoch 3079 | loss 8.5074 | lr 1.06e-03 | 0.4s
epoch 3080 | loss 8.4824 | lr 1.06e-03 | 0.4s
epoch 3081 | loss 8.4676 | lr 1.06e-03 | 0.4s
epoch 3082 | loss 8.4942 | lr 1.05e-03 | 0.4s
epoch 3083 | loss 8.4427 | lr 1.05e-03 | 0.4s
epoch 3084 | loss 8.4589 | lr 1.05e-03 | 0.4s
epoch 3085 | loss 8.5273 | lr 1.05e-03 | 0.5s
epoch 3086 | loss 8.4684 | lr 1.05e-03 | 0.4s
epoch 3087 | loss 8.4672 | lr 1.05e-03 | 0.4s
epoch 3088 | loss 8.3809 | lr 1.05e-03 | 0.5s
epoch 3089 | loss 8.4845 | lr 1.05e-03 | 0.4s
epoch 3090 | loss 8.4925 | lr 1.05e-03 | 0.4s
epoch 3091 | loss 8.4810 | lr 1.05e-03 | 0.4s
epoch 3092 | loss 8.4923 | lr 1.05e-03 | 0.4s
epoch 3093 | loss 8.4120 | lr 1.05e-03 | 0.4s
epoch 3094 | loss 8.4298 | lr 1.05e-03 | 0.4s
epoch 3095 | loss 8.4613 | lr 1.05e-03 | 0.4s
epoch 3096 | loss 8.4632 | lr 1.05e-03 | 0.4s
epoch 3097 | loss 8.4816 | lr 1.05e-03 | 0.4s
epoch 3098 | loss 8.4701 | lr 1.05e-03 | 0.4s
epoch 3099 | loss 8.4806 | lr 1.05e-03 | 0.4s
epoch 3100 | loss 8.4467 | lr 1.05e-03 | 0.4s
epoch 3101 | loss 8.4897 | lr 1.05e-03 | 0.4s
epoch 3102 | loss 8.4633 | lr 1.05e-03 | 0.4s
epoch 3103 | loss 8.4941 | lr 1.05e-03 | 0.4s
epoch 3104 | loss 8.4944 | lr 1.05e-03 | 0.4s
epoch 3105 | loss 8.3954 | lr 1.05e-03 | 0.4s
epoch 3106 | loss 8.4309 | lr 1.05e-03 | 0.4s
epoch 3107 | loss 8.4760 | lr 1.05e-03 | 0.5s
epoch 3108 | loss 8.4373 | lr 1.05e-03 | 0.4s
epoch 3109 | loss 8.5365 | lr 1.05e-03 | 0.4s
epoch 3110 | loss 8.4113 | lr 1.05e-03 | 0.4s
epoch 3111 | loss 8.4739 | lr 1.05e-03 | 0.4s
epoch 3112 | loss 8.4686 | lr 1.05e-03 | 0.4s
epoch 3113 | loss 8.5049 | lr 1.05e-03 | 0.4s
epoch 3114 | loss 8.4881 | lr 1.05e-03 | 0.5s
epoch 3115 | loss 8.4487 | lr 1.05e-03 | 0.4s
epoch 3116 | loss 8.4531 | lr 1.05e-03 | 0.4s
epoch 3117 | loss 8.4653 | lr 1.04e-03 | 0.4s
epoch 3118 | loss 8.4703 | lr 1.04e-03 | 0.4s
epoch 3119 | loss 8.5228 | lr 1.04e-03 | 0.5s
epoch 3120 | loss 8.5117 | lr 1.04e-03 | 0.4s
epoch 3121 | loss 8.4878 | lr 1.04e-03 | 0.4s
epoch 3122 | loss 8.4929 | lr 1.04e-03 | 0.4s
epoch 3123 | loss 8.4920 | lr 1.04e-03 | 0.4s
epoch 3124 | loss 8.4049 | lr 1.04e-03 | 0.4s
epoch 3125 | loss 8.4664 | lr 1.04e-03 | 0.5s
epoch 3126 | loss 8.4624 | lr 1.04e-03 | 0.4s
epoch 3127 | loss 8.5142 | lr 1.04e-03 | 0.4s
epoch 3128 | loss 8.4827 | lr 1.04e-03 | 0.4s
epoch 3129 | loss 8.4722 | lr 1.04e-03 | 0.4s
epoch 3130 | loss 8.4556 | lr 1.04e-03 | 0.4s
epoch 3131 | loss 8.5073 | lr 1.04e-03 | 0.4s
epoch 3132 | loss 8.4532 | lr 1.04e-03 | 0.4s
epoch 3133 | loss 8.4477 | lr 1.04e-03 | 0.4s
epoch 3134 | loss 8.5405 | lr 1.04e-03 | 0.4s
epoch 3135 | loss 8.4582 | lr 1.04e-03 | 0.4s
epoch 3136 | loss 8.4814 | lr 1.04e-03 | 0.4s
epoch 3137 | loss 8.4755 | lr 1.04e-03 | 0.4s
epoch 3138 | loss 8.4915 | lr 1.04e-03 | 0.4s
epoch 3139 | loss 8.4739 | lr 1.04e-03 | 0.4s
epoch 3140 | loss 8.5059 | lr 1.04e-03 | 0.5s
epoch 3141 | loss 8.4527 | lr 1.04e-03 | 0.4s
epoch 3142 | loss 8.4821 | lr 1.04e-03 | 0.5s
epoch 3143 | loss 8.4462 | lr 1.04e-03 | 0.5s
epoch 3144 | loss 8.4586 | lr 1.04e-03 | 0.4s
epoch 3145 | loss 8.4132 | lr 1.04e-03 | 0.4s
epoch 3146 | loss 8.4720 | lr 1.04e-03 | 0.4s
epoch 3147 | loss 8.3965 | lr 1.04e-03 | 0.4s
epoch 3148 | loss 8.4973 | lr 1.04e-03 | 0.4s
epoch 3149 | loss 8.5064 | lr 1.04e-03 | 0.4s
epoch 3150 | loss 8.4413 | lr 1.04e-03 | 0.4s
epoch 3151 | loss 8.4605 | lr 1.03e-03 | 0.4s
epoch 3152 | loss 8.4625 | lr 1.03e-03 | 0.4s
epoch 3153 | loss 8.4652 | lr 1.03e-03 | 0.4s
epoch 3154 | loss 8.4883 | lr 1.03e-03 | 0.4s
epoch 3155 | loss 8.4764 | lr 1.03e-03 | 0.4s
epoch 3156 | loss 8.4369 | lr 1.03e-03 | 0.4s
epoch 3157 | loss 8.4373 | lr 1.03e-03 | 0.4s
epoch 3158 | loss 8.4821 | lr 1.03e-03 | 0.4s
epoch 3159 | loss 8.4550 | lr 1.03e-03 | 0.4s
epoch 3160 | loss 8.4800 | lr 1.03e-03 | 0.4s
epoch 3161 | loss 8.4487 | lr 1.03e-03 | 0.4s
epoch 3162 | loss 8.4592 | lr 1.03e-03 | 0.5s
epoch 3163 | loss 8.4799 | lr 1.03e-03 | 0.4s
epoch 3164 | loss 8.4472 | lr 1.03e-03 | 0.4s
epoch 3165 | loss 8.5201 | lr 1.03e-03 | 0.4s
epoch 3166 | loss 8.4303 | lr 1.03e-03 | 0.5s
epoch 3167 | loss 8.5370 | lr 1.03e-03 | 0.4s
epoch 3168 | loss 8.4845 | lr 1.03e-03 | 0.5s
epoch 3169 | loss 8.4872 | lr 1.03e-03 | 0.5s
epoch 3170 | loss 8.4612 | lr 1.03e-03 | 0.4s
epoch 3171 | loss 8.4439 | lr 1.03e-03 | 0.4s
epoch 3172 | loss 8.5346 | lr 1.03e-03 | 0.4s
epoch 3173 | loss 8.5300 | lr 1.03e-03 | 0.4s
epoch 3174 | loss 8.4557 | lr 1.03e-03 | 0.4s
epoch 3175 | loss 8.4698 | lr 1.03e-03 | 0.4s
epoch 3176 | loss 8.4770 | lr 1.03e-03 | 0.4s
epoch 3177 | loss 8.4530 | lr 1.03e-03 | 0.4s
epoch 3178 | loss 8.4669 | lr 1.03e-03 | 0.4s
epoch 3179 | loss 8.4530 | lr 1.03e-03 | 0.4s
epoch 3180 | loss 8.4743 | lr 1.03e-03 | 0.4s
epoch 3181 | loss 8.4157 | lr 1.03e-03 | 0.4s
epoch 3182 | loss 8.4655 | lr 1.03e-03 | 0.4s
epoch 3183 | loss 8.4854 | lr 1.03e-03 | 0.5s
epoch 3184 | loss 8.4468 | lr 1.03e-03 | 0.4s
epoch 3185 | loss 8.4834 | lr 1.03e-03 | 0.4s
epoch 3186 | loss 8.4583 | lr 1.02e-03 | 0.4s
epoch 3187 | loss 8.4971 | lr 1.02e-03 | 0.4s
epoch 3188 | loss 8.4614 | lr 1.02e-03 | 0.5s
epoch 3189 | loss 8.4729 | lr 1.02e-03 | 0.4s
epoch 3190 | loss 8.4794 | lr 1.02e-03 | 0.4s
epoch 3191 | loss 8.4320 | lr 1.02e-03 | 0.4s
epoch 3192 | loss 8.4719 | lr 1.02e-03 | 0.5s
epoch 3193 | loss 8.4745 | lr 1.02e-03 | 0.4s
epoch 3194 | loss 8.4433 | lr 1.02e-03 | 0.5s
epoch 3195 | loss 8.4610 | lr 1.02e-03 | 0.4s
epoch 3196 | loss 8.4782 | lr 1.02e-03 | 0.4s
epoch 3197 | loss 8.4961 | lr 1.02e-03 | 0.5s
epoch 3198 | loss 8.4541 | lr 1.02e-03 | 0.4s
epoch 3199 | loss 8.4049 | lr 1.02e-03 | 0.4s
epoch 3200 | loss 8.5650 | lr 1.02e-03 | 0.4s
epoch 3201 | loss 8.4980 | lr 1.02e-03 | 0.4s
epoch 3202 | loss 8.4419 | lr 1.02e-03 | 0.4s
epoch 3203 | loss 8.4668 | lr 1.02e-03 | 0.5s
epoch 3204 | loss 8.5190 | lr 1.02e-03 | 0.4s
epoch 3205 | loss 8.4564 | lr 1.02e-03 | 0.4s
epoch 3206 | loss 8.4605 | lr 1.02e-03 | 0.4s
epoch 3207 | loss 8.4848 | lr 1.02e-03 | 0.4s
epoch 3208 | loss 8.4414 | lr 1.02e-03 | 0.4s
epoch 3209 | loss 8.4531 | lr 1.02e-03 | 0.4s
epoch 3210 | loss 8.5151 | lr 1.02e-03 | 0.4s
epoch 3211 | loss 8.4369 | lr 1.02e-03 | 0.4s
epoch 3212 | loss 8.4351 | lr 1.02e-03 | 0.4s
epoch 3213 | loss 8.4254 | lr 1.02e-03 | 0.5s
epoch 3214 | loss 8.4882 | lr 1.02e-03 | 0.4s
epoch 3215 | loss 8.4971 | lr 1.02e-03 | 0.5s
epoch 3216 | loss 8.4917 | lr 1.02e-03 | 0.4s
epoch 3217 | loss 8.4873 | lr 1.02e-03 | 0.4s
epoch 3218 | loss 8.4556 | lr 1.02e-03 | 0.4s
epoch 3219 | loss 8.4849 | lr 1.02e-03 | 0.4s
epoch 3220 | loss 8.4560 | lr 1.01e-03 | 0.4s
epoch 3221 | loss 8.5033 | lr 1.01e-03 | 0.4s
epoch 3222 | loss 8.4176 | lr 1.01e-03 | 0.4s
epoch 3223 | loss 8.4502 | lr 1.01e-03 | 0.4s
epoch 3224 | loss 8.4646 | lr 1.01e-03 | 0.4s
epoch 3225 | loss 8.4738 | lr 1.01e-03 | 0.4s
epoch 3226 | loss 8.4121 | lr 1.01e-03 | 0.4s
epoch 3227 | loss 8.5016 | lr 1.01e-03 | 0.4s
epoch 3228 | loss 8.4584 | lr 1.01e-03 | 0.4s
epoch 3229 | loss 8.5161 | lr 1.01e-03 | 0.4s
epoch 3230 | loss 8.4645 | lr 1.01e-03 | 0.4s
epoch 3231 | loss 8.4938 | lr 1.01e-03 | 0.4s
epoch 3232 | loss 8.4717 | lr 1.01e-03 | 0.4s
epoch 3233 | loss 8.4382 | lr 1.01e-03 | 0.5s
epoch 3234 | loss 8.4954 | lr 1.01e-03 | 0.4s
epoch 3235 | loss 8.4411 | lr 1.01e-03 | 0.5s
epoch 3236 | loss 8.4683 | lr 1.01e-03 | 0.4s
epoch 3237 | loss 8.4738 | lr 1.01e-03 | 0.4s
epoch 3238 | loss 8.4808 | lr 1.01e-03 | 0.4s
epoch 3239 | loss 8.4408 | lr 1.01e-03 | 0.4s
epoch 3240 | loss 8.4893 | lr 1.01e-03 | 0.4s
epoch 3241 | loss 8.4168 | lr 1.01e-03 | 0.4s
epoch 3242 | loss 8.4050 | lr 1.01e-03 | 0.4s
epoch 3243 | loss 8.4685 | lr 1.01e-03 | 0.4s
epoch 3244 | loss 8.4508 | lr 1.01e-03 | 0.4s
epoch 3245 | loss 8.4633 | lr 1.01e-03 | 0.4s
epoch 3246 | loss 8.4840 | lr 1.01e-03 | 0.4s
epoch 3247 | loss 8.4686 | lr 1.01e-03 | 0.4s
epoch 3248 | loss 8.3764 | lr 1.01e-03 | 0.4s
epoch 3249 | loss 8.4393 | lr 1.01e-03 | 0.4s
epoch 3250 | loss 8.4647 | lr 1.01e-03 | 0.4s
epoch 3251 | loss 8.4548 | lr 1.01e-03 | 0.4s
epoch 3252 | loss 8.4681 | lr 1.01e-03 | 0.4s
epoch 3253 | loss 8.4649 | lr 1.01e-03 | 0.4s
epoch 3254 | loss 8.5202 | lr 1.00e-03 | 0.4s
epoch 3255 | loss 8.5469 | lr 1.00e-03 | 0.5s
epoch 3256 | loss 8.4454 | lr 1.00e-03 | 0.5s
epoch 3257 | loss 8.5182 | lr 1.00e-03 | 0.4s
epoch 3258 | loss 8.4741 | lr 1.00e-03 | 0.5s
epoch 3259 | loss 8.4818 | lr 1.00e-03 | 0.5s
epoch 3260 | loss 8.4190 | lr 1.00e-03 | 0.4s
epoch 3261 | loss 8.4291 | lr 1.00e-03 | 0.4s
epoch 3262 | loss 8.4700 | lr 1.00e-03 | 0.4s
epoch 3263 | loss 8.4541 | lr 1.00e-03 | 0.4s
epoch 3264 | loss 8.4991 | lr 1.00e-03 | 0.4s
epoch 3265 | loss 8.5079 | lr 1.00e-03 | 0.4s
epoch 3266 | loss 8.4762 | lr 1.00e-03 | 0.4s
epoch 3267 | loss 8.4189 | lr 1.00e-03 | 0.4s
epoch 3268 | loss 8.4467 | lr 1.00e-03 | 0.4s
epoch 3269 | loss 8.4475 | lr 1.00e-03 | 0.4s
epoch 3270 | loss 8.4427 | lr 1.00e-03 | 0.4s
epoch 3271 | loss 8.4622 | lr 1.00e-03 | 0.5s
epoch 3272 | loss 8.5196 | lr 1.00e-03 | 0.4s
epoch 3273 | loss 8.4775 | lr 9.99e-04 | 0.4s
epoch 3274 | loss 8.4063 | lr 9.99e-04 | 0.4s
epoch 3275 | loss 8.4426 | lr 9.99e-04 | 0.5s
epoch 3276 | loss 8.4785 | lr 9.98e-04 | 0.4s
epoch 3277 | loss 8.4319 | lr 9.98e-04 | 0.4s
epoch 3278 | loss 8.5019 | lr 9.98e-04 | 0.4s
epoch 3279 | loss 8.4536 | lr 9.98e-04 | 0.5s
epoch 3280 | loss 8.4526 | lr 9.97e-04 | 0.4s
epoch 3281 | loss 8.5014 | lr 9.97e-04 | 0.4s
epoch 3282 | loss 8.4360 | lr 9.97e-04 | 0.4s
epoch 3283 | loss 8.4821 | lr 9.96e-04 | 0.4s
epoch 3284 | loss 8.4624 | lr 9.96e-04 | 0.4s
epoch 3285 | loss 8.4693 | lr 9.96e-04 | 0.4s
epoch 3286 | loss 8.5026 | lr 9.96e-04 | 0.5s
epoch 3287 | loss 8.4726 | lr 9.95e-04 | 0.4s
epoch 3288 | loss 8.4468 | lr 9.95e-04 | 0.4s
epoch 3289 | loss 8.4767 | lr 9.95e-04 | 0.5s
epoch 3290 | loss 8.4620 | lr 9.94e-04 | 0.5s
epoch 3291 | loss 8.4391 | lr 9.94e-04 | 0.4s
epoch 3292 | loss 8.4830 | lr 9.94e-04 | 0.5s
epoch 3293 | loss 8.4624 | lr 9.93e-04 | 0.4s
epoch 3294 | loss 8.4623 | lr 9.93e-04 | 0.4s
epoch 3295 | loss 8.4756 | lr 9.93e-04 | 0.4s
epoch 3296 | loss 8.5156 | lr 9.93e-04 | 0.4s
epoch 3297 | loss 8.4099 | lr 9.92e-04 | 0.4s
epoch 3298 | loss 8.4896 | lr 9.92e-04 | 0.4s
epoch 3299 | loss 8.4675 | lr 9.92e-04 | 0.4s
epoch 3300 | loss 8.4650 | lr 9.91e-04 | 0.4s
epoch 3301 | loss 8.4777 | lr 9.91e-04 | 0.4s
epoch 3302 | loss 8.4878 | lr 9.91e-04 | 0.5s
epoch 3303 | loss 8.4291 | lr 9.91e-04 | 0.5s
epoch 3304 | loss 8.4542 | lr 9.90e-04 | 0.4s
epoch 3305 | loss 8.4603 | lr 9.90e-04 | 0.4s
epoch 3306 | loss 8.4304 | lr 9.90e-04 | 0.4s
epoch 3307 | loss 8.4282 | lr 9.89e-04 | 0.5s
epoch 3308 | loss 8.4698 | lr 9.89e-04 | 0.4s
epoch 3309 | loss 8.4794 | lr 9.89e-04 | 0.5s
epoch 3310 | loss 8.5019 | lr 9.88e-04 | 0.4s
epoch 3311 | loss 8.4582 | lr 9.88e-04 | 0.5s
epoch 3312 | loss 8.4595 | lr 9.88e-04 | 0.4s
epoch 3313 | loss 8.4428 | lr 9.88e-04 | 0.4s
epoch 3314 | loss 8.4472 | lr 9.87e-04 | 0.4s
epoch 3315 | loss 8.4452 | lr 9.87e-04 | 0.4s
epoch 3316 | loss 8.4537 | lr 9.87e-04 | 0.4s
epoch 3317 | loss 8.4318 | lr 9.86e-04 | 0.4s
epoch 3318 | loss 8.4531 | lr 9.86e-04 | 0.5s
epoch 3319 | loss 8.4795 | lr 9.86e-04 | 0.4s
epoch 3320 | loss 8.4268 | lr 9.86e-04 | 0.4s
epoch 3321 | loss 8.4884 | lr 9.85e-04 | 0.4s
epoch 3322 | loss 8.4464 | lr 9.85e-04 | 0.4s
epoch 3323 | loss 8.4704 | lr 9.85e-04 | 0.4s
epoch 3324 | loss 8.4560 | lr 9.84e-04 | 0.4s
epoch 3325 | loss 8.4302 | lr 9.84e-04 | 0.4s
epoch 3326 | loss 8.4416 | lr 9.84e-04 | 0.4s
epoch 3327 | loss 8.4440 | lr 9.83e-04 | 0.5s
epoch 3328 | loss 8.4683 | lr 9.83e-04 | 0.4s
epoch 3329 | loss 8.4702 | lr 9.83e-04 | 0.5s
epoch 3330 | loss 8.4729 | lr 9.83e-04 | 0.4s
epoch 3331 | loss 8.4305 | lr 9.82e-04 | 0.5s
epoch 3332 | loss 8.5160 | lr 9.82e-04 | 0.4s
epoch 3333 | loss 8.4529 | lr 9.82e-04 | 0.5s
epoch 3334 | loss 8.4311 | lr 9.81e-04 | 0.4s
epoch 3335 | loss 8.4596 | lr 9.81e-04 | 0.4s
epoch 3336 | loss 8.5028 | lr 9.81e-04 | 0.5s
epoch 3337 | loss 8.4338 | lr 9.80e-04 | 0.4s
epoch 3338 | loss 8.4473 | lr 9.80e-04 | 0.4s
epoch 3339 | loss 8.4394 | lr 9.80e-04 | 0.4s
epoch 3340 | loss 8.4150 | lr 9.80e-04 | 0.5s
epoch 3341 | loss 8.5042 | lr 9.79e-04 | 0.4s
epoch 3342 | loss 8.4234 | lr 9.79e-04 | 0.4s
epoch 3343 | loss 8.5048 | lr 9.79e-04 | 0.4s
epoch 3344 | loss 8.4661 | lr 9.78e-04 | 0.4s
epoch 3345 | loss 8.4297 | lr 9.78e-04 | 0.5s
epoch 3346 | loss 8.4598 | lr 9.78e-04 | 0.4s
epoch 3347 | loss 8.4808 | lr 9.78e-04 | 0.5s
epoch 3348 | loss 8.4549 | lr 9.77e-04 | 0.5s
epoch 3349 | loss 8.4774 | lr 9.77e-04 | 0.5s
epoch 3350 | loss 8.4185 | lr 9.77e-04 | 0.4s
epoch 3351 | loss 8.4284 | lr 9.76e-04 | 0.5s
epoch 3352 | loss 8.5063 | lr 9.76e-04 | 0.5s
epoch 3353 | loss 8.4798 | lr 9.76e-04 | 0.4s
epoch 3354 | loss 8.4697 | lr 9.75e-04 | 0.5s
epoch 3355 | loss 8.4798 | lr 9.75e-04 | 0.4s
epoch 3356 | loss 8.4481 | lr 9.75e-04 | 0.5s
epoch 3357 | loss 8.4443 | lr 9.75e-04 | 0.4s
epoch 3358 | loss 8.4871 | lr 9.74e-04 | 0.4s
epoch 3359 | loss 8.4669 | lr 9.74e-04 | 0.5s
epoch 3360 | loss 8.4316 | lr 9.74e-04 | 0.4s
epoch 3361 | loss 8.4505 | lr 9.73e-04 | 0.5s
epoch 3362 | loss 8.4237 | lr 9.73e-04 | 0.4s
epoch 3363 | loss 8.4730 | lr 9.73e-04 | 0.5s
epoch 3364 | loss 8.4834 | lr 9.72e-04 | 0.5s
epoch 3365 | loss 8.4593 | lr 9.72e-04 | 0.5s
epoch 3366 | loss 8.4945 | lr 9.72e-04 | 0.4s
epoch 3367 | loss 8.4364 | lr 9.72e-04 | 0.4s
epoch 3368 | loss 8.4589 | lr 9.71e-04 | 0.4s
epoch 3369 | loss 8.4855 | lr 9.71e-04 | 0.5s
epoch 3370 | loss 8.4258 | lr 9.71e-04 | 0.5s
epoch 3371 | loss 8.4721 | lr 9.70e-04 | 0.4s
epoch 3372 | loss 8.4179 | lr 9.70e-04 | 0.4s
epoch 3373 | loss 8.4554 | lr 9.70e-04 | 0.4s
epoch 3374 | loss 8.4367 | lr 9.70e-04 | 0.5s
epoch 3375 | loss 8.4133 | lr 9.69e-04 | 0.4s
epoch 3376 | loss 8.4612 | lr 9.69e-04 | 0.4s
epoch 3377 | loss 8.4490 | lr 9.69e-04 | 0.4s
epoch 3378 | loss 8.4489 | lr 9.68e-04 | 0.4s
epoch 3379 | loss 8.4907 | lr 9.68e-04 | 0.4s
epoch 3380 | loss 8.4448 | lr 9.68e-04 | 0.5s
epoch 3381 | loss 8.4280 | lr 9.67e-04 | 0.4s
epoch 3382 | loss 8.4459 | lr 9.67e-04 | 0.4s
epoch 3383 | loss 8.4613 | lr 9.67e-04 | 0.4s
epoch 3384 | loss 8.4063 | lr 9.67e-04 | 0.4s
epoch 3385 | loss 8.4733 | lr 9.66e-04 | 0.4s
epoch 3386 | loss 8.4545 | lr 9.66e-04 | 0.4s
epoch 3387 | loss 8.4684 | lr 9.66e-04 | 0.4s
epoch 3388 | loss 8.4808 | lr 9.65e-04 | 0.4s
epoch 3389 | loss 8.4279 | lr 9.65e-04 | 0.5s
epoch 3390 | loss 8.4491 | lr 9.65e-04 | 0.4s
epoch 3391 | loss 8.4614 | lr 9.64e-04 | 0.4s
epoch 3392 | loss 8.4973 | lr 9.64e-04 | 0.5s
epoch 3393 | loss 8.4533 | lr 9.64e-04 | 0.4s
epoch 3394 | loss 8.4813 | lr 9.64e-04 | 0.4s
epoch 3395 | loss 8.4896 | lr 9.63e-04 | 0.5s
epoch 3396 | loss 8.5027 | lr 9.63e-04 | 0.5s
epoch 3397 | loss 8.4181 | lr 9.63e-04 | 0.4s
epoch 3398 | loss 8.3872 | lr 9.62e-04 | 0.4s
epoch 3399 | loss 8.4533 | lr 9.62e-04 | 0.4s
epoch 3400 | loss 8.4555 | lr 9.62e-04 | 0.4s
epoch 3401 | loss 8.4951 | lr 9.61e-04 | 0.4s
epoch 3402 | loss 8.4199 | lr 9.61e-04 | 0.5s
epoch 3403 | loss 8.4505 | lr 9.61e-04 | 0.4s
epoch 3404 | loss 8.4368 | lr 9.61e-04 | 0.4s
epoch 3405 | loss 8.4106 | lr 9.60e-04 | 0.4s
epoch 3406 | loss 8.4636 | lr 9.60e-04 | 0.4s
epoch 3407 | loss 8.4690 | lr 9.60e-04 | 0.5s
epoch 3408 | loss 8.4658 | lr 9.59e-04 | 0.5s
epoch 3409 | loss 8.4875 | lr 9.59e-04 | 0.4s
epoch 3410 | loss 8.4563 | lr 9.59e-04 | 0.5s
epoch 3411 | loss 8.4890 | lr 9.59e-04 | 0.4s
epoch 3412 | loss 8.4521 | lr 9.58e-04 | 0.4s
epoch 3413 | loss 8.4576 | lr 9.58e-04 | 0.4s
epoch 3414 | loss 8.4497 | lr 9.58e-04 | 0.4s
epoch 3415 | loss 8.4400 | lr 9.57e-04 | 0.4s
epoch 3416 | loss 8.4450 | lr 9.57e-04 | 0.4s
epoch 3417 | loss 8.4805 | lr 9.57e-04 | 0.4s
epoch 3418 | loss 8.4210 | lr 9.56e-04 | 0.4s
epoch 3419 | loss 8.5118 | lr 9.56e-04 | 0.4s
epoch 3420 | loss 8.4390 | lr 9.56e-04 | 0.5s
epoch 3421 | loss 8.4663 | lr 9.56e-04 | 0.4s
epoch 3422 | loss 8.4272 | lr 9.55e-04 | 0.5s
epoch 3423 | loss 8.4449 | lr 9.55e-04 | 0.4s
epoch 3424 | loss 8.4872 | lr 9.55e-04 | 0.5s
epoch 3425 | loss 8.4890 | lr 9.54e-04 | 0.4s
epoch 3426 | loss 8.5157 | lr 9.54e-04 | 0.5s
epoch 3427 | loss 8.4671 | lr 9.54e-04 | 0.4s
epoch 3428 | loss 8.4367 | lr 9.53e-04 | 0.4s
epoch 3429 | loss 8.4101 | lr 9.53e-04 | 0.4s
epoch 3430 | loss 8.4278 | lr 9.53e-04 | 0.4s
epoch 3431 | loss 8.4314 | lr 9.53e-04 | 0.4s
epoch 3432 | loss 8.4785 | lr 9.52e-04 | 0.4s
epoch 3433 | loss 8.4229 | lr 9.52e-04 | 0.4s
epoch 3434 | loss 8.4330 | lr 9.52e-04 | 0.4s
epoch 3435 | loss 8.4528 | lr 9.51e-04 | 0.4s
epoch 3436 | loss 8.4498 | lr 9.51e-04 | 0.4s
epoch 3437 | loss 8.4756 | lr 9.51e-04 | 0.5s
epoch 3438 | loss 8.4712 | lr 9.50e-04 | 0.4s
epoch 3439 | loss 8.4784 | lr 9.50e-04 | 0.5s
epoch 3440 | loss 8.4508 | lr 9.50e-04 | 0.4s
epoch 3441 | loss 8.4789 | lr 9.50e-04 | 0.4s
epoch 3442 | loss 8.4196 | lr 9.49e-04 | 0.4s
epoch 3443 | loss 8.4991 | lr 9.49e-04 | 0.4s
epoch 3444 | loss 8.4430 | lr 9.49e-04 | 0.4s
epoch 3445 | loss 8.4573 | lr 9.48e-04 | 0.4s
epoch 3446 | loss 8.4455 | lr 9.48e-04 | 0.4s
epoch 3447 | loss 8.4691 | lr 9.48e-04 | 0.4s
epoch 3448 | loss 8.4405 | lr 9.47e-04 | 0.4s
epoch 3449 | loss 8.4852 | lr 9.47e-04 | 0.5s
epoch 3450 | loss 8.4437 | lr 9.47e-04 | 0.4s
epoch 3451 | loss 8.4642 | lr 9.47e-04 | 0.4s
epoch 3452 | loss 8.3859 | lr 9.46e-04 | 0.4s
epoch 3453 | loss 8.4415 | lr 9.46e-04 | 0.4s
epoch 3454 | loss 8.4505 | lr 9.46e-04 | 0.4s
epoch 3455 | loss 8.4265 | lr 9.45e-04 | 0.4s
epoch 3456 | loss 8.4227 | lr 9.45e-04 | 0.4s
epoch 3457 | loss 8.4975 | lr 9.45e-04 | 0.4s
epoch 3458 | loss 8.4760 | lr 9.44e-04 | 0.5s
epoch 3459 | loss 8.4613 | lr 9.44e-04 | 0.4s
epoch 3460 | loss 8.3884 | lr 9.44e-04 | 0.4s
epoch 3461 | loss 8.4564 | lr 9.44e-04 | 0.5s
epoch 3462 | loss 8.5027 | lr 9.43e-04 | 0.5s
epoch 3463 | loss 8.5063 | lr 9.43e-04 | 0.4s
epoch 3464 | loss 8.4602 | lr 9.43e-04 | 0.4s
epoch 3465 | loss 8.3832 | lr 9.42e-04 | 0.4s
epoch 3466 | loss 8.4396 | lr 9.42e-04 | 0.4s
epoch 3467 | loss 8.4541 | lr 9.42e-04 | 0.4s
epoch 3468 | loss 8.4458 | lr 9.41e-04 | 0.4s
epoch 3469 | loss 8.4264 | lr 9.41e-04 | 0.4s
epoch 3470 | loss 8.4849 | lr 9.41e-04 | 0.4s
epoch 3471 | loss 8.3824 | lr 9.41e-04 | 0.4s
epoch 3472 | loss 8.4705 | lr 9.40e-04 | 0.4s
epoch 3473 | loss 8.4479 | lr 9.40e-04 | 0.5s
epoch 3474 | loss 8.4419 | lr 9.40e-04 | 0.4s
epoch 3475 | loss 8.4209 | lr 9.39e-04 | 0.4s
epoch 3476 | loss 8.4595 | lr 9.39e-04 | 0.4s
epoch 3477 | loss 8.4224 | lr 9.39e-04 | 0.4s
epoch 3478 | loss 8.4895 | lr 9.38e-04 | 0.4s
epoch 3479 | loss 8.4670 | lr 9.38e-04 | 0.5s
epoch 3480 | loss 8.3936 | lr 9.38e-04 | 0.5s
epoch 3481 | loss 8.4476 | lr 9.38e-04 | 0.5s
epoch 3482 | loss 8.4511 | lr 9.37e-04 | 0.4s
epoch 3483 | loss 8.4640 | lr 9.37e-04 | 0.4s
epoch 3484 | loss 8.4570 | lr 9.37e-04 | 0.4s
epoch 3485 | loss 8.4477 | lr 9.36e-04 | 0.4s
epoch 3486 | loss 8.4050 | lr 9.36e-04 | 0.4s
epoch 3487 | loss 8.4542 | lr 9.36e-04 | 0.4s
epoch 3488 | loss 8.4792 | lr 9.35e-04 | 0.4s
epoch 3489 | loss 8.4933 | lr 9.35e-04 | 0.4s
epoch 3490 | loss 8.4767 | lr 9.35e-04 | 0.4s
epoch 3491 | loss 8.4796 | lr 9.35e-04 | 0.4s
epoch 3492 | loss 8.4266 | lr 9.34e-04 | 0.5s
epoch 3493 | loss 8.4643 | lr 9.34e-04 | 0.4s
epoch 3494 | loss 8.4447 | lr 9.34e-04 | 0.4s
epoch 3495 | loss 8.4508 | lr 9.33e-04 | 0.4s
epoch 3496 | loss 8.4588 | lr 9.33e-04 | 0.5s
epoch 3497 | loss 8.4980 | lr 9.33e-04 | 0.5s
epoch 3498 | loss 8.4880 | lr 9.32e-04 | 0.4s
epoch 3499 | loss 8.4663 | lr 9.32e-04 | 0.4s
epoch 3500 | loss 8.4930 | lr 9.32e-04 | 0.4s
epoch 3501 | loss 8.5057 | lr 9.32e-04 | 0.4s
epoch 3502 | loss 8.4450 | lr 9.31e-04 | 0.5s
epoch 3503 | loss 8.4562 | lr 9.31e-04 | 0.4s
epoch 3504 | loss 8.4381 | lr 9.31e-04 | 0.5s
epoch 3505 | loss 8.4709 | lr 9.30e-04 | 0.4s
epoch 3506 | loss 8.3991 | lr 9.30e-04 | 0.4s
epoch 3507 | loss 8.3864 | lr 9.30e-04 | 0.4s
epoch 3508 | loss 8.4471 | lr 9.29e-04 | 0.5s
epoch 3509 | loss 8.4286 | lr 9.29e-04 | 0.4s
epoch 3510 | loss 8.4487 | lr 9.29e-04 | 0.5s
epoch 3511 | loss 8.4195 | lr 9.29e-04 | 0.4s
epoch 3512 | loss 8.4725 | lr 9.28e-04 | 0.5s
epoch 3513 | loss 8.4911 | lr 9.28e-04 | 0.4s
epoch 3514 | loss 8.4442 | lr 9.28e-04 | 0.4s
epoch 3515 | loss 8.4097 | lr 9.27e-04 | 0.4s
epoch 3516 | loss 8.4742 | lr 9.27e-04 | 0.4s
epoch 3517 | loss 8.4459 | lr 9.27e-04 | 0.4s
epoch 3518 | loss 8.4597 | lr 9.26e-04 | 0.4s
epoch 3519 | loss 8.5106 | lr 9.26e-04 | 0.4s
epoch 3520 | loss 8.4299 | lr 9.26e-04 | 0.4s
epoch 3521 | loss 8.4386 | lr 9.26e-04 | 0.4s
epoch 3522 | loss 8.4345 | lr 9.25e-04 | 0.5s
epoch 3523 | loss 8.4344 | lr 9.25e-04 | 0.4s
epoch 3524 | loss 8.4540 | lr 9.25e-04 | 0.4s
epoch 3525 | loss 8.4736 | lr 9.24e-04 | 0.4s
epoch 3526 | loss 8.4344 | lr 9.24e-04 | 0.4s
epoch 3527 | loss 8.4547 | lr 9.24e-04 | 0.5s
epoch 3528 | loss 8.4270 | lr 9.23e-04 | 0.4s
epoch 3529 | loss 8.4765 | lr 9.23e-04 | 0.4s
epoch 3530 | loss 8.4718 | lr 9.23e-04 | 0.4s
epoch 3531 | loss 8.4653 | lr 9.23e-04 | 0.4s
epoch 3532 | loss 8.4502 | lr 9.22e-04 | 0.4s
epoch 3533 | loss 8.4477 | lr 9.22e-04 | 0.5s
epoch 3534 | loss 8.4514 | lr 9.22e-04 | 0.4s
epoch 3535 | loss 8.4656 | lr 9.21e-04 | 0.4s
epoch 3536 | loss 8.4327 | lr 9.21e-04 | 0.4s
epoch 3537 | loss 8.4059 | lr 9.21e-04 | 0.5s
epoch 3538 | loss 8.4711 | lr 9.20e-04 | 0.4s
epoch 3539 | loss 8.4248 | lr 9.20e-04 | 0.4s
epoch 3540 | loss 8.4817 | lr 9.20e-04 | 0.4s
epoch 3541 | loss 8.4611 | lr 9.20e-04 | 0.4s
epoch 3542 | loss 8.4233 | lr 9.19e-04 | 0.4s
epoch 3543 | loss 8.4373 | lr 9.19e-04 | 0.4s
epoch 3544 | loss 8.4551 | lr 9.19e-04 | 0.4s
epoch 3545 | loss 8.4009 | lr 9.18e-04 | 0.4s
epoch 3546 | loss 8.4045 | lr 9.18e-04 | 0.4s
epoch 3547 | loss 8.4625 | lr 9.18e-04 | 0.4s
epoch 3548 | loss 8.4145 | lr 9.17e-04 | 0.4s
epoch 3549 | loss 8.4914 | lr 9.17e-04 | 0.5s
epoch 3550 | loss 8.4097 | lr 9.17e-04 | 0.4s
epoch 3551 | loss 8.4200 | lr 9.17e-04 | 0.4s
epoch 3552 | loss 8.4443 | lr 9.16e-04 | 0.4s
epoch 3553 | loss 8.4720 | lr 9.16e-04 | 0.4s
epoch 3554 | loss 8.4480 | lr 9.16e-04 | 0.4s
epoch 3555 | loss 8.4073 | lr 9.15e-04 | 0.4s
epoch 3556 | loss 8.4553 | lr 9.15e-04 | 0.4s
epoch 3557 | loss 8.4592 | lr 9.15e-04 | 0.4s
epoch 3558 | loss 8.4582 | lr 9.14e-04 | 0.4s
epoch 3559 | loss 8.4645 | lr 9.14e-04 | 0.4s
epoch 3560 | loss 8.4794 | lr 9.14e-04 | 0.5s
epoch 3561 | loss 8.4207 | lr 9.14e-04 | 0.5s
epoch 3562 | loss 8.4542 | lr 9.13e-04 | 0.5s
epoch 3563 | loss 8.4697 | lr 9.13e-04 | 0.4s
epoch 3564 | loss 8.4410 | lr 9.13e-04 | 0.4s
epoch 3565 | loss 8.4548 | lr 9.12e-04 | 0.4s
epoch 3566 | loss 8.4337 | lr 9.12e-04 | 0.5s
epoch 3567 | loss 8.4395 | lr 9.12e-04 | 0.5s
epoch 3568 | loss 8.4375 | lr 9.11e-04 | 0.4s
epoch 3569 | loss 8.4563 | lr 9.11e-04 | 0.5s
epoch 3570 | loss 8.4356 | lr 9.11e-04 | 0.4s
epoch 3571 | loss 8.4196 | lr 9.10e-04 | 0.4s
epoch 3572 | loss 8.4428 | lr 9.10e-04 | 0.4s
epoch 3573 | loss 8.4164 | lr 9.10e-04 | 0.5s
epoch 3574 | loss 8.4691 | lr 9.10e-04 | 0.4s
epoch 3575 | loss 8.4358 | lr 9.09e-04 | 0.4s
epoch 3576 | loss 8.4655 | lr 9.09e-04 | 0.4s
epoch 3577 | loss 8.4316 | lr 9.09e-04 | 0.4s
epoch 3578 | loss 8.4523 | lr 9.08e-04 | 0.4s
epoch 3579 | loss 8.4797 | lr 9.08e-04 | 0.5s
epoch 3580 | loss 8.4768 | lr 9.08e-04 | 0.4s
epoch 3581 | loss 8.4345 | lr 9.07e-04 | 0.4s
epoch 3582 | loss 8.4498 | lr 9.07e-04 | 0.5s
epoch 3583 | loss 8.4287 | lr 9.07e-04 | 0.4s
epoch 3584 | loss 8.4275 | lr 9.07e-04 | 0.5s
epoch 3585 | loss 8.4619 | lr 9.06e-04 | 0.4s
epoch 3586 | loss 8.4496 | lr 9.06e-04 | 0.4s
epoch 3587 | loss 8.4304 | lr 9.06e-04 | 0.4s
epoch 3588 | loss 8.4870 | lr 9.05e-04 | 0.4s
epoch 3589 | loss 8.4277 | lr 9.05e-04 | 0.4s
epoch 3590 | loss 8.4395 | lr 9.05e-04 | 0.4s
epoch 3591 | loss 8.4406 | lr 9.04e-04 | 0.4s
epoch 3592 | loss 8.4071 | lr 9.04e-04 | 0.4s
epoch 3593 | loss 8.4717 | lr 9.04e-04 | 0.5s
epoch 3594 | loss 8.4614 | lr 9.04e-04 | 0.4s
epoch 3595 | loss 8.4448 | lr 9.03e-04 | 0.4s
epoch 3596 | loss 8.4266 | lr 9.03e-04 | 0.4s
epoch 3597 | loss 8.3739 | lr 9.03e-04 | 0.4s
epoch 3598 | loss 8.4299 | lr 9.02e-04 | 0.4s
epoch 3599 | loss 8.4418 | lr 9.02e-04 | 0.4s
epoch 3600 | loss 8.4152 | lr 9.02e-04 | 0.4s
epoch 3601 | loss 8.4053 | lr 9.01e-04 | 0.4s
epoch 3602 | loss 8.4611 | lr 9.01e-04 | 0.4s
epoch 3603 | loss 8.4456 | lr 9.01e-04 | 0.4s
epoch 3604 | loss 8.4535 | lr 9.01e-04 | 0.4s
epoch 3605 | loss 8.4298 | lr 9.00e-04 | 0.4s
epoch 3606 | loss 8.4556 | lr 9.00e-04 | 0.4s
epoch 3607 | loss 8.4500 | lr 9.00e-04 | 0.4s
epoch 3608 | loss 8.4421 | lr 8.99e-04 | 0.4s
epoch 3609 | loss 8.4166 | lr 8.99e-04 | 0.4s
epoch 3610 | loss 8.4371 | lr 8.99e-04 | 0.4s
epoch 3611 | loss 8.4431 | lr 8.98e-04 | 0.4s
epoch 3612 | loss 8.4187 | lr 8.98e-04 | 0.4s
epoch 3613 | loss 8.4732 | lr 8.98e-04 | 0.4s
epoch 3614 | loss 8.4431 | lr 8.97e-04 | 0.4s
epoch 3615 | loss 8.4362 | lr 8.97e-04 | 0.5s
epoch 3616 | loss 8.4678 | lr 8.97e-04 | 0.5s
epoch 3617 | loss 8.4834 | lr 8.97e-04 | 0.5s
epoch 3618 | loss 8.4068 | lr 8.96e-04 | 0.4s
epoch 3619 | loss 8.4214 | lr 8.96e-04 | 0.5s
epoch 3620 | loss 8.4277 | lr 8.96e-04 | 0.4s
epoch 3621 | loss 8.4699 | lr 8.95e-04 | 0.4s
epoch 3622 | loss 8.3670 | lr 8.95e-04 | 0.4s
epoch 3623 | loss 8.3717 | lr 8.95e-04 | 0.4s
epoch 3624 | loss 8.4705 | lr 8.94e-04 | 0.4s
epoch 3625 | loss 8.3973 | lr 8.94e-04 | 0.4s
epoch 3626 | loss 8.5064 | lr 8.94e-04 | 0.4s
epoch 3627 | loss 8.4771 | lr 8.94e-04 | 0.4s
epoch 3628 | loss 8.4440 | lr 8.93e-04 | 0.4s
epoch 3629 | loss 8.4465 | lr 8.93e-04 | 0.5s
epoch 3630 | loss 8.4508 | lr 8.93e-04 | 0.4s
epoch 3631 | loss 8.4795 | lr 8.92e-04 | 0.4s
epoch 3632 | loss 8.4389 | lr 8.92e-04 | 0.4s
epoch 3633 | loss 8.4466 | lr 8.92e-04 | 0.4s
epoch 3634 | loss 8.4583 | lr 8.91e-04 | 0.4s
epoch 3635 | loss 8.3849 | lr 8.91e-04 | 0.4s
epoch 3636 | loss 8.4420 | lr 8.91e-04 | 0.4s
epoch 3637 | loss 8.4345 | lr 8.91e-04 | 0.4s
epoch 3638 | loss 8.4712 | lr 8.90e-04 | 0.4s
epoch 3639 | loss 8.4339 | lr 8.90e-04 | 0.5s
epoch 3640 | loss 8.4491 | lr 8.90e-04 | 0.5s
epoch 3641 | loss 8.4663 | lr 8.89e-04 | 0.4s
epoch 3642 | loss 8.4253 | lr 8.89e-04 | 0.5s
epoch 3643 | loss 8.4338 | lr 8.89e-04 | 0.5s
epoch 3644 | loss 8.4671 | lr 8.88e-04 | 0.4s
epoch 3645 | loss 8.4510 | lr 8.88e-04 | 0.5s
epoch 3646 | loss 8.4250 | lr 8.88e-04 | 0.5s
epoch 3647 | loss 8.4330 | lr 8.87e-04 | 0.5s
epoch 3648 | loss 8.4412 | lr 8.87e-04 | 0.4s
epoch 3649 | loss 8.4741 | lr 8.87e-04 | 0.4s
epoch 3650 | loss 8.4512 | lr 8.87e-04 | 0.4s
epoch 3651 | loss 8.4383 | lr 8.86e-04 | 0.4s
epoch 3652 | loss 8.4651 | lr 8.86e-04 | 0.4s
epoch 3653 | loss 8.4614 | lr 8.86e-04 | 0.4s
epoch 3654 | loss 8.4401 | lr 8.85e-04 | 0.4s
epoch 3655 | loss 8.4281 | lr 8.85e-04 | 0.4s
epoch 3656 | loss 8.4435 | lr 8.85e-04 | 0.4s
epoch 3657 | loss 8.4258 | lr 8.84e-04 | 0.4s
epoch 3658 | loss 8.4549 | lr 8.84e-04 | 0.4s
epoch 3659 | loss 8.4108 | lr 8.84e-04 | 0.4s
epoch 3660 | loss 8.4717 | lr 8.84e-04 | 0.4s
epoch 3661 | loss 8.4433 | lr 8.83e-04 | 0.5s
epoch 3662 | loss 8.4008 | lr 8.83e-04 | 0.5s
epoch 3663 | loss 8.4421 | lr 8.83e-04 | 0.5s
epoch 3664 | loss 8.3849 | lr 8.82e-04 | 0.4s
epoch 3665 | loss 8.4803 | lr 8.82e-04 | 0.4s
epoch 3666 | loss 8.4499 | lr 8.82e-04 | 0.5s
epoch 3667 | loss 8.4127 | lr 8.81e-04 | 0.4s
epoch 3668 | loss 8.4459 | lr 8.81e-04 | 0.4s
epoch 3669 | loss 8.4283 | lr 8.81e-04 | 0.4s
epoch 3670 | loss 8.4645 | lr 8.80e-04 | 0.4s
epoch 3671 | loss 8.3999 | lr 8.80e-04 | 0.4s
epoch 3672 | loss 8.4386 | lr 8.80e-04 | 0.4s
epoch 3673 | loss 8.3894 | lr 8.80e-04 | 0.4s
epoch 3674 | loss 8.4192 | lr 8.79e-04 | 0.4s
epoch 3675 | loss 8.4484 | lr 8.79e-04 | 0.4s
epoch 3676 | loss 8.4325 | lr 8.79e-04 | 0.4s
epoch 3677 | loss 8.4322 | lr 8.78e-04 | 0.4s
epoch 3678 | loss 8.4117 | lr 8.78e-04 | 0.4s
epoch 3679 | loss 8.4445 | lr 8.78e-04 | 0.5s
epoch 3680 | loss 8.4337 | lr 8.77e-04 | 0.4s
epoch 3681 | loss 8.4292 | lr 8.77e-04 | 0.4s
epoch 3682 | loss 8.4513 | lr 8.77e-04 | 0.5s
epoch 3683 | loss 8.4177 | lr 8.77e-04 | 0.4s
epoch 3684 | loss 8.4275 | lr 8.76e-04 | 0.4s
epoch 3685 | loss 8.4198 | lr 8.76e-04 | 0.5s
epoch 3686 | loss 8.4135 | lr 8.76e-04 | 0.4s
epoch 3687 | loss 8.4673 | lr 8.75e-04 | 0.5s
epoch 3688 | loss 8.3986 | lr 8.75e-04 | 0.4s
epoch 3689 | loss 8.4025 | lr 8.75e-04 | 0.4s
epoch 3690 | loss 8.4875 | lr 8.74e-04 | 0.4s
epoch 3691 | loss 8.4776 | lr 8.74e-04 | 0.4s
epoch 3692 | loss 8.4329 | lr 8.74e-04 | 0.4s
epoch 3693 | loss 8.3875 | lr 8.74e-04 | 0.4s
epoch 3694 | loss 8.4180 | lr 8.73e-04 | 0.5s
epoch 3695 | loss 8.4196 | lr 8.73e-04 | 0.4s
epoch 3696 | loss 8.4241 | lr 8.73e-04 | 0.5s
epoch 3697 | loss 8.4626 | lr 8.72e-04 | 0.5s
epoch 3698 | loss 8.4164 | lr 8.72e-04 | 0.4s
epoch 3699 | loss 8.3871 | lr 8.72e-04 | 0.4s
epoch 3700 | loss 8.4664 | lr 8.71e-04 | 0.5s
epoch 3701 | loss 8.4638 | lr 8.71e-04 | 0.4s
epoch 3702 | loss 8.4760 | lr 8.71e-04 | 0.4s
epoch 3703 | loss 8.4610 | lr 8.70e-04 | 0.4s
epoch 3704 | loss 8.4575 | lr 8.70e-04 | 0.5s
epoch 3705 | loss 8.4309 | lr 8.70e-04 | 0.5s
epoch 3706 | loss 8.4617 | lr 8.70e-04 | 0.4s
epoch 3707 | loss 8.3869 | lr 8.69e-04 | 0.5s
epoch 3708 | loss 8.4180 | lr 8.69e-04 | 0.5s
epoch 3709 | loss 8.4156 | lr 8.69e-04 | 0.4s
epoch 3710 | loss 8.4215 | lr 8.68e-04 | 0.4s
epoch 3711 | loss 8.4587 | lr 8.68e-04 | 0.4s
epoch 3712 | loss 8.4169 | lr 8.68e-04 | 0.4s
epoch 3713 | loss 8.4905 | lr 8.67e-04 | 0.5s
epoch 3714 | loss 8.4434 | lr 8.67e-04 | 0.5s
epoch 3715 | loss 8.4584 | lr 8.67e-04 | 0.4s
epoch 3716 | loss 8.4069 | lr 8.67e-04 | 0.5s
epoch 3717 | loss 8.4483 | lr 8.66e-04 | 0.4s
epoch 3718 | loss 8.4357 | lr 8.66e-04 | 0.4s
epoch 3719 | loss 8.4425 | lr 8.66e-04 | 0.5s
epoch 3720 | loss 8.4443 | lr 8.65e-04 | 0.4s
epoch 3721 | loss 8.4401 | lr 8.65e-04 | 0.4s
epoch 3722 | loss 8.4339 | lr 8.65e-04 | 0.4s
epoch 3723 | loss 8.4347 | lr 8.64e-04 | 0.4s
epoch 3724 | loss 8.4090 | lr 8.64e-04 | 0.4s
epoch 3725 | loss 8.4407 | lr 8.64e-04 | 0.4s
epoch 3726 | loss 8.4088 | lr 8.63e-04 | 0.4s
epoch 3727 | loss 8.4560 | lr 8.63e-04 | 0.4s
epoch 3728 | loss 8.4166 | lr 8.63e-04 | 0.4s
epoch 3729 | loss 8.3654 | lr 8.63e-04 | 0.4s
epoch 3730 | loss 8.4504 | lr 8.62e-04 | 0.4s
epoch 3731 | loss 8.4532 | lr 8.62e-04 | 0.4s
epoch 3732 | loss 8.3982 | lr 8.62e-04 | 0.4s
epoch 3733 | loss 8.4762 | lr 8.61e-04 | 0.4s
epoch 3734 | loss 8.4167 | lr 8.61e-04 | 0.5s
epoch 3735 | loss 8.4282 | lr 8.61e-04 | 0.4s
epoch 3736 | loss 8.3810 | lr 8.60e-04 | 0.4s
epoch 3737 | loss 8.4662 | lr 8.60e-04 | 0.4s
epoch 3738 | loss 8.4626 | lr 8.60e-04 | 0.4s
epoch 3739 | loss 8.4639 | lr 8.60e-04 | 0.4s
epoch 3740 | loss 8.4531 | lr 8.59e-04 | 0.4s
epoch 3741 | loss 8.3944 | lr 8.59e-04 | 0.4s
epoch 3742 | loss 8.4765 | lr 8.59e-04 | 0.4s
epoch 3743 | loss 8.4219 | lr 8.58e-04 | 0.5s
epoch 3744 | loss 8.4270 | lr 8.58e-04 | 0.4s
epoch 3745 | loss 8.4509 | lr 8.58e-04 | 0.4s
epoch 3746 | loss 8.4553 | lr 8.57e-04 | 0.5s
epoch 3747 | loss 8.4357 | lr 8.57e-04 | 0.5s
epoch 3748 | loss 8.4420 | lr 8.57e-04 | 0.4s
epoch 3749 | loss 8.4555 | lr 8.56e-04 | 0.5s
epoch 3750 | loss 8.4298 | lr 8.56e-04 | 0.4s
epoch 3751 | loss 8.4880 | lr 8.56e-04 | 0.5s
epoch 3752 | loss 8.4199 | lr 8.56e-04 | 0.4s
epoch 3753 | loss 8.5194 | lr 8.55e-04 | 0.4s
epoch 3754 | loss 8.4169 | lr 8.55e-04 | 0.4s
epoch 3755 | loss 8.3959 | lr 8.55e-04 | 0.4s
epoch 3756 | loss 8.4701 | lr 8.54e-04 | 0.4s
epoch 3757 | loss 8.4074 | lr 8.54e-04 | 0.4s
epoch 3758 | loss 8.4097 | lr 8.54e-04 | 0.5s
epoch 3759 | loss 8.4375 | lr 8.53e-04 | 0.5s
epoch 3760 | loss 8.4501 | lr 8.53e-04 | 0.4s
epoch 3761 | loss 8.4168 | lr 8.53e-04 | 0.4s
epoch 3762 | loss 8.4362 | lr 8.52e-04 | 0.4s
epoch 3763 | loss 8.3920 | lr 8.52e-04 | 0.4s
epoch 3764 | loss 8.4848 | lr 8.52e-04 | 0.4s
epoch 3765 | loss 8.3903 | lr 8.52e-04 | 0.4s
epoch 3766 | loss 8.4282 | lr 8.51e-04 | 0.4s
epoch 3767 | loss 8.4002 | lr 8.51e-04 | 0.4s
epoch 3768 | loss 8.4198 | lr 8.51e-04 | 0.4s
epoch 3769 | loss 8.4593 | lr 8.50e-04 | 0.4s
epoch 3770 | loss 8.4240 | lr 8.50e-04 | 0.5s
epoch 3771 | loss 8.4177 | lr 8.50e-04 | 0.4s
epoch 3772 | loss 8.4245 | lr 8.49e-04 | 0.5s
epoch 3773 | loss 8.4642 | lr 8.49e-04 | 0.4s
epoch 3774 | loss 8.3955 | lr 8.49e-04 | 0.4s
epoch 3775 | loss 8.4639 | lr 8.49e-04 | 0.4s
epoch 3776 | loss 8.4574 | lr 8.48e-04 | 0.4s
epoch 3777 | loss 8.4263 | lr 8.48e-04 | 0.4s
epoch 3778 | loss 8.4187 | lr 8.48e-04 | 0.4s
epoch 3779 | loss 8.4049 | lr 8.47e-04 | 0.4s
epoch 3780 | loss 8.4000 | lr 8.47e-04 | 0.4s
epoch 3781 | loss 8.3977 | lr 8.47e-04 | 0.5s
epoch 3782 | loss 8.4898 | lr 8.46e-04 | 0.4s
epoch 3783 | loss 8.4317 | lr 8.46e-04 | 0.4s
epoch 3784 | loss 8.4407 | lr 8.46e-04 | 0.5s
epoch 3785 | loss 8.4547 | lr 8.45e-04 | 0.4s
epoch 3786 | loss 8.4476 | lr 8.45e-04 | 0.4s
epoch 3787 | loss 8.4404 | lr 8.45e-04 | 0.4s
epoch 3788 | loss 8.4455 | lr 8.45e-04 | 0.5s
epoch 3789 | loss 8.4018 | lr 8.44e-04 | 0.4s
epoch 3790 | loss 8.3865 | lr 8.44e-04 | 0.4s
epoch 3791 | loss 8.3989 | lr 8.44e-04 | 0.4s
epoch 3792 | loss 8.4259 | lr 8.43e-04 | 0.4s
epoch 3793 | loss 8.4697 | lr 8.43e-04 | 0.4s
epoch 3794 | loss 8.4642 | lr 8.43e-04 | 0.4s
epoch 3795 | loss 8.4710 | lr 8.42e-04 | 0.4s
epoch 3796 | loss 8.4257 | lr 8.42e-04 | 0.4s
epoch 3797 | loss 8.4332 | lr 8.42e-04 | 0.5s
epoch 3798 | loss 8.4648 | lr 8.42e-04 | 0.4s
epoch 3799 | loss 8.3880 | lr 8.41e-04 | 0.4s
epoch 3800 | loss 8.4420 | lr 8.41e-04 | 0.4s
epoch 3801 | loss 8.3878 | lr 8.41e-04 | 0.4s
epoch 3802 | loss 8.3990 | lr 8.40e-04 | 0.4s
epoch 3803 | loss 8.3812 | lr 8.40e-04 | 0.4s
epoch 3804 | loss 8.4487 | lr 8.40e-04 | 0.4s
epoch 3805 | loss 8.4433 | lr 8.39e-04 | 0.4s
epoch 3806 | loss 8.4399 | lr 8.39e-04 | 0.4s
epoch 3807 | loss 8.4822 | lr 8.39e-04 | 0.4s
epoch 3808 | loss 8.4298 | lr 8.38e-04 | 0.4s
epoch 3809 | loss 8.4362 | lr 8.38e-04 | 0.4s
epoch 3810 | loss 8.4236 | lr 8.38e-04 | 0.4s
epoch 3811 | loss 8.4412 | lr 8.38e-04 | 0.4s
epoch 3812 | loss 8.3785 | lr 8.37e-04 | 0.4s
epoch 3813 | loss 8.3970 | lr 8.37e-04 | 0.5s
epoch 3814 | loss 8.4164 | lr 8.37e-04 | 0.4s
epoch 3815 | loss 8.4281 | lr 8.36e-04 | 0.4s
epoch 3816 | loss 8.4068 | lr 8.36e-04 | 0.5s
epoch 3817 | loss 8.4439 | lr 8.36e-04 | 0.4s
epoch 3818 | loss 8.4301 | lr 8.35e-04 | 0.4s
epoch 3819 | loss 8.4849 | lr 8.35e-04 | 0.4s
epoch 3820 | loss 8.4129 | lr 8.35e-04 | 0.4s
epoch 3821 | loss 8.3714 | lr 8.34e-04 | 0.4s
epoch 3822 | loss 8.4071 | lr 8.34e-04 | 0.5s
epoch 3823 | loss 8.4489 | lr 8.34e-04 | 0.4s
epoch 3824 | loss 8.4800 | lr 8.34e-04 | 0.5s
epoch 3825 | loss 8.3839 | lr 8.33e-04 | 0.5s
epoch 3826 | loss 8.4150 | lr 8.33e-04 | 0.4s
epoch 3827 | loss 8.4402 | lr 8.33e-04 | 0.4s
epoch 3828 | loss 8.4039 | lr 8.32e-04 | 0.4s
epoch 3829 | loss 8.4347 | lr 8.32e-04 | 0.4s
epoch 3830 | loss 8.3983 | lr 8.32e-04 | 0.4s
epoch 3831 | loss 8.4375 | lr 8.31e-04 | 0.5s
epoch 3832 | loss 8.4413 | lr 8.31e-04 | 0.4s
epoch 3833 | loss 8.5066 | lr 8.31e-04 | 0.5s
epoch 3834 | loss 8.4468 | lr 8.31e-04 | 0.4s
epoch 3835 | loss 8.4669 | lr 8.30e-04 | 0.4s
epoch 3836 | loss 8.4272 | lr 8.30e-04 | 0.4s
epoch 3837 | loss 8.3994 | lr 8.30e-04 | 0.4s
epoch 3838 | loss 8.4463 | lr 8.29e-04 | 0.5s
epoch 3839 | loss 8.4092 | lr 8.29e-04 | 0.4s
epoch 3840 | loss 8.4585 | lr 8.29e-04 | 0.4s
epoch 3841 | loss 8.4035 | lr 8.28e-04 | 0.4s
epoch 3842 | loss 8.4013 | lr 8.28e-04 | 0.4s
epoch 3843 | loss 8.4483 | lr 8.28e-04 | 0.4s
epoch 3844 | loss 8.4509 | lr 8.27e-04 | 0.4s
epoch 3845 | loss 8.4406 | lr 8.27e-04 | 0.4s
epoch 3846 | loss 8.4808 | lr 8.27e-04 | 0.4s
epoch 3847 | loss 8.3950 | lr 8.27e-04 | 0.4s
epoch 3848 | loss 8.4764 | lr 8.26e-04 | 0.4s
epoch 3849 | loss 8.4427 | lr 8.26e-04 | 0.4s
epoch 3850 | loss 8.4641 | lr 8.26e-04 | 0.4s
epoch 3851 | loss 8.4403 | lr 8.25e-04 | 0.4s
epoch 3852 | loss 8.4385 | lr 8.25e-04 | 0.4s
epoch 3853 | loss 8.4315 | lr 8.25e-04 | 0.4s
epoch 3854 | loss 8.4020 | lr 8.24e-04 | 0.4s
epoch 3855 | loss 8.3724 | lr 8.24e-04 | 0.4s
epoch 3856 | loss 8.4490 | lr 8.24e-04 | 0.4s
epoch 3857 | loss 8.4698 | lr 8.23e-04 | 0.4s
epoch 3858 | loss 8.4124 | lr 8.23e-04 | 0.4s
epoch 3859 | loss 8.4530 | lr 8.23e-04 | 0.4s
epoch 3860 | loss 8.4709 | lr 8.23e-04 | 0.4s
epoch 3861 | loss 8.4710 | lr 8.22e-04 | 0.5s
epoch 3862 | loss 8.4156 | lr 8.22e-04 | 0.4s
epoch 3863 | loss 8.4381 | lr 8.22e-04 | 0.4s
epoch 3864 | loss 8.4215 | lr 8.21e-04 | 0.4s
epoch 3865 | loss 8.3833 | lr 8.21e-04 | 0.5s
epoch 3866 | loss 8.4173 | lr 8.21e-04 | 0.4s
epoch 3867 | loss 8.3857 | lr 8.20e-04 | 0.4s
epoch 3868 | loss 8.4535 | lr 8.20e-04 | 0.4s
epoch 3869 | loss 8.4593 | lr 8.20e-04 | 0.5s
epoch 3870 | loss 8.4132 | lr 8.19e-04 | 0.4s
epoch 3871 | loss 8.4536 | lr 8.19e-04 | 0.4s
epoch 3872 | loss 8.3938 | lr 8.19e-04 | 0.4s
epoch 3873 | loss 8.4079 | lr 8.19e-04 | 0.5s
epoch 3874 | loss 8.4773 | lr 8.18e-04 | 0.4s
epoch 3875 | loss 8.4076 | lr 8.18e-04 | 0.4s
epoch 3876 | loss 8.4764 | lr 8.18e-04 | 0.4s
epoch 3877 | loss 8.3924 | lr 8.17e-04 | 0.4s
epoch 3878 | loss 8.4170 | lr 8.17e-04 | 0.4s
epoch 3879 | loss 8.4233 | lr 8.17e-04 | 0.4s
epoch 3880 | loss 8.4399 | lr 8.16e-04 | 0.4s
epoch 3881 | loss 8.4410 | lr 8.16e-04 | 0.4s
epoch 3882 | loss 8.4089 | lr 8.16e-04 | 0.4s
epoch 3883 | loss 8.4520 | lr 8.16e-04 | 0.4s
epoch 3884 | loss 8.4699 | lr 8.15e-04 | 0.4s
epoch 3885 | loss 8.4365 | lr 8.15e-04 | 0.4s
epoch 3886 | loss 8.4097 | lr 8.15e-04 | 0.4s
epoch 3887 | loss 8.4375 | lr 8.14e-04 | 0.4s
epoch 3888 | loss 8.4578 | lr 8.14e-04 | 0.4s
epoch 3889 | loss 8.4042 | lr 8.14e-04 | 0.5s
epoch 3890 | loss 8.4159 | lr 8.13e-04 | 0.4s
epoch 3891 | loss 8.4347 | lr 8.13e-04 | 0.4s
epoch 3892 | loss 8.4045 | lr 8.13e-04 | 0.4s
epoch 3893 | loss 8.4138 | lr 8.12e-04 | 0.4s
epoch 3894 | loss 8.4812 | lr 8.12e-04 | 0.5s
epoch 3895 | loss 8.4294 | lr 8.12e-04 | 0.4s
epoch 3896 | loss 8.4122 | lr 8.12e-04 | 0.5s
epoch 3897 | loss 8.4352 | lr 8.11e-04 | 0.5s
epoch 3898 | loss 8.4417 | lr 8.11e-04 | 0.4s
epoch 3899 | loss 8.4304 | lr 8.11e-04 | 0.5s
epoch 3900 | loss 8.4522 | lr 8.10e-04 | 0.4s
epoch 3901 | loss 8.4461 | lr 8.10e-04 | 0.4s
epoch 3902 | loss 8.4095 | lr 8.10e-04 | 0.4s
epoch 3903 | loss 8.4451 | lr 8.09e-04 | 0.4s
epoch 3904 | loss 8.4054 | lr 8.09e-04 | 0.4s
epoch 3905 | loss 8.4449 | lr 8.09e-04 | 0.4s
epoch 3906 | loss 8.4569 | lr 8.08e-04 | 0.4s
epoch 3907 | loss 8.4171 | lr 8.08e-04 | 0.4s
epoch 3908 | loss 8.4555 | lr 8.08e-04 | 0.4s
epoch 3909 | loss 8.4212 | lr 8.08e-04 | 0.4s
epoch 3910 | loss 8.4033 | lr 8.07e-04 | 0.4s
epoch 3911 | loss 8.4178 | lr 8.07e-04 | 0.4s
epoch 3912 | loss 8.4465 | lr 8.07e-04 | 0.4s
epoch 3913 | loss 8.4915 | lr 8.06e-04 | 0.5s
epoch 3914 | loss 8.3799 | lr 8.06e-04 | 0.5s
epoch 3915 | loss 8.4169 | lr 8.06e-04 | 0.4s
epoch 3916 | loss 8.4044 | lr 8.05e-04 | 0.4s
epoch 3917 | loss 8.4661 | lr 8.05e-04 | 0.4s
epoch 3918 | loss 8.4293 | lr 8.05e-04 | 0.5s
epoch 3919 | loss 8.4252 | lr 8.05e-04 | 0.4s
epoch 3920 | loss 8.4079 | lr 8.04e-04 | 0.4s
epoch 3921 | loss 8.4411 | lr 8.04e-04 | 0.4s
epoch 3922 | loss 8.4540 | lr 8.04e-04 | 0.4s
epoch 3923 | loss 8.4002 | lr 8.03e-04 | 0.4s
epoch 3924 | loss 8.4416 | lr 8.03e-04 | 0.4s
epoch 3925 | loss 8.4074 | lr 8.03e-04 | 0.4s
epoch 3926 | loss 8.4192 | lr 8.02e-04 | 0.5s
epoch 3927 | loss 8.4470 | lr 8.02e-04 | 0.4s
epoch 3928 | loss 8.5003 | lr 8.02e-04 | 0.4s
epoch 3929 | loss 8.4516 | lr 8.01e-04 | 0.4s
epoch 3930 | loss 8.4270 | lr 8.01e-04 | 0.4s
epoch 3931 | loss 8.4071 | lr 8.01e-04 | 0.5s
epoch 3932 | loss 8.4239 | lr 8.01e-04 | 0.4s
epoch 3933 | loss 8.4557 | lr 8.00e-04 | 0.4s
epoch 3934 | loss 8.4572 | lr 8.00e-04 | 0.4s
epoch 3935 | loss 8.4307 | lr 8.00e-04 | 0.4s
epoch 3936 | loss 8.4314 | lr 7.99e-04 | 0.4s
epoch 3937 | loss 8.4000 | lr 7.99e-04 | 0.5s
epoch 3938 | loss 8.4365 | lr 7.99e-04 | 0.5s
epoch 3939 | loss 8.4517 | lr 7.98e-04 | 0.4s
epoch 3940 | loss 8.3936 | lr 7.98e-04 | 0.4s
epoch 3941 | loss 8.4700 | lr 7.98e-04 | 0.4s
epoch 3942 | loss 8.4395 | lr 7.97e-04 | 0.4s
epoch 3943 | loss 8.4397 | lr 7.97e-04 | 0.4s
epoch 3944 | loss 8.4208 | lr 7.97e-04 | 0.4s
epoch 3945 | loss 8.3966 | lr 7.97e-04 | 0.4s
epoch 3946 | loss 8.4217 | lr 7.96e-04 | 0.4s
epoch 3947 | loss 8.4113 | lr 7.96e-04 | 0.5s
epoch 3948 | loss 8.4613 | lr 7.96e-04 | 0.4s
epoch 3949 | loss 8.4392 | lr 7.95e-04 | 0.5s
epoch 3950 | loss 8.4883 | lr 7.95e-04 | 0.5s
epoch 3951 | loss 8.4462 | lr 7.95e-04 | 0.5s
epoch 3952 | loss 8.4832 | lr 7.94e-04 | 0.4s
epoch 3953 | loss 8.3922 | lr 7.94e-04 | 0.5s
epoch 3954 | loss 8.4628 | lr 7.94e-04 | 0.4s
epoch 3955 | loss 8.4221 | lr 7.93e-04 | 0.4s
epoch 3956 | loss 8.4502 | lr 7.93e-04 | 0.5s
epoch 3957 | loss 8.4533 | lr 7.93e-04 | 0.4s
epoch 3958 | loss 8.4651 | lr 7.93e-04 | 0.4s
epoch 3959 | loss 8.4477 | lr 7.92e-04 | 0.5s
epoch 3960 | loss 8.4376 | lr 7.92e-04 | 0.4s
epoch 3961 | loss 8.4385 | lr 7.92e-04 | 0.4s
epoch 3962 | loss 8.4796 | lr 7.91e-04 | 0.4s
epoch 3963 | loss 8.4753 | lr 7.91e-04 | 0.4s
epoch 3964 | loss 8.3891 | lr 7.91e-04 | 0.5s
epoch 3965 | loss 8.4791 | lr 7.90e-04 | 0.4s
epoch 3966 | loss 8.4165 | lr 7.90e-04 | 0.5s
epoch 3967 | loss 8.4316 | lr 7.90e-04 | 0.5s
epoch 3968 | loss 8.4470 | lr 7.89e-04 | 0.4s
epoch 3969 | loss 8.4026 | lr 7.89e-04 | 0.4s
epoch 3970 | loss 8.4408 | lr 7.89e-04 | 0.4s
epoch 3971 | loss 8.4451 | lr 7.89e-04 | 0.5s
epoch 3972 | loss 8.3547 | lr 7.88e-04 | 0.4s
epoch 3973 | loss 8.4230 | lr 7.88e-04 | 0.4s
epoch 3974 | loss 8.3803 | lr 7.88e-04 | 0.5s
epoch 3975 | loss 8.4033 | lr 7.87e-04 | 0.4s
epoch 3976 | loss 8.4143 | lr 7.87e-04 | 0.5s
epoch 3977 | loss 8.4500 | lr 7.87e-04 | 0.4s
epoch 3978 | loss 8.4285 | lr 7.86e-04 | 0.5s
epoch 3979 | loss 8.4518 | lr 7.86e-04 | 0.4s
epoch 3980 | loss 8.4890 | lr 7.86e-04 | 0.4s
epoch 3981 | loss 8.3917 | lr 7.86e-04 | 0.4s
epoch 3982 | loss 8.4493 | lr 7.85e-04 | 0.4s
epoch 3983 | loss 8.4244 | lr 7.85e-04 | 0.4s
epoch 3984 | loss 8.4514 | lr 7.85e-04 | 0.4s
epoch 3985 | loss 8.4519 | lr 7.84e-04 | 0.4s
epoch 3986 | loss 8.3964 | lr 7.84e-04 | 0.4s
epoch 3987 | loss 8.4303 | lr 7.84e-04 | 0.5s
epoch 3988 | loss 8.4338 | lr 7.83e-04 | 0.5s
epoch 3989 | loss 8.4319 | lr 7.83e-04 | 0.4s
epoch 3990 | loss 8.3577 | lr 7.83e-04 | 0.5s
epoch 3991 | loss 8.4177 | lr 7.82e-04 | 0.5s
epoch 3992 | loss 8.4059 | lr 7.82e-04 | 0.4s
epoch 3993 | loss 8.4676 | lr 7.82e-04 | 0.4s
epoch 3994 | loss 8.3707 | lr 7.82e-04 | 0.5s
epoch 3995 | loss 8.4420 | lr 7.81e-04 | 0.5s
epoch 3996 | loss 8.3931 | lr 7.81e-04 | 0.5s
epoch 3997 | loss 8.4005 | lr 7.81e-04 | 0.4s
epoch 3998 | loss 8.4710 | lr 7.80e-04 | 0.5s
epoch 3999 | loss 8.4200 | lr 7.80e-04 | 0.5s
epoch 4000 | loss 8.4392 | lr 7.80e-04 | 0.5s
epoch 4001 | loss 8.3983 | lr 7.79e-04 | 0.4s
epoch 4002 | loss 8.3804 | lr 7.79e-04 | 0.4s
epoch 4003 | loss 8.4626 | lr 7.79e-04 | 0.4s
epoch 4004 | loss 8.5122 | lr 7.78e-04 | 0.5s
epoch 4005 | loss 8.4796 | lr 7.78e-04 | 0.4s
epoch 4006 | loss 8.4053 | lr 7.78e-04 | 0.4s
epoch 4007 | loss 8.3990 | lr 7.78e-04 | 0.4s
epoch 4008 | loss 8.4219 | lr 7.77e-04 | 0.4s
epoch 4009 | loss 8.4540 | lr 7.77e-04 | 0.4s
epoch 4010 | loss 8.3504 | lr 7.77e-04 | 0.4s
epoch 4011 | loss 8.4457 | lr 7.76e-04 | 0.4s
epoch 4012 | loss 8.3914 | lr 7.76e-04 | 0.4s
epoch 4013 | loss 8.4510 | lr 7.76e-04 | 0.5s
epoch 4014 | loss 8.4827 | lr 7.75e-04 | 0.4s
epoch 4015 | loss 8.4323 | lr 7.75e-04 | 0.4s
epoch 4016 | loss 8.3830 | lr 7.75e-04 | 0.4s
epoch 4017 | loss 8.4388 | lr 7.74e-04 | 0.4s
epoch 4018 | loss 8.3948 | lr 7.74e-04 | 0.4s
epoch 4019 | loss 8.3983 | lr 7.74e-04 | 0.4s
epoch 4020 | loss 8.3858 | lr 7.74e-04 | 0.5s
epoch 4021 | loss 8.4032 | lr 7.73e-04 | 0.5s
epoch 4022 | loss 8.4106 | lr 7.73e-04 | 0.5s
epoch 4023 | loss 8.4636 | lr 7.73e-04 | 0.4s
epoch 4024 | loss 8.4276 | lr 7.72e-04 | 0.4s
epoch 4025 | loss 8.3524 | lr 7.72e-04 | 0.5s
epoch 4026 | loss 8.4059 | lr 7.72e-04 | 0.4s
epoch 4027 | loss 8.4232 | lr 7.71e-04 | 0.5s
epoch 4028 | loss 8.4451 | lr 7.71e-04 | 0.5s
epoch 4029 | loss 8.4362 | lr 7.71e-04 | 0.4s
epoch 4030 | loss 8.4694 | lr 7.71e-04 | 0.4s
epoch 4031 | loss 8.4128 | lr 7.70e-04 | 0.4s
epoch 4032 | loss 8.4152 | lr 7.70e-04 | 0.4s
epoch 4033 | loss 8.4554 | lr 7.70e-04 | 0.5s
epoch 4034 | loss 8.4108 | lr 7.69e-04 | 0.4s
epoch 4035 | loss 8.4118 | lr 7.69e-04 | 0.5s
epoch 4036 | loss 8.4328 | lr 7.69e-04 | 0.5s
epoch 4037 | loss 8.4146 | lr 7.68e-04 | 0.4s
epoch 4038 | loss 8.4045 | lr 7.68e-04 | 0.5s
epoch 4039 | loss 8.4078 | lr 7.68e-04 | 0.5s
epoch 4040 | loss 8.4426 | lr 7.67e-04 | 0.4s
epoch 4041 | loss 8.3953 | lr 7.67e-04 | 0.4s
epoch 4042 | loss 8.4391 | lr 7.67e-04 | 0.4s
epoch 4043 | loss 8.4462 | lr 7.67e-04 | 0.4s
epoch 4044 | loss 8.4469 | lr 7.66e-04 | 0.4s
epoch 4045 | loss 8.4612 | lr 7.66e-04 | 0.4s
epoch 4046 | loss 8.4128 | lr 7.66e-04 | 0.4s
epoch 4047 | loss 8.4051 | lr 7.65e-04 | 0.4s
epoch 4048 | loss 8.4659 | lr 7.65e-04 | 0.4s
epoch 4049 | loss 8.4446 | lr 7.65e-04 | 0.4s
epoch 4050 | loss 8.4198 | lr 7.64e-04 | 0.4s
epoch 4051 | loss 8.4048 | lr 7.64e-04 | 0.5s
epoch 4052 | loss 8.4004 | lr 7.64e-04 | 0.4s
epoch 4053 | loss 8.4332 | lr 7.63e-04 | 0.4s
epoch 4054 | loss 8.3941 | lr 7.63e-04 | 0.4s
epoch 4055 | loss 8.4414 | lr 7.63e-04 | 0.4s
epoch 4056 | loss 8.4462 | lr 7.63e-04 | 0.4s
epoch 4057 | loss 8.4505 | lr 7.62e-04 | 0.5s
epoch 4058 | loss 8.4121 | lr 7.62e-04 | 0.5s
epoch 4059 | loss 8.4141 | lr 7.62e-04 | 0.4s
epoch 4060 | loss 8.3888 | lr 7.61e-04 | 0.4s
epoch 4061 | loss 8.3981 | lr 7.61e-04 | 0.4s
epoch 4062 | loss 8.4233 | lr 7.61e-04 | 0.4s
epoch 4063 | loss 8.4137 | lr 7.60e-04 | 0.4s
epoch 4064 | loss 8.4544 | lr 7.60e-04 | 0.4s
epoch 4065 | loss 8.4162 | lr 7.60e-04 | 0.4s
epoch 4066 | loss 8.4017 | lr 7.59e-04 | 0.4s
epoch 4067 | loss 8.4129 | lr 7.59e-04 | 0.4s
epoch 4068 | loss 8.4350 | lr 7.59e-04 | 0.4s
epoch 4069 | loss 8.4024 | lr 7.59e-04 | 0.4s
epoch 4070 | loss 8.3876 | lr 7.58e-04 | 0.4s
epoch 4071 | loss 8.4016 | lr 7.58e-04 | 0.4s
epoch 4072 | loss 8.4214 | lr 7.58e-04 | 0.4s
epoch 4073 | loss 8.4189 | lr 7.57e-04 | 0.4s
epoch 4074 | loss 8.4262 | lr 7.57e-04 | 0.5s
epoch 4075 | loss 8.4547 | lr 7.57e-04 | 0.4s
epoch 4076 | loss 8.4299 | lr 7.56e-04 | 0.5s
epoch 4077 | loss 8.4264 | lr 7.56e-04 | 0.5s
epoch 4078 | loss 8.4461 | lr 7.56e-04 | 0.4s
epoch 4079 | loss 8.3902 | lr 7.55e-04 | 0.4s
epoch 4080 | loss 8.3984 | lr 7.55e-04 | 0.4s
epoch 4081 | loss 8.4089 | lr 7.55e-04 | 0.4s
epoch 4082 | loss 8.4278 | lr 7.55e-04 | 0.5s
epoch 4083 | loss 8.4575 | lr 7.54e-04 | 0.5s
epoch 4084 | loss 8.3988 | lr 7.54e-04 | 0.4s
epoch 4085 | loss 8.4345 | lr 7.54e-04 | 0.4s
epoch 4086 | loss 8.4201 | lr 7.53e-04 | 0.4s
epoch 4087 | loss 8.4501 | lr 7.53e-04 | 0.5s
epoch 4088 | loss 8.3997 | lr 7.53e-04 | 0.4s
epoch 4089 | loss 8.4134 | lr 7.52e-04 | 0.4s
epoch 4090 | loss 8.4466 | lr 7.52e-04 | 0.4s
epoch 4091 | loss 8.4678 | lr 7.52e-04 | 0.4s
epoch 4092 | loss 8.4295 | lr 7.52e-04 | 0.4s
epoch 4093 | loss 8.4283 | lr 7.51e-04 | 0.4s
epoch 4094 | loss 8.3746 | lr 7.51e-04 | 0.4s
epoch 4095 | loss 8.4206 | lr 7.51e-04 | 0.4s
epoch 4096 | loss 8.3813 | lr 7.50e-04 | 0.5s
epoch 4097 | loss 8.4172 | lr 7.50e-04 | 0.4s
epoch 4098 | loss 8.4060 | lr 7.50e-04 | 0.4s
epoch 4099 | loss 8.4403 | lr 7.49e-04 | 0.4s
epoch 4100 | loss 8.4427 | lr 7.49e-04 | 0.4s
epoch 4101 | loss 8.4408 | lr 7.49e-04 | 0.5s
epoch 4102 | loss 8.4409 | lr 7.48e-04 | 0.4s
epoch 4103 | loss 8.4496 | lr 7.48e-04 | 0.4s
epoch 4104 | loss 8.4187 | lr 7.48e-04 | 0.5s
epoch 4105 | loss 8.4233 | lr 7.48e-04 | 0.4s
epoch 4106 | loss 8.4608 | lr 7.47e-04 | 0.4s
epoch 4107 | loss 8.4463 | lr 7.47e-04 | 0.4s
epoch 4108 | loss 8.4452 | lr 7.47e-04 | 0.4s
epoch 4109 | loss 8.4936 | lr 7.46e-04 | 0.5s
epoch 4110 | loss 8.4404 | lr 7.46e-04 | 0.4s
epoch 4111 | loss 8.4350 | lr 7.46e-04 | 0.4s
epoch 4112 | loss 8.3748 | lr 7.45e-04 | 0.4s
epoch 4113 | loss 8.4270 | lr 7.45e-04 | 0.5s
epoch 4114 | loss 8.3569 | lr 7.45e-04 | 0.4s
epoch 4115 | loss 8.4178 | lr 7.44e-04 | 0.4s
epoch 4116 | loss 8.4638 | lr 7.44e-04 | 0.4s
epoch 4117 | loss 8.3831 | lr 7.44e-04 | 0.4s
epoch 4118 | loss 8.4786 | lr 7.44e-04 | 0.4s
epoch 4119 | loss 8.4273 | lr 7.43e-04 | 0.5s
epoch 4120 | loss 8.3940 | lr 7.43e-04 | 0.4s
epoch 4121 | loss 8.4671 | lr 7.43e-04 | 0.4s
epoch 4122 | loss 8.4852 | lr 7.42e-04 | 0.4s
epoch 4123 | loss 8.4146 | lr 7.42e-04 | 0.5s
epoch 4124 | loss 8.4232 | lr 7.42e-04 | 0.4s
epoch 4125 | loss 8.4244 | lr 7.41e-04 | 0.4s
epoch 4126 | loss 8.4338 | lr 7.41e-04 | 0.4s
epoch 4127 | loss 8.4350 | lr 7.41e-04 | 0.4s
epoch 4128 | loss 8.4149 | lr 7.41e-04 | 0.4s
epoch 4129 | loss 8.4293 | lr 7.40e-04 | 0.4s
epoch 4130 | loss 8.3743 | lr 7.40e-04 | 0.5s
epoch 4131 | loss 8.4000 | lr 7.40e-04 | 0.4s
epoch 4132 | loss 8.4129 | lr 7.39e-04 | 0.4s
epoch 4133 | loss 8.3878 | lr 7.39e-04 | 0.4s
epoch 4134 | loss 8.4410 | lr 7.39e-04 | 0.4s
epoch 4135 | loss 8.4349 | lr 7.38e-04 | 0.4s
epoch 4136 | loss 8.4562 | lr 7.38e-04 | 0.4s
epoch 4137 | loss 8.3973 | lr 7.38e-04 | 0.4s
epoch 4138 | loss 8.4140 | lr 7.37e-04 | 0.4s
epoch 4139 | loss 8.4434 | lr 7.37e-04 | 0.4s
epoch 4140 | loss 8.4319 | lr 7.37e-04 | 0.4s
epoch 4141 | loss 8.4555 | lr 7.37e-04 | 0.4s
epoch 4142 | loss 8.4128 | lr 7.36e-04 | 0.4s
epoch 4143 | loss 8.4418 | lr 7.36e-04 | 0.4s
epoch 4144 | loss 8.4092 | lr 7.36e-04 | 0.4s
epoch 4145 | loss 8.3730 | lr 7.35e-04 | 0.4s
epoch 4146 | loss 8.4469 | lr 7.35e-04 | 0.4s
epoch 4147 | loss 8.4067 | lr 7.35e-04 | 0.4s
epoch 4148 | loss 8.3760 | lr 7.34e-04 | 0.4s
epoch 4149 | loss 8.4777 | lr 7.34e-04 | 0.4s
epoch 4150 | loss 8.4617 | lr 7.34e-04 | 0.4s
epoch 4151 | loss 8.3897 | lr 7.33e-04 | 0.4s
epoch 4152 | loss 8.3784 | lr 7.33e-04 | 0.4s
epoch 4153 | loss 8.3677 | lr 7.33e-04 | 0.4s
epoch 4154 | loss 8.3926 | lr 7.33e-04 | 0.5s
epoch 4155 | loss 8.4667 | lr 7.32e-04 | 0.4s
epoch 4156 | loss 8.4152 | lr 7.32e-04 | 0.4s
epoch 4157 | loss 8.4234 | lr 7.32e-04 | 0.4s
epoch 4158 | loss 8.3910 | lr 7.31e-04 | 0.4s
epoch 4159 | loss 8.4094 | lr 7.31e-04 | 0.4s
epoch 4160 | loss 8.4285 | lr 7.31e-04 | 0.4s
epoch 4161 | loss 8.3749 | lr 7.30e-04 | 0.4s
epoch 4162 | loss 8.4451 | lr 7.30e-04 | 0.4s
epoch 4163 | loss 8.4164 | lr 7.30e-04 | 0.4s
epoch 4164 | loss 8.4325 | lr 7.29e-04 | 0.4s
epoch 4165 | loss 8.4386 | lr 7.29e-04 | 0.4s
epoch 4166 | loss 8.4339 | lr 7.29e-04 | 0.4s
epoch 4167 | loss 8.3928 | lr 7.29e-04 | 0.4s
epoch 4168 | loss 8.4570 | lr 7.28e-04 | 0.4s
epoch 4169 | loss 8.4344 | lr 7.28e-04 | 0.4s
epoch 4170 | loss 8.3781 | lr 7.28e-04 | 0.4s
epoch 4171 | loss 8.4315 | lr 7.27e-04 | 0.4s
epoch 4172 | loss 8.3863 | lr 7.27e-04 | 0.4s
epoch 4173 | loss 8.4575 | lr 7.27e-04 | 0.4s
epoch 4174 | loss 8.4007 | lr 7.26e-04 | 0.4s
epoch 4175 | loss 8.3914 | lr 7.26e-04 | 0.4s
epoch 4176 | loss 8.4151 | lr 7.26e-04 | 0.4s
epoch 4177 | loss 8.4592 | lr 7.26e-04 | 0.4s
epoch 4178 | loss 8.4605 | lr 7.25e-04 | 0.4s
epoch 4179 | loss 8.4086 | lr 7.25e-04 | 0.4s
epoch 4180 | loss 8.3956 | lr 7.25e-04 | 0.4s
epoch 4181 | loss 8.4311 | lr 7.24e-04 | 0.4s
epoch 4182 | loss 8.4284 | lr 7.24e-04 | 0.4s
epoch 4183 | loss 8.4072 | lr 7.24e-04 | 0.4s
epoch 4184 | loss 8.4011 | lr 7.23e-04 | 0.5s
epoch 4185 | loss 8.4710 | lr 7.23e-04 | 0.4s
epoch 4186 | loss 8.4564 | lr 7.23e-04 | 0.5s
epoch 4187 | loss 8.4372 | lr 7.22e-04 | 0.4s
epoch 4188 | loss 8.4171 | lr 7.22e-04 | 0.4s
epoch 4189 | loss 8.4480 | lr 7.22e-04 | 0.5s
epoch 4190 | loss 8.4258 | lr 7.22e-04 | 0.4s
epoch 4191 | loss 8.3982 | lr 7.21e-04 | 0.5s
epoch 4192 | loss 8.4373 | lr 7.21e-04 | 0.5s
epoch 4193 | loss 8.4307 | lr 7.21e-04 | 0.4s
epoch 4194 | loss 8.4468 | lr 7.20e-04 | 0.4s
epoch 4195 | loss 8.4196 | lr 7.20e-04 | 0.4s
epoch 4196 | loss 8.4449 | lr 7.20e-04 | 0.4s
epoch 4197 | loss 8.4387 | lr 7.19e-04 | 0.5s
epoch 4198 | loss 8.4075 | lr 7.19e-04 | 0.4s
epoch 4199 | loss 8.4048 | lr 7.19e-04 | 0.4s
epoch 4200 | loss 8.4405 | lr 7.18e-04 | 0.5s
epoch 4201 | loss 8.4170 | lr 7.18e-04 | 0.4s
epoch 4202 | loss 8.4428 | lr 7.18e-04 | 0.4s
epoch 4203 | loss 8.3909 | lr 7.18e-04 | 0.4s
epoch 4204 | loss 8.4042 | lr 7.17e-04 | 0.4s
epoch 4205 | loss 8.4424 | lr 7.17e-04 | 0.4s
epoch 4206 | loss 8.4417 | lr 7.17e-04 | 0.5s
epoch 4207 | loss 8.4746 | lr 7.16e-04 | 0.4s
epoch 4208 | loss 8.3956 | lr 7.16e-04 | 0.4s
epoch 4209 | loss 8.4457 | lr 7.16e-04 | 0.4s
epoch 4210 | loss 8.4036 | lr 7.15e-04 | 0.4s
epoch 4211 | loss 8.4320 | lr 7.15e-04 | 0.5s
epoch 4212 | loss 8.4175 | lr 7.15e-04 | 0.4s
epoch 4213 | loss 8.3812 | lr 7.15e-04 | 0.4s
epoch 4214 | loss 8.4368 | lr 7.14e-04 | 0.5s
epoch 4215 | loss 8.3464 | lr 7.14e-04 | 0.4s
epoch 4216 | loss 8.3997 | lr 7.14e-04 | 0.4s
epoch 4217 | loss 8.4599 | lr 7.13e-04 | 0.5s
epoch 4218 | loss 8.3847 | lr 7.13e-04 | 0.4s
epoch 4219 | loss 8.4203 | lr 7.13e-04 | 0.5s
epoch 4220 | loss 8.4100 | lr 7.12e-04 | 0.4s
epoch 4221 | loss 8.4089 | lr 7.12e-04 | 0.4s
epoch 4222 | loss 8.4203 | lr 7.12e-04 | 0.4s
epoch 4223 | loss 8.4228 | lr 7.11e-04 | 0.4s
epoch 4224 | loss 8.3934 | lr 7.11e-04 | 0.4s
epoch 4225 | loss 8.4086 | lr 7.11e-04 | 0.4s
epoch 4226 | loss 8.3952 | lr 7.11e-04 | 0.5s
epoch 4227 | loss 8.4008 | lr 7.10e-04 | 0.4s
epoch 4228 | loss 8.4159 | lr 7.10e-04 | 0.4s
epoch 4229 | loss 8.3738 | lr 7.10e-04 | 0.5s
epoch 4230 | loss 8.4014 | lr 7.09e-04 | 0.4s
epoch 4231 | loss 8.4197 | lr 7.09e-04 | 0.4s
epoch 4232 | loss 8.3859 | lr 7.09e-04 | 0.5s
epoch 4233 | loss 8.4211 | lr 7.08e-04 | 0.4s
epoch 4234 | loss 8.4033 | lr 7.08e-04 | 0.4s
epoch 4235 | loss 8.4223 | lr 7.08e-04 | 0.4s
epoch 4236 | loss 8.4374 | lr 7.08e-04 | 0.4s
epoch 4237 | loss 8.4059 | lr 7.07e-04 | 0.4s
epoch 4238 | loss 8.4393 | lr 7.07e-04 | 0.4s
epoch 4239 | loss 8.3954 | lr 7.07e-04 | 0.4s
epoch 4240 | loss 8.3590 | lr 7.06e-04 | 0.4s
epoch 4241 | loss 8.4475 | lr 7.06e-04 | 0.4s
epoch 4242 | loss 8.4375 | lr 7.06e-04 | 0.4s
epoch 4243 | loss 8.3896 | lr 7.05e-04 | 0.4s
epoch 4244 | loss 8.4384 | lr 7.05e-04 | 0.4s
epoch 4245 | loss 8.3982 | lr 7.05e-04 | 0.4s
epoch 4246 | loss 8.4567 | lr 7.04e-04 | 0.4s
epoch 4247 | loss 8.4294 | lr 7.04e-04 | 0.5s
epoch 4248 | loss 8.4310 | lr 7.04e-04 | 0.5s
epoch 4249 | loss 8.4101 | lr 7.04e-04 | 0.4s
epoch 4250 | loss 8.4082 | lr 7.03e-04 | 0.4s
epoch 4251 | loss 8.4471 | lr 7.03e-04 | 0.4s
epoch 4252 | loss 8.4439 | lr 7.03e-04 | 0.4s
epoch 4253 | loss 8.4599 | lr 7.02e-04 | 0.5s
epoch 4254 | loss 8.4107 | lr 7.02e-04 | 0.4s
epoch 4255 | loss 8.3538 | lr 7.02e-04 | 0.4s
epoch 4256 | loss 8.4671 | lr 7.01e-04 | 0.4s
epoch 4257 | loss 8.3814 | lr 7.01e-04 | 0.4s
epoch 4258 | loss 8.4037 | lr 7.01e-04 | 0.4s
epoch 4259 | loss 8.3720 | lr 7.00e-04 | 0.4s
epoch 4260 | loss 8.4071 | lr 7.00e-04 | 0.4s
epoch 4261 | loss 8.5118 | lr 7.00e-04 | 0.4s
epoch 4262 | loss 8.4133 | lr 7.00e-04 | 0.4s
epoch 4263 | loss 8.4228 | lr 6.99e-04 | 0.4s
epoch 4264 | loss 8.4008 | lr 6.99e-04 | 0.5s
epoch 4265 | loss 8.4280 | lr 6.99e-04 | 0.4s
epoch 4266 | loss 8.4314 | lr 6.98e-04 | 0.4s
epoch 4267 | loss 8.4276 | lr 6.98e-04 | 0.4s
epoch 4268 | loss 8.4177 | lr 6.98e-04 | 0.4s
epoch 4269 | loss 8.3699 | lr 6.97e-04 | 0.4s
epoch 4270 | loss 8.4022 | lr 6.97e-04 | 0.4s
epoch 4271 | loss 8.3860 | lr 6.97e-04 | 0.4s
epoch 4272 | loss 8.4154 | lr 6.97e-04 | 0.4s
epoch 4273 | loss 8.4205 | lr 6.96e-04 | 0.4s
epoch 4274 | loss 8.4492 | lr 6.96e-04 | 0.4s
epoch 4275 | loss 8.4364 | lr 6.96e-04 | 0.4s
epoch 4276 | loss 8.4413 | lr 6.95e-04 | 0.4s
epoch 4277 | loss 8.4063 | lr 6.95e-04 | 0.4s
epoch 4278 | loss 8.3982 | lr 6.95e-04 | 0.4s
epoch 4279 | loss 8.3785 | lr 6.94e-04 | 0.4s
epoch 4280 | loss 8.4180 | lr 6.94e-04 | 0.4s
epoch 4281 | loss 8.4112 | lr 6.94e-04 | 0.4s
epoch 4282 | loss 8.3810 | lr 6.93e-04 | 0.4s
epoch 4283 | loss 8.3957 | lr 6.93e-04 | 0.4s
epoch 4284 | loss 8.4900 | lr 6.93e-04 | 0.4s
epoch 4285 | loss 8.4081 | lr 6.93e-04 | 0.5s
epoch 4286 | loss 8.3887 | lr 6.92e-04 | 0.4s
epoch 4287 | loss 8.3774 | lr 6.92e-04 | 0.5s
epoch 4288 | loss 8.3942 | lr 6.92e-04 | 0.4s
epoch 4289 | loss 8.3893 | lr 6.91e-04 | 0.4s
epoch 4290 | loss 8.4428 | lr 6.91e-04 | 0.4s
epoch 4291 | loss 8.4478 | lr 6.91e-04 | 0.4s
epoch 4292 | loss 8.3994 | lr 6.90e-04 | 0.4s
epoch 4293 | loss 8.3473 | lr 6.90e-04 | 0.5s
epoch 4294 | loss 8.3669 | lr 6.90e-04 | 0.4s
epoch 4295 | loss 8.3616 | lr 6.90e-04 | 0.5s
epoch 4296 | loss 8.4304 | lr 6.89e-04 | 0.4s
epoch 4297 | loss 8.4469 | lr 6.89e-04 | 0.5s
epoch 4298 | loss 8.4201 | lr 6.89e-04 | 0.4s
epoch 4299 | loss 8.3630 | lr 6.88e-04 | 0.4s
epoch 4300 | loss 8.4493 | lr 6.88e-04 | 0.4s
epoch 4301 | loss 8.3944 | lr 6.88e-04 | 0.4s
epoch 4302 | loss 8.4595 | lr 6.87e-04 | 0.4s
epoch 4303 | loss 8.4144 | lr 6.87e-04 | 0.4s
epoch 4304 | loss 8.3791 | lr 6.87e-04 | 0.4s
epoch 4305 | loss 8.4186 | lr 6.86e-04 | 0.4s
epoch 4306 | loss 8.3819 | lr 6.86e-04 | 0.5s
epoch 4307 | loss 8.3913 | lr 6.86e-04 | 0.4s
epoch 4308 | loss 8.4529 | lr 6.86e-04 | 0.5s
epoch 4309 | loss 8.4080 | lr 6.85e-04 | 0.4s
epoch 4310 | loss 8.3736 | lr 6.85e-04 | 0.4s
epoch 4311 | loss 8.3819 | lr 6.85e-04 | 0.4s
epoch 4312 | loss 8.4480 | lr 6.84e-04 | 0.4s
epoch 4313 | loss 8.3826 | lr 6.84e-04 | 0.4s
epoch 4314 | loss 8.4144 | lr 6.84e-04 | 0.4s
epoch 4315 | loss 8.3882 | lr 6.83e-04 | 0.4s
epoch 4316 | loss 8.3838 | lr 6.83e-04 | 0.5s
epoch 4317 | loss 8.3625 | lr 6.83e-04 | 0.4s
epoch 4318 | loss 8.4248 | lr 6.83e-04 | 0.4s
epoch 4319 | loss 8.4407 | lr 6.82e-04 | 0.4s
epoch 4320 | loss 8.4402 | lr 6.82e-04 | 0.4s
epoch 4321 | loss 8.4269 | lr 6.82e-04 | 0.5s
epoch 4322 | loss 8.4350 | lr 6.81e-04 | 0.4s
epoch 4323 | loss 8.4174 | lr 6.81e-04 | 0.5s
epoch 4324 | loss 8.4819 | lr 6.81e-04 | 0.4s
epoch 4325 | loss 8.4231 | lr 6.80e-04 | 0.5s
epoch 4326 | loss 8.4167 | lr 6.80e-04 | 0.4s
epoch 4327 | loss 8.4085 | lr 6.80e-04 | 0.4s
epoch 4328 | loss 8.4487 | lr 6.80e-04 | 0.5s
epoch 4329 | loss 8.4567 | lr 6.79e-04 | 0.4s
epoch 4330 | loss 8.4160 | lr 6.79e-04 | 0.4s
epoch 4331 | loss 8.4227 | lr 6.79e-04 | 0.4s
epoch 4332 | loss 8.3758 | lr 6.78e-04 | 0.5s
epoch 4333 | loss 8.4257 | lr 6.78e-04 | 0.5s
epoch 4334 | loss 8.4227 | lr 6.78e-04 | 0.4s
epoch 4335 | loss 8.4623 | lr 6.77e-04 | 0.4s
epoch 4336 | loss 8.4271 | lr 6.77e-04 | 0.4s
epoch 4337 | loss 8.3867 | lr 6.77e-04 | 0.4s
epoch 4338 | loss 8.3930 | lr 6.76e-04 | 0.4s
epoch 4339 | loss 8.3836 | lr 6.76e-04 | 0.5s
epoch 4340 | loss 8.4098 | lr 6.76e-04 | 0.4s
epoch 4341 | loss 8.4099 | lr 6.76e-04 | 0.4s
epoch 4342 | loss 8.4014 | lr 6.75e-04 | 0.4s
epoch 4343 | loss 8.4216 | lr 6.75e-04 | 0.5s
epoch 4344 | loss 8.3569 | lr 6.75e-04 | 0.4s
epoch 4345 | loss 8.3523 | lr 6.74e-04 | 0.4s
epoch 4346 | loss 8.3940 | lr 6.74e-04 | 0.4s
epoch 4347 | loss 8.3918 | lr 6.74e-04 | 0.4s
epoch 4348 | loss 8.3712 | lr 6.73e-04 | 0.4s
epoch 4349 | loss 8.3928 | lr 6.73e-04 | 0.5s
epoch 4350 | loss 8.4106 | lr 6.73e-04 | 0.4s
epoch 4351 | loss 8.3971 | lr 6.73e-04 | 0.4s
epoch 4352 | loss 8.4417 | lr 6.72e-04 | 0.4s
epoch 4353 | loss 8.4019 | lr 6.72e-04 | 0.4s
epoch 4354 | loss 8.3797 | lr 6.72e-04 | 0.4s
epoch 4355 | loss 8.3999 | lr 6.71e-04 | 0.5s
epoch 4356 | loss 8.4379 | lr 6.71e-04 | 0.4s
epoch 4357 | loss 8.3969 | lr 6.71e-04 | 0.5s
epoch 4358 | loss 8.4196 | lr 6.70e-04 | 0.4s
epoch 4359 | loss 8.3928 | lr 6.70e-04 | 0.4s
epoch 4360 | loss 8.4094 | lr 6.70e-04 | 0.4s
epoch 4361 | loss 8.4270 | lr 6.69e-04 | 0.5s
epoch 4362 | loss 8.3807 | lr 6.69e-04 | 0.5s
epoch 4363 | loss 8.4060 | lr 6.69e-04 | 0.5s
epoch 4364 | loss 8.4089 | lr 6.69e-04 | 0.5s
epoch 4365 | loss 8.3650 | lr 6.68e-04 | 0.4s
epoch 4366 | loss 8.3906 | lr 6.68e-04 | 0.4s
epoch 4367 | loss 8.4484 | lr 6.68e-04 | 0.4s
epoch 4368 | loss 8.4161 | lr 6.67e-04 | 0.4s
epoch 4369 | loss 8.4522 | lr 6.67e-04 | 0.5s
epoch 4370 | loss 8.4521 | lr 6.67e-04 | 0.4s
epoch 4371 | loss 8.4295 | lr 6.66e-04 | 0.4s
epoch 4372 | loss 8.4100 | lr 6.66e-04 | 0.4s
epoch 4373 | loss 8.4174 | lr 6.66e-04 | 0.4s
epoch 4374 | loss 8.4032 | lr 6.66e-04 | 0.4s
epoch 4375 | loss 8.4363 | lr 6.65e-04 | 0.4s
epoch 4376 | loss 8.3897 | lr 6.65e-04 | 0.4s
epoch 4377 | loss 8.4030 | lr 6.65e-04 | 0.4s
epoch 4378 | loss 8.3846 | lr 6.64e-04 | 0.4s
epoch 4379 | loss 8.4235 | lr 6.64e-04 | 0.4s
epoch 4380 | loss 8.3672 | lr 6.64e-04 | 0.4s
epoch 4381 | loss 8.4127 | lr 6.63e-04 | 0.4s
epoch 4382 | loss 8.3926 | lr 6.63e-04 | 0.4s
epoch 4383 | loss 8.3926 | lr 6.63e-04 | 0.5s
epoch 4384 | loss 8.4102 | lr 6.63e-04 | 0.4s
epoch 4385 | loss 8.3904 | lr 6.62e-04 | 0.4s
epoch 4386 | loss 8.4054 | lr 6.62e-04 | 0.4s
epoch 4387 | loss 8.3717 | lr 6.62e-04 | 0.5s
epoch 4388 | loss 8.3786 | lr 6.61e-04 | 0.4s
epoch 4389 | loss 8.4052 | lr 6.61e-04 | 0.4s
epoch 4390 | loss 8.3886 | lr 6.61e-04 | 0.4s
epoch 4391 | loss 8.4115 | lr 6.60e-04 | 0.4s
epoch 4392 | loss 8.3816 | lr 6.60e-04 | 0.5s
epoch 4393 | loss 8.4092 | lr 6.60e-04 | 0.4s
epoch 4394 | loss 8.4092 | lr 6.59e-04 | 0.5s
epoch 4395 | loss 8.4282 | lr 6.59e-04 | 0.4s
epoch 4396 | loss 8.3863 | lr 6.59e-04 | 0.4s
epoch 4397 | loss 8.3983 | lr 6.59e-04 | 0.4s
epoch 4398 | loss 8.3690 | lr 6.58e-04 | 0.4s
epoch 4399 | loss 8.3904 | lr 6.58e-04 | 0.5s
epoch 4400 | loss 8.3565 | lr 6.58e-04 | 0.4s
epoch 4401 | loss 8.3790 | lr 6.57e-04 | 0.5s
epoch 4402 | loss 8.3942 | lr 6.57e-04 | 0.4s
epoch 4403 | loss 8.3934 | lr 6.57e-04 | 0.4s
epoch 4404 | loss 8.4010 | lr 6.56e-04 | 0.4s
epoch 4405 | loss 8.4198 | lr 6.56e-04 | 0.4s
epoch 4406 | loss 8.3845 | lr 6.56e-04 | 0.4s
epoch 4407 | loss 8.4115 | lr 6.56e-04 | 0.4s
epoch 4408 | loss 8.4087 | lr 6.55e-04 | 0.5s
epoch 4409 | loss 8.4061 | lr 6.55e-04 | 0.5s
epoch 4410 | loss 8.3759 | lr 6.55e-04 | 0.4s
epoch 4411 | loss 8.4268 | lr 6.54e-04 | 0.4s
epoch 4412 | loss 8.3908 | lr 6.54e-04 | 0.5s
epoch 4413 | loss 8.4648 | lr 6.54e-04 | 0.4s
epoch 4414 | loss 8.4551 | lr 6.53e-04 | 0.4s
epoch 4415 | loss 8.4355 | lr 6.53e-04 | 0.4s
epoch 4416 | loss 8.3799 | lr 6.53e-04 | 0.4s
epoch 4417 | loss 8.4086 | lr 6.53e-04 | 0.4s
epoch 4418 | loss 8.4209 | lr 6.52e-04 | 0.4s
epoch 4419 | loss 8.3806 | lr 6.52e-04 | 0.4s
epoch 4420 | loss 8.3950 | lr 6.52e-04 | 0.4s
epoch 4421 | loss 8.3916 | lr 6.51e-04 | 0.4s
epoch 4422 | loss 8.4173 | lr 6.51e-04 | 0.4s
epoch 4423 | loss 8.4298 | lr 6.51e-04 | 0.4s
epoch 4424 | loss 8.3990 | lr 6.50e-04 | 0.4s
epoch 4425 | loss 8.4239 | lr 6.50e-04 | 0.4s
epoch 4426 | loss 8.4253 | lr 6.50e-04 | 0.4s
epoch 4427 | loss 8.3943 | lr 6.50e-04 | 0.4s
epoch 4428 | loss 8.4465 | lr 6.49e-04 | 0.4s
epoch 4429 | loss 8.3777 | lr 6.49e-04 | 0.5s
epoch 4430 | loss 8.4164 | lr 6.49e-04 | 0.4s
epoch 4431 | loss 8.3999 | lr 6.48e-04 | 0.4s
epoch 4432 | loss 8.4287 | lr 6.48e-04 | 0.4s
epoch 4433 | loss 8.4333 | lr 6.48e-04 | 0.4s
epoch 4434 | loss 8.3942 | lr 6.47e-04 | 0.4s
epoch 4435 | loss 8.4414 | lr 6.47e-04 | 0.4s
epoch 4436 | loss 8.4225 | lr 6.47e-04 | 0.4s
epoch 4437 | loss 8.4039 | lr 6.46e-04 | 0.5s
epoch 4438 | loss 8.4142 | lr 6.46e-04 | 0.4s
epoch 4439 | loss 8.4430 | lr 6.46e-04 | 0.5s
epoch 4440 | loss 8.4235 | lr 6.46e-04 | 0.4s
epoch 4441 | loss 8.3724 | lr 6.45e-04 | 0.4s
epoch 4442 | loss 8.4094 | lr 6.45e-04 | 0.5s
epoch 4443 | loss 8.4484 | lr 6.45e-04 | 0.5s
epoch 4444 | loss 8.4225 | lr 6.44e-04 | 0.4s
epoch 4445 | loss 8.3891 | lr 6.44e-04 | 0.4s
epoch 4446 | loss 8.4316 | lr 6.44e-04 | 0.4s
epoch 4447 | loss 8.4525 | lr 6.43e-04 | 0.4s
epoch 4448 | loss 8.4681 | lr 6.43e-04 | 0.5s
epoch 4449 | loss 8.4323 | lr 6.43e-04 | 0.5s
epoch 4450 | loss 8.4380 | lr 6.43e-04 | 0.5s
epoch 4451 | loss 8.3708 | lr 6.42e-04 | 0.4s
epoch 4452 | loss 8.3680 | lr 6.42e-04 | 0.5s
epoch 4453 | loss 8.3480 | lr 6.42e-04 | 0.5s
epoch 4454 | loss 8.4563 | lr 6.41e-04 | 0.5s
epoch 4455 | loss 8.4192 | lr 6.41e-04 | 0.4s
epoch 4456 | loss 8.3936 | lr 6.41e-04 | 0.4s
epoch 4457 | loss 8.4011 | lr 6.40e-04 | 0.5s
epoch 4458 | loss 8.4282 | lr 6.40e-04 | 0.4s
epoch 4459 | loss 8.4405 | lr 6.40e-04 | 0.5s
epoch 4460 | loss 8.4123 | lr 6.40e-04 | 0.4s
epoch 4461 | loss 8.4026 | lr 6.39e-04 | 0.5s
epoch 4462 | loss 8.4292 | lr 6.39e-04 | 0.5s
epoch 4463 | loss 8.4075 | lr 6.39e-04 | 0.5s
epoch 4464 | loss 8.4652 | lr 6.38e-04 | 0.4s
epoch 4465 | loss 8.4089 | lr 6.38e-04 | 0.4s
epoch 4466 | loss 8.4307 | lr 6.38e-04 | 0.4s
epoch 4467 | loss 8.4687 | lr 6.37e-04 | 0.4s
epoch 4468 | loss 8.4598 | lr 6.37e-04 | 0.5s
epoch 4469 | loss 8.4146 | lr 6.37e-04 | 0.4s
epoch 4470 | loss 8.4013 | lr 6.37e-04 | 0.4s
epoch 4471 | loss 8.3932 | lr 6.36e-04 | 0.4s
epoch 4472 | loss 8.4189 | lr 6.36e-04 | 0.4s
epoch 4473 | loss 8.3854 | lr 6.36e-04 | 0.4s
epoch 4474 | loss 8.4333 | lr 6.35e-04 | 0.4s
epoch 4475 | loss 8.4336 | lr 6.35e-04 | 0.4s
epoch 4476 | loss 8.4179 | lr 6.35e-04 | 0.5s
epoch 4477 | loss 8.4418 | lr 6.34e-04 | 0.4s
epoch 4478 | loss 8.4130 | lr 6.34e-04 | 0.4s
epoch 4479 | loss 8.4162 | lr 6.34e-04 | 0.5s
epoch 4480 | loss 8.4066 | lr 6.34e-04 | 0.5s
epoch 4481 | loss 8.4157 | lr 6.33e-04 | 0.5s
epoch 4482 | loss 8.4022 | lr 6.33e-04 | 0.5s
epoch 4483 | loss 8.3987 | lr 6.33e-04 | 0.4s
epoch 4484 | loss 8.4625 | lr 6.32e-04 | 0.5s
epoch 4485 | loss 8.4153 | lr 6.32e-04 | 0.4s
epoch 4486 | loss 8.4094 | lr 6.32e-04 | 0.4s
epoch 4487 | loss 8.3702 | lr 6.31e-04 | 0.4s
epoch 4488 | loss 8.3999 | lr 6.31e-04 | 0.5s
epoch 4489 | loss 8.3910 | lr 6.31e-04 | 0.5s
epoch 4490 | loss 8.3553 | lr 6.31e-04 | 0.4s
epoch 4491 | loss 8.4522 | lr 6.30e-04 | 0.4s
epoch 4492 | loss 8.3805 | lr 6.30e-04 | 0.4s
epoch 4493 | loss 8.3772 | lr 6.30e-04 | 0.4s
epoch 4494 | loss 8.4111 | lr 6.29e-04 | 0.5s
epoch 4495 | loss 8.4043 | lr 6.29e-04 | 0.4s
epoch 4496 | loss 8.3955 | lr 6.29e-04 | 0.4s
epoch 4497 | loss 8.3632 | lr 6.28e-04 | 0.5s
epoch 4498 | loss 8.4438 | lr 6.28e-04 | 0.4s
epoch 4499 | loss 8.3798 | lr 6.28e-04 | 0.4s
epoch 4500 | loss 8.3654 | lr 6.28e-04 | 0.4s
epoch 4501 | loss 8.3793 | lr 6.27e-04 | 0.4s
epoch 4502 | loss 8.3629 | lr 6.27e-04 | 0.4s
epoch 4503 | loss 8.3667 | lr 6.27e-04 | 0.4s
epoch 4504 | loss 8.4258 | lr 6.26e-04 | 0.4s
epoch 4505 | loss 8.4121 | lr 6.26e-04 | 0.4s
epoch 4506 | loss 8.3966 | lr 6.26e-04 | 0.5s
epoch 4507 | loss 8.4293 | lr 6.25e-04 | 0.5s
epoch 4508 | loss 8.4019 | lr 6.25e-04 | 0.5s
epoch 4509 | loss 8.4082 | lr 6.25e-04 | 0.4s
epoch 4510 | loss 8.4271 | lr 6.25e-04 | 0.4s
epoch 4511 | loss 8.4104 | lr 6.24e-04 | 0.4s
epoch 4512 | loss 8.3812 | lr 6.24e-04 | 0.4s
epoch 4513 | loss 8.3762 | lr 6.24e-04 | 0.4s
epoch 4514 | loss 8.4050 | lr 6.23e-04 | 0.5s
epoch 4515 | loss 8.4339 | lr 6.23e-04 | 0.5s
epoch 4516 | loss 8.4045 | lr 6.23e-04 | 0.4s
epoch 4517 | loss 8.4165 | lr 6.22e-04 | 0.4s
epoch 4518 | loss 8.4067 | lr 6.22e-04 | 0.5s
epoch 4519 | loss 8.3843 | lr 6.22e-04 | 0.5s
epoch 4520 | loss 8.4035 | lr 6.22e-04 | 0.4s
epoch 4521 | loss 8.3787 | lr 6.21e-04 | 0.5s
epoch 4522 | loss 8.3849 | lr 6.21e-04 | 0.4s
epoch 4523 | loss 8.4205 | lr 6.21e-04 | 0.5s
epoch 4524 | loss 8.4180 | lr 6.20e-04 | 0.4s
epoch 4525 | loss 8.3995 | lr 6.20e-04 | 0.5s
epoch 4526 | loss 8.3835 | lr 6.20e-04 | 0.4s
epoch 4527 | loss 8.3978 | lr 6.19e-04 | 0.4s
epoch 4528 | loss 8.4062 | lr 6.19e-04 | 0.4s
epoch 4529 | loss 8.4286 | lr 6.19e-04 | 0.5s
epoch 4530 | loss 8.4215 | lr 6.19e-04 | 0.4s
epoch 4531 | loss 8.4338 | lr 6.18e-04 | 0.4s
epoch 4532 | loss 8.4381 | lr 6.18e-04 | 0.4s
epoch 4533 | loss 8.3816 | lr 6.18e-04 | 0.4s
epoch 4534 | loss 8.4060 | lr 6.17e-04 | 0.4s
epoch 4535 | loss 8.3962 | lr 6.17e-04 | 0.4s
epoch 4536 | loss 8.3796 | lr 6.17e-04 | 0.5s
epoch 4537 | loss 8.4529 | lr 6.16e-04 | 0.4s
epoch 4538 | loss 8.4325 | lr 6.16e-04 | 0.4s
epoch 4539 | loss 8.3681 | lr 6.16e-04 | 0.4s
epoch 4540 | loss 8.4281 | lr 6.16e-04 | 0.4s
epoch 4541 | loss 8.4606 | lr 6.15e-04 | 0.5s
epoch 4542 | loss 8.4381 | lr 6.15e-04 | 0.4s
epoch 4543 | loss 8.4451 | lr 6.15e-04 | 0.4s
epoch 4544 | loss 8.3614 | lr 6.14e-04 | 0.4s
epoch 4545 | loss 8.3864 | lr 6.14e-04 | 0.5s
epoch 4546 | loss 8.4193 | lr 6.14e-04 | 0.4s
epoch 4547 | loss 8.4251 | lr 6.13e-04 | 0.4s
epoch 4548 | loss 8.4095 | lr 6.13e-04 | 0.5s
epoch 4549 | loss 8.3565 | lr 6.13e-04 | 0.4s
epoch 4550 | loss 8.4179 | lr 6.13e-04 | 0.4s
epoch 4551 | loss 8.4202 | lr 6.12e-04 | 0.4s
epoch 4552 | loss 8.4257 | lr 6.12e-04 | 0.5s
epoch 4553 | loss 8.3983 | lr 6.12e-04 | 0.5s
epoch 4554 | loss 8.4068 | lr 6.11e-04 | 0.4s
epoch 4555 | loss 8.3723 | lr 6.11e-04 | 0.5s
epoch 4556 | loss 8.3797 | lr 6.11e-04 | 0.4s
epoch 4557 | loss 8.4107 | lr 6.10e-04 | 0.4s
epoch 4558 | loss 8.4572 | lr 6.10e-04 | 0.5s
epoch 4559 | loss 8.4033 | lr 6.10e-04 | 0.4s
epoch 4560 | loss 8.4218 | lr 6.10e-04 | 0.4s
epoch 4561 | loss 8.4152 | lr 6.09e-04 | 0.5s
epoch 4562 | loss 8.4504 | lr 6.09e-04 | 0.4s
epoch 4563 | loss 8.4415 | lr 6.09e-04 | 0.4s
epoch 4564 | loss 8.3911 | lr 6.08e-04 | 0.4s
epoch 4565 | loss 8.3631 | lr 6.08e-04 | 0.5s
epoch 4566 | loss 8.3776 | lr 6.08e-04 | 0.4s
epoch 4567 | loss 8.4000 | lr 6.07e-04 | 0.4s
epoch 4568 | loss 8.4181 | lr 6.07e-04 | 0.4s
epoch 4569 | loss 8.3803 | lr 6.07e-04 | 0.5s
epoch 4570 | loss 8.4026 | lr 6.07e-04 | 0.4s
epoch 4571 | loss 8.3466 | lr 6.06e-04 | 0.4s
epoch 4572 | loss 8.4104 | lr 6.06e-04 | 0.4s
epoch 4573 | loss 8.3715 | lr 6.06e-04 | 0.4s
epoch 4574 | loss 8.3878 | lr 6.05e-04 | 0.4s
epoch 4575 | loss 8.4170 | lr 6.05e-04 | 0.4s
epoch 4576 | loss 8.4076 | lr 6.05e-04 | 0.4s
epoch 4577 | loss 8.3950 | lr 6.04e-04 | 0.5s
epoch 4578 | loss 8.4013 | lr 6.04e-04 | 0.5s
epoch 4579 | loss 8.3524 | lr 6.04e-04 | 0.4s
epoch 4580 | loss 8.4436 | lr 6.04e-04 | 0.4s
epoch 4581 | loss 8.4163 | lr 6.03e-04 | 0.4s
epoch 4582 | loss 8.4226 | lr 6.03e-04 | 0.4s
epoch 4583 | loss 8.4712 | lr 6.03e-04 | 0.5s
epoch 4584 | loss 8.3477 | lr 6.02e-04 | 0.4s
epoch 4585 | loss 8.3669 | lr 6.02e-04 | 0.4s
epoch 4586 | loss 8.3589 | lr 6.02e-04 | 0.4s
epoch 4587 | loss 8.4219 | lr 6.01e-04 | 0.5s
epoch 4588 | loss 8.3866 | lr 6.01e-04 | 0.4s
epoch 4589 | loss 8.3976 | lr 6.01e-04 | 0.5s
epoch 4590 | loss 8.3942 | lr 6.01e-04 | 0.5s
epoch 4591 | loss 8.3947 | lr 6.00e-04 | 0.5s
epoch 4592 | loss 8.3998 | lr 6.00e-04 | 0.5s
epoch 4593 | loss 8.3688 | lr 6.00e-04 | 0.4s
epoch 4594 | loss 8.4318 | lr 5.99e-04 | 0.4s
epoch 4595 | loss 8.4160 | lr 5.99e-04 | 0.4s
epoch 4596 | loss 8.3836 | lr 5.99e-04 | 0.4s
epoch 4597 | loss 8.4151 | lr 5.99e-04 | 0.4s
epoch 4598 | loss 8.4154 | lr 5.98e-04 | 0.5s
epoch 4599 | loss 8.3879 | lr 5.98e-04 | 0.4s
epoch 4600 | loss 8.4043 | lr 5.98e-04 | 0.4s
epoch 4601 | loss 8.3869 | lr 5.97e-04 | 0.4s
epoch 4602 | loss 8.3616 | lr 5.97e-04 | 0.5s
epoch 4603 | loss 8.3778 | lr 5.97e-04 | 0.4s
epoch 4604 | loss 8.4062 | lr 5.96e-04 | 0.4s
epoch 4605 | loss 8.3780 | lr 5.96e-04 | 0.4s
epoch 4606 | loss 8.4108 | lr 5.96e-04 | 0.5s
epoch 4607 | loss 8.3889 | lr 5.96e-04 | 0.5s
epoch 4608 | loss 8.3819 | lr 5.95e-04 | 0.4s
epoch 4609 | loss 8.4398 | lr 5.95e-04 | 0.5s
epoch 4610 | loss 8.4056 | lr 5.95e-04 | 0.4s
epoch 4611 | loss 8.4008 | lr 5.94e-04 | 0.4s
epoch 4612 | loss 8.3845 | lr 5.94e-04 | 0.5s
epoch 4613 | loss 8.4343 | lr 5.94e-04 | 0.4s
epoch 4614 | loss 8.4228 | lr 5.93e-04 | 0.5s
epoch 4615 | loss 8.4089 | lr 5.93e-04 | 0.4s
epoch 4616 | loss 8.3830 | lr 5.93e-04 | 0.5s
epoch 4617 | loss 8.4313 | lr 5.93e-04 | 0.4s
epoch 4618 | loss 8.4109 | lr 5.92e-04 | 0.5s
epoch 4619 | loss 8.3611 | lr 5.92e-04 | 0.4s
epoch 4620 | loss 8.3690 | lr 5.92e-04 | 0.4s
epoch 4621 | loss 8.3842 | lr 5.91e-04 | 0.4s
epoch 4622 | loss 8.3817 | lr 5.91e-04 | 0.4s
epoch 4623 | loss 8.3761 | lr 5.91e-04 | 0.4s
epoch 4624 | loss 8.3561 | lr 5.90e-04 | 0.4s
epoch 4625 | loss 8.3878 | lr 5.90e-04 | 0.4s
epoch 4626 | loss 8.4208 | lr 5.90e-04 | 0.5s
epoch 4627 | loss 8.4103 | lr 5.90e-04 | 0.5s
epoch 4628 | loss 8.3977 | lr 5.89e-04 | 0.4s
epoch 4629 | loss 8.3799 | lr 5.89e-04 | 0.4s
epoch 4630 | loss 8.3790 | lr 5.89e-04 | 0.4s
epoch 4631 | loss 8.3871 | lr 5.88e-04 | 0.5s
epoch 4632 | loss 8.3888 | lr 5.88e-04 | 0.5s
epoch 4633 | loss 8.4268 | lr 5.88e-04 | 0.4s
epoch 4634 | loss 8.3826 | lr 5.88e-04 | 0.5s
epoch 4635 | loss 8.3628 | lr 5.87e-04 | 0.4s
epoch 4636 | loss 8.3885 | lr 5.87e-04 | 0.4s
epoch 4637 | loss 8.3823 | lr 5.87e-04 | 0.4s
epoch 4638 | loss 8.3907 | lr 5.86e-04 | 0.4s
epoch 4639 | loss 8.3665 | lr 5.86e-04 | 0.4s
epoch 4640 | loss 8.3661 | lr 5.86e-04 | 0.4s
epoch 4641 | loss 8.4154 | lr 5.85e-04 | 0.5s
epoch 4642 | loss 8.4123 | lr 5.85e-04 | 0.4s
epoch 4643 | loss 8.3703 | lr 5.85e-04 | 0.4s
epoch 4644 | loss 8.4140 | lr 5.85e-04 | 0.4s
epoch 4645 | loss 8.4283 | lr 5.84e-04 | 0.4s
epoch 4646 | loss 8.3887 | lr 5.84e-04 | 0.4s
epoch 4647 | loss 8.4313 | lr 5.84e-04 | 0.4s
epoch 4648 | loss 8.4000 | lr 5.83e-04 | 0.4s
epoch 4649 | loss 8.4299 | lr 5.83e-04 | 0.5s
epoch 4650 | loss 8.4603 | lr 5.83e-04 | 0.4s
epoch 4651 | loss 8.3985 | lr 5.82e-04 | 0.5s
epoch 4652 | loss 8.4094 | lr 5.82e-04 | 0.4s
epoch 4653 | loss 8.3905 | lr 5.82e-04 | 0.4s
epoch 4654 | loss 8.3859 | lr 5.82e-04 | 0.4s
epoch 4655 | loss 8.3821 | lr 5.81e-04 | 0.5s
epoch 4656 | loss 8.3949 | lr 5.81e-04 | 0.4s
epoch 4657 | loss 8.3836 | lr 5.81e-04 | 0.4s
epoch 4658 | loss 8.3945 | lr 5.80e-04 | 0.4s
epoch 4659 | loss 8.3948 | lr 5.80e-04 | 0.4s
epoch 4660 | loss 8.4377 | lr 5.80e-04 | 0.4s
epoch 4661 | loss 8.3485 | lr 5.80e-04 | 0.5s
epoch 4662 | loss 8.3898 | lr 5.79e-04 | 0.5s
epoch 4663 | loss 8.4019 | lr 5.79e-04 | 0.4s
epoch 4664 | loss 8.4108 | lr 5.79e-04 | 0.4s
epoch 4665 | loss 8.3669 | lr 5.78e-04 | 0.4s
epoch 4666 | loss 8.4596 | lr 5.78e-04 | 0.5s
epoch 4667 | loss 8.4130 | lr 5.78e-04 | 0.4s
epoch 4668 | loss 8.4272 | lr 5.77e-04 | 0.4s
epoch 4669 | loss 8.4297 | lr 5.77e-04 | 0.4s
epoch 4670 | loss 8.4020 | lr 5.77e-04 | 0.5s
epoch 4671 | loss 8.3797 | lr 5.77e-04 | 0.4s
epoch 4672 | loss 8.4146 | lr 5.76e-04 | 0.4s
epoch 4673 | loss 8.3937 | lr 5.76e-04 | 0.4s
epoch 4674 | loss 8.4443 | lr 5.76e-04 | 0.4s
epoch 4675 | loss 8.3667 | lr 5.75e-04 | 0.4s
epoch 4676 | loss 8.3528 | lr 5.75e-04 | 0.5s
epoch 4677 | loss 8.3919 | lr 5.75e-04 | 0.4s
epoch 4678 | loss 8.4238 | lr 5.74e-04 | 0.4s
epoch 4679 | loss 8.3800 | lr 5.74e-04 | 0.4s
epoch 4680 | loss 8.4279 | lr 5.74e-04 | 0.4s
epoch 4681 | loss 8.4062 | lr 5.74e-04 | 0.4s
epoch 4682 | loss 8.3717 | lr 5.73e-04 | 0.4s
epoch 4683 | loss 8.4088 | lr 5.73e-04 | 0.4s
epoch 4684 | loss 8.4228 | lr 5.73e-04 | 0.4s
epoch 4685 | loss 8.4060 | lr 5.72e-04 | 0.4s
epoch 4686 | loss 8.4240 | lr 5.72e-04 | 0.4s
epoch 4687 | loss 8.3870 | lr 5.72e-04 | 0.4s
epoch 4688 | loss 8.3432 | lr 5.72e-04 | 0.4s
epoch 4689 | loss 8.4050 | lr 5.71e-04 | 0.4s
epoch 4690 | loss 8.3575 | lr 5.71e-04 | 0.4s
epoch 4691 | loss 8.4002 | lr 5.71e-04 | 0.4s
epoch 4692 | loss 8.3816 | lr 5.70e-04 | 0.4s
epoch 4693 | loss 8.3851 | lr 5.70e-04 | 0.4s
epoch 4694 | loss 8.4208 | lr 5.70e-04 | 0.4s
epoch 4695 | loss 8.4289 | lr 5.69e-04 | 0.5s
epoch 4696 | loss 8.3249 | lr 5.69e-04 | 0.4s
epoch 4697 | loss 8.4070 | lr 5.69e-04 | 0.4s
epoch 4698 | loss 8.3953 | lr 5.69e-04 | 0.5s
epoch 4699 | loss 8.4036 | lr 5.68e-04 | 0.4s
epoch 4700 | loss 8.3475 | lr 5.68e-04 | 0.4s
epoch 4701 | loss 8.4106 | lr 5.68e-04 | 0.4s
epoch 4702 | loss 8.3739 | lr 5.67e-04 | 0.4s
epoch 4703 | loss 8.4451 | lr 5.67e-04 | 0.4s
epoch 4704 | loss 8.3966 | lr 5.67e-04 | 0.4s
epoch 4705 | loss 8.3534 | lr 5.67e-04 | 0.4s
epoch 4706 | loss 8.3888 | lr 5.66e-04 | 0.4s
epoch 4707 | loss 8.3734 | lr 5.66e-04 | 0.4s
epoch 4708 | loss 8.4130 | lr 5.66e-04 | 0.4s
epoch 4709 | loss 8.3812 | lr 5.65e-04 | 0.4s
epoch 4710 | loss 8.3684 | lr 5.65e-04 | 0.4s
epoch 4711 | loss 8.4058 | lr 5.65e-04 | 0.4s
epoch 4712 | loss 8.3873 | lr 5.64e-04 | 0.4s
epoch 4713 | loss 8.3886 | lr 5.64e-04 | 0.4s
epoch 4714 | loss 8.3823 | lr 5.64e-04 | 0.4s
epoch 4715 | loss 8.4134 | lr 5.64e-04 | 0.4s
epoch 4716 | loss 8.4162 | lr 5.63e-04 | 0.4s
epoch 4717 | loss 8.3960 | lr 5.63e-04 | 0.4s
epoch 4718 | loss 8.3794 | lr 5.63e-04 | 0.4s
epoch 4719 | loss 8.4241 | lr 5.62e-04 | 0.4s
epoch 4720 | loss 8.3838 | lr 5.62e-04 | 0.4s
epoch 4721 | loss 8.3902 | lr 5.62e-04 | 0.4s
epoch 4722 | loss 8.3345 | lr 5.62e-04 | 0.4s
epoch 4723 | loss 8.3784 | lr 5.61e-04 | 0.4s
epoch 4724 | loss 8.4159 | lr 5.61e-04 | 0.4s
epoch 4725 | loss 8.4179 | lr 5.61e-04 | 0.4s
epoch 4726 | loss 8.3786 | lr 5.60e-04 | 0.4s
epoch 4727 | loss 8.4038 | lr 5.60e-04 | 0.4s
epoch 4728 | loss 8.4414 | lr 5.60e-04 | 0.4s
epoch 4729 | loss 8.4027 | lr 5.59e-04 | 0.4s
epoch 4730 | loss 8.3838 | lr 5.59e-04 | 0.4s
epoch 4731 | loss 8.4080 | lr 5.59e-04 | 0.4s
epoch 4732 | loss 8.4110 | lr 5.59e-04 | 0.4s
epoch 4733 | loss 8.4037 | lr 5.58e-04 | 0.4s
epoch 4734 | loss 8.4275 | lr 5.58e-04 | 0.4s
epoch 4735 | loss 8.3633 | lr 5.58e-04 | 0.4s
epoch 4736 | loss 8.3921 | lr 5.57e-04 | 0.4s
epoch 4737 | loss 8.3790 | lr 5.57e-04 | 0.4s
epoch 4738 | loss 8.4029 | lr 5.57e-04 | 0.4s
epoch 4739 | loss 8.4086 | lr 5.57e-04 | 0.4s
epoch 4740 | loss 8.3310 | lr 5.56e-04 | 0.4s
epoch 4741 | loss 8.4581 | lr 5.56e-04 | 0.4s
epoch 4742 | loss 8.3913 | lr 5.56e-04 | 0.4s
epoch 4743 | loss 8.4319 | lr 5.55e-04 | 0.5s
epoch 4744 | loss 8.4187 | lr 5.55e-04 | 0.4s
epoch 4745 | loss 8.3804 | lr 5.55e-04 | 0.5s
epoch 4746 | loss 8.3839 | lr 5.54e-04 | 0.5s
epoch 4747 | loss 8.3692 | lr 5.54e-04 | 0.5s
epoch 4748 | loss 8.4027 | lr 5.54e-04 | 0.5s
epoch 4749 | loss 8.3767 | lr 5.54e-04 | 0.4s
epoch 4750 | loss 8.3825 | lr 5.53e-04 | 0.5s
epoch 4751 | loss 8.3808 | lr 5.53e-04 | 0.4s
epoch 4752 | loss 8.4333 | lr 5.53e-04 | 0.4s
epoch 4753 | loss 8.4432 | lr 5.52e-04 | 0.4s
epoch 4754 | loss 8.3779 | lr 5.52e-04 | 0.4s
epoch 4755 | loss 8.3815 | lr 5.52e-04 | 0.4s
epoch 4756 | loss 8.3781 | lr 5.52e-04 | 0.4s
epoch 4757 | loss 8.3644 | lr 5.51e-04 | 0.4s
epoch 4758 | loss 8.3925 | lr 5.51e-04 | 0.4s
epoch 4759 | loss 8.3362 | lr 5.51e-04 | 0.5s
epoch 4760 | loss 8.3866 | lr 5.50e-04 | 0.4s
epoch 4761 | loss 8.3928 | lr 5.50e-04 | 0.4s
epoch 4762 | loss 8.4206 | lr 5.50e-04 | 0.4s
epoch 4763 | loss 8.4269 | lr 5.49e-04 | 0.4s
epoch 4764 | loss 8.3915 | lr 5.49e-04 | 0.4s
epoch 4765 | loss 8.4057 | lr 5.49e-04 | 0.4s
epoch 4766 | loss 8.4054 | lr 5.49e-04 | 0.5s
epoch 4767 | loss 8.4077 | lr 5.48e-04 | 0.4s
epoch 4768 | loss 8.3861 | lr 5.48e-04 | 0.4s
epoch 4769 | loss 8.4118 | lr 5.48e-04 | 0.5s
epoch 4770 | loss 8.4236 | lr 5.47e-04 | 0.4s
epoch 4771 | loss 8.3691 | lr 5.47e-04 | 0.4s
epoch 4772 | loss 8.3448 | lr 5.47e-04 | 0.4s
epoch 4773 | loss 8.3820 | lr 5.47e-04 | 0.4s
epoch 4774 | loss 8.3933 | lr 5.46e-04 | 0.5s
epoch 4775 | loss 8.4309 | lr 5.46e-04 | 0.4s
epoch 4776 | loss 8.3879 | lr 5.46e-04 | 0.4s
epoch 4777 | loss 8.3521 | lr 5.45e-04 | 0.4s
epoch 4778 | loss 8.4147 | lr 5.45e-04 | 0.5s
epoch 4779 | loss 8.4183 | lr 5.45e-04 | 0.4s
epoch 4780 | loss 8.4480 | lr 5.45e-04 | 0.4s
epoch 4781 | loss 8.4106 | lr 5.44e-04 | 0.4s
epoch 4782 | loss 8.3887 | lr 5.44e-04 | 0.4s
epoch 4783 | loss 8.4068 | lr 5.44e-04 | 0.4s
epoch 4784 | loss 8.3837 | lr 5.43e-04 | 0.4s
epoch 4785 | loss 8.3931 | lr 5.43e-04 | 0.4s
epoch 4786 | loss 8.3862 | lr 5.43e-04 | 0.5s
epoch 4787 | loss 8.4038 | lr 5.42e-04 | 0.4s
epoch 4788 | loss 8.3817 | lr 5.42e-04 | 0.5s
epoch 4789 | loss 8.4368 | lr 5.42e-04 | 0.4s
epoch 4790 | loss 8.4238 | lr 5.42e-04 | 0.5s
epoch 4791 | loss 8.3868 | lr 5.41e-04 | 0.4s
epoch 4792 | loss 8.3558 | lr 5.41e-04 | 0.5s
epoch 4793 | loss 8.4538 | lr 5.41e-04 | 0.5s
epoch 4794 | loss 8.3863 | lr 5.40e-04 | 0.4s
epoch 4795 | loss 8.3785 | lr 5.40e-04 | 0.4s
epoch 4796 | loss 8.3967 | lr 5.40e-04 | 0.4s
epoch 4797 | loss 8.3495 | lr 5.40e-04 | 0.5s
epoch 4798 | loss 8.4089 | lr 5.39e-04 | 0.4s
epoch 4799 | loss 8.3902 | lr 5.39e-04 | 0.4s
epoch 4800 | loss 8.4081 | lr 5.39e-04 | 0.4s
epoch 4801 | loss 8.3937 | lr 5.38e-04 | 0.5s
epoch 4802 | loss 8.3645 | lr 5.38e-04 | 0.4s
epoch 4803 | loss 8.3712 | lr 5.38e-04 | 0.4s
epoch 4804 | loss 8.3952 | lr 5.38e-04 | 0.4s
epoch 4805 | loss 8.3858 | lr 5.37e-04 | 0.4s
epoch 4806 | loss 8.3866 | lr 5.37e-04 | 0.4s
epoch 4807 | loss 8.3824 | lr 5.37e-04 | 0.4s
epoch 4808 | loss 8.4039 | lr 5.36e-04 | 0.5s
epoch 4809 | loss 8.3653 | lr 5.36e-04 | 0.5s
epoch 4810 | loss 8.4045 | lr 5.36e-04 | 0.4s
epoch 4811 | loss 8.4074 | lr 5.35e-04 | 0.5s
epoch 4812 | loss 8.3902 | lr 5.35e-04 | 0.4s
epoch 4813 | loss 8.3342 | lr 5.35e-04 | 0.5s
epoch 4814 | loss 8.3537 | lr 5.35e-04 | 0.4s
epoch 4815 | loss 8.4060 | lr 5.34e-04 | 0.4s
epoch 4816 | loss 8.3967 | lr 5.34e-04 | 0.4s
epoch 4817 | loss 8.3829 | lr 5.34e-04 | 0.5s
epoch 4818 | loss 8.4377 | lr 5.33e-04 | 0.4s
epoch 4819 | loss 8.3874 | lr 5.33e-04 | 0.5s
epoch 4820 | loss 8.3758 | lr 5.33e-04 | 0.4s
epoch 4821 | loss 8.4080 | lr 5.33e-04 | 0.5s
epoch 4822 | loss 8.4145 | lr 5.32e-04 | 0.4s
epoch 4823 | loss 8.3307 | lr 5.32e-04 | 0.4s
epoch 4824 | loss 8.4112 | lr 5.32e-04 | 0.5s
epoch 4825 | loss 8.4507 | lr 5.31e-04 | 0.5s
epoch 4826 | loss 8.4429 | lr 5.31e-04 | 0.5s
epoch 4827 | loss 8.4376 | lr 5.31e-04 | 0.5s
epoch 4828 | loss 8.4123 | lr 5.31e-04 | 0.5s
epoch 4829 | loss 8.4026 | lr 5.30e-04 | 0.4s
epoch 4830 | loss 8.4189 | lr 5.30e-04 | 0.5s
epoch 4831 | loss 8.3857 | lr 5.30e-04 | 0.4s
epoch 4832 | loss 8.3963 | lr 5.29e-04 | 0.4s
epoch 4833 | loss 8.3928 | lr 5.29e-04 | 0.4s
epoch 4834 | loss 8.4159 | lr 5.29e-04 | 0.4s
epoch 4835 | loss 8.4204 | lr 5.29e-04 | 0.4s
epoch 4836 | loss 8.3633 | lr 5.28e-04 | 0.4s
epoch 4837 | loss 8.4137 | lr 5.28e-04 | 0.4s
epoch 4838 | loss 8.4131 | lr 5.28e-04 | 0.4s
epoch 4839 | loss 8.4357 | lr 5.27e-04 | 0.5s
epoch 4840 | loss 8.3839 | lr 5.27e-04 | 0.4s
epoch 4841 | loss 8.3657 | lr 5.27e-04 | 0.5s
epoch 4842 | loss 8.3956 | lr 5.26e-04 | 0.4s
epoch 4843 | loss 8.3569 | lr 5.26e-04 | 0.4s
epoch 4844 | loss 8.3719 | lr 5.26e-04 | 0.4s
epoch 4845 | loss 8.4153 | lr 5.26e-04 | 0.5s
epoch 4846 | loss 8.4090 | lr 5.25e-04 | 0.4s
epoch 4847 | loss 8.4087 | lr 5.25e-04 | 0.5s
epoch 4848 | loss 8.4003 | lr 5.25e-04 | 0.5s
epoch 4849 | loss 8.3664 | lr 5.24e-04 | 0.4s
epoch 4850 | loss 8.4042 | lr 5.24e-04 | 0.4s
epoch 4851 | loss 8.3986 | lr 5.24e-04 | 0.4s
epoch 4852 | loss 8.3599 | lr 5.24e-04 | 0.5s
epoch 4853 | loss 8.4138 | lr 5.23e-04 | 0.4s
epoch 4854 | loss 8.3940 | lr 5.23e-04 | 0.4s
epoch 4855 | loss 8.4049 | lr 5.23e-04 | 0.4s
epoch 4856 | loss 8.3483 | lr 5.22e-04 | 0.4s
epoch 4857 | loss 8.4530 | lr 5.22e-04 | 0.5s
epoch 4858 | loss 8.4168 | lr 5.22e-04 | 0.5s
epoch 4859 | loss 8.3756 | lr 5.22e-04 | 0.4s
epoch 4860 | loss 8.4353 | lr 5.21e-04 | 0.4s
epoch 4861 | loss 8.4223 | lr 5.21e-04 | 0.4s
epoch 4862 | loss 8.4175 | lr 5.21e-04 | 0.5s
epoch 4863 | loss 8.3775 | lr 5.20e-04 | 0.5s
epoch 4864 | loss 8.3813 | lr 5.20e-04 | 0.4s
epoch 4865 | loss 8.4511 | lr 5.20e-04 | 0.4s
epoch 4866 | loss 8.3960 | lr 5.20e-04 | 0.5s
epoch 4867 | loss 8.4149 | lr 5.19e-04 | 0.4s
epoch 4868 | loss 8.3991 | lr 5.19e-04 | 0.5s
epoch 4869 | loss 8.3890 | lr 5.19e-04 | 0.5s
epoch 4870 | loss 8.3554 | lr 5.18e-04 | 0.4s
epoch 4871 | loss 8.3667 | lr 5.18e-04 | 0.4s
epoch 4872 | loss 8.3622 | lr 5.18e-04 | 0.5s
epoch 4873 | loss 8.4146 | lr 5.18e-04 | 0.4s
epoch 4874 | loss 8.3871 | lr 5.17e-04 | 0.4s
epoch 4875 | loss 8.4059 | lr 5.17e-04 | 0.4s
epoch 4876 | loss 8.3957 | lr 5.17e-04 | 0.4s
epoch 4877 | loss 8.4071 | lr 5.16e-04 | 0.4s
epoch 4878 | loss 8.3854 | lr 5.16e-04 | 0.4s
epoch 4879 | loss 8.4210 | lr 5.16e-04 | 0.4s
epoch 4880 | loss 8.3420 | lr 5.15e-04 | 0.5s
epoch 4881 | loss 8.4385 | lr 5.15e-04 | 0.4s
epoch 4882 | loss 8.3923 | lr 5.15e-04 | 0.4s
epoch 4883 | loss 8.3736 | lr 5.15e-04 | 0.4s
epoch 4884 | loss 8.3429 | lr 5.14e-04 | 0.5s
epoch 4885 | loss 8.4423 | lr 5.14e-04 | 0.4s
epoch 4886 | loss 8.3482 | lr 5.14e-04 | 0.4s
epoch 4887 | loss 8.3960 | lr 5.13e-04 | 0.4s
epoch 4888 | loss 8.3448 | lr 5.13e-04 | 0.4s
epoch 4889 | loss 8.4181 | lr 5.13e-04 | 0.4s
epoch 4890 | loss 8.4659 | lr 5.13e-04 | 0.4s
epoch 4891 | loss 8.3854 | lr 5.12e-04 | 0.5s
epoch 4892 | loss 8.4121 | lr 5.12e-04 | 0.4s
epoch 4893 | loss 8.3634 | lr 5.12e-04 | 0.4s
epoch 4894 | loss 8.4019 | lr 5.11e-04 | 0.5s
epoch 4895 | loss 8.3575 | lr 5.11e-04 | 0.4s
epoch 4896 | loss 8.4265 | lr 5.11e-04 | 0.4s
epoch 4897 | loss 8.3892 | lr 5.11e-04 | 0.4s
epoch 4898 | loss 8.4558 | lr 5.10e-04 | 0.5s
epoch 4899 | loss 8.4271 | lr 5.10e-04 | 0.4s
epoch 4900 | loss 8.4010 | lr 5.10e-04 | 0.4s
epoch 4901 | loss 8.4260 | lr 5.09e-04 | 0.4s
epoch 4902 | loss 8.3497 | lr 5.09e-04 | 0.4s
epoch 4903 | loss 8.4070 | lr 5.09e-04 | 0.4s
epoch 4904 | loss 8.3845 | lr 5.09e-04 | 0.5s
epoch 4905 | loss 8.3810 | lr 5.08e-04 | 0.5s
epoch 4906 | loss 8.3024 | lr 5.08e-04 | 0.4s
epoch 4907 | loss 8.3733 | lr 5.08e-04 | 0.5s
epoch 4908 | loss 8.3956 | lr 5.07e-04 | 0.5s
epoch 4909 | loss 8.3638 | lr 5.07e-04 | 0.5s
epoch 4910 | loss 8.3689 | lr 5.07e-04 | 0.5s
epoch 4911 | loss 8.3654 | lr 5.07e-04 | 0.4s
epoch 4912 | loss 8.3818 | lr 5.06e-04 | 0.4s
epoch 4913 | loss 8.4273 | lr 5.06e-04 | 0.4s
epoch 4914 | loss 8.3962 | lr 5.06e-04 | 0.5s
epoch 4915 | loss 8.3905 | lr 5.05e-04 | 0.5s
epoch 4916 | loss 8.4414 | lr 5.05e-04 | 0.5s
epoch 4917 | loss 8.3993 | lr 5.05e-04 | 0.4s
epoch 4918 | loss 8.3886 | lr 5.05e-04 | 0.4s
epoch 4919 | loss 8.3737 | lr 5.04e-04 | 0.4s
epoch 4920 | loss 8.3778 | lr 5.04e-04 | 0.4s
epoch 4921 | loss 8.3810 | lr 5.04e-04 | 0.4s
epoch 4922 | loss 8.3948 | lr 5.03e-04 | 0.4s
epoch 4923 | loss 8.4126 | lr 5.03e-04 | 0.4s
epoch 4924 | loss 8.3963 | lr 5.03e-04 | 0.5s
epoch 4925 | loss 8.4177 | lr 5.03e-04 | 0.4s
epoch 4926 | loss 8.3588 | lr 5.02e-04 | 0.5s
epoch 4927 | loss 8.4186 | lr 5.02e-04 | 0.5s
epoch 4928 | loss 8.4016 | lr 5.02e-04 | 0.5s
epoch 4929 | loss 8.4140 | lr 5.01e-04 | 0.5s
epoch 4930 | loss 8.3677 | lr 5.01e-04 | 0.4s
epoch 4931 | loss 8.4268 | lr 5.01e-04 | 0.5s
epoch 4932 | loss 8.3636 | lr 5.01e-04 | 0.5s
epoch 4933 | loss 8.4466 | lr 5.00e-04 | 0.4s
epoch 4934 | loss 8.4144 | lr 5.00e-04 | 0.4s
epoch 4935 | loss 8.3435 | lr 5.00e-04 | 0.5s
epoch 4936 | loss 8.3902 | lr 4.99e-04 | 0.4s
epoch 4937 | loss 8.3698 | lr 4.99e-04 | 0.4s
epoch 4938 | loss 8.3433 | lr 4.99e-04 | 0.4s
epoch 4939 | loss 8.3812 | lr 4.99e-04 | 0.4s
epoch 4940 | loss 8.3306 | lr 4.98e-04 | 0.4s
epoch 4941 | loss 8.3757 | lr 4.98e-04 | 0.5s
epoch 4942 | loss 8.3994 | lr 4.98e-04 | 0.4s
epoch 4943 | loss 8.3905 | lr 4.97e-04 | 0.4s
epoch 4944 | loss 8.3842 | lr 4.97e-04 | 0.5s
epoch 4945 | loss 8.4519 | lr 4.97e-04 | 0.4s
epoch 4946 | loss 8.4115 | lr 4.97e-04 | 0.4s
epoch 4947 | loss 8.3709 | lr 4.96e-04 | 0.5s
epoch 4948 | loss 8.4387 | lr 4.96e-04 | 0.5s
epoch 4949 | loss 8.4006 | lr 4.96e-04 | 0.4s
epoch 4950 | loss 8.3582 | lr 4.95e-04 | 0.5s
epoch 4951 | loss 8.3915 | lr 4.95e-04 | 0.5s
epoch 4952 | loss 8.3742 | lr 4.95e-04 | 0.5s
epoch 4953 | loss 8.3998 | lr 4.95e-04 | 0.4s
epoch 4954 | loss 8.3629 | lr 4.94e-04 | 0.4s
epoch 4955 | loss 8.4152 | lr 4.94e-04 | 0.4s
epoch 4956 | loss 8.3956 | lr 4.94e-04 | 0.4s
epoch 4957 | loss 8.3680 | lr 4.93e-04 | 0.4s
epoch 4958 | loss 8.4019 | lr 4.93e-04 | 0.4s
epoch 4959 | loss 8.3879 | lr 4.93e-04 | 0.4s
epoch 4960 | loss 8.3595 | lr 4.93e-04 | 0.4s
epoch 4961 | loss 8.4366 | lr 4.92e-04 | 0.4s
epoch 4962 | loss 8.4077 | lr 4.92e-04 | 0.4s
epoch 4963 | loss 8.3895 | lr 4.92e-04 | 0.4s
epoch 4964 | loss 8.4472 | lr 4.91e-04 | 0.4s
epoch 4965 | loss 8.3467 | lr 4.91e-04 | 0.4s
epoch 4966 | loss 8.3910 | lr 4.91e-04 | 0.4s
epoch 4967 | loss 8.3702 | lr 4.91e-04 | 0.4s
epoch 4968 | loss 8.3815 | lr 4.90e-04 | 0.4s
epoch 4969 | loss 8.3899 | lr 4.90e-04 | 0.4s
epoch 4970 | loss 8.3827 | lr 4.90e-04 | 0.4s
epoch 4971 | loss 8.3953 | lr 4.89e-04 | 0.4s
epoch 4972 | loss 8.3649 | lr 4.89e-04 | 0.4s
epoch 4973 | loss 8.4140 | lr 4.89e-04 | 0.4s
epoch 4974 | loss 8.3524 | lr 4.89e-04 | 0.4s
epoch 4975 | loss 8.4574 | lr 4.88e-04 | 0.4s
epoch 4976 | loss 8.4146 | lr 4.88e-04 | 0.4s
epoch 4977 | loss 8.4071 | lr 4.88e-04 | 0.4s
epoch 4978 | loss 8.3659 | lr 4.87e-04 | 0.4s
epoch 4979 | loss 8.3950 | lr 4.87e-04 | 0.4s
epoch 4980 | loss 8.3875 | lr 4.87e-04 | 0.4s
epoch 4981 | loss 8.3821 | lr 4.87e-04 | 0.4s
epoch 4982 | loss 8.4222 | lr 4.86e-04 | 0.4s
epoch 4983 | loss 8.4067 | lr 4.86e-04 | 0.4s
epoch 4984 | loss 8.4258 | lr 4.86e-04 | 0.4s
epoch 4985 | loss 8.3692 | lr 4.85e-04 | 0.4s
epoch 4986 | loss 8.3604 | lr 4.85e-04 | 0.4s
epoch 4987 | loss 8.4273 | lr 4.85e-04 | 0.4s
epoch 4988 | loss 8.3498 | lr 4.85e-04 | 0.4s
epoch 4989 | loss 8.4191 | lr 4.84e-04 | 0.4s
epoch 4990 | loss 8.4017 | lr 4.84e-04 | 0.4s
epoch 4991 | loss 8.3957 | lr 4.84e-04 | 0.4s
epoch 4992 | loss 8.3877 | lr 4.83e-04 | 0.4s
epoch 4993 | loss 8.3940 | lr 4.83e-04 | 0.4s
epoch 4994 | loss 8.3556 | lr 4.83e-04 | 0.4s
epoch 4995 | loss 8.3597 | lr 4.83e-04 | 0.4s
epoch 4996 | loss 8.3788 | lr 4.82e-04 | 0.4s
epoch 4997 | loss 8.4012 | lr 4.82e-04 | 0.4s
epoch 4998 | loss 8.3899 | lr 4.82e-04 | 0.4s
epoch 4999 | loss 8.3781 | lr 4.82e-04 | 0.4s
epoch 5000 | loss 8.3781 | lr 4.81e-04 | 0.4s
epoch 5001 | loss 8.4292 | lr 4.81e-04 | 0.4s
epoch 5002 | loss 8.3515 | lr 4.81e-04 | 0.4s
epoch 5003 | loss 8.3433 | lr 4.80e-04 | 0.4s
epoch 5004 | loss 8.4281 | lr 4.80e-04 | 0.4s
epoch 5005 | loss 8.3922 | lr 4.80e-04 | 0.4s
epoch 5006 | loss 8.3799 | lr 4.80e-04 | 0.4s
epoch 5007 | loss 8.3669 | lr 4.79e-04 | 0.4s
epoch 5008 | loss 8.3605 | lr 4.79e-04 | 0.4s
epoch 5009 | loss 8.3975 | lr 4.79e-04 | 0.4s
epoch 5010 | loss 8.3860 | lr 4.78e-04 | 0.4s
epoch 5011 | loss 8.4256 | lr 4.78e-04 | 0.4s
epoch 5012 | loss 8.3089 | lr 4.78e-04 | 0.4s
epoch 5013 | loss 8.3728 | lr 4.78e-04 | 0.4s
epoch 5014 | loss 8.4505 | lr 4.77e-04 | 0.4s
epoch 5015 | loss 8.3879 | lr 4.77e-04 | 0.4s
epoch 5016 | loss 8.3700 | lr 4.77e-04 | 0.4s
epoch 5017 | loss 8.3928 | lr 4.76e-04 | 0.4s
epoch 5018 | loss 8.3998 | lr 4.76e-04 | 0.4s
epoch 5019 | loss 8.3556 | lr 4.76e-04 | 0.4s
epoch 5020 | loss 8.4356 | lr 4.76e-04 | 0.4s
epoch 5021 | loss 8.3931 | lr 4.75e-04 | 0.4s
epoch 5022 | loss 8.4503 | lr 4.75e-04 | 0.4s
epoch 5023 | loss 8.3551 | lr 4.75e-04 | 0.4s
epoch 5024 | loss 8.3454 | lr 4.74e-04 | 0.4s
epoch 5025 | loss 8.3847 | lr 4.74e-04 | 0.4s
epoch 5026 | loss 8.4025 | lr 4.74e-04 | 0.4s
epoch 5027 | loss 8.4295 | lr 4.74e-04 | 0.5s
epoch 5028 | loss 8.3807 | lr 4.73e-04 | 0.5s
epoch 5029 | loss 8.3801 | lr 4.73e-04 | 0.4s
epoch 5030 | loss 8.3428 | lr 4.73e-04 | 0.4s
epoch 5031 | loss 8.4263 | lr 4.72e-04 | 0.4s
epoch 5032 | loss 8.3914 | lr 4.72e-04 | 0.4s
epoch 5033 | loss 8.4019 | lr 4.72e-04 | 0.5s
epoch 5034 | loss 8.3846 | lr 4.72e-04 | 0.4s
epoch 5035 | loss 8.3823 | lr 4.71e-04 | 0.5s
epoch 5036 | loss 8.3826 | lr 4.71e-04 | 0.5s
epoch 5037 | loss 8.3811 | lr 4.71e-04 | 0.5s
epoch 5038 | loss 8.4013 | lr 4.71e-04 | 0.4s
epoch 5039 | loss 8.3951 | lr 4.70e-04 | 0.4s
epoch 5040 | loss 8.4147 | lr 4.70e-04 | 0.4s
epoch 5041 | loss 8.3333 | lr 4.70e-04 | 0.5s
epoch 5042 | loss 8.3839 | lr 4.69e-04 | 0.4s
epoch 5043 | loss 8.4106 | lr 4.69e-04 | 0.4s
epoch 5044 | loss 8.4036 | lr 4.69e-04 | 0.4s
epoch 5045 | loss 8.3600 | lr 4.69e-04 | 0.4s
epoch 5046 | loss 8.4262 | lr 4.68e-04 | 0.5s
epoch 5047 | loss 8.3600 | lr 4.68e-04 | 0.5s
epoch 5048 | loss 8.4053 | lr 4.68e-04 | 0.4s
epoch 5049 | loss 8.4203 | lr 4.67e-04 | 0.4s
epoch 5050 | loss 8.3919 | lr 4.67e-04 | 0.4s
epoch 5051 | loss 8.4179 | lr 4.67e-04 | 0.4s
epoch 5052 | loss 8.4460 | lr 4.67e-04 | 0.5s
epoch 5053 | loss 8.4085 | lr 4.66e-04 | 0.4s
epoch 5054 | loss 8.4219 | lr 4.66e-04 | 0.4s
epoch 5055 | loss 8.4133 | lr 4.66e-04 | 0.4s
epoch 5056 | loss 8.3650 | lr 4.65e-04 | 0.4s
epoch 5057 | loss 8.3588 | lr 4.65e-04 | 0.4s
epoch 5058 | loss 8.3379 | lr 4.65e-04 | 0.4s
epoch 5059 | loss 8.3510 | lr 4.65e-04 | 0.4s
epoch 5060 | loss 8.3732 | lr 4.64e-04 | 0.5s
epoch 5061 | loss 8.3911 | lr 4.64e-04 | 0.4s
epoch 5062 | loss 8.3803 | lr 4.64e-04 | 0.4s
epoch 5063 | loss 8.3810 | lr 4.63e-04 | 0.4s
epoch 5064 | loss 8.3640 | lr 4.63e-04 | 0.5s
epoch 5065 | loss 8.3915 | lr 4.63e-04 | 0.5s
epoch 5066 | loss 8.3595 | lr 4.63e-04 | 0.4s
epoch 5067 | loss 8.4041 | lr 4.62e-04 | 0.5s
epoch 5068 | loss 8.3634 | lr 4.62e-04 | 0.4s
epoch 5069 | loss 8.4209 | lr 4.62e-04 | 0.4s
epoch 5070 | loss 8.3660 | lr 4.62e-04 | 0.5s
epoch 5071 | loss 8.3588 | lr 4.61e-04 | 0.5s
epoch 5072 | loss 8.4019 | lr 4.61e-04 | 0.4s
epoch 5073 | loss 8.4554 | lr 4.61e-04 | 0.5s
epoch 5074 | loss 8.3865 | lr 4.60e-04 | 0.5s
epoch 5075 | loss 8.3846 | lr 4.60e-04 | 0.5s
epoch 5076 | loss 8.4294 | lr 4.60e-04 | 0.4s
epoch 5077 | loss 8.3759 | lr 4.60e-04 | 0.5s
epoch 5078 | loss 8.4401 | lr 4.59e-04 | 0.4s
epoch 5079 | loss 8.3719 | lr 4.59e-04 | 0.5s
epoch 5080 | loss 8.4103 | lr 4.59e-04 | 0.4s
epoch 5081 | loss 8.3426 | lr 4.58e-04 | 0.5s
epoch 5082 | loss 8.3671 | lr 4.58e-04 | 0.4s
epoch 5083 | loss 8.3336 | lr 4.58e-04 | 0.5s
epoch 5084 | loss 8.3775 | lr 4.58e-04 | 0.4s
epoch 5085 | loss 8.3834 | lr 4.57e-04 | 0.4s
epoch 5086 | loss 8.4101 | lr 4.57e-04 | 0.4s
epoch 5087 | loss 8.3866 | lr 4.57e-04 | 0.5s
epoch 5088 | loss 8.3739 | lr 4.57e-04 | 0.5s
epoch 5089 | loss 8.3753 | lr 4.56e-04 | 0.5s
epoch 5090 | loss 8.3920 | lr 4.56e-04 | 0.4s
epoch 5091 | loss 8.4040 | lr 4.56e-04 | 0.4s
epoch 5092 | loss 8.4058 | lr 4.55e-04 | 0.4s
epoch 5093 | loss 8.3616 | lr 4.55e-04 | 0.5s
epoch 5094 | loss 8.4013 | lr 4.55e-04 | 0.4s
epoch 5095 | loss 8.3857 | lr 4.55e-04 | 0.5s
epoch 5096 | loss 8.4198 | lr 4.54e-04 | 0.4s
epoch 5097 | loss 8.3667 | lr 4.54e-04 | 0.5s
epoch 5098 | loss 8.3938 | lr 4.54e-04 | 0.4s
epoch 5099 | loss 8.3651 | lr 4.53e-04 | 0.4s
epoch 5100 | loss 8.4071 | lr 4.53e-04 | 0.4s
epoch 5101 | loss 8.4245 | lr 4.53e-04 | 0.5s
epoch 5102 | loss 8.4305 | lr 4.53e-04 | 0.5s
epoch 5103 | loss 8.3513 | lr 4.52e-04 | 0.5s
epoch 5104 | loss 8.3807 | lr 4.52e-04 | 0.5s
epoch 5105 | loss 8.3979 | lr 4.52e-04 | 0.4s
epoch 5106 | loss 8.3807 | lr 4.51e-04 | 0.5s
epoch 5107 | loss 8.4039 | lr 4.51e-04 | 0.5s
epoch 5108 | loss 8.3654 | lr 4.51e-04 | 0.5s
epoch 5109 | loss 8.3944 | lr 4.51e-04 | 0.5s
epoch 5110 | loss 8.3588 | lr 4.50e-04 | 0.5s
epoch 5111 | loss 8.3590 | lr 4.50e-04 | 0.5s
epoch 5112 | loss 8.4267 | lr 4.50e-04 | 0.5s
epoch 5113 | loss 8.3899 | lr 4.50e-04 | 0.5s
epoch 5114 | loss 8.4229 | lr 4.49e-04 | 0.5s
epoch 5115 | loss 8.3973 | lr 4.49e-04 | 0.5s
epoch 5116 | loss 8.4123 | lr 4.49e-04 | 0.5s
epoch 5117 | loss 8.3876 | lr 4.48e-04 | 0.5s
epoch 5118 | loss 8.3824 | lr 4.48e-04 | 0.5s
epoch 5119 | loss 8.3307 | lr 4.48e-04 | 0.4s
epoch 5120 | loss 8.3294 | lr 4.48e-04 | 0.5s
epoch 5121 | loss 8.3644 | lr 4.47e-04 | 0.5s
epoch 5122 | loss 8.3585 | lr 4.47e-04 | 0.5s
epoch 5123 | loss 8.3715 | lr 4.47e-04 | 0.5s
epoch 5124 | loss 8.3650 | lr 4.47e-04 | 0.4s
epoch 5125 | loss 8.3921 | lr 4.46e-04 | 0.5s
epoch 5126 | loss 8.4073 | lr 4.46e-04 | 0.5s
epoch 5127 | loss 8.3760 | lr 4.46e-04 | 0.5s
epoch 5128 | loss 8.3748 | lr 4.45e-04 | 0.5s
epoch 5129 | loss 8.3519 | lr 4.45e-04 | 0.4s
epoch 5130 | loss 8.4209 | lr 4.45e-04 | 0.4s
epoch 5131 | loss 8.4131 | lr 4.45e-04 | 0.4s
epoch 5132 | loss 8.4278 | lr 4.44e-04 | 0.4s
epoch 5133 | loss 8.4368 | lr 4.44e-04 | 0.4s
epoch 5134 | loss 8.3990 | lr 4.44e-04 | 0.5s
epoch 5135 | loss 8.4312 | lr 4.43e-04 | 0.5s
epoch 5136 | loss 8.3643 | lr 4.43e-04 | 0.5s
epoch 5137 | loss 8.3607 | lr 4.43e-04 | 0.5s
epoch 5138 | loss 8.3637 | lr 4.43e-04 | 0.5s
epoch 5139 | loss 8.3577 | lr 4.42e-04 | 0.5s
epoch 5140 | loss 8.3067 | lr 4.42e-04 | 0.4s
epoch 5141 | loss 8.4016 | lr 4.42e-04 | 0.4s
epoch 5142 | loss 8.3782 | lr 4.42e-04 | 0.4s
epoch 5143 | loss 8.4209 | lr 4.41e-04 | 0.5s
epoch 5144 | loss 8.4142 | lr 4.41e-04 | 0.5s
epoch 5145 | loss 8.3437 | lr 4.41e-04 | 0.5s
epoch 5146 | loss 8.3479 | lr 4.40e-04 | 0.4s
epoch 5147 | loss 8.3633 | lr 4.40e-04 | 0.5s
epoch 5148 | loss 8.3729 | lr 4.40e-04 | 0.5s
epoch 5149 | loss 8.3719 | lr 4.40e-04 | 0.5s
epoch 5150 | loss 8.3705 | lr 4.39e-04 | 0.4s
epoch 5151 | loss 8.3544 | lr 4.39e-04 | 0.5s
epoch 5152 | loss 8.4339 | lr 4.39e-04 | 0.5s
epoch 5153 | loss 8.4162 | lr 4.38e-04 | 0.5s
epoch 5154 | loss 8.4033 | lr 4.38e-04 | 0.5s
epoch 5155 | loss 8.3991 | lr 4.38e-04 | 0.4s
epoch 5156 | loss 8.3387 | lr 4.38e-04 | 0.4s
epoch 5157 | loss 8.3556 | lr 4.37e-04 | 0.4s
epoch 5158 | loss 8.3700 | lr 4.37e-04 | 0.4s
epoch 5159 | loss 8.3711 | lr 4.37e-04 | 0.4s
epoch 5160 | loss 8.3954 | lr 4.37e-04 | 0.5s
epoch 5161 | loss 8.3711 | lr 4.36e-04 | 0.5s
epoch 5162 | loss 8.3701 | lr 4.36e-04 | 0.5s
epoch 5163 | loss 8.3730 | lr 4.36e-04 | 0.4s
epoch 5164 | loss 8.4077 | lr 4.35e-04 | 0.4s
epoch 5165 | loss 8.3464 | lr 4.35e-04 | 0.5s
epoch 5166 | loss 8.3565 | lr 4.35e-04 | 0.5s
epoch 5167 | loss 8.3923 | lr 4.35e-04 | 0.5s
epoch 5168 | loss 8.3917 | lr 4.34e-04 | 0.5s
epoch 5169 | loss 8.3646 | lr 4.34e-04 | 0.5s
epoch 5170 | loss 8.3744 | lr 4.34e-04 | 0.5s
epoch 5171 | loss 8.4350 | lr 4.34e-04 | 0.5s
epoch 5172 | loss 8.3478 | lr 4.33e-04 | 0.4s
epoch 5173 | loss 8.3539 | lr 4.33e-04 | 0.5s
epoch 5174 | loss 8.4213 | lr 4.33e-04 | 0.5s
epoch 5175 | loss 8.3777 | lr 4.32e-04 | 0.5s
epoch 5176 | loss 8.4125 | lr 4.32e-04 | 0.4s
epoch 5177 | loss 8.4488 | lr 4.32e-04 | 0.4s
epoch 5178 | loss 8.3351 | lr 4.32e-04 | 0.4s
epoch 5179 | loss 8.3508 | lr 4.31e-04 | 0.4s
epoch 5180 | loss 8.3619 | lr 4.31e-04 | 0.4s
epoch 5181 | loss 8.3873 | lr 4.31e-04 | 0.4s
epoch 5182 | loss 8.4003 | lr 4.31e-04 | 0.5s
epoch 5183 | loss 8.3853 | lr 4.30e-04 | 0.5s
epoch 5184 | loss 8.3787 | lr 4.30e-04 | 0.5s
epoch 5185 | loss 8.3865 | lr 4.30e-04 | 0.4s
epoch 5186 | loss 8.3848 | lr 4.29e-04 | 0.5s
epoch 5187 | loss 8.4202 | lr 4.29e-04 | 0.4s
epoch 5188 | loss 8.3703 | lr 4.29e-04 | 0.4s
epoch 5189 | loss 8.4049 | lr 4.29e-04 | 0.5s
epoch 5190 | loss 8.4091 | lr 4.28e-04 | 0.5s
epoch 5191 | loss 8.4381 | lr 4.28e-04 | 0.4s
epoch 5192 | loss 8.3320 | lr 4.28e-04 | 0.5s
epoch 5193 | loss 8.3846 | lr 4.28e-04 | 0.5s
epoch 5194 | loss 8.3963 | lr 4.27e-04 | 0.5s
epoch 5195 | loss 8.3489 | lr 4.27e-04 | 0.5s
epoch 5196 | loss 8.3688 | lr 4.27e-04 | 0.5s
epoch 5197 | loss 8.3567 | lr 4.26e-04 | 0.5s
epoch 5198 | loss 8.3591 | lr 4.26e-04 | 0.5s
epoch 5199 | loss 8.3597 | lr 4.26e-04 | 0.5s
epoch 5200 | loss 8.3953 | lr 4.26e-04 | 0.4s
epoch 5201 | loss 8.3871 | lr 4.25e-04 | 0.4s
epoch 5202 | loss 8.4059 | lr 4.25e-04 | 0.5s
epoch 5203 | loss 8.4056 | lr 4.25e-04 | 0.4s
epoch 5204 | loss 8.3901 | lr 4.25e-04 | 0.4s
epoch 5205 | loss 8.3634 | lr 4.24e-04 | 0.5s
epoch 5206 | loss 8.3775 | lr 4.24e-04 | 0.5s
epoch 5207 | loss 8.3986 | lr 4.24e-04 | 0.4s
epoch 5208 | loss 8.3666 | lr 4.23e-04 | 0.4s
epoch 5209 | loss 8.3913 | lr 4.23e-04 | 0.5s
epoch 5210 | loss 8.4225 | lr 4.23e-04 | 0.4s
epoch 5211 | loss 8.3699 | lr 4.23e-04 | 0.4s
epoch 5212 | loss 8.3884 | lr 4.22e-04 | 0.4s
epoch 5213 | loss 8.4025 | lr 4.22e-04 | 0.4s
epoch 5214 | loss 8.4327 | lr 4.22e-04 | 0.5s
epoch 5215 | loss 8.3913 | lr 4.22e-04 | 0.5s
epoch 5216 | loss 8.3862 | lr 4.21e-04 | 0.4s
epoch 5217 | loss 8.3503 | lr 4.21e-04 | 0.4s
epoch 5218 | loss 8.3425 | lr 4.21e-04 | 0.4s
epoch 5219 | loss 8.3526 | lr 4.20e-04 | 0.5s
epoch 5220 | loss 8.3587 | lr 4.20e-04 | 0.4s
epoch 5221 | loss 8.4137 | lr 4.20e-04 | 0.5s
epoch 5222 | loss 8.3678 | lr 4.20e-04 | 0.5s
epoch 5223 | loss 8.4245 | lr 4.19e-04 | 0.4s
epoch 5224 | loss 8.4067 | lr 4.19e-04 | 0.4s
epoch 5225 | loss 8.3960 | lr 4.19e-04 | 0.4s
epoch 5226 | loss 8.3417 | lr 4.19e-04 | 0.4s
epoch 5227 | loss 8.4336 | lr 4.18e-04 | 0.4s
epoch 5228 | loss 8.3873 | lr 4.18e-04 | 0.4s
epoch 5229 | loss 8.3830 | lr 4.18e-04 | 0.4s
epoch 5230 | loss 8.3798 | lr 4.17e-04 | 0.4s
epoch 5231 | loss 8.3858 | lr 4.17e-04 | 0.4s
epoch 5232 | loss 8.3514 | lr 4.17e-04 | 0.4s
epoch 5233 | loss 8.3549 | lr 4.17e-04 | 0.4s
epoch 5234 | loss 8.3631 | lr 4.16e-04 | 0.4s
epoch 5235 | loss 8.4147 | lr 4.16e-04 | 0.4s
epoch 5236 | loss 8.4088 | lr 4.16e-04 | 0.4s
epoch 5237 | loss 8.3488 | lr 4.16e-04 | 0.4s
epoch 5238 | loss 8.3638 | lr 4.15e-04 | 0.4s
epoch 5239 | loss 8.4028 | lr 4.15e-04 | 0.4s
epoch 5240 | loss 8.4200 | lr 4.15e-04 | 0.4s
epoch 5241 | loss 8.3171 | lr 4.14e-04 | 0.4s
epoch 5242 | loss 8.3881 | lr 4.14e-04 | 0.4s
epoch 5243 | loss 8.4123 | lr 4.14e-04 | 0.4s
epoch 5244 | loss 8.3952 | lr 4.14e-04 | 0.4s
epoch 5245 | loss 8.3887 | lr 4.13e-04 | 0.4s
epoch 5246 | loss 8.3529 | lr 4.13e-04 | 0.5s
epoch 5247 | loss 8.3878 | lr 4.13e-04 | 0.5s
epoch 5248 | loss 8.3932 | lr 4.13e-04 | 0.5s
epoch 5249 | loss 8.3800 | lr 4.12e-04 | 0.4s
epoch 5250 | loss 8.3695 | lr 4.12e-04 | 0.4s
epoch 5251 | loss 8.3956 | lr 4.12e-04 | 0.4s
epoch 5252 | loss 8.3758 | lr 4.12e-04 | 0.4s
epoch 5253 | loss 8.3678 | lr 4.11e-04 | 0.4s
epoch 5254 | loss 8.4029 | lr 4.11e-04 | 0.4s
epoch 5255 | loss 8.4066 | lr 4.11e-04 | 0.4s
epoch 5256 | loss 8.3848 | lr 4.10e-04 | 0.4s
epoch 5257 | loss 8.3907 | lr 4.10e-04 | 0.4s
epoch 5258 | loss 8.3534 | lr 4.10e-04 | 0.4s
epoch 5259 | loss 8.4165 | lr 4.10e-04 | 0.4s
epoch 5260 | loss 8.3479 | lr 4.09e-04 | 0.4s
epoch 5261 | loss 8.3885 | lr 4.09e-04 | 0.4s
epoch 5262 | loss 8.3705 | lr 4.09e-04 | 0.4s
epoch 5263 | loss 8.4245 | lr 4.09e-04 | 0.4s
epoch 5264 | loss 8.3744 | lr 4.08e-04 | 0.4s
epoch 5265 | loss 8.4172 | lr 4.08e-04 | 0.4s
epoch 5266 | loss 8.4274 | lr 4.08e-04 | 0.4s
epoch 5267 | loss 8.3940 | lr 4.07e-04 | 0.4s
epoch 5268 | loss 8.3432 | lr 4.07e-04 | 0.4s
epoch 5269 | loss 8.3973 | lr 4.07e-04 | 0.4s
epoch 5270 | loss 8.3892 | lr 4.07e-04 | 0.4s
epoch 5271 | loss 8.3631 | lr 4.06e-04 | 0.4s
epoch 5272 | loss 8.3818 | lr 4.06e-04 | 0.4s
epoch 5273 | loss 8.3894 | lr 4.06e-04 | 0.4s
epoch 5274 | loss 8.3928 | lr 4.06e-04 | 0.4s
epoch 5275 | loss 8.3890 | lr 4.05e-04 | 0.4s
epoch 5276 | loss 8.3702 | lr 4.05e-04 | 0.4s
epoch 5277 | loss 8.3275 | lr 4.05e-04 | 0.4s
epoch 5278 | loss 8.3907 | lr 4.05e-04 | 0.4s
epoch 5279 | loss 8.3714 | lr 4.04e-04 | 0.4s
epoch 5280 | loss 8.3471 | lr 4.04e-04 | 0.4s
epoch 5281 | loss 8.4070 | lr 4.04e-04 | 0.4s
epoch 5282 | loss 8.4360 | lr 4.03e-04 | 0.4s
epoch 5283 | loss 8.3703 | lr 4.03e-04 | 0.4s
epoch 5284 | loss 8.3649 | lr 4.03e-04 | 0.4s
epoch 5285 | loss 8.3749 | lr 4.03e-04 | 0.4s
epoch 5286 | loss 8.4374 | lr 4.02e-04 | 0.4s
epoch 5287 | loss 8.3927 | lr 4.02e-04 | 0.4s
epoch 5288 | loss 8.3825 | lr 4.02e-04 | 0.4s
epoch 5289 | loss 8.3549 | lr 4.02e-04 | 0.4s
epoch 5290 | loss 8.4016 | lr 4.01e-04 | 0.4s
epoch 5291 | loss 8.3955 | lr 4.01e-04 | 0.4s
epoch 5292 | loss 8.3740 | lr 4.01e-04 | 0.5s
epoch 5293 | loss 8.3963 | lr 4.00e-04 | 0.4s
epoch 5294 | loss 8.3674 | lr 4.00e-04 | 0.4s
epoch 5295 | loss 8.3817 | lr 4.00e-04 | 0.4s
epoch 5296 | loss 8.3623 | lr 4.00e-04 | 0.5s
epoch 5297 | loss 8.3475 | lr 3.99e-04 | 0.5s
epoch 5298 | loss 8.3802 | lr 3.99e-04 | 0.4s
epoch 5299 | loss 8.3741 | lr 3.99e-04 | 0.4s
epoch 5300 | loss 8.3991 | lr 3.99e-04 | 0.5s
epoch 5301 | loss 8.3836 | lr 3.98e-04 | 0.4s
epoch 5302 | loss 8.3556 | lr 3.98e-04 | 0.4s
epoch 5303 | loss 8.3645 | lr 3.98e-04 | 0.5s
epoch 5304 | loss 8.3864 | lr 3.98e-04 | 0.5s
epoch 5305 | loss 8.3736 | lr 3.97e-04 | 0.4s
epoch 5306 | loss 8.3934 | lr 3.97e-04 | 0.5s
epoch 5307 | loss 8.4035 | lr 3.97e-04 | 0.5s
epoch 5308 | loss 8.3623 | lr 3.96e-04 | 0.5s
epoch 5309 | loss 8.3495 | lr 3.96e-04 | 0.5s
epoch 5310 | loss 8.3629 | lr 3.96e-04 | 0.5s
epoch 5311 | loss 8.3755 | lr 3.96e-04 | 0.4s
epoch 5312 | loss 8.4107 | lr 3.95e-04 | 0.4s
epoch 5313 | loss 8.4038 | lr 3.95e-04 | 0.5s
epoch 5314 | loss 8.3924 | lr 3.95e-04 | 0.4s
epoch 5315 | loss 8.3474 | lr 3.95e-04 | 0.4s
epoch 5316 | loss 8.3126 | lr 3.94e-04 | 0.5s
epoch 5317 | loss 8.3426 | lr 3.94e-04 | 0.4s
epoch 5318 | loss 8.3742 | lr 3.94e-04 | 0.5s
epoch 5319 | loss 8.3638 | lr 3.94e-04 | 0.5s
epoch 5320 | loss 8.3438 | lr 3.93e-04 | 0.5s
epoch 5321 | loss 8.3575 | lr 3.93e-04 | 0.4s
epoch 5322 | loss 8.3577 | lr 3.93e-04 | 0.5s
epoch 5323 | loss 8.4096 | lr 3.92e-04 | 0.4s
epoch 5324 | loss 8.3769 | lr 3.92e-04 | 0.5s
epoch 5325 | loss 8.3617 | lr 3.92e-04 | 0.5s
epoch 5326 | loss 8.3829 | lr 3.92e-04 | 0.4s
epoch 5327 | loss 8.3763 | lr 3.91e-04 | 0.5s
epoch 5328 | loss 8.3798 | lr 3.91e-04 | 0.4s
epoch 5329 | loss 8.4334 | lr 3.91e-04 | 0.5s
epoch 5330 | loss 8.3966 | lr 3.91e-04 | 0.4s
epoch 5331 | loss 8.3757 | lr 3.90e-04 | 0.4s
epoch 5332 | loss 8.3664 | lr 3.90e-04 | 0.4s
epoch 5333 | loss 8.3784 | lr 3.90e-04 | 0.4s
epoch 5334 | loss 8.3548 | lr 3.90e-04 | 0.5s
epoch 5335 | loss 8.4075 | lr 3.89e-04 | 0.4s
epoch 5336 | loss 8.4074 | lr 3.89e-04 | 0.4s
epoch 5337 | loss 8.3849 | lr 3.89e-04 | 0.4s
epoch 5338 | loss 8.3603 | lr 3.88e-04 | 0.5s
epoch 5339 | loss 8.3609 | lr 3.88e-04 | 0.5s
epoch 5340 | loss 8.3848 | lr 3.88e-04 | 0.4s
epoch 5341 | loss 8.3809 | lr 3.88e-04 | 0.5s
epoch 5342 | loss 8.3834 | lr 3.87e-04 | 0.5s
epoch 5343 | loss 8.3838 | lr 3.87e-04 | 0.5s
epoch 5344 | loss 8.3798 | lr 3.87e-04 | 0.5s
epoch 5345 | loss 8.3630 | lr 3.87e-04 | 0.4s
epoch 5346 | loss 8.3925 | lr 3.86e-04 | 0.5s
epoch 5347 | loss 8.3439 | lr 3.86e-04 | 0.5s
epoch 5348 | loss 8.3848 | lr 3.86e-04 | 0.5s
epoch 5349 | loss 8.3552 | lr 3.86e-04 | 0.5s
epoch 5350 | loss 8.3093 | lr 3.85e-04 | 0.5s
epoch 5351 | loss 8.3650 | lr 3.85e-04 | 0.5s
epoch 5352 | loss 8.2941 | lr 3.85e-04 | 0.5s
epoch 5353 | loss 8.3468 | lr 3.85e-04 | 0.4s
epoch 5354 | loss 8.3892 | lr 3.84e-04 | 0.4s
epoch 5355 | loss 8.3527 | lr 3.84e-04 | 0.4s
epoch 5356 | loss 8.3465 | lr 3.84e-04 | 0.5s
epoch 5357 | loss 8.3807 | lr 3.83e-04 | 0.5s
epoch 5358 | loss 8.3633 | lr 3.83e-04 | 0.4s
epoch 5359 | loss 8.3825 | lr 3.83e-04 | 0.5s
epoch 5360 | loss 8.3715 | lr 3.83e-04 | 0.4s
epoch 5361 | loss 8.3409 | lr 3.82e-04 | 0.4s
epoch 5362 | loss 8.4064 | lr 3.82e-04 | 0.5s
epoch 5363 | loss 8.4061 | lr 3.82e-04 | 0.5s
epoch 5364 | loss 8.3903 | lr 3.82e-04 | 0.4s
epoch 5365 | loss 8.4158 | lr 3.81e-04 | 0.4s
epoch 5366 | loss 8.3795 | lr 3.81e-04 | 0.4s
epoch 5367 | loss 8.3776 | lr 3.81e-04 | 0.4s
epoch 5368 | loss 8.3743 | lr 3.81e-04 | 0.4s
epoch 5369 | loss 8.3921 | lr 3.80e-04 | 0.5s
epoch 5370 | loss 8.3330 | lr 3.80e-04 | 0.5s
epoch 5371 | loss 8.3899 | lr 3.80e-04 | 0.4s
epoch 5372 | loss 8.3768 | lr 3.80e-04 | 0.4s
epoch 5373 | loss 8.3410 | lr 3.79e-04 | 0.5s
epoch 5374 | loss 8.3227 | lr 3.79e-04 | 0.4s
epoch 5375 | loss 8.3964 | lr 3.79e-04 | 0.5s
epoch 5376 | loss 8.4443 | lr 3.78e-04 | 0.5s
epoch 5377 | loss 8.3565 | lr 3.78e-04 | 0.5s
epoch 5378 | loss 8.3707 | lr 3.78e-04 | 0.4s
epoch 5379 | loss 8.3945 | lr 3.78e-04 | 0.4s
epoch 5380 | loss 8.3851 | lr 3.77e-04 | 0.4s
epoch 5381 | loss 8.3837 | lr 3.77e-04 | 0.4s
epoch 5382 | loss 8.3913 | lr 3.77e-04 | 0.5s
epoch 5383 | loss 8.3965 | lr 3.77e-04 | 0.4s
epoch 5384 | loss 8.4359 | lr 3.76e-04 | 0.4s
epoch 5385 | loss 8.4401 | lr 3.76e-04 | 0.4s
epoch 5386 | loss 8.4299 | lr 3.76e-04 | 0.4s
epoch 5387 | loss 8.3811 | lr 3.76e-04 | 0.5s
epoch 5388 | loss 8.3981 | lr 3.75e-04 | 0.4s
epoch 5389 | loss 8.3838 | lr 3.75e-04 | 0.4s
epoch 5390 | loss 8.3387 | lr 3.75e-04 | 0.4s
epoch 5391 | loss 8.4110 | lr 3.75e-04 | 0.4s
epoch 5392 | loss 8.3560 | lr 3.74e-04 | 0.5s
epoch 5393 | loss 8.3855 | lr 3.74e-04 | 0.5s
epoch 5394 | loss 8.3634 | lr 3.74e-04 | 0.5s
epoch 5395 | loss 8.3143 | lr 3.73e-04 | 0.4s
epoch 5396 | loss 8.4328 | lr 3.73e-04 | 0.5s
epoch 5397 | loss 8.4059 | lr 3.73e-04 | 0.5s
epoch 5398 | loss 8.4281 | lr 3.73e-04 | 0.5s
epoch 5399 | loss 8.3212 | lr 3.72e-04 | 0.5s
epoch 5400 | loss 8.4038 | lr 3.72e-04 | 0.4s
epoch 5401 | loss 8.3405 | lr 3.72e-04 | 0.5s
epoch 5402 | loss 8.3584 | lr 3.72e-04 | 0.4s
epoch 5403 | loss 8.4321 | lr 3.71e-04 | 0.4s
epoch 5404 | loss 8.3929 | lr 3.71e-04 | 0.5s
epoch 5405 | loss 8.3222 | lr 3.71e-04 | 0.4s
epoch 5406 | loss 8.3194 | lr 3.71e-04 | 0.4s
epoch 5407 | loss 8.3523 | lr 3.70e-04 | 0.5s
epoch 5408 | loss 8.3874 | lr 3.70e-04 | 0.4s
epoch 5409 | loss 8.3647 | lr 3.70e-04 | 0.5s
epoch 5410 | loss 8.3482 | lr 3.70e-04 | 0.4s
epoch 5411 | loss 8.3729 | lr 3.69e-04 | 0.4s
epoch 5412 | loss 8.4158 | lr 3.69e-04 | 0.5s
epoch 5413 | loss 8.3912 | lr 3.69e-04 | 0.4s
epoch 5414 | loss 8.3457 | lr 3.69e-04 | 0.4s
epoch 5415 | loss 8.3899 | lr 3.68e-04 | 0.5s
epoch 5416 | loss 8.3778 | lr 3.68e-04 | 0.5s
epoch 5417 | loss 8.3443 | lr 3.68e-04 | 0.4s
epoch 5418 | loss 8.3415 | lr 3.68e-04 | 0.5s
epoch 5419 | loss 8.3778 | lr 3.67e-04 | 0.5s
epoch 5420 | loss 8.3856 | lr 3.67e-04 | 0.5s
epoch 5421 | loss 8.3841 | lr 3.67e-04 | 0.5s
epoch 5422 | loss 8.3830 | lr 3.66e-04 | 0.4s
epoch 5423 | loss 8.3444 | lr 3.66e-04 | 0.4s
epoch 5424 | loss 8.4117 | lr 3.66e-04 | 0.5s
epoch 5425 | loss 8.3607 | lr 3.66e-04 | 0.5s
epoch 5426 | loss 8.2967 | lr 3.65e-04 | 0.4s
epoch 5427 | loss 8.3849 | lr 3.65e-04 | 0.4s
epoch 5428 | loss 8.3631 | lr 3.65e-04 | 0.5s
epoch 5429 | loss 8.4104 | lr 3.65e-04 | 0.5s
epoch 5430 | loss 8.3693 | lr 3.64e-04 | 0.5s
epoch 5431 | loss 8.2874 | lr 3.64e-04 | 0.4s
epoch 5432 | loss 8.3913 | lr 3.64e-04 | 0.4s
epoch 5433 | loss 8.4008 | lr 3.64e-04 | 0.5s
epoch 5434 | loss 8.3514 | lr 3.63e-04 | 0.4s
epoch 5435 | loss 8.3593 | lr 3.63e-04 | 0.4s
epoch 5436 | loss 8.3358 | lr 3.63e-04 | 0.4s
epoch 5437 | loss 8.3606 | lr 3.63e-04 | 0.4s
epoch 5438 | loss 8.3651 | lr 3.62e-04 | 0.5s
epoch 5439 | loss 8.3393 | lr 3.62e-04 | 0.4s
epoch 5440 | loss 8.3020 | lr 3.62e-04 | 0.5s
epoch 5441 | loss 8.3601 | lr 3.62e-04 | 0.5s
epoch 5442 | loss 8.3452 | lr 3.61e-04 | 0.5s
epoch 5443 | loss 8.3959 | lr 3.61e-04 | 0.4s
epoch 5444 | loss 8.4165 | lr 3.61e-04 | 0.5s
epoch 5445 | loss 8.3651 | lr 3.61e-04 | 0.5s
epoch 5446 | loss 8.3736 | lr 3.60e-04 | 0.5s
epoch 5447 | loss 8.3771 | lr 3.60e-04 | 0.4s
epoch 5448 | loss 8.3881 | lr 3.60e-04 | 0.4s
epoch 5449 | loss 8.3986 | lr 3.59e-04 | 0.4s
epoch 5450 | loss 8.4135 | lr 3.59e-04 | 0.4s
epoch 5451 | loss 8.4105 | lr 3.59e-04 | 0.4s
epoch 5452 | loss 8.3788 | lr 3.59e-04 | 0.4s
epoch 5453 | loss 8.3640 | lr 3.58e-04 | 0.5s
epoch 5454 | loss 8.3785 | lr 3.58e-04 | 0.5s
epoch 5455 | loss 8.3785 | lr 3.58e-04 | 0.4s
epoch 5456 | loss 8.3941 | lr 3.58e-04 | 0.4s
epoch 5457 | loss 8.3629 | lr 3.57e-04 | 0.5s
epoch 5458 | loss 8.3570 | lr 3.57e-04 | 0.4s
epoch 5459 | loss 8.4162 | lr 3.57e-04 | 0.4s
epoch 5460 | loss 8.3380 | lr 3.57e-04 | 0.4s
epoch 5461 | loss 8.4274 | lr 3.56e-04 | 0.4s
epoch 5462 | loss 8.3487 | lr 3.56e-04 | 0.4s
epoch 5463 | loss 8.4033 | lr 3.56e-04 | 0.5s
epoch 5464 | loss 8.3840 | lr 3.56e-04 | 0.4s
epoch 5465 | loss 8.3746 | lr 3.55e-04 | 0.5s
epoch 5466 | loss 8.3971 | lr 3.55e-04 | 0.4s
epoch 5467 | loss 8.3998 | lr 3.55e-04 | 0.4s
epoch 5468 | loss 8.3999 | lr 3.55e-04 | 0.5s
epoch 5469 | loss 8.3821 | lr 3.54e-04 | 0.5s
epoch 5470 | loss 8.4094 | lr 3.54e-04 | 0.4s
epoch 5471 | loss 8.3723 | lr 3.54e-04 | 0.5s
epoch 5472 | loss 8.3642 | lr 3.54e-04 | 0.4s
epoch 5473 | loss 8.3852 | lr 3.53e-04 | 0.4s
epoch 5474 | loss 8.4195 | lr 3.53e-04 | 0.5s
epoch 5475 | loss 8.3697 | lr 3.53e-04 | 0.5s
epoch 5476 | loss 8.3299 | lr 3.53e-04 | 0.4s
epoch 5477 | loss 8.3660 | lr 3.52e-04 | 0.4s
epoch 5478 | loss 8.4284 | lr 3.52e-04 | 0.4s
epoch 5479 | loss 8.3448 | lr 3.52e-04 | 0.4s
epoch 5480 | loss 8.3804 | lr 3.52e-04 | 0.4s
epoch 5481 | loss 8.3785 | lr 3.51e-04 | 0.4s
epoch 5482 | loss 8.3568 | lr 3.51e-04 | 0.4s
epoch 5483 | loss 8.3418 | lr 3.51e-04 | 0.4s
epoch 5484 | loss 8.3955 | lr 3.50e-04 | 0.4s
epoch 5485 | loss 8.3765 | lr 3.50e-04 | 0.5s
epoch 5486 | loss 8.3801 | lr 3.50e-04 | 0.5s
epoch 5487 | loss 8.3402 | lr 3.50e-04 | 0.5s
epoch 5488 | loss 8.3339 | lr 3.49e-04 | 0.5s
epoch 5489 | loss 8.3744 | lr 3.49e-04 | 0.5s
epoch 5490 | loss 8.3848 | lr 3.49e-04 | 0.4s
epoch 5491 | loss 8.3821 | lr 3.49e-04 | 0.4s
epoch 5492 | loss 8.3819 | lr 3.48e-04 | 0.4s
epoch 5493 | loss 8.3922 | lr 3.48e-04 | 0.4s
epoch 5494 | loss 8.3738 | lr 3.48e-04 | 0.4s
epoch 5495 | loss 8.3519 | lr 3.48e-04 | 0.4s
epoch 5496 | loss 8.3748 | lr 3.47e-04 | 0.4s
epoch 5497 | loss 8.4057 | lr 3.47e-04 | 0.4s
epoch 5498 | loss 8.3519 | lr 3.47e-04 | 0.4s
epoch 5499 | loss 8.3855 | lr 3.47e-04 | 0.4s
epoch 5500 | loss 8.3764 | lr 3.46e-04 | 0.4s
epoch 5501 | loss 8.4047 | lr 3.46e-04 | 0.4s
epoch 5502 | loss 8.4115 | lr 3.46e-04 | 0.4s
epoch 5503 | loss 8.4019 | lr 3.46e-04 | 0.4s
epoch 5504 | loss 8.3743 | lr 3.45e-04 | 0.4s
epoch 5505 | loss 8.3485 | lr 3.45e-04 | 0.4s
epoch 5506 | loss 8.3613 | lr 3.45e-04 | 0.4s
epoch 5507 | loss 8.3780 | lr 3.45e-04 | 0.4s
epoch 5508 | loss 8.3225 | lr 3.44e-04 | 0.4s
epoch 5509 | loss 8.3486 | lr 3.44e-04 | 0.4s
epoch 5510 | loss 8.3664 | lr 3.44e-04 | 0.4s
epoch 5511 | loss 8.3824 | lr 3.44e-04 | 0.4s
epoch 5512 | loss 8.3443 | lr 3.43e-04 | 0.4s
epoch 5513 | loss 8.3707 | lr 3.43e-04 | 0.4s
epoch 5514 | loss 8.3879 | lr 3.43e-04 | 0.4s
epoch 5515 | loss 8.4146 | lr 3.43e-04 | 0.4s
epoch 5516 | loss 8.3714 | lr 3.42e-04 | 0.4s
epoch 5517 | loss 8.3644 | lr 3.42e-04 | 0.4s
epoch 5518 | loss 8.4184 | lr 3.42e-04 | 0.4s
epoch 5519 | loss 8.3769 | lr 3.42e-04 | 0.4s
epoch 5520 | loss 8.4118 | lr 3.41e-04 | 0.4s
epoch 5521 | loss 8.3937 | lr 3.41e-04 | 0.4s
epoch 5522 | loss 8.3588 | lr 3.41e-04 | 0.4s
epoch 5523 | loss 8.3663 | lr 3.41e-04 | 0.4s
epoch 5524 | loss 8.3394 | lr 3.40e-04 | 0.4s
epoch 5525 | loss 8.3143 | lr 3.40e-04 | 0.4s
epoch 5526 | loss 8.3461 | lr 3.40e-04 | 0.4s
epoch 5527 | loss 8.3830 | lr 3.40e-04 | 0.4s
epoch 5528 | loss 8.4121 | lr 3.39e-04 | 0.4s
epoch 5529 | loss 8.3146 | lr 3.39e-04 | 0.4s
epoch 5530 | loss 8.3571 | lr 3.39e-04 | 0.4s
epoch 5531 | loss 8.4120 | lr 3.39e-04 | 0.4s
epoch 5532 | loss 8.3603 | lr 3.38e-04 | 0.4s
epoch 5533 | loss 8.3456 | lr 3.38e-04 | 0.4s
epoch 5534 | loss 8.3676 | lr 3.38e-04 | 0.4s
epoch 5535 | loss 8.3537 | lr 3.38e-04 | 0.4s
epoch 5536 | loss 8.3619 | lr 3.37e-04 | 0.4s
epoch 5537 | loss 8.3848 | lr 3.37e-04 | 0.4s
epoch 5538 | loss 8.3372 | lr 3.37e-04 | 0.4s
epoch 5539 | loss 8.3425 | lr 3.37e-04 | 0.4s
epoch 5540 | loss 8.3855 | lr 3.36e-04 | 0.4s
epoch 5541 | loss 8.3612 | lr 3.36e-04 | 0.4s
epoch 5542 | loss 8.3491 | lr 3.36e-04 | 0.4s
epoch 5543 | loss 8.3958 | lr 3.36e-04 | 0.4s
epoch 5544 | loss 8.4039 | lr 3.35e-04 | 0.4s
epoch 5545 | loss 8.3570 | lr 3.35e-04 | 0.4s
epoch 5546 | loss 8.3904 | lr 3.35e-04 | 0.4s
epoch 5547 | loss 8.3943 | lr 3.35e-04 | 0.4s
epoch 5548 | loss 8.3671 | lr 3.34e-04 | 0.4s
epoch 5549 | loss 8.4329 | lr 3.34e-04 | 0.4s
epoch 5550 | loss 8.3662 | lr 3.34e-04 | 0.4s
epoch 5551 | loss 8.4236 | lr 3.34e-04 | 0.4s
epoch 5552 | loss 8.3486 | lr 3.33e-04 | 0.4s
epoch 5553 | loss 8.4167 | lr 3.33e-04 | 0.4s
epoch 5554 | loss 8.3733 | lr 3.33e-04 | 0.4s
epoch 5555 | loss 8.4155 | lr 3.32e-04 | 0.4s
epoch 5556 | loss 8.3748 | lr 3.32e-04 | 0.4s
epoch 5557 | loss 8.3463 | lr 3.32e-04 | 0.4s
epoch 5558 | loss 8.3621 | lr 3.32e-04 | 0.4s
epoch 5559 | loss 8.4028 | lr 3.31e-04 | 0.4s
epoch 5560 | loss 8.3879 | lr 3.31e-04 | 0.5s
epoch 5561 | loss 8.3859 | lr 3.31e-04 | 0.4s
epoch 5562 | loss 8.3761 | lr 3.31e-04 | 0.5s
epoch 5563 | loss 8.3686 | lr 3.30e-04 | 0.4s
epoch 5564 | loss 8.3380 | lr 3.30e-04 | 0.4s
epoch 5565 | loss 8.4388 | lr 3.30e-04 | 0.4s
epoch 5566 | loss 8.3850 | lr 3.30e-04 | 0.5s
epoch 5567 | loss 8.3729 | lr 3.29e-04 | 0.4s
epoch 5568 | loss 8.3652 | lr 3.29e-04 | 0.4s
epoch 5569 | loss 8.3658 | lr 3.29e-04 | 0.4s
epoch 5570 | loss 8.4033 | lr 3.29e-04 | 0.4s
epoch 5571 | loss 8.4054 | lr 3.28e-04 | 0.4s
epoch 5572 | loss 8.3485 | lr 3.28e-04 | 0.4s
epoch 5573 | loss 8.3953 | lr 3.28e-04 | 0.5s
epoch 5574 | loss 8.3841 | lr 3.28e-04 | 0.4s
epoch 5575 | loss 8.3503 | lr 3.27e-04 | 0.5s
epoch 5576 | loss 8.3888 | lr 3.27e-04 | 0.4s
epoch 5577 | loss 8.3577 | lr 3.27e-04 | 0.5s
epoch 5578 | loss 8.3751 | lr 3.27e-04 | 0.5s
epoch 5579 | loss 8.3412 | lr 3.26e-04 | 0.5s
epoch 5580 | loss 8.3454 | lr 3.26e-04 | 0.4s
epoch 5581 | loss 8.3776 | lr 3.26e-04 | 0.4s
epoch 5582 | loss 8.3818 | lr 3.26e-04 | 0.5s
epoch 5583 | loss 8.3701 | lr 3.26e-04 | 0.5s
epoch 5584 | loss 8.3546 | lr 3.25e-04 | 0.4s
epoch 5585 | loss 8.4161 | lr 3.25e-04 | 0.4s
epoch 5586 | loss 8.3525 | lr 3.25e-04 | 0.4s
epoch 5587 | loss 8.3388 | lr 3.25e-04 | 0.5s
epoch 5588 | loss 8.3697 | lr 3.24e-04 | 0.5s
epoch 5589 | loss 8.3635 | lr 3.24e-04 | 0.4s
epoch 5590 | loss 8.3771 | lr 3.24e-04 | 0.5s
epoch 5591 | loss 8.3837 | lr 3.24e-04 | 0.5s
epoch 5592 | loss 8.4118 | lr 3.23e-04 | 0.4s
epoch 5593 | loss 8.3691 | lr 3.23e-04 | 0.4s
epoch 5594 | loss 8.4030 | lr 3.23e-04 | 0.5s
epoch 5595 | loss 8.3562 | lr 3.23e-04 | 0.5s
epoch 5596 | loss 8.3855 | lr 3.22e-04 | 0.5s
epoch 5597 | loss 8.3795 | lr 3.22e-04 | 0.5s
epoch 5598 | loss 8.3133 | lr 3.22e-04 | 0.5s
epoch 5599 | loss 8.3492 | lr 3.22e-04 | 0.5s
epoch 5600 | loss 8.3361 | lr 3.21e-04 | 0.4s
epoch 5601 | loss 8.3873 | lr 3.21e-04 | 0.5s
epoch 5602 | loss 8.3931 | lr 3.21e-04 | 0.4s
epoch 5603 | loss 8.3642 | lr 3.21e-04 | 0.4s
epoch 5604 | loss 8.3671 | lr 3.20e-04 | 0.5s
epoch 5605 | loss 8.3783 | lr 3.20e-04 | 0.5s
epoch 5606 | loss 8.3926 | lr 3.20e-04 | 0.4s
epoch 5607 | loss 8.3579 | lr 3.20e-04 | 0.4s
epoch 5608 | loss 8.3404 | lr 3.19e-04 | 0.5s
epoch 5609 | loss 8.3921 | lr 3.19e-04 | 0.5s
epoch 5610 | loss 8.4014 | lr 3.19e-04 | 0.5s
epoch 5611 | loss 8.3571 | lr 3.19e-04 | 0.4s
epoch 5612 | loss 8.4360 | lr 3.18e-04 | 0.5s
epoch 5613 | loss 8.3305 | lr 3.18e-04 | 0.5s
epoch 5614 | loss 8.3640 | lr 3.18e-04 | 0.4s
epoch 5615 | loss 8.3680 | lr 3.18e-04 | 0.5s
epoch 5616 | loss 8.3406 | lr 3.17e-04 | 0.5s
epoch 5617 | loss 8.3397 | lr 3.17e-04 | 0.4s
epoch 5618 | loss 8.4240 | lr 3.17e-04 | 0.5s
epoch 5619 | loss 8.4101 | lr 3.17e-04 | 0.5s
epoch 5620 | loss 8.3468 | lr 3.16e-04 | 0.4s
epoch 5621 | loss 8.3235 | lr 3.16e-04 | 0.5s
epoch 5622 | loss 8.4062 | lr 3.16e-04 | 0.4s
epoch 5623 | loss 8.3917 | lr 3.16e-04 | 0.4s
epoch 5624 | loss 8.4056 | lr 3.15e-04 | 0.4s
epoch 5625 | loss 8.3458 | lr 3.15e-04 | 0.4s
epoch 5626 | loss 8.3668 | lr 3.15e-04 | 0.4s
epoch 5627 | loss 8.3723 | lr 3.15e-04 | 0.4s
epoch 5628 | loss 8.3219 | lr 3.14e-04 | 0.4s
epoch 5629 | loss 8.3644 | lr 3.14e-04 | 0.4s
epoch 5630 | loss 8.3510 | lr 3.14e-04 | 0.4s
epoch 5631 | loss 8.3422 | lr 3.14e-04 | 0.5s
epoch 5632 | loss 8.3928 | lr 3.13e-04 | 0.4s
epoch 5633 | loss 8.4285 | lr 3.13e-04 | 0.4s
epoch 5634 | loss 8.4009 | lr 3.13e-04 | 0.5s
epoch 5635 | loss 8.3670 | lr 3.13e-04 | 0.4s
epoch 5636 | loss 8.3937 | lr 3.12e-04 | 0.5s
epoch 5637 | loss 8.3814 | lr 3.12e-04 | 0.4s
epoch 5638 | loss 8.3923 | lr 3.12e-04 | 0.4s
epoch 5639 | loss 8.3894 | lr 3.12e-04 | 0.5s
epoch 5640 | loss 8.3687 | lr 3.11e-04 | 0.4s
epoch 5641 | loss 8.3339 | lr 3.11e-04 | 0.4s
epoch 5642 | loss 8.3237 | lr 3.11e-04 | 0.5s
epoch 5643 | loss 8.3807 | lr 3.11e-04 | 0.5s
epoch 5644 | loss 8.3495 | lr 3.10e-04 | 0.4s
epoch 5645 | loss 8.3681 | lr 3.10e-04 | 0.5s
epoch 5646 | loss 8.3291 | lr 3.10e-04 | 0.4s
epoch 5647 | loss 8.3588 | lr 3.10e-04 | 0.5s
epoch 5648 | loss 8.3258 | lr 3.09e-04 | 0.5s
epoch 5649 | loss 8.3803 | lr 3.09e-04 | 0.4s
epoch 5650 | loss 8.3324 | lr 3.09e-04 | 0.4s
epoch 5651 | loss 8.3923 | lr 3.09e-04 | 0.4s
epoch 5652 | loss 8.3711 | lr 3.08e-04 | 0.4s
epoch 5653 | loss 8.3554 | lr 3.08e-04 | 0.4s
epoch 5654 | loss 8.3794 | lr 3.08e-04 | 0.5s
epoch 5655 | loss 8.3548 | lr 3.08e-04 | 0.4s
epoch 5656 | loss 8.4191 | lr 3.08e-04 | 0.5s
epoch 5657 | loss 8.3696 | lr 3.07e-04 | 0.5s
epoch 5658 | loss 8.3915 | lr 3.07e-04 | 0.5s
epoch 5659 | loss 8.3612 | lr 3.07e-04 | 0.5s
epoch 5660 | loss 8.3560 | lr 3.07e-04 | 0.5s
epoch 5661 | loss 8.3587 | lr 3.06e-04 | 0.5s
epoch 5662 | loss 8.4214 | lr 3.06e-04 | 0.4s
epoch 5663 | loss 8.3640 | lr 3.06e-04 | 0.5s
epoch 5664 | loss 8.3663 | lr 3.06e-04 | 0.5s
epoch 5665 | loss 8.3904 | lr 3.05e-04 | 0.4s
epoch 5666 | loss 8.3660 | lr 3.05e-04 | 0.4s
epoch 5667 | loss 8.3864 | lr 3.05e-04 | 0.4s
epoch 5668 | loss 8.4483 | lr 3.05e-04 | 0.5s
epoch 5669 | loss 8.4030 | lr 3.04e-04 | 0.4s
epoch 5670 | loss 8.3993 | lr 3.04e-04 | 0.5s
epoch 5671 | loss 8.3774 | lr 3.04e-04 | 0.4s
epoch 5672 | loss 8.3676 | lr 3.04e-04 | 0.5s
epoch 5673 | loss 8.4064 | lr 3.03e-04 | 0.4s
epoch 5674 | loss 8.3705 | lr 3.03e-04 | 0.5s
epoch 5675 | loss 8.3665 | lr 3.03e-04 | 0.5s
epoch 5676 | loss 8.3671 | lr 3.03e-04 | 0.5s
epoch 5677 | loss 8.3865 | lr 3.02e-04 | 0.4s
epoch 5678 | loss 8.4201 | lr 3.02e-04 | 0.4s
epoch 5679 | loss 8.3196 | lr 3.02e-04 | 0.4s
epoch 5680 | loss 8.3598 | lr 3.02e-04 | 0.5s
epoch 5681 | loss 8.3413 | lr 3.01e-04 | 0.4s
epoch 5682 | loss 8.3692 | lr 3.01e-04 | 0.5s
epoch 5683 | loss 8.4256 | lr 3.01e-04 | 0.4s
epoch 5684 | loss 8.3791 | lr 3.01e-04 | 0.4s
epoch 5685 | loss 8.3693 | lr 3.00e-04 | 0.5s
epoch 5686 | loss 8.3604 | lr 3.00e-04 | 0.5s
epoch 5687 | loss 8.4059 | lr 3.00e-04 | 0.4s
epoch 5688 | loss 8.3435 | lr 3.00e-04 | 0.5s
epoch 5689 | loss 8.3511 | lr 3.00e-04 | 0.4s
epoch 5690 | loss 8.3575 | lr 2.99e-04 | 0.4s
epoch 5691 | loss 8.3765 | lr 2.99e-04 | 0.4s
epoch 5692 | loss 8.4070 | lr 2.99e-04 | 0.5s
epoch 5693 | loss 8.3493 | lr 2.99e-04 | 0.4s
epoch 5694 | loss 8.3988 | lr 2.98e-04 | 0.5s
epoch 5695 | loss 8.3651 | lr 2.98e-04 | 0.4s
epoch 5696 | loss 8.3485 | lr 2.98e-04 | 0.4s
epoch 5697 | loss 8.3953 | lr 2.98e-04 | 0.4s
epoch 5698 | loss 8.3977 | lr 2.97e-04 | 0.4s
epoch 5699 | loss 8.3504 | lr 2.97e-04 | 0.5s
epoch 5700 | loss 8.3346 | lr 2.97e-04 | 0.5s
epoch 5701 | loss 8.4284 | lr 2.97e-04 | 0.4s
epoch 5702 | loss 8.3944 | lr 2.96e-04 | 0.5s
epoch 5703 | loss 8.3320 | lr 2.96e-04 | 0.4s
epoch 5704 | loss 8.4013 | lr 2.96e-04 | 0.4s
epoch 5705 | loss 8.3774 | lr 2.96e-04 | 0.5s
epoch 5706 | loss 8.3432 | lr 2.95e-04 | 0.5s
epoch 5707 | loss 8.3813 | lr 2.95e-04 | 0.4s
epoch 5708 | loss 8.3072 | lr 2.95e-04 | 0.5s
epoch 5709 | loss 8.3615 | lr 2.95e-04 | 0.4s
epoch 5710 | loss 8.3940 | lr 2.94e-04 | 0.5s
epoch 5711 | loss 8.3924 | lr 2.94e-04 | 0.4s
epoch 5712 | loss 8.3673 | lr 2.94e-04 | 0.5s
epoch 5713 | loss 8.3532 | lr 2.94e-04 | 0.4s
epoch 5714 | loss 8.3417 | lr 2.94e-04 | 0.4s
epoch 5715 | loss 8.3971 | lr 2.93e-04 | 0.5s
epoch 5716 | loss 8.3912 | lr 2.93e-04 | 0.4s
epoch 5717 | loss 8.3713 | lr 2.93e-04 | 0.5s
epoch 5718 | loss 8.3681 | lr 2.93e-04 | 0.5s
epoch 5719 | loss 8.3766 | lr 2.92e-04 | 0.4s
epoch 5720 | loss 8.3218 | lr 2.92e-04 | 0.4s
epoch 5721 | loss 8.3821 | lr 2.92e-04 | 0.5s
epoch 5722 | loss 8.3348 | lr 2.92e-04 | 0.4s
epoch 5723 | loss 8.3949 | lr 2.91e-04 | 0.4s
epoch 5724 | loss 8.3387 | lr 2.91e-04 | 0.5s
epoch 5725 | loss 8.3366 | lr 2.91e-04 | 0.5s
epoch 5726 | loss 8.4400 | lr 2.91e-04 | 0.4s
epoch 5727 | loss 8.4066 | lr 2.90e-04 | 0.4s
epoch 5728 | loss 8.3665 | lr 2.90e-04 | 0.5s
epoch 5729 | loss 8.3927 | lr 2.90e-04 | 0.5s
epoch 5730 | loss 8.3729 | lr 2.90e-04 | 0.5s
epoch 5731 | loss 8.3472 | lr 2.89e-04 | 0.4s
epoch 5732 | loss 8.4256 | lr 2.89e-04 | 0.4s
epoch 5733 | loss 8.3555 | lr 2.89e-04 | 0.4s
epoch 5734 | loss 8.3330 | lr 2.89e-04 | 0.4s
epoch 5735 | loss 8.3753 | lr 2.88e-04 | 0.4s
epoch 5736 | loss 8.3998 | lr 2.88e-04 | 0.5s
epoch 5737 | loss 8.3415 | lr 2.88e-04 | 0.5s
epoch 5738 | loss 8.3243 | lr 2.88e-04 | 0.5s
epoch 5739 | loss 8.3550 | lr 2.88e-04 | 0.5s
epoch 5740 | loss 8.3521 | lr 2.87e-04 | 0.5s
epoch 5741 | loss 8.3668 | lr 2.87e-04 | 0.5s
epoch 5742 | loss 8.3884 | lr 2.87e-04 | 0.5s
epoch 5743 | loss 8.3679 | lr 2.87e-04 | 0.5s
epoch 5744 | loss 8.3549 | lr 2.86e-04 | 0.5s
epoch 5745 | loss 8.3400 | lr 2.86e-04 | 0.4s
epoch 5746 | loss 8.3785 | lr 2.86e-04 | 0.4s
epoch 5747 | loss 8.3630 | lr 2.86e-04 | 0.4s
epoch 5748 | loss 8.4129 | lr 2.85e-04 | 0.4s
epoch 5749 | loss 8.3671 | lr 2.85e-04 | 0.5s
epoch 5750 | loss 8.3675 | lr 2.85e-04 | 0.4s
epoch 5751 | loss 8.4093 | lr 2.85e-04 | 0.5s
epoch 5752 | loss 8.3940 | lr 2.84e-04 | 0.5s
epoch 5753 | loss 8.3753 | lr 2.84e-04 | 0.4s
epoch 5754 | loss 8.3956 | lr 2.84e-04 | 0.4s
epoch 5755 | loss 8.3813 | lr 2.84e-04 | 0.4s
epoch 5756 | loss 8.3807 | lr 2.84e-04 | 0.4s
epoch 5757 | loss 8.3625 | lr 2.83e-04 | 0.5s
epoch 5758 | loss 8.3702 | lr 2.83e-04 | 0.5s
epoch 5759 | loss 8.4276 | lr 2.83e-04 | 0.4s
epoch 5760 | loss 8.3607 | lr 2.83e-04 | 0.4s
epoch 5761 | loss 8.3856 | lr 2.82e-04 | 0.4s
epoch 5762 | loss 8.4081 | lr 2.82e-04 | 0.4s
epoch 5763 | loss 8.3544 | lr 2.82e-04 | 0.4s
epoch 5764 | loss 8.3048 | lr 2.82e-04 | 0.4s
epoch 5765 | loss 8.3676 | lr 2.81e-04 | 0.4s
epoch 5766 | loss 8.3485 | lr 2.81e-04 | 0.4s
epoch 5767 | loss 8.3805 | lr 2.81e-04 | 0.4s
epoch 5768 | loss 8.3566 | lr 2.81e-04 | 0.4s
epoch 5769 | loss 8.3942 | lr 2.80e-04 | 0.4s
epoch 5770 | loss 8.3951 | lr 2.80e-04 | 0.4s
epoch 5771 | loss 8.3720 | lr 2.80e-04 | 0.4s
epoch 5772 | loss 8.3457 | lr 2.80e-04 | 0.4s
epoch 5773 | loss 8.4089 | lr 2.80e-04 | 0.4s
epoch 5774 | loss 8.3738 | lr 2.79e-04 | 0.4s
epoch 5775 | loss 8.3628 | lr 2.79e-04 | 0.4s
epoch 5776 | loss 8.2903 | lr 2.79e-04 | 0.4s
epoch 5777 | loss 8.3549 | lr 2.79e-04 | 0.4s
epoch 5778 | loss 8.3610 | lr 2.78e-04 | 0.4s
epoch 5779 | loss 8.3327 | lr 2.78e-04 | 0.4s
epoch 5780 | loss 8.3925 | lr 2.78e-04 | 0.4s
epoch 5781 | loss 8.3646 | lr 2.78e-04 | 0.4s
epoch 5782 | loss 8.3923 | lr 2.77e-04 | 0.4s
epoch 5783 | loss 8.3552 | lr 2.77e-04 | 0.4s
epoch 5784 | loss 8.3752 | lr 2.77e-04 | 0.4s
epoch 5785 | loss 8.3858 | lr 2.77e-04 | 0.4s
epoch 5786 | loss 8.3479 | lr 2.76e-04 | 0.4s
epoch 5787 | loss 8.3621 | lr 2.76e-04 | 0.4s
epoch 5788 | loss 8.3375 | lr 2.76e-04 | 0.4s
epoch 5789 | loss 8.3559 | lr 2.76e-04 | 0.5s
epoch 5790 | loss 8.3677 | lr 2.76e-04 | 0.4s
epoch 5791 | loss 8.3602 | lr 2.75e-04 | 0.4s
epoch 5792 | loss 8.3990 | lr 2.75e-04 | 0.4s
epoch 5793 | loss 8.4119 | lr 2.75e-04 | 0.4s
epoch 5794 | loss 8.3469 | lr 2.75e-04 | 0.4s
epoch 5795 | loss 8.3917 | lr 2.74e-04 | 0.4s
epoch 5796 | loss 8.3779 | lr 2.74e-04 | 0.4s
epoch 5797 | loss 8.3687 | lr 2.74e-04 | 0.4s
epoch 5798 | loss 8.3877 | lr 2.74e-04 | 0.4s
epoch 5799 | loss 8.3603 | lr 2.73e-04 | 0.4s
epoch 5800 | loss 8.3812 | lr 2.73e-04 | 0.4s
epoch 5801 | loss 8.3608 | lr 2.73e-04 | 0.4s
epoch 5802 | loss 8.3237 | lr 2.73e-04 | 0.4s
epoch 5803 | loss 8.3868 | lr 2.72e-04 | 0.4s
epoch 5804 | loss 8.3319 | lr 2.72e-04 | 0.4s
epoch 5805 | loss 8.3944 | lr 2.72e-04 | 0.4s
epoch 5806 | loss 8.3521 | lr 2.72e-04 | 0.4s
epoch 5807 | loss 8.4284 | lr 2.72e-04 | 0.4s
epoch 5808 | loss 8.3826 | lr 2.71e-04 | 0.4s
epoch 5809 | loss 8.3674 | lr 2.71e-04 | 0.4s
epoch 5810 | loss 8.3579 | lr 2.71e-04 | 0.4s
epoch 5811 | loss 8.4454 | lr 2.71e-04 | 0.4s
epoch 5812 | loss 8.4182 | lr 2.70e-04 | 0.4s
epoch 5813 | loss 8.3778 | lr 2.70e-04 | 0.4s
epoch 5814 | loss 8.3078 | lr 2.70e-04 | 0.4s
epoch 5815 | loss 8.3866 | lr 2.70e-04 | 0.4s
epoch 5816 | loss 8.3634 | lr 2.69e-04 | 0.4s
epoch 5817 | loss 8.3263 | lr 2.69e-04 | 0.4s
epoch 5818 | loss 8.3642 | lr 2.69e-04 | 0.4s
epoch 5819 | loss 8.3313 | lr 2.69e-04 | 0.4s
epoch 5820 | loss 8.3677 | lr 2.69e-04 | 0.4s
epoch 5821 | loss 8.3555 | lr 2.68e-04 | 0.4s
epoch 5822 | loss 8.3776 | lr 2.68e-04 | 0.4s
epoch 5823 | loss 8.3461 | lr 2.68e-04 | 0.4s
epoch 5824 | loss 8.3966 | lr 2.68e-04 | 0.4s
epoch 5825 | loss 8.4165 | lr 2.67e-04 | 0.4s
epoch 5826 | loss 8.4158 | lr 2.67e-04 | 0.4s
epoch 5827 | loss 8.3943 | lr 2.67e-04 | 0.4s
epoch 5828 | loss 8.3739 | lr 2.67e-04 | 0.4s
epoch 5829 | loss 8.3671 | lr 2.66e-04 | 0.5s
epoch 5830 | loss 8.3762 | lr 2.66e-04 | 0.4s
epoch 5831 | loss 8.3413 | lr 2.66e-04 | 0.4s
epoch 5832 | loss 8.3424 | lr 2.66e-04 | 0.5s
epoch 5833 | loss 8.3875 | lr 2.66e-04 | 0.4s
epoch 5834 | loss 8.3942 | lr 2.65e-04 | 0.5s
epoch 5835 | loss 8.3284 | lr 2.65e-04 | 0.4s
epoch 5836 | loss 8.3477 | lr 2.65e-04 | 0.5s
epoch 5837 | loss 8.3874 | lr 2.65e-04 | 0.5s
epoch 5838 | loss 8.3326 | lr 2.64e-04 | 0.4s
epoch 5839 | loss 8.3441 | lr 2.64e-04 | 0.5s
epoch 5840 | loss 8.3538 | lr 2.64e-04 | 0.5s
epoch 5841 | loss 8.3553 | lr 2.64e-04 | 0.5s
epoch 5842 | loss 8.4353 | lr 2.63e-04 | 0.5s
epoch 5843 | loss 8.3556 | lr 2.63e-04 | 0.4s
epoch 5844 | loss 8.3645 | lr 2.63e-04 | 0.5s
epoch 5845 | loss 8.3685 | lr 2.63e-04 | 0.4s
epoch 5846 | loss 8.3614 | lr 2.63e-04 | 0.4s
epoch 5847 | loss 8.3643 | lr 2.62e-04 | 0.4s
epoch 5848 | loss 8.3153 | lr 2.62e-04 | 0.4s
epoch 5849 | loss 8.3859 | lr 2.62e-04 | 0.4s
epoch 5850 | loss 8.3356 | lr 2.62e-04 | 0.5s
epoch 5851 | loss 8.4112 | lr 2.61e-04 | 0.4s
epoch 5852 | loss 8.3538 | lr 2.61e-04 | 0.5s
epoch 5853 | loss 8.3147 | lr 2.61e-04 | 0.4s
epoch 5854 | loss 8.3578 | lr 2.61e-04 | 0.4s
epoch 5855 | loss 8.3439 | lr 2.61e-04 | 0.5s
epoch 5856 | loss 8.3649 | lr 2.60e-04 | 0.4s
epoch 5857 | loss 8.3526 | lr 2.60e-04 | 0.4s
epoch 5858 | loss 8.3641 | lr 2.60e-04 | 0.4s
epoch 5859 | loss 8.4132 | lr 2.60e-04 | 0.5s
epoch 5860 | loss 8.3909 | lr 2.59e-04 | 0.4s
epoch 5861 | loss 8.3817 | lr 2.59e-04 | 0.4s
epoch 5862 | loss 8.3233 | lr 2.59e-04 | 0.5s
epoch 5863 | loss 8.3555 | lr 2.59e-04 | 0.4s
epoch 5864 | loss 8.3627 | lr 2.58e-04 | 0.5s
epoch 5865 | loss 8.4095 | lr 2.58e-04 | 0.5s
epoch 5866 | loss 8.4155 | lr 2.58e-04 | 0.5s
epoch 5867 | loss 8.3158 | lr 2.58e-04 | 0.5s
epoch 5868 | loss 8.3623 | lr 2.58e-04 | 0.4s
epoch 5869 | loss 8.3724 | lr 2.57e-04 | 0.5s
epoch 5870 | loss 8.3864 | lr 2.57e-04 | 0.5s
epoch 5871 | loss 8.4233 | lr 2.57e-04 | 0.4s
epoch 5872 | loss 8.3441 | lr 2.57e-04 | 0.4s
epoch 5873 | loss 8.3622 | lr 2.56e-04 | 0.5s
epoch 5874 | loss 8.4332 | lr 2.56e-04 | 0.4s
epoch 5875 | loss 8.3894 | lr 2.56e-04 | 0.4s
epoch 5876 | loss 8.4258 | lr 2.56e-04 | 0.4s
epoch 5877 | loss 8.3899 | lr 2.56e-04 | 0.4s
epoch 5878 | loss 8.3592 | lr 2.55e-04 | 0.4s
epoch 5879 | loss 8.3487 | lr 2.55e-04 | 0.4s
epoch 5880 | loss 8.4329 | lr 2.55e-04 | 0.4s
epoch 5881 | loss 8.3484 | lr 2.55e-04 | 0.5s
epoch 5882 | loss 8.3075 | lr 2.54e-04 | 0.4s
epoch 5883 | loss 8.3671 | lr 2.54e-04 | 0.4s
epoch 5884 | loss 8.3507 | lr 2.54e-04 | 0.4s
epoch 5885 | loss 8.3482 | lr 2.54e-04 | 0.5s
epoch 5886 | loss 8.3501 | lr 2.53e-04 | 0.5s
epoch 5887 | loss 8.3652 | lr 2.53e-04 | 0.4s
epoch 5888 | loss 8.3381 | lr 2.53e-04 | 0.5s
epoch 5889 | loss 8.3711 | lr 2.53e-04 | 0.5s
epoch 5890 | loss 8.3855 | lr 2.53e-04 | 0.5s
epoch 5891 | loss 8.3342 | lr 2.52e-04 | 0.4s
epoch 5892 | loss 8.3473 | lr 2.52e-04 | 0.4s
epoch 5893 | loss 8.3505 | lr 2.52e-04 | 0.4s
epoch 5894 | loss 8.4120 | lr 2.52e-04 | 0.4s
epoch 5895 | loss 8.3333 | lr 2.51e-04 | 0.4s
epoch 5896 | loss 8.4001 | lr 2.51e-04 | 0.5s
epoch 5897 | loss 8.3751 | lr 2.51e-04 | 0.5s
epoch 5898 | loss 8.3304 | lr 2.51e-04 | 0.4s
epoch 5899 | loss 8.3803 | lr 2.51e-04 | 0.5s
epoch 5900 | loss 8.3992 | lr 2.50e-04 | 0.5s
epoch 5901 | loss 8.3669 | lr 2.50e-04 | 0.4s
epoch 5902 | loss 8.3655 | lr 2.50e-04 | 0.4s
epoch 5903 | loss 8.3383 | lr 2.50e-04 | 0.4s
epoch 5904 | loss 8.3173 | lr 2.49e-04 | 0.4s
epoch 5905 | loss 8.3403 | lr 2.49e-04 | 0.5s
epoch 5906 | loss 8.3338 | lr 2.49e-04 | 0.5s
epoch 5907 | loss 8.4010 | lr 2.49e-04 | 0.4s
epoch 5908 | loss 8.3603 | lr 2.49e-04 | 0.4s
epoch 5909 | loss 8.3684 | lr 2.48e-04 | 0.5s
epoch 5910 | loss 8.3422 | lr 2.48e-04 | 0.5s
epoch 5911 | loss 8.3902 | lr 2.48e-04 | 0.4s
epoch 5912 | loss 8.3701 | lr 2.48e-04 | 0.4s
epoch 5913 | loss 8.3843 | lr 2.47e-04 | 0.4s
epoch 5914 | loss 8.3534 | lr 2.47e-04 | 0.4s
epoch 5915 | loss 8.3380 | lr 2.47e-04 | 0.5s
epoch 5916 | loss 8.3834 | lr 2.47e-04 | 0.4s
epoch 5917 | loss 8.3806 | lr 2.46e-04 | 0.4s
epoch 5918 | loss 8.3427 | lr 2.46e-04 | 0.5s
epoch 5919 | loss 8.3512 | lr 2.46e-04 | 0.4s
epoch 5920 | loss 8.3182 | lr 2.46e-04 | 0.4s
epoch 5921 | loss 8.3799 | lr 2.46e-04 | 0.5s
epoch 5922 | loss 8.3507 | lr 2.45e-04 | 0.5s
epoch 5923 | loss 8.3285 | lr 2.45e-04 | 0.5s
epoch 5924 | loss 8.3196 | lr 2.45e-04 | 0.5s
epoch 5925 | loss 8.3851 | lr 2.45e-04 | 0.4s
epoch 5926 | loss 8.3837 | lr 2.44e-04 | 0.4s
epoch 5927 | loss 8.3880 | lr 2.44e-04 | 0.5s
epoch 5928 | loss 8.3769 | lr 2.44e-04 | 0.5s
epoch 5929 | loss 8.3612 | lr 2.44e-04 | 0.4s
epoch 5930 | loss 8.3939 | lr 2.44e-04 | 0.4s
epoch 5931 | loss 8.4166 | lr 2.43e-04 | 0.4s
epoch 5932 | loss 8.3961 | lr 2.43e-04 | 0.5s
epoch 5933 | loss 8.3676 | lr 2.43e-04 | 0.5s
epoch 5934 | loss 8.3685 | lr 2.43e-04 | 0.4s
epoch 5935 | loss 8.3650 | lr 2.42e-04 | 0.5s
epoch 5936 | loss 8.3890 | lr 2.42e-04 | 0.4s
epoch 5937 | loss 8.3392 | lr 2.42e-04 | 0.4s
epoch 5938 | loss 8.3673 | lr 2.42e-04 | 0.4s
epoch 5939 | loss 8.3630 | lr 2.42e-04 | 0.4s
epoch 5940 | loss 8.3720 | lr 2.41e-04 | 0.5s
epoch 5941 | loss 8.3614 | lr 2.41e-04 | 0.4s
epoch 5942 | loss 8.3389 | lr 2.41e-04 | 0.4s
epoch 5943 | loss 8.3452 | lr 2.41e-04 | 0.5s
epoch 5944 | loss 8.4005 | lr 2.40e-04 | 0.5s
epoch 5945 | loss 8.3840 | lr 2.40e-04 | 0.4s
epoch 5946 | loss 8.3908 | lr 2.40e-04 | 0.5s
epoch 5947 | loss 8.3665 | lr 2.40e-04 | 0.4s
epoch 5948 | loss 8.3879 | lr 2.40e-04 | 0.5s
epoch 5949 | loss 8.3781 | lr 2.39e-04 | 0.5s
epoch 5950 | loss 8.3535 | lr 2.39e-04 | 0.4s
epoch 5951 | loss 8.3911 | lr 2.39e-04 | 0.4s
epoch 5952 | loss 8.3924 | lr 2.39e-04 | 0.4s
epoch 5953 | loss 8.3795 | lr 2.39e-04 | 0.4s
epoch 5954 | loss 8.3993 | lr 2.38e-04 | 0.4s
epoch 5955 | loss 8.3500 | lr 2.38e-04 | 0.4s
epoch 5956 | loss 8.3637 | lr 2.38e-04 | 0.4s
epoch 5957 | loss 8.3860 | lr 2.38e-04 | 0.4s
epoch 5958 | loss 8.3842 | lr 2.37e-04 | 0.4s
epoch 5959 | loss 8.4005 | lr 2.37e-04 | 0.4s
epoch 5960 | loss 8.3664 | lr 2.37e-04 | 0.5s
epoch 5961 | loss 8.3901 | lr 2.37e-04 | 0.5s
epoch 5962 | loss 8.3455 | lr 2.37e-04 | 0.4s
epoch 5963 | loss 8.3909 | lr 2.36e-04 | 0.4s
epoch 5964 | loss 8.4079 | lr 2.36e-04 | 0.5s
epoch 5965 | loss 8.3944 | lr 2.36e-04 | 0.4s
epoch 5966 | loss 8.3916 | lr 2.36e-04 | 0.5s
epoch 5967 | loss 8.3367 | lr 2.35e-04 | 0.4s
epoch 5968 | loss 8.3652 | lr 2.35e-04 | 0.5s
epoch 5969 | loss 8.3282 | lr 2.35e-04 | 0.5s
epoch 5970 | loss 8.3479 | lr 2.35e-04 | 0.5s
epoch 5971 | loss 8.3666 | lr 2.35e-04 | 0.5s
epoch 5972 | loss 8.3409 | lr 2.34e-04 | 0.5s
epoch 5973 | loss 8.3709 | lr 2.34e-04 | 0.4s
epoch 5974 | loss 8.3581 | lr 2.34e-04 | 0.4s
epoch 5975 | loss 8.3913 | lr 2.34e-04 | 0.4s
epoch 5976 | loss 8.3413 | lr 2.33e-04 | 0.5s
epoch 5977 | loss 8.3625 | lr 2.33e-04 | 0.5s
epoch 5978 | loss 8.3637 | lr 2.33e-04 | 0.4s
epoch 5979 | loss 8.3441 | lr 2.33e-04 | 0.5s
epoch 5980 | loss 8.3661 | lr 2.33e-04 | 0.5s
epoch 5981 | loss 8.3313 | lr 2.32e-04 | 0.5s
epoch 5982 | loss 8.3306 | lr 2.32e-04 | 0.4s
epoch 5983 | loss 8.3649 | lr 2.32e-04 | 0.4s
epoch 5984 | loss 8.3918 | lr 2.32e-04 | 0.5s
epoch 5985 | loss 8.3837 | lr 2.31e-04 | 0.5s
epoch 5986 | loss 8.3537 | lr 2.31e-04 | 0.4s
epoch 5987 | loss 8.3303 | lr 2.31e-04 | 0.5s
epoch 5988 | loss 8.4049 | lr 2.31e-04 | 0.5s
epoch 5989 | loss 8.3882 | lr 2.31e-04 | 0.4s
epoch 5990 | loss 8.3691 | lr 2.30e-04 | 0.5s
epoch 5991 | loss 8.3866 | lr 2.30e-04 | 0.5s
epoch 5992 | loss 8.3484 | lr 2.30e-04 | 0.5s
epoch 5993 | loss 8.3437 | lr 2.30e-04 | 0.5s
epoch 5994 | loss 8.4203 | lr 2.30e-04 | 0.4s
epoch 5995 | loss 8.3999 | lr 2.29e-04 | 0.5s
epoch 5996 | loss 8.3860 | lr 2.29e-04 | 0.4s
epoch 5997 | loss 8.3367 | lr 2.29e-04 | 0.4s
epoch 5998 | loss 8.3149 | lr 2.29e-04 | 0.4s
epoch 5999 | loss 8.3352 | lr 2.28e-04 | 0.4s
epoch 6000 | loss 8.3582 | lr 2.28e-04 | 0.4s
epoch 6001 | loss 8.3754 | lr 2.28e-04 | 0.4s
epoch 6002 | loss 8.3603 | lr 2.28e-04 | 0.4s
epoch 6003 | loss 8.3554 | lr 2.28e-04 | 0.5s
epoch 6004 | loss 8.3486 | lr 2.27e-04 | 0.4s
epoch 6005 | loss 8.3226 | lr 2.27e-04 | 0.5s
epoch 6006 | loss 8.3677 | lr 2.27e-04 | 0.5s
epoch 6007 | loss 8.3748 | lr 2.27e-04 | 0.4s
epoch 6008 | loss 8.3878 | lr 2.27e-04 | 0.5s
epoch 6009 | loss 8.4015 | lr 2.26e-04 | 0.5s
epoch 6010 | loss 8.3498 | lr 2.26e-04 | 0.4s
epoch 6011 | loss 8.4013 | lr 2.26e-04 | 0.4s
epoch 6012 | loss 8.3825 | lr 2.26e-04 | 0.4s
epoch 6013 | loss 8.3429 | lr 2.25e-04 | 0.5s
epoch 6014 | loss 8.3697 | lr 2.25e-04 | 0.5s
epoch 6015 | loss 8.3219 | lr 2.25e-04 | 0.5s
epoch 6016 | loss 8.3499 | lr 2.25e-04 | 0.5s
epoch 6017 | loss 8.4106 | lr 2.25e-04 | 0.5s
epoch 6018 | loss 8.3907 | lr 2.24e-04 | 0.5s
epoch 6019 | loss 8.3781 | lr 2.24e-04 | 0.5s
epoch 6020 | loss 8.3746 | lr 2.24e-04 | 0.5s
epoch 6021 | loss 8.3887 | lr 2.24e-04 | 0.4s
epoch 6022 | loss 8.3800 | lr 2.23e-04 | 0.5s
epoch 6023 | loss 8.3600 | lr 2.23e-04 | 0.5s
epoch 6024 | loss 8.3388 | lr 2.23e-04 | 0.5s
epoch 6025 | loss 8.3676 | lr 2.23e-04 | 0.5s
epoch 6026 | loss 8.3475 | lr 2.23e-04 | 0.5s
epoch 6027 | loss 8.3621 | lr 2.22e-04 | 0.5s
epoch 6028 | loss 8.3550 | lr 2.22e-04 | 0.4s
epoch 6029 | loss 8.3589 | lr 2.22e-04 | 0.4s
epoch 6030 | loss 8.4108 | lr 2.22e-04 | 0.4s
epoch 6031 | loss 8.3668 | lr 2.22e-04 | 0.4s
epoch 6032 | loss 8.3562 | lr 2.21e-04 | 0.4s
epoch 6033 | loss 8.3831 | lr 2.21e-04 | 0.4s
epoch 6034 | loss 8.3468 | lr 2.21e-04 | 0.4s
epoch 6035 | loss 8.3693 | lr 2.21e-04 | 0.5s
epoch 6036 | loss 8.3678 | lr 2.21e-04 | 0.4s
epoch 6037 | loss 8.4172 | lr 2.20e-04 | 0.4s
epoch 6038 | loss 8.3930 | lr 2.20e-04 | 0.4s
epoch 6039 | loss 8.3268 | lr 2.20e-04 | 0.4s
epoch 6040 | loss 8.3671 | lr 2.20e-04 | 0.5s
epoch 6041 | loss 8.3389 | lr 2.19e-04 | 0.4s
epoch 6042 | loss 8.3938 | lr 2.19e-04 | 0.4s
epoch 6043 | loss 8.3617 | lr 2.19e-04 | 0.5s
epoch 6044 | loss 8.3786 | lr 2.19e-04 | 0.4s
epoch 6045 | loss 8.4059 | lr 2.19e-04 | 0.5s
epoch 6046 | loss 8.3199 | lr 2.18e-04 | 0.4s
epoch 6047 | loss 8.3691 | lr 2.18e-04 | 0.4s
epoch 6048 | loss 8.3296 | lr 2.18e-04 | 0.4s
epoch 6049 | loss 8.3379 | lr 2.18e-04 | 0.4s
epoch 6050 | loss 8.3359 | lr 2.18e-04 | 0.4s
epoch 6051 | loss 8.3694 | lr 2.17e-04 | 0.4s
epoch 6052 | loss 8.3952 | lr 2.17e-04 | 0.4s
epoch 6053 | loss 8.3826 | lr 2.17e-04 | 0.4s
epoch 6054 | loss 8.3765 | lr 2.17e-04 | 0.4s
epoch 6055 | loss 8.3703 | lr 2.16e-04 | 0.5s
epoch 6056 | loss 8.3802 | lr 2.16e-04 | 0.4s
epoch 6057 | loss 8.3486 | lr 2.16e-04 | 0.4s
epoch 6058 | loss 8.3188 | lr 2.16e-04 | 0.5s
epoch 6059 | loss 8.3620 | lr 2.16e-04 | 0.5s
epoch 6060 | loss 8.3318 | lr 2.15e-04 | 0.4s
epoch 6061 | loss 8.4077 | lr 2.15e-04 | 0.5s
epoch 6062 | loss 8.3626 | lr 2.15e-04 | 0.4s
epoch 6063 | loss 8.3680 | lr 2.15e-04 | 0.5s
epoch 6064 | loss 8.3427 | lr 2.15e-04 | 0.4s
epoch 6065 | loss 8.3673 | lr 2.14e-04 | 0.4s
epoch 6066 | loss 8.3520 | lr 2.14e-04 | 0.4s
epoch 6067 | loss 8.3354 | lr 2.14e-04 | 0.4s
epoch 6068 | loss 8.4024 | lr 2.14e-04 | 0.4s
epoch 6069 | loss 8.3181 | lr 2.14e-04 | 0.4s
epoch 6070 | loss 8.4089 | lr 2.13e-04 | 0.4s
epoch 6071 | loss 8.3741 | lr 2.13e-04 | 0.4s
epoch 6072 | loss 8.3518 | lr 2.13e-04 | 0.4s
epoch 6073 | loss 8.4091 | lr 2.13e-04 | 0.4s
epoch 6074 | loss 8.4141 | lr 2.12e-04 | 0.4s
epoch 6075 | loss 8.3697 | lr 2.12e-04 | 0.4s
epoch 6076 | loss 8.3677 | lr 2.12e-04 | 0.4s
epoch 6077 | loss 8.3150 | lr 2.12e-04 | 0.4s
epoch 6078 | loss 8.3323 | lr 2.12e-04 | 0.4s
epoch 6079 | loss 8.3608 | lr 2.11e-04 | 0.4s
epoch 6080 | loss 8.3753 | lr 2.11e-04 | 0.4s
epoch 6081 | loss 8.3364 | lr 2.11e-04 | 0.4s
epoch 6082 | loss 8.4106 | lr 2.11e-04 | 0.4s
epoch 6083 | loss 8.3651 | lr 2.11e-04 | 0.4s
epoch 6084 | loss 8.3496 | lr 2.10e-04 | 0.4s
epoch 6085 | loss 8.3549 | lr 2.10e-04 | 0.4s
epoch 6086 | loss 8.3355 | lr 2.10e-04 | 0.4s
epoch 6087 | loss 8.3192 | lr 2.10e-04 | 0.4s
epoch 6088 | loss 8.3526 | lr 2.10e-04 | 0.4s
epoch 6089 | loss 8.4068 | lr 2.09e-04 | 0.4s
epoch 6090 | loss 8.3537 | lr 2.09e-04 | 0.4s
epoch 6091 | loss 8.4146 | lr 2.09e-04 | 0.4s
epoch 6092 | loss 8.3956 | lr 2.09e-04 | 0.4s
epoch 6093 | loss 8.3935 | lr 2.08e-04 | 0.4s
epoch 6094 | loss 8.3981 | lr 2.08e-04 | 0.4s
epoch 6095 | loss 8.3719 | lr 2.08e-04 | 0.4s
epoch 6096 | loss 8.3409 | lr 2.08e-04 | 0.4s
epoch 6097 | loss 8.3614 | lr 2.08e-04 | 0.5s
epoch 6098 | loss 8.3614 | lr 2.07e-04 | 0.5s
epoch 6099 | loss 8.3462 | lr 2.07e-04 | 0.4s
epoch 6100 | loss 8.3927 | lr 2.07e-04 | 0.5s
epoch 6101 | loss 8.3246 | lr 2.07e-04 | 0.5s
epoch 6102 | loss 8.3659 | lr 2.07e-04 | 0.5s
epoch 6103 | loss 8.3535 | lr 2.06e-04 | 0.4s
epoch 6104 | loss 8.3893 | lr 2.06e-04 | 0.4s
epoch 6105 | loss 8.3111 | lr 2.06e-04 | 0.5s
epoch 6106 | loss 8.3512 | lr 2.06e-04 | 0.4s
epoch 6107 | loss 8.3766 | lr 2.06e-04 | 0.5s
epoch 6108 | loss 8.3607 | lr 2.05e-04 | 0.5s
epoch 6109 | loss 8.4193 | lr 2.05e-04 | 0.4s
epoch 6110 | loss 8.3976 | lr 2.05e-04 | 0.4s
epoch 6111 | loss 8.3562 | lr 2.05e-04 | 0.5s
epoch 6112 | loss 8.3894 | lr 2.05e-04 | 0.5s
epoch 6113 | loss 8.3891 | lr 2.04e-04 | 0.5s
epoch 6114 | loss 8.3434 | lr 2.04e-04 | 0.4s
epoch 6115 | loss 8.3945 | lr 2.04e-04 | 0.4s
epoch 6116 | loss 8.3389 | lr 2.04e-04 | 0.5s
epoch 6117 | loss 8.3970 | lr 2.04e-04 | 0.4s
epoch 6118 | loss 8.3705 | lr 2.03e-04 | 0.4s
epoch 6119 | loss 8.3109 | lr 2.03e-04 | 0.4s
epoch 6120 | loss 8.3977 | lr 2.03e-04 | 0.4s
epoch 6121 | loss 8.3507 | lr 2.03e-04 | 0.5s
epoch 6122 | loss 8.4230 | lr 2.02e-04 | 0.5s
epoch 6123 | loss 8.3414 | lr 2.02e-04 | 0.5s
epoch 6124 | loss 8.3879 | lr 2.02e-04 | 0.4s
epoch 6125 | loss 8.3768 | lr 2.02e-04 | 0.5s
epoch 6126 | loss 8.3332 | lr 2.02e-04 | 0.4s
epoch 6127 | loss 8.3849 | lr 2.01e-04 | 0.4s
epoch 6128 | loss 8.3703 | lr 2.01e-04 | 0.4s
epoch 6129 | loss 8.3492 | lr 2.01e-04 | 0.5s
epoch 6130 | loss 8.3683 | lr 2.01e-04 | 0.4s
epoch 6131 | loss 8.3846 | lr 2.01e-04 | 0.4s
epoch 6132 | loss 8.3790 | lr 2.00e-04 | 0.5s
epoch 6133 | loss 8.3912 | lr 2.00e-04 | 0.5s
epoch 6134 | loss 8.2962 | lr 2.00e-04 | 0.4s
epoch 6135 | loss 8.3404 | lr 2.00e-04 | 0.4s
epoch 6136 | loss 8.3392 | lr 2.00e-04 | 0.4s
epoch 6137 | loss 8.3308 | lr 1.99e-04 | 0.4s
epoch 6138 | loss 8.3876 | lr 1.99e-04 | 0.4s
epoch 6139 | loss 8.3497 | lr 1.99e-04 | 0.4s
epoch 6140 | loss 8.3810 | lr 1.99e-04 | 0.5s
epoch 6141 | loss 8.3214 | lr 1.99e-04 | 0.4s
epoch 6142 | loss 8.3653 | lr 1.98e-04 | 0.5s
epoch 6143 | loss 8.3542 | lr 1.98e-04 | 0.4s
epoch 6144 | loss 8.3836 | lr 1.98e-04 | 0.5s
epoch 6145 | loss 8.3459 | lr 1.98e-04 | 0.4s
epoch 6146 | loss 8.3526 | lr 1.98e-04 | 0.4s
epoch 6147 | loss 8.3181 | lr 1.97e-04 | 0.5s
epoch 6148 | loss 8.4204 | lr 1.97e-04 | 0.4s
epoch 6149 | loss 8.3667 | lr 1.97e-04 | 0.4s
epoch 6150 | loss 8.3676 | lr 1.97e-04 | 0.4s
epoch 6151 | loss 8.3751 | lr 1.97e-04 | 0.5s
epoch 6152 | loss 8.4269 | lr 1.96e-04 | 0.4s
epoch 6153 | loss 8.3829 | lr 1.96e-04 | 0.5s
epoch 6154 | loss 8.4008 | lr 1.96e-04 | 0.5s
epoch 6155 | loss 8.3852 | lr 1.96e-04 | 0.4s
epoch 6156 | loss 8.3300 | lr 1.96e-04 | 0.4s
epoch 6157 | loss 8.3495 | lr 1.95e-04 | 0.5s
epoch 6158 | loss 8.3277 | lr 1.95e-04 | 0.4s
epoch 6159 | loss 8.3826 | lr 1.95e-04 | 0.5s
epoch 6160 | loss 8.3487 | lr 1.95e-04 | 0.4s
epoch 6161 | loss 8.3409 | lr 1.95e-04 | 0.4s
epoch 6162 | loss 8.3784 | lr 1.94e-04 | 0.4s
epoch 6163 | loss 8.3700 | lr 1.94e-04 | 0.4s
epoch 6164 | loss 8.3666 | lr 1.94e-04 | 0.4s
epoch 6165 | loss 8.3344 | lr 1.94e-04 | 0.4s
epoch 6166 | loss 8.3750 | lr 1.93e-04 | 0.4s
epoch 6167 | loss 8.3080 | lr 1.93e-04 | 0.4s
epoch 6168 | loss 8.4015 | lr 1.93e-04 | 0.5s
epoch 6169 | loss 8.3337 | lr 1.93e-04 | 0.5s
epoch 6170 | loss 8.3265 | lr 1.93e-04 | 0.4s
epoch 6171 | loss 8.3706 | lr 1.92e-04 | 0.5s
epoch 6172 | loss 8.3720 | lr 1.92e-04 | 0.5s
epoch 6173 | loss 8.3266 | lr 1.92e-04 | 0.5s
epoch 6174 | loss 8.4070 | lr 1.92e-04 | 0.4s
epoch 6175 | loss 8.3605 | lr 1.92e-04 | 0.5s
epoch 6176 | loss 8.3577 | lr 1.91e-04 | 0.4s
epoch 6177 | loss 8.3434 | lr 1.91e-04 | 0.4s
epoch 6178 | loss 8.3789 | lr 1.91e-04 | 0.5s
epoch 6179 | loss 8.3722 | lr 1.91e-04 | 0.4s
epoch 6180 | loss 8.3272 | lr 1.91e-04 | 0.4s
epoch 6181 | loss 8.3506 | lr 1.90e-04 | 0.5s
epoch 6182 | loss 8.3727 | lr 1.90e-04 | 0.4s
epoch 6183 | loss 8.3638 | lr 1.90e-04 | 0.5s
epoch 6184 | loss 8.4003 | lr 1.90e-04 | 0.4s
epoch 6185 | loss 8.3449 | lr 1.90e-04 | 0.4s
epoch 6186 | loss 8.3453 | lr 1.89e-04 | 0.5s
epoch 6187 | loss 8.3659 | lr 1.89e-04 | 0.5s
epoch 6188 | loss 8.4239 | lr 1.89e-04 | 0.5s
epoch 6189 | loss 8.3447 | lr 1.89e-04 | 0.4s
epoch 6190 | loss 8.3987 | lr 1.89e-04 | 0.5s
epoch 6191 | loss 8.3991 | lr 1.88e-04 | 0.5s
epoch 6192 | loss 8.3487 | lr 1.88e-04 | 0.5s
epoch 6193 | loss 8.3746 | lr 1.88e-04 | 0.5s
epoch 6194 | loss 8.4166 | lr 1.88e-04 | 0.4s
epoch 6195 | loss 8.4232 | lr 1.88e-04 | 0.5s
epoch 6196 | loss 8.3601 | lr 1.87e-04 | 0.4s
epoch 6197 | loss 8.3540 | lr 1.87e-04 | 0.4s
epoch 6198 | loss 8.3710 | lr 1.87e-04 | 0.4s
epoch 6199 | loss 8.3760 | lr 1.87e-04 | 0.5s
epoch 6200 | loss 8.3619 | lr 1.87e-04 | 0.5s
epoch 6201 | loss 8.3599 | lr 1.86e-04 | 0.4s
epoch 6202 | loss 8.4135 | lr 1.86e-04 | 0.4s
epoch 6203 | loss 8.3890 | lr 1.86e-04 | 0.5s
epoch 6204 | loss 8.3872 | lr 1.86e-04 | 0.5s
epoch 6205 | loss 8.3692 | lr 1.86e-04 | 0.5s
epoch 6206 | loss 8.3652 | lr 1.85e-04 | 0.4s
epoch 6207 | loss 8.3516 | lr 1.85e-04 | 0.4s
epoch 6208 | loss 8.3595 | lr 1.85e-04 | 0.5s
epoch 6209 | loss 8.3822 | lr 1.85e-04 | 0.5s
epoch 6210 | loss 8.3771 | lr 1.85e-04 | 0.4s
epoch 6211 | loss 8.3786 | lr 1.85e-04 | 0.5s
epoch 6212 | loss 8.3754 | lr 1.84e-04 | 0.4s
epoch 6213 | loss 8.4119 | lr 1.84e-04 | 0.4s
epoch 6214 | loss 8.3329 | lr 1.84e-04 | 0.4s
epoch 6215 | loss 8.3771 | lr 1.84e-04 | 0.4s
epoch 6216 | loss 8.3798 | lr 1.84e-04 | 0.4s
epoch 6217 | loss 8.3313 | lr 1.83e-04 | 0.4s
epoch 6218 | loss 8.3583 | lr 1.83e-04 | 0.4s
epoch 6219 | loss 8.3125 | lr 1.83e-04 | 0.4s
epoch 6220 | loss 8.3532 | lr 1.83e-04 | 0.4s
epoch 6221 | loss 8.3239 | lr 1.83e-04 | 0.5s
epoch 6222 | loss 8.2883 | lr 1.82e-04 | 0.5s
epoch 6223 | loss 8.3326 | lr 1.82e-04 | 0.4s
epoch 6224 | loss 8.3380 | lr 1.82e-04 | 0.5s
epoch 6225 | loss 8.3901 | lr 1.82e-04 | 0.5s
epoch 6226 | loss 8.3494 | lr 1.82e-04 | 0.4s
epoch 6227 | loss 8.3573 | lr 1.81e-04 | 0.4s
epoch 6228 | loss 8.4037 | lr 1.81e-04 | 0.5s
epoch 6229 | loss 8.3448 | lr 1.81e-04 | 0.5s
epoch 6230 | loss 8.3614 | lr 1.81e-04 | 0.5s
epoch 6231 | loss 8.3906 | lr 1.81e-04 | 0.5s
epoch 6232 | loss 8.3486 | lr 1.80e-04 | 0.5s
epoch 6233 | loss 8.3642 | lr 1.80e-04 | 0.5s
epoch 6234 | loss 8.3331 | lr 1.80e-04 | 0.4s
epoch 6235 | loss 8.3541 | lr 1.80e-04 | 0.5s
epoch 6236 | loss 8.3603 | lr 1.80e-04 | 0.5s
epoch 6237 | loss 8.3952 | lr 1.79e-04 | 0.4s
epoch 6238 | loss 8.3870 | lr 1.79e-04 | 0.5s
epoch 6239 | loss 8.3517 | lr 1.79e-04 | 0.4s
epoch 6240 | loss 8.3812 | lr 1.79e-04 | 0.5s
epoch 6241 | loss 8.3475 | lr 1.79e-04 | 0.4s
epoch 6242 | loss 8.3396 | lr 1.78e-04 | 0.4s
epoch 6243 | loss 8.3665 | lr 1.78e-04 | 0.5s
epoch 6244 | loss 8.3714 | lr 1.78e-04 | 0.4s
epoch 6245 | loss 8.3696 | lr 1.78e-04 | 0.4s
epoch 6246 | loss 8.3593 | lr 1.78e-04 | 0.5s
epoch 6247 | loss 8.4096 | lr 1.77e-04 | 0.4s
epoch 6248 | loss 8.2972 | lr 1.77e-04 | 0.5s
epoch 6249 | loss 8.3421 | lr 1.77e-04 | 0.4s
epoch 6250 | loss 8.3570 | lr 1.77e-04 | 0.5s
epoch 6251 | loss 8.3619 | lr 1.77e-04 | 0.5s
epoch 6252 | loss 8.3426 | lr 1.76e-04 | 0.5s
epoch 6253 | loss 8.4148 | lr 1.76e-04 | 0.4s
epoch 6254 | loss 8.3189 | lr 1.76e-04 | 0.4s
epoch 6255 | loss 8.3620 | lr 1.76e-04 | 0.4s
epoch 6256 | loss 8.3414 | lr 1.76e-04 | 0.5s
epoch 6257 | loss 8.3484 | lr 1.76e-04 | 0.4s
epoch 6258 | loss 8.3605 | lr 1.75e-04 | 0.5s
epoch 6259 | loss 8.3897 | lr 1.75e-04 | 0.4s
epoch 6260 | loss 8.3479 | lr 1.75e-04 | 0.4s
epoch 6261 | loss 8.3463 | lr 1.75e-04 | 0.4s
epoch 6262 | loss 8.3818 | lr 1.75e-04 | 0.4s
epoch 6263 | loss 8.3958 | lr 1.74e-04 | 0.5s
epoch 6264 | loss 8.3465 | lr 1.74e-04 | 0.5s
epoch 6265 | loss 8.3391 | lr 1.74e-04 | 0.4s
epoch 6266 | loss 8.3581 | lr 1.74e-04 | 0.4s
epoch 6267 | loss 8.3505 | lr 1.74e-04 | 0.4s
epoch 6268 | loss 8.3554 | lr 1.73e-04 | 0.5s
epoch 6269 | loss 8.3191 | lr 1.73e-04 | 0.4s
epoch 6270 | loss 8.3656 | lr 1.73e-04 | 0.5s
epoch 6271 | loss 8.3497 | lr 1.73e-04 | 0.4s
epoch 6272 | loss 8.4022 | lr 1.73e-04 | 0.5s
epoch 6273 | loss 8.3324 | lr 1.72e-04 | 0.5s
epoch 6274 | loss 8.3465 | lr 1.72e-04 | 0.4s
epoch 6275 | loss 8.3790 | lr 1.72e-04 | 0.5s
epoch 6276 | loss 8.3442 | lr 1.72e-04 | 0.5s
epoch 6277 | loss 8.3240 | lr 1.72e-04 | 0.4s
epoch 6278 | loss 8.4034 | lr 1.71e-04 | 0.5s
epoch 6279 | loss 8.3904 | lr 1.71e-04 | 0.5s
epoch 6280 | loss 8.3677 | lr 1.71e-04 | 0.4s
epoch 6281 | loss 8.3564 | lr 1.71e-04 | 0.4s
epoch 6282 | loss 8.3536 | lr 1.71e-04 | 0.5s
epoch 6283 | loss 8.3879 | lr 1.70e-04 | 0.5s
epoch 6284 | loss 8.3735 | lr 1.70e-04 | 0.5s
epoch 6285 | loss 8.3558 | lr 1.70e-04 | 0.4s
epoch 6286 | loss 8.3939 | lr 1.70e-04 | 0.5s
epoch 6287 | loss 8.3200 | lr 1.70e-04 | 0.4s
epoch 6288 | loss 8.3700 | lr 1.70e-04 | 0.5s
epoch 6289 | loss 8.3180 | lr 1.69e-04 | 0.5s
epoch 6290 | loss 8.3390 | lr 1.69e-04 | 0.5s
epoch 6291 | loss 8.3551 | lr 1.69e-04 | 0.5s
epoch 6292 | loss 8.3409 | lr 1.69e-04 | 0.5s
epoch 6293 | loss 8.3924 | lr 1.69e-04 | 0.5s
epoch 6294 | loss 8.3804 | lr 1.68e-04 | 0.4s
epoch 6295 | loss 8.3782 | lr 1.68e-04 | 0.4s
epoch 6296 | loss 8.3462 | lr 1.68e-04 | 0.4s
epoch 6297 | loss 8.3973 | lr 1.68e-04 | 0.4s
epoch 6298 | loss 8.3576 | lr 1.68e-04 | 0.4s
epoch 6299 | loss 8.3268 | lr 1.67e-04 | 0.4s
epoch 6300 | loss 8.3667 | lr 1.67e-04 | 0.4s
epoch 6301 | loss 8.3770 | lr 1.67e-04 | 0.4s
epoch 6302 | loss 8.3872 | lr 1.67e-04 | 0.4s
epoch 6303 | loss 8.2915 | lr 1.67e-04 | 0.4s
epoch 6304 | loss 8.3693 | lr 1.67e-04 | 0.4s
epoch 6305 | loss 8.3634 | lr 1.66e-04 | 0.4s
epoch 6306 | loss 8.3648 | lr 1.66e-04 | 0.4s
epoch 6307 | loss 8.3885 | lr 1.66e-04 | 0.4s
epoch 6308 | loss 8.3380 | lr 1.66e-04 | 0.4s
epoch 6309 | loss 8.3732 | lr 1.66e-04 | 0.4s
epoch 6310 | loss 8.3717 | lr 1.65e-04 | 0.4s
epoch 6311 | loss 8.3769 | lr 1.65e-04 | 0.4s
epoch 6312 | loss 8.3725 | lr 1.65e-04 | 0.4s
epoch 6313 | loss 8.3535 | lr 1.65e-04 | 0.4s
epoch 6314 | loss 8.3097 | lr 1.65e-04 | 0.4s
epoch 6315 | loss 8.4273 | lr 1.64e-04 | 0.4s
epoch 6316 | loss 8.3740 | lr 1.64e-04 | 0.4s
epoch 6317 | loss 8.3527 | lr 1.64e-04 | 0.4s
epoch 6318 | loss 8.3126 | lr 1.64e-04 | 0.4s
epoch 6319 | loss 8.3437 | lr 1.64e-04 | 0.4s
epoch 6320 | loss 8.3511 | lr 1.63e-04 | 0.4s
epoch 6321 | loss 8.3715 | lr 1.63e-04 | 0.4s
epoch 6322 | loss 8.3335 | lr 1.63e-04 | 0.4s
epoch 6323 | loss 8.3774 | lr 1.63e-04 | 0.4s
epoch 6324 | loss 8.3554 | lr 1.63e-04 | 0.4s
epoch 6325 | loss 8.3577 | lr 1.63e-04 | 0.4s
epoch 6326 | loss 8.3210 | lr 1.62e-04 | 0.4s
epoch 6327 | loss 8.3232 | lr 1.62e-04 | 0.4s
epoch 6328 | loss 8.3727 | lr 1.62e-04 | 0.4s
epoch 6329 | loss 8.3561 | lr 1.62e-04 | 0.4s
epoch 6330 | loss 8.3478 | lr 1.62e-04 | 0.4s
epoch 6331 | loss 8.3645 | lr 1.61e-04 | 0.4s
epoch 6332 | loss 8.3405 | lr 1.61e-04 | 0.4s
epoch 6333 | loss 8.3791 | lr 1.61e-04 | 0.4s
epoch 6334 | loss 8.3379 | lr 1.61e-04 | 0.4s
epoch 6335 | loss 8.3658 | lr 1.61e-04 | 0.4s
epoch 6336 | loss 8.3668 | lr 1.61e-04 | 0.4s
epoch 6337 | loss 8.3857 | lr 1.60e-04 | 0.4s
epoch 6338 | loss 8.3622 | lr 1.60e-04 | 0.4s
epoch 6339 | loss 8.3941 | lr 1.60e-04 | 0.4s
epoch 6340 | loss 8.3680 | lr 1.60e-04 | 0.4s
epoch 6341 | loss 8.3619 | lr 1.60e-04 | 0.4s
epoch 6342 | loss 8.3348 | lr 1.59e-04 | 0.4s
epoch 6343 | loss 8.3613 | lr 1.59e-04 | 0.4s
epoch 6344 | loss 8.3510 | lr 1.59e-04 | 0.4s
epoch 6345 | loss 8.3901 | lr 1.59e-04 | 0.4s
epoch 6346 | loss 8.3710 | lr 1.59e-04 | 0.4s
epoch 6347 | loss 8.4031 | lr 1.58e-04 | 0.4s
epoch 6348 | loss 8.3202 | lr 1.58e-04 | 0.4s
epoch 6349 | loss 8.2976 | lr 1.58e-04 | 0.4s
epoch 6350 | loss 8.2915 | lr 1.58e-04 | 0.4s
epoch 6351 | loss 8.3751 | lr 1.58e-04 | 0.4s
epoch 6352 | loss 8.3539 | lr 1.58e-04 | 0.4s
epoch 6353 | loss 8.3404 | lr 1.57e-04 | 0.4s
epoch 6354 | loss 8.3574 | lr 1.57e-04 | 0.4s
epoch 6355 | loss 8.3637 | lr 1.57e-04 | 0.4s
epoch 6356 | loss 8.3339 | lr 1.57e-04 | 0.4s
epoch 6357 | loss 8.3411 | lr 1.57e-04 | 0.4s
epoch 6358 | loss 8.3781 | lr 1.56e-04 | 0.4s
epoch 6359 | loss 8.3724 | lr 1.56e-04 | 0.4s
epoch 6360 | loss 8.3864 | lr 1.56e-04 | 0.4s
epoch 6361 | loss 8.3645 | lr 1.56e-04 | 0.4s
epoch 6362 | loss 8.3745 | lr 1.56e-04 | 0.4s
epoch 6363 | loss 8.3600 | lr 1.56e-04 | 0.4s
epoch 6364 | loss 8.3398 | lr 1.55e-04 | 0.4s
epoch 6365 | loss 8.3533 | lr 1.55e-04 | 0.5s
epoch 6366 | loss 8.3813 | lr 1.55e-04 | 0.4s
epoch 6367 | loss 8.3222 | lr 1.55e-04 | 0.4s
epoch 6368 | loss 8.3437 | lr 1.55e-04 | 0.5s
epoch 6369 | loss 8.3901 | lr 1.54e-04 | 0.4s
epoch 6370 | loss 8.3533 | lr 1.54e-04 | 0.4s
epoch 6371 | loss 8.4512 | lr 1.54e-04 | 0.4s
epoch 6372 | loss 8.3236 | lr 1.54e-04 | 0.4s
epoch 6373 | loss 8.3369 | lr 1.54e-04 | 0.4s
epoch 6374 | loss 8.3691 | lr 1.53e-04 | 0.4s
epoch 6375 | loss 8.3573 | lr 1.53e-04 | 0.5s
epoch 6376 | loss 8.3584 | lr 1.53e-04 | 0.5s
epoch 6377 | loss 8.3370 | lr 1.53e-04 | 0.5s
epoch 6378 | loss 8.3912 | lr 1.53e-04 | 0.4s
epoch 6379 | loss 8.3638 | lr 1.53e-04 | 0.5s
epoch 6380 | loss 8.3706 | lr 1.52e-04 | 0.5s
epoch 6381 | loss 8.4102 | lr 1.52e-04 | 0.4s
epoch 6382 | loss 8.3784 | lr 1.52e-04 | 0.4s
epoch 6383 | loss 8.3523 | lr 1.52e-04 | 0.5s
epoch 6384 | loss 8.3605 | lr 1.52e-04 | 0.5s
epoch 6385 | loss 8.3808 | lr 1.51e-04 | 0.5s
epoch 6386 | loss 8.3239 | lr 1.51e-04 | 0.5s
epoch 6387 | loss 8.3917 | lr 1.51e-04 | 0.4s
epoch 6388 | loss 8.3513 | lr 1.51e-04 | 0.5s
epoch 6389 | loss 8.3495 | lr 1.51e-04 | 0.5s
epoch 6390 | loss 8.3788 | lr 1.51e-04 | 0.4s
epoch 6391 | loss 8.3385 | lr 1.50e-04 | 0.4s
epoch 6392 | loss 8.3585 | lr 1.50e-04 | 0.4s
epoch 6393 | loss 8.3721 | lr 1.50e-04 | 0.4s
epoch 6394 | loss 8.3935 | lr 1.50e-04 | 0.4s
epoch 6395 | loss 8.3580 | lr 1.50e-04 | 0.5s
epoch 6396 | loss 8.3985 | lr 1.50e-04 | 0.4s
epoch 6397 | loss 8.3349 | lr 1.49e-04 | 0.5s
epoch 6398 | loss 8.3728 | lr 1.49e-04 | 0.5s
epoch 6399 | loss 8.3405 | lr 1.49e-04 | 0.5s
epoch 6400 | loss 8.3558 | lr 1.49e-04 | 0.5s
epoch 6401 | loss 8.3866 | lr 1.49e-04 | 0.4s
epoch 6402 | loss 8.3623 | lr 1.48e-04 | 0.5s
epoch 6403 | loss 8.4152 | lr 1.48e-04 | 0.5s
epoch 6404 | loss 8.3812 | lr 1.48e-04 | 0.4s
epoch 6405 | loss 8.3996 | lr 1.48e-04 | 0.5s
epoch 6406 | loss 8.3737 | lr 1.48e-04 | 0.4s
epoch 6407 | loss 8.3541 | lr 1.48e-04 | 0.5s
epoch 6408 | loss 8.3839 | lr 1.47e-04 | 0.4s
epoch 6409 | loss 8.3739 | lr 1.47e-04 | 0.5s
epoch 6410 | loss 8.3251 | lr 1.47e-04 | 0.4s
epoch 6411 | loss 8.4143 | lr 1.47e-04 | 0.5s
epoch 6412 | loss 8.3154 | lr 1.47e-04 | 0.5s
epoch 6413 | loss 8.3691 | lr 1.46e-04 | 0.4s
epoch 6414 | loss 8.3408 | lr 1.46e-04 | 0.4s
epoch 6415 | loss 8.3529 | lr 1.46e-04 | 0.5s
epoch 6416 | loss 8.3083 | lr 1.46e-04 | 0.4s
epoch 6417 | loss 8.3828 | lr 1.46e-04 | 0.4s
epoch 6418 | loss 8.3512 | lr 1.46e-04 | 0.4s
epoch 6419 | loss 8.3721 | lr 1.45e-04 | 0.4s
epoch 6420 | loss 8.3912 | lr 1.45e-04 | 0.4s
epoch 6421 | loss 8.3613 | lr 1.45e-04 | 0.5s
epoch 6422 | loss 8.3544 | lr 1.45e-04 | 0.5s
epoch 6423 | loss 8.3642 | lr 1.45e-04 | 0.4s
epoch 6424 | loss 8.4080 | lr 1.44e-04 | 0.5s
epoch 6425 | loss 8.3612 | lr 1.44e-04 | 0.4s
epoch 6426 | loss 8.3717 | lr 1.44e-04 | 0.4s
epoch 6427 | loss 8.4344 | lr 1.44e-04 | 0.5s
epoch 6428 | loss 8.3844 | lr 1.44e-04 | 0.4s
epoch 6429 | loss 8.3541 | lr 1.44e-04 | 0.5s
epoch 6430 | loss 8.3748 | lr 1.43e-04 | 0.4s
epoch 6431 | loss 8.3752 | lr 1.43e-04 | 0.5s
epoch 6432 | loss 8.3718 | lr 1.43e-04 | 0.4s
epoch 6433 | loss 8.3268 | lr 1.43e-04 | 0.5s
epoch 6434 | loss 8.4220 | lr 1.43e-04 | 0.5s
epoch 6435 | loss 8.3974 | lr 1.43e-04 | 0.5s
epoch 6436 | loss 8.3739 | lr 1.42e-04 | 0.5s
epoch 6437 | loss 8.3416 | lr 1.42e-04 | 0.4s
epoch 6438 | loss 8.4076 | lr 1.42e-04 | 0.4s
epoch 6439 | loss 8.3146 | lr 1.42e-04 | 0.4s
epoch 6440 | loss 8.3858 | lr 1.42e-04 | 0.5s
epoch 6441 | loss 8.3756 | lr 1.41e-04 | 0.5s
epoch 6442 | loss 8.3391 | lr 1.41e-04 | 0.5s
epoch 6443 | loss 8.3892 | lr 1.41e-04 | 0.5s
epoch 6444 | loss 8.3508 | lr 1.41e-04 | 0.4s
epoch 6445 | loss 8.3297 | lr 1.41e-04 | 0.4s
epoch 6446 | loss 8.3099 | lr 1.41e-04 | 0.5s
epoch 6447 | loss 8.3175 | lr 1.40e-04 | 0.4s
epoch 6448 | loss 8.3214 | lr 1.40e-04 | 0.4s
epoch 6449 | loss 8.3422 | lr 1.40e-04 | 0.4s
epoch 6450 | loss 8.3169 | lr 1.40e-04 | 0.5s
epoch 6451 | loss 8.3671 | lr 1.40e-04 | 0.5s
epoch 6452 | loss 8.3469 | lr 1.40e-04 | 0.5s
epoch 6453 | loss 8.3679 | lr 1.39e-04 | 0.4s
epoch 6454 | loss 8.3607 | lr 1.39e-04 | 0.5s
epoch 6455 | loss 8.3475 | lr 1.39e-04 | 0.4s
epoch 6456 | loss 8.3987 | lr 1.39e-04 | 0.4s
epoch 6457 | loss 8.3661 | lr 1.39e-04 | 0.4s
epoch 6458 | loss 8.3121 | lr 1.39e-04 | 0.4s
epoch 6459 | loss 8.3940 | lr 1.38e-04 | 0.5s
epoch 6460 | loss 8.3505 | lr 1.38e-04 | 0.4s
epoch 6461 | loss 8.3622 | lr 1.38e-04 | 0.4s
epoch 6462 | loss 8.3719 | lr 1.38e-04 | 0.4s
epoch 6463 | loss 8.3124 | lr 1.38e-04 | 0.4s
epoch 6464 | loss 8.3449 | lr 1.37e-04 | 0.4s
epoch 6465 | loss 8.3663 | lr 1.37e-04 | 0.4s
epoch 6466 | loss 8.3600 | lr 1.37e-04 | 0.4s
epoch 6467 | loss 8.4040 | lr 1.37e-04 | 0.5s
epoch 6468 | loss 8.3479 | lr 1.37e-04 | 0.5s
epoch 6469 | loss 8.3532 | lr 1.37e-04 | 0.5s
epoch 6470 | loss 8.3518 | lr 1.36e-04 | 0.4s
epoch 6471 | loss 8.3714 | lr 1.36e-04 | 0.5s
epoch 6472 | loss 8.3402 | lr 1.36e-04 | 0.4s
epoch 6473 | loss 8.3635 | lr 1.36e-04 | 0.4s
epoch 6474 | loss 8.4215 | lr 1.36e-04 | 0.5s
epoch 6475 | loss 8.3785 | lr 1.36e-04 | 0.5s
epoch 6476 | loss 8.3715 | lr 1.35e-04 | 0.5s
epoch 6477 | loss 8.3595 | lr 1.35e-04 | 0.5s
epoch 6478 | loss 8.3339 | lr 1.35e-04 | 0.4s
epoch 6479 | loss 8.3174 | lr 1.35e-04 | 0.4s
epoch 6480 | loss 8.3838 | lr 1.35e-04 | 0.4s
epoch 6481 | loss 8.3838 | lr 1.35e-04 | 0.5s
epoch 6482 | loss 8.3745 | lr 1.34e-04 | 0.5s
epoch 6483 | loss 8.3779 | lr 1.34e-04 | 0.5s
epoch 6484 | loss 8.3557 | lr 1.34e-04 | 0.5s
epoch 6485 | loss 8.3422 | lr 1.34e-04 | 0.5s
epoch 6486 | loss 8.4098 | lr 1.34e-04 | 0.4s
epoch 6487 | loss 8.3893 | lr 1.34e-04 | 0.5s
epoch 6488 | loss 8.3451 | lr 1.33e-04 | 0.4s
epoch 6489 | loss 8.3736 | lr 1.33e-04 | 0.4s
epoch 6490 | loss 8.3303 | lr 1.33e-04 | 0.5s
epoch 6491 | loss 8.3480 | lr 1.33e-04 | 0.4s
epoch 6492 | loss 8.3909 | lr 1.33e-04 | 0.4s
epoch 6493 | loss 8.3476 | lr 1.32e-04 | 0.4s
epoch 6494 | loss 8.3640 | lr 1.32e-04 | 0.4s
epoch 6495 | loss 8.3517 | lr 1.32e-04 | 0.4s
epoch 6496 | loss 8.3591 | lr 1.32e-04 | 0.5s
epoch 6497 | loss 8.3418 | lr 1.32e-04 | 0.4s
epoch 6498 | loss 8.3372 | lr 1.32e-04 | 0.5s
epoch 6499 | loss 8.3718 | lr 1.31e-04 | 0.4s
epoch 6500 | loss 8.3566 | lr 1.31e-04 | 0.4s
epoch 6501 | loss 8.3262 | lr 1.31e-04 | 0.4s
epoch 6502 | loss 8.3845 | lr 1.31e-04 | 0.4s
epoch 6503 | loss 8.3624 | lr 1.31e-04 | 0.4s
epoch 6504 | loss 8.3327 | lr 1.31e-04 | 0.4s
epoch 6505 | loss 8.3522 | lr 1.30e-04 | 0.5s
epoch 6506 | loss 8.3849 | lr 1.30e-04 | 0.5s
epoch 6507 | loss 8.3995 | lr 1.30e-04 | 0.4s
epoch 6508 | loss 8.3450 | lr 1.30e-04 | 0.4s
epoch 6509 | loss 8.3857 | lr 1.30e-04 | 0.4s
epoch 6510 | loss 8.3370 | lr 1.30e-04 | 0.4s
epoch 6511 | loss 8.3740 | lr 1.29e-04 | 0.4s
epoch 6512 | loss 8.3904 | lr 1.29e-04 | 0.4s
epoch 6513 | loss 8.3952 | lr 1.29e-04 | 0.5s
epoch 6514 | loss 8.3443 | lr 1.29e-04 | 0.5s
epoch 6515 | loss 8.3436 | lr 1.29e-04 | 0.4s
epoch 6516 | loss 8.3658 | lr 1.29e-04 | 0.5s
epoch 6517 | loss 8.3447 | lr 1.28e-04 | 0.5s
epoch 6518 | loss 8.3911 | lr 1.28e-04 | 0.4s
epoch 6519 | loss 8.3724 | lr 1.28e-04 | 0.5s
epoch 6520 | loss 8.4306 | lr 1.28e-04 | 0.4s
epoch 6521 | loss 8.3707 | lr 1.28e-04 | 0.5s
epoch 6522 | loss 8.3816 | lr 1.28e-04 | 0.5s
epoch 6523 | loss 8.4052 | lr 1.27e-04 | 0.5s
epoch 6524 | loss 8.3602 | lr 1.27e-04 | 0.5s
epoch 6525 | loss 8.3467 | lr 1.27e-04 | 0.4s
epoch 6526 | loss 8.4247 | lr 1.27e-04 | 0.4s
epoch 6527 | loss 8.3423 | lr 1.27e-04 | 0.4s
epoch 6528 | loss 8.3576 | lr 1.27e-04 | 0.5s
epoch 6529 | loss 8.3909 | lr 1.26e-04 | 0.4s
epoch 6530 | loss 8.4050 | lr 1.26e-04 | 0.5s
epoch 6531 | loss 8.3548 | lr 1.26e-04 | 0.5s
epoch 6532 | loss 8.3787 | lr 1.26e-04 | 0.4s
epoch 6533 | loss 8.3788 | lr 1.26e-04 | 0.4s
epoch 6534 | loss 8.3769 | lr 1.26e-04 | 0.4s
epoch 6535 | loss 8.3246 | lr 1.25e-04 | 0.4s
epoch 6536 | loss 8.3667 | lr 1.25e-04 | 0.4s
epoch 6537 | loss 8.3081 | lr 1.25e-04 | 0.5s
epoch 6538 | loss 8.3426 | lr 1.25e-04 | 0.4s
epoch 6539 | loss 8.3698 | lr 1.25e-04 | 0.5s
epoch 6540 | loss 8.3753 | lr 1.25e-04 | 0.5s
epoch 6541 | loss 8.3717 | lr 1.24e-04 | 0.5s
epoch 6542 | loss 8.3489 | lr 1.24e-04 | 0.4s
epoch 6543 | loss 8.3495 | lr 1.24e-04 | 0.4s
epoch 6544 | loss 8.3531 | lr 1.24e-04 | 0.5s
epoch 6545 | loss 8.2902 | lr 1.24e-04 | 0.4s
epoch 6546 | loss 8.3728 | lr 1.24e-04 | 0.4s
epoch 6547 | loss 8.3687 | lr 1.23e-04 | 0.4s
epoch 6548 | loss 8.3888 | lr 1.23e-04 | 0.4s
epoch 6549 | loss 8.3537 | lr 1.23e-04 | 0.4s
epoch 6550 | loss 8.3316 | lr 1.23e-04 | 0.4s
epoch 6551 | loss 8.4110 | lr 1.23e-04 | 0.4s
epoch 6552 | loss 8.3626 | lr 1.23e-04 | 0.4s
epoch 6553 | loss 8.3985 | lr 1.22e-04 | 0.4s
epoch 6554 | loss 8.3571 | lr 1.22e-04 | 0.4s
epoch 6555 | loss 8.3376 | lr 1.22e-04 | 0.4s
epoch 6556 | loss 8.3473 | lr 1.22e-04 | 0.4s
epoch 6557 | loss 8.3714 | lr 1.22e-04 | 0.4s
epoch 6558 | loss 8.3812 | lr 1.22e-04 | 0.4s
epoch 6559 | loss 8.3260 | lr 1.21e-04 | 0.4s
epoch 6560 | loss 8.3307 | lr 1.21e-04 | 0.5s
epoch 6561 | loss 8.3931 | lr 1.21e-04 | 0.4s
epoch 6562 | loss 8.3610 | lr 1.21e-04 | 0.4s
epoch 6563 | loss 8.3662 | lr 1.21e-04 | 0.4s
epoch 6564 | loss 8.3823 | lr 1.21e-04 | 0.4s
epoch 6565 | loss 8.3899 | lr 1.20e-04 | 0.4s
epoch 6566 | loss 8.3888 | lr 1.20e-04 | 0.4s
epoch 6567 | loss 8.3628 | lr 1.20e-04 | 0.4s
epoch 6568 | loss 8.3457 | lr 1.20e-04 | 0.4s
epoch 6569 | loss 8.3684 | lr 1.20e-04 | 0.4s
epoch 6570 | loss 8.3624 | lr 1.20e-04 | 0.5s
epoch 6571 | loss 8.3596 | lr 1.19e-04 | 0.4s
epoch 6572 | loss 8.3478 | lr 1.19e-04 | 0.4s
epoch 6573 | loss 8.3031 | lr 1.19e-04 | 0.5s
epoch 6574 | loss 8.3992 | lr 1.19e-04 | 0.4s
epoch 6575 | loss 8.3598 | lr 1.19e-04 | 0.4s
epoch 6576 | loss 8.3464 | lr 1.19e-04 | 0.4s
epoch 6577 | loss 8.3603 | lr 1.18e-04 | 0.5s
epoch 6578 | loss 8.4084 | lr 1.18e-04 | 0.5s
epoch 6579 | loss 8.3563 | lr 1.18e-04 | 0.4s
epoch 6580 | loss 8.3580 | lr 1.18e-04 | 0.5s
epoch 6581 | loss 8.3349 | lr 1.18e-04 | 0.4s
epoch 6582 | loss 8.3347 | lr 1.18e-04 | 0.4s
epoch 6583 | loss 8.3511 | lr 1.18e-04 | 0.4s
epoch 6584 | loss 8.4390 | lr 1.17e-04 | 0.4s
epoch 6585 | loss 8.3788 | lr 1.17e-04 | 0.4s
epoch 6586 | loss 8.3906 | lr 1.17e-04 | 0.4s
epoch 6587 | loss 8.3361 | lr 1.17e-04 | 0.4s
epoch 6588 | loss 8.3569 | lr 1.17e-04 | 0.4s
epoch 6589 | loss 8.3296 | lr 1.17e-04 | 0.4s
epoch 6590 | loss 8.3643 | lr 1.16e-04 | 0.4s
epoch 6591 | loss 8.3544 | lr 1.16e-04 | 0.4s
epoch 6592 | loss 8.3907 | lr 1.16e-04 | 0.5s
epoch 6593 | loss 8.3330 | lr 1.16e-04 | 0.4s
epoch 6594 | loss 8.3774 | lr 1.16e-04 | 0.5s
epoch 6595 | loss 8.3578 | lr 1.16e-04 | 0.4s
epoch 6596 | loss 8.3552 | lr 1.15e-04 | 0.5s
epoch 6597 | loss 8.3789 | lr 1.15e-04 | 0.4s
epoch 6598 | loss 8.3346 | lr 1.15e-04 | 0.4s
epoch 6599 | loss 8.4255 | lr 1.15e-04 | 0.4s
epoch 6600 | loss 8.3764 | lr 1.15e-04 | 0.4s
epoch 6601 | loss 8.3799 | lr 1.15e-04 | 0.4s
epoch 6602 | loss 8.3407 | lr 1.14e-04 | 0.5s
epoch 6603 | loss 8.3773 | lr 1.14e-04 | 0.4s
epoch 6604 | loss 8.3386 | lr 1.14e-04 | 0.4s
epoch 6605 | loss 8.3895 | lr 1.14e-04 | 0.4s
epoch 6606 | loss 8.3981 | lr 1.14e-04 | 0.4s
epoch 6607 | loss 8.3343 | lr 1.14e-04 | 0.4s
epoch 6608 | loss 8.4015 | lr 1.14e-04 | 0.4s
epoch 6609 | loss 8.3058 | lr 1.13e-04 | 0.4s
epoch 6610 | loss 8.3513 | lr 1.13e-04 | 0.4s
epoch 6611 | loss 8.3576 | lr 1.13e-04 | 0.4s
epoch 6612 | loss 8.3866 | lr 1.13e-04 | 0.4s
epoch 6613 | loss 8.3492 | lr 1.13e-04 | 0.4s
epoch 6614 | loss 8.3285 | lr 1.13e-04 | 0.4s
epoch 6615 | loss 8.3783 | lr 1.12e-04 | 0.4s
epoch 6616 | loss 8.3282 | lr 1.12e-04 | 0.4s
epoch 6617 | loss 8.3503 | lr 1.12e-04 | 0.4s
epoch 6618 | loss 8.3468 | lr 1.12e-04 | 0.4s
epoch 6619 | loss 8.3713 | lr 1.12e-04 | 0.4s
epoch 6620 | loss 8.3330 | lr 1.12e-04 | 0.5s
epoch 6621 | loss 8.4018 | lr 1.11e-04 | 0.4s
epoch 6622 | loss 8.3974 | lr 1.11e-04 | 0.4s
epoch 6623 | loss 8.3527 | lr 1.11e-04 | 0.5s
epoch 6624 | loss 8.3498 | lr 1.11e-04 | 0.5s
epoch 6625 | loss 8.3478 | lr 1.11e-04 | 0.4s
epoch 6626 | loss 8.3117 | lr 1.11e-04 | 0.5s
epoch 6627 | loss 8.3160 | lr 1.10e-04 | 0.5s
epoch 6628 | loss 8.3793 | lr 1.10e-04 | 0.4s
epoch 6629 | loss 8.3335 | lr 1.10e-04 | 0.4s
epoch 6630 | loss 8.3403 | lr 1.10e-04 | 0.5s
epoch 6631 | loss 8.3408 | lr 1.10e-04 | 0.4s
epoch 6632 | loss 8.3471 | lr 1.10e-04 | 0.4s
epoch 6633 | loss 8.3926 | lr 1.10e-04 | 0.4s
epoch 6634 | loss 8.3916 | lr 1.09e-04 | 0.4s
epoch 6635 | loss 8.3586 | lr 1.09e-04 | 0.4s
epoch 6636 | loss 8.3470 | lr 1.09e-04 | 0.4s
epoch 6637 | loss 8.3754 | lr 1.09e-04 | 0.4s
epoch 6638 | loss 8.3705 | lr 1.09e-04 | 0.4s
epoch 6639 | loss 8.3431 | lr 1.09e-04 | 0.4s
epoch 6640 | loss 8.3697 | lr 1.08e-04 | 0.5s
epoch 6641 | loss 8.3531 | lr 1.08e-04 | 0.4s
epoch 6642 | loss 8.4076 | lr 1.08e-04 | 0.4s
epoch 6643 | loss 8.2994 | lr 1.08e-04 | 0.4s
epoch 6644 | loss 8.3157 | lr 1.08e-04 | 0.4s
epoch 6645 | loss 8.4098 | lr 1.08e-04 | 0.4s
epoch 6646 | loss 8.3644 | lr 1.08e-04 | 0.4s
epoch 6647 | loss 8.3722 | lr 1.07e-04 | 0.4s
epoch 6648 | loss 8.3481 | lr 1.07e-04 | 0.4s
epoch 6649 | loss 8.3427 | lr 1.07e-04 | 0.4s
epoch 6650 | loss 8.3776 | lr 1.07e-04 | 0.5s
epoch 6651 | loss 8.3653 | lr 1.07e-04 | 0.4s
epoch 6652 | loss 8.3794 | lr 1.07e-04 | 0.4s
epoch 6653 | loss 8.3456 | lr 1.06e-04 | 0.4s
epoch 6654 | loss 8.3815 | lr 1.06e-04 | 0.5s
epoch 6655 | loss 8.3653 | lr 1.06e-04 | 0.4s
epoch 6656 | loss 8.3232 | lr 1.06e-04 | 0.4s
epoch 6657 | loss 8.3509 | lr 1.06e-04 | 0.4s
epoch 6658 | loss 8.3727 | lr 1.06e-04 | 0.4s
epoch 6659 | loss 8.3853 | lr 1.06e-04 | 0.4s
epoch 6660 | loss 8.3777 | lr 1.05e-04 | 0.5s
epoch 6661 | loss 8.3948 | lr 1.05e-04 | 0.4s
epoch 6662 | loss 8.3415 | lr 1.05e-04 | 0.4s
epoch 6663 | loss 8.3639 | lr 1.05e-04 | 0.4s
epoch 6664 | loss 8.3747 | lr 1.05e-04 | 0.4s
epoch 6665 | loss 8.3588 | lr 1.05e-04 | 0.4s
epoch 6666 | loss 8.3521 | lr 1.04e-04 | 0.5s
epoch 6667 | loss 8.4169 | lr 1.04e-04 | 0.5s
epoch 6668 | loss 8.3245 | lr 1.04e-04 | 0.4s
epoch 6669 | loss 8.3201 | lr 1.04e-04 | 0.4s
epoch 6670 | loss 8.3592 | lr 1.04e-04 | 0.4s
epoch 6671 | loss 8.3502 | lr 1.04e-04 | 0.4s
epoch 6672 | loss 8.3998 | lr 1.04e-04 | 0.4s
epoch 6673 | loss 8.3182 | lr 1.03e-04 | 0.5s
epoch 6674 | loss 8.3561 | lr 1.03e-04 | 0.4s
epoch 6675 | loss 8.3956 | lr 1.03e-04 | 0.4s
epoch 6676 | loss 8.3733 | lr 1.03e-04 | 0.4s
epoch 6677 | loss 8.3744 | lr 1.03e-04 | 0.4s
epoch 6678 | loss 8.3810 | lr 1.03e-04 | 0.5s
epoch 6679 | loss 8.3656 | lr 1.02e-04 | 0.4s
epoch 6680 | loss 8.3365 | lr 1.02e-04 | 0.4s
epoch 6681 | loss 8.3059 | lr 1.02e-04 | 0.4s
epoch 6682 | loss 8.3440 | lr 1.02e-04 | 0.5s
epoch 6683 | loss 8.3505 | lr 1.02e-04 | 0.5s
epoch 6684 | loss 8.3554 | lr 1.02e-04 | 0.5s
epoch 6685 | loss 8.3381 | lr 1.02e-04 | 0.4s
epoch 6686 | loss 8.3868 | lr 1.01e-04 | 0.4s
epoch 6687 | loss 8.3379 | lr 1.01e-04 | 0.5s
epoch 6688 | loss 8.3575 | lr 1.01e-04 | 0.4s
epoch 6689 | loss 8.3495 | lr 1.01e-04 | 0.4s
epoch 6690 | loss 8.3340 | lr 1.01e-04 | 0.5s
epoch 6691 | loss 8.3453 | lr 1.01e-04 | 0.5s
epoch 6692 | loss 8.3857 | lr 1.01e-04 | 0.4s
epoch 6693 | loss 8.3557 | lr 1.00e-04 | 0.4s
epoch 6694 | loss 8.3846 | lr 1.00e-04 | 0.5s
epoch 6695 | loss 8.3313 | lr 1.00e-04 | 0.4s
epoch 6696 | loss 8.3199 | lr 9.99e-05 | 0.4s
epoch 6697 | loss 8.3203 | lr 9.98e-05 | 0.4s
epoch 6698 | loss 8.3819 | lr 9.96e-05 | 0.4s
epoch 6699 | loss 8.3744 | lr 9.95e-05 | 0.4s
epoch 6700 | loss 8.3747 | lr 9.93e-05 | 0.4s
epoch 6701 | loss 8.3564 | lr 9.92e-05 | 0.4s
epoch 6702 | loss 8.4005 | lr 9.90e-05 | 0.5s
epoch 6703 | loss 8.3858 | lr 9.89e-05 | 0.4s
epoch 6704 | loss 8.3729 | lr 9.87e-05 | 0.5s
epoch 6705 | loss 8.3904 | lr 9.86e-05 | 0.4s
epoch 6706 | loss 8.3526 | lr 9.84e-05 | 0.5s
epoch 6707 | loss 8.3779 | lr 9.83e-05 | 0.5s
epoch 6708 | loss 8.3671 | lr 9.81e-05 | 0.5s
epoch 6709 | loss 8.3705 | lr 9.80e-05 | 0.5s
epoch 6710 | loss 8.3688 | lr 9.78e-05 | 0.5s
epoch 6711 | loss 8.3765 | lr 9.77e-05 | 0.5s
epoch 6712 | loss 8.3739 | lr 9.75e-05 | 0.4s
epoch 6713 | loss 8.3404 | lr 9.74e-05 | 0.5s
epoch 6714 | loss 8.3402 | lr 9.72e-05 | 0.4s
epoch 6715 | loss 8.3592 | lr 9.71e-05 | 0.5s
epoch 6716 | loss 8.3298 | lr 9.69e-05 | 0.4s
epoch 6717 | loss 8.4213 | lr 9.68e-05 | 0.4s
epoch 6718 | loss 8.3226 | lr 9.66e-05 | 0.5s
epoch 6719 | loss 8.3829 | lr 9.65e-05 | 0.5s
epoch 6720 | loss 8.3744 | lr 9.63e-05 | 0.4s
epoch 6721 | loss 8.3425 | lr 9.62e-05 | 0.5s
epoch 6722 | loss 8.3123 | lr 9.60e-05 | 0.4s
epoch 6723 | loss 8.3260 | lr 9.59e-05 | 0.4s
epoch 6724 | loss 8.3879 | lr 9.57e-05 | 0.4s
epoch 6725 | loss 8.3488 | lr 9.56e-05 | 0.4s
epoch 6726 | loss 8.3595 | lr 9.55e-05 | 0.4s
epoch 6727 | loss 8.3218 | lr 9.53e-05 | 0.4s
epoch 6728 | loss 8.3141 | lr 9.52e-05 | 0.4s
epoch 6729 | loss 8.3898 | lr 9.50e-05 | 0.4s
epoch 6730 | loss 8.3714 | lr 9.49e-05 | 0.4s
epoch 6731 | loss 8.3443 | lr 9.47e-05 | 0.5s
epoch 6732 | loss 8.3420 | lr 9.46e-05 | 0.4s
epoch 6733 | loss 8.3815 | lr 9.44e-05 | 0.5s
epoch 6734 | loss 8.3663 | lr 9.43e-05 | 0.4s
epoch 6735 | loss 8.3680 | lr 9.41e-05 | 0.5s
epoch 6736 | loss 8.3484 | lr 9.40e-05 | 0.4s
epoch 6737 | loss 8.3177 | lr 9.38e-05 | 0.4s
epoch 6738 | loss 8.3208 | lr 9.37e-05 | 0.5s
epoch 6739 | loss 8.3787 | lr 9.36e-05 | 0.5s
epoch 6740 | loss 8.3204 | lr 9.34e-05 | 0.4s
epoch 6741 | loss 8.3853 | lr 9.33e-05 | 0.5s
epoch 6742 | loss 8.3312 | lr 9.31e-05 | 0.5s
epoch 6743 | loss 8.3219 | lr 9.30e-05 | 0.4s
epoch 6744 | loss 8.3446 | lr 9.28e-05 | 0.4s
epoch 6745 | loss 8.3602 | lr 9.27e-05 | 0.4s
epoch 6746 | loss 8.3935 | lr 9.25e-05 | 0.4s
epoch 6747 | loss 8.4032 | lr 9.24e-05 | 0.4s
epoch 6748 | loss 8.3639 | lr 9.22e-05 | 0.5s
epoch 6749 | loss 8.3580 | lr 9.21e-05 | 0.4s
epoch 6750 | loss 8.3945 | lr 9.20e-05 | 0.4s
epoch 6751 | loss 8.3439 | lr 9.18e-05 | 0.4s
epoch 6752 | loss 8.3573 | lr 9.17e-05 | 0.4s
epoch 6753 | loss 8.3579 | lr 9.15e-05 | 0.4s
epoch 6754 | loss 8.3731 | lr 9.14e-05 | 0.4s
epoch 6755 | loss 8.3711 | lr 9.12e-05 | 0.4s
epoch 6756 | loss 8.3924 | lr 9.11e-05 | 0.4s
epoch 6757 | loss 8.3652 | lr 9.09e-05 | 0.5s
epoch 6758 | loss 8.3580 | lr 9.08e-05 | 0.5s
epoch 6759 | loss 8.3279 | lr 9.07e-05 | 0.4s
epoch 6760 | loss 8.3667 | lr 9.05e-05 | 0.4s
epoch 6761 | loss 8.3548 | lr 9.04e-05 | 0.4s
epoch 6762 | loss 8.3500 | lr 9.02e-05 | 0.5s
epoch 6763 | loss 8.3422 | lr 9.01e-05 | 0.4s
epoch 6764 | loss 8.3636 | lr 8.99e-05 | 0.4s
epoch 6765 | loss 8.3988 | lr 8.98e-05 | 0.4s
epoch 6766 | loss 8.3485 | lr 8.97e-05 | 0.5s
epoch 6767 | loss 8.3120 | lr 8.95e-05 | 0.4s
epoch 6768 | loss 8.3374 | lr 8.94e-05 | 0.5s
epoch 6769 | loss 8.3628 | lr 8.92e-05 | 0.4s
epoch 6770 | loss 8.3142 | lr 8.91e-05 | 0.5s
epoch 6771 | loss 8.3867 | lr 8.90e-05 | 0.4s
epoch 6772 | loss 8.4066 | lr 8.88e-05 | 0.5s
epoch 6773 | loss 8.3947 | lr 8.87e-05 | 0.4s
epoch 6774 | loss 8.3685 | lr 8.85e-05 | 0.4s
epoch 6775 | loss 8.3283 | lr 8.84e-05 | 0.5s
epoch 6776 | loss 8.3865 | lr 8.82e-05 | 0.4s
epoch 6777 | loss 8.3606 | lr 8.81e-05 | 0.4s
epoch 6778 | loss 8.3449 | lr 8.80e-05 | 0.5s
epoch 6779 | loss 8.3444 | lr 8.78e-05 | 0.4s
epoch 6780 | loss 8.3830 | lr 8.77e-05 | 0.4s
epoch 6781 | loss 8.3140 | lr 8.75e-05 | 0.4s
epoch 6782 | loss 8.3582 | lr 8.74e-05 | 0.4s
epoch 6783 | loss 8.3516 | lr 8.73e-05 | 0.4s
epoch 6784 | loss 8.3564 | lr 8.71e-05 | 0.5s
epoch 6785 | loss 8.3797 | lr 8.70e-05 | 0.4s
epoch 6786 | loss 8.3772 | lr 8.68e-05 | 0.5s
epoch 6787 | loss 8.4035 | lr 8.67e-05 | 0.4s
epoch 6788 | loss 8.3759 | lr 8.66e-05 | 0.4s
epoch 6789 | loss 8.3594 | lr 8.64e-05 | 0.4s
epoch 6790 | loss 8.3552 | lr 8.63e-05 | 0.4s
epoch 6791 | loss 8.3470 | lr 8.61e-05 | 0.5s
epoch 6792 | loss 8.3908 | lr 8.60e-05 | 0.4s
epoch 6793 | loss 8.3316 | lr 8.59e-05 | 0.5s
epoch 6794 | loss 8.3563 | lr 8.57e-05 | 0.4s
epoch 6795 | loss 8.3744 | lr 8.56e-05 | 0.5s
epoch 6796 | loss 8.3217 | lr 8.54e-05 | 0.4s
epoch 6797 | loss 8.3604 | lr 8.53e-05 | 0.5s
epoch 6798 | loss 8.3455 | lr 8.52e-05 | 0.4s
epoch 6799 | loss 8.3836 | lr 8.50e-05 | 0.4s
epoch 6800 | loss 8.3511 | lr 8.49e-05 | 0.4s
epoch 6801 | loss 8.3649 | lr 8.47e-05 | 0.4s
epoch 6802 | loss 8.3604 | lr 8.46e-05 | 0.4s
epoch 6803 | loss 8.3914 | lr 8.45e-05 | 0.4s
epoch 6804 | loss 8.3482 | lr 8.43e-05 | 0.4s
epoch 6805 | loss 8.3573 | lr 8.42e-05 | 0.5s
epoch 6806 | loss 8.4270 | lr 8.40e-05 | 0.4s
epoch 6807 | loss 8.3735 | lr 8.39e-05 | 0.4s
epoch 6808 | loss 8.4122 | lr 8.38e-05 | 0.4s
epoch 6809 | loss 8.3648 | lr 8.36e-05 | 0.4s
epoch 6810 | loss 8.3999 | lr 8.35e-05 | 0.4s
epoch 6811 | loss 8.3266 | lr 8.34e-05 | 0.4s
epoch 6812 | loss 8.3574 | lr 8.32e-05 | 0.4s
epoch 6813 | loss 8.3633 | lr 8.31e-05 | 0.5s
epoch 6814 | loss 8.3086 | lr 8.29e-05 | 0.4s
epoch 6815 | loss 8.3435 | lr 8.28e-05 | 0.4s
epoch 6816 | loss 8.3634 | lr 8.27e-05 | 0.4s
epoch 6817 | loss 8.3662 | lr 8.25e-05 | 0.5s
epoch 6818 | loss 8.3346 | lr 8.24e-05 | 0.4s
epoch 6819 | loss 8.3804 | lr 8.23e-05 | 0.5s
epoch 6820 | loss 8.3541 | lr 8.21e-05 | 0.4s
epoch 6821 | loss 8.3715 | lr 8.20e-05 | 0.5s
epoch 6822 | loss 8.3375 | lr 8.18e-05 | 0.4s
epoch 6823 | loss 8.3279 | lr 8.17e-05 | 0.4s
epoch 6824 | loss 8.3484 | lr 8.16e-05 | 0.4s
epoch 6825 | loss 8.3533 | lr 8.14e-05 | 0.5s
epoch 6826 | loss 8.3408 | lr 8.13e-05 | 0.4s
epoch 6827 | loss 8.3339 | lr 8.12e-05 | 0.4s
epoch 6828 | loss 8.3444 | lr 8.10e-05 | 0.5s
epoch 6829 | loss 8.3752 | lr 8.09e-05 | 0.4s
epoch 6830 | loss 8.3837 | lr 8.08e-05 | 0.4s
epoch 6831 | loss 8.3459 | lr 8.06e-05 | 0.4s
epoch 6832 | loss 8.3789 | lr 8.05e-05 | 0.4s
epoch 6833 | loss 8.3995 | lr 8.03e-05 | 0.4s
epoch 6834 | loss 8.3346 | lr 8.02e-05 | 0.4s
epoch 6835 | loss 8.3277 | lr 8.01e-05 | 0.4s
epoch 6836 | loss 8.3109 | lr 7.99e-05 | 0.4s
epoch 6837 | loss 8.3476 | lr 7.98e-05 | 0.4s
epoch 6838 | loss 8.3297 | lr 7.97e-05 | 0.4s
epoch 6839 | loss 8.3494 | lr 7.95e-05 | 0.4s
epoch 6840 | loss 8.3451 | lr 7.94e-05 | 0.4s
epoch 6841 | loss 8.3541 | lr 7.93e-05 | 0.4s
epoch 6842 | loss 8.3655 | lr 7.91e-05 | 0.4s
epoch 6843 | loss 8.3593 | lr 7.90e-05 | 0.4s
epoch 6844 | loss 8.3581 | lr 7.89e-05 | 0.4s
epoch 6845 | loss 8.3311 | lr 7.87e-05 | 0.4s
epoch 6846 | loss 8.3635 | lr 7.86e-05 | 0.4s
epoch 6847 | loss 8.3507 | lr 7.85e-05 | 0.5s
epoch 6848 | loss 8.3838 | lr 7.83e-05 | 0.4s
epoch 6849 | loss 8.3351 | lr 7.82e-05 | 0.4s
epoch 6850 | loss 8.3388 | lr 7.81e-05 | 0.4s
epoch 6851 | loss 8.3321 | lr 7.79e-05 | 0.4s
epoch 6852 | loss 8.4269 | lr 7.78e-05 | 0.4s
epoch 6853 | loss 8.3176 | lr 7.77e-05 | 0.4s
epoch 6854 | loss 8.3719 | lr 7.75e-05 | 0.4s
epoch 6855 | loss 8.3751 | lr 7.74e-05 | 0.4s
epoch 6856 | loss 8.3182 | lr 7.73e-05 | 0.5s
epoch 6857 | loss 8.4022 | lr 7.71e-05 | 0.4s
epoch 6858 | loss 8.3464 | lr 7.70e-05 | 0.4s
epoch 6859 | loss 8.3241 | lr 7.69e-05 | 0.4s
epoch 6860 | loss 8.3562 | lr 7.67e-05 | 0.5s
epoch 6861 | loss 8.3531 | lr 7.66e-05 | 0.5s
epoch 6862 | loss 8.4320 | lr 7.65e-05 | 0.4s
epoch 6863 | loss 8.3715 | lr 7.63e-05 | 0.5s
epoch 6864 | loss 8.3316 | lr 7.62e-05 | 0.4s
epoch 6865 | loss 8.3516 | lr 7.61e-05 | 0.4s
epoch 6866 | loss 8.3475 | lr 7.59e-05 | 0.4s
epoch 6867 | loss 8.3766 | lr 7.58e-05 | 0.4s
epoch 6868 | loss 8.3713 | lr 7.57e-05 | 0.5s
epoch 6869 | loss 8.3999 | lr 7.55e-05 | 0.4s
epoch 6870 | loss 8.3860 | lr 7.54e-05 | 0.4s
epoch 6871 | loss 8.3459 | lr 7.53e-05 | 0.4s
epoch 6872 | loss 8.3634 | lr 7.52e-05 | 0.4s
epoch 6873 | loss 8.3777 | lr 7.50e-05 | 0.4s
epoch 6874 | loss 8.3788 | lr 7.49e-05 | 0.4s
epoch 6875 | loss 8.3869 | lr 7.48e-05 | 0.4s
epoch 6876 | loss 8.3787 | lr 7.46e-05 | 0.4s
epoch 6877 | loss 8.3961 | lr 7.45e-05 | 0.5s
epoch 6878 | loss 8.4047 | lr 7.44e-05 | 0.5s
epoch 6879 | loss 8.3296 | lr 7.42e-05 | 0.4s
epoch 6880 | loss 8.3623 | lr 7.41e-05 | 0.5s
epoch 6881 | loss 8.3341 | lr 7.40e-05 | 0.4s
epoch 6882 | loss 8.3160 | lr 7.38e-05 | 0.4s
epoch 6883 | loss 8.3687 | lr 7.37e-05 | 0.4s
epoch 6884 | loss 8.3536 | lr 7.36e-05 | 0.4s
epoch 6885 | loss 8.3661 | lr 7.35e-05 | 0.4s
epoch 6886 | loss 8.3281 | lr 7.33e-05 | 0.5s
epoch 6887 | loss 8.3351 | lr 7.32e-05 | 0.4s
epoch 6888 | loss 8.3326 | lr 7.31e-05 | 0.4s
epoch 6889 | loss 8.3682 | lr 7.29e-05 | 0.4s
epoch 6890 | loss 8.3480 | lr 7.28e-05 | 0.4s
epoch 6891 | loss 8.4345 | lr 7.27e-05 | 0.4s
epoch 6892 | loss 8.3681 | lr 7.25e-05 | 0.4s
epoch 6893 | loss 8.3941 | lr 7.24e-05 | 0.4s
epoch 6894 | loss 8.3559 | lr 7.23e-05 | 0.4s
epoch 6895 | loss 8.3345 | lr 7.22e-05 | 0.5s
epoch 6896 | loss 8.3865 | lr 7.20e-05 | 0.4s
epoch 6897 | loss 8.3755 | lr 7.19e-05 | 0.4s
epoch 6898 | loss 8.3661 | lr 7.18e-05 | 0.4s
epoch 6899 | loss 8.3664 | lr 7.16e-05 | 0.5s
epoch 6900 | loss 8.3696 | lr 7.15e-05 | 0.4s
epoch 6901 | loss 8.3591 | lr 7.14e-05 | 0.4s
epoch 6902 | loss 8.3158 | lr 7.13e-05 | 0.5s
epoch 6903 | loss 8.3926 | lr 7.11e-05 | 0.5s
epoch 6904 | loss 8.4047 | lr 7.10e-05 | 0.4s
epoch 6905 | loss 8.4237 | lr 7.09e-05 | 0.5s
epoch 6906 | loss 8.4011 | lr 7.08e-05 | 0.4s
epoch 6907 | loss 8.3544 | lr 7.06e-05 | 0.4s
epoch 6908 | loss 8.3752 | lr 7.05e-05 | 0.4s
epoch 6909 | loss 8.3719 | lr 7.04e-05 | 0.4s
epoch 6910 | loss 8.3272 | lr 7.02e-05 | 0.4s
epoch 6911 | loss 8.3824 | lr 7.01e-05 | 0.4s
epoch 6912 | loss 8.3253 | lr 7.00e-05 | 0.5s
epoch 6913 | loss 8.3912 | lr 6.99e-05 | 0.4s
epoch 6914 | loss 8.3744 | lr 6.97e-05 | 0.4s
epoch 6915 | loss 8.3536 | lr 6.96e-05 | 0.5s
epoch 6916 | loss 8.3712 | lr 6.95e-05 | 0.4s
epoch 6917 | loss 8.3966 | lr 6.94e-05 | 0.4s
epoch 6918 | loss 8.3637 | lr 6.92e-05 | 0.4s
epoch 6919 | loss 8.3757 | lr 6.91e-05 | 0.4s
epoch 6920 | loss 8.3469 | lr 6.90e-05 | 0.4s
epoch 6921 | loss 8.3560 | lr 6.89e-05 | 0.5s
epoch 6922 | loss 8.3901 | lr 6.87e-05 | 0.5s
epoch 6923 | loss 8.3632 | lr 6.86e-05 | 0.4s
epoch 6924 | loss 8.3883 | lr 6.85e-05 | 0.4s
epoch 6925 | loss 8.3828 | lr 6.84e-05 | 0.4s
epoch 6926 | loss 8.3615 | lr 6.82e-05 | 0.5s
epoch 6927 | loss 8.3600 | lr 6.81e-05 | 0.4s
epoch 6928 | loss 8.3629 | lr 6.80e-05 | 0.5s
epoch 6929 | loss 8.3962 | lr 6.79e-05 | 0.4s
epoch 6930 | loss 8.3933 | lr 6.77e-05 | 0.5s
epoch 6931 | loss 8.3722 | lr 6.76e-05 | 0.5s
epoch 6932 | loss 8.3595 | lr 6.75e-05 | 0.4s
epoch 6933 | loss 8.3831 | lr 6.74e-05 | 0.4s
epoch 6934 | loss 8.3369 | lr 6.72e-05 | 0.4s
epoch 6935 | loss 8.3268 | lr 6.71e-05 | 0.4s
epoch 6936 | loss 8.3674 | lr 6.70e-05 | 0.4s
epoch 6937 | loss 8.3837 | lr 6.69e-05 | 0.4s
epoch 6938 | loss 8.3427 | lr 6.67e-05 | 0.4s
epoch 6939 | loss 8.3931 | lr 6.66e-05 | 0.4s
epoch 6940 | loss 8.3289 | lr 6.65e-05 | 0.4s
epoch 6941 | loss 8.3571 | lr 6.64e-05 | 0.4s
epoch 6942 | loss 8.3785 | lr 6.62e-05 | 0.4s
epoch 6943 | loss 8.4163 | lr 6.61e-05 | 0.4s
epoch 6944 | loss 8.3346 | lr 6.60e-05 | 0.4s
epoch 6945 | loss 8.3543 | lr 6.59e-05 | 0.5s
epoch 6946 | loss 8.3543 | lr 6.57e-05 | 0.4s
epoch 6947 | loss 8.3611 | lr 6.56e-05 | 0.4s
epoch 6948 | loss 8.3842 | lr 6.55e-05 | 0.4s
epoch 6949 | loss 8.3585 | lr 6.54e-05 | 0.4s
epoch 6950 | loss 8.4421 | lr 6.53e-05 | 0.5s
epoch 6951 | loss 8.3784 | lr 6.51e-05 | 0.4s
epoch 6952 | loss 8.3323 | lr 6.50e-05 | 0.4s
epoch 6953 | loss 8.3657 | lr 6.49e-05 | 0.4s
epoch 6954 | loss 8.3465 | lr 6.48e-05 | 0.5s
epoch 6955 | loss 8.3447 | lr 6.46e-05 | 0.5s
epoch 6956 | loss 8.4064 | lr 6.45e-05 | 0.4s
epoch 6957 | loss 8.3356 | lr 6.44e-05 | 0.4s
epoch 6958 | loss 8.3817 | lr 6.43e-05 | 0.4s
epoch 6959 | loss 8.3385 | lr 6.42e-05 | 0.4s
epoch 6960 | loss 8.3371 | lr 6.40e-05 | 0.4s
epoch 6961 | loss 8.3112 | lr 6.39e-05 | 0.5s
epoch 6962 | loss 8.3098 | lr 6.38e-05 | 0.4s
epoch 6963 | loss 8.3568 | lr 6.37e-05 | 0.4s
epoch 6964 | loss 8.3548 | lr 6.35e-05 | 0.4s
epoch 6965 | loss 8.3632 | lr 6.34e-05 | 0.4s
epoch 6966 | loss 8.3956 | lr 6.33e-05 | 0.4s
epoch 6967 | loss 8.3738 | lr 6.32e-05 | 0.4s
epoch 6968 | loss 8.3700 | lr 6.31e-05 | 0.4s
epoch 6969 | loss 8.4027 | lr 6.29e-05 | 0.4s
epoch 6970 | loss 8.3323 | lr 6.28e-05 | 0.4s
epoch 6971 | loss 8.3740 | lr 6.27e-05 | 0.4s
epoch 6972 | loss 8.3705 | lr 6.26e-05 | 0.4s
epoch 6973 | loss 8.3701 | lr 6.25e-05 | 0.5s
epoch 6974 | loss 8.3682 | lr 6.23e-05 | 0.4s
epoch 6975 | loss 8.3495 | lr 6.22e-05 | 0.5s
epoch 6976 | loss 8.3824 | lr 6.21e-05 | 0.4s
epoch 6977 | loss 8.3450 | lr 6.20e-05 | 0.4s
epoch 6978 | loss 8.3251 | lr 6.19e-05 | 0.5s
epoch 6979 | loss 8.3211 | lr 6.17e-05 | 0.5s
epoch 6980 | loss 8.3355 | lr 6.16e-05 | 0.4s
epoch 6981 | loss 8.3314 | lr 6.15e-05 | 0.4s
epoch 6982 | loss 8.3745 | lr 6.14e-05 | 0.4s
epoch 6983 | loss 8.3428 | lr 6.13e-05 | 0.4s
epoch 6984 | loss 8.3966 | lr 6.11e-05 | 0.4s
epoch 6985 | loss 8.3749 | lr 6.10e-05 | 0.4s
epoch 6986 | loss 8.3489 | lr 6.09e-05 | 0.4s
epoch 6987 | loss 8.3475 | lr 6.08e-05 | 0.4s
epoch 6988 | loss 8.4294 | lr 6.07e-05 | 0.4s
epoch 6989 | loss 8.3507 | lr 6.06e-05 | 0.4s
epoch 6990 | loss 8.3686 | lr 6.04e-05 | 0.4s
epoch 6991 | loss 8.3285 | lr 6.03e-05 | 0.4s
epoch 6992 | loss 8.3900 | lr 6.02e-05 | 0.4s
epoch 6993 | loss 8.3390 | lr 6.01e-05 | 0.4s
epoch 6994 | loss 8.3801 | lr 6.00e-05 | 0.4s
epoch 6995 | loss 8.3437 | lr 5.98e-05 | 0.5s
epoch 6996 | loss 8.3580 | lr 5.97e-05 | 0.4s
epoch 6997 | loss 8.3460 | lr 5.96e-05 | 0.4s
epoch 6998 | loss 8.3823 | lr 5.95e-05 | 0.5s
epoch 6999 | loss 8.3464 | lr 5.94e-05 | 0.4s
epoch 7000 | loss 8.3184 | lr 5.93e-05 | 0.4s
epoch 7001 | loss 8.4056 | lr 5.91e-05 | 0.5s
epoch 7002 | loss 8.3476 | lr 5.90e-05 | 0.4s
epoch 7003 | loss 8.3360 | lr 5.89e-05 | 0.4s
epoch 7004 | loss 8.3676 | lr 5.88e-05 | 0.5s
epoch 7005 | loss 8.3218 | lr 5.87e-05 | 0.5s
epoch 7006 | loss 8.3270 | lr 5.86e-05 | 0.4s
epoch 7007 | loss 8.3370 | lr 5.84e-05 | 0.4s
epoch 7008 | loss 8.4150 | lr 5.83e-05 | 0.4s
epoch 7009 | loss 8.3719 | lr 5.82e-05 | 0.5s
epoch 7010 | loss 8.3539 | lr 5.81e-05 | 0.4s
epoch 7011 | loss 8.3539 | lr 5.80e-05 | 0.4s
epoch 7012 | loss 8.4053 | lr 5.79e-05 | 0.5s
epoch 7013 | loss 8.3942 | lr 5.77e-05 | 0.5s
epoch 7014 | loss 8.3695 | lr 5.76e-05 | 0.4s
epoch 7015 | loss 8.3738 | lr 5.75e-05 | 0.4s
epoch 7016 | loss 8.3953 | lr 5.74e-05 | 0.5s
epoch 7017 | loss 8.3979 | lr 5.73e-05 | 0.5s
epoch 7018 | loss 8.3761 | lr 5.72e-05 | 0.5s
epoch 7019 | loss 8.3538 | lr 5.71e-05 | 0.5s
epoch 7020 | loss 8.3642 | lr 5.69e-05 | 0.5s
epoch 7021 | loss 8.3277 | lr 5.68e-05 | 0.5s
epoch 7022 | loss 8.3943 | lr 5.67e-05 | 0.4s
epoch 7023 | loss 8.3777 | lr 5.66e-05 | 0.5s
epoch 7024 | loss 8.3485 | lr 5.65e-05 | 0.4s
epoch 7025 | loss 8.3618 | lr 5.64e-05 | 0.4s
epoch 7026 | loss 8.3524 | lr 5.62e-05 | 0.5s
epoch 7027 | loss 8.3663 | lr 5.61e-05 | 0.5s
epoch 7028 | loss 8.4054 | lr 5.60e-05 | 0.4s
epoch 7029 | loss 8.3933 | lr 5.59e-05 | 0.5s
epoch 7030 | loss 8.3193 | lr 5.58e-05 | 0.4s
epoch 7031 | loss 8.3268 | lr 5.57e-05 | 0.4s
epoch 7032 | loss 8.3575 | lr 5.56e-05 | 0.5s
epoch 7033 | loss 8.3775 | lr 5.55e-05 | 0.4s
epoch 7034 | loss 8.3601 | lr 5.53e-05 | 0.4s
epoch 7035 | loss 8.3484 | lr 5.52e-05 | 0.5s
epoch 7036 | loss 8.3335 | lr 5.51e-05 | 0.4s
epoch 7037 | loss 8.3252 | lr 5.50e-05 | 0.4s
epoch 7038 | loss 8.3036 | lr 5.49e-05 | 0.4s
epoch 7039 | loss 8.2889 | lr 5.48e-05 | 0.4s
epoch 7040 | loss 8.4006 | lr 5.47e-05 | 0.5s
epoch 7041 | loss 8.4223 | lr 5.45e-05 | 0.5s
epoch 7042 | loss 8.3729 | lr 5.44e-05 | 0.4s
epoch 7043 | loss 8.3292 | lr 5.43e-05 | 0.5s
epoch 7044 | loss 8.3213 | lr 5.42e-05 | 0.4s
epoch 7045 | loss 8.3663 | lr 5.41e-05 | 0.5s
epoch 7046 | loss 8.3854 | lr 5.40e-05 | 0.5s
epoch 7047 | loss 8.3492 | lr 5.39e-05 | 0.4s
epoch 7048 | loss 8.3150 | lr 5.38e-05 | 0.5s
epoch 7049 | loss 8.3922 | lr 5.37e-05 | 0.4s
epoch 7050 | loss 8.3142 | lr 5.35e-05 | 0.4s
epoch 7051 | loss 8.3795 | lr 5.34e-05 | 0.4s
epoch 7052 | loss 8.3574 | lr 5.33e-05 | 0.4s
epoch 7053 | loss 8.3796 | lr 5.32e-05 | 0.4s
epoch 7054 | loss 8.3536 | lr 5.31e-05 | 0.4s
epoch 7055 | loss 8.3709 | lr 5.30e-05 | 0.4s
epoch 7056 | loss 8.3798 | lr 5.29e-05 | 0.4s
epoch 7057 | loss 8.3518 | lr 5.28e-05 | 0.4s
epoch 7058 | loss 8.3509 | lr 5.27e-05 | 0.5s
epoch 7059 | loss 8.3386 | lr 5.25e-05 | 0.4s
epoch 7060 | loss 8.3942 | lr 5.24e-05 | 0.4s
epoch 7061 | loss 8.3795 | lr 5.23e-05 | 0.4s
epoch 7062 | loss 8.3674 | lr 5.22e-05 | 0.5s
epoch 7063 | loss 8.3726 | lr 5.21e-05 | 0.4s
epoch 7064 | loss 8.3266 | lr 5.20e-05 | 0.5s
epoch 7065 | loss 8.3429 | lr 5.19e-05 | 0.4s
epoch 7066 | loss 8.3751 | lr 5.18e-05 | 0.5s
epoch 7067 | loss 8.3566 | lr 5.17e-05 | 0.5s
epoch 7068 | loss 8.3576 | lr 5.16e-05 | 0.4s
epoch 7069 | loss 8.3759 | lr 5.14e-05 | 0.5s
epoch 7070 | loss 8.3418 | lr 5.13e-05 | 0.4s
epoch 7071 | loss 8.3847 | lr 5.12e-05 | 0.4s
epoch 7072 | loss 8.3628 | lr 5.11e-05 | 0.4s
epoch 7073 | loss 8.3223 | lr 5.10e-05 | 0.4s
epoch 7074 | loss 8.3705 | lr 5.09e-05 | 0.4s
epoch 7075 | loss 8.3015 | lr 5.08e-05 | 0.5s
epoch 7076 | loss 8.3552 | lr 5.07e-05 | 0.4s
epoch 7077 | loss 8.3313 | lr 5.06e-05 | 0.4s
epoch 7078 | loss 8.3469 | lr 5.05e-05 | 0.4s
epoch 7079 | loss 8.3254 | lr 5.04e-05 | 0.4s
epoch 7080 | loss 8.3531 | lr 5.02e-05 | 0.4s
epoch 7081 | loss 8.4077 | lr 5.01e-05 | 0.4s
epoch 7082 | loss 8.3644 | lr 5.00e-05 | 0.4s
epoch 7083 | loss 8.3827 | lr 4.99e-05 | 0.4s
epoch 7084 | loss 8.3685 | lr 4.98e-05 | 0.4s
epoch 7085 | loss 8.3477 | lr 4.97e-05 | 0.4s
epoch 7086 | loss 8.3679 | lr 4.96e-05 | 0.4s
epoch 7087 | loss 8.3195 | lr 4.95e-05 | 0.4s
epoch 7088 | loss 8.3630 | lr 4.94e-05 | 0.4s
epoch 7089 | loss 8.3981 | lr 4.93e-05 | 0.5s
epoch 7090 | loss 8.3509 | lr 4.92e-05 | 0.4s
epoch 7091 | loss 8.3239 | lr 4.91e-05 | 0.5s
epoch 7092 | loss 8.3621 | lr 4.90e-05 | 0.4s
epoch 7093 | loss 8.3509 | lr 4.88e-05 | 0.4s
epoch 7094 | loss 8.3684 | lr 4.87e-05 | 0.5s
epoch 7095 | loss 8.3183 | lr 4.86e-05 | 0.5s
epoch 7096 | loss 8.3827 | lr 4.85e-05 | 0.5s
epoch 7097 | loss 8.3228 | lr 4.84e-05 | 0.4s
epoch 7098 | loss 8.3600 | lr 4.83e-05 | 0.4s
epoch 7099 | loss 8.3327 | lr 4.82e-05 | 0.4s
epoch 7100 | loss 8.3412 | lr 4.81e-05 | 0.5s
epoch 7101 | loss 8.4016 | lr 4.80e-05 | 0.4s
epoch 7102 | loss 8.3394 | lr 4.79e-05 | 0.4s
epoch 7103 | loss 8.3752 | lr 4.78e-05 | 0.4s
epoch 7104 | loss 8.3388 | lr 4.77e-05 | 0.4s
epoch 7105 | loss 8.3813 | lr 4.76e-05 | 0.5s
epoch 7106 | loss 8.3577 | lr 4.75e-05 | 0.4s
epoch 7107 | loss 8.3255 | lr 4.74e-05 | 0.4s
epoch 7108 | loss 8.3396 | lr 4.73e-05 | 0.4s
epoch 7109 | loss 8.3525 | lr 4.72e-05 | 0.4s
epoch 7110 | loss 8.3774 | lr 4.71e-05 | 0.4s
epoch 7111 | loss 8.3593 | lr 4.69e-05 | 0.4s
epoch 7112 | loss 8.3983 | lr 4.68e-05 | 0.5s
epoch 7113 | loss 8.3499 | lr 4.67e-05 | 0.4s
epoch 7114 | loss 8.3397 | lr 4.66e-05 | 0.4s
epoch 7115 | loss 8.3964 | lr 4.65e-05 | 0.4s
epoch 7116 | loss 8.3868 | lr 4.64e-05 | 0.4s
epoch 7117 | loss 8.3582 | lr 4.63e-05 | 0.4s
epoch 7118 | loss 8.3772 | lr 4.62e-05 | 0.5s
epoch 7119 | loss 8.3330 | lr 4.61e-05 | 0.4s
epoch 7120 | loss 8.3575 | lr 4.60e-05 | 0.4s
epoch 7121 | loss 8.3527 | lr 4.59e-05 | 0.4s
epoch 7122 | loss 8.3255 | lr 4.58e-05 | 0.5s
epoch 7123 | loss 8.3423 | lr 4.57e-05 | 0.4s
epoch 7124 | loss 8.3409 | lr 4.56e-05 | 0.4s
epoch 7125 | loss 8.3784 | lr 4.55e-05 | 0.4s
epoch 7126 | loss 8.3360 | lr 4.54e-05 | 0.4s
epoch 7127 | loss 8.3471 | lr 4.53e-05 | 0.5s
epoch 7128 | loss 8.3442 | lr 4.52e-05 | 0.4s
epoch 7129 | loss 8.3415 | lr 4.51e-05 | 0.4s
epoch 7130 | loss 8.3609 | lr 4.50e-05 | 0.4s
epoch 7131 | loss 8.3651 | lr 4.49e-05 | 0.5s
epoch 7132 | loss 8.3433 | lr 4.48e-05 | 0.4s
epoch 7133 | loss 8.3902 | lr 4.47e-05 | 0.5s
epoch 7134 | loss 8.3382 | lr 4.46e-05 | 0.4s
epoch 7135 | loss 8.3433 | lr 4.45e-05 | 0.4s
epoch 7136 | loss 8.3235 | lr 4.44e-05 | 0.5s
epoch 7137 | loss 8.3556 | lr 4.43e-05 | 0.5s
epoch 7138 | loss 8.3472 | lr 4.42e-05 | 0.4s
epoch 7139 | loss 8.3085 | lr 4.41e-05 | 0.4s
epoch 7140 | loss 8.3993 | lr 4.40e-05 | 0.4s
epoch 7141 | loss 8.3593 | lr 4.39e-05 | 0.4s
epoch 7142 | loss 8.3678 | lr 4.38e-05 | 0.4s
epoch 7143 | loss 8.3429 | lr 4.37e-05 | 0.4s
epoch 7144 | loss 8.3326 | lr 4.36e-05 | 0.5s
epoch 7145 | loss 8.3418 | lr 4.35e-05 | 0.4s
epoch 7146 | loss 8.3197 | lr 4.34e-05 | 0.4s
epoch 7147 | loss 8.3867 | lr 4.33e-05 | 0.4s
epoch 7148 | loss 8.3682 | lr 4.32e-05 | 0.4s
epoch 7149 | loss 8.3965 | lr 4.31e-05 | 0.4s
epoch 7150 | loss 8.3811 | lr 4.30e-05 | 0.4s
epoch 7151 | loss 8.2953 | lr 4.29e-05 | 0.4s
epoch 7152 | loss 8.3859 | lr 4.28e-05 | 0.5s
epoch 7153 | loss 8.2978 | lr 4.27e-05 | 0.5s
epoch 7154 | loss 8.3087 | lr 4.26e-05 | 0.4s
epoch 7155 | loss 8.3624 | lr 4.25e-05 | 0.4s
epoch 7156 | loss 8.3162 | lr 4.24e-05 | 0.4s
epoch 7157 | loss 8.3692 | lr 4.23e-05 | 0.5s
epoch 7158 | loss 8.3372 | lr 4.22e-05 | 0.5s
epoch 7159 | loss 8.3173 | lr 4.21e-05 | 0.4s
epoch 7160 | loss 8.4032 | lr 4.20e-05 | 0.5s
epoch 7161 | loss 8.3590 | lr 4.19e-05 | 0.5s
epoch 7162 | loss 8.3732 | lr 4.18e-05 | 0.4s
epoch 7163 | loss 8.3165 | lr 4.17e-05 | 0.4s
epoch 7164 | loss 8.4011 | lr 4.16e-05 | 0.4s
epoch 7165 | loss 8.3324 | lr 4.15e-05 | 0.5s
epoch 7166 | loss 8.3519 | lr 4.14e-05 | 0.4s
epoch 7167 | loss 8.3917 | lr 4.13e-05 | 0.4s
epoch 7168 | loss 8.3500 | lr 4.12e-05 | 0.4s
epoch 7169 | loss 8.3565 | lr 4.11e-05 | 0.4s
epoch 7170 | loss 8.3317 | lr 4.10e-05 | 0.4s
epoch 7171 | loss 8.3836 | lr 4.09e-05 | 0.5s
epoch 7172 | loss 8.3572 | lr 4.08e-05 | 0.4s
epoch 7173 | loss 8.3179 | lr 4.07e-05 | 0.5s
epoch 7174 | loss 8.3361 | lr 4.06e-05 | 0.4s
epoch 7175 | loss 8.3421 | lr 4.05e-05 | 0.4s
epoch 7176 | loss 8.3583 | lr 4.04e-05 | 0.4s
epoch 7177 | loss 8.3220 | lr 4.03e-05 | 0.5s
epoch 7178 | loss 8.3449 | lr 4.02e-05 | 0.5s
epoch 7179 | loss 8.3349 | lr 4.01e-05 | 0.4s
epoch 7180 | loss 8.3143 | lr 4.00e-05 | 0.4s
epoch 7181 | loss 8.3954 | lr 3.99e-05 | 0.4s
epoch 7182 | loss 8.3912 | lr 3.98e-05 | 0.4s
epoch 7183 | loss 8.3162 | lr 3.97e-05 | 0.5s
epoch 7184 | loss 8.3523 | lr 3.96e-05 | 0.5s
epoch 7185 | loss 8.3563 | lr 3.95e-05 | 0.4s
epoch 7186 | loss 8.3495 | lr 3.94e-05 | 0.4s
epoch 7187 | loss 8.3543 | lr 3.93e-05 | 0.4s
epoch 7188 | loss 8.3882 | lr 3.92e-05 | 0.5s
epoch 7189 | loss 8.3407 | lr 3.91e-05 | 0.5s
epoch 7190 | loss 8.3507 | lr 3.90e-05 | 0.5s
epoch 7191 | loss 8.3825 | lr 3.89e-05 | 0.4s
epoch 7192 | loss 8.3709 | lr 3.88e-05 | 0.4s
epoch 7193 | loss 8.3476 | lr 3.87e-05 | 0.4s
epoch 7194 | loss 8.3713 | lr 3.87e-05 | 0.5s
epoch 7195 | loss 8.3233 | lr 3.86e-05 | 0.4s
epoch 7196 | loss 8.3573 | lr 3.85e-05 | 0.4s
epoch 7197 | loss 8.3842 | lr 3.84e-05 | 0.4s
epoch 7198 | loss 8.3664 | lr 3.83e-05 | 0.4s
epoch 7199 | loss 8.3073 | lr 3.82e-05 | 0.4s
epoch 7200 | loss 8.3263 | lr 3.81e-05 | 0.4s
epoch 7201 | loss 8.3610 | lr 3.80e-05 | 0.4s
epoch 7202 | loss 8.3535 | lr 3.79e-05 | 0.4s
epoch 7203 | loss 8.4275 | lr 3.78e-05 | 0.4s
epoch 7204 | loss 8.3924 | lr 3.77e-05 | 0.5s
epoch 7205 | loss 8.3487 | lr 3.76e-05 | 0.4s
epoch 7206 | loss 8.3761 | lr 3.75e-05 | 0.5s
epoch 7207 | loss 8.2933 | lr 3.74e-05 | 0.4s
epoch 7208 | loss 8.3270 | lr 3.73e-05 | 0.4s
epoch 7209 | loss 8.3858 | lr 3.72e-05 | 0.5s
epoch 7210 | loss 8.3332 | lr 3.71e-05 | 0.4s
epoch 7211 | loss 8.4041 | lr 3.70e-05 | 0.4s
epoch 7212 | loss 8.3526 | lr 3.70e-05 | 0.5s
epoch 7213 | loss 8.3650 | lr 3.69e-05 | 0.4s
epoch 7214 | loss 8.3655 | lr 3.68e-05 | 0.4s
epoch 7215 | loss 8.3858 | lr 3.67e-05 | 0.4s
epoch 7216 | loss 8.3401 | lr 3.66e-05 | 0.4s
epoch 7217 | loss 8.3609 | lr 3.65e-05 | 0.4s
epoch 7218 | loss 8.3430 | lr 3.64e-05 | 0.4s
epoch 7219 | loss 8.3635 | lr 3.63e-05 | 0.4s
epoch 7220 | loss 8.3530 | lr 3.62e-05 | 0.4s
epoch 7221 | loss 8.3419 | lr 3.61e-05 | 0.4s
epoch 7222 | loss 8.3097 | lr 3.60e-05 | 0.5s
epoch 7223 | loss 8.3513 | lr 3.59e-05 | 0.4s
epoch 7224 | loss 8.4061 | lr 3.58e-05 | 0.4s
epoch 7225 | loss 8.3661 | lr 3.58e-05 | 0.5s
epoch 7226 | loss 8.3382 | lr 3.57e-05 | 0.4s
epoch 7227 | loss 8.3267 | lr 3.56e-05 | 0.4s
epoch 7228 | loss 8.3521 | lr 3.55e-05 | 0.5s
epoch 7229 | loss 8.3539 | lr 3.54e-05 | 0.4s
epoch 7230 | loss 8.3604 | lr 3.53e-05 | 0.4s
epoch 7231 | loss 8.3310 | lr 3.52e-05 | 0.4s
epoch 7232 | loss 8.3439 | lr 3.51e-05 | 0.5s
epoch 7233 | loss 8.3471 | lr 3.50e-05 | 0.4s
epoch 7234 | loss 8.3258 | lr 3.49e-05 | 0.4s
epoch 7235 | loss 8.3393 | lr 3.48e-05 | 0.4s
epoch 7236 | loss 8.4059 | lr 3.48e-05 | 0.4s
epoch 7237 | loss 8.3774 | lr 3.47e-05 | 0.4s
epoch 7238 | loss 8.3411 | lr 3.46e-05 | 0.4s
epoch 7239 | loss 8.3713 | lr 3.45e-05 | 0.4s
epoch 7240 | loss 8.4085 | lr 3.44e-05 | 0.4s
epoch 7241 | loss 8.3802 | lr 3.43e-05 | 0.4s
epoch 7242 | loss 8.3203 | lr 3.42e-05 | 0.4s
epoch 7243 | loss 8.3553 | lr 3.41e-05 | 0.4s
epoch 7244 | loss 8.3299 | lr 3.40e-05 | 0.4s
epoch 7245 | loss 8.3349 | lr 3.39e-05 | 0.4s
epoch 7246 | loss 8.3409 | lr 3.39e-05 | 0.5s
epoch 7247 | loss 8.3717 | lr 3.38e-05 | 0.5s
epoch 7248 | loss 8.2946 | lr 3.37e-05 | 0.4s
epoch 7249 | loss 8.2985 | lr 3.36e-05 | 0.4s
epoch 7250 | loss 8.3210 | lr 3.35e-05 | 0.4s
epoch 7251 | loss 8.3644 | lr 3.34e-05 | 0.5s
epoch 7252 | loss 8.3512 | lr 3.33e-05 | 0.4s
epoch 7253 | loss 8.3332 | lr 3.32e-05 | 0.5s
epoch 7254 | loss 8.3132 | lr 3.31e-05 | 0.4s
epoch 7255 | loss 8.3964 | lr 3.31e-05 | 0.5s
epoch 7256 | loss 8.3098 | lr 3.30e-05 | 0.5s
epoch 7257 | loss 8.3597 | lr 3.29e-05 | 0.5s
epoch 7258 | loss 8.3799 | lr 3.28e-05 | 0.4s
epoch 7259 | loss 8.3594 | lr 3.27e-05 | 0.4s
epoch 7260 | loss 8.3598 | lr 3.26e-05 | 0.4s
epoch 7261 | loss 8.3766 | lr 3.25e-05 | 0.4s
epoch 7262 | loss 8.3628 | lr 3.24e-05 | 0.4s
epoch 7263 | loss 8.3396 | lr 3.24e-05 | 0.4s
epoch 7264 | loss 8.3748 | lr 3.23e-05 | 0.4s
epoch 7265 | loss 8.3381 | lr 3.22e-05 | 0.4s
epoch 7266 | loss 8.3745 | lr 3.21e-05 | 0.4s
epoch 7267 | loss 8.3687 | lr 3.20e-05 | 0.4s
epoch 7268 | loss 8.3289 | lr 3.19e-05 | 0.4s
epoch 7269 | loss 8.3311 | lr 3.18e-05 | 0.5s
epoch 7270 | loss 8.4113 | lr 3.17e-05 | 0.4s
epoch 7271 | loss 8.3574 | lr 3.17e-05 | 0.4s
epoch 7272 | loss 8.3738 | lr 3.16e-05 | 0.4s
epoch 7273 | loss 8.3000 | lr 3.15e-05 | 0.4s
epoch 7274 | loss 8.3230 | lr 3.14e-05 | 0.4s
epoch 7275 | loss 8.3651 | lr 3.13e-05 | 0.4s
epoch 7276 | loss 8.3640 | lr 3.12e-05 | 0.4s
epoch 7277 | loss 8.3528 | lr 3.11e-05 | 0.4s
epoch 7278 | loss 8.3417 | lr 3.11e-05 | 0.4s
epoch 7279 | loss 8.2744 | lr 3.10e-05 | 0.4s
epoch 7280 | loss 8.3345 | lr 3.09e-05 | 0.4s
epoch 7281 | loss 8.3420 | lr 3.08e-05 | 0.4s
epoch 7282 | loss 8.3414 | lr 3.07e-05 | 0.4s
epoch 7283 | loss 8.3298 | lr 3.06e-05 | 0.4s
epoch 7284 | loss 8.3048 | lr 3.05e-05 | 0.5s
epoch 7285 | loss 8.3356 | lr 3.05e-05 | 0.4s
epoch 7286 | loss 8.3299 | lr 3.04e-05 | 0.4s
epoch 7287 | loss 8.3799 | lr 3.03e-05 | 0.4s
epoch 7288 | loss 8.3439 | lr 3.02e-05 | 0.5s
epoch 7289 | loss 8.3811 | lr 3.01e-05 | 0.4s
epoch 7290 | loss 8.3601 | lr 3.00e-05 | 0.4s
epoch 7291 | loss 8.3829 | lr 3.00e-05 | 0.4s
epoch 7292 | loss 8.3650 | lr 2.99e-05 | 0.4s
epoch 7293 | loss 8.3455 | lr 2.98e-05 | 0.4s
epoch 7294 | loss 8.3828 | lr 2.97e-05 | 0.5s
epoch 7295 | loss 8.3713 | lr 2.96e-05 | 0.4s
epoch 7296 | loss 8.3370 | lr 2.95e-05 | 0.4s
epoch 7297 | loss 8.3451 | lr 2.95e-05 | 0.4s
epoch 7298 | loss 8.3248 | lr 2.94e-05 | 0.4s
epoch 7299 | loss 8.4065 | lr 2.93e-05 | 0.4s
epoch 7300 | loss 8.3863 | lr 2.92e-05 | 0.4s
epoch 7301 | loss 8.3625 | lr 2.91e-05 | 0.4s
epoch 7302 | loss 8.3408 | lr 2.90e-05 | 0.4s
epoch 7303 | loss 8.3526 | lr 2.90e-05 | 0.5s
epoch 7304 | loss 8.3987 | lr 2.89e-05 | 0.4s
epoch 7305 | loss 8.3498 | lr 2.88e-05 | 0.4s
epoch 7306 | loss 8.4023 | lr 2.87e-05 | 0.4s
epoch 7307 | loss 8.3967 | lr 2.86e-05 | 0.5s
epoch 7308 | loss 8.3897 | lr 2.85e-05 | 0.4s
epoch 7309 | loss 8.3710 | lr 2.85e-05 | 0.4s
epoch 7310 | loss 8.3519 | lr 2.84e-05 | 0.4s
epoch 7311 | loss 8.3516 | lr 2.83e-05 | 0.4s
epoch 7312 | loss 8.3184 | lr 2.82e-05 | 0.4s
epoch 7313 | loss 8.3466 | lr 2.81e-05 | 0.4s
epoch 7314 | loss 8.3758 | lr 2.81e-05 | 0.4s
epoch 7315 | loss 8.3713 | lr 2.80e-05 | 0.5s
epoch 7316 | loss 8.3380 | lr 2.79e-05 | 0.4s
epoch 7317 | loss 8.3648 | lr 2.78e-05 | 0.5s
epoch 7318 | loss 8.3846 | lr 2.77e-05 | 0.4s
epoch 7319 | loss 8.3581 | lr 2.76e-05 | 0.4s
epoch 7320 | loss 8.3791 | lr 2.76e-05 | 0.4s
epoch 7321 | loss 8.3294 | lr 2.75e-05 | 0.4s
epoch 7322 | loss 8.3561 | lr 2.74e-05 | 0.4s
epoch 7323 | loss 8.3271 | lr 2.73e-05 | 0.5s
epoch 7324 | loss 8.3871 | lr 2.72e-05 | 0.4s
epoch 7325 | loss 8.3660 | lr 2.72e-05 | 0.4s
epoch 7326 | loss 8.4168 | lr 2.71e-05 | 0.4s
epoch 7327 | loss 8.3982 | lr 2.70e-05 | 0.4s
epoch 7328 | loss 8.3551 | lr 2.69e-05 | 0.4s
epoch 7329 | loss 8.3386 | lr 2.68e-05 | 0.4s
epoch 7330 | loss 8.3488 | lr 2.68e-05 | 0.5s
epoch 7331 | loss 8.3350 | lr 2.67e-05 | 0.4s
epoch 7332 | loss 8.3619 | lr 2.66e-05 | 0.4s
epoch 7333 | loss 8.3727 | lr 2.65e-05 | 0.4s
epoch 7334 | loss 8.3656 | lr 2.64e-05 | 0.5s
epoch 7335 | loss 8.3662 | lr 2.64e-05 | 0.5s
epoch 7336 | loss 8.3279 | lr 2.63e-05 | 0.4s
epoch 7337 | loss 8.3299 | lr 2.62e-05 | 0.5s
epoch 7338 | loss 8.3454 | lr 2.61e-05 | 0.4s
epoch 7339 | loss 8.3049 | lr 2.61e-05 | 0.4s
epoch 7340 | loss 8.3855 | lr 2.60e-05 | 0.4s
epoch 7341 | loss 8.3474 | lr 2.59e-05 | 0.4s
epoch 7342 | loss 8.3575 | lr 2.58e-05 | 0.5s
epoch 7343 | loss 8.3722 | lr 2.57e-05 | 0.4s
epoch 7344 | loss 8.3521 | lr 2.57e-05 | 0.4s
epoch 7345 | loss 8.2847 | lr 2.56e-05 | 0.5s
epoch 7346 | loss 8.3733 | lr 2.55e-05 | 0.4s
epoch 7347 | loss 8.3964 | lr 2.54e-05 | 0.4s
epoch 7348 | loss 8.3387 | lr 2.54e-05 | 0.5s
epoch 7349 | loss 8.3486 | lr 2.53e-05 | 0.4s
epoch 7350 | loss 8.3780 | lr 2.52e-05 | 0.4s
epoch 7351 | loss 8.3447 | lr 2.51e-05 | 0.4s
epoch 7352 | loss 8.3812 | lr 2.50e-05 | 0.4s
epoch 7353 | loss 8.3754 | lr 2.50e-05 | 0.4s
epoch 7354 | loss 8.3497 | lr 2.49e-05 | 0.4s
epoch 7355 | loss 8.3742 | lr 2.48e-05 | 0.4s
epoch 7356 | loss 8.3751 | lr 2.47e-05 | 0.4s
epoch 7357 | loss 8.3500 | lr 2.47e-05 | 0.4s
epoch 7358 | loss 8.3545 | lr 2.46e-05 | 0.4s
epoch 7359 | loss 8.3463 | lr 2.45e-05 | 0.4s
epoch 7360 | loss 8.3571 | lr 2.44e-05 | 0.4s
epoch 7361 | loss 8.3292 | lr 2.44e-05 | 0.5s
epoch 7362 | loss 8.3585 | lr 2.43e-05 | 0.4s
epoch 7363 | loss 8.3589 | lr 2.42e-05 | 0.4s
epoch 7364 | loss 8.4054 | lr 2.41e-05 | 0.4s
epoch 7365 | loss 8.3843 | lr 2.41e-05 | 0.4s
epoch 7366 | loss 8.3386 | lr 2.40e-05 | 0.5s
epoch 7367 | loss 8.3522 | lr 2.39e-05 | 0.4s
epoch 7368 | loss 8.3925 | lr 2.38e-05 | 0.4s
epoch 7369 | loss 8.3367 | lr 2.37e-05 | 0.4s
epoch 7370 | loss 8.3345 | lr 2.37e-05 | 0.4s
epoch 7371 | loss 8.3439 | lr 2.36e-05 | 0.4s
epoch 7372 | loss 8.3913 | lr 2.35e-05 | 0.5s
epoch 7373 | loss 8.3306 | lr 2.35e-05 | 0.5s
epoch 7374 | loss 8.3699 | lr 2.34e-05 | 0.4s
epoch 7375 | loss 8.3185 | lr 2.33e-05 | 0.5s
epoch 7376 | loss 8.3412 | lr 2.32e-05 | 0.5s
epoch 7377 | loss 8.3330 | lr 2.32e-05 | 0.4s
epoch 7378 | loss 8.3365 | lr 2.31e-05 | 0.4s
epoch 7379 | loss 8.4007 | lr 2.30e-05 | 0.4s
epoch 7380 | loss 8.3795 | lr 2.29e-05 | 0.4s
epoch 7381 | loss 8.3797 | lr 2.29e-05 | 0.4s
epoch 7382 | loss 8.3776 | lr 2.28e-05 | 0.4s
epoch 7383 | loss 8.3745 | lr 2.27e-05 | 0.4s
epoch 7384 | loss 8.3652 | lr 2.26e-05 | 0.4s
epoch 7385 | loss 8.3445 | lr 2.26e-05 | 0.4s
epoch 7386 | loss 8.3291 | lr 2.25e-05 | 0.4s
epoch 7387 | loss 8.3150 | lr 2.24e-05 | 0.4s
epoch 7388 | loss 8.3464 | lr 2.23e-05 | 0.4s
epoch 7389 | loss 8.3758 | lr 2.23e-05 | 0.4s
epoch 7390 | loss 8.3571 | lr 2.22e-05 | 0.4s
epoch 7391 | loss 8.3661 | lr 2.21e-05 | 0.4s
epoch 7392 | loss 8.3292 | lr 2.21e-05 | 0.4s
epoch 7393 | loss 8.3510 | lr 2.20e-05 | 0.4s
epoch 7394 | loss 8.3432 | lr 2.19e-05 | 0.4s
epoch 7395 | loss 8.3398 | lr 2.18e-05 | 0.4s
epoch 7396 | loss 8.3733 | lr 2.18e-05 | 0.4s
epoch 7397 | loss 8.3624 | lr 2.17e-05 | 0.4s
epoch 7398 | loss 8.3536 | lr 2.16e-05 | 0.4s
epoch 7399 | loss 8.3267 | lr 2.16e-05 | 0.4s
epoch 7400 | loss 8.3932 | lr 2.15e-05 | 0.4s
epoch 7401 | loss 8.3825 | lr 2.14e-05 | 0.5s
epoch 7402 | loss 8.3217 | lr 2.13e-05 | 0.4s
epoch 7403 | loss 8.3440 | lr 2.13e-05 | 0.4s
epoch 7404 | loss 8.4054 | lr 2.12e-05 | 0.4s
epoch 7405 | loss 8.3587 | lr 2.11e-05 | 0.4s
epoch 7406 | loss 8.3375 | lr 2.11e-05 | 0.4s
epoch 7407 | loss 8.3807 | lr 2.10e-05 | 0.4s
epoch 7408 | loss 8.3495 | lr 2.09e-05 | 0.4s
epoch 7409 | loss 8.4092 | lr 2.08e-05 | 0.4s
epoch 7410 | loss 8.3578 | lr 2.08e-05 | 0.5s
epoch 7411 | loss 8.3370 | lr 2.07e-05 | 0.4s
epoch 7412 | loss 8.3910 | lr 2.06e-05 | 0.5s
epoch 7413 | loss 8.4156 | lr 2.06e-05 | 0.4s
epoch 7414 | loss 8.3809 | lr 2.05e-05 | 0.4s
epoch 7415 | loss 8.2832 | lr 2.04e-05 | 0.4s
epoch 7416 | loss 8.3358 | lr 2.04e-05 | 0.5s
epoch 7417 | loss 8.3505 | lr 2.03e-05 | 0.4s
epoch 7418 | loss 8.3197 | lr 2.02e-05 | 0.5s
epoch 7419 | loss 8.3231 | lr 2.01e-05 | 0.4s
epoch 7420 | loss 8.3383 | lr 2.01e-05 | 0.4s
epoch 7421 | loss 8.3797 | lr 2.00e-05 | 0.5s
epoch 7422 | loss 8.3600 | lr 1.99e-05 | 0.4s
epoch 7423 | loss 8.3101 | lr 1.99e-05 | 0.4s
epoch 7424 | loss 8.3740 | lr 1.98e-05 | 0.5s
epoch 7425 | loss 8.3707 | lr 1.97e-05 | 0.4s
epoch 7426 | loss 8.3787 | lr 1.97e-05 | 0.4s
epoch 7427 | loss 8.3291 | lr 1.96e-05 | 0.5s
epoch 7428 | loss 8.3677 | lr 1.95e-05 | 0.4s
epoch 7429 | loss 8.3684 | lr 1.95e-05 | 0.4s
epoch 7430 | loss 8.3746 | lr 1.94e-05 | 0.4s
epoch 7431 | loss 8.3466 | lr 1.93e-05 | 0.4s
epoch 7432 | loss 8.3881 | lr 1.93e-05 | 0.4s
epoch 7433 | loss 8.3601 | lr 1.92e-05 | 0.4s
epoch 7434 | loss 8.3942 | lr 1.91e-05 | 0.4s
epoch 7435 | loss 8.3756 | lr 1.91e-05 | 0.4s
epoch 7436 | loss 8.3742 | lr 1.90e-05 | 0.5s
epoch 7437 | loss 8.3489 | lr 1.89e-05 | 0.4s
epoch 7438 | loss 8.3608 | lr 1.89e-05 | 0.4s
epoch 7439 | loss 8.3990 | lr 1.88e-05 | 0.4s
epoch 7440 | loss 8.3248 | lr 1.87e-05 | 0.5s
epoch 7441 | loss 8.3746 | lr 1.87e-05 | 0.4s
epoch 7442 | loss 8.3573 | lr 1.86e-05 | 0.4s
epoch 7443 | loss 8.3699 | lr 1.85e-05 | 0.4s
epoch 7444 | loss 8.3824 | lr 1.85e-05 | 0.4s
epoch 7445 | loss 8.3627 | lr 1.84e-05 | 0.4s
epoch 7446 | loss 8.3008 | lr 1.83e-05 | 0.4s
epoch 7447 | loss 8.2914 | lr 1.83e-05 | 0.4s
epoch 7448 | loss 8.3922 | lr 1.82e-05 | 0.4s
epoch 7449 | loss 8.3639 | lr 1.81e-05 | 0.4s
epoch 7450 | loss 8.3189 | lr 1.81e-05 | 0.4s
epoch 7451 | loss 8.3029 | lr 1.80e-05 | 0.4s
epoch 7452 | loss 8.3671 | lr 1.79e-05 | 0.4s
epoch 7453 | loss 8.3271 | lr 1.79e-05 | 0.4s
epoch 7454 | loss 8.3938 | lr 1.78e-05 | 0.4s
epoch 7455 | loss 8.3358 | lr 1.77e-05 | 0.4s
epoch 7456 | loss 8.3445 | lr 1.77e-05 | 0.5s
epoch 7457 | loss 8.3328 | lr 1.76e-05 | 0.4s
epoch 7458 | loss 8.3712 | lr 1.75e-05 | 0.5s
epoch 7459 | loss 8.3777 | lr 1.75e-05 | 0.5s
epoch 7460 | loss 8.3402 | lr 1.74e-05 | 0.4s
epoch 7461 | loss 8.3573 | lr 1.73e-05 | 0.4s
epoch 7462 | loss 8.3144 | lr 1.73e-05 | 0.5s
epoch 7463 | loss 8.3578 | lr 1.72e-05 | 0.4s
epoch 7464 | loss 8.3597 | lr 1.72e-05 | 0.4s
epoch 7465 | loss 8.3557 | lr 1.71e-05 | 0.4s
epoch 7466 | loss 8.3493 | lr 1.70e-05 | 0.5s
epoch 7467 | loss 8.4093 | lr 1.70e-05 | 0.4s
epoch 7468 | loss 8.3145 | lr 1.69e-05 | 0.4s
epoch 7469 | loss 8.3714 | lr 1.68e-05 | 0.4s
epoch 7470 | loss 8.3601 | lr 1.68e-05 | 0.4s
epoch 7471 | loss 8.3092 | lr 1.67e-05 | 0.4s
epoch 7472 | loss 8.3722 | lr 1.66e-05 | 0.5s
epoch 7473 | loss 8.3369 | lr 1.66e-05 | 0.4s
epoch 7474 | loss 8.3413 | lr 1.65e-05 | 0.4s
epoch 7475 | loss 8.3211 | lr 1.65e-05 | 0.4s
epoch 7476 | loss 8.2770 | lr 1.64e-05 | 0.5s
epoch 7477 | loss 8.3761 | lr 1.63e-05 | 0.4s
epoch 7478 | loss 8.3931 | lr 1.63e-05 | 0.4s
epoch 7479 | loss 8.3346 | lr 1.62e-05 | 0.5s
epoch 7480 | loss 8.3880 | lr 1.61e-05 | 0.4s
epoch 7481 | loss 8.3422 | lr 1.61e-05 | 0.4s
epoch 7482 | loss 8.3842 | lr 1.60e-05 | 0.4s
epoch 7483 | loss 8.3527 | lr 1.60e-05 | 0.4s
epoch 7484 | loss 8.3408 | lr 1.59e-05 | 0.4s
epoch 7485 | loss 8.3472 | lr 1.58e-05 | 0.4s
epoch 7486 | loss 8.3845 | lr 1.58e-05 | 0.4s
epoch 7487 | loss 8.3454 | lr 1.57e-05 | 0.4s
epoch 7488 | loss 8.3431 | lr 1.57e-05 | 0.4s
epoch 7489 | loss 8.3557 | lr 1.56e-05 | 0.5s
epoch 7490 | loss 8.3909 | lr 1.55e-05 | 0.4s
epoch 7491 | loss 8.3726 | lr 1.55e-05 | 0.4s
epoch 7492 | loss 8.3707 | lr 1.54e-05 | 0.4s
epoch 7493 | loss 8.3768 | lr 1.53e-05 | 0.4s
epoch 7494 | loss 8.3062 | lr 1.53e-05 | 0.5s
epoch 7495 | loss 8.3055 | lr 1.52e-05 | 0.4s
epoch 7496 | loss 8.3247 | lr 1.52e-05 | 0.4s
epoch 7497 | loss 8.3104 | lr 1.51e-05 | 0.5s
epoch 7498 | loss 8.3653 | lr 1.50e-05 | 0.5s
epoch 7499 | loss 8.3540 | lr 1.50e-05 | 0.4s
epoch 7500 | loss 8.3569 | lr 1.49e-05 | 0.4s
epoch 7501 | loss 8.3372 | lr 1.49e-05 | 0.4s
epoch 7502 | loss 8.3308 | lr 1.48e-05 | 0.5s
epoch 7503 | loss 8.2991 | lr 1.47e-05 | 0.4s
epoch 7504 | loss 8.3872 | lr 1.47e-05 | 0.4s
epoch 7505 | loss 8.3202 | lr 1.46e-05 | 0.4s
epoch 7506 | loss 8.3953 | lr 1.46e-05 | 0.5s
epoch 7507 | loss 8.3314 | lr 1.45e-05 | 0.5s
epoch 7508 | loss 8.3217 | lr 1.45e-05 | 0.4s
epoch 7509 | loss 8.4021 | lr 1.44e-05 | 0.4s
epoch 7510 | loss 8.3554 | lr 1.43e-05 | 0.4s
epoch 7511 | loss 8.4001 | lr 1.43e-05 | 0.5s
epoch 7512 | loss 8.3564 | lr 1.42e-05 | 0.4s
epoch 7513 | loss 8.3364 | lr 1.42e-05 | 0.5s
epoch 7514 | loss 8.3601 | lr 1.41e-05 | 0.4s
epoch 7515 | loss 8.3786 | lr 1.40e-05 | 0.4s
epoch 7516 | loss 8.3786 | lr 1.40e-05 | 0.5s
epoch 7517 | loss 8.3812 | lr 1.39e-05 | 0.4s
epoch 7518 | loss 8.3617 | lr 1.39e-05 | 0.5s
epoch 7519 | loss 8.3974 | lr 1.38e-05 | 0.4s
epoch 7520 | loss 8.3283 | lr 1.38e-05 | 0.4s
epoch 7521 | loss 8.3684 | lr 1.37e-05 | 0.4s
epoch 7522 | loss 8.3939 | lr 1.36e-05 | 0.4s
epoch 7523 | loss 8.3137 | lr 1.36e-05 | 0.5s
epoch 7524 | loss 8.3678 | lr 1.35e-05 | 0.4s
epoch 7525 | loss 8.3669 | lr 1.35e-05 | 0.5s
epoch 7526 | loss 8.3732 | lr 1.34e-05 | 0.4s
epoch 7527 | loss 8.3550 | lr 1.34e-05 | 0.4s
epoch 7528 | loss 8.3546 | lr 1.33e-05 | 0.4s
epoch 7529 | loss 8.3843 | lr 1.32e-05 | 0.4s
epoch 7530 | loss 8.3663 | lr 1.32e-05 | 0.4s
epoch 7531 | loss 8.3766 | lr 1.31e-05 | 0.4s
epoch 7532 | loss 8.3758 | lr 1.31e-05 | 0.4s
epoch 7533 | loss 8.3059 | lr 1.30e-05 | 0.4s
epoch 7534 | loss 8.3560 | lr 1.30e-05 | 0.4s
epoch 7535 | loss 8.3554 | lr 1.29e-05 | 0.4s
epoch 7536 | loss 8.3172 | lr 1.29e-05 | 0.4s
epoch 7537 | loss 8.3462 | lr 1.28e-05 | 0.4s
epoch 7538 | loss 8.3311 | lr 1.27e-05 | 0.4s
epoch 7539 | loss 8.3417 | lr 1.27e-05 | 0.5s
epoch 7540 | loss 8.3506 | lr 1.26e-05 | 0.4s
epoch 7541 | loss 8.3542 | lr 1.26e-05 | 0.4s
epoch 7542 | loss 8.3770 | lr 1.25e-05 | 0.4s
epoch 7543 | loss 8.3302 | lr 1.25e-05 | 0.4s
epoch 7544 | loss 8.3209 | lr 1.24e-05 | 0.4s
epoch 7545 | loss 8.3696 | lr 1.24e-05 | 0.4s
epoch 7546 | loss 8.3807 | lr 1.23e-05 | 0.4s
epoch 7547 | loss 8.3169 | lr 1.23e-05 | 0.4s
epoch 7548 | loss 8.3468 | lr 1.22e-05 | 0.4s
epoch 7549 | loss 8.3545 | lr 1.21e-05 | 0.4s
epoch 7550 | loss 8.3833 | lr 1.21e-05 | 0.5s
epoch 7551 | loss 8.3294 | lr 1.20e-05 | 0.5s
epoch 7552 | loss 8.3335 | lr 1.20e-05 | 0.4s
epoch 7553 | loss 8.3314 | lr 1.19e-05 | 0.4s
epoch 7554 | loss 8.3729 | lr 1.19e-05 | 0.4s
epoch 7555 | loss 8.3548 | lr 1.18e-05 | 0.4s
epoch 7556 | loss 8.4090 | lr 1.18e-05 | 0.4s
epoch 7557 | loss 8.3218 | lr 1.17e-05 | 0.4s
epoch 7558 | loss 8.3489 | lr 1.17e-05 | 0.4s
epoch 7559 | loss 8.3836 | lr 1.16e-05 | 0.4s
epoch 7560 | loss 8.3934 | lr 1.16e-05 | 0.4s
epoch 7561 | loss 8.3683 | lr 1.15e-05 | 0.4s
epoch 7562 | loss 8.3175 | lr 1.15e-05 | 0.5s
epoch 7563 | loss 8.3801 | lr 1.14e-05 | 0.4s
epoch 7564 | loss 8.3998 | lr 1.14e-05 | 0.4s
epoch 7565 | loss 8.3462 | lr 1.13e-05 | 0.4s
epoch 7566 | loss 8.3379 | lr 1.12e-05 | 0.4s
epoch 7567 | loss 8.3821 | lr 1.12e-05 | 0.4s
epoch 7568 | loss 8.3271 | lr 1.11e-05 | 0.4s
epoch 7569 | loss 8.3708 | lr 1.11e-05 | 0.4s
epoch 7570 | loss 8.3109 | lr 1.10e-05 | 0.4s
epoch 7571 | loss 8.2983 | lr 1.10e-05 | 0.4s
epoch 7572 | loss 8.3985 | lr 1.09e-05 | 0.5s
epoch 7573 | loss 8.3781 | lr 1.09e-05 | 0.4s
epoch 7574 | loss 8.3840 | lr 1.08e-05 | 0.5s
epoch 7575 | loss 8.3566 | lr 1.08e-05 | 0.4s
epoch 7576 | loss 8.3801 | lr 1.07e-05 | 0.4s
epoch 7577 | loss 8.3744 | lr 1.07e-05 | 0.4s
epoch 7578 | loss 8.3725 | lr 1.06e-05 | 0.4s
epoch 7579 | loss 8.3669 | lr 1.06e-05 | 0.4s
epoch 7580 | loss 8.3263 | lr 1.05e-05 | 0.4s
epoch 7581 | loss 8.3472 | lr 1.05e-05 | 0.4s
epoch 7582 | loss 8.3461 | lr 1.04e-05 | 0.4s
epoch 7583 | loss 8.3479 | lr 1.04e-05 | 0.4s
epoch 7584 | loss 8.3403 | lr 1.03e-05 | 0.4s
epoch 7585 | loss 8.3556 | lr 1.03e-05 | 0.4s
epoch 7586 | loss 8.3633 | lr 1.02e-05 | 0.4s
epoch 7587 | loss 8.3737 | lr 1.02e-05 | 0.5s
epoch 7588 | loss 8.3909 | lr 1.01e-05 | 0.4s
epoch 7589 | loss 8.3755 | lr 1.01e-05 | 0.4s
epoch 7590 | loss 8.3538 | lr 1.00e-05 | 0.4s
epoch 7591 | loss 8.3686 | lr 9.99e-06 | 0.4s
epoch 7592 | loss 8.3776 | lr 9.94e-06 | 0.4s
epoch 7593 | loss 8.3820 | lr 9.89e-06 | 0.4s
epoch 7594 | loss 8.3594 | lr 9.84e-06 | 0.5s
epoch 7595 | loss 8.3688 | lr 9.80e-06 | 0.4s
epoch 7596 | loss 8.3743 | lr 9.75e-06 | 0.4s
epoch 7597 | loss 8.3202 | lr 9.70e-06 | 0.5s
epoch 7598 | loss 8.3824 | lr 9.65e-06 | 0.4s
epoch 7599 | loss 8.3934 | lr 9.60e-06 | 0.4s
epoch 7600 | loss 8.3374 | lr 9.56e-06 | 0.4s
epoch 7601 | loss 8.3604 | lr 9.51e-06 | 0.4s
epoch 7602 | loss 8.3471 | lr 9.46e-06 | 0.4s
epoch 7603 | loss 8.3520 | lr 9.41e-06 | 0.4s
epoch 7604 | loss 8.4008 | lr 9.36e-06 | 0.4s
epoch 7605 | loss 8.3828 | lr 9.32e-06 | 0.4s
epoch 7606 | loss 8.3422 | lr 9.27e-06 | 0.5s
epoch 7607 | loss 8.3365 | lr 9.22e-06 | 0.5s
epoch 7608 | loss 8.3479 | lr 9.18e-06 | 0.4s
epoch 7609 | loss 8.3636 | lr 9.13e-06 | 0.4s
epoch 7610 | loss 8.3568 | lr 9.08e-06 | 0.4s
epoch 7611 | loss 8.3587 | lr 9.04e-06 | 0.4s
epoch 7612 | loss 8.3014 | lr 8.99e-06 | 0.4s
epoch 7613 | loss 8.2752 | lr 8.94e-06 | 0.4s
epoch 7614 | loss 8.3508 | lr 8.90e-06 | 0.4s
epoch 7615 | loss 8.3140 | lr 8.85e-06 | 0.4s
epoch 7616 | loss 8.3517 | lr 8.81e-06 | 0.4s
epoch 7617 | loss 8.3641 | lr 8.76e-06 | 0.4s
epoch 7618 | loss 8.3656 | lr 8.71e-06 | 0.4s
epoch 7619 | loss 8.3479 | lr 8.67e-06 | 0.4s
epoch 7620 | loss 8.3855 | lr 8.62e-06 | 0.4s
epoch 7621 | loss 8.3496 | lr 8.58e-06 | 0.5s
epoch 7622 | loss 8.3544 | lr 8.53e-06 | 0.4s
epoch 7623 | loss 8.3546 | lr 8.49e-06 | 0.4s
epoch 7624 | loss 8.3871 | lr 8.44e-06 | 0.5s
epoch 7625 | loss 8.3521 | lr 8.40e-06 | 0.4s
epoch 7626 | loss 8.3680 | lr 8.35e-06 | 0.4s
epoch 7627 | loss 8.3719 | lr 8.31e-06 | 0.5s
epoch 7628 | loss 8.3667 | lr 8.26e-06 | 0.4s
epoch 7629 | loss 8.3359 | lr 8.22e-06 | 0.5s
epoch 7630 | loss 8.3448 | lr 8.17e-06 | 0.4s
epoch 7631 | loss 8.3481 | lr 8.13e-06 | 0.4s
epoch 7632 | loss 8.3511 | lr 8.09e-06 | 0.5s
epoch 7633 | loss 8.3455 | lr 8.04e-06 | 0.4s
epoch 7634 | loss 8.3617 | lr 8.00e-06 | 0.4s
epoch 7635 | loss 8.3983 | lr 7.96e-06 | 0.4s
epoch 7636 | loss 8.3976 | lr 7.91e-06 | 0.4s
epoch 7637 | loss 8.3777 | lr 7.87e-06 | 0.4s
epoch 7638 | loss 8.3462 | lr 7.82e-06 | 0.5s
epoch 7639 | loss 8.4109 | lr 7.78e-06 | 0.4s
epoch 7640 | loss 8.3221 | lr 7.74e-06 | 0.4s
epoch 7641 | loss 8.3651 | lr 7.70e-06 | 0.4s
epoch 7642 | loss 8.4098 | lr 7.65e-06 | 0.4s
epoch 7643 | loss 8.3612 | lr 7.61e-06 | 0.4s
epoch 7644 | loss 8.3580 | lr 7.57e-06 | 0.4s
epoch 7645 | loss 8.3771 | lr 7.52e-06 | 0.4s
epoch 7646 | loss 8.3412 | lr 7.48e-06 | 0.4s
epoch 7647 | loss 8.3664 | lr 7.44e-06 | 0.4s
epoch 7648 | loss 8.3383 | lr 7.40e-06 | 0.4s
epoch 7649 | loss 8.4139 | lr 7.36e-06 | 0.4s
epoch 7650 | loss 8.3767 | lr 7.31e-06 | 0.4s
epoch 7651 | loss 8.3722 | lr 7.27e-06 | 0.4s
epoch 7652 | loss 8.3930 | lr 7.23e-06 | 0.4s
epoch 7653 | loss 8.3548 | lr 7.19e-06 | 0.4s
epoch 7654 | loss 8.3660 | lr 7.15e-06 | 0.4s
epoch 7655 | loss 8.3367 | lr 7.11e-06 | 0.4s
epoch 7656 | loss 8.3540 | lr 7.07e-06 | 0.4s
epoch 7657 | loss 8.3496 | lr 7.02e-06 | 0.4s
epoch 7658 | loss 8.3534 | lr 6.98e-06 | 0.4s
epoch 7659 | loss 8.3681 | lr 6.94e-06 | 0.5s
epoch 7660 | loss 8.3343 | lr 6.90e-06 | 0.4s
epoch 7661 | loss 8.3533 | lr 6.86e-06 | 0.5s
epoch 7662 | loss 8.3758 | lr 6.82e-06 | 0.4s
epoch 7663 | loss 8.3670 | lr 6.78e-06 | 0.4s
epoch 7664 | loss 8.3456 | lr 6.74e-06 | 0.5s
epoch 7665 | loss 8.3348 | lr 6.70e-06 | 0.4s
epoch 7666 | loss 8.3394 | lr 6.66e-06 | 0.5s
epoch 7667 | loss 8.3346 | lr 6.62e-06 | 0.4s
epoch 7668 | loss 8.4023 | lr 6.58e-06 | 0.4s
epoch 7669 | loss 8.3413 | lr 6.54e-06 | 0.4s
epoch 7670 | loss 8.3855 | lr 6.50e-06 | 0.5s
epoch 7671 | loss 8.3182 | lr 6.46e-06 | 0.4s
epoch 7672 | loss 8.3339 | lr 6.42e-06 | 0.5s
epoch 7673 | loss 8.3432 | lr 6.38e-06 | 0.4s
epoch 7674 | loss 8.3841 | lr 6.34e-06 | 0.5s
epoch 7675 | loss 8.3424 | lr 6.31e-06 | 0.4s
epoch 7676 | loss 8.3535 | lr 6.27e-06 | 0.4s
epoch 7677 | loss 8.3964 | lr 6.23e-06 | 0.5s
epoch 7678 | loss 8.3292 | lr 6.19e-06 | 0.4s
epoch 7679 | loss 8.3839 | lr 6.15e-06 | 0.4s
epoch 7680 | loss 8.3479 | lr 6.11e-06 | 0.4s
epoch 7681 | loss 8.3341 | lr 6.07e-06 | 0.5s
epoch 7682 | loss 8.3249 | lr 6.04e-06 | 0.4s
epoch 7683 | loss 8.3420 | lr 6.00e-06 | 0.4s
epoch 7684 | loss 8.3757 | lr 5.96e-06 | 0.4s
epoch 7685 | loss 8.3049 | lr 5.92e-06 | 0.4s
epoch 7686 | loss 8.3352 | lr 5.88e-06 | 0.4s
epoch 7687 | loss 8.3290 | lr 5.85e-06 | 0.4s
epoch 7688 | loss 8.3617 | lr 5.81e-06 | 0.4s
epoch 7689 | loss 8.3751 | lr 5.77e-06 | 0.4s
epoch 7690 | loss 8.3543 | lr 5.74e-06 | 0.4s
epoch 7691 | loss 8.3492 | lr 5.70e-06 | 0.4s
epoch 7692 | loss 8.3068 | lr 5.66e-06 | 0.4s
epoch 7693 | loss 8.3482 | lr 5.62e-06 | 0.4s
epoch 7694 | loss 8.3846 | lr 5.59e-06 | 0.4s
epoch 7695 | loss 8.3183 | lr 5.55e-06 | 0.4s
epoch 7696 | loss 8.3897 | lr 5.52e-06 | 0.4s
epoch 7697 | loss 8.3717 | lr 5.48e-06 | 0.4s
epoch 7698 | loss 8.3431 | lr 5.44e-06 | 0.4s
epoch 7699 | loss 8.3661 | lr 5.41e-06 | 0.4s
epoch 7700 | loss 8.3390 | lr 5.37e-06 | 0.4s
epoch 7701 | loss 8.3582 | lr 5.33e-06 | 0.5s
epoch 7702 | loss 8.3159 | lr 5.30e-06 | 0.4s
epoch 7703 | loss 8.3448 | lr 5.26e-06 | 0.4s
epoch 7704 | loss 8.4350 | lr 5.23e-06 | 0.4s
epoch 7705 | loss 8.3572 | lr 5.19e-06 | 0.4s
epoch 7706 | loss 8.3650 | lr 5.16e-06 | 0.4s
epoch 7707 | loss 8.3854 | lr 5.12e-06 | 0.5s
epoch 7708 | loss 8.3839 | lr 5.09e-06 | 0.4s
epoch 7709 | loss 8.4050 | lr 5.05e-06 | 0.4s
epoch 7710 | loss 8.3934 | lr 5.02e-06 | 0.4s
epoch 7711 | loss 8.3570 | lr 4.98e-06 | 0.4s
epoch 7712 | loss 8.3422 | lr 4.95e-06 | 0.5s
epoch 7713 | loss 8.3261 | lr 4.91e-06 | 0.4s
epoch 7714 | loss 8.3387 | lr 4.88e-06 | 0.4s
epoch 7715 | loss 8.3514 | lr 4.85e-06 | 0.5s
epoch 7716 | loss 8.3504 | lr 4.81e-06 | 0.4s
epoch 7717 | loss 8.3813 | lr 4.78e-06 | 0.4s
epoch 7718 | loss 8.3482 | lr 4.74e-06 | 0.4s
epoch 7719 | loss 8.3958 | lr 4.71e-06 | 0.4s
epoch 7720 | loss 8.3560 | lr 4.68e-06 | 0.4s
epoch 7721 | loss 8.3168 | lr 4.64e-06 | 0.4s
epoch 7722 | loss 8.3438 | lr 4.61e-06 | 0.4s
epoch 7723 | loss 8.3618 | lr 4.58e-06 | 0.5s
epoch 7724 | loss 8.3700 | lr 4.54e-06 | 0.4s
epoch 7725 | loss 8.3611 | lr 4.51e-06 | 0.4s
epoch 7726 | loss 8.4038 | lr 4.48e-06 | 0.4s
epoch 7727 | loss 8.3698 | lr 4.45e-06 | 0.5s
epoch 7728 | loss 8.3737 | lr 4.41e-06 | 0.4s
epoch 7729 | loss 8.4099 | lr 4.38e-06 | 0.4s
epoch 7730 | loss 8.3492 | lr 4.35e-06 | 0.4s
epoch 7731 | loss 8.3574 | lr 4.32e-06 | 0.5s
epoch 7732 | loss 8.3421 | lr 4.28e-06 | 0.4s
epoch 7733 | loss 8.3155 | lr 4.25e-06 | 0.4s
epoch 7734 | loss 8.4040 | lr 4.22e-06 | 0.4s
epoch 7735 | loss 8.3364 | lr 4.19e-06 | 0.4s
epoch 7736 | loss 8.3291 | lr 4.16e-06 | 0.4s
epoch 7737 | loss 8.3454 | lr 4.12e-06 | 0.4s
epoch 7738 | loss 8.3897 | lr 4.09e-06 | 0.5s
epoch 7739 | loss 8.3971 | lr 4.06e-06 | 0.4s
epoch 7740 | loss 8.3206 | lr 4.03e-06 | 0.4s
epoch 7741 | loss 8.3877 | lr 4.00e-06 | 0.5s
epoch 7742 | loss 8.3313 | lr 3.97e-06 | 0.4s
epoch 7743 | loss 8.3625 | lr 3.94e-06 | 0.4s
epoch 7744 | loss 8.3362 | lr 3.91e-06 | 0.4s
epoch 7745 | loss 8.3543 | lr 3.88e-06 | 0.4s
epoch 7746 | loss 8.3501 | lr 3.85e-06 | 0.5s
epoch 7747 | loss 8.3688 | lr 3.82e-06 | 0.4s
epoch 7748 | loss 8.3787 | lr 3.79e-06 | 0.4s
epoch 7749 | loss 8.3647 | lr 3.76e-06 | 0.4s
epoch 7750 | loss 8.3964 | lr 3.73e-06 | 0.4s
epoch 7751 | loss 8.3355 | lr 3.70e-06 | 0.4s
epoch 7752 | loss 8.3841 | lr 3.67e-06 | 0.5s
epoch 7753 | loss 8.3381 | lr 3.64e-06 | 0.4s
epoch 7754 | loss 8.3333 | lr 3.61e-06 | 0.4s
epoch 7755 | loss 8.3373 | lr 3.58e-06 | 0.4s
epoch 7756 | loss 8.4103 | lr 3.55e-06 | 0.4s
epoch 7757 | loss 8.3240 | lr 3.52e-06 | 0.4s
epoch 7758 | loss 8.3331 | lr 3.49e-06 | 0.4s
epoch 7759 | loss 8.3734 | lr 3.46e-06 | 0.5s
epoch 7760 | loss 8.3682 | lr 3.43e-06 | 0.4s
epoch 7761 | loss 8.3331 | lr 3.40e-06 | 0.5s
epoch 7762 | loss 8.3545 | lr 3.38e-06 | 0.4s
epoch 7763 | loss 8.3617 | lr 3.35e-06 | 0.4s
epoch 7764 | loss 8.3619 | lr 3.32e-06 | 0.4s
epoch 7765 | loss 8.3507 | lr 3.29e-06 | 0.5s
epoch 7766 | loss 8.3773 | lr 3.26e-06 | 0.4s
epoch 7767 | loss 8.3768 | lr 3.23e-06 | 0.4s
epoch 7768 | loss 8.3437 | lr 3.21e-06 | 0.4s
epoch 7769 | loss 8.3469 | lr 3.18e-06 | 0.4s
epoch 7770 | loss 8.3187 | lr 3.15e-06 | 0.4s
epoch 7771 | loss 8.3551 | lr 3.12e-06 | 0.4s
epoch 7772 | loss 8.3889 | lr 3.10e-06 | 0.4s
epoch 7773 | loss 8.3926 | lr 3.07e-06 | 0.4s
epoch 7774 | loss 8.3131 | lr 3.04e-06 | 0.4s
epoch 7775 | loss 8.4069 | lr 3.02e-06 | 0.5s
epoch 7776 | loss 8.3170 | lr 2.99e-06 | 0.5s
epoch 7777 | loss 8.3813 | lr 2.96e-06 | 0.4s
epoch 7778 | loss 8.3431 | lr 2.94e-06 | 0.5s
epoch 7779 | loss 8.3257 | lr 2.91e-06 | 0.4s
epoch 7780 | loss 8.3895 | lr 2.88e-06 | 0.4s
epoch 7781 | loss 8.3545 | lr 2.86e-06 | 0.4s
epoch 7782 | loss 8.3592 | lr 2.83e-06 | 0.5s
epoch 7783 | loss 8.3538 | lr 2.80e-06 | 0.4s
epoch 7784 | loss 8.3708 | lr 2.78e-06 | 0.4s
epoch 7785 | loss 8.3930 | lr 2.75e-06 | 0.4s
epoch 7786 | loss 8.3493 | lr 2.73e-06 | 0.4s
epoch 7787 | loss 8.3377 | lr 2.70e-06 | 0.5s
epoch 7788 | loss 8.3844 | lr 2.68e-06 | 0.4s
epoch 7789 | loss 8.3868 | lr 2.65e-06 | 0.4s
epoch 7790 | loss 8.3452 | lr 2.63e-06 | 0.4s
epoch 7791 | loss 8.3356 | lr 2.60e-06 | 0.4s
epoch 7792 | loss 8.3421 | lr 2.58e-06 | 0.4s
epoch 7793 | loss 8.3376 | lr 2.55e-06 | 0.4s
epoch 7794 | loss 8.3632 | lr 2.53e-06 | 0.4s
epoch 7795 | loss 8.3558 | lr 2.50e-06 | 0.4s
epoch 7796 | loss 8.3659 | lr 2.48e-06 | 0.5s
epoch 7797 | loss 8.3311 | lr 2.45e-06 | 0.5s
epoch 7798 | loss 8.4268 | lr 2.43e-06 | 0.4s
epoch 7799 | loss 8.4410 | lr 2.40e-06 | 0.4s
epoch 7800 | loss 8.3610 | lr 2.38e-06 | 0.4s
epoch 7801 | loss 8.3950 | lr 2.36e-06 | 0.4s
epoch 7802 | loss 8.3279 | lr 2.33e-06 | 0.5s
epoch 7803 | loss 8.3982 | lr 2.31e-06 | 0.4s
epoch 7804 | loss 8.3820 | lr 2.29e-06 | 0.4s
epoch 7805 | loss 8.3374 | lr 2.26e-06 | 0.4s
epoch 7806 | loss 8.3733 | lr 2.24e-06 | 0.4s
epoch 7807 | loss 8.3484 | lr 2.22e-06 | 0.5s
epoch 7808 | loss 8.3714 | lr 2.19e-06 | 0.4s
epoch 7809 | loss 8.3543 | lr 2.17e-06 | 0.4s
epoch 7810 | loss 8.3552 | lr 2.15e-06 | 0.4s
epoch 7811 | loss 8.3297 | lr 2.12e-06 | 0.4s
epoch 7812 | loss 8.3390 | lr 2.10e-06 | 0.5s
epoch 7813 | loss 8.3525 | lr 2.08e-06 | 0.4s
epoch 7814 | loss 8.3710 | lr 2.06e-06 | 0.4s
epoch 7815 | loss 8.3736 | lr 2.04e-06 | 0.5s
epoch 7816 | loss 8.4103 | lr 2.01e-06 | 0.5s
epoch 7817 | loss 8.3600 | lr 1.99e-06 | 0.4s
epoch 7818 | loss 8.3831 | lr 1.97e-06 | 0.4s
epoch 7819 | loss 8.3590 | lr 1.95e-06 | 0.5s
epoch 7820 | loss 8.3689 | lr 1.93e-06 | 0.4s
epoch 7821 | loss 8.4199 | lr 1.90e-06 | 0.4s
epoch 7822 | loss 8.3655 | lr 1.88e-06 | 0.4s
epoch 7823 | loss 8.3541 | lr 1.86e-06 | 0.4s
epoch 7824 | loss 8.3632 | lr 1.84e-06 | 0.4s
epoch 7825 | loss 8.3529 | lr 1.82e-06 | 0.4s
epoch 7826 | loss 8.3275 | lr 1.80e-06 | 0.4s
epoch 7827 | loss 8.3872 | lr 1.78e-06 | 0.4s
epoch 7828 | loss 8.3227 | lr 1.76e-06 | 0.5s
epoch 7829 | loss 8.3505 | lr 1.74e-06 | 0.4s
epoch 7830 | loss 8.3583 | lr 1.72e-06 | 0.5s
epoch 7831 | loss 8.3992 | lr 1.70e-06 | 0.5s
epoch 7832 | loss 8.3632 | lr 1.68e-06 | 0.4s
epoch 7833 | loss 8.3504 | lr 1.66e-06 | 0.5s
epoch 7834 | loss 8.3581 | lr 1.64e-06 | 0.4s
epoch 7835 | loss 8.3040 | lr 1.62e-06 | 0.4s
epoch 7836 | loss 8.3624 | lr 1.60e-06 | 0.4s
epoch 7837 | loss 8.3125 | lr 1.58e-06 | 0.5s
epoch 7838 | loss 8.3801 | lr 1.56e-06 | 0.4s
epoch 7839 | loss 8.3792 | lr 1.54e-06 | 0.4s
epoch 7840 | loss 8.3640 | lr 1.52e-06 | 0.4s
epoch 7841 | loss 8.3836 | lr 1.50e-06 | 0.4s
epoch 7842 | loss 8.3499 | lr 1.48e-06 | 0.4s
epoch 7843 | loss 8.3682 | lr 1.46e-06 | 0.5s
epoch 7844 | loss 8.3600 | lr 1.44e-06 | 0.5s
epoch 7845 | loss 8.3484 | lr 1.43e-06 | 0.4s
epoch 7846 | loss 8.3709 | lr 1.41e-06 | 0.4s
epoch 7847 | loss 8.3393 | lr 1.39e-06 | 0.4s
epoch 7848 | loss 8.3906 | lr 1.37e-06 | 0.4s
epoch 7849 | loss 8.3562 | lr 1.35e-06 | 0.5s
epoch 7850 | loss 8.3334 | lr 1.33e-06 | 0.5s
epoch 7851 | loss 8.3335 | lr 1.32e-06 | 0.4s
epoch 7852 | loss 8.3305 | lr 1.30e-06 | 0.4s
epoch 7853 | loss 8.3631 | lr 1.28e-06 | 0.5s
epoch 7854 | loss 8.3639 | lr 1.26e-06 | 0.5s
epoch 7855 | loss 8.3340 | lr 1.25e-06 | 0.4s
epoch 7856 | loss 8.3433 | lr 1.23e-06 | 0.4s
epoch 7857 | loss 8.3520 | lr 1.21e-06 | 0.4s
epoch 7858 | loss 8.3186 | lr 1.20e-06 | 0.4s
epoch 7859 | loss 8.3179 | lr 1.18e-06 | 0.4s
epoch 7860 | loss 8.3611 | lr 1.16e-06 | 0.5s
epoch 7861 | loss 8.3820 | lr 1.15e-06 | 0.4s
epoch 7862 | loss 8.3415 | lr 1.13e-06 | 0.5s
epoch 7863 | loss 8.3420 | lr 1.11e-06 | 0.4s
epoch 7864 | loss 8.3532 | lr 1.10e-06 | 0.4s
epoch 7865 | loss 8.3875 | lr 1.08e-06 | 0.5s
epoch 7866 | loss 8.3423 | lr 1.06e-06 | 0.5s
epoch 7867 | loss 8.3383 | lr 1.05e-06 | 0.5s
epoch 7868 | loss 8.3679 | lr 1.03e-06 | 0.4s
epoch 7869 | loss 8.3068 | lr 1.02e-06 | 0.4s
epoch 7870 | loss 8.3592 | lr 1.00e-06 | 0.5s
epoch 7871 | loss 8.3709 | lr 9.85e-07 | 0.4s
epoch 7872 | loss 8.3796 | lr 9.70e-07 | 0.4s
epoch 7873 | loss 8.3539 | lr 9.55e-07 | 0.4s
epoch 7874 | loss 8.3464 | lr 9.40e-07 | 0.4s
epoch 7875 | loss 8.3631 | lr 9.25e-07 | 0.4s
epoch 7876 | loss 8.3957 | lr 9.10e-07 | 0.5s
epoch 7877 | loss 8.3634 | lr 8.95e-07 | 0.4s
epoch 7878 | loss 8.3532 | lr 8.80e-07 | 0.4s
epoch 7879 | loss 8.3578 | lr 8.66e-07 | 0.4s
epoch 7880 | loss 8.3659 | lr 8.52e-07 | 0.4s
epoch 7881 | loss 8.3651 | lr 8.37e-07 | 0.4s
epoch 7882 | loss 8.3519 | lr 8.23e-07 | 0.4s
epoch 7883 | loss 8.3950 | lr 8.09e-07 | 0.4s
epoch 7884 | loss 8.3545 | lr 7.95e-07 | 0.5s
epoch 7885 | loss 8.3428 | lr 7.81e-07 | 0.5s
epoch 7886 | loss 8.3936 | lr 7.68e-07 | 0.4s
epoch 7887 | loss 8.3633 | lr 7.54e-07 | 0.5s
epoch 7888 | loss 8.3404 | lr 7.41e-07 | 0.4s
epoch 7889 | loss 8.3455 | lr 7.28e-07 | 0.4s
epoch 7890 | loss 8.3902 | lr 7.14e-07 | 0.4s
epoch 7891 | loss 8.3809 | lr 7.01e-07 | 0.4s
epoch 7892 | loss 8.3609 | lr 6.88e-07 | 0.4s
epoch 7893 | loss 8.3164 | lr 6.76e-07 | 0.5s
epoch 7894 | loss 8.3130 | lr 6.63e-07 | 0.4s
epoch 7895 | loss 8.3033 | lr 6.50e-07 | 0.4s
epoch 7896 | loss 8.3231 | lr 6.38e-07 | 0.5s
epoch 7897 | loss 8.4079 | lr 6.26e-07 | 0.4s
epoch 7898 | loss 8.3811 | lr 6.13e-07 | 0.5s
epoch 7899 | loss 8.3051 | lr 6.01e-07 | 0.5s
epoch 7900 | loss 8.3919 | lr 5.89e-07 | 0.4s
epoch 7901 | loss 8.3374 | lr 5.78e-07 | 0.4s
epoch 7902 | loss 8.3635 | lr 5.66e-07 | 0.4s
epoch 7903 | loss 8.3411 | lr 5.54e-07 | 0.5s
epoch 7904 | loss 8.3921 | lr 5.43e-07 | 0.4s
epoch 7905 | loss 8.3127 | lr 5.31e-07 | 0.4s
epoch 7906 | loss 8.3372 | lr 5.20e-07 | 0.4s
epoch 7907 | loss 8.4516 | lr 5.09e-07 | 0.4s
epoch 7908 | loss 8.3608 | lr 4.98e-07 | 0.4s
epoch 7909 | loss 8.3571 | lr 4.87e-07 | 0.4s
epoch 7910 | loss 8.3502 | lr 4.76e-07 | 0.4s
epoch 7911 | loss 8.3826 | lr 4.66e-07 | 0.4s
epoch 7912 | loss 8.3887 | lr 4.55e-07 | 0.4s
epoch 7913 | loss 8.3223 | lr 4.45e-07 | 0.4s
epoch 7914 | loss 8.3009 | lr 4.34e-07 | 0.4s
epoch 7915 | loss 8.3110 | lr 4.24e-07 | 0.4s
epoch 7916 | loss 8.4132 | lr 4.14e-07 | 0.4s
epoch 7917 | loss 8.3379 | lr 4.04e-07 | 0.4s
epoch 7918 | loss 8.3639 | lr 3.95e-07 | 0.4s
epoch 7919 | loss 8.3630 | lr 3.85e-07 | 0.4s
epoch 7920 | loss 8.3636 | lr 3.75e-07 | 0.4s
epoch 7921 | loss 8.3520 | lr 3.66e-07 | 0.4s
epoch 7922 | loss 8.3969 | lr 3.57e-07 | 0.4s
epoch 7923 | loss 8.3298 | lr 3.47e-07 | 0.4s
epoch 7924 | loss 8.3901 | lr 3.38e-07 | 0.4s
epoch 7925 | loss 8.4086 | lr 3.29e-07 | 0.4s
epoch 7926 | loss 8.3726 | lr 3.20e-07 | 0.4s
epoch 7927 | loss 8.3493 | lr 3.12e-07 | 0.4s
epoch 7928 | loss 8.3726 | lr 3.03e-07 | 0.4s
epoch 7929 | loss 8.3661 | lr 2.95e-07 | 0.4s
epoch 7930 | loss 8.3358 | lr 2.86e-07 | 0.4s
epoch 7931 | loss 8.3607 | lr 2.78e-07 | 0.4s
epoch 7932 | loss 8.3725 | lr 2.70e-07 | 0.4s
epoch 7933 | loss 8.3774 | lr 2.62e-07 | 0.5s
epoch 7934 | loss 8.3164 | lr 2.54e-07 | 0.4s
epoch 7935 | loss 8.3520 | lr 2.46e-07 | 0.4s
epoch 7936 | loss 8.3475 | lr 2.39e-07 | 0.4s
epoch 7937 | loss 8.3834 | lr 2.31e-07 | 0.4s
epoch 7938 | loss 8.3155 | lr 2.24e-07 | 0.4s
epoch 7939 | loss 8.3777 | lr 2.17e-07 | 0.4s
epoch 7940 | loss 8.3046 | lr 2.09e-07 | 0.4s
epoch 7941 | loss 8.3183 | lr 2.02e-07 | 0.4s
epoch 7942 | loss 8.3377 | lr 1.95e-07 | 0.4s
epoch 7943 | loss 8.3863 | lr 1.89e-07 | 0.4s
epoch 7944 | loss 8.3780 | lr 1.82e-07 | 0.4s
epoch 7945 | loss 8.3375 | lr 1.75e-07 | 0.4s
epoch 7946 | loss 8.4031 | lr 1.69e-07 | 0.5s
epoch 7947 | loss 8.3402 | lr 1.63e-07 | 0.4s
epoch 7948 | loss 8.3589 | lr 1.56e-07 | 0.4s
epoch 7949 | loss 8.4167 | lr 1.50e-07 | 0.4s
epoch 7950 | loss 8.3256 | lr 1.44e-07 | 0.4s
epoch 7951 | loss 8.3462 | lr 1.39e-07 | 0.4s
epoch 7952 | loss 8.3592 | lr 1.33e-07 | 0.4s
epoch 7953 | loss 8.3283 | lr 1.27e-07 | 0.4s
epoch 7954 | loss 8.3928 | lr 1.22e-07 | 0.5s
epoch 7955 | loss 8.3873 | lr 1.16e-07 | 0.4s
epoch 7956 | loss 8.3247 | lr 1.11e-07 | 0.4s
epoch 7957 | loss 8.3771 | lr 1.06e-07 | 0.4s
epoch 7958 | loss 8.3629 | lr 1.01e-07 | 0.5s
epoch 7959 | loss 8.4065 | lr 9.62e-08 | 0.4s
epoch 7960 | loss 8.3171 | lr 9.15e-08 | 0.4s
epoch 7961 | loss 8.3658 | lr 8.68e-08 | 0.4s
epoch 7962 | loss 8.3978 | lr 8.23e-08 | 0.4s
epoch 7963 | loss 8.3492 | lr 7.79e-08 | 0.4s
epoch 7964 | loss 8.3755 | lr 7.37e-08 | 0.4s
epoch 7965 | loss 8.3646 | lr 6.95e-08 | 0.4s
epoch 7966 | loss 8.3237 | lr 6.55e-08 | 0.4s
epoch 7967 | loss 8.3938 | lr 6.16e-08 | 0.4s
epoch 7968 | loss 8.3815 | lr 5.78e-08 | 0.4s
epoch 7969 | loss 8.3183 | lr 5.41e-08 | 0.5s
epoch 7970 | loss 8.3213 | lr 5.06e-08 | 0.4s
epoch 7971 | loss 8.4059 | lr 4.72e-08 | 0.4s
epoch 7972 | loss 8.3469 | lr 4.38e-08 | 0.4s
epoch 7973 | loss 8.3177 | lr 4.07e-08 | 0.4s
epoch 7974 | loss 8.3444 | lr 3.76e-08 | 0.4s
epoch 7975 | loss 8.3493 | lr 3.46e-08 | 0.5s
epoch 7976 | loss 8.3427 | lr 3.18e-08 | 0.4s
epoch 7977 | loss 8.3516 | lr 2.91e-08 | 0.4s
epoch 7978 | loss 8.3843 | lr 2.65e-08 | 0.4s
epoch 7979 | loss 8.3497 | lr 2.41e-08 | 0.4s
epoch 7980 | loss 8.3739 | lr 2.17e-08 | 0.4s
epoch 7981 | loss 8.3332 | lr 1.95e-08 | 0.4s
epoch 7982 | loss 8.3675 | lr 1.74e-08 | 0.4s
epoch 7983 | loss 8.3968 | lr 1.54e-08 | 0.5s
epoch 7984 | loss 8.3450 | lr 1.35e-08 | 0.4s
epoch 7985 | loss 8.3839 | lr 1.18e-08 | 0.4s
epoch 7986 | loss 8.3612 | lr 1.02e-08 | 0.4s
epoch 7987 | loss 8.4103 | lr 8.66e-09 | 0.4s
epoch 7988 | loss 8.3643 | lr 7.28e-09 | 0.4s
epoch 7989 | loss 8.3404 | lr 6.01e-09 | 0.4s
epoch 7990 | loss 8.3438 | lr 4.87e-09 | 0.5s
epoch 7991 | loss 8.3078 | lr 3.85e-09 | 0.4s
epoch 7992 | loss 8.3362 | lr 2.95e-09 | 0.4s
epoch 7993 | loss 8.3352 | lr 2.17e-09 | 0.4s
epoch 7994 | loss 8.3538 | lr 1.50e-09 | 0.4s
epoch 7995 | loss 8.3684 | lr 9.62e-10 | 0.4s
epoch 7996 | loss 8.3702 | lr 5.41e-10 | 0.5s
epoch 7997 | loss 8.3860 | lr 2.41e-10 | 0.4s
epoch 7998 | loss 8.3509 | lr 6.01e-11 | 0.4s
epoch 7999 | loss 8.4109 | lr 0.00e+00 | 0.4s
final loss: 8.4109
